rpm_mech,T_ref_Nm,Id_ref_A,Iq_ref_A,Is_norm_A,status
0.000000,0.000000,0.000000,0.000000,0.000000,mtpa
0.000000,0.081633,-0.045113,0.000000,0.045113,mtpa
0.000000,0.163265,-0.075188,0.041735,0.085994,mtpa
0.000000,0.244898,-0.120301,0.030075,0.124003,mtpa
0.000000,0.326531,-0.165414,0.030075,0.168125,mtpa
0.000000,0.408163,-0.195489,0.060150,0.204533,mtpa
0.000000,0.489796,-0.240602,0.060150,0.248006,mtpa
0.000000,0.571429,-0.270677,0.090226,0.285318,mtpa
0.000000,0.653061,-0.315789,0.090226,0.328426,mtpa
0.000000,0.734694,-0.345865,0.120301,0.366189,mtpa
0.000000,0.816327,-0.390977,0.120301,0.409067,mtpa
0.000000,0.897959,-0.421053,0.150376,0.447100,mtpa
0.000000,0.979592,-0.466165,0.150376,0.489819,mtpa
0.000000,1.061224,-0.496241,0.180451,0.528032,mtpa
0.000000,1.142857,-0.541353,0.180451,0.570637,mtpa
0.000000,1.224490,-0.556391,0.255639,0.612309,mtpa
0.000000,1.306122,-0.616541,0.210526,0.651494,mtpa
0.000000,1.387755,-0.631579,0.285714,0.693199,mtpa
0.000000,1.469388,-0.691729,0.240602,0.732379,mtpa
0.000000,1.551020,-0.706767,0.315789,0.774108,mtpa
0.000000,1.632653,-0.766917,0.270677,0.813282,mtpa
0.000000,1.714286,-0.781955,0.345865,0.855030,mtpa
0.000000,1.795918,-0.842105,0.300752,0.894200,mtpa
0.000000,1.877551,-0.857143,0.375940,0.935962,mtpa
0.000000,1.959184,-0.917293,0.330827,0.975127,mtpa
0.000000,2.040816,-0.962406,0.330827,1.017680,mtpa
0.000000,2.122449,-0.992481,0.360902,1.056063,mtpa
0.000000,2.204082,-1.037594,0.360902,1.098568,mtpa
0.000000,2.285714,-1.052632,0.436090,1.139389,mtpa
0.000000,2.367347,-1.112782,0.390977,1.179469,mtpa
0.000000,2.448980,-1.127820,0.466165,1.220364,mtpa
0.000000,2.530612,-1.187970,0.421053,1.260380,mtpa
0.000000,2.612245,-1.203008,0.496241,1.301338,mtpa
0.000000,2.693878,-1.263158,0.451128,1.341299,mtpa
0.000000,2.775510,-1.278195,0.526316,1.382314,mtpa
0.000000,2.857143,-1.338346,0.481203,1.422226,mtpa
0.000000,2.938776,-1.353383,0.556391,1.463290,mtpa
0.000000,3.020408,-1.413534,0.511278,1.503158,mtpa
0.000000,3.102041,-1.428571,0.586466,1.544266,mtpa
0.000000,3.183673,-1.488722,0.541353,1.584095,mtpa
0.000000,3.265306,-1.548872,0.496241,1.626425,mtpa
0.000000,3.346939,-1.548872,0.616541,1.667072,mtpa
0.000000,3.428571,-1.624060,0.526316,1.707214,mtpa
0.000000,3.510204,-1.624060,0.646617,1.748052,mtpa
0.000000,3.591837,-1.684211,0.601504,1.788399,mtpa
0.000000,3.673469,-1.699248,0.676692,1.829031,mtpa
0.000000,3.755102,-1.759398,0.631579,1.869325,mtpa
0.000000,3.836735,-1.774436,0.706767,1.910011,mtpa
0.000000,3.918367,-1.834586,0.661654,1.950255,mtpa
0.000000,4.000000,-1.849624,0.736842,1.990991,mtpa
101.694915,0.000000,0.000000,0.000000,0.000000,mtpa
101.694915,0.081633,-0.045113,0.000000,0.045113,mtpa
101.694915,0.163265,-0.075188,0.041735,0.085994,mtpa
101.694915,0.244898,-0.120301,0.030075,0.124003,mtpa
101.694915,0.326531,-0.165414,0.030075,0.168125,mtpa
101.694915,0.408163,-0.195489,0.060150,0.204533,mtpa
101.694915,0.489796,-0.240602,0.060150,0.248006,mtpa
101.694915,0.571429,-0.270677,0.090226,0.285318,mtpa
101.694915,0.653061,-0.315789,0.090226,0.328426,mtpa
101.694915,0.734694,-0.345865,0.120301,0.366189,mtpa
101.694915,0.816327,-0.390977,0.120301,0.409067,mtpa
101.694915,0.897959,-0.421053,0.150376,0.447100,mtpa
101.694915,0.979592,-0.466165,0.150376,0.489819,mtpa
101.694915,1.061224,-0.496241,0.180451,0.528032,mtpa
101.694915,1.142857,-0.541353,0.180451,0.570637,mtpa
101.694915,1.224490,-0.556391,0.255639,0.612309,mtpa
101.694915,1.306122,-0.616541,0.210526,0.651494,mtpa
101.694915,1.387755,-0.631579,0.285714,0.693199,mtpa
101.694915,1.469388,-0.691729,0.240602,0.732379,mtpa
101.694915,1.551020,-0.706767,0.315789,0.774108,mtpa
101.694915,1.632653,-0.766917,0.270677,0.813282,mtpa
101.694915,1.714286,-0.781955,0.345865,0.855030,mtpa
101.694915,1.795918,-0.842105,0.300752,0.894200,mtpa
101.694915,1.877551,-0.857143,0.375940,0.935962,mtpa
101.694915,1.959184,-0.917293,0.330827,0.975127,mtpa
101.694915,2.040816,-0.962406,0.330827,1.017680,mtpa
101.694915,2.122449,-0.992481,0.360902,1.056063,mtpa
101.694915,2.204082,-1.037594,0.360902,1.098568,mtpa
101.694915,2.285714,-1.052632,0.436090,1.139389,mtpa
101.694915,2.367347,-1.112782,0.390977,1.179469,mtpa
101.694915,2.448980,-1.127820,0.466165,1.220364,mtpa
101.694915,2.530612,-1.187970,0.421053,1.260380,mtpa
101.694915,2.612245,-1.203008,0.496241,1.301338,mtpa
101.694915,2.693878,-1.263158,0.451128,1.341299,mtpa
101.694915,2.775510,-1.278195,0.526316,1.382314,mtpa
101.694915,2.857143,-1.338346,0.481203,1.422226,mtpa
101.694915,2.938776,-1.353383,0.556391,1.463290,mtpa
101.694915,3.020408,-1.413534,0.511278,1.503158,mtpa
101.694915,3.102041,-1.428571,0.586466,1.544266,mtpa
101.694915,3.183673,-1.488722,0.541353,1.584095,mtpa
101.694915,3.265306,-1.548872,0.496241,1.626425,mtpa
101.694915,3.346939,-1.548872,0.616541,1.667072,mtpa
101.694915,3.428571,-1.624060,0.526316,1.707214,mtpa
101.694915,3.510204,-1.624060,0.646617,1.748052,mtpa
101.694915,3.591837,-1.684211,0.601504,1.788399,mtpa
101.694915,3.673469,-1.699248,0.676692,1.829031,mtpa
101.694915,3.755102,-1.759398,0.631579,1.869325,mtpa
101.694915,3.836735,-1.774436,0.706767,1.910011,mtpa
101.694915,3.918367,-1.834586,0.661654,1.950255,mtpa
101.694915,4.000000,-1.849624,0.736842,1.990991,mtpa
203.389831,0.000000,0.000000,0.000000,0.000000,mtpa
203.389831,0.081633,-0.045113,0.000000,0.045113,mtpa
203.389831,0.163265,-0.075188,0.041735,0.085994,mtpa
203.389831,0.244898,-0.120301,0.030075,0.124003,mtpa
203.389831,0.326531,-0.165414,0.030075,0.168125,mtpa
203.389831,0.408163,-0.195489,0.060150,0.204533,mtpa
203.389831,0.489796,-0.240602,0.060150,0.248006,mtpa
203.389831,0.571429,-0.270677,0.090226,0.285318,mtpa
203.389831,0.653061,-0.315789,0.090226,0.328426,mtpa
203.389831,0.734694,-0.345865,0.120301,0.366189,mtpa
203.389831,0.816327,-0.390977,0.120301,0.409067,mtpa
203.389831,0.897959,-0.421053,0.150376,0.447100,mtpa
203.389831,0.979592,-0.466165,0.150376,0.489819,mtpa
203.389831,1.061224,-0.496241,0.180451,0.528032,mtpa
203.389831,1.142857,-0.541353,0.180451,0.570637,mtpa
203.389831,1.224490,-0.556391,0.255639,0.612309,mtpa
203.389831,1.306122,-0.616541,0.210526,0.651494,mtpa
203.389831,1.387755,-0.631579,0.285714,0.693199,mtpa
203.389831,1.469388,-0.691729,0.240602,0.732379,mtpa
203.389831,1.551020,-0.706767,0.315789,0.774108,mtpa
203.389831,1.632653,-0.766917,0.270677,0.813282,mtpa
203.389831,1.714286,-0.781955,0.345865,0.855030,mtpa
203.389831,1.795918,-0.842105,0.300752,0.894200,mtpa
203.389831,1.877551,-0.857143,0.375940,0.935962,mtpa
203.389831,1.959184,-0.917293,0.330827,0.975127,mtpa
203.389831,2.040816,-0.962406,0.330827,1.017680,mtpa
203.389831,2.122449,-0.992481,0.360902,1.056063,mtpa
203.389831,2.204082,-1.037594,0.360902,1.098568,mtpa
203.389831,2.285714,-1.052632,0.436090,1.139389,mtpa
203.389831,2.367347,-1.112782,0.390977,1.179469,mtpa
203.389831,2.448980,-1.127820,0.466165,1.220364,mtpa
203.389831,2.530612,-1.187970,0.421053,1.260380,mtpa
203.389831,2.612245,-1.203008,0.496241,1.301338,mtpa
203.389831,2.693878,-1.263158,0.451128,1.341299,mtpa
203.389831,2.775510,-1.278195,0.526316,1.382314,mtpa
203.389831,2.857143,-1.338346,0.481203,1.422226,mtpa
203.389831,2.938776,-1.353383,0.556391,1.463290,mtpa
203.389831,3.020408,-1.413534,0.511278,1.503158,mtpa
203.389831,3.102041,-1.428571,0.586466,1.544266,mtpa
203.389831,3.183673,-1.488722,0.541353,1.584095,mtpa
203.389831,3.265306,-1.548872,0.496241,1.626425,mtpa
203.389831,3.346939,-1.548872,0.616541,1.667072,mtpa
203.389831,3.428571,-1.624060,0.526316,1.707214,mtpa
203.389831,3.510204,-1.624060,0.646617,1.748052,mtpa
203.389831,3.591837,-1.684211,0.601504,1.788399,mtpa
203.389831,3.673469,-1.699248,0.676692,1.829031,mtpa
203.389831,3.755102,-1.759398,0.631579,1.869325,mtpa
203.389831,3.836735,-1.774436,0.706767,1.910011,mtpa
203.389831,3.918367,-1.834586,0.661654,1.950255,mtpa
203.389831,4.000000,-1.849624,0.736842,1.990991,mtpa
305.084746,0.000000,0.000000,0.000000,0.000000,mtpa
305.084746,0.081633,-0.045113,0.000000,0.045113,mtpa
305.084746,0.163265,-0.075188,0.041735,0.085994,mtpa
305.084746,0.244898,-0.120301,0.030075,0.124003,mtpa
305.084746,0.326531,-0.165414,0.030075,0.168125,mtpa
305.084746,0.408163,-0.195489,0.060150,0.204533,mtpa
305.084746,0.489796,-0.240602,0.060150,0.248006,mtpa
305.084746,0.571429,-0.270677,0.090226,0.285318,mtpa
305.084746,0.653061,-0.315789,0.090226,0.328426,mtpa
305.084746,0.734694,-0.345865,0.120301,0.366189,mtpa
305.084746,0.816327,-0.390977,0.120301,0.409067,mtpa
305.084746,0.897959,-0.421053,0.150376,0.447100,mtpa
305.084746,0.979592,-0.466165,0.150376,0.489819,mtpa
305.084746,1.061224,-0.496241,0.180451,0.528032,mtpa
305.084746,1.142857,-0.541353,0.180451,0.570637,mtpa
305.084746,1.224490,-0.556391,0.255639,0.612309,mtpa
305.084746,1.306122,-0.616541,0.210526,0.651494,mtpa
305.084746,1.387755,-0.631579,0.285714,0.693199,mtpa
305.084746,1.469388,-0.691729,0.240602,0.732379,mtpa
305.084746,1.551020,-0.706767,0.315789,0.774108,mtpa
305.084746,1.632653,-0.766917,0.270677,0.813282,mtpa
305.084746,1.714286,-0.781955,0.345865,0.855030,mtpa
305.084746,1.795918,-0.842105,0.300752,0.894200,mtpa
305.084746,1.877551,-0.857143,0.375940,0.935962,mtpa
305.084746,1.959184,-0.917293,0.330827,0.975127,mtpa
305.084746,2.040816,-0.962406,0.330827,1.017680,mtpa
305.084746,2.122449,-0.992481,0.360902,1.056063,mtpa
305.084746,2.204082,-1.037594,0.360902,1.098568,mtpa
305.084746,2.285714,-1.052632,0.436090,1.139389,mtpa
305.084746,2.367347,-1.112782,0.390977,1.179469,mtpa
305.084746,2.448980,-1.127820,0.466165,1.220364,mtpa
305.084746,2.530612,-1.187970,0.421053,1.260380,mtpa
305.084746,2.612245,-1.203008,0.496241,1.301338,mtpa
305.084746,2.693878,-1.263158,0.451128,1.341299,mtpa
305.084746,2.775510,-1.278195,0.526316,1.382314,mtpa
305.084746,2.857143,-1.338346,0.481203,1.422226,mtpa
305.084746,2.938776,-1.353383,0.556391,1.463290,mtpa
305.084746,3.020408,-1.413534,0.511278,1.503158,mtpa
305.084746,3.102041,-1.428571,0.586466,1.544266,mtpa
305.084746,3.183673,-1.488722,0.541353,1.584095,mtpa
305.084746,3.265306,-1.548872,0.496241,1.626425,mtpa
305.084746,3.346939,-1.548872,0.616541,1.667072,mtpa
305.084746,3.428571,-1.624060,0.526316,1.707214,mtpa
305.084746,3.510204,-1.624060,0.646617,1.748052,mtpa
305.084746,3.591837,-1.684211,0.601504,1.788399,mtpa
305.084746,3.673469,-1.699248,0.676692,1.829031,mtpa
305.084746,3.755102,-1.759398,0.631579,1.869325,mtpa
305.084746,3.836735,-1.774436,0.706767,1.910011,mtpa
305.084746,3.918367,-1.834586,0.661654,1.950255,mtpa
305.084746,4.000000,-1.849624,0.736842,1.990991,mtpa
406.779661,0.000000,0.000000,0.000000,0.000000,mtpa
406.779661,0.081633,-0.045113,0.000000,0.045113,mtpa
406.779661,0.163265,-0.075188,0.041735,0.085994,mtpa
406.779661,0.244898,-0.120301,0.030075,0.124003,mtpa
406.779661,0.326531,-0.165414,0.030075,0.168125,mtpa
406.779661,0.408163,-0.195489,0.060150,0.204533,mtpa
406.779661,0.489796,-0.240602,0.060150,0.248006,mtpa
406.779661,0.571429,-0.270677,0.090226,0.285318,mtpa
406.779661,0.653061,-0.315789,0.090226,0.328426,mtpa
406.779661,0.734694,-0.345865,0.120301,0.366189,mtpa
406.779661,0.816327,-0.390977,0.120301,0.409067,mtpa
406.779661,0.897959,-0.421053,0.150376,0.447100,mtpa
406.779661,0.979592,-0.466165,0.150376,0.489819,mtpa
406.779661,1.061224,-0.496241,0.180451,0.528032,mtpa
406.779661,1.142857,-0.541353,0.180451,0.570637,mtpa
406.779661,1.224490,-0.556391,0.255639,0.612309,mtpa
406.779661,1.306122,-0.616541,0.210526,0.651494,mtpa
406.779661,1.387755,-0.631579,0.285714,0.693199,mtpa
406.779661,1.469388,-0.691729,0.240602,0.732379,mtpa
406.779661,1.551020,-0.706767,0.315789,0.774108,mtpa
406.779661,1.632653,-0.766917,0.270677,0.813282,mtpa
406.779661,1.714286,-0.781955,0.345865,0.855030,mtpa
406.779661,1.795918,-0.842105,0.300752,0.894200,mtpa
406.779661,1.877551,-0.857143,0.375940,0.935962,mtpa
406.779661,1.959184,-0.917293,0.330827,0.975127,mtpa
406.779661,2.040816,-0.962406,0.330827,1.017680,mtpa
406.779661,2.122449,-0.992481,0.360902,1.056063,mtpa
406.779661,2.204082,-1.037594,0.360902,1.098568,mtpa
406.779661,2.285714,-1.052632,0.436090,1.139389,mtpa
406.779661,2.367347,-1.112782,0.390977,1.179469,mtpa
406.779661,2.448980,-1.127820,0.466165,1.220364,mtpa
406.779661,2.530612,-1.187970,0.421053,1.260380,mtpa
406.779661,2.612245,-1.203008,0.496241,1.301338,mtpa
406.779661,2.693878,-1.263158,0.451128,1.341299,mtpa
406.779661,2.775510,-1.278195,0.526316,1.382314,mtpa
406.779661,2.857143,-1.338346,0.481203,1.422226,mtpa
406.779661,2.938776,-1.353383,0.556391,1.463290,mtpa
406.779661,3.020408,-1.413534,0.511278,1.503158,mtpa
406.779661,3.102041,-1.428571,0.586466,1.544266,mtpa
406.779661,3.183673,-1.488722,0.541353,1.584095,mtpa
406.779661,3.265306,-1.548872,0.496241,1.626425,mtpa
406.779661,3.346939,-1.548872,0.616541,1.667072,mtpa
406.779661,3.428571,-1.624060,0.526316,1.707214,mtpa
406.779661,3.510204,-1.624060,0.646617,1.748052,mtpa
406.779661,3.591837,-1.684211,0.601504,1.788399,mtpa
406.779661,3.673469,-1.699248,0.676692,1.829031,mtpa
406.779661,3.755102,-1.759398,0.631579,1.869325,mtpa
406.779661,3.836735,-1.774436,0.706767,1.910011,mtpa
406.779661,3.918367,-1.834586,0.661654,1.950255,mtpa
406.779661,4.000000,-1.849624,0.736842,1.990991,mtpa
508.474576,0.000000,0.000000,0.000000,0.000000,mtpa
508.474576,0.081633,-0.045113,0.000000,0.045113,mtpa
508.474576,0.163265,-0.075188,0.041735,0.085994,mtpa
508.474576,0.244898,-0.120301,0.030075,0.124003,mtpa
508.474576,0.326531,-0.165414,0.030075,0.168125,mtpa
508.474576,0.408163,-0.195489,0.060150,0.204533,mtpa
508.474576,0.489796,-0.240602,0.060150,0.248006,mtpa
508.474576,0.571429,-0.270677,0.090226,0.285318,mtpa
508.474576,0.653061,-0.315789,0.090226,0.328426,mtpa
508.474576,0.734694,-0.345865,0.120301,0.366189,mtpa
508.474576,0.816327,-0.390977,0.120301,0.409067,mtpa
508.474576,0.897959,-0.421053,0.150376,0.447100,mtpa
508.474576,0.979592,-0.466165,0.150376,0.489819,mtpa
508.474576,1.061224,-0.496241,0.180451,0.528032,mtpa
508.474576,1.142857,-0.541353,0.180451,0.570637,mtpa
508.474576,1.224490,-0.556391,0.255639,0.612309,mtpa
508.474576,1.306122,-0.616541,0.210526,0.651494,mtpa
508.474576,1.387755,-0.631579,0.285714,0.693199,mtpa
508.474576,1.469388,-0.691729,0.240602,0.732379,mtpa
508.474576,1.551020,-0.706767,0.315789,0.774108,mtpa
508.474576,1.632653,-0.766917,0.270677,0.813282,mtpa
508.474576,1.714286,-0.781955,0.345865,0.855030,mtpa
508.474576,1.795918,-0.842105,0.300752,0.894200,mtpa
508.474576,1.877551,-0.857143,0.375940,0.935962,mtpa
508.474576,1.959184,-0.917293,0.330827,0.975127,mtpa
508.474576,2.040816,-0.962406,0.330827,1.017680,mtpa
508.474576,2.122449,-0.992481,0.360902,1.056063,mtpa
508.474576,2.204082,-1.037594,0.360902,1.098568,mtpa
508.474576,2.285714,-1.052632,0.436090,1.139389,mtpa
508.474576,2.367347,-1.112782,0.390977,1.179469,mtpa
508.474576,2.448980,-1.127820,0.466165,1.220364,mtpa
508.474576,2.530612,-1.187970,0.421053,1.260380,mtpa
508.474576,2.612245,-1.203008,0.496241,1.301338,mtpa
508.474576,2.693878,-1.263158,0.451128,1.341299,mtpa
508.474576,2.775510,-1.278195,0.526316,1.382314,mtpa
508.474576,2.857143,-1.338346,0.481203,1.422226,mtpa
508.474576,2.938776,-1.353383,0.556391,1.463290,mtpa
508.474576,3.020408,-1.413534,0.511278,1.503158,mtpa
508.474576,3.102041,-1.428571,0.586466,1.544266,mtpa
508.474576,3.183673,-1.488722,0.541353,1.584095,mtpa
508.474576,3.265306,-1.548872,0.496241,1.626425,mtpa
508.474576,3.346939,-1.548872,0.616541,1.667072,mtpa
508.474576,3.428571,-1.624060,0.526316,1.707214,mtpa
508.474576,3.510204,-1.624060,0.646617,1.748052,mtpa
508.474576,3.591837,-1.684211,0.601504,1.788399,mtpa
508.474576,3.673469,-1.699248,0.676692,1.829031,mtpa
508.474576,3.755102,-1.759398,0.631579,1.869325,mtpa
508.474576,3.836735,-1.774436,0.706767,1.910011,mtpa
508.474576,3.918367,-1.834586,0.661654,1.950255,mtpa
508.474576,4.000000,-1.849624,0.736842,1.990991,mtpa
610.169492,0.000000,0.000000,0.000000,0.000000,mtpa
610.169492,0.081633,-0.045113,0.000000,0.045113,mtpa
610.169492,0.163265,-0.075188,0.041735,0.085994,mtpa
610.169492,0.244898,-0.120301,0.030075,0.124003,mtpa
610.169492,0.326531,-0.165414,0.030075,0.168125,mtpa
610.169492,0.408163,-0.195489,0.060150,0.204533,mtpa
610.169492,0.489796,-0.240602,0.060150,0.248006,mtpa
610.169492,0.571429,-0.270677,0.090226,0.285318,mtpa
610.169492,0.653061,-0.315789,0.090226,0.328426,mtpa
610.169492,0.734694,-0.345865,0.120301,0.366189,mtpa
610.169492,0.816327,-0.390977,0.120301,0.409067,mtpa
610.169492,0.897959,-0.421053,0.150376,0.447100,mtpa
610.169492,0.979592,-0.466165,0.150376,0.489819,mtpa
610.169492,1.061224,-0.496241,0.180451,0.528032,mtpa
610.169492,1.142857,-0.541353,0.180451,0.570637,mtpa
610.169492,1.224490,-0.556391,0.255639,0.612309,mtpa
610.169492,1.306122,-0.616541,0.210526,0.651494,mtpa
610.169492,1.387755,-0.631579,0.285714,0.693199,mtpa
610.169492,1.469388,-0.691729,0.240602,0.732379,mtpa
610.169492,1.551020,-0.706767,0.315789,0.774108,mtpa
610.169492,1.632653,-0.766917,0.270677,0.813282,mtpa
610.169492,1.714286,-0.781955,0.345865,0.855030,mtpa
610.169492,1.795918,-0.842105,0.300752,0.894200,mtpa
610.169492,1.877551,-0.857143,0.375940,0.935962,mtpa
610.169492,1.959184,-0.917293,0.330827,0.975127,mtpa
610.169492,2.040816,-0.962406,0.330827,1.017680,mtpa
610.169492,2.122449,-0.992481,0.360902,1.056063,mtpa
610.169492,2.204082,-1.037594,0.360902,1.098568,mtpa
610.169492,2.285714,-1.052632,0.436090,1.139389,mtpa
610.169492,2.367347,-1.112782,0.390977,1.179469,mtpa
610.169492,2.448980,-1.127820,0.466165,1.220364,mtpa
610.169492,2.530612,-1.187970,0.421053,1.260380,mtpa
610.169492,2.612245,-1.203008,0.496241,1.301338,mtpa
610.169492,2.693878,-1.263158,0.451128,1.341299,mtpa
610.169492,2.775510,-1.278195,0.526316,1.382314,mtpa
610.169492,2.857143,-1.338346,0.481203,1.422226,mtpa
610.169492,2.938776,-1.353383,0.556391,1.463290,mtpa
610.169492,3.020408,-1.413534,0.511278,1.503158,mtpa
610.169492,3.102041,-1.428571,0.586466,1.544266,mtpa
610.169492,3.183673,-1.488722,0.541353,1.584095,mtpa
610.169492,3.265306,-1.548872,0.496241,1.626425,mtpa
610.169492,3.346939,-1.548872,0.616541,1.667072,mtpa
610.169492,3.428571,-1.624060,0.526316,1.707214,mtpa
610.169492,3.510204,-1.624060,0.646617,1.748052,mtpa
610.169492,3.591837,-1.684211,0.601504,1.788399,mtpa
610.169492,3.673469,-1.699248,0.676692,1.829031,mtpa
610.169492,3.755102,-1.759398,0.631579,1.869325,mtpa
610.169492,3.836735,-1.774436,0.706767,1.910011,mtpa
610.169492,3.918367,-1.834586,0.661654,1.950255,mtpa
610.169492,4.000000,-1.849624,0.736842,1.990991,mtpa
711.864407,0.000000,0.000000,0.000000,0.000000,mtpa
711.864407,0.081633,-0.045113,0.000000,0.045113,mtpa
711.864407,0.163265,-0.075188,0.041735,0.085994,mtpa
711.864407,0.244898,-0.120301,0.030075,0.124003,mtpa
711.864407,0.326531,-0.165414,0.030075,0.168125,mtpa
711.864407,0.408163,-0.195489,0.060150,0.204533,mtpa
711.864407,0.489796,-0.240602,0.060150,0.248006,mtpa
711.864407,0.571429,-0.270677,0.090226,0.285318,mtpa
711.864407,0.653061,-0.315789,0.090226,0.328426,mtpa
711.864407,0.734694,-0.345865,0.120301,0.366189,mtpa
711.864407,0.816327,-0.390977,0.120301,0.409067,mtpa
711.864407,0.897959,-0.421053,0.150376,0.447100,mtpa
711.864407,0.979592,-0.466165,0.150376,0.489819,mtpa
711.864407,1.061224,-0.496241,0.180451,0.528032,mtpa
711.864407,1.142857,-0.541353,0.180451,0.570637,mtpa
711.864407,1.224490,-0.556391,0.255639,0.612309,mtpa
711.864407,1.306122,-0.616541,0.210526,0.651494,mtpa
711.864407,1.387755,-0.631579,0.285714,0.693199,mtpa
711.864407,1.469388,-0.691729,0.240602,0.732379,mtpa
711.864407,1.551020,-0.706767,0.315789,0.774108,mtpa
711.864407,1.632653,-0.766917,0.270677,0.813282,mtpa
711.864407,1.714286,-0.781955,0.345865,0.855030,mtpa
711.864407,1.795918,-0.842105,0.300752,0.894200,mtpa
711.864407,1.877551,-0.857143,0.375940,0.935962,mtpa
711.864407,1.959184,-0.917293,0.330827,0.975127,mtpa
711.864407,2.040816,-0.962406,0.330827,1.017680,mtpa
711.864407,2.122449,-0.992481,0.360902,1.056063,mtpa
711.864407,2.204082,-1.037594,0.360902,1.098568,mtpa
711.864407,2.285714,-1.052632,0.436090,1.139389,mtpa
711.864407,2.367347,-1.112782,0.390977,1.179469,mtpa
711.864407,2.448980,-1.127820,0.466165,1.220364,mtpa
711.864407,2.530612,-1.187970,0.421053,1.260380,mtpa
711.864407,2.612245,-1.203008,0.496241,1.301338,mtpa
711.864407,2.693878,-1.263158,0.451128,1.341299,mtpa
711.864407,2.775510,-1.278195,0.526316,1.382314,mtpa
711.864407,2.857143,-1.338346,0.481203,1.422226,mtpa
711.864407,2.938776,-1.353383,0.556391,1.463290,mtpa
711.864407,3.020408,-1.413534,0.511278,1.503158,mtpa
711.864407,3.102041,-1.428571,0.586466,1.544266,mtpa
711.864407,3.183673,-1.488722,0.541353,1.584095,mtpa
711.864407,3.265306,-1.548872,0.496241,1.626425,mtpa
711.864407,3.346939,-1.548872,0.616541,1.667072,mtpa
711.864407,3.428571,-1.624060,0.526316,1.707214,mtpa
711.864407,3.510204,-1.624060,0.646617,1.748052,mtpa
711.864407,3.591837,-1.684211,0.601504,1.788399,mtpa
711.864407,3.673469,-1.699248,0.676692,1.829031,mtpa
711.864407,3.755102,-1.759398,0.631579,1.869325,mtpa
711.864407,3.836735,-1.774436,0.706767,1.910011,mtpa
711.864407,3.918367,-1.834586,0.661654,1.950255,mtpa
711.864407,4.000000,-1.849624,0.736842,1.990991,mtpa
813.559322,0.000000,0.000000,0.000000,0.000000,mtpa
813.559322,0.081633,-0.045113,0.000000,0.045113,mtpa
813.559322,0.163265,-0.075188,0.041735,0.085994,mtpa
813.559322,0.244898,-0.120301,0.030075,0.124003,mtpa
813.559322,0.326531,-0.165414,0.030075,0.168125,mtpa
813.559322,0.408163,-0.195489,0.060150,0.204533,mtpa
813.559322,0.489796,-0.240602,0.060150,0.248006,mtpa
813.559322,0.571429,-0.270677,0.090226,0.285318,mtpa
813.559322,0.653061,-0.315789,0.090226,0.328426,mtpa
813.559322,0.734694,-0.345865,0.120301,0.366189,mtpa
813.559322,0.816327,-0.390977,0.120301,0.409067,mtpa
813.559322,0.897959,-0.421053,0.150376,0.447100,mtpa
813.559322,0.979592,-0.466165,0.150376,0.489819,mtpa
813.559322,1.061224,-0.496241,0.180451,0.528032,mtpa
813.559322,1.142857,-0.541353,0.180451,0.570637,mtpa
813.559322,1.224490,-0.556391,0.255639,0.612309,mtpa
813.559322,1.306122,-0.616541,0.210526,0.651494,mtpa
813.559322,1.387755,-0.631579,0.285714,0.693199,mtpa
813.559322,1.469388,-0.691729,0.240602,0.732379,mtpa
813.559322,1.551020,-0.706767,0.315789,0.774108,mtpa
813.559322,1.632653,-0.766917,0.270677,0.813282,mtpa
813.559322,1.714286,-0.781955,0.345865,0.855030,mtpa
813.559322,1.795918,-0.842105,0.300752,0.894200,mtpa
813.559322,1.877551,-0.857143,0.375940,0.935962,mtpa
813.559322,1.959184,-0.917293,0.330827,0.975127,mtpa
813.559322,2.040816,-0.962406,0.330827,1.017680,mtpa
813.559322,2.122449,-0.992481,0.360902,1.056063,mtpa
813.559322,2.204082,-1.037594,0.360902,1.098568,mtpa
813.559322,2.285714,-1.052632,0.436090,1.139389,mtpa
813.559322,2.367347,-1.112782,0.390977,1.179469,mtpa
813.559322,2.448980,-1.127820,0.466165,1.220364,mtpa
813.559322,2.530612,-1.187970,0.421053,1.260380,mtpa
813.559322,2.612245,-1.203008,0.496241,1.301338,mtpa
813.559322,2.693878,-1.263158,0.451128,1.341299,mtpa
813.559322,2.775510,-1.278195,0.526316,1.382314,mtpa
813.559322,2.857143,-1.338346,0.481203,1.422226,mtpa
813.559322,2.938776,-1.353383,0.556391,1.463290,mtpa
813.559322,3.020408,-1.413534,0.511278,1.503158,mtpa
813.559322,3.102041,-1.428571,0.586466,1.544266,mtpa
813.559322,3.183673,-1.488722,0.541353,1.584095,mtpa
813.559322,3.265306,-1.548872,0.496241,1.626425,mtpa
813.559322,3.346939,-1.548872,0.616541,1.667072,mtpa
813.559322,3.428571,-1.624060,0.526316,1.707214,mtpa
813.559322,3.510204,-1.624060,0.646617,1.748052,mtpa
813.559322,3.591837,-1.684211,0.601504,1.788399,mtpa
813.559322,3.673469,-1.699248,0.676692,1.829031,mtpa
813.559322,3.755102,-1.759398,0.631579,1.869325,mtpa
813.559322,3.836735,-1.774436,0.706767,1.910011,mtpa
813.559322,3.918367,-1.834586,0.661654,1.950255,mtpa
813.559322,4.000000,-1.849624,0.736842,1.990991,mtpa
915.254237,0.000000,0.000000,0.000000,0.000000,mtpa
915.254237,0.081633,-0.045113,0.000000,0.045113,mtpa
915.254237,0.163265,-0.075188,0.041735,0.085994,mtpa
915.254237,0.244898,-0.120301,0.030075,0.124003,mtpa
915.254237,0.326531,-0.165414,0.030075,0.168125,mtpa
915.254237,0.408163,-0.195489,0.060150,0.204533,mtpa
915.254237,0.489796,-0.240602,0.060150,0.248006,mtpa
915.254237,0.571429,-0.270677,0.090226,0.285318,mtpa
915.254237,0.653061,-0.315789,0.090226,0.328426,mtpa
915.254237,0.734694,-0.345865,0.120301,0.366189,mtpa
915.254237,0.816327,-0.390977,0.120301,0.409067,mtpa
915.254237,0.897959,-0.421053,0.150376,0.447100,mtpa
915.254237,0.979592,-0.466165,0.150376,0.489819,mtpa
915.254237,1.061224,-0.496241,0.180451,0.528032,mtpa
915.254237,1.142857,-0.541353,0.180451,0.570637,mtpa
915.254237,1.224490,-0.556391,0.255639,0.612309,mtpa
915.254237,1.306122,-0.616541,0.210526,0.651494,mtpa
915.254237,1.387755,-0.631579,0.285714,0.693199,mtpa
915.254237,1.469388,-0.691729,0.240602,0.732379,mtpa
915.254237,1.551020,-0.706767,0.315789,0.774108,mtpa
915.254237,1.632653,-0.766917,0.270677,0.813282,mtpa
915.254237,1.714286,-0.781955,0.345865,0.855030,mtpa
915.254237,1.795918,-0.842105,0.300752,0.894200,mtpa
915.254237,1.877551,-0.857143,0.375940,0.935962,mtpa
915.254237,1.959184,-0.917293,0.330827,0.975127,mtpa
915.254237,2.040816,-0.962406,0.330827,1.017680,mtpa
915.254237,2.122449,-0.992481,0.360902,1.056063,mtpa
915.254237,2.204082,-1.037594,0.360902,1.098568,mtpa
915.254237,2.285714,-1.052632,0.436090,1.139389,mtpa
915.254237,2.367347,-1.112782,0.390977,1.179469,mtpa
915.254237,2.448980,-1.127820,0.466165,1.220364,mtpa
915.254237,2.530612,-1.187970,0.421053,1.260380,mtpa
915.254237,2.612245,-1.203008,0.496241,1.301338,mtpa
915.254237,2.693878,-1.263158,0.451128,1.341299,mtpa
915.254237,2.775510,-1.278195,0.526316,1.382314,mtpa
915.254237,2.857143,-1.338346,0.481203,1.422226,mtpa
915.254237,2.938776,-1.353383,0.556391,1.463290,mtpa
915.254237,3.020408,-1.413534,0.511278,1.503158,mtpa
915.254237,3.102041,-1.428571,0.586466,1.544266,mtpa
915.254237,3.183673,-1.488722,0.541353,1.584095,mtpa
915.254237,3.265306,-1.548872,0.496241,1.626425,mtpa
915.254237,3.346939,-1.548872,0.616541,1.667072,mtpa
915.254237,3.428571,-1.624060,0.526316,1.707214,mtpa
915.254237,3.510204,-1.624060,0.646617,1.748052,mtpa
915.254237,3.591837,-1.684211,0.601504,1.788399,mtpa
915.254237,3.673469,-1.699248,0.676692,1.829031,mtpa
915.254237,3.755102,-1.759398,0.631579,1.869325,mtpa
915.254237,3.836735,-1.774436,0.706767,1.910011,mtpa
915.254237,3.918367,-1.834586,0.661654,1.950255,mtpa
915.254237,4.000000,-1.849624,0.736842,1.990991,mtpa
1016.949153,0.000000,0.000000,0.000000,0.000000,mtpa
1016.949153,0.081633,-0.045113,0.000000,0.045113,mtpa
1016.949153,0.163265,-0.075188,0.041735,0.085994,mtpa
1016.949153,0.244898,-0.120301,0.030075,0.124003,mtpa
1016.949153,0.326531,-0.165414,0.030075,0.168125,mtpa
1016.949153,0.408163,-0.195489,0.060150,0.204533,mtpa
1016.949153,0.489796,-0.240602,0.060150,0.248006,mtpa
1016.949153,0.571429,-0.270677,0.090226,0.285318,mtpa
1016.949153,0.653061,-0.315789,0.090226,0.328426,mtpa
1016.949153,0.734694,-0.345865,0.120301,0.366189,mtpa
1016.949153,0.816327,-0.390977,0.120301,0.409067,mtpa
1016.949153,0.897959,-0.421053,0.150376,0.447100,mtpa
1016.949153,0.979592,-0.466165,0.150376,0.489819,mtpa
1016.949153,1.061224,-0.496241,0.180451,0.528032,mtpa
1016.949153,1.142857,-0.541353,0.180451,0.570637,mtpa
1016.949153,1.224490,-0.556391,0.255639,0.612309,mtpa
1016.949153,1.306122,-0.616541,0.210526,0.651494,mtpa
1016.949153,1.387755,-0.631579,0.285714,0.693199,mtpa
1016.949153,1.469388,-0.691729,0.240602,0.732379,mtpa
1016.949153,1.551020,-0.706767,0.315789,0.774108,mtpa
1016.949153,1.632653,-0.766917,0.270677,0.813282,mtpa
1016.949153,1.714286,-0.781955,0.345865,0.855030,mtpa
1016.949153,1.795918,-0.842105,0.300752,0.894200,mtpa
1016.949153,1.877551,-0.857143,0.375940,0.935962,mtpa
1016.949153,1.959184,-0.917293,0.330827,0.975127,mtpa
1016.949153,2.040816,-0.962406,0.330827,1.017680,mtpa
1016.949153,2.122449,-0.992481,0.360902,1.056063,mtpa
1016.949153,2.204082,-1.037594,0.360902,1.098568,mtpa
1016.949153,2.285714,-1.052632,0.436090,1.139389,mtpa
1016.949153,2.367347,-1.112782,0.390977,1.179469,mtpa
1016.949153,2.448980,-1.127820,0.466165,1.220364,mtpa
1016.949153,2.530612,-1.187970,0.421053,1.260380,mtpa
1016.949153,2.612245,-1.203008,0.496241,1.301338,mtpa
1016.949153,2.693878,-1.263158,0.451128,1.341299,mtpa
1016.949153,2.775510,-1.278195,0.526316,1.382314,mtpa
1016.949153,2.857143,-1.338346,0.481203,1.422226,mtpa
1016.949153,2.938776,-1.353383,0.556391,1.463290,mtpa
1016.949153,3.020408,-1.413534,0.511278,1.503158,mtpa
1016.949153,3.102041,-1.428571,0.586466,1.544266,mtpa
1016.949153,3.183673,-1.488722,0.541353,1.584095,mtpa
1016.949153,3.265306,-1.548872,0.496241,1.626425,mtpa
1016.949153,3.346939,-1.548872,0.616541,1.667072,mtpa
1016.949153,3.428571,-1.624060,0.526316,1.707214,mtpa
1016.949153,3.510204,-1.624060,0.646617,1.748052,mtpa
1016.949153,3.591837,-1.684211,0.601504,1.788399,mtpa
1016.949153,3.673469,-1.699248,0.676692,1.829031,mtpa
1016.949153,3.755102,-1.759398,0.631579,1.869325,mtpa
1016.949153,3.836735,-1.774436,0.706767,1.910011,mtpa
1016.949153,3.918367,-1.834586,0.661654,1.950255,mtpa
1016.949153,4.000000,-1.849624,0.736842,1.990991,mtpa
1118.644068,0.000000,0.000000,0.000000,0.000000,mtpa
1118.644068,0.081633,-0.045113,0.000000,0.045113,mtpa
1118.644068,0.163265,-0.075188,0.041735,0.085994,mtpa
1118.644068,0.244898,-0.120301,0.030075,0.124003,mtpa
1118.644068,0.326531,-0.165414,0.030075,0.168125,mtpa
1118.644068,0.408163,-0.195489,0.060150,0.204533,mtpa
1118.644068,0.489796,-0.240602,0.060150,0.248006,mtpa
1118.644068,0.571429,-0.270677,0.090226,0.285318,mtpa
1118.644068,0.653061,-0.315789,0.090226,0.328426,mtpa
1118.644068,0.734694,-0.345865,0.120301,0.366189,mtpa
1118.644068,0.816327,-0.390977,0.120301,0.409067,mtpa
1118.644068,0.897959,-0.421053,0.150376,0.447100,mtpa
1118.644068,0.979592,-0.466165,0.150376,0.489819,mtpa
1118.644068,1.061224,-0.496241,0.180451,0.528032,mtpa
1118.644068,1.142857,-0.541353,0.180451,0.570637,mtpa
1118.644068,1.224490,-0.556391,0.255639,0.612309,mtpa
1118.644068,1.306122,-0.616541,0.210526,0.651494,mtpa
1118.644068,1.387755,-0.631579,0.285714,0.693199,mtpa
1118.644068,1.469388,-0.691729,0.240602,0.732379,mtpa
1118.644068,1.551020,-0.706767,0.315789,0.774108,mtpa
1118.644068,1.632653,-0.766917,0.270677,0.813282,mtpa
1118.644068,1.714286,-0.781955,0.345865,0.855030,mtpa
1118.644068,1.795918,-0.842105,0.300752,0.894200,mtpa
1118.644068,1.877551,-0.857143,0.375940,0.935962,mtpa
1118.644068,1.959184,-0.917293,0.330827,0.975127,mtpa
1118.644068,2.040816,-0.962406,0.330827,1.017680,mtpa
1118.644068,2.122449,-0.992481,0.360902,1.056063,mtpa
1118.644068,2.204082,-1.037594,0.360902,1.098568,mtpa
1118.644068,2.285714,-1.052632,0.436090,1.139389,mtpa
1118.644068,2.367347,-1.112782,0.390977,1.179469,mtpa
1118.644068,2.448980,-1.127820,0.466165,1.220364,mtpa
1118.644068,2.530612,-1.187970,0.421053,1.260380,mtpa
1118.644068,2.612245,-1.203008,0.496241,1.301338,mtpa
1118.644068,2.693878,-1.263158,0.451128,1.341299,mtpa
1118.644068,2.775510,-1.278195,0.526316,1.382314,mtpa
1118.644068,2.857143,-1.338346,0.481203,1.422226,mtpa
1118.644068,2.938776,-1.353383,0.556391,1.463290,mtpa
1118.644068,3.020408,-1.413534,0.511278,1.503158,mtpa
1118.644068,3.102041,-1.428571,0.586466,1.544266,mtpa
1118.644068,3.183673,-1.488722,0.541353,1.584095,mtpa
1118.644068,3.265306,-1.548872,0.496241,1.626425,mtpa
1118.644068,3.346939,-1.548872,0.616541,1.667072,mtpa
1118.644068,3.428571,-1.624060,0.526316,1.707214,mtpa
1118.644068,3.510204,-1.624060,0.646617,1.748052,mtpa
1118.644068,3.591837,-1.684211,0.601504,1.788399,mtpa
1118.644068,3.673469,-1.699248,0.676692,1.829031,mtpa
1118.644068,3.755102,-1.759398,0.631579,1.869325,mtpa
1118.644068,3.836735,-1.774436,0.706767,1.910011,mtpa
1118.644068,3.918367,-1.834586,0.661654,1.950255,mtpa
1118.644068,4.000000,-1.849624,0.736842,1.990991,mtpa
1220.338983,0.000000,0.000000,0.000000,0.000000,mtpa
1220.338983,0.081633,-0.045113,0.000000,0.045113,mtpa
1220.338983,0.163265,-0.075188,0.041735,0.085994,mtpa
1220.338983,0.244898,-0.120301,0.030075,0.124003,mtpa
1220.338983,0.326531,-0.165414,0.030075,0.168125,mtpa
1220.338983,0.408163,-0.195489,0.060150,0.204533,mtpa
1220.338983,0.489796,-0.240602,0.060150,0.248006,mtpa
1220.338983,0.571429,-0.270677,0.090226,0.285318,mtpa
1220.338983,0.653061,-0.315789,0.090226,0.328426,mtpa
1220.338983,0.734694,-0.345865,0.120301,0.366189,mtpa
1220.338983,0.816327,-0.390977,0.120301,0.409067,mtpa
1220.338983,0.897959,-0.421053,0.150376,0.447100,mtpa
1220.338983,0.979592,-0.466165,0.150376,0.489819,mtpa
1220.338983,1.061224,-0.496241,0.180451,0.528032,mtpa
1220.338983,1.142857,-0.541353,0.180451,0.570637,mtpa
1220.338983,1.224490,-0.556391,0.255639,0.612309,mtpa
1220.338983,1.306122,-0.616541,0.210526,0.651494,mtpa
1220.338983,1.387755,-0.631579,0.285714,0.693199,mtpa
1220.338983,1.469388,-0.691729,0.240602,0.732379,mtpa
1220.338983,1.551020,-0.706767,0.315789,0.774108,mtpa
1220.338983,1.632653,-0.766917,0.270677,0.813282,mtpa
1220.338983,1.714286,-0.781955,0.345865,0.855030,mtpa
1220.338983,1.795918,-0.842105,0.300752,0.894200,mtpa
1220.338983,1.877551,-0.857143,0.375940,0.935962,mtpa
1220.338983,1.959184,-0.917293,0.330827,0.975127,mtpa
1220.338983,2.040816,-0.962406,0.330827,1.017680,mtpa
1220.338983,2.122449,-0.992481,0.360902,1.056063,mtpa
1220.338983,2.204082,-1.037594,0.360902,1.098568,mtpa
1220.338983,2.285714,-1.052632,0.436090,1.139389,mtpa
1220.338983,2.367347,-1.112782,0.390977,1.179469,mtpa
1220.338983,2.448980,-1.127820,0.466165,1.220364,mtpa
1220.338983,2.530612,-1.187970,0.421053,1.260380,mtpa
1220.338983,2.612245,-1.203008,0.496241,1.301338,mtpa
1220.338983,2.693878,-1.263158,0.451128,1.341299,mtpa
1220.338983,2.775510,-1.278195,0.526316,1.382314,mtpa
1220.338983,2.857143,-1.338346,0.481203,1.422226,mtpa
1220.338983,2.938776,-1.353383,0.556391,1.463290,mtpa
1220.338983,3.020408,-1.413534,0.511278,1.503158,mtpa
1220.338983,3.102041,-1.428571,0.586466,1.544266,mtpa
1220.338983,3.183673,-1.488722,0.541353,1.584095,mtpa
1220.338983,3.265306,-1.548872,0.496241,1.626425,mtpa
1220.338983,3.346939,-1.548872,0.616541,1.667072,mtpa
1220.338983,3.428571,-1.624060,0.526316,1.707214,mtpa
1220.338983,3.510204,-1.624060,0.646617,1.748052,mtpa
1220.338983,3.591837,-1.684211,0.601504,1.788399,mtpa
1220.338983,3.673469,-1.699248,0.676692,1.829031,mtpa
1220.338983,3.755102,-1.759398,0.631579,1.869325,mtpa
1220.338983,3.836735,-1.774436,0.706767,1.910011,mtpa
1220.338983,3.918367,-1.834586,0.661654,1.950255,mtpa
1220.338983,4.000000,-1.849624,0.736842,1.990991,mtpa
1322.033898,0.000000,0.000000,0.000000,0.000000,mtpa
1322.033898,0.081633,-0.045113,0.000000,0.045113,mtpa
1322.033898,0.163265,-0.075188,0.041735,0.085994,mtpa
1322.033898,0.244898,-0.120301,0.030075,0.124003,mtpa
1322.033898,0.326531,-0.165414,0.030075,0.168125,mtpa
1322.033898,0.408163,-0.195489,0.060150,0.204533,mtpa
1322.033898,0.489796,-0.240602,0.060150,0.248006,mtpa
1322.033898,0.571429,-0.270677,0.090226,0.285318,mtpa
1322.033898,0.653061,-0.315789,0.090226,0.328426,mtpa
1322.033898,0.734694,-0.345865,0.120301,0.366189,mtpa
1322.033898,0.816327,-0.390977,0.120301,0.409067,mtpa
1322.033898,0.897959,-0.421053,0.150376,0.447100,mtpa
1322.033898,0.979592,-0.466165,0.150376,0.489819,mtpa
1322.033898,1.061224,-0.496241,0.180451,0.528032,mtpa
1322.033898,1.142857,-0.541353,0.180451,0.570637,mtpa
1322.033898,1.224490,-0.556391,0.255639,0.612309,mtpa
1322.033898,1.306122,-0.616541,0.210526,0.651494,mtpa
1322.033898,1.387755,-0.631579,0.285714,0.693199,mtpa
1322.033898,1.469388,-0.691729,0.240602,0.732379,mtpa
1322.033898,1.551020,-0.706767,0.315789,0.774108,mtpa
1322.033898,1.632653,-0.766917,0.270677,0.813282,mtpa
1322.033898,1.714286,-0.781955,0.345865,0.855030,mtpa
1322.033898,1.795918,-0.842105,0.300752,0.894200,mtpa
1322.033898,1.877551,-0.857143,0.375940,0.935962,mtpa
1322.033898,1.959184,-0.917293,0.330827,0.975127,mtpa
1322.033898,2.040816,-0.962406,0.330827,1.017680,mtpa
1322.033898,2.122449,-0.992481,0.360902,1.056063,mtpa
1322.033898,2.204082,-1.037594,0.360902,1.098568,mtpa
1322.033898,2.285714,-1.052632,0.436090,1.139389,mtpa
1322.033898,2.367347,-1.112782,0.390977,1.179469,mtpa
1322.033898,2.448980,-1.127820,0.466165,1.220364,mtpa
1322.033898,2.530612,-1.187970,0.421053,1.260380,mtpa
1322.033898,2.612245,-1.203008,0.496241,1.301338,mtpa
1322.033898,2.693878,-1.263158,0.451128,1.341299,mtpa
1322.033898,2.775510,-1.278195,0.526316,1.382314,mtpa
1322.033898,2.857143,-1.338346,0.481203,1.422226,mtpa
1322.033898,2.938776,-1.353383,0.556391,1.463290,mtpa
1322.033898,3.020408,-1.413534,0.511278,1.503158,mtpa
1322.033898,3.102041,-1.622642,0.264151,nan,infeasible
1322.033898,3.183673,-1.622642,0.264151,nan,infeasible
1322.033898,3.265306,-1.622642,0.264151,nan,infeasible
1322.033898,3.346939,-1.622642,0.264151,nan,infeasible
1322.033898,3.428571,-1.622642,0.264151,nan,infeasible
1322.033898,3.510204,-1.622642,0.264151,nan,infeasible
1322.033898,3.591837,-1.622642,0.264151,nan,infeasible
1322.033898,3.673469,-1.622642,0.264151,nan,infeasible
1322.033898,3.755102,-1.622642,0.264151,nan,infeasible
1322.033898,3.836735,-1.622642,0.264151,nan,infeasible
1322.033898,3.918367,-1.622642,0.264151,nan,infeasible
1322.033898,4.000000,-1.622642,0.264151,nan,infeasible
1423.728814,0.000000,nan,nan,nan,fw_search_failed
1423.728814,0.081633,nan,nan,nan,infeasible
1423.728814,0.163265,nan,nan,nan,infeasible
1423.728814,0.244898,nan,nan,nan,infeasible
1423.728814,0.326531,nan,nan,nan,infeasible
1423.728814,0.408163,nan,nan,nan,infeasible
1423.728814,0.489796,nan,nan,nan,infeasible
1423.728814,0.571429,nan,nan,nan,infeasible
1423.728814,0.653061,nan,nan,nan,infeasible
1423.728814,0.734694,nan,nan,nan,infeasible
1423.728814,0.816327,nan,nan,nan,infeasible
1423.728814,0.897959,nan,nan,nan,infeasible
1423.728814,0.979592,nan,nan,nan,infeasible
1423.728814,1.061224,nan,nan,nan,infeasible
1423.728814,1.142857,nan,nan,nan,infeasible
1423.728814,1.224490,nan,nan,nan,infeasible
1423.728814,1.306122,nan,nan,nan,infeasible
1423.728814,1.387755,nan,nan,nan,infeasible
1423.728814,1.469388,nan,nan,nan,infeasible
1423.728814,1.551020,nan,nan,nan,infeasible
1423.728814,1.632653,nan,nan,nan,infeasible
1423.728814,1.714286,nan,nan,nan,infeasible
1423.728814,1.795918,nan,nan,nan,infeasible
1423.728814,1.877551,nan,nan,nan,infeasible
1423.728814,1.959184,nan,nan,nan,infeasible
1423.728814,2.040816,nan,nan,nan,infeasible
1423.728814,2.122449,nan,nan,nan,infeasible
1423.728814,2.204082,nan,nan,nan,infeasible
1423.728814,2.285714,nan,nan,nan,infeasible
1423.728814,2.367347,nan,nan,nan,infeasible
1423.728814,2.448980,nan,nan,nan,infeasible
1423.728814,2.530612,nan,nan,nan,infeasible
1423.728814,2.612245,nan,nan,nan,infeasible
1423.728814,2.693878,nan,nan,nan,infeasible
1423.728814,2.775510,nan,nan,nan,infeasible
1423.728814,2.857143,nan,nan,nan,infeasible
1423.728814,2.938776,nan,nan,nan,infeasible
1423.728814,3.020408,nan,nan,nan,infeasible
1423.728814,3.102041,nan,nan,nan,infeasible
1423.728814,3.183673,nan,nan,nan,infeasible
1423.728814,3.265306,nan,nan,nan,infeasible
1423.728814,3.346939,nan,nan,nan,infeasible
1423.728814,3.428571,nan,nan,nan,infeasible
1423.728814,3.510204,nan,nan,nan,infeasible
1423.728814,3.591837,nan,nan,nan,infeasible
1423.728814,3.673469,nan,nan,nan,infeasible
1423.728814,3.755102,nan,nan,nan,infeasible
1423.728814,3.836735,nan,nan,nan,infeasible
1423.728814,3.918367,nan,nan,nan,infeasible
1423.728814,4.000000,nan,nan,nan,infeasible
1525.423729,0.000000,nan,nan,nan,fw_search_failed
1525.423729,0.081633,nan,nan,nan,infeasible
1525.423729,0.163265,nan,nan,nan,infeasible
1525.423729,0.244898,nan,nan,nan,infeasible
1525.423729,0.326531,nan,nan,nan,infeasible
1525.423729,0.408163,nan,nan,nan,infeasible
1525.423729,0.489796,nan,nan,nan,infeasible
1525.423729,0.571429,nan,nan,nan,infeasible
1525.423729,0.653061,nan,nan,nan,infeasible
1525.423729,0.734694,nan,nan,nan,infeasible
1525.423729,0.816327,nan,nan,nan,infeasible
1525.423729,0.897959,nan,nan,nan,infeasible
1525.423729,0.979592,nan,nan,nan,infeasible
1525.423729,1.061224,nan,nan,nan,infeasible
1525.423729,1.142857,nan,nan,nan,infeasible
1525.423729,1.224490,nan,nan,nan,infeasible
1525.423729,1.306122,nan,nan,nan,infeasible
1525.423729,1.387755,nan,nan,nan,infeasible
1525.423729,1.469388,nan,nan,nan,infeasible
1525.423729,1.551020,nan,nan,nan,infeasible
1525.423729,1.632653,nan,nan,nan,infeasible
1525.423729,1.714286,nan,nan,nan,infeasible
1525.423729,1.795918,nan,nan,nan,infeasible
1525.423729,1.877551,nan,nan,nan,infeasible
1525.423729,1.959184,nan,nan,nan,infeasible
1525.423729,2.040816,nan,nan,nan,infeasible
1525.423729,2.122449,nan,nan,nan,infeasible
1525.423729,2.204082,nan,nan,nan,infeasible
1525.423729,2.285714,nan,nan,nan,infeasible
1525.423729,2.367347,nan,nan,nan,infeasible
1525.423729,2.448980,nan,nan,nan,infeasible
1525.423729,2.530612,nan,nan,nan,infeasible
1525.423729,2.612245,nan,nan,nan,infeasible
1525.423729,2.693878,nan,nan,nan,infeasible
1525.423729,2.775510,nan,nan,nan,infeasible
1525.423729,2.857143,nan,nan,nan,infeasible
1525.423729,2.938776,nan,nan,nan,infeasible
1525.423729,3.020408,nan,nan,nan,infeasible
1525.423729,3.102041,nan,nan,nan,infeasible
1525.423729,3.183673,nan,nan,nan,infeasible
1525.423729,3.265306,nan,nan,nan,infeasible
1525.423729,3.346939,nan,nan,nan,infeasible
1525.423729,3.428571,nan,nan,nan,infeasible
1525.423729,3.510204,nan,nan,nan,infeasible
1525.423729,3.591837,nan,nan,nan,infeasible
1525.423729,3.673469,nan,nan,nan,infeasible
1525.423729,3.755102,nan,nan,nan,infeasible
1525.423729,3.836735,nan,nan,nan,infeasible
1525.423729,3.918367,nan,nan,nan,infeasible
1525.423729,4.000000,nan,nan,nan,infeasible
1627.118644,0.000000,nan,nan,nan,fw_search_failed
1627.118644,0.081633,nan,nan,nan,infeasible
1627.118644,0.163265,nan,nan,nan,infeasible
1627.118644,0.244898,nan,nan,nan,infeasible
1627.118644,0.326531,nan,nan,nan,infeasible
1627.118644,0.408163,nan,nan,nan,infeasible
1627.118644,0.489796,nan,nan,nan,infeasible
1627.118644,0.571429,nan,nan,nan,infeasible
1627.118644,0.653061,nan,nan,nan,infeasible
1627.118644,0.734694,nan,nan,nan,infeasible
1627.118644,0.816327,nan,nan,nan,infeasible
1627.118644,0.897959,nan,nan,nan,infeasible
1627.118644,0.979592,nan,nan,nan,infeasible
1627.118644,1.061224,nan,nan,nan,infeasible
1627.118644,1.142857,nan,nan,nan,infeasible
1627.118644,1.224490,nan,nan,nan,infeasible
1627.118644,1.306122,nan,nan,nan,infeasible
1627.118644,1.387755,nan,nan,nan,infeasible
1627.118644,1.469388,nan,nan,nan,infeasible
1627.118644,1.551020,nan,nan,nan,infeasible
1627.118644,1.632653,nan,nan,nan,infeasible
1627.118644,1.714286,nan,nan,nan,infeasible
1627.118644,1.795918,nan,nan,nan,infeasible
1627.118644,1.877551,nan,nan,nan,infeasible
1627.118644,1.959184,nan,nan,nan,infeasible
1627.118644,2.040816,nan,nan,nan,infeasible
1627.118644,2.122449,nan,nan,nan,infeasible
1627.118644,2.204082,nan,nan,nan,infeasible
1627.118644,2.285714,nan,nan,nan,infeasible
1627.118644,2.367347,nan,nan,nan,infeasible
1627.118644,2.448980,nan,nan,nan,infeasible
1627.118644,2.530612,nan,nan,nan,infeasible
1627.118644,2.612245,nan,nan,nan,infeasible
1627.118644,2.693878,nan,nan,nan,infeasible
1627.118644,2.775510,nan,nan,nan,infeasible
1627.118644,2.857143,nan,nan,nan,infeasible
1627.118644,2.938776,nan,nan,nan,infeasible
1627.118644,3.020408,nan,nan,nan,infeasible
1627.118644,3.102041,nan,nan,nan,infeasible
1627.118644,3.183673,nan,nan,nan,infeasible
1627.118644,3.265306,nan,nan,nan,infeasible
1627.118644,3.346939,nan,nan,nan,infeasible
1627.118644,3.428571,nan,nan,nan,infeasible
1627.118644,3.510204,nan,nan,nan,infeasible
1627.118644,3.591837,nan,nan,nan,infeasible
1627.118644,3.673469,nan,nan,nan,infeasible
1627.118644,3.755102,nan,nan,nan,infeasible
1627.118644,3.836735,nan,nan,nan,infeasible
1627.118644,3.918367,nan,nan,nan,infeasible
1627.118644,4.000000,nan,nan,nan,infeasible
1728.813559,0.000000,nan,nan,nan,fw_search_failed
1728.813559,0.081633,nan,nan,nan,infeasible
1728.813559,0.163265,nan,nan,nan,infeasible
1728.813559,0.244898,nan,nan,nan,infeasible
1728.813559,0.326531,nan,nan,nan,infeasible
1728.813559,0.408163,nan,nan,nan,infeasible
1728.813559,0.489796,nan,nan,nan,infeasible
1728.813559,0.571429,nan,nan,nan,infeasible
1728.813559,0.653061,nan,nan,nan,infeasible
1728.813559,0.734694,nan,nan,nan,infeasible
1728.813559,0.816327,nan,nan,nan,infeasible
1728.813559,0.897959,nan,nan,nan,infeasible
1728.813559,0.979592,nan,nan,nan,infeasible
1728.813559,1.061224,nan,nan,nan,infeasible
1728.813559,1.142857,nan,nan,nan,infeasible
1728.813559,1.224490,nan,nan,nan,infeasible
1728.813559,1.306122,nan,nan,nan,infeasible
1728.813559,1.387755,nan,nan,nan,infeasible
1728.813559,1.469388,nan,nan,nan,infeasible
1728.813559,1.551020,nan,nan,nan,infeasible
1728.813559,1.632653,nan,nan,nan,infeasible
1728.813559,1.714286,nan,nan,nan,infeasible
1728.813559,1.795918,nan,nan,nan,infeasible
1728.813559,1.877551,nan,nan,nan,infeasible
1728.813559,1.959184,nan,nan,nan,infeasible
1728.813559,2.040816,nan,nan,nan,infeasible
1728.813559,2.122449,nan,nan,nan,infeasible
1728.813559,2.204082,nan,nan,nan,infeasible
1728.813559,2.285714,nan,nan,nan,infeasible
1728.813559,2.367347,nan,nan,nan,infeasible
1728.813559,2.448980,nan,nan,nan,infeasible
1728.813559,2.530612,nan,nan,nan,infeasible
1728.813559,2.612245,nan,nan,nan,infeasible
1728.813559,2.693878,nan,nan,nan,infeasible
1728.813559,2.775510,nan,nan,nan,infeasible
1728.813559,2.857143,nan,nan,nan,infeasible
1728.813559,2.938776,nan,nan,nan,infeasible
1728.813559,3.020408,nan,nan,nan,infeasible
1728.813559,3.102041,nan,nan,nan,infeasible
1728.813559,3.183673,nan,nan,nan,infeasible
1728.813559,3.265306,nan,nan,nan,infeasible
1728.813559,3.346939,nan,nan,nan,infeasible
1728.813559,3.428571,nan,nan,nan,infeasible
1728.813559,3.510204,nan,nan,nan,infeasible
1728.813559,3.591837,nan,nan,nan,infeasible
1728.813559,3.673469,nan,nan,nan,infeasible
1728.813559,3.755102,nan,nan,nan,infeasible
1728.813559,3.836735,nan,nan,nan,infeasible
1728.813559,3.918367,nan,nan,nan,infeasible
1728.813559,4.000000,nan,nan,nan,infeasible
1830.508475,0.000000,nan,nan,nan,fw_search_failed
1830.508475,0.081633,nan,nan,nan,infeasible
1830.508475,0.163265,nan,nan,nan,infeasible
1830.508475,0.244898,nan,nan,nan,infeasible
1830.508475,0.326531,nan,nan,nan,infeasible
1830.508475,0.408163,nan,nan,nan,infeasible
1830.508475,0.489796,nan,nan,nan,infeasible
1830.508475,0.571429,nan,nan,nan,infeasible
1830.508475,0.653061,nan,nan,nan,infeasible
1830.508475,0.734694,nan,nan,nan,infeasible
1830.508475,0.816327,nan,nan,nan,infeasible
1830.508475,0.897959,nan,nan,nan,infeasible
1830.508475,0.979592,nan,nan,nan,infeasible
1830.508475,1.061224,nan,nan,nan,infeasible
1830.508475,1.142857,nan,nan,nan,infeasible
1830.508475,1.224490,nan,nan,nan,infeasible
1830.508475,1.306122,nan,nan,nan,infeasible
1830.508475,1.387755,nan,nan,nan,infeasible
1830.508475,1.469388,nan,nan,nan,infeasible
1830.508475,1.551020,nan,nan,nan,infeasible
1830.508475,1.632653,nan,nan,nan,infeasible
1830.508475,1.714286,nan,nan,nan,infeasible
1830.508475,1.795918,nan,nan,nan,infeasible
1830.508475,1.877551,nan,nan,nan,infeasible
1830.508475,1.959184,nan,nan,nan,infeasible
1830.508475,2.040816,nan,nan,nan,infeasible
1830.508475,2.122449,nan,nan,nan,infeasible
1830.508475,2.204082,nan,nan,nan,infeasible
1830.508475,2.285714,nan,nan,nan,infeasible
1830.508475,2.367347,nan,nan,nan,infeasible
1830.508475,2.448980,nan,nan,nan,infeasible
1830.508475,2.530612,nan,nan,nan,infeasible
1830.508475,2.612245,nan,nan,nan,infeasible
1830.508475,2.693878,nan,nan,nan,infeasible
1830.508475,2.775510,nan,nan,nan,infeasible
1830.508475,2.857143,nan,nan,nan,infeasible
1830.508475,2.938776,nan,nan,nan,infeasible
1830.508475,3.020408,nan,nan,nan,infeasible
1830.508475,3.102041,nan,nan,nan,infeasible
1830.508475,3.183673,nan,nan,nan,infeasible
1830.508475,3.265306,nan,nan,nan,infeasible
1830.508475,3.346939,nan,nan,nan,infeasible
1830.508475,3.428571,nan,nan,nan,infeasible
1830.508475,3.510204,nan,nan,nan,infeasible
1830.508475,3.591837,nan,nan,nan,infeasible
1830.508475,3.673469,nan,nan,nan,infeasible
1830.508475,3.755102,nan,nan,nan,infeasible
1830.508475,3.836735,nan,nan,nan,infeasible
1830.508475,3.918367,nan,nan,nan,infeasible
1830.508475,4.000000,nan,nan,nan,infeasible
1932.203390,0.000000,nan,nan,nan,fw_search_failed
1932.203390,0.081633,nan,nan,nan,infeasible
1932.203390,0.163265,nan,nan,nan,infeasible
1932.203390,0.244898,nan,nan,nan,infeasible
1932.203390,0.326531,nan,nan,nan,infeasible
1932.203390,0.408163,nan,nan,nan,infeasible
1932.203390,0.489796,nan,nan,nan,infeasible
1932.203390,0.571429,nan,nan,nan,infeasible
1932.203390,0.653061,nan,nan,nan,infeasible
1932.203390,0.734694,nan,nan,nan,infeasible
1932.203390,0.816327,nan,nan,nan,infeasible
1932.203390,0.897959,nan,nan,nan,infeasible
1932.203390,0.979592,nan,nan,nan,infeasible
1932.203390,1.061224,nan,nan,nan,infeasible
1932.203390,1.142857,nan,nan,nan,infeasible
1932.203390,1.224490,nan,nan,nan,infeasible
1932.203390,1.306122,nan,nan,nan,infeasible
1932.203390,1.387755,nan,nan,nan,infeasible
1932.203390,1.469388,nan,nan,nan,infeasible
1932.203390,1.551020,nan,nan,nan,infeasible
1932.203390,1.632653,nan,nan,nan,infeasible
1932.203390,1.714286,nan,nan,nan,infeasible
1932.203390,1.795918,nan,nan,nan,infeasible
1932.203390,1.877551,nan,nan,nan,infeasible
1932.203390,1.959184,nan,nan,nan,infeasible
1932.203390,2.040816,nan,nan,nan,infeasible
1932.203390,2.122449,nan,nan,nan,infeasible
1932.203390,2.204082,nan,nan,nan,infeasible
1932.203390,2.285714,nan,nan,nan,infeasible
1932.203390,2.367347,nan,nan,nan,infeasible
1932.203390,2.448980,nan,nan,nan,infeasible
1932.203390,2.530612,nan,nan,nan,infeasible
1932.203390,2.612245,nan,nan,nan,infeasible
1932.203390,2.693878,nan,nan,nan,infeasible
1932.203390,2.775510,nan,nan,nan,infeasible
1932.203390,2.857143,nan,nan,nan,infeasible
1932.203390,2.938776,nan,nan,nan,infeasible
1932.203390,3.020408,nan,nan,nan,infeasible
1932.203390,3.102041,nan,nan,nan,infeasible
1932.203390,3.183673,nan,nan,nan,infeasible
1932.203390,3.265306,nan,nan,nan,infeasible
1932.203390,3.346939,nan,nan,nan,infeasible
1932.203390,3.428571,nan,nan,nan,infeasible
1932.203390,3.510204,nan,nan,nan,infeasible
1932.203390,3.591837,nan,nan,nan,infeasible
1932.203390,3.673469,nan,nan,nan,infeasible
1932.203390,3.755102,nan,nan,nan,infeasible
1932.203390,3.836735,nan,nan,nan,infeasible
1932.203390,3.918367,nan,nan,nan,infeasible
1932.203390,4.000000,nan,nan,nan,infeasible
2033.898305,0.000000,nan,nan,nan,fw_search_failed
2033.898305,0.081633,nan,nan,nan,infeasible
2033.898305,0.163265,nan,nan,nan,infeasible
2033.898305,0.244898,nan,nan,nan,infeasible
2033.898305,0.326531,nan,nan,nan,infeasible
2033.898305,0.408163,nan,nan,nan,infeasible
2033.898305,0.489796,nan,nan,nan,infeasible
2033.898305,0.571429,nan,nan,nan,infeasible
2033.898305,0.653061,nan,nan,nan,infeasible
2033.898305,0.734694,nan,nan,nan,infeasible
2033.898305,0.816327,nan,nan,nan,infeasible
2033.898305,0.897959,nan,nan,nan,infeasible
2033.898305,0.979592,nan,nan,nan,infeasible
2033.898305,1.061224,nan,nan,nan,infeasible
2033.898305,1.142857,nan,nan,nan,infeasible
2033.898305,1.224490,nan,nan,nan,infeasible
2033.898305,1.306122,nan,nan,nan,infeasible
2033.898305,1.387755,nan,nan,nan,infeasible
2033.898305,1.469388,nan,nan,nan,infeasible
2033.898305,1.551020,nan,nan,nan,infeasible
2033.898305,1.632653,nan,nan,nan,infeasible
2033.898305,1.714286,nan,nan,nan,infeasible
2033.898305,1.795918,nan,nan,nan,infeasible
2033.898305,1.877551,nan,nan,nan,infeasible
2033.898305,1.959184,nan,nan,nan,infeasible
2033.898305,2.040816,nan,nan,nan,infeasible
2033.898305,2.122449,nan,nan,nan,infeasible
2033.898305,2.204082,nan,nan,nan,infeasible
2033.898305,2.285714,nan,nan,nan,infeasible
2033.898305,2.367347,nan,nan,nan,infeasible
2033.898305,2.448980,nan,nan,nan,infeasible
2033.898305,2.530612,nan,nan,nan,infeasible
2033.898305,2.612245,nan,nan,nan,infeasible
2033.898305,2.693878,nan,nan,nan,infeasible
2033.898305,2.775510,nan,nan,nan,infeasible
2033.898305,2.857143,nan,nan,nan,infeasible
2033.898305,2.938776,nan,nan,nan,infeasible
2033.898305,3.020408,nan,nan,nan,infeasible
2033.898305,3.102041,nan,nan,nan,infeasible
2033.898305,3.183673,nan,nan,nan,infeasible
2033.898305,3.265306,nan,nan,nan,infeasible
2033.898305,3.346939,nan,nan,nan,infeasible
2033.898305,3.428571,nan,nan,nan,infeasible
2033.898305,3.510204,nan,nan,nan,infeasible
2033.898305,3.591837,nan,nan,nan,infeasible
2033.898305,3.673469,nan,nan,nan,infeasible
2033.898305,3.755102,nan,nan,nan,infeasible
2033.898305,3.836735,nan,nan,nan,infeasible
2033.898305,3.918367,nan,nan,nan,infeasible
2033.898305,4.000000,nan,nan,nan,infeasible
2135.593220,0.000000,nan,nan,nan,fw_search_failed
2135.593220,0.081633,nan,nan,nan,infeasible
2135.593220,0.163265,nan,nan,nan,infeasible
2135.593220,0.244898,nan,nan,nan,infeasible
2135.593220,0.326531,nan,nan,nan,infeasible
2135.593220,0.408163,nan,nan,nan,infeasible
2135.593220,0.489796,nan,nan,nan,infeasible
2135.593220,0.571429,nan,nan,nan,infeasible
2135.593220,0.653061,nan,nan,nan,infeasible
2135.593220,0.734694,nan,nan,nan,infeasible
2135.593220,0.816327,nan,nan,nan,infeasible
2135.593220,0.897959,nan,nan,nan,infeasible
2135.593220,0.979592,nan,nan,nan,infeasible
2135.593220,1.061224,nan,nan,nan,infeasible
2135.593220,1.142857,nan,nan,nan,infeasible
2135.593220,1.224490,nan,nan,nan,infeasible
2135.593220,1.306122,nan,nan,nan,infeasible
2135.593220,1.387755,nan,nan,nan,infeasible
2135.593220,1.469388,nan,nan,nan,infeasible
2135.593220,1.551020,nan,nan,nan,infeasible
2135.593220,1.632653,nan,nan,nan,infeasible
2135.593220,1.714286,nan,nan,nan,infeasible
2135.593220,1.795918,nan,nan,nan,infeasible
2135.593220,1.877551,nan,nan,nan,infeasible
2135.593220,1.959184,nan,nan,nan,infeasible
2135.593220,2.040816,nan,nan,nan,infeasible
2135.593220,2.122449,nan,nan,nan,infeasible
2135.593220,2.204082,nan,nan,nan,infeasible
2135.593220,2.285714,nan,nan,nan,infeasible
2135.593220,2.367347,nan,nan,nan,infeasible
2135.593220,2.448980,nan,nan,nan,infeasible
2135.593220,2.530612,nan,nan,nan,infeasible
2135.593220,2.612245,nan,nan,nan,infeasible
2135.593220,2.693878,nan,nan,nan,infeasible
2135.593220,2.775510,nan,nan,nan,infeasible
2135.593220,2.857143,nan,nan,nan,infeasible
2135.593220,2.938776,nan,nan,nan,infeasible
2135.593220,3.020408,nan,nan,nan,infeasible
2135.593220,3.102041,nan,nan,nan,infeasible
2135.593220,3.183673,nan,nan,nan,infeasible
2135.593220,3.265306,nan,nan,nan,infeasible
2135.593220,3.346939,nan,nan,nan,infeasible
2135.593220,3.428571,nan,nan,nan,infeasible
2135.593220,3.510204,nan,nan,nan,infeasible
2135.593220,3.591837,nan,nan,nan,infeasible
2135.593220,3.673469,nan,nan,nan,infeasible
2135.593220,3.755102,nan,nan,nan,infeasible
2135.593220,3.836735,nan,nan,nan,infeasible
2135.593220,3.918367,nan,nan,nan,infeasible
2135.593220,4.000000,nan,nan,nan,infeasible
2237.288136,0.000000,nan,nan,nan,fw_search_failed
2237.288136,0.081633,nan,nan,nan,infeasible
2237.288136,0.163265,nan,nan,nan,infeasible
2237.288136,0.244898,nan,nan,nan,infeasible
2237.288136,0.326531,nan,nan,nan,infeasible
2237.288136,0.408163,nan,nan,nan,infeasible
2237.288136,0.489796,nan,nan,nan,infeasible
2237.288136,0.571429,nan,nan,nan,infeasible
2237.288136,0.653061,nan,nan,nan,infeasible
2237.288136,0.734694,nan,nan,nan,infeasible
2237.288136,0.816327,nan,nan,nan,infeasible
2237.288136,0.897959,nan,nan,nan,infeasible
2237.288136,0.979592,nan,nan,nan,infeasible
2237.288136,1.061224,nan,nan,nan,infeasible
2237.288136,1.142857,nan,nan,nan,infeasible
2237.288136,1.224490,nan,nan,nan,infeasible
2237.288136,1.306122,nan,nan,nan,infeasible
2237.288136,1.387755,nan,nan,nan,infeasible
2237.288136,1.469388,nan,nan,nan,infeasible
2237.288136,1.551020,nan,nan,nan,infeasible
2237.288136,1.632653,nan,nan,nan,infeasible
2237.288136,1.714286,nan,nan,nan,infeasible
2237.288136,1.795918,nan,nan,nan,infeasible
2237.288136,1.877551,nan,nan,nan,infeasible
2237.288136,1.959184,nan,nan,nan,infeasible
2237.288136,2.040816,nan,nan,nan,infeasible
2237.288136,2.122449,nan,nan,nan,infeasible
2237.288136,2.204082,nan,nan,nan,infeasible
2237.288136,2.285714,nan,nan,nan,infeasible
2237.288136,2.367347,nan,nan,nan,infeasible
2237.288136,2.448980,nan,nan,nan,infeasible
2237.288136,2.530612,nan,nan,nan,infeasible
2237.288136,2.612245,nan,nan,nan,infeasible
2237.288136,2.693878,nan,nan,nan,infeasible
2237.288136,2.775510,nan,nan,nan,infeasible
2237.288136,2.857143,nan,nan,nan,infeasible
2237.288136,2.938776,nan,nan,nan,infeasible
2237.288136,3.020408,nan,nan,nan,infeasible
2237.288136,3.102041,nan,nan,nan,infeasible
2237.288136,3.183673,nan,nan,nan,infeasible
2237.288136,3.265306,nan,nan,nan,infeasible
2237.288136,3.346939,nan,nan,nan,infeasible
2237.288136,3.428571,nan,nan,nan,infeasible
2237.288136,3.510204,nan,nan,nan,infeasible
2237.288136,3.591837,nan,nan,nan,infeasible
2237.288136,3.673469,nan,nan,nan,infeasible
2237.288136,3.755102,nan,nan,nan,infeasible
2237.288136,3.836735,nan,nan,nan,infeasible
2237.288136,3.918367,nan,nan,nan,infeasible
2237.288136,4.000000,nan,nan,nan,infeasible
2338.983051,0.000000,nan,nan,nan,fw_search_failed
2338.983051,0.081633,nan,nan,nan,infeasible
2338.983051,0.163265,nan,nan,nan,infeasible
2338.983051,0.244898,nan,nan,nan,infeasible
2338.983051,0.326531,nan,nan,nan,infeasible
2338.983051,0.408163,nan,nan,nan,infeasible
2338.983051,0.489796,nan,nan,nan,infeasible
2338.983051,0.571429,nan,nan,nan,infeasible
2338.983051,0.653061,nan,nan,nan,infeasible
2338.983051,0.734694,nan,nan,nan,infeasible
2338.983051,0.816327,nan,nan,nan,infeasible
2338.983051,0.897959,nan,nan,nan,infeasible
2338.983051,0.979592,nan,nan,nan,infeasible
2338.983051,1.061224,nan,nan,nan,infeasible
2338.983051,1.142857,nan,nan,nan,infeasible
2338.983051,1.224490,nan,nan,nan,infeasible
2338.983051,1.306122,nan,nan,nan,infeasible
2338.983051,1.387755,nan,nan,nan,infeasible
2338.983051,1.469388,nan,nan,nan,infeasible
2338.983051,1.551020,nan,nan,nan,infeasible
2338.983051,1.632653,nan,nan,nan,infeasible
2338.983051,1.714286,nan,nan,nan,infeasible
2338.983051,1.795918,nan,nan,nan,infeasible
2338.983051,1.877551,nan,nan,nan,infeasible
2338.983051,1.959184,nan,nan,nan,infeasible
2338.983051,2.040816,nan,nan,nan,infeasible
2338.983051,2.122449,nan,nan,nan,infeasible
2338.983051,2.204082,nan,nan,nan,infeasible
2338.983051,2.285714,nan,nan,nan,infeasible
2338.983051,2.367347,nan,nan,nan,infeasible
2338.983051,2.448980,nan,nan,nan,infeasible
2338.983051,2.530612,nan,nan,nan,infeasible
2338.983051,2.612245,nan,nan,nan,infeasible
2338.983051,2.693878,nan,nan,nan,infeasible
2338.983051,2.775510,nan,nan,nan,infeasible
2338.983051,2.857143,nan,nan,nan,infeasible
2338.983051,2.938776,nan,nan,nan,infeasible
2338.983051,3.020408,nan,nan,nan,infeasible
2338.983051,3.102041,nan,nan,nan,infeasible
2338.983051,3.183673,nan,nan,nan,infeasible
2338.983051,3.265306,nan,nan,nan,infeasible
2338.983051,3.346939,nan,nan,nan,infeasible
2338.983051,3.428571,nan,nan,nan,infeasible
2338.983051,3.510204,nan,nan,nan,infeasible
2338.983051,3.591837,nan,nan,nan,infeasible
2338.983051,3.673469,nan,nan,nan,infeasible
2338.983051,3.755102,nan,nan,nan,infeasible
2338.983051,3.836735,nan,nan,nan,infeasible
2338.983051,3.918367,nan,nan,nan,infeasible
2338.983051,4.000000,nan,nan,nan,infeasible
2440.677966,0.000000,nan,nan,nan,fw_search_failed
2440.677966,0.081633,nan,nan,nan,infeasible
2440.677966,0.163265,nan,nan,nan,infeasible
2440.677966,0.244898,nan,nan,nan,infeasible
2440.677966,0.326531,nan,nan,nan,infeasible
2440.677966,0.408163,nan,nan,nan,infeasible
2440.677966,0.489796,nan,nan,nan,infeasible
2440.677966,0.571429,nan,nan,nan,infeasible
2440.677966,0.653061,nan,nan,nan,infeasible
2440.677966,0.734694,nan,nan,nan,infeasible
2440.677966,0.816327,nan,nan,nan,infeasible
2440.677966,0.897959,nan,nan,nan,infeasible
2440.677966,0.979592,nan,nan,nan,infeasible
2440.677966,1.061224,nan,nan,nan,infeasible
2440.677966,1.142857,nan,nan,nan,infeasible
2440.677966,1.224490,nan,nan,nan,infeasible
2440.677966,1.306122,nan,nan,nan,infeasible
2440.677966,1.387755,nan,nan,nan,infeasible
2440.677966,1.469388,nan,nan,nan,infeasible
2440.677966,1.551020,nan,nan,nan,infeasible
2440.677966,1.632653,nan,nan,nan,infeasible
2440.677966,1.714286,nan,nan,nan,infeasible
2440.677966,1.795918,nan,nan,nan,infeasible
2440.677966,1.877551,nan,nan,nan,infeasible
2440.677966,1.959184,nan,nan,nan,infeasible
2440.677966,2.040816,nan,nan,nan,infeasible
2440.677966,2.122449,nan,nan,nan,infeasible
2440.677966,2.204082,nan,nan,nan,infeasible
2440.677966,2.285714,nan,nan,nan,infeasible
2440.677966,2.367347,nan,nan,nan,infeasible
2440.677966,2.448980,nan,nan,nan,infeasible
2440.677966,2.530612,nan,nan,nan,infeasible
2440.677966,2.612245,nan,nan,nan,infeasible
2440.677966,2.693878,nan,nan,nan,infeasible
2440.677966,2.775510,nan,nan,nan,infeasible
2440.677966,2.857143,nan,nan,nan,infeasible
2440.677966,2.938776,nan,nan,nan,infeasible
2440.677966,3.020408,nan,nan,nan,infeasible
2440.677966,3.102041,nan,nan,nan,infeasible
2440.677966,3.183673,nan,nan,nan,infeasible
2440.677966,3.265306,nan,nan,nan,infeasible
2440.677966,3.346939,nan,nan,nan,infeasible
2440.677966,3.428571,nan,nan,nan,infeasible
2440.677966,3.510204,nan,nan,nan,infeasible
2440.677966,3.591837,nan,nan,nan,infeasible
2440.677966,3.673469,nan,nan,nan,infeasible
2440.677966,3.755102,nan,nan,nan,infeasible
2440.677966,3.836735,nan,nan,nan,infeasible
2440.677966,3.918367,nan,nan,nan,infeasible
2440.677966,4.000000,nan,nan,nan,infeasible
2542.372881,0.000000,nan,nan,nan,fw_search_failed
2542.372881,0.081633,nan,nan,nan,infeasible
2542.372881,0.163265,nan,nan,nan,infeasible
2542.372881,0.244898,nan,nan,nan,infeasible
2542.372881,0.326531,nan,nan,nan,infeasible
2542.372881,0.408163,nan,nan,nan,infeasible
2542.372881,0.489796,nan,nan,nan,infeasible
2542.372881,0.571429,nan,nan,nan,infeasible
2542.372881,0.653061,nan,nan,nan,infeasible
2542.372881,0.734694,nan,nan,nan,infeasible
2542.372881,0.816327,nan,nan,nan,infeasible
2542.372881,0.897959,nan,nan,nan,infeasible
2542.372881,0.979592,nan,nan,nan,infeasible
2542.372881,1.061224,nan,nan,nan,infeasible
2542.372881,1.142857,nan,nan,nan,infeasible
2542.372881,1.224490,nan,nan,nan,infeasible
2542.372881,1.306122,nan,nan,nan,infeasible
2542.372881,1.387755,nan,nan,nan,infeasible
2542.372881,1.469388,nan,nan,nan,infeasible
2542.372881,1.551020,nan,nan,nan,infeasible
2542.372881,1.632653,nan,nan,nan,infeasible
2542.372881,1.714286,nan,nan,nan,infeasible
2542.372881,1.795918,nan,nan,nan,infeasible
2542.372881,1.877551,nan,nan,nan,infeasible
2542.372881,1.959184,nan,nan,nan,infeasible
2542.372881,2.040816,nan,nan,nan,infeasible
2542.372881,2.122449,nan,nan,nan,infeasible
2542.372881,2.204082,nan,nan,nan,infeasible
2542.372881,2.285714,nan,nan,nan,infeasible
2542.372881,2.367347,nan,nan,nan,infeasible
2542.372881,2.448980,nan,nan,nan,infeasible
2542.372881,2.530612,nan,nan,nan,infeasible
2542.372881,2.612245,nan,nan,nan,infeasible
2542.372881,2.693878,nan,nan,nan,infeasible
2542.372881,2.775510,nan,nan,nan,infeasible
2542.372881,2.857143,nan,nan,nan,infeasible
2542.372881,2.938776,nan,nan,nan,infeasible
2542.372881,3.020408,nan,nan,nan,infeasible
2542.372881,3.102041,nan,nan,nan,infeasible
2542.372881,3.183673,nan,nan,nan,infeasible
2542.372881,3.265306,nan,nan,nan,infeasible
2542.372881,3.346939,nan,nan,nan,infeasible
2542.372881,3.428571,nan,nan,nan,infeasible
2542.372881,3.510204,nan,nan,nan,infeasible
2542.372881,3.591837,nan,nan,nan,infeasible
2542.372881,3.673469,nan,nan,nan,infeasible
2542.372881,3.755102,nan,nan,nan,infeasible
2542.372881,3.836735,nan,nan,nan,infeasible
2542.372881,3.918367,nan,nan,nan,infeasible
2542.372881,4.000000,nan,nan,nan,infeasible
2644.067797,0.000000,nan,nan,nan,fw_search_failed
2644.067797,0.081633,nan,nan,nan,infeasible
2644.067797,0.163265,nan,nan,nan,infeasible
2644.067797,0.244898,nan,nan,nan,infeasible
2644.067797,0.326531,nan,nan,nan,infeasible
2644.067797,0.408163,nan,nan,nan,infeasible
2644.067797,0.489796,nan,nan,nan,infeasible
2644.067797,0.571429,nan,nan,nan,infeasible
2644.067797,0.653061,nan,nan,nan,infeasible
2644.067797,0.734694,nan,nan,nan,infeasible
2644.067797,0.816327,nan,nan,nan,infeasible
2644.067797,0.897959,nan,nan,nan,infeasible
2644.067797,0.979592,nan,nan,nan,infeasible
2644.067797,1.061224,nan,nan,nan,infeasible
2644.067797,1.142857,nan,nan,nan,infeasible
2644.067797,1.224490,nan,nan,nan,infeasible
2644.067797,1.306122,nan,nan,nan,infeasible
2644.067797,1.387755,nan,nan,nan,infeasible
2644.067797,1.469388,nan,nan,nan,infeasible
2644.067797,1.551020,nan,nan,nan,infeasible
2644.067797,1.632653,nan,nan,nan,infeasible
2644.067797,1.714286,nan,nan,nan,infeasible
2644.067797,1.795918,nan,nan,nan,infeasible
2644.067797,1.877551,nan,nan,nan,infeasible
2644.067797,1.959184,nan,nan,nan,infeasible
2644.067797,2.040816,nan,nan,nan,infeasible
2644.067797,2.122449,nan,nan,nan,infeasible
2644.067797,2.204082,nan,nan,nan,infeasible
2644.067797,2.285714,nan,nan,nan,infeasible
2644.067797,2.367347,nan,nan,nan,infeasible
2644.067797,2.448980,nan,nan,nan,infeasible
2644.067797,2.530612,nan,nan,nan,infeasible
2644.067797,2.612245,nan,nan,nan,infeasible
2644.067797,2.693878,nan,nan,nan,infeasible
2644.067797,2.775510,nan,nan,nan,infeasible
2644.067797,2.857143,nan,nan,nan,infeasible
2644.067797,2.938776,nan,nan,nan,infeasible
2644.067797,3.020408,nan,nan,nan,infeasible
2644.067797,3.102041,nan,nan,nan,infeasible
2644.067797,3.183673,nan,nan,nan,infeasible
2644.067797,3.265306,nan,nan,nan,infeasible
2644.067797,3.346939,nan,nan,nan,infeasible
2644.067797,3.428571,nan,nan,nan,infeasible
2644.067797,3.510204,nan,nan,nan,infeasible
2644.067797,3.591837,nan,nan,nan,infeasible
2644.067797,3.673469,nan,nan,nan,infeasible
2644.067797,3.755102,nan,nan,nan,infeasible
2644.067797,3.836735,nan,nan,nan,infeasible
2644.067797,3.918367,nan,nan,nan,infeasible
2644.067797,4.000000,nan,nan,nan,infeasible
2745.762712,0.000000,nan,nan,nan,fw_search_failed
2745.762712,0.081633,nan,nan,nan,infeasible
2745.762712,0.163265,nan,nan,nan,infeasible
2745.762712,0.244898,nan,nan,nan,infeasible
2745.762712,0.326531,nan,nan,nan,infeasible
2745.762712,0.408163,nan,nan,nan,infeasible
2745.762712,0.489796,nan,nan,nan,infeasible
2745.762712,0.571429,nan,nan,nan,infeasible
2745.762712,0.653061,nan,nan,nan,infeasible
2745.762712,0.734694,nan,nan,nan,infeasible
2745.762712,0.816327,nan,nan,nan,infeasible
2745.762712,0.897959,nan,nan,nan,infeasible
2745.762712,0.979592,nan,nan,nan,infeasible
2745.762712,1.061224,nan,nan,nan,infeasible
2745.762712,1.142857,nan,nan,nan,infeasible
2745.762712,1.224490,nan,nan,nan,infeasible
2745.762712,1.306122,nan,nan,nan,infeasible
2745.762712,1.387755,nan,nan,nan,infeasible
2745.762712,1.469388,nan,nan,nan,infeasible
2745.762712,1.551020,nan,nan,nan,infeasible
2745.762712,1.632653,nan,nan,nan,infeasible
2745.762712,1.714286,nan,nan,nan,infeasible
2745.762712,1.795918,nan,nan,nan,infeasible
2745.762712,1.877551,nan,nan,nan,infeasible
2745.762712,1.959184,nan,nan,nan,infeasible
2745.762712,2.040816,nan,nan,nan,infeasible
2745.762712,2.122449,nan,nan,nan,infeasible
2745.762712,2.204082,nan,nan,nan,infeasible
2745.762712,2.285714,nan,nan,nan,infeasible
2745.762712,2.367347,nan,nan,nan,infeasible
2745.762712,2.448980,nan,nan,nan,infeasible
2745.762712,2.530612,nan,nan,nan,infeasible
2745.762712,2.612245,nan,nan,nan,infeasible
2745.762712,2.693878,nan,nan,nan,infeasible
2745.762712,2.775510,nan,nan,nan,infeasible
2745.762712,2.857143,nan,nan,nan,infeasible
2745.762712,2.938776,nan,nan,nan,infeasible
2745.762712,3.020408,nan,nan,nan,infeasible
2745.762712,3.102041,nan,nan,nan,infeasible
2745.762712,3.183673,nan,nan,nan,infeasible
2745.762712,3.265306,nan,nan,nan,infeasible
2745.762712,3.346939,nan,nan,nan,infeasible
2745.762712,3.428571,nan,nan,nan,infeasible
2745.762712,3.510204,nan,nan,nan,infeasible
2745.762712,3.591837,nan,nan,nan,infeasible
2745.762712,3.673469,nan,nan,nan,infeasible
2745.762712,3.755102,nan,nan,nan,infeasible
2745.762712,3.836735,nan,nan,nan,infeasible
2745.762712,3.918367,nan,nan,nan,infeasible
2745.762712,4.000000,nan,nan,nan,infeasible
2847.457627,0.000000,nan,nan,nan,fw_search_failed
2847.457627,0.081633,nan,nan,nan,infeasible
2847.457627,0.163265,nan,nan,nan,infeasible
2847.457627,0.244898,nan,nan,nan,infeasible
2847.457627,0.326531,nan,nan,nan,infeasible
2847.457627,0.408163,nan,nan,nan,infeasible
2847.457627,0.489796,nan,nan,nan,infeasible
2847.457627,0.571429,nan,nan,nan,infeasible
2847.457627,0.653061,nan,nan,nan,infeasible
2847.457627,0.734694,nan,nan,nan,infeasible
2847.457627,0.816327,nan,nan,nan,infeasible
2847.457627,0.897959,nan,nan,nan,infeasible
2847.457627,0.979592,nan,nan,nan,infeasible
2847.457627,1.061224,nan,nan,nan,infeasible
2847.457627,1.142857,nan,nan,nan,infeasible
2847.457627,1.224490,nan,nan,nan,infeasible
2847.457627,1.306122,nan,nan,nan,infeasible
2847.457627,1.387755,nan,nan,nan,infeasible
2847.457627,1.469388,nan,nan,nan,infeasible
2847.457627,1.551020,nan,nan,nan,infeasible
2847.457627,1.632653,nan,nan,nan,infeasible
2847.457627,1.714286,nan,nan,nan,infeasible
2847.457627,1.795918,nan,nan,nan,infeasible
2847.457627,1.877551,nan,nan,nan,infeasible
2847.457627,1.959184,nan,nan,nan,infeasible
2847.457627,2.040816,nan,nan,nan,infeasible
2847.457627,2.122449,nan,nan,nan,infeasible
2847.457627,2.204082,nan,nan,nan,infeasible
2847.457627,2.285714,nan,nan,nan,infeasible
2847.457627,2.367347,nan,nan,nan,infeasible
2847.457627,2.448980,nan,nan,nan,infeasible
2847.457627,2.530612,nan,nan,nan,infeasible
2847.457627,2.612245,nan,nan,nan,infeasible
2847.457627,2.693878,nan,nan,nan,infeasible
2847.457627,2.775510,nan,nan,nan,infeasible
2847.457627,2.857143,nan,nan,nan,infeasible
2847.457627,2.938776,nan,nan,nan,infeasible
2847.457627,3.020408,nan,nan,nan,infeasible
2847.457627,3.102041,nan,nan,nan,infeasible
2847.457627,3.183673,nan,nan,nan,infeasible
2847.457627,3.265306,nan,nan,nan,infeasible
2847.457627,3.346939,nan,nan,nan,infeasible
2847.457627,3.428571,nan,nan,nan,infeasible
2847.457627,3.510204,nan,nan,nan,infeasible
2847.457627,3.591837,nan,nan,nan,infeasible
2847.457627,3.673469,nan,nan,nan,infeasible
2847.457627,3.755102,nan,nan,nan,infeasible
2847.457627,3.836735,nan,nan,nan,infeasible
2847.457627,3.918367,nan,nan,nan,infeasible
2847.457627,4.000000,nan,nan,nan,infeasible
2949.152542,0.000000,nan,nan,nan,fw_search_failed
2949.152542,0.081633,nan,nan,nan,infeasible
2949.152542,0.163265,nan,nan,nan,infeasible
2949.152542,0.244898,nan,nan,nan,infeasible
2949.152542,0.326531,nan,nan,nan,infeasible
2949.152542,0.408163,nan,nan,nan,infeasible
2949.152542,0.489796,nan,nan,nan,infeasible
2949.152542,0.571429,nan,nan,nan,infeasible
2949.152542,0.653061,nan,nan,nan,infeasible
2949.152542,0.734694,nan,nan,nan,infeasible
2949.152542,0.816327,nan,nan,nan,infeasible
2949.152542,0.897959,nan,nan,nan,infeasible
2949.152542,0.979592,nan,nan,nan,infeasible
2949.152542,1.061224,nan,nan,nan,infeasible
2949.152542,1.142857,nan,nan,nan,infeasible
2949.152542,1.224490,nan,nan,nan,infeasible
2949.152542,1.306122,nan,nan,nan,infeasible
2949.152542,1.387755,nan,nan,nan,infeasible
2949.152542,1.469388,nan,nan,nan,infeasible
2949.152542,1.551020,nan,nan,nan,infeasible
2949.152542,1.632653,nan,nan,nan,infeasible
2949.152542,1.714286,nan,nan,nan,infeasible
2949.152542,1.795918,nan,nan,nan,infeasible
2949.152542,1.877551,nan,nan,nan,infeasible
2949.152542,1.959184,nan,nan,nan,infeasible
2949.152542,2.040816,nan,nan,nan,infeasible
2949.152542,2.122449,nan,nan,nan,infeasible
2949.152542,2.204082,nan,nan,nan,infeasible
2949.152542,2.285714,nan,nan,nan,infeasible
2949.152542,2.367347,nan,nan,nan,infeasible
2949.152542,2.448980,nan,nan,nan,infeasible
2949.152542,2.530612,nan,nan,nan,infeasible
2949.152542,2.612245,nan,nan,nan,infeasible
2949.152542,2.693878,nan,nan,nan,infeasible
2949.152542,2.775510,nan,nan,nan,infeasible
2949.152542,2.857143,nan,nan,nan,infeasible
2949.152542,2.938776,nan,nan,nan,infeasible
2949.152542,3.020408,nan,nan,nan,infeasible
2949.152542,3.102041,nan,nan,nan,infeasible
2949.152542,3.183673,nan,nan,nan,infeasible
2949.152542,3.265306,nan,nan,nan,infeasible
2949.152542,3.346939,nan,nan,nan,infeasible
2949.152542,3.428571,nan,nan,nan,infeasible
2949.152542,3.510204,nan,nan,nan,infeasible
2949.152542,3.591837,nan,nan,nan,infeasible
2949.152542,3.673469,nan,nan,nan,infeasible
2949.152542,3.755102,nan,nan,nan,infeasible
2949.152542,3.836735,nan,nan,nan,infeasible
2949.152542,3.918367,nan,nan,nan,infeasible
2949.152542,4.000000,nan,nan,nan,infeasible
3050.847458,0.000000,nan,nan,nan,fw_search_failed
3050.847458,0.081633,nan,nan,nan,infeasible
3050.847458,0.163265,nan,nan,nan,infeasible
3050.847458,0.244898,nan,nan,nan,infeasible
3050.847458,0.326531,nan,nan,nan,infeasible
3050.847458,0.408163,nan,nan,nan,infeasible
3050.847458,0.489796,nan,nan,nan,infeasible
3050.847458,0.571429,nan,nan,nan,infeasible
3050.847458,0.653061,nan,nan,nan,infeasible
3050.847458,0.734694,nan,nan,nan,infeasible
3050.847458,0.816327,nan,nan,nan,infeasible
3050.847458,0.897959,nan,nan,nan,infeasible
3050.847458,0.979592,nan,nan,nan,infeasible
3050.847458,1.061224,nan,nan,nan,infeasible
3050.847458,1.142857,nan,nan,nan,infeasible
3050.847458,1.224490,nan,nan,nan,infeasible
3050.847458,1.306122,nan,nan,nan,infeasible
3050.847458,1.387755,nan,nan,nan,infeasible
3050.847458,1.469388,nan,nan,nan,infeasible
3050.847458,1.551020,nan,nan,nan,infeasible
3050.847458,1.632653,nan,nan,nan,infeasible
3050.847458,1.714286,nan,nan,nan,infeasible
3050.847458,1.795918,nan,nan,nan,infeasible
3050.847458,1.877551,nan,nan,nan,infeasible
3050.847458,1.959184,nan,nan,nan,infeasible
3050.847458,2.040816,nan,nan,nan,infeasible
3050.847458,2.122449,nan,nan,nan,infeasible
3050.847458,2.204082,nan,nan,nan,infeasible
3050.847458,2.285714,nan,nan,nan,infeasible
3050.847458,2.367347,nan,nan,nan,infeasible
3050.847458,2.448980,nan,nan,nan,infeasible
3050.847458,2.530612,nan,nan,nan,infeasible
3050.847458,2.612245,nan,nan,nan,infeasible
3050.847458,2.693878,nan,nan,nan,infeasible
3050.847458,2.775510,nan,nan,nan,infeasible
3050.847458,2.857143,nan,nan,nan,infeasible
3050.847458,2.938776,nan,nan,nan,infeasible
3050.847458,3.020408,nan,nan,nan,infeasible
3050.847458,3.102041,nan,nan,nan,infeasible
3050.847458,3.183673,nan,nan,nan,infeasible
3050.847458,3.265306,nan,nan,nan,infeasible
3050.847458,3.346939,nan,nan,nan,infeasible
3050.847458,3.428571,nan,nan,nan,infeasible
3050.847458,3.510204,nan,nan,nan,infeasible
3050.847458,3.591837,nan,nan,nan,infeasible
3050.847458,3.673469,nan,nan,nan,infeasible
3050.847458,3.755102,nan,nan,nan,infeasible
3050.847458,3.836735,nan,nan,nan,infeasible
3050.847458,3.918367,nan,nan,nan,infeasible
3050.847458,4.000000,nan,nan,nan,infeasible
3152.542373,0.000000,nan,nan,nan,fw_search_failed
3152.542373,0.081633,nan,nan,nan,infeasible
3152.542373,0.163265,nan,nan,nan,infeasible
3152.542373,0.244898,nan,nan,nan,infeasible
3152.542373,0.326531,nan,nan,nan,infeasible
3152.542373,0.408163,nan,nan,nan,infeasible
3152.542373,0.489796,nan,nan,nan,infeasible
3152.542373,0.571429,nan,nan,nan,infeasible
3152.542373,0.653061,nan,nan,nan,infeasible
3152.542373,0.734694,nan,nan,nan,infeasible
3152.542373,0.816327,nan,nan,nan,infeasible
3152.542373,0.897959,nan,nan,nan,infeasible
3152.542373,0.979592,nan,nan,nan,infeasible
3152.542373,1.061224,nan,nan,nan,infeasible
3152.542373,1.142857,nan,nan,nan,infeasible
3152.542373,1.224490,nan,nan,nan,infeasible
3152.542373,1.306122,nan,nan,nan,infeasible
3152.542373,1.387755,nan,nan,nan,infeasible
3152.542373,1.469388,nan,nan,nan,infeasible
3152.542373,1.551020,nan,nan,nan,infeasible
3152.542373,1.632653,nan,nan,nan,infeasible
3152.542373,1.714286,nan,nan,nan,infeasible
3152.542373,1.795918,nan,nan,nan,infeasible
3152.542373,1.877551,nan,nan,nan,infeasible
3152.542373,1.959184,nan,nan,nan,infeasible
3152.542373,2.040816,nan,nan,nan,infeasible
3152.542373,2.122449,nan,nan,nan,infeasible
3152.542373,2.204082,nan,nan,nan,infeasible
3152.542373,2.285714,nan,nan,nan,infeasible
3152.542373,2.367347,nan,nan,nan,infeasible
3152.542373,2.448980,nan,nan,nan,infeasible
3152.542373,2.530612,nan,nan,nan,infeasible
3152.542373,2.612245,nan,nan,nan,infeasible
3152.542373,2.693878,nan,nan,nan,infeasible
3152.542373,2.775510,nan,nan,nan,infeasible
3152.542373,2.857143,nan,nan,nan,infeasible
3152.542373,2.938776,nan,nan,nan,infeasible
3152.542373,3.020408,nan,nan,nan,infeasible
3152.542373,3.102041,nan,nan,nan,infeasible
3152.542373,3.183673,nan,nan,nan,infeasible
3152.542373,3.265306,nan,nan,nan,infeasible
3152.542373,3.346939,nan,nan,nan,infeasible
3152.542373,3.428571,nan,nan,nan,infeasible
3152.542373,3.510204,nan,nan,nan,infeasible
3152.542373,3.591837,nan,nan,nan,infeasible
3152.542373,3.673469,nan,nan,nan,infeasible
3152.542373,3.755102,nan,nan,nan,infeasible
3152.542373,3.836735,nan,nan,nan,infeasible
3152.542373,3.918367,nan,nan,nan,infeasible
3152.542373,4.000000,nan,nan,nan,infeasible
3254.237288,0.000000,nan,nan,nan,fw_search_failed
3254.237288,0.081633,nan,nan,nan,infeasible
3254.237288,0.163265,nan,nan,nan,infeasible
3254.237288,0.244898,nan,nan,nan,infeasible
3254.237288,0.326531,nan,nan,nan,infeasible
3254.237288,0.408163,nan,nan,nan,infeasible
3254.237288,0.489796,nan,nan,nan,infeasible
3254.237288,0.571429,nan,nan,nan,infeasible
3254.237288,0.653061,nan,nan,nan,infeasible
3254.237288,0.734694,nan,nan,nan,infeasible
3254.237288,0.816327,nan,nan,nan,infeasible
3254.237288,0.897959,nan,nan,nan,infeasible
3254.237288,0.979592,nan,nan,nan,infeasible
3254.237288,1.061224,nan,nan,nan,infeasible
3254.237288,1.142857,nan,nan,nan,infeasible
3254.237288,1.224490,nan,nan,nan,infeasible
3254.237288,1.306122,nan,nan,nan,infeasible
3254.237288,1.387755,nan,nan,nan,infeasible
3254.237288,1.469388,nan,nan,nan,infeasible
3254.237288,1.551020,nan,nan,nan,infeasible
3254.237288,1.632653,nan,nan,nan,infeasible
3254.237288,1.714286,nan,nan,nan,infeasible
3254.237288,1.795918,nan,nan,nan,infeasible
3254.237288,1.877551,nan,nan,nan,infeasible
3254.237288,1.959184,nan,nan,nan,infeasible
3254.237288,2.040816,nan,nan,nan,infeasible
3254.237288,2.122449,nan,nan,nan,infeasible
3254.237288,2.204082,nan,nan,nan,infeasible
3254.237288,2.285714,nan,nan,nan,infeasible
3254.237288,2.367347,nan,nan,nan,infeasible
3254.237288,2.448980,nan,nan,nan,infeasible
3254.237288,2.530612,nan,nan,nan,infeasible
3254.237288,2.612245,nan,nan,nan,infeasible
3254.237288,2.693878,nan,nan,nan,infeasible
3254.237288,2.775510,nan,nan,nan,infeasible
3254.237288,2.857143,nan,nan,nan,infeasible
3254.237288,2.938776,nan,nan,nan,infeasible
3254.237288,3.020408,nan,nan,nan,infeasible
3254.237288,3.102041,nan,nan,nan,infeasible
3254.237288,3.183673,nan,nan,nan,infeasible
3254.237288,3.265306,nan,nan,nan,infeasible
3254.237288,3.346939,nan,nan,nan,infeasible
3254.237288,3.428571,nan,nan,nan,infeasible
3254.237288,3.510204,nan,nan,nan,infeasible
3254.237288,3.591837,nan,nan,nan,infeasible
3254.237288,3.673469,nan,nan,nan,infeasible
3254.237288,3.755102,nan,nan,nan,infeasible
3254.237288,3.836735,nan,nan,nan,infeasible
3254.237288,3.918367,nan,nan,nan,infeasible
3254.237288,4.000000,nan,nan,nan,infeasible
3355.932203,0.000000,nan,nan,nan,fw_search_failed
3355.932203,0.081633,nan,nan,nan,infeasible
3355.932203,0.163265,nan,nan,nan,infeasible
3355.932203,0.244898,nan,nan,nan,infeasible
3355.932203,0.326531,nan,nan,nan,infeasible
3355.932203,0.408163,nan,nan,nan,infeasible
3355.932203,0.489796,nan,nan,nan,infeasible
3355.932203,0.571429,nan,nan,nan,infeasible
3355.932203,0.653061,nan,nan,nan,infeasible
3355.932203,0.734694,nan,nan,nan,infeasible
3355.932203,0.816327,nan,nan,nan,infeasible
3355.932203,0.897959,nan,nan,nan,infeasible
3355.932203,0.979592,nan,nan,nan,infeasible
3355.932203,1.061224,nan,nan,nan,infeasible
3355.932203,1.142857,nan,nan,nan,infeasible
3355.932203,1.224490,nan,nan,nan,infeasible
3355.932203,1.306122,nan,nan,nan,infeasible
3355.932203,1.387755,nan,nan,nan,infeasible
3355.932203,1.469388,nan,nan,nan,infeasible
3355.932203,1.551020,nan,nan,nan,infeasible
3355.932203,1.632653,nan,nan,nan,infeasible
3355.932203,1.714286,nan,nan,nan,infeasible
3355.932203,1.795918,nan,nan,nan,infeasible
3355.932203,1.877551,nan,nan,nan,infeasible
3355.932203,1.959184,nan,nan,nan,infeasible
3355.932203,2.040816,nan,nan,nan,infeasible
3355.932203,2.122449,nan,nan,nan,infeasible
3355.932203,2.204082,nan,nan,nan,infeasible
3355.932203,2.285714,nan,nan,nan,infeasible
3355.932203,2.367347,nan,nan,nan,infeasible
3355.932203,2.448980,nan,nan,nan,infeasible
3355.932203,2.530612,nan,nan,nan,infeasible
3355.932203,2.612245,nan,nan,nan,infeasible
3355.932203,2.693878,nan,nan,nan,infeasible
3355.932203,2.775510,nan,nan,nan,infeasible
3355.932203,2.857143,nan,nan,nan,infeasible
3355.932203,2.938776,nan,nan,nan,infeasible
3355.932203,3.020408,nan,nan,nan,infeasible
3355.932203,3.102041,nan,nan,nan,infeasible
3355.932203,3.183673,nan,nan,nan,infeasible
3355.932203,3.265306,nan,nan,nan,infeasible
3355.932203,3.346939,nan,nan,nan,infeasible
3355.932203,3.428571,nan,nan,nan,infeasible
3355.932203,3.510204,nan,nan,nan,infeasible
3355.932203,3.591837,nan,nan,nan,infeasible
3355.932203,3.673469,nan,nan,nan,infeasible
3355.932203,3.755102,nan,nan,nan,infeasible
3355.932203,3.836735,nan,nan,nan,infeasible
3355.932203,3.918367,nan,nan,nan,infeasible
3355.932203,4.000000,nan,nan,nan,infeasible
3457.627119,0.000000,nan,nan,nan,fw_search_failed
3457.627119,0.081633,nan,nan,nan,infeasible
3457.627119,0.163265,nan,nan,nan,infeasible
3457.627119,0.244898,nan,nan,nan,infeasible
3457.627119,0.326531,nan,nan,nan,infeasible
3457.627119,0.408163,nan,nan,nan,infeasible
3457.627119,0.489796,nan,nan,nan,infeasible
3457.627119,0.571429,nan,nan,nan,infeasible
3457.627119,0.653061,nan,nan,nan,infeasible
3457.627119,0.734694,nan,nan,nan,infeasible
3457.627119,0.816327,nan,nan,nan,infeasible
3457.627119,0.897959,nan,nan,nan,infeasible
3457.627119,0.979592,nan,nan,nan,infeasible
3457.627119,1.061224,nan,nan,nan,infeasible
3457.627119,1.142857,nan,nan,nan,infeasible
3457.627119,1.224490,nan,nan,nan,infeasible
3457.627119,1.306122,nan,nan,nan,infeasible
3457.627119,1.387755,nan,nan,nan,infeasible
3457.627119,1.469388,nan,nan,nan,infeasible
3457.627119,1.551020,nan,nan,nan,infeasible
3457.627119,1.632653,nan,nan,nan,infeasible
3457.627119,1.714286,nan,nan,nan,infeasible
3457.627119,1.795918,nan,nan,nan,infeasible
3457.627119,1.877551,nan,nan,nan,infeasible
3457.627119,1.959184,nan,nan,nan,infeasible
3457.627119,2.040816,nan,nan,nan,infeasible
3457.627119,2.122449,nan,nan,nan,infeasible
3457.627119,2.204082,nan,nan,nan,infeasible
3457.627119,2.285714,nan,nan,nan,infeasible
3457.627119,2.367347,nan,nan,nan,infeasible
3457.627119,2.448980,nan,nan,nan,infeasible
3457.627119,2.530612,nan,nan,nan,infeasible
3457.627119,2.612245,nan,nan,nan,infeasible
3457.627119,2.693878,nan,nan,nan,infeasible
3457.627119,2.775510,nan,nan,nan,infeasible
3457.627119,2.857143,nan,nan,nan,infeasible
3457.627119,2.938776,nan,nan,nan,infeasible
3457.627119,3.020408,nan,nan,nan,infeasible
3457.627119,3.102041,nan,nan,nan,infeasible
3457.627119,3.183673,nan,nan,nan,infeasible
3457.627119,3.265306,nan,nan,nan,infeasible
3457.627119,3.346939,nan,nan,nan,infeasible
3457.627119,3.428571,nan,nan,nan,infeasible
3457.627119,3.510204,nan,nan,nan,infeasible
3457.627119,3.591837,nan,nan,nan,infeasible
3457.627119,3.673469,nan,nan,nan,infeasible
3457.627119,3.755102,nan,nan,nan,infeasible
3457.627119,3.836735,nan,nan,nan,infeasible
3457.627119,3.918367,nan,nan,nan,infeasible
3457.627119,4.000000,nan,nan,nan,infeasible
3559.322034,0.000000,nan,nan,nan,fw_search_failed
3559.322034,0.081633,nan,nan,nan,infeasible
3559.322034,0.163265,nan,nan,nan,infeasible
3559.322034,0.244898,nan,nan,nan,infeasible
3559.322034,0.326531,nan,nan,nan,infeasible
3559.322034,0.408163,nan,nan,nan,infeasible
3559.322034,0.489796,nan,nan,nan,infeasible
3559.322034,0.571429,nan,nan,nan,infeasible
3559.322034,0.653061,nan,nan,nan,infeasible
3559.322034,0.734694,nan,nan,nan,infeasible
3559.322034,0.816327,nan,nan,nan,infeasible
3559.322034,0.897959,nan,nan,nan,infeasible
3559.322034,0.979592,nan,nan,nan,infeasible
3559.322034,1.061224,nan,nan,nan,infeasible
3559.322034,1.142857,nan,nan,nan,infeasible
3559.322034,1.224490,nan,nan,nan,infeasible
3559.322034,1.306122,nan,nan,nan,infeasible
3559.322034,1.387755,nan,nan,nan,infeasible
3559.322034,1.469388,nan,nan,nan,infeasible
3559.322034,1.551020,nan,nan,nan,infeasible
3559.322034,1.632653,nan,nan,nan,infeasible
3559.322034,1.714286,nan,nan,nan,infeasible
3559.322034,1.795918,nan,nan,nan,infeasible
3559.322034,1.877551,nan,nan,nan,infeasible
3559.322034,1.959184,nan,nan,nan,infeasible
3559.322034,2.040816,nan,nan,nan,infeasible
3559.322034,2.122449,nan,nan,nan,infeasible
3559.322034,2.204082,nan,nan,nan,infeasible
3559.322034,2.285714,nan,nan,nan,infeasible
3559.322034,2.367347,nan,nan,nan,infeasible
3559.322034,2.448980,nan,nan,nan,infeasible
3559.322034,2.530612,nan,nan,nan,infeasible
3559.322034,2.612245,nan,nan,nan,infeasible
3559.322034,2.693878,nan,nan,nan,infeasible
3559.322034,2.775510,nan,nan,nan,infeasible
3559.322034,2.857143,nan,nan,nan,infeasible
3559.322034,2.938776,nan,nan,nan,infeasible
3559.322034,3.020408,nan,nan,nan,infeasible
3559.322034,3.102041,nan,nan,nan,infeasible
3559.322034,3.183673,nan,nan,nan,infeasible
3559.322034,3.265306,nan,nan,nan,infeasible
3559.322034,3.346939,nan,nan,nan,infeasible
3559.322034,3.428571,nan,nan,nan,infeasible
3559.322034,3.510204,nan,nan,nan,infeasible
3559.322034,3.591837,nan,nan,nan,infeasible
3559.322034,3.673469,nan,nan,nan,infeasible
3559.322034,3.755102,nan,nan,nan,infeasible
3559.322034,3.836735,nan,nan,nan,infeasible
3559.322034,3.918367,nan,nan,nan,infeasible
3559.322034,4.000000,nan,nan,nan,infeasible
3661.016949,0.000000,nan,nan,nan,fw_search_failed
3661.016949,0.081633,nan,nan,nan,infeasible
3661.016949,0.163265,nan,nan,nan,infeasible
3661.016949,0.244898,nan,nan,nan,infeasible
3661.016949,0.326531,nan,nan,nan,infeasible
3661.016949,0.408163,nan,nan,nan,infeasible
3661.016949,0.489796,nan,nan,nan,infeasible
3661.016949,0.571429,nan,nan,nan,infeasible
3661.016949,0.653061,nan,nan,nan,infeasible
3661.016949,0.734694,nan,nan,nan,infeasible
3661.016949,0.816327,nan,nan,nan,infeasible
3661.016949,0.897959,nan,nan,nan,infeasible
3661.016949,0.979592,nan,nan,nan,infeasible
3661.016949,1.061224,nan,nan,nan,infeasible
3661.016949,1.142857,nan,nan,nan,infeasible
3661.016949,1.224490,nan,nan,nan,infeasible
3661.016949,1.306122,nan,nan,nan,infeasible
3661.016949,1.387755,nan,nan,nan,infeasible
3661.016949,1.469388,nan,nan,nan,infeasible
3661.016949,1.551020,nan,nan,nan,infeasible
3661.016949,1.632653,nan,nan,nan,infeasible
3661.016949,1.714286,nan,nan,nan,infeasible
3661.016949,1.795918,nan,nan,nan,infeasible
3661.016949,1.877551,nan,nan,nan,infeasible
3661.016949,1.959184,nan,nan,nan,infeasible
3661.016949,2.040816,nan,nan,nan,infeasible
3661.016949,2.122449,nan,nan,nan,infeasible
3661.016949,2.204082,nan,nan,nan,infeasible
3661.016949,2.285714,nan,nan,nan,infeasible
3661.016949,2.367347,nan,nan,nan,infeasible
3661.016949,2.448980,nan,nan,nan,infeasible
3661.016949,2.530612,nan,nan,nan,infeasible
3661.016949,2.612245,nan,nan,nan,infeasible
3661.016949,2.693878,nan,nan,nan,infeasible
3661.016949,2.775510,nan,nan,nan,infeasible
3661.016949,2.857143,nan,nan,nan,infeasible
3661.016949,2.938776,nan,nan,nan,infeasible
3661.016949,3.020408,nan,nan,nan,infeasible
3661.016949,3.102041,nan,nan,nan,infeasible
3661.016949,3.183673,nan,nan,nan,infeasible
3661.016949,3.265306,nan,nan,nan,infeasible
3661.016949,3.346939,nan,nan,nan,infeasible
3661.016949,3.428571,nan,nan,nan,infeasible
3661.016949,3.510204,nan,nan,nan,infeasible
3661.016949,3.591837,nan,nan,nan,infeasible
3661.016949,3.673469,nan,nan,nan,infeasible
3661.016949,3.755102,nan,nan,nan,infeasible
3661.016949,3.836735,nan,nan,nan,infeasible
3661.016949,3.918367,nan,nan,nan,infeasible
3661.016949,4.000000,nan,nan,nan,infeasible
3762.711864,0.000000,nan,nan,nan,fw_search_failed
3762.711864,0.081633,nan,nan,nan,infeasible
3762.711864,0.163265,nan,nan,nan,infeasible
3762.711864,0.244898,nan,nan,nan,infeasible
3762.711864,0.326531,nan,nan,nan,infeasible
3762.711864,0.408163,nan,nan,nan,infeasible
3762.711864,0.489796,nan,nan,nan,infeasible
3762.711864,0.571429,nan,nan,nan,infeasible
3762.711864,0.653061,nan,nan,nan,infeasible
3762.711864,0.734694,nan,nan,nan,infeasible
3762.711864,0.816327,nan,nan,nan,infeasible
3762.711864,0.897959,nan,nan,nan,infeasible
3762.711864,0.979592,nan,nan,nan,infeasible
3762.711864,1.061224,nan,nan,nan,infeasible
3762.711864,1.142857,nan,nan,nan,infeasible
3762.711864,1.224490,nan,nan,nan,infeasible
3762.711864,1.306122,nan,nan,nan,infeasible
3762.711864,1.387755,nan,nan,nan,infeasible
3762.711864,1.469388,nan,nan,nan,infeasible
3762.711864,1.551020,nan,nan,nan,infeasible
3762.711864,1.632653,nan,nan,nan,infeasible
3762.711864,1.714286,nan,nan,nan,infeasible
3762.711864,1.795918,nan,nan,nan,infeasible
3762.711864,1.877551,nan,nan,nan,infeasible
3762.711864,1.959184,nan,nan,nan,infeasible
3762.711864,2.040816,nan,nan,nan,infeasible
3762.711864,2.122449,nan,nan,nan,infeasible
3762.711864,2.204082,nan,nan,nan,infeasible
3762.711864,2.285714,nan,nan,nan,infeasible
3762.711864,2.367347,nan,nan,nan,infeasible
3762.711864,2.448980,nan,nan,nan,infeasible
3762.711864,2.530612,nan,nan,nan,infeasible
3762.711864,2.612245,nan,nan,nan,infeasible
3762.711864,2.693878,nan,nan,nan,infeasible
3762.711864,2.775510,nan,nan,nan,infeasible
3762.711864,2.857143,nan,nan,nan,infeasible
3762.711864,2.938776,nan,nan,nan,infeasible
3762.711864,3.020408,nan,nan,nan,infeasible
3762.711864,3.102041,nan,nan,nan,infeasible
3762.711864,3.183673,nan,nan,nan,infeasible
3762.711864,3.265306,nan,nan,nan,infeasible
3762.711864,3.346939,nan,nan,nan,infeasible
3762.711864,3.428571,nan,nan,nan,infeasible
3762.711864,3.510204,nan,nan,nan,infeasible
3762.711864,3.591837,nan,nan,nan,infeasible
3762.711864,3.673469,nan,nan,nan,infeasible
3762.711864,3.755102,nan,nan,nan,infeasible
3762.711864,3.836735,nan,nan,nan,infeasible
3762.711864,3.918367,nan,nan,nan,infeasible
3762.711864,4.000000,nan,nan,nan,infeasible
3864.406780,0.000000,nan,nan,nan,fw_search_failed
3864.406780,0.081633,nan,nan,nan,infeasible
3864.406780,0.163265,nan,nan,nan,infeasible
3864.406780,0.244898,nan,nan,nan,infeasible
3864.406780,0.326531,nan,nan,nan,infeasible
3864.406780,0.408163,nan,nan,nan,infeasible
3864.406780,0.489796,nan,nan,nan,infeasible
3864.406780,0.571429,nan,nan,nan,infeasible
3864.406780,0.653061,nan,nan,nan,infeasible
3864.406780,0.734694,nan,nan,nan,infeasible
3864.406780,0.816327,nan,nan,nan,infeasible
3864.406780,0.897959,nan,nan,nan,infeasible
3864.406780,0.979592,nan,nan,nan,infeasible
3864.406780,1.061224,nan,nan,nan,infeasible
3864.406780,1.142857,nan,nan,nan,infeasible
3864.406780,1.224490,nan,nan,nan,infeasible
3864.406780,1.306122,nan,nan,nan,infeasible
3864.406780,1.387755,nan,nan,nan,infeasible
3864.406780,1.469388,nan,nan,nan,infeasible
3864.406780,1.551020,nan,nan,nan,infeasible
3864.406780,1.632653,nan,nan,nan,infeasible
3864.406780,1.714286,nan,nan,nan,infeasible
3864.406780,1.795918,nan,nan,nan,infeasible
3864.406780,1.877551,nan,nan,nan,infeasible
3864.406780,1.959184,nan,nan,nan,infeasible
3864.406780,2.040816,nan,nan,nan,infeasible
3864.406780,2.122449,nan,nan,nan,infeasible
3864.406780,2.204082,nan,nan,nan,infeasible
3864.406780,2.285714,nan,nan,nan,infeasible
3864.406780,2.367347,nan,nan,nan,infeasible
3864.406780,2.448980,nan,nan,nan,infeasible
3864.406780,2.530612,nan,nan,nan,infeasible
3864.406780,2.612245,nan,nan,nan,infeasible
3864.406780,2.693878,nan,nan,nan,infeasible
3864.406780,2.775510,nan,nan,nan,infeasible
3864.406780,2.857143,nan,nan,nan,infeasible
3864.406780,2.938776,nan,nan,nan,infeasible
3864.406780,3.020408,nan,nan,nan,infeasible
3864.406780,3.102041,nan,nan,nan,infeasible
3864.406780,3.183673,nan,nan,nan,infeasible
3864.406780,3.265306,nan,nan,nan,infeasible
3864.406780,3.346939,nan,nan,nan,infeasible
3864.406780,3.428571,nan,nan,nan,infeasible
3864.406780,3.510204,nan,nan,nan,infeasible
3864.406780,3.591837,nan,nan,nan,infeasible
3864.406780,3.673469,nan,nan,nan,infeasible
3864.406780,3.755102,nan,nan,nan,infeasible
3864.406780,3.836735,nan,nan,nan,infeasible
3864.406780,3.918367,nan,nan,nan,infeasible
3864.406780,4.000000,nan,nan,nan,infeasible
3966.101695,0.000000,nan,nan,nan,fw_search_failed
3966.101695,0.081633,nan,nan,nan,infeasible
3966.101695,0.163265,nan,nan,nan,infeasible
3966.101695,0.244898,nan,nan,nan,infeasible
3966.101695,0.326531,nan,nan,nan,infeasible
3966.101695,0.408163,nan,nan,nan,infeasible
3966.101695,0.489796,nan,nan,nan,infeasible
3966.101695,0.571429,nan,nan,nan,infeasible
3966.101695,0.653061,nan,nan,nan,infeasible
3966.101695,0.734694,nan,nan,nan,infeasible
3966.101695,0.816327,nan,nan,nan,infeasible
3966.101695,0.897959,nan,nan,nan,infeasible
3966.101695,0.979592,nan,nan,nan,infeasible
3966.101695,1.061224,nan,nan,nan,infeasible
3966.101695,1.142857,nan,nan,nan,infeasible
3966.101695,1.224490,nan,nan,nan,infeasible
3966.101695,1.306122,nan,nan,nan,infeasible
3966.101695,1.387755,nan,nan,nan,infeasible
3966.101695,1.469388,nan,nan,nan,infeasible
3966.101695,1.551020,nan,nan,nan,infeasible
3966.101695,1.632653,nan,nan,nan,infeasible
3966.101695,1.714286,nan,nan,nan,infeasible
3966.101695,1.795918,nan,nan,nan,infeasible
3966.101695,1.877551,nan,nan,nan,infeasible
3966.101695,1.959184,nan,nan,nan,infeasible
3966.101695,2.040816,nan,nan,nan,infeasible
3966.101695,2.122449,nan,nan,nan,infeasible
3966.101695,2.204082,nan,nan,nan,infeasible
3966.101695,2.285714,nan,nan,nan,infeasible
3966.101695,2.367347,nan,nan,nan,infeasible
3966.101695,2.448980,nan,nan,nan,infeasible
3966.101695,2.530612,nan,nan,nan,infeasible
3966.101695,2.612245,nan,nan,nan,infeasible
3966.101695,2.693878,nan,nan,nan,infeasible
3966.101695,2.775510,nan,nan,nan,infeasible
3966.101695,2.857143,nan,nan,nan,infeasible
3966.101695,2.938776,nan,nan,nan,infeasible
3966.101695,3.020408,nan,nan,nan,infeasible
3966.101695,3.102041,nan,nan,nan,infeasible
3966.101695,3.183673,nan,nan,nan,infeasible
3966.101695,3.265306,nan,nan,nan,infeasible
3966.101695,3.346939,nan,nan,nan,infeasible
3966.101695,3.428571,nan,nan,nan,infeasible
3966.101695,3.510204,nan,nan,nan,infeasible
3966.101695,3.591837,nan,nan,nan,infeasible
3966.101695,3.673469,nan,nan,nan,infeasible
3966.101695,3.755102,nan,nan,nan,infeasible
3966.101695,3.836735,nan,nan,nan,infeasible
3966.101695,3.918367,nan,nan,nan,infeasible
3966.101695,4.000000,nan,nan,nan,infeasible
4067.796610,0.000000,nan,nan,nan,fw_search_failed
4067.796610,0.081633,nan,nan,nan,infeasible
4067.796610,0.163265,nan,nan,nan,infeasible
4067.796610,0.244898,nan,nan,nan,infeasible
4067.796610,0.326531,nan,nan,nan,infeasible
4067.796610,0.408163,nan,nan,nan,infeasible
4067.796610,0.489796,nan,nan,nan,infeasible
4067.796610,0.571429,nan,nan,nan,infeasible
4067.796610,0.653061,nan,nan,nan,infeasible
4067.796610,0.734694,nan,nan,nan,infeasible
4067.796610,0.816327,nan,nan,nan,infeasible
4067.796610,0.897959,nan,nan,nan,infeasible
4067.796610,0.979592,nan,nan,nan,infeasible
4067.796610,1.061224,nan,nan,nan,infeasible
4067.796610,1.142857,nan,nan,nan,infeasible
4067.796610,1.224490,nan,nan,nan,infeasible
4067.796610,1.306122,nan,nan,nan,infeasible
4067.796610,1.387755,nan,nan,nan,infeasible
4067.796610,1.469388,nan,nan,nan,infeasible
4067.796610,1.551020,nan,nan,nan,infeasible
4067.796610,1.632653,nan,nan,nan,infeasible
4067.796610,1.714286,nan,nan,nan,infeasible
4067.796610,1.795918,nan,nan,nan,infeasible
4067.796610,1.877551,nan,nan,nan,infeasible
4067.796610,1.959184,nan,nan,nan,infeasible
4067.796610,2.040816,nan,nan,nan,infeasible
4067.796610,2.122449,nan,nan,nan,infeasible
4067.796610,2.204082,nan,nan,nan,infeasible
4067.796610,2.285714,nan,nan,nan,infeasible
4067.796610,2.367347,nan,nan,nan,infeasible
4067.796610,2.448980,nan,nan,nan,infeasible
4067.796610,2.530612,nan,nan,nan,infeasible
4067.796610,2.612245,nan,nan,nan,infeasible
4067.796610,2.693878,nan,nan,nan,infeasible
4067.796610,2.775510,nan,nan,nan,infeasible
4067.796610,2.857143,nan,nan,nan,infeasible
4067.796610,2.938776,nan,nan,nan,infeasible
4067.796610,3.020408,nan,nan,nan,infeasible
4067.796610,3.102041,nan,nan,nan,infeasible
4067.796610,3.183673,nan,nan,nan,infeasible
4067.796610,3.265306,nan,nan,nan,infeasible
4067.796610,3.346939,nan,nan,nan,infeasible
4067.796610,3.428571,nan,nan,nan,infeasible
4067.796610,3.510204,nan,nan,nan,infeasible
4067.796610,3.591837,nan,nan,nan,infeasible
4067.796610,3.673469,nan,nan,nan,infeasible
4067.796610,3.755102,nan,nan,nan,infeasible
4067.796610,3.836735,nan,nan,nan,infeasible
4067.796610,3.918367,nan,nan,nan,infeasible
4067.796610,4.000000,nan,nan,nan,infeasible
4169.491525,0.000000,nan,nan,nan,fw_search_failed
4169.491525,0.081633,nan,nan,nan,infeasible
4169.491525,0.163265,nan,nan,nan,infeasible
4169.491525,0.244898,nan,nan,nan,infeasible
4169.491525,0.326531,nan,nan,nan,infeasible
4169.491525,0.408163,nan,nan,nan,infeasible
4169.491525,0.489796,nan,nan,nan,infeasible
4169.491525,0.571429,nan,nan,nan,infeasible
4169.491525,0.653061,nan,nan,nan,infeasible
4169.491525,0.734694,nan,nan,nan,infeasible
4169.491525,0.816327,nan,nan,nan,infeasible
4169.491525,0.897959,nan,nan,nan,infeasible
4169.491525,0.979592,nan,nan,nan,infeasible
4169.491525,1.061224,nan,nan,nan,infeasible
4169.491525,1.142857,nan,nan,nan,infeasible
4169.491525,1.224490,nan,nan,nan,infeasible
4169.491525,1.306122,nan,nan,nan,infeasible
4169.491525,1.387755,nan,nan,nan,infeasible
4169.491525,1.469388,nan,nan,nan,infeasible
4169.491525,1.551020,nan,nan,nan,infeasible
4169.491525,1.632653,nan,nan,nan,infeasible
4169.491525,1.714286,nan,nan,nan,infeasible
4169.491525,1.795918,nan,nan,nan,infeasible
4169.491525,1.877551,nan,nan,nan,infeasible
4169.491525,1.959184,nan,nan,nan,infeasible
4169.491525,2.040816,nan,nan,nan,infeasible
4169.491525,2.122449,nan,nan,nan,infeasible
4169.491525,2.204082,nan,nan,nan,infeasible
4169.491525,2.285714,nan,nan,nan,infeasible
4169.491525,2.367347,nan,nan,nan,infeasible
4169.491525,2.448980,nan,nan,nan,infeasible
4169.491525,2.530612,nan,nan,nan,infeasible
4169.491525,2.612245,nan,nan,nan,infeasible
4169.491525,2.693878,nan,nan,nan,infeasible
4169.491525,2.775510,nan,nan,nan,infeasible
4169.491525,2.857143,nan,nan,nan,infeasible
4169.491525,2.938776,nan,nan,nan,infeasible
4169.491525,3.020408,nan,nan,nan,infeasible
4169.491525,3.102041,nan,nan,nan,infeasible
4169.491525,3.183673,nan,nan,nan,infeasible
4169.491525,3.265306,nan,nan,nan,infeasible
4169.491525,3.346939,nan,nan,nan,infeasible
4169.491525,3.428571,nan,nan,nan,infeasible
4169.491525,3.510204,nan,nan,nan,infeasible
4169.491525,3.591837,nan,nan,nan,infeasible
4169.491525,3.673469,nan,nan,nan,infeasible
4169.491525,3.755102,nan,nan,nan,infeasible
4169.491525,3.836735,nan,nan,nan,infeasible
4169.491525,3.918367,nan,nan,nan,infeasible
4169.491525,4.000000,nan,nan,nan,infeasible
4271.186441,0.000000,nan,nan,nan,fw_search_failed
4271.186441,0.081633,nan,nan,nan,infeasible
4271.186441,0.163265,nan,nan,nan,infeasible
4271.186441,0.244898,nan,nan,nan,infeasible
4271.186441,0.326531,nan,nan,nan,infeasible
4271.186441,0.408163,nan,nan,nan,infeasible
4271.186441,0.489796,nan,nan,nan,infeasible
4271.186441,0.571429,nan,nan,nan,infeasible
4271.186441,0.653061,nan,nan,nan,infeasible
4271.186441,0.734694,nan,nan,nan,infeasible
4271.186441,0.816327,nan,nan,nan,infeasible
4271.186441,0.897959,nan,nan,nan,infeasible
4271.186441,0.979592,nan,nan,nan,infeasible
4271.186441,1.061224,nan,nan,nan,infeasible
4271.186441,1.142857,nan,nan,nan,infeasible
4271.186441,1.224490,nan,nan,nan,infeasible
4271.186441,1.306122,nan,nan,nan,infeasible
4271.186441,1.387755,nan,nan,nan,infeasible
4271.186441,1.469388,nan,nan,nan,infeasible
4271.186441,1.551020,nan,nan,nan,infeasible
4271.186441,1.632653,nan,nan,nan,infeasible
4271.186441,1.714286,nan,nan,nan,infeasible
4271.186441,1.795918,nan,nan,nan,infeasible
4271.186441,1.877551,nan,nan,nan,infeasible
4271.186441,1.959184,nan,nan,nan,infeasible
4271.186441,2.040816,nan,nan,nan,infeasible
4271.186441,2.122449,nan,nan,nan,infeasible
4271.186441,2.204082,nan,nan,nan,infeasible
4271.186441,2.285714,nan,nan,nan,infeasible
4271.186441,2.367347,nan,nan,nan,infeasible
4271.186441,2.448980,nan,nan,nan,infeasible
4271.186441,2.530612,nan,nan,nan,infeasible
4271.186441,2.612245,nan,nan,nan,infeasible
4271.186441,2.693878,nan,nan,nan,infeasible
4271.186441,2.775510,nan,nan,nan,infeasible
4271.186441,2.857143,nan,nan,nan,infeasible
4271.186441,2.938776,nan,nan,nan,infeasible
4271.186441,3.020408,nan,nan,nan,infeasible
4271.186441,3.102041,nan,nan,nan,infeasible
4271.186441,3.183673,nan,nan,nan,infeasible
4271.186441,3.265306,nan,nan,nan,infeasible
4271.186441,3.346939,nan,nan,nan,infeasible
4271.186441,3.428571,nan,nan,nan,infeasible
4271.186441,3.510204,nan,nan,nan,infeasible
4271.186441,3.591837,nan,nan,nan,infeasible
4271.186441,3.673469,nan,nan,nan,infeasible
4271.186441,3.755102,nan,nan,nan,infeasible
4271.186441,3.836735,nan,nan,nan,infeasible
4271.186441,3.918367,nan,nan,nan,infeasible
4271.186441,4.000000,nan,nan,nan,infeasible
4372.881356,0.000000,nan,nan,nan,fw_search_failed
4372.881356,0.081633,nan,nan,nan,infeasible
4372.881356,0.163265,nan,nan,nan,infeasible
4372.881356,0.244898,nan,nan,nan,infeasible
4372.881356,0.326531,nan,nan,nan,infeasible
4372.881356,0.408163,nan,nan,nan,infeasible
4372.881356,0.489796,nan,nan,nan,infeasible
4372.881356,0.571429,nan,nan,nan,infeasible
4372.881356,0.653061,nan,nan,nan,infeasible
4372.881356,0.734694,nan,nan,nan,infeasible
4372.881356,0.816327,nan,nan,nan,infeasible
4372.881356,0.897959,nan,nan,nan,infeasible
4372.881356,0.979592,nan,nan,nan,infeasible
4372.881356,1.061224,nan,nan,nan,infeasible
4372.881356,1.142857,nan,nan,nan,infeasible
4372.881356,1.224490,nan,nan,nan,infeasible
4372.881356,1.306122,nan,nan,nan,infeasible
4372.881356,1.387755,nan,nan,nan,infeasible
4372.881356,1.469388,nan,nan,nan,infeasible
4372.881356,1.551020,nan,nan,nan,infeasible
4372.881356,1.632653,nan,nan,nan,infeasible
4372.881356,1.714286,nan,nan,nan,infeasible
4372.881356,1.795918,nan,nan,nan,infeasible
4372.881356,1.877551,nan,nan,nan,infeasible
4372.881356,1.959184,nan,nan,nan,infeasible
4372.881356,2.040816,nan,nan,nan,infeasible
4372.881356,2.122449,nan,nan,nan,infeasible
4372.881356,2.204082,nan,nan,nan,infeasible
4372.881356,2.285714,nan,nan,nan,infeasible
4372.881356,2.367347,nan,nan,nan,infeasible
4372.881356,2.448980,nan,nan,nan,infeasible
4372.881356,2.530612,nan,nan,nan,infeasible
4372.881356,2.612245,nan,nan,nan,infeasible
4372.881356,2.693878,nan,nan,nan,infeasible
4372.881356,2.775510,nan,nan,nan,infeasible
4372.881356,2.857143,nan,nan,nan,infeasible
4372.881356,2.938776,nan,nan,nan,infeasible
4372.881356,3.020408,nan,nan,nan,infeasible
4372.881356,3.102041,nan,nan,nan,infeasible
4372.881356,3.183673,nan,nan,nan,infeasible
4372.881356,3.265306,nan,nan,nan,infeasible
4372.881356,3.346939,nan,nan,nan,infeasible
4372.881356,3.428571,nan,nan,nan,infeasible
4372.881356,3.510204,nan,nan,nan,infeasible
4372.881356,3.591837,nan,nan,nan,infeasible
4372.881356,3.673469,nan,nan,nan,infeasible
4372.881356,3.755102,nan,nan,nan,infeasible
4372.881356,3.836735,nan,nan,nan,infeasible
4372.881356,3.918367,nan,nan,nan,infeasible
4372.881356,4.000000,nan,nan,nan,infeasible
4474.576271,0.000000,nan,nan,nan,fw_search_failed
4474.576271,0.081633,nan,nan,nan,infeasible
4474.576271,0.163265,nan,nan,nan,infeasible
4474.576271,0.244898,nan,nan,nan,infeasible
4474.576271,0.326531,nan,nan,nan,infeasible
4474.576271,0.408163,nan,nan,nan,infeasible
4474.576271,0.489796,nan,nan,nan,infeasible
4474.576271,0.571429,nan,nan,nan,infeasible
4474.576271,0.653061,nan,nan,nan,infeasible
4474.576271,0.734694,nan,nan,nan,infeasible
4474.576271,0.816327,nan,nan,nan,infeasible
4474.576271,0.897959,nan,nan,nan,infeasible
4474.576271,0.979592,nan,nan,nan,infeasible
4474.576271,1.061224,nan,nan,nan,infeasible
4474.576271,1.142857,nan,nan,nan,infeasible
4474.576271,1.224490,nan,nan,nan,infeasible
4474.576271,1.306122,nan,nan,nan,infeasible
4474.576271,1.387755,nan,nan,nan,infeasible
4474.576271,1.469388,nan,nan,nan,infeasible
4474.576271,1.551020,nan,nan,nan,infeasible
4474.576271,1.632653,nan,nan,nan,infeasible
4474.576271,1.714286,nan,nan,nan,infeasible
4474.576271,1.795918,nan,nan,nan,infeasible
4474.576271,1.877551,nan,nan,nan,infeasible
4474.576271,1.959184,nan,nan,nan,infeasible
4474.576271,2.040816,nan,nan,nan,infeasible
4474.576271,2.122449,nan,nan,nan,infeasible
4474.576271,2.204082,nan,nan,nan,infeasible
4474.576271,2.285714,nan,nan,nan,infeasible
4474.576271,2.367347,nan,nan,nan,infeasible
4474.576271,2.448980,nan,nan,nan,infeasible
4474.576271,2.530612,nan,nan,nan,infeasible
4474.576271,2.612245,nan,nan,nan,infeasible
4474.576271,2.693878,nan,nan,nan,infeasible
4474.576271,2.775510,nan,nan,nan,infeasible
4474.576271,2.857143,nan,nan,nan,infeasible
4474.576271,2.938776,nan,nan,nan,infeasible
4474.576271,3.020408,nan,nan,nan,infeasible
4474.576271,3.102041,nan,nan,nan,infeasible
4474.576271,3.183673,nan,nan,nan,infeasible
4474.576271,3.265306,nan,nan,nan,infeasible
4474.576271,3.346939,nan,nan,nan,infeasible
4474.576271,3.428571,nan,nan,nan,infeasible
4474.576271,3.510204,nan,nan,nan,infeasible
4474.576271,3.591837,nan,nan,nan,infeasible
4474.576271,3.673469,nan,nan,nan,infeasible
4474.576271,3.755102,nan,nan,nan,infeasible
4474.576271,3.836735,nan,nan,nan,infeasible
4474.576271,3.918367,nan,nan,nan,infeasible
4474.576271,4.000000,nan,nan,nan,infeasible
4576.271186,0.000000,nan,nan,nan,fw_search_failed
4576.271186,0.081633,nan,nan,nan,infeasible
4576.271186,0.163265,nan,nan,nan,infeasible
4576.271186,0.244898,nan,nan,nan,infeasible
4576.271186,0.326531,nan,nan,nan,infeasible
4576.271186,0.408163,nan,nan,nan,infeasible
4576.271186,0.489796,nan,nan,nan,infeasible
4576.271186,0.571429,nan,nan,nan,infeasible
4576.271186,0.653061,nan,nan,nan,infeasible
4576.271186,0.734694,nan,nan,nan,infeasible
4576.271186,0.816327,nan,nan,nan,infeasible
4576.271186,0.897959,nan,nan,nan,infeasible
4576.271186,0.979592,nan,nan,nan,infeasible
4576.271186,1.061224,nan,nan,nan,infeasible
4576.271186,1.142857,nan,nan,nan,infeasible
4576.271186,1.224490,nan,nan,nan,infeasible
4576.271186,1.306122,nan,nan,nan,infeasible
4576.271186,1.387755,nan,nan,nan,infeasible
4576.271186,1.469388,nan,nan,nan,infeasible
4576.271186,1.551020,nan,nan,nan,infeasible
4576.271186,1.632653,nan,nan,nan,infeasible
4576.271186,1.714286,nan,nan,nan,infeasible
4576.271186,1.795918,nan,nan,nan,infeasible
4576.271186,1.877551,nan,nan,nan,infeasible
4576.271186,1.959184,nan,nan,nan,infeasible
4576.271186,2.040816,nan,nan,nan,infeasible
4576.271186,2.122449,nan,nan,nan,infeasible
4576.271186,2.204082,nan,nan,nan,infeasible
4576.271186,2.285714,nan,nan,nan,infeasible
4576.271186,2.367347,nan,nan,nan,infeasible
4576.271186,2.448980,nan,nan,nan,infeasible
4576.271186,2.530612,nan,nan,nan,infeasible
4576.271186,2.612245,nan,nan,nan,infeasible
4576.271186,2.693878,nan,nan,nan,infeasible
4576.271186,2.775510,nan,nan,nan,infeasible
4576.271186,2.857143,nan,nan,nan,infeasible
4576.271186,2.938776,nan,nan,nan,infeasible
4576.271186,3.020408,nan,nan,nan,infeasible
4576.271186,3.102041,nan,nan,nan,infeasible
4576.271186,3.183673,nan,nan,nan,infeasible
4576.271186,3.265306,nan,nan,nan,infeasible
4576.271186,3.346939,nan,nan,nan,infeasible
4576.271186,3.428571,nan,nan,nan,infeasible
4576.271186,3.510204,nan,nan,nan,infeasible
4576.271186,3.591837,nan,nan,nan,infeasible
4576.271186,3.673469,nan,nan,nan,infeasible
4576.271186,3.755102,nan,nan,nan,infeasible
4576.271186,3.836735,nan,nan,nan,infeasible
4576.271186,3.918367,nan,nan,nan,infeasible
4576.271186,4.000000,nan,nan,nan,infeasible
4677.966102,0.000000,nan,nan,nan,fw_search_failed
4677.966102,0.081633,nan,nan,nan,infeasible
4677.966102,0.163265,nan,nan,nan,infeasible
4677.966102,0.244898,nan,nan,nan,infeasible
4677.966102,0.326531,nan,nan,nan,infeasible
4677.966102,0.408163,nan,nan,nan,infeasible
4677.966102,0.489796,nan,nan,nan,infeasible
4677.966102,0.571429,nan,nan,nan,infeasible
4677.966102,0.653061,nan,nan,nan,infeasible
4677.966102,0.734694,nan,nan,nan,infeasible
4677.966102,0.816327,nan,nan,nan,infeasible
4677.966102,0.897959,nan,nan,nan,infeasible
4677.966102,0.979592,nan,nan,nan,infeasible
4677.966102,1.061224,nan,nan,nan,infeasible
4677.966102,1.142857,nan,nan,nan,infeasible
4677.966102,1.224490,nan,nan,nan,infeasible
4677.966102,1.306122,nan,nan,nan,infeasible
4677.966102,1.387755,nan,nan,nan,infeasible
4677.966102,1.469388,nan,nan,nan,infeasible
4677.966102,1.551020,nan,nan,nan,infeasible
4677.966102,1.632653,nan,nan,nan,infeasible
4677.966102,1.714286,nan,nan,nan,infeasible
4677.966102,1.795918,nan,nan,nan,infeasible
4677.966102,1.877551,nan,nan,nan,infeasible
4677.966102,1.959184,nan,nan,nan,infeasible
4677.966102,2.040816,nan,nan,nan,infeasible
4677.966102,2.122449,nan,nan,nan,infeasible
4677.966102,2.204082,nan,nan,nan,infeasible
4677.966102,2.285714,nan,nan,nan,infeasible
4677.966102,2.367347,nan,nan,nan,infeasible
4677.966102,2.448980,nan,nan,nan,infeasible
4677.966102,2.530612,nan,nan,nan,infeasible
4677.966102,2.612245,nan,nan,nan,infeasible
4677.966102,2.693878,nan,nan,nan,infeasible
4677.966102,2.775510,nan,nan,nan,infeasible
4677.966102,2.857143,nan,nan,nan,infeasible
4677.966102,2.938776,nan,nan,nan,infeasible
4677.966102,3.020408,nan,nan,nan,infeasible
4677.966102,3.102041,nan,nan,nan,infeasible
4677.966102,3.183673,nan,nan,nan,infeasible
4677.966102,3.265306,nan,nan,nan,infeasible
4677.966102,3.346939,nan,nan,nan,infeasible
4677.966102,3.428571,nan,nan,nan,infeasible
4677.966102,3.510204,nan,nan,nan,infeasible
4677.966102,3.591837,nan,nan,nan,infeasible
4677.966102,3.673469,nan,nan,nan,infeasible
4677.966102,3.755102,nan,nan,nan,infeasible
4677.966102,3.836735,nan,nan,nan,infeasible
4677.966102,3.918367,nan,nan,nan,infeasible
4677.966102,4.000000,nan,nan,nan,infeasible
4779.661017,0.000000,nan,nan,nan,fw_search_failed
4779.661017,0.081633,nan,nan,nan,infeasible
4779.661017,0.163265,nan,nan,nan,infeasible
4779.661017,0.244898,nan,nan,nan,infeasible
4779.661017,0.326531,nan,nan,nan,infeasible
4779.661017,0.408163,nan,nan,nan,infeasible
4779.661017,0.489796,nan,nan,nan,infeasible
4779.661017,0.571429,nan,nan,nan,infeasible
4779.661017,0.653061,nan,nan,nan,infeasible
4779.661017,0.734694,nan,nan,nan,infeasible
4779.661017,0.816327,nan,nan,nan,infeasible
4779.661017,0.897959,nan,nan,nan,infeasible
4779.661017,0.979592,nan,nan,nan,infeasible
4779.661017,1.061224,nan,nan,nan,infeasible
4779.661017,1.142857,nan,nan,nan,infeasible
4779.661017,1.224490,nan,nan,nan,infeasible
4779.661017,1.306122,nan,nan,nan,infeasible
4779.661017,1.387755,nan,nan,nan,infeasible
4779.661017,1.469388,nan,nan,nan,infeasible
4779.661017,1.551020,nan,nan,nan,infeasible
4779.661017,1.632653,nan,nan,nan,infeasible
4779.661017,1.714286,nan,nan,nan,infeasible
4779.661017,1.795918,nan,nan,nan,infeasible
4779.661017,1.877551,nan,nan,nan,infeasible
4779.661017,1.959184,nan,nan,nan,infeasible
4779.661017,2.040816,nan,nan,nan,infeasible
4779.661017,2.122449,nan,nan,nan,infeasible
4779.661017,2.204082,nan,nan,nan,infeasible
4779.661017,2.285714,nan,nan,nan,infeasible
4779.661017,2.367347,nan,nan,nan,infeasible
4779.661017,2.448980,nan,nan,nan,infeasible
4779.661017,2.530612,nan,nan,nan,infeasible
4779.661017,2.612245,nan,nan,nan,infeasible
4779.661017,2.693878,nan,nan,nan,infeasible
4779.661017,2.775510,nan,nan,nan,infeasible
4779.661017,2.857143,nan,nan,nan,infeasible
4779.661017,2.938776,nan,nan,nan,infeasible
4779.661017,3.020408,nan,nan,nan,infeasible
4779.661017,3.102041,nan,nan,nan,infeasible
4779.661017,3.183673,nan,nan,nan,infeasible
4779.661017,3.265306,nan,nan,nan,infeasible
4779.661017,3.346939,nan,nan,nan,infeasible
4779.661017,3.428571,nan,nan,nan,infeasible
4779.661017,3.510204,nan,nan,nan,infeasible
4779.661017,3.591837,nan,nan,nan,infeasible
4779.661017,3.673469,nan,nan,nan,infeasible
4779.661017,3.755102,nan,nan,nan,infeasible
4779.661017,3.836735,nan,nan,nan,infeasible
4779.661017,3.918367,nan,nan,nan,infeasible
4779.661017,4.000000,nan,nan,nan,infeasible
4881.355932,0.000000,nan,nan,nan,fw_search_failed
4881.355932,0.081633,nan,nan,nan,infeasible
4881.355932,0.163265,nan,nan,nan,infeasible
4881.355932,0.244898,nan,nan,nan,infeasible
4881.355932,0.326531,nan,nan,nan,infeasible
4881.355932,0.408163,nan,nan,nan,infeasible
4881.355932,0.489796,nan,nan,nan,infeasible
4881.355932,0.571429,nan,nan,nan,infeasible
4881.355932,0.653061,nan,nan,nan,infeasible
4881.355932,0.734694,nan,nan,nan,infeasible
4881.355932,0.816327,nan,nan,nan,infeasible
4881.355932,0.897959,nan,nan,nan,infeasible
4881.355932,0.979592,nan,nan,nan,infeasible
4881.355932,1.061224,nan,nan,nan,infeasible
4881.355932,1.142857,nan,nan,nan,infeasible
4881.355932,1.224490,nan,nan,nan,infeasible
4881.355932,1.306122,nan,nan,nan,infeasible
4881.355932,1.387755,nan,nan,nan,infeasible
4881.355932,1.469388,nan,nan,nan,infeasible
4881.355932,1.551020,nan,nan,nan,infeasible
4881.355932,1.632653,nan,nan,nan,infeasible
4881.355932,1.714286,nan,nan,nan,infeasible
4881.355932,1.795918,nan,nan,nan,infeasible
4881.355932,1.877551,nan,nan,nan,infeasible
4881.355932,1.959184,nan,nan,nan,infeasible
4881.355932,2.040816,nan,nan,nan,infeasible
4881.355932,2.122449,nan,nan,nan,infeasible
4881.355932,2.204082,nan,nan,nan,infeasible
4881.355932,2.285714,nan,nan,nan,infeasible
4881.355932,2.367347,nan,nan,nan,infeasible
4881.355932,2.448980,nan,nan,nan,infeasible
4881.355932,2.530612,nan,nan,nan,infeasible
4881.355932,2.612245,nan,nan,nan,infeasible
4881.355932,2.693878,nan,nan,nan,infeasible
4881.355932,2.775510,nan,nan,nan,infeasible
4881.355932,2.857143,nan,nan,nan,infeasible
4881.355932,2.938776,nan,nan,nan,infeasible
4881.355932,3.020408,nan,nan,nan,infeasible
4881.355932,3.102041,nan,nan,nan,infeasible
4881.355932,3.183673,nan,nan,nan,infeasible
4881.355932,3.265306,nan,nan,nan,infeasible
4881.355932,3.346939,nan,nan,nan,infeasible
4881.355932,3.428571,nan,nan,nan,infeasible
4881.355932,3.510204,nan,nan,nan,infeasible
4881.355932,3.591837,nan,nan,nan,infeasible
4881.355932,3.673469,nan,nan,nan,infeasible
4881.355932,3.755102,nan,nan,nan,infeasible
4881.355932,3.836735,nan,nan,nan,infeasible
4881.355932,3.918367,nan,nan,nan,infeasible
4881.355932,4.000000,nan,nan,nan,infeasible
4983.050847,0.000000,nan,nan,nan,fw_search_failed
4983.050847,0.081633,nan,nan,nan,infeasible
4983.050847,0.163265,nan,nan,nan,infeasible
4983.050847,0.244898,nan,nan,nan,infeasible
4983.050847,0.326531,nan,nan,nan,infeasible
4983.050847,0.408163,nan,nan,nan,infeasible
4983.050847,0.489796,nan,nan,nan,infeasible
4983.050847,0.571429,nan,nan,nan,infeasible
4983.050847,0.653061,nan,nan,nan,infeasible
4983.050847,0.734694,nan,nan,nan,infeasible
4983.050847,0.816327,nan,nan,nan,infeasible
4983.050847,0.897959,nan,nan,nan,infeasible
4983.050847,0.979592,nan,nan,nan,infeasible
4983.050847,1.061224,nan,nan,nan,infeasible
4983.050847,1.142857,nan,nan,nan,infeasible
4983.050847,1.224490,nan,nan,nan,infeasible
4983.050847,1.306122,nan,nan,nan,infeasible
4983.050847,1.387755,nan,nan,nan,infeasible
4983.050847,1.469388,nan,nan,nan,infeasible
4983.050847,1.551020,nan,nan,nan,infeasible
4983.050847,1.632653,nan,nan,nan,infeasible
4983.050847,1.714286,nan,nan,nan,infeasible
4983.050847,1.795918,nan,nan,nan,infeasible
4983.050847,1.877551,nan,nan,nan,infeasible
4983.050847,1.959184,nan,nan,nan,infeasible
4983.050847,2.040816,nan,nan,nan,infeasible
4983.050847,2.122449,nan,nan,nan,infeasible
4983.050847,2.204082,nan,nan,nan,infeasible
4983.050847,2.285714,nan,nan,nan,infeasible
4983.050847,2.367347,nan,nan,nan,infeasible
4983.050847,2.448980,nan,nan,nan,infeasible
4983.050847,2.530612,nan,nan,nan,infeasible
4983.050847,2.612245,nan,nan,nan,infeasible
4983.050847,2.693878,nan,nan,nan,infeasible
4983.050847,2.775510,nan,nan,nan,infeasible
4983.050847,2.857143,nan,nan,nan,infeasible
4983.050847,2.938776,nan,nan,nan,infeasible
4983.050847,3.020408,nan,nan,nan,infeasible
4983.050847,3.102041,nan,nan,nan,infeasible
4983.050847,3.183673,nan,nan,nan,infeasible
4983.050847,3.265306,nan,nan,nan,infeasible
4983.050847,3.346939,nan,nan,nan,infeasible
4983.050847,3.428571,nan,nan,nan,infeasible
4983.050847,3.510204,nan,nan,nan,infeasible
4983.050847,3.591837,nan,nan,nan,infeasible
4983.050847,3.673469,nan,nan,nan,infeasible
4983.050847,3.755102,nan,nan,nan,infeasible
4983.050847,3.836735,nan,nan,nan,infeasible
4983.050847,3.918367,nan,nan,nan,infeasible
4983.050847,4.000000,nan,nan,nan,infeasible
5084.745763,0.000000,nan,nan,nan,fw_search_failed
5084.745763,0.081633,nan,nan,nan,infeasible
5084.745763,0.163265,nan,nan,nan,infeasible
5084.745763,0.244898,nan,nan,nan,infeasible
5084.745763,0.326531,nan,nan,nan,infeasible
5084.745763,0.408163,nan,nan,nan,infeasible
5084.745763,0.489796,nan,nan,nan,infeasible
5084.745763,0.571429,nan,nan,nan,infeasible
5084.745763,0.653061,nan,nan,nan,infeasible
5084.745763,0.734694,nan,nan,nan,infeasible
5084.745763,0.816327,nan,nan,nan,infeasible
5084.745763,0.897959,nan,nan,nan,infeasible
5084.745763,0.979592,nan,nan,nan,infeasible
5084.745763,1.061224,nan,nan,nan,infeasible
5084.745763,1.142857,nan,nan,nan,infeasible
5084.745763,1.224490,nan,nan,nan,infeasible
5084.745763,1.306122,nan,nan,nan,infeasible
5084.745763,1.387755,nan,nan,nan,infeasible
5084.745763,1.469388,nan,nan,nan,infeasible
5084.745763,1.551020,nan,nan,nan,infeasible
5084.745763,1.632653,nan,nan,nan,infeasible
5084.745763,1.714286,nan,nan,nan,infeasible
5084.745763,1.795918,nan,nan,nan,infeasible
5084.745763,1.877551,nan,nan,nan,infeasible
5084.745763,1.959184,nan,nan,nan,infeasible
5084.745763,2.040816,nan,nan,nan,infeasible
5084.745763,2.122449,nan,nan,nan,infeasible
5084.745763,2.204082,nan,nan,nan,infeasible
5084.745763,2.285714,nan,nan,nan,infeasible
5084.745763,2.367347,nan,nan,nan,infeasible
5084.745763,2.448980,nan,nan,nan,infeasible
5084.745763,2.530612,nan,nan,nan,infeasible
5084.745763,2.612245,nan,nan,nan,infeasible
5084.745763,2.693878,nan,nan,nan,infeasible
5084.745763,2.775510,nan,nan,nan,infeasible
5084.745763,2.857143,nan,nan,nan,infeasible
5084.745763,2.938776,nan,nan,nan,infeasible
5084.745763,3.020408,nan,nan,nan,infeasible
5084.745763,3.102041,nan,nan,nan,infeasible
5084.745763,3.183673,nan,nan,nan,infeasible
5084.745763,3.265306,nan,nan,nan,infeasible
5084.745763,3.346939,nan,nan,nan,infeasible
5084.745763,3.428571,nan,nan,nan,infeasible
5084.745763,3.510204,nan,nan,nan,infeasible
5084.745763,3.591837,nan,nan,nan,infeasible
5084.745763,3.673469,nan,nan,nan,infeasible
5084.745763,3.755102,nan,nan,nan,infeasible
5084.745763,3.836735,nan,nan,nan,infeasible
5084.745763,3.918367,nan,nan,nan,infeasible
5084.745763,4.000000,nan,nan,nan,infeasible
5186.440678,0.000000,nan,nan,nan,fw_search_failed
5186.440678,0.081633,nan,nan,nan,infeasible
5186.440678,0.163265,nan,nan,nan,infeasible
5186.440678,0.244898,nan,nan,nan,infeasible
5186.440678,0.326531,nan,nan,nan,infeasible
5186.440678,0.408163,nan,nan,nan,infeasible
5186.440678,0.489796,nan,nan,nan,infeasible
5186.440678,0.571429,nan,nan,nan,infeasible
5186.440678,0.653061,nan,nan,nan,infeasible
5186.440678,0.734694,nan,nan,nan,infeasible
5186.440678,0.816327,nan,nan,nan,infeasible
5186.440678,0.897959,nan,nan,nan,infeasible
5186.440678,0.979592,nan,nan,nan,infeasible
5186.440678,1.061224,nan,nan,nan,infeasible
5186.440678,1.142857,nan,nan,nan,infeasible
5186.440678,1.224490,nan,nan,nan,infeasible
5186.440678,1.306122,nan,nan,nan,infeasible
5186.440678,1.387755,nan,nan,nan,infeasible
5186.440678,1.469388,nan,nan,nan,infeasible
5186.440678,1.551020,nan,nan,nan,infeasible
5186.440678,1.632653,nan,nan,nan,infeasible
5186.440678,1.714286,nan,nan,nan,infeasible
5186.440678,1.795918,nan,nan,nan,infeasible
5186.440678,1.877551,nan,nan,nan,infeasible
5186.440678,1.959184,nan,nan,nan,infeasible
5186.440678,2.040816,nan,nan,nan,infeasible
5186.440678,2.122449,nan,nan,nan,infeasible
5186.440678,2.204082,nan,nan,nan,infeasible
5186.440678,2.285714,nan,nan,nan,infeasible
5186.440678,2.367347,nan,nan,nan,infeasible
5186.440678,2.448980,nan,nan,nan,infeasible
5186.440678,2.530612,nan,nan,nan,infeasible
5186.440678,2.612245,nan,nan,nan,infeasible
5186.440678,2.693878,nan,nan,nan,infeasible
5186.440678,2.775510,nan,nan,nan,infeasible
5186.440678,2.857143,nan,nan,nan,infeasible
5186.440678,2.938776,nan,nan,nan,infeasible
5186.440678,3.020408,nan,nan,nan,infeasible
5186.440678,3.102041,nan,nan,nan,infeasible
5186.440678,3.183673,nan,nan,nan,infeasible
5186.440678,3.265306,nan,nan,nan,infeasible
5186.440678,3.346939,nan,nan,nan,infeasible
5186.440678,3.428571,nan,nan,nan,infeasible
5186.440678,3.510204,nan,nan,nan,infeasible
5186.440678,3.591837,nan,nan,nan,infeasible
5186.440678,3.673469,nan,nan,nan,infeasible
5186.440678,3.755102,nan,nan,nan,infeasible
5186.440678,3.836735,nan,nan,nan,infeasible
5186.440678,3.918367,nan,nan,nan,infeasible
5186.440678,4.000000,nan,nan,nan,infeasible
5288.135593,0.000000,nan,nan,nan,fw_search_failed
5288.135593,0.081633,nan,nan,nan,infeasible
5288.135593,0.163265,nan,nan,nan,infeasible
5288.135593,0.244898,nan,nan,nan,infeasible
5288.135593,0.326531,nan,nan,nan,infeasible
5288.135593,0.408163,nan,nan,nan,infeasible
5288.135593,0.489796,nan,nan,nan,infeasible
5288.135593,0.571429,nan,nan,nan,infeasible
5288.135593,0.653061,nan,nan,nan,infeasible
5288.135593,0.734694,nan,nan,nan,infeasible
5288.135593,0.816327,nan,nan,nan,infeasible
5288.135593,0.897959,nan,nan,nan,infeasible
5288.135593,0.979592,nan,nan,nan,infeasible
5288.135593,1.061224,nan,nan,nan,infeasible
5288.135593,1.142857,nan,nan,nan,infeasible
5288.135593,1.224490,nan,nan,nan,infeasible
5288.135593,1.306122,nan,nan,nan,infeasible
5288.135593,1.387755,nan,nan,nan,infeasible
5288.135593,1.469388,nan,nan,nan,infeasible
5288.135593,1.551020,nan,nan,nan,infeasible
5288.135593,1.632653,nan,nan,nan,infeasible
5288.135593,1.714286,nan,nan,nan,infeasible
5288.135593,1.795918,nan,nan,nan,infeasible
5288.135593,1.877551,nan,nan,nan,infeasible
5288.135593,1.959184,nan,nan,nan,infeasible
5288.135593,2.040816,nan,nan,nan,infeasible
5288.135593,2.122449,nan,nan,nan,infeasible
5288.135593,2.204082,nan,nan,nan,infeasible
5288.135593,2.285714,nan,nan,nan,infeasible
5288.135593,2.367347,nan,nan,nan,infeasible
5288.135593,2.448980,nan,nan,nan,infeasible
5288.135593,2.530612,nan,nan,nan,infeasible
5288.135593,2.612245,nan,nan,nan,infeasible
5288.135593,2.693878,nan,nan,nan,infeasible
5288.135593,2.775510,nan,nan,nan,infeasible
5288.135593,2.857143,nan,nan,nan,infeasible
5288.135593,2.938776,nan,nan,nan,infeasible
5288.135593,3.020408,nan,nan,nan,infeasible
5288.135593,3.102041,nan,nan,nan,infeasible
5288.135593,3.183673,nan,nan,nan,infeasible
5288.135593,3.265306,nan,nan,nan,infeasible
5288.135593,3.346939,nan,nan,nan,infeasible
5288.135593,3.428571,nan,nan,nan,infeasible
5288.135593,3.510204,nan,nan,nan,infeasible
5288.135593,3.591837,nan,nan,nan,infeasible
5288.135593,3.673469,nan,nan,nan,infeasible
5288.135593,3.755102,nan,nan,nan,infeasible
5288.135593,3.836735,nan,nan,nan,infeasible
5288.135593,3.918367,nan,nan,nan,infeasible
5288.135593,4.000000,nan,nan,nan,infeasible
5389.830508,0.000000,nan,nan,nan,fw_search_failed
5389.830508,0.081633,nan,nan,nan,infeasible
5389.830508,0.163265,nan,nan,nan,infeasible
5389.830508,0.244898,nan,nan,nan,infeasible
5389.830508,0.326531,nan,nan,nan,infeasible
5389.830508,0.408163,nan,nan,nan,infeasible
5389.830508,0.489796,nan,nan,nan,infeasible
5389.830508,0.571429,nan,nan,nan,infeasible
5389.830508,0.653061,nan,nan,nan,infeasible
5389.830508,0.734694,nan,nan,nan,infeasible
5389.830508,0.816327,nan,nan,nan,infeasible
5389.830508,0.897959,nan,nan,nan,infeasible
5389.830508,0.979592,nan,nan,nan,infeasible
5389.830508,1.061224,nan,nan,nan,infeasible
5389.830508,1.142857,nan,nan,nan,infeasible
5389.830508,1.224490,nan,nan,nan,infeasible
5389.830508,1.306122,nan,nan,nan,infeasible
5389.830508,1.387755,nan,nan,nan,infeasible
5389.830508,1.469388,nan,nan,nan,infeasible
5389.830508,1.551020,nan,nan,nan,infeasible
5389.830508,1.632653,nan,nan,nan,infeasible
5389.830508,1.714286,nan,nan,nan,infeasible
5389.830508,1.795918,nan,nan,nan,infeasible
5389.830508,1.877551,nan,nan,nan,infeasible
5389.830508,1.959184,nan,nan,nan,infeasible
5389.830508,2.040816,nan,nan,nan,infeasible
5389.830508,2.122449,nan,nan,nan,infeasible
5389.830508,2.204082,nan,nan,nan,infeasible
5389.830508,2.285714,nan,nan,nan,infeasible
5389.830508,2.367347,nan,nan,nan,infeasible
5389.830508,2.448980,nan,nan,nan,infeasible
5389.830508,2.530612,nan,nan,nan,infeasible
5389.830508,2.612245,nan,nan,nan,infeasible
5389.830508,2.693878,nan,nan,nan,infeasible
5389.830508,2.775510,nan,nan,nan,infeasible
5389.830508,2.857143,nan,nan,nan,infeasible
5389.830508,2.938776,nan,nan,nan,infeasible
5389.830508,3.020408,nan,nan,nan,infeasible
5389.830508,3.102041,nan,nan,nan,infeasible
5389.830508,3.183673,nan,nan,nan,infeasible
5389.830508,3.265306,nan,nan,nan,infeasible
5389.830508,3.346939,nan,nan,nan,infeasible
5389.830508,3.428571,nan,nan,nan,infeasible
5389.830508,3.510204,nan,nan,nan,infeasible
5389.830508,3.591837,nan,nan,nan,infeasible
5389.830508,3.673469,nan,nan,nan,infeasible
5389.830508,3.755102,nan,nan,nan,infeasible
5389.830508,3.836735,nan,nan,nan,infeasible
5389.830508,3.918367,nan,nan,nan,infeasible
5389.830508,4.000000,nan,nan,nan,infeasible
5491.525424,0.000000,nan,nan,nan,fw_search_failed
5491.525424,0.081633,nan,nan,nan,infeasible
5491.525424,0.163265,nan,nan,nan,infeasible
5491.525424,0.244898,nan,nan,nan,infeasible
5491.525424,0.326531,nan,nan,nan,infeasible
5491.525424,0.408163,nan,nan,nan,infeasible
5491.525424,0.489796,nan,nan,nan,infeasible
5491.525424,0.571429,nan,nan,nan,infeasible
5491.525424,0.653061,nan,nan,nan,infeasible
5491.525424,0.734694,nan,nan,nan,infeasible
5491.525424,0.816327,nan,nan,nan,infeasible
5491.525424,0.897959,nan,nan,nan,infeasible
5491.525424,0.979592,nan,nan,nan,infeasible
5491.525424,1.061224,nan,nan,nan,infeasible
5491.525424,1.142857,nan,nan,nan,infeasible
5491.525424,1.224490,nan,nan,nan,infeasible
5491.525424,1.306122,nan,nan,nan,infeasible
5491.525424,1.387755,nan,nan,nan,infeasible
5491.525424,1.469388,nan,nan,nan,infeasible
5491.525424,1.551020,nan,nan,nan,infeasible
5491.525424,1.632653,nan,nan,nan,infeasible
5491.525424,1.714286,nan,nan,nan,infeasible
5491.525424,1.795918,nan,nan,nan,infeasible
5491.525424,1.877551,nan,nan,nan,infeasible
5491.525424,1.959184,nan,nan,nan,infeasible
5491.525424,2.040816,nan,nan,nan,infeasible
5491.525424,2.122449,nan,nan,nan,infeasible
5491.525424,2.204082,nan,nan,nan,infeasible
5491.525424,2.285714,nan,nan,nan,infeasible
5491.525424,2.367347,nan,nan,nan,infeasible
5491.525424,2.448980,nan,nan,nan,infeasible
5491.525424,2.530612,nan,nan,nan,infeasible
5491.525424,2.612245,nan,nan,nan,infeasible
5491.525424,2.693878,nan,nan,nan,infeasible
5491.525424,2.775510,nan,nan,nan,infeasible
5491.525424,2.857143,nan,nan,nan,infeasible
5491.525424,2.938776,nan,nan,nan,infeasible
5491.525424,3.020408,nan,nan,nan,infeasible
5491.525424,3.102041,nan,nan,nan,infeasible
5491.525424,3.183673,nan,nan,nan,infeasible
5491.525424,3.265306,nan,nan,nan,infeasible
5491.525424,3.346939,nan,nan,nan,infeasible
5491.525424,3.428571,nan,nan,nan,infeasible
5491.525424,3.510204,nan,nan,nan,infeasible
5491.525424,3.591837,nan,nan,nan,infeasible
5491.525424,3.673469,nan,nan,nan,infeasible
5491.525424,3.755102,nan,nan,nan,infeasible
5491.525424,3.836735,nan,nan,nan,infeasible
5491.525424,3.918367,nan,nan,nan,infeasible
5491.525424,4.000000,nan,nan,nan,infeasible
5593.220339,0.000000,nan,nan,nan,fw_search_failed
5593.220339,0.081633,nan,nan,nan,infeasible
5593.220339,0.163265,nan,nan,nan,infeasible
5593.220339,0.244898,nan,nan,nan,infeasible
5593.220339,0.326531,nan,nan,nan,infeasible
5593.220339,0.408163,nan,nan,nan,infeasible
5593.220339,0.489796,nan,nan,nan,infeasible
5593.220339,0.571429,nan,nan,nan,infeasible
5593.220339,0.653061,nan,nan,nan,infeasible
5593.220339,0.734694,nan,nan,nan,infeasible
5593.220339,0.816327,nan,nan,nan,infeasible
5593.220339,0.897959,nan,nan,nan,infeasible
5593.220339,0.979592,nan,nan,nan,infeasible
5593.220339,1.061224,nan,nan,nan,infeasible
5593.220339,1.142857,nan,nan,nan,infeasible
5593.220339,1.224490,nan,nan,nan,infeasible
5593.220339,1.306122,nan,nan,nan,infeasible
5593.220339,1.387755,nan,nan,nan,infeasible
5593.220339,1.469388,nan,nan,nan,infeasible
5593.220339,1.551020,nan,nan,nan,infeasible
5593.220339,1.632653,nan,nan,nan,infeasible
5593.220339,1.714286,nan,nan,nan,infeasible
5593.220339,1.795918,nan,nan,nan,infeasible
5593.220339,1.877551,nan,nan,nan,infeasible
5593.220339,1.959184,nan,nan,nan,infeasible
5593.220339,2.040816,nan,nan,nan,infeasible
5593.220339,2.122449,nan,nan,nan,infeasible
5593.220339,2.204082,nan,nan,nan,infeasible
5593.220339,2.285714,nan,nan,nan,infeasible
5593.220339,2.367347,nan,nan,nan,infeasible
5593.220339,2.448980,nan,nan,nan,infeasible
5593.220339,2.530612,nan,nan,nan,infeasible
5593.220339,2.612245,nan,nan,nan,infeasible
5593.220339,2.693878,nan,nan,nan,infeasible
5593.220339,2.775510,nan,nan,nan,infeasible
5593.220339,2.857143,nan,nan,nan,infeasible
5593.220339,2.938776,nan,nan,nan,infeasible
5593.220339,3.020408,nan,nan,nan,infeasible
5593.220339,3.102041,nan,nan,nan,infeasible
5593.220339,3.183673,nan,nan,nan,infeasible
5593.220339,3.265306,nan,nan,nan,infeasible
5593.220339,3.346939,nan,nan,nan,infeasible
5593.220339,3.428571,nan,nan,nan,infeasible
5593.220339,3.510204,nan,nan,nan,infeasible
5593.220339,3.591837,nan,nan,nan,infeasible
5593.220339,3.673469,nan,nan,nan,infeasible
5593.220339,3.755102,nan,nan,nan,infeasible
5593.220339,3.836735,nan,nan,nan,infeasible
5593.220339,3.918367,nan,nan,nan,infeasible
5593.220339,4.000000,nan,nan,nan,infeasible
5694.915254,0.000000,nan,nan,nan,fw_search_failed
5694.915254,0.081633,nan,nan,nan,infeasible
5694.915254,0.163265,nan,nan,nan,infeasible
5694.915254,0.244898,nan,nan,nan,infeasible
5694.915254,0.326531,nan,nan,nan,infeasible
5694.915254,0.408163,nan,nan,nan,infeasible
5694.915254,0.489796,nan,nan,nan,infeasible
5694.915254,0.571429,nan,nan,nan,infeasible
5694.915254,0.653061,nan,nan,nan,infeasible
5694.915254,0.734694,nan,nan,nan,infeasible
5694.915254,0.816327,nan,nan,nan,infeasible
5694.915254,0.897959,nan,nan,nan,infeasible
5694.915254,0.979592,nan,nan,nan,infeasible
5694.915254,1.061224,nan,nan,nan,infeasible
5694.915254,1.142857,nan,nan,nan,infeasible
5694.915254,1.224490,nan,nan,nan,infeasible
5694.915254,1.306122,nan,nan,nan,infeasible
5694.915254,1.387755,nan,nan,nan,infeasible
5694.915254,1.469388,nan,nan,nan,infeasible
5694.915254,1.551020,nan,nan,nan,infeasible
5694.915254,1.632653,nan,nan,nan,infeasible
5694.915254,1.714286,nan,nan,nan,infeasible
5694.915254,1.795918,nan,nan,nan,infeasible
5694.915254,1.877551,nan,nan,nan,infeasible
5694.915254,1.959184,nan,nan,nan,infeasible
5694.915254,2.040816,nan,nan,nan,infeasible
5694.915254,2.122449,nan,nan,nan,infeasible
5694.915254,2.204082,nan,nan,nan,infeasible
5694.915254,2.285714,nan,nan,nan,infeasible
5694.915254,2.367347,nan,nan,nan,infeasible
5694.915254,2.448980,nan,nan,nan,infeasible
5694.915254,2.530612,nan,nan,nan,infeasible
5694.915254,2.612245,nan,nan,nan,infeasible
5694.915254,2.693878,nan,nan,nan,infeasible
5694.915254,2.775510,nan,nan,nan,infeasible
5694.915254,2.857143,nan,nan,nan,infeasible
5694.915254,2.938776,nan,nan,nan,infeasible
5694.915254,3.020408,nan,nan,nan,infeasible
5694.915254,3.102041,nan,nan,nan,infeasible
5694.915254,3.183673,nan,nan,nan,infeasible
5694.915254,3.265306,nan,nan,nan,infeasible
5694.915254,3.346939,nan,nan,nan,infeasible
5694.915254,3.428571,nan,nan,nan,infeasible
5694.915254,3.510204,nan,nan,nan,infeasible
5694.915254,3.591837,nan,nan,nan,infeasible
5694.915254,3.673469,nan,nan,nan,infeasible
5694.915254,3.755102,nan,nan,nan,infeasible
5694.915254,3.836735,nan,nan,nan,infeasible
5694.915254,3.918367,nan,nan,nan,infeasible
5694.915254,4.000000,nan,nan,nan,infeasible
5796.610169,0.000000,nan,nan,nan,fw_search_failed
5796.610169,0.081633,nan,nan,nan,infeasible
5796.610169,0.163265,nan,nan,nan,infeasible
5796.610169,0.244898,nan,nan,nan,infeasible
5796.610169,0.326531,nan,nan,nan,infeasible
5796.610169,0.408163,nan,nan,nan,infeasible
5796.610169,0.489796,nan,nan,nan,infeasible
5796.610169,0.571429,nan,nan,nan,infeasible
5796.610169,0.653061,nan,nan,nan,infeasible
5796.610169,0.734694,nan,nan,nan,infeasible
5796.610169,0.816327,nan,nan,nan,infeasible
5796.610169,0.897959,nan,nan,nan,infeasible
5796.610169,0.979592,nan,nan,nan,infeasible
5796.610169,1.061224,nan,nan,nan,infeasible
5796.610169,1.142857,nan,nan,nan,infeasible
5796.610169,1.224490,nan,nan,nan,infeasible
5796.610169,1.306122,nan,nan,nan,infeasible
5796.610169,1.387755,nan,nan,nan,infeasible
5796.610169,1.469388,nan,nan,nan,infeasible
5796.610169,1.551020,nan,nan,nan,infeasible
5796.610169,1.632653,nan,nan,nan,infeasible
5796.610169,1.714286,nan,nan,nan,infeasible
5796.610169,1.795918,nan,nan,nan,infeasible
5796.610169,1.877551,nan,nan,nan,infeasible
5796.610169,1.959184,nan,nan,nan,infeasible
5796.610169,2.040816,nan,nan,nan,infeasible
5796.610169,2.122449,nan,nan,nan,infeasible
5796.610169,2.204082,nan,nan,nan,infeasible
5796.610169,2.285714,nan,nan,nan,infeasible
5796.610169,2.367347,nan,nan,nan,infeasible
5796.610169,2.448980,nan,nan,nan,infeasible
5796.610169,2.530612,nan,nan,nan,infeasible
5796.610169,2.612245,nan,nan,nan,infeasible
5796.610169,2.693878,nan,nan,nan,infeasible
5796.610169,2.775510,nan,nan,nan,infeasible
5796.610169,2.857143,nan,nan,nan,infeasible
5796.610169,2.938776,nan,nan,nan,infeasible
5796.610169,3.020408,nan,nan,nan,infeasible
5796.610169,3.102041,nan,nan,nan,infeasible
5796.610169,3.183673,nan,nan,nan,infeasible
5796.610169,3.265306,nan,nan,nan,infeasible
5796.610169,3.346939,nan,nan,nan,infeasible
5796.610169,3.428571,nan,nan,nan,infeasible
5796.610169,3.510204,nan,nan,nan,infeasible
5796.610169,3.591837,nan,nan,nan,infeasible
5796.610169,3.673469,nan,nan,nan,infeasible
5796.610169,3.755102,nan,nan,nan,infeasible
5796.610169,3.836735,nan,nan,nan,infeasible
5796.610169,3.918367,nan,nan,nan,infeasible
5796.610169,4.000000,nan,nan,nan,infeasible
5898.305085,0.000000,nan,nan,nan,fw_search_failed
5898.305085,0.081633,nan,nan,nan,infeasible
5898.305085,0.163265,nan,nan,nan,infeasible
5898.305085,0.244898,nan,nan,nan,infeasible
5898.305085,0.326531,nan,nan,nan,infeasible
5898.305085,0.408163,nan,nan,nan,infeasible
5898.305085,0.489796,nan,nan,nan,infeasible
5898.305085,0.571429,nan,nan,nan,infeasible
5898.305085,0.653061,nan,nan,nan,infeasible
5898.305085,0.734694,nan,nan,nan,infeasible
5898.305085,0.816327,nan,nan,nan,infeasible
5898.305085,0.897959,nan,nan,nan,infeasible
5898.305085,0.979592,nan,nan,nan,infeasible
5898.305085,1.061224,nan,nan,nan,infeasible
5898.305085,1.142857,nan,nan,nan,infeasible
5898.305085,1.224490,nan,nan,nan,infeasible
5898.305085,1.306122,nan,nan,nan,infeasible
5898.305085,1.387755,nan,nan,nan,infeasible
5898.305085,1.469388,nan,nan,nan,infeasible
5898.305085,1.551020,nan,nan,nan,infeasible
5898.305085,1.632653,nan,nan,nan,infeasible
5898.305085,1.714286,nan,nan,nan,infeasible
5898.305085,1.795918,nan,nan,nan,infeasible
5898.305085,1.877551,nan,nan,nan,infeasible
5898.305085,1.959184,nan,nan,nan,infeasible
5898.305085,2.040816,nan,nan,nan,infeasible
5898.305085,2.122449,nan,nan,nan,infeasible
5898.305085,2.204082,nan,nan,nan,infeasible
5898.305085,2.285714,nan,nan,nan,infeasible
5898.305085,2.367347,nan,nan,nan,infeasible
5898.305085,2.448980,nan,nan,nan,infeasible
5898.305085,2.530612,nan,nan,nan,infeasible
5898.305085,2.612245,nan,nan,nan,infeasible
5898.305085,2.693878,nan,nan,nan,infeasible
5898.305085,2.775510,nan,nan,nan,infeasible
5898.305085,2.857143,nan,nan,nan,infeasible
5898.305085,2.938776,nan,nan,nan,infeasible
5898.305085,3.020408,nan,nan,nan,infeasible
5898.305085,3.102041,nan,nan,nan,infeasible
5898.305085,3.183673,nan,nan,nan,infeasible
5898.305085,3.265306,nan,nan,nan,infeasible
5898.305085,3.346939,nan,nan,nan,infeasible
5898.305085,3.428571,nan,nan,nan,infeasible
5898.305085,3.510204,nan,nan,nan,infeasible
5898.305085,3.591837,nan,nan,nan,infeasible
5898.305085,3.673469,nan,nan,nan,infeasible
5898.305085,3.755102,nan,nan,nan,infeasible
5898.305085,3.836735,nan,nan,nan,infeasible
5898.305085,3.918367,nan,nan,nan,infeasible
5898.305085,4.000000,nan,nan,nan,infeasible
6000.000000,0.000000,nan,nan,nan,fw_search_failed
6000.000000,0.081633,nan,nan,nan,infeasible
6000.000000,0.163265,nan,nan,nan,infeasible
6000.000000,0.244898,nan,nan,nan,infeasible
6000.000000,0.326531,nan,nan,nan,infeasible
6000.000000,0.408163,nan,nan,nan,infeasible
6000.000000,0.489796,nan,nan,nan,infeasible
6000.000000,0.571429,nan,nan,nan,infeasible
6000.000000,0.653061,nan,nan,nan,infeasible
6000.000000,0.734694,nan,nan,nan,infeasible
6000.000000,0.816327,nan,nan,nan,infeasible
6000.000000,0.897959,nan,nan,nan,infeasible
6000.000000,0.979592,nan,nan,nan,infeasible
6000.000000,1.061224,nan,nan,nan,infeasible
6000.000000,1.142857,nan,nan,nan,infeasible
6000.000000,1.224490,nan,nan,nan,infeasible
6000.000000,1.306122,nan,nan,nan,infeasible
6000.000000,1.387755,nan,nan,nan,infeasible
6000.000000,1.469388,nan,nan,nan,infeasible
6000.000000,1.551020,nan,nan,nan,infeasible
6000.000000,1.632653,nan,nan,nan,infeasible
6000.000000,1.714286,nan,nan,nan,infeasible
6000.000000,1.795918,nan,nan,nan,infeasible
6000.000000,1.877551,nan,nan,nan,infeasible
6000.000000,1.959184,nan,nan,nan,infeasible
6000.000000,2.040816,nan,nan,nan,infeasible
6000.000000,2.122449,nan,nan,nan,infeasible
6000.000000,2.204082,nan,nan,nan,infeasible
6000.000000,2.285714,nan,nan,nan,infeasible
6000.000000,2.367347,nan,nan,nan,infeasible
6000.000000,2.448980,nan,nan,nan,infeasible
6000.000000,2.530612,nan,nan,nan,infeasible
6000.000000,2.612245,nan,nan,nan,infeasible
6000.000000,2.693878,nan,nan,nan,infeasible
6000.000000,2.775510,nan,nan,nan,infeasible
6000.000000,2.857143,nan,nan,nan,infeasible
6000.000000,2.938776,nan,nan,nan,infeasible
6000.000000,3.020408,nan,nan,nan,infeasible
6000.000000,3.102041,nan,nan,nan,infeasible
6000.000000,3.183673,nan,nan,nan,infeasible
6000.000000,3.265306,nan,nan,nan,infeasible
6000.000000,3.346939,nan,nan,nan,infeasible
6000.000000,3.428571,nan,nan,nan,infeasible
6000.000000,3.510204,nan,nan,nan,infeasible
6000.000000,3.591837,nan,nan,nan,infeasible
6000.000000,3.673469,nan,nan,nan,infeasible
6000.000000,3.755102,nan,nan,nan,infeasible
6000.000000,3.836735,nan,nan,nan,infeasible
6000.000000,3.918367,nan,nan,nan,infeasible
6000.000000,4.000000,nan,nan,nan,infeasible
