Id,Iq,Phi_d_pred,Phi_q_pred
-300,0,0.0071254,-0.0321933
-296.203,0,0.00710099,-0.0321161
-292.405,0,0.00709655,-0.0319671
-288.608,0,0.00710757,-0.0317619
-284.81,0,0.00712978,-0.0315147
-281.013,0,0.00715934,-0.0312381
-277.215,0,0.00719301,-0.0309429
-273.418,0,0.00722828,-0.0306378
-269.62,0,0.00726342,-0.0303287
-265.823,0,0.0072975,-0.0300196
-262.025,0,0.00733038,-0.0297117
-258.228,0,0.00736259,-0.0294043
-254.43,0,0.00739519,-0.0290951
-250.633,0,0.00742957,-0.0287806
-246.835,0,0.00746726,-0.0284564
-243.038,0,0.00750969,-0.0281184
-239.241,0,0.00755799,-0.0277628
-235.443,0,0.00761287,-0.0273869
-231.646,0,0.00767447,-0.0269894
-227.848,0,0.00774233,-0.0265708
-224.051,0,0.00781542,-0.0261328
-220.253,0,0.00789221,-0.0256792
-216.456,0,0.00797087,-0.0252147
-212.658,0,0.00804941,-0.0247446
-208.861,0,0.00812592,-0.0242748
-205.063,0,0.00819879,-0.0238104
-201.266,0,0.00826686,-0.0233556
-197.468,0,0.0083296,-0.0229133
-193.671,0,0.00838714,-0.0224841
-189.873,0,0.00844027,-0.0220671
-186.076,0,0.00849038,-0.0216592
-182.278,0,0.00853926,-0.0212556
-178.481,0,0.00858896,-0.0208503
-174.684,0,0.0086415,-0.0204372
-170.886,0,0.00869864,-0.0200099
-167.089,0,0.00876169,-0.0195634
-163.291,0,0.00883134,-0.0190944
-159.494,0,0.00890756,-0.0186017
-155.696,0,0.00898958,-0.0180869
-151.899,0,0.00907601,-0.0175543
-148.101,0,0.00916496,-0.0170104
-144.304,0,0.00925426,-0.0164639
-140.506,0,0.00934173,-0.0159245
-136.709,0,0.00942542,-0.0154021
-132.911,0,0.00950385,-0.0149057
-129.114,0,0.00957616,-0.0144422
-125.316,0,0.00964222,-0.0140157
-121.519,0,0.00970261,-0.0136268
-117.722,0,0.00975856,-0.0132718
-113.924,0,0.00981174,-0.0129432
-110.127,0,0.00986409,-0.01263
-106.329,0,0.00991755,-0.0123181
-102.532,0,0.00997383,-0.0119917
-98.7342,0,0.0100343,-0.0116345
-94.9367,0,0.0100998,-0.0112309
-91.1392,0,0.010171,-0.0107676
-87.3418,0,0.010248,-0.0102343
-83.5443,0,0.0103313,-0.00962451
-79.7468,0,0.0104215,-0.0089357
-75.9494,0,0.0105201,-0.00816904
-72.1519,0,0.0106299,-0.00732832
-68.3544,0,0.0107548,-0.00641856
-64.557,0,0.0109004,-0.00544404
-60.7595,0,0.0110733,-0.00440617
-56.962,0,0.0112811,-0.00330109
-53.1646,0,0.0115317,-0.0021176
-49.3671,0,0.0118315,-0.000835253
-45.5696,0,0.0121852,0.000576851
-41.7722,0,0.0125932,0.00216059
-37.9747,0,0.0130508,0.00396841
-34.1772,0,0.0135462,0.00606196
-30.3797,0,0.0140594,0.00850977
-26.5823,0,0.014561,0.011384
-22.7848,0,0.0150117,0.0147565
-18.9873,0,0.0153624,0.0186942
-15.1899,0,0.0155548,0.0232546
-11.3924,0,0.0155228,0.0284808
-7.59494,0,0.0151949,0.0343973
-3.79747,0,0.0144967,0.0410064
0,0,0.0133545,0.0482852
-300,3.79747,0.00764991,-0.0307126
-296.203,3.79747,0.00765062,-0.030565
-292.405,3.79747,0.00766799,-0.0303548
-288.608,3.79747,0.00769817,-0.0300956
-284.81,3.79747,0.00773752,-0.0297998
-281.013,3.79747,0.00778282,-0.0294785
-277.215,3.79747,0.00783136,-0.0291406
-273.418,3.79747,0.007881,-0.0287932
-269.62,3.79747,0.00793029,-0.0284415
-265.823,3.79747,0.00797844,-0.0280882
-262.025,3.79747,0.00802531,-0.0277345
-258.228,3.79747,0.00807131,-0.0273798
-254.43,3.79747,0.00811729,-0.0270221
-250.633,3.79747,0.00816436,-0.0266586
-246.835,3.79747,0.00821376,-0.0262861
-243.038,3.79747,0.00826663,-0.0259014
-239.241,3.79747,0.00832391,-0.0255018
-235.443,3.79747,0.00838614,-0.0250855
-231.646,3.79747,0.00845345,-0.0246521
-227.848,3.79747,0.00852548,-0.0242021
-224.051,3.79747,0.00860143,-0.0237375
-220.253,3.79747,0.00868017,-0.0232616
-216.456,3.79747,0.00876033,-0.0227783
-212.658,3.79747,0.0088405,-0.0222919
-208.861,3.79747,0.00891937,-0.021807
-205.063,3.79747,0.00899595,-0.0213274
-201.266,3.79747,0.00906966,-0.0208559
-197.468,3.79747,0.00914046,-0.0203942
-193.671,3.79747,0.00920885,-0.0199422
-189.873,3.79747,0.00927583,-0.0194983
-186.076,3.79747,0.00934283,-0.0190592
-182.278,3.79747,0.0094115,-0.0186206
-178.481,3.79747,0.00948355,-0.0181772
-174.684,3.79747,0.00956053,-0.0177236
-170.886,3.79747,0.00964359,-0.0172547
-167.089,3.79747,0.00973336,-0.0167667
-163.291,3.79747,0.00982982,-0.0162571
-159.494,3.79747,0.00993224,-0.0157253
-155.696,3.79747,0.0100393,-0.0151731
-151.899,3.79747,0.0101491,-0.0146042
-148.101,3.79747,0.0102595,-0.0140242
-144.304,3.79747,0.0103682,-0.0134399
-140.506,3.79747,0.0104734,-0.0128588
-136.709,3.79747,0.0105735,-0.0122879
-132.911,3.79747,0.0106675,-0.0117333
-129.114,3.79747,0.0107555,-0.011199
-125.316,3.79747,0.0108383,-0.0106867
-121.519,3.79747,0.0109174,-0.0101946
-117.722,3.79747,0.0109949,-0.00971806
-113.924,3.79747,0.0110734,-0.00924933
-110.127,3.79747,0.0111556,-0.00877808
-106.329,3.79747,0.0112436,-0.00829226
-102.532,3.79747,0.0113394,-0.007779
-98.7342,3.79747,0.0114441,-0.00722572
-94.9367,3.79747,0.0115581,-0.00662113
-91.1392,3.79747,0.011681,-0.00595614
-87.3418,3.79747,0.011812,-0.00522443
-83.5443,3.79747,0.0119503,-0.00442271
-79.7468,3.79747,0.0120953,-0.00355041
-75.9494,3.79747,0.0122475,-0.00260899
-72.1519,3.79747,0.0124084,-0.00160066
-68.3544,3.79747,0.0125817,-0.000526807
-64.557,3.79747,0.0127728,0.000613924
-60.7595,3.79747,0.0129891,0.00182764
-56.962,3.79747,0.0132396,0.00312715
-53.1646,3.79747,0.0135341,0.00453355
-49.3671,3.79747,0.0138821,0.00607746
-45.5696,3.79747,0.0142919,0.00779942
-41.7722,3.79747,0.0147682,0.0097496
-37.9747,3.79747,0.0153112,0.0119866
-34.1772,3.79747,0.015914,0.0145751
-30.3797,3.79747,0.0165618,0.0175832
-26.5823,3.79747,0.0172302,0.0210783
-22.7848,3.79747,0.0178844,0.0251233
-18.9873,3.79747,0.0184788,0.0297714
-15.1899,3.79747,0.0189579,0.0350622
-11.3924,3.79747,0.0192573,0.041017
-7.59494,3.79747,0.0193053,0.0476354
-3.79747,3.79747,0.0190261,0.0548925
0,3.79747,0.0183429,0.0627372
-300,7.59494,0.00823179,-0.029044
-296.203,7.59494,0.00825063,-0.0288386
-292.405,7.59494,0.00828319,-0.0285791
-288.608,7.59494,0.00832629,-0.0282775
-284.81,7.59494,0.00837699,-0.0279446
-281.013,7.59494,0.00843266,-0.0275895
-277.215,7.59494,0.00849112,-0.0272198
-273.418,7.59494,0.00855066,-0.0268412
-269.62,7.59494,0.00861011,-0.0264576
-265.823,7.59494,0.00866883,-0.0260712
-262.025,7.59494,0.00872669,-0.0256829
-258.228,7.59494,0.00878401,-0.0252921
-254.43,7.59494,0.00884144,-0.0248972
-250.633,7.59494,0.00889986,-0.0244962
-246.835,7.59494,0.00896023,-0.0240867
-243.038,7.59494,0.00902343,-0.0236666
-239.241,7.59494,0.00909016,-0.023234
-235.443,7.59494,0.00916086,-0.0227879
-231.646,7.59494,0.00923558,-0.0223284
-227.848,7.59494,0.00931404,-0.0218562
-224.051,7.59494,0.00939561,-0.0213732
-220.253,7.59494,0.00947943,-0.020882
-216.456,7.59494,0.00956449,-0.0203857
-212.658,7.59494,0.0096498,-0.0198875
-208.861,7.59494,0.00973451,-0.0193907
-205.063,7.59494,0.00981804,-0.0188976
-201.266,7.59494,0.0099002,-0.0184101
-197.468,7.59494,0.00998124,-0.0179285
-193.671,7.59494,0.0100618,-0.0174522
-189.873,7.59494,0.010143,-0.0169792
-186.076,7.59494,0.0102262,-0.0165066
-182.278,7.59494,0.0103126,-0.0160306
-178.481,7.59494,0.0104038,-0.0155468
-174.684,7.59494,0.0105006,-0.0150514
-170.886,7.59494,0.0106038,-0.0145406
-167.089,7.59494,0.0107134,-0.0140119
-163.291,7.59494,0.0108287,-0.0134643
-159.494,7.59494,0.0109485,-0.012898
-155.696,7.59494,0.0110712,-0.0123152
-151.899,7.59494,0.0111946,-0.0117192
-148.101,7.59494,0.0113164,-0.0111146
-144.304,7.59494,0.0114347,-0.0105067
-140.506,7.59494,0.0115478,-0.00990046
-136.709,7.59494,0.0116547,-0.00930041
-132.911,7.59494,0.0117552,-0.00870954
-129.114,7.59494,0.0118502,-0.00812894
-125.316,7.59494,0.0119414,-0.00755732
-121.519,7.59494,0.0120312,-0.00699089
-117.722,7.59494,0.0121228,-0.00642341
-113.924,7.59494,0.0122194,-0.00584657
-110.127,7.59494,0.0123241,-0.00525055
-106.329,7.59494,0.0124397,-0.00462482
-102.532,7.59494,0.012568,-0.00395902
-98.7342,7.59494,0.0127099,-0.00324383
-94.9367,7.59494,0.0128652,-0.00247173
-91.1392,7.59494,0.0130328,-0.00163752
-87.3418,7.59494,0.0132107,-0.000738573
-83.5443,7.59494,0.013397,0.000225444
-79.7468,7.59494,0.0135896,0.00125315
-75.9494,7.59494,0.0137879,0.00234255
-72.1519,7.59494,0.0139922,0.00349245
-68.3544,7.59494,0.0142054,0.00470424
-64.557,7.59494,0.0144324,0.00598369
-60.7595,7.59494,0.0146806,0.00734275
-56.962,7.59494,0.0149597,0.00880117
-53.1646,7.59494,0.0152807,0.0103876
-49.3671,7.59494,0.0156553,0.0121401
-45.5696,7.59494,0.0160941,0.014106
-41.7722,7.59494,0.0166052,0.0163407
-37.9747,7.59494,0.0171925,0.0189057
-34.1772,7.59494,0.0178532,0.0218661
-30.3797,7.59494,0.018577,0.0252866
-26.5823,7.59494,0.0193438,0.029228
-22.7848,7.59494,0.0201228,0.0337421
-18.9873,7.59494,0.0208726,0.0388677
-15.1899,7.59494,0.0215406,0.0446263
-11.3924,7.59494,0.0220647,0.0510184
-7.59494,7.59494,0.0223747,0.0580203
-3.79747,7.59494,0.0223949,0.0655828
0,7.59494,0.0220472,0.0736303
-300,11.3924,0.00885412,-0.0272471
-296.203,11.3924,0.00888555,-0.0269947
-292.405,11.3924,0.00892825,-0.0266958
-288.608,11.3924,0.00897969,-0.0263612
-284.81,11.3924,0.00903757,-0.0259999
-281.013,11.3924,0.00909986,-0.0256197
-277.215,11.3924,0.00916489,-0.0252264
-273.418,11.3924,0.00923132,-0.0248247
-269.62,11.3924,0.00929826,-0.0244174
-265.823,11.3924,0.0093652,-0.0240061
-262.025,11.3924,0.00943203,-0.0235915
-258.228,11.3924,0.00949897,-0.023173
-254.43,11.3924,0.0095665,-0.0227494
-250.633,11.3924,0.00963528,-0.0223195
-246.835,11.3924,0.00970599,-0.0218815
-243.038,11.3924,0.00977929,-0.0214342
-239.241,11.3924,0.00985568,-0.0209765
-235.443,11.3924,0.00993543,-0.0205082
-231.646,11.3924,0.0100186,-0.0200294
-227.848,11.3924,0.0101048,-0.0195412
-224.051,11.3924,0.0101937,-0.019045
-220.253,11.3924,0.0102845,-0.0185429
-216.456,11.3924,0.0103766,-0.0180369
-212.658,11.3924,0.0104691,-0.0175294
-208.861,11.3924,0.0105616,-0.0170221
-205.063,11.3924,0.0106538,-0.0165164
-201.266,11.3924,0.0107457,-0.0160127
-197.468,11.3924,0.0108377,-0.0155107
-193.671,11.3924,0.0109305,-0.0150093
-189.873,11.3924,0.0110251,-0.0145065
-186.076,11.3924,0.0111226,-0.0139997
-182.278,11.3924,0.0112241,-0.0134858
-178.481,11.3924,0.0113306,-0.0129619
-174.684,11.3924,0.0114426,-0.0124255
-170.886,11.3924,0.0115605,-0.0118745
-167.089,11.3924,0.0116836,-0.011308
-163.291,11.3924,0.0118111,-0.0107262
-159.494,11.3924,0.0119414,-0.0101304
-155.696,11.3924,0.0120726,-0.00952304
-151.899,11.3924,0.0122025,-0.00890732
-148.101,11.3924,0.012329,-0.00828686
-144.304,11.3924,0.0124504,-0.0076652
-140.506,11.3924,0.0125656,-0.00704524
-136.709,11.3924,0.012674,-0.00642871
-132.911,11.3924,0.0127764,-0.00581569
-129.114,11.3924,0.0128743,-0.0052043
-125.316,11.3924,0.0129702,-0.00459053
-121.519,11.3924,0.0130674,-0.00396837
-117.722,11.3924,0.0131697,-0.00333003
-113.924,11.3924,0.013281,-0.00266653
-110.127,11.3924,0.0134049,-0.00196839
-106.329,11.3924,0.0135442,-0.00122633
-102.532,11.3924,0.0137008,-0.000432185
-98.7342,11.3924,0.0138753,0.0004205
-94.9367,11.3924,0.0140671,0.0013359
-91.1392,11.3924,0.014274,0.00231571
-87.3418,11.3924,0.0144934,0.00335932
-83.5443,11.3924,0.014722,0.00446434
-79.7468,11.3924,0.0149567,0.00562757
-75.9494,11.3924,0.0151953,0.00684636
-72.1519,11.3924,0.0154373,0.00812019
-68.3544,11.3924,0.0156843,0.00945245
-64.557,11.3924,0.0159406,0.0108522
-60.7595,11.3924,0.0162132,0.0123358
-56.962,11.3924,0.0165118,0.0139279
-53.1646,11.3924,0.0168478,0.0156626
-49.3671,11.3924,0.0172339,0.0175827
-45.5696,11.3924,0.0176824,0.0197393
-41.7722,11.3924,0.0182035,0.0221902
-37.9747,11.3924,0.0188035,0.0249971
-34.1772,11.3924,0.019483,0.0282221
-30.3797,11.3924,0.0202348,0.0319245
-26.5823,11.3924,0.0210426,0.0361558
-22.7848,11.3924,0.0218793,0.0409558
-18.9873,11.3924,0.0227071,0.0463479
-15.1899,11.3924,0.0234768,0.0523357
-11.3924,11.3924,0.0241291,0.0588997
-7.59494,11.3924,0.0245962,0.0659951
-3.79747,11.3924,0.0248039,0.0735514
0,11.3924,0.0246749,0.0814723
-300,15.1899,0.00950242,-0.0253708
-296.203,15.1899,0.00954251,-0.0250795
-292.405,15.1899,0.00959194,-0.0247489
-288.608,15.1899,0.00964879,-0.024388
-284.81,15.1899,0.00971134,-0.0240047
-281.013,15.1899,0.0097781,-0.0236051
-277.215,15.1899,0.0098478,-0.0231939
-273.418,15.1899,0.00991949,-0.0227746
-269.62,15.1899,0.00999245,-0.0223491
-265.823,15.1899,0.0100663,-0.0219187
-262.025,15.1899,0.010141,-0.0214835
-258.228,15.1899,0.0102165,-0.0210432
-254.43,15.1899,0.0102932,-0.020597
-250.633,15.1899,0.0103716,-0.020144
-246.835,15.1899,0.0104521,-0.0196834
-243.038,15.1899,0.0105352,-0.0192146
-239.241,15.1899,0.010621,-0.0187372
-235.443,15.1899,0.0107099,-0.0182514
-231.646,15.1899,0.0108018,-0.0177576
-227.848,15.1899,0.0108963,-0.0172569
-224.051,15.1899,0.0109932,-0.0167504
-220.253,15.1899,0.0110918,-0.0162395
-216.456,15.1899,0.0111917,-0.0157254
-212.658,15.1899,0.0112923,-0.0152093
-208.861,15.1899,0.0113933,-0.0146919
-205.063,15.1899,0.0114945,-0.0141734
-201.266,15.1899,0.0115962,-0.0136535
-197.468,15.1899,0.0116986,-0.0131311
-193.671,15.1899,0.0118024,-0.0126048
-189.873,15.1899,0.0119086,-0.0120726
-186.076,15.1899,0.0120179,-0.0115325
-182.278,15.1899,0.0121312,-0.0109825
-178.481,15.1899,0.0122492,-0.0104209
-174.684,15.1899,0.0123721,-0.00984656
-170.886,15.1899,0.0124996,-0.0092591
-167.089,15.1899,0.0126312,-0.00865904
-163.291,15.1899,0.0127656,-0.00804779
-159.494,15.1899,0.0129012,-0.00742751
-155.696,15.1899,0.013036,-0.0068009
-151.899,15.1899,0.0131681,-0.00617083
-148.101,15.1899,0.0132957,-0.00553993
-144.304,15.1899,0.0134173,-0.00491011
-140.506,15.1899,0.0135323,-0.00428209
-136.709,15.1899,0.013641,-0.00365504
-132.911,15.1899,0.0137444,-0.00302627
-129.114,15.1899,0.013845,-0.00239114
-125.316,15.1899,0.0139457,-0.00174315
-121.519,15.1899,0.0140506,-0.00107424
-117.722,15.1899,0.0141639,-0.000375296
-113.924,15.1899,0.0142898,0.000363219
-110.127,15.1899,0.0144322,0.00115048
-106.329,15.1899,0.0145939,0.00199455
-102.532,15.1899,0.0147768,0.00290165
-98.7342,15.1899,0.0149811,0.00387562
-94.9367,15.1899,0.0152056,0.00491771
-91.1392,15.1899,0.0154477,0.00602658
-87.3418,15.1899,0.0157038,0.00719878
-83.5443,15.1899,0.0159697,0.0084296
-79.7468,15.1899,0.0162413,0.00971429
-75.9494,15.1899,0.0165155,0.0110496
-72.1519,15.1899,0.0167905,0.0124355
-68.3544,15.1899,0.0170669,0.0138768
-64.557,15.1899,0.0173482,0.0153851
-60.7595,15.1899,0.0176407,0.0169796
-56.962,15.1899,0.0179534,0.0186886
-53.1646,15.1899,0.0182978,0.020549
-49.3671,15.1899,0.0186866,0.0226063
-45.5696,15.1899,0.0191327,0.024913
-41.7722,15.1899,0.0196473,0.0275261
-37.9747,15.1899,0.0202384,0.0305048
-34.1772,15.1899,0.0209082,0.0339059
-30.3797,15.1899,0.0216522,0.0377808
-26.5823,15.1899,0.0224564,0.0421701
-22.7848,15.1899,0.0232972,0.0471001
-18.9873,15.1899,0.0241397,0.0525786
-15.1899,15.1899,0.0249381,0.0585913
-11.3924,15.1899,0.0256365,0.0651002
-7.59494,15.1899,0.0261699,0.0720415
-3.79747,15.1899,0.026467,0.0793264
0,15.1899,0.0264526,0.0868417
-300,18.9873,0.0101653,-0.0234512
-296.203,18.9873,0.0102117,-0.0231273
-292.405,18.9873,0.010266,-0.0227699
-288.608,18.9873,0.0103268,-0.0223872
-284.81,18.9873,0.010393,-0.0219856
-281.013,18.9873,0.0104634,-0.0215702
-277.215,18.9873,0.0105372,-0.0211445
-273.418,18.9873,0.0106136,-0.0207109
-269.62,18.9873,0.0106922,-0.0202706
-265.823,18.9873,0.0107725,-0.0198245
-262.025,18.9873,0.0108544,-0.0193724
-258.228,18.9873,0.010938,-0.0189141
-254.43,18.9873,0.0110234,-0.0184492
-250.633,18.9873,0.0111109,-0.0179772
-246.835,18.9873,0.0112006,-0.0174979
-243.038,18.9873,0.0112928,-0.0170111
-239.241,18.9873,0.0113877,-0.0165173
-235.443,18.9873,0.0114853,-0.0160167
-231.646,18.9873,0.0115855,-0.0155102
-227.848,18.9873,0.0116882,-0.0149987
-224.051,18.9873,0.0117929,-0.0144829
-220.253,18.9873,0.0118992,-0.0139636
-216.456,18.9873,0.0120068,-0.0134414
-212.658,18.9873,0.0121152,-0.0129165
-208.861,18.9873,0.0122242,-0.0123886
-205.063,18.9873,0.0123338,-0.0118571
-201.266,18.9873,0.0124442,-0.0113209
-197.468,18.9873,0.0125556,-0.0107786
-193.671,18.9873,0.0126686,-0.0102284
-189.873,18.9873,0.0127839,-0.00966879
-186.076,18.9873,0.0129022,-0.00909823
-182.278,18.9873,0.013024,-0.00851563
-178.481,18.9873,0.0131498,-0.0079205
-174.684,18.9873,0.0132795,-0.00731304
-170.886,18.9873,0.0134127,-0.00669425
-167.089,18.9873,0.0135488,-0.00606589
-163.291,18.9873,0.0136864,-0.00543029
-159.494,18.9873,0.0138239,-0.0047902
-155.696,18.9873,0.0139597,-0.00414833
-151.899,18.9873,0.0140921,-0.00350706
-148.101,18.9873,0.0142196,-0.00286791
-144.304,18.9873,0.0143414,-0.00223116
-140.506,18.9873,0.0144571,-0.00159547
-136.709,18.9873,0.0145676,-0.000957641
-132.911,18.9873,0.0146745,-0.000312513
-129.114,18.9873,0.0147806,0.000346936
-125.316,18.9873,0.0148893,0.00102929
-121.519,18.9873,0.0150049,0.00174423
-117.722,18.9873,0.0151318,0.00250184
-113.924,18.9873,0.0152744,0.00331191
-110.127,18.9873,0.0154364,0.0041831
-106.329,18.9873,0.0156207,0.00512219
-102.532,18.9873,0.0158289,0.00613352
-98.7342,18.9873,0.0160608,0.00721862
-94.9367,18.9873,0.0163149,0.00837612
-91.1392,18.9873,0.0165881,0.0096021
-87.3418,18.9873,0.0168762,0.0108908
-83.5443,18.9873,0.0171743,0.0122357
-79.7468,18.9873,0.0174778,0.0136309
-75.9494,18.9873,0.0177826,0.0150728
-72.1519,18.9873,0.0180861,0.0165617
-68.3544,18.9873,0.0183883,0.0181039
-64.557,18.9873,0.0186915,0.0197125
-60.7595,18.9873,0.0190011,0.0214089
-56.962,18.9873,0.0193256,0.0232233
-53.1646,18.9873,0.0196755,0.025194
-49.3671,18.9873,0.0200631,0.027367
-45.5696,18.9873,0.020501,0.0297937
-41.7722,18.9873,0.0210004,0.0325283
-37.9747,18.9873,0.0215697,0.0356249
-34.1772,18.9873,0.022212,0.0391331
-30.3797,18.9873,0.0229238,0.0430941
-26.5823,18.9873,0.0236934,0.0475365
-22.7848,18.9873,0.0244989,0.0524722
-18.9873,18.9873,0.0253084,0.057893
-15.1899,18.9873,0.0260791,0.0637678
-11.3924,18.9873,0.0267585,0.0700412
-7.59494,18.9873,0.0272852,0.0766329
-3.79747,18.9873,0.0275912,0.0834384
0,18.9873,0.0276048,0.090332
-300,22.7848,0.0108347,-0.021513
-296.203,22.7848,0.0108863,-0.0211602
-292.405,22.7848,0.010945,-0.0207791
-288.608,22.7848,0.0110098,-0.0203769
-284.81,22.7848,0.0110797,-0.019959
-281.013,22.7848,0.0111541,-0.0195294
-277.215,22.7848,0.0112323,-0.0190906
-273.418,22.7848,0.0113137,-0.0186442
-269.62,22.7848,0.011398,-0.018191
-265.823,22.7848,0.0114849,-0.017731
-262.025,22.7848,0.011574,-0.0172643
-258.228,22.7848,0.0116654,-0.0167904
-254.43,22.7848,0.0117591,-0.0163093
-250.633,22.7848,0.011855,-0.0158208
-246.835,22.7848,0.0119532,-0.0153251
-243.038,22.7848,0.0120539,-0.0148227
-239.241,22.7848,0.012157,-0.0143142
-235.443,22.7848,0.0122625,-0.0138004
-231.646,22.7848,0.0123704,-0.0132821
-227.848,22.7848,0.0124804,-0.01276
-224.051,22.7848,0.0125921,-0.0122348
-220.253,22.7848,0.0127054,-0.0117067
-216.456,22.7848,0.0128198,-0.0111756
-212.658,22.7848,0.0129351,-0.010641
-208.861,22.7848,0.013051,-0.010102
-205.063,22.7848,0.0131677,-0.00955715
-201.266,22.7848,0.0132851,-0.00900494
-197.468,22.7848,0.0134036,-0.00844364
-193.671,22.7848,0.0135235,-0.0078716
-189.873,22.7848,0.0136454,-0.00728747
-186.076,22.7848,0.0137698,-0.00669033
-182.278,22.7848,0.013897,-0.00607992
-178.481,22.7848,0.0140273,-0.00545673
-174.684,22.7848,0.0141605,-0.00482204
-170.886,22.7848,0.0142964,-0.00417786
-167.089,22.7848,0.0144341,-0.00352678
-163.291,22.7848,0.0145726,-0.00287173
-159.494,22.7848,0.0147105,-0.00221561
-155.696,22.7848,0.0148465,-0.00156089
-151.899,22.7848,0.0149793,-0.000909177
-148.101,22.7848,0.0151079,-0.000260802
-144.304,22.7848,0.0152318,0.000385574
-140.506,22.7848,0.0153512,0.0010332
-136.709,22.7848,0.0154673,0.00168733
-132.911,22.7848,0.0155821,0.00235518
-129.114,22.7848,0.0156984,0.00304564
-125.316,22.7848,0.0158199,0.00376882
-121.519,22.7848,0.0159507,0.00453541
-117.722,22.7848,0.0160953,0.00535595
-113.924,22.7848,0.0162576,0.00623999
-110.127,22.7848,0.0164413,0.00719532
-106.329,22.7848,0.0166489,0.0082273
-102.532,22.7848,0.0168816,0.00933838
-98.7342,22.7848,0.017139,0.0105279
-94.9367,22.7848,0.0174193,0.0117923
-91.1392,22.7848,0.017719,0.0131256
-87.3418,22.7848,0.0180338,0.0145202
-83.5443,22.7848,0.0183585,0.0159684
-79.7468,22.7848,0.0186879,0.0174636
-75.9494,22.7848,0.0190178,0.0190024
-72.1519,22.7848,0.0193451,0.0205857
-68.3544,22.7848,0.0196691,0.022221
-64.557,22.7848,0.0199913,0.0239227
-60.7595,22.7848,0.0203164,0.0257136
-56.962,22.7848,0.0206517,0.0276248
-53.1646,22.7848,0.0210068,0.0296946
-49.3671,22.7848,0.0213929,0.0319678
-45.5696,22.7848,0.0218215,0.0344929
-41.7722,22.7848,0.0223031,0.0373196
-37.9747,22.7848,0.0228454,0.0404948
-34.1772,22.7848,0.0234513,0.0440592
-30.3797,22.7848,0.0241178,0.0480426
-26.5823,22.7848,0.0248337,0.0524606
-22.7848,22.7848,0.0255788,0.0573102
-18.9873,22.7848,0.0263232,0.0625677
-15.1899,22.7848,0.0270269,0.068186
-11.3924,22.7848,0.0276404,0.0740939
-7.59494,22.7848,0.0281063,0.0801968
-3.79747,22.7848,0.0283608,0.0863781
0,22.7848,0.0283363,0.0925025
-300,26.5823,0.011506,-0.0195702
-296.203,26.5823,0.0115629,-0.0191906
-292.405,26.5823,0.0116265,-0.0187872
-288.608,26.5823,0.0116959,-0.0183663
-284.81,26.5823,0.0117705,-0.0179325
-281.013,26.5823,0.0118498,-0.017489
-277.215,26.5823,0.0119333,-0.0170375
-273.418,26.5823,0.0120205,-0.0165788
-269.62,26.5823,0.0121112,-0.0161133
-265.823,26.5823,0.0122048,-0.0156405
-262.025,26.5823,0.0123013,-0.0151604
-258.228,26.5823,0.0124003,-0.0146725
-254.43,26.5823,0.0125018,-0.0141768
-250.633,26.5823,0.0126055,-0.0136735
-246.835,26.5823,0.0127115,-0.0131632
-243.038,26.5823,0.0128197,-0.0126465
-239.241,26.5823,0.0129301,-0.0121245
-235.443,26.5823,0.0130425,-0.011598
-231.646,26.5823,0.0131569,-0.011068
-227.848,26.5823,0.013273,-0.0105351
-224.051,26.5823,0.0133907,-0.0099998
-220.253,26.5823,0.0135097,-0.00946185
-216.456,26.5823,0.0136297,-0.00892074
-212.658,26.5823,0.0137505,-0.00837542
-208.861,26.5823,0.013872,-0.00782444
-205.063,26.5823,0.013994,-0.00726605
-201.266,26.5823,0.0141167,-0.00669838
-197.468,26.5823,0.0142403,-0.00611962
-193.671,26.5823,0.0143649,-0.00552822
-189.873,26.5823,0.014491,-0.00492314
-186.076,26.5823,0.0146189,-0.00430397
-182.278,26.5823,0.0147489,-0.00367112
-178.481,26.5823,0.0148811,-0.00302578
-174.684,26.5823,0.0150156,-0.00236994
-170.886,26.5823,0.015152,-0.00170622
-167.089,26.5823,0.0152898,-0.00103759
-163.291,26.5823,0.0154282,-0.0003671
-159.494,26.5823,0.0155662,0.000302595
-155.696,26.5823,0.0157031,0.000969629
-151.899,26.5823,0.0158378,0.00163337
-148.101,26.5823,0.01597,0.0022948
-144.304,26.5823,0.0160995,0.00295681
-140.506,26.5823,0.0162269,0.0036243
-136.709,26.5823,0.0163535,0.00430423
-132.911,26.5823,0.0164814,0.00500534
-129.114,26.5823,0.0166135,0.00573774
-125.316,26.5823,0.0167532,0.00651237
-121.519,26.5823,0.0169042,0.00734024
-117.722,26.5823,0.0170705,0.00823166
-113.924,26.5823,0.0172557,0.00919538
-110.127,26.5823,0.0174629,0.0102379
-106.329,26.5823,0.0176941,0.0113629
-102.532,26.5823,0.0179501,0.0125709
-98.7342,26.5823,0.0182303,0.0138593
-94.9367,26.5823,0.0185327,0.0152225
-91.1392,26.5823,0.0188537,0.0166531
-87.3418,26.5823,0.0191889,0.0181422
-83.5443,26.5823,0.0195334,0.0196817
-79.7468,26.5823,0.0198821,0.021265
-75.9494,26.5823,0.0202306,0.0228893
-72.1519,26.5823,0.020576,0.0245566
-68.3544,26.5823,0.0209171,0.0262754
-64.557,26.5823,0.0212552,0.0280618
-60.7595,26.5823,0.0215939,0.0299393
-56.962,26.5823,0.0219397,0.0319391
-53.1646,26.5823,0.0223009,0.0340986
-49.3671,26.5823,0.0226872,0.0364601
-45.5696,26.5823,0.0231086,0.0390681
-41.7722,26.5823,0.0235741,0.0419659
-37.9747,26.5823,0.0240899,0.0451924
-34.1772,26.5823,0.024658,0.0487779
-30.3797,26.5823,0.0252747,0.0527403
-26.5823,26.5823,0.0259287,0.0570816
-22.7848,26.5823,0.0266008,0.0617843
-18.9873,26.5823,0.0272622,0.0668096
-15.1899,26.5823,0.0278753,0.0720958
-11.3924,26.5823,0.0283939,0.077558
-7.59494,26.5823,0.0287642,0.0830896
-3.79747,26.5823,0.0289269,0.0885647
0,26.5823,0.0288195,0.0938417
-300,30.3797,0.0121773,-0.0176285
-296.203,30.3797,0.0122405,-0.0172231
-292.405,30.3797,0.0123101,-0.0167976
-288.608,30.3797,0.0123854,-0.0163579
-284.81,30.3797,0.012466,-0.015908
-281.013,30.3797,0.0125515,-0.0154502
-277.215,30.3797,0.0126413,-0.0149857
-273.418,30.3797,0.0127352,-0.0145147
-269.62,30.3797,0.0128327,-0.0140371
-265.823,30.3797,0.0129336,-0.0135522
-262.025,30.3797,0.0130373,-0.0130595
-258.228,30.3797,0.0131436,-0.0125587
-254.43,30.3797,0.0132523,-0.0120499
-250.633,30.3797,0.0133632,-0.0115332
-246.835,30.3797,0.013476,-0.0110095
-243.038,30.3797,0.0135907,-0.0104797
-239.241,30.3797,0.0137072,-0.00994492
-235.443,30.3797,0.0138253,-0.00940619
-231.646,30.3797,0.013945,-0.00886446
-227.848,30.3797,0.0140661,-0.00832035
-224.051,30.3797,0.0141885,-0.007774
-220.253,30.3797,0.014312,-0.0072251
-216.456,30.3797,0.0144363,-0.00667278
-212.658,30.3797,0.0145612,-0.00611568
-208.861,30.3797,0.0146867,-0.00555209
-205.063,30.3797,0.0148126,-0.00498007
-201.266,30.3797,0.0149389,-0.00439764
-197.468,30.3797,0.0150657,-0.00380304
-193.671,30.3797,0.0151932,-0.00319492
-189.873,30.3797,0.0153215,-0.00257252
-186.076,30.3797,0.015451,-0.00193584
-182.278,30.3797,0.015582,-0.0012857
-178.481,30.3797,0.0157145,-0.00062373
-174.684,30.3797,0.0158488,4.77829e-05
-170.886,30.3797,0.0159847,0.000726076
-167.089,30.3797,0.016122,0.00140824
-163.291,30.3797,0.0162605,0.0020916
-159.494,30.3797,0.0163995,0.00277414
-155.696,30.3797,0.0165388,0.00345492
-151.899,30.3797,0.0166779,0.00413449
-148.101,30.3797,0.0168169,0.00481517
-144.304,30.3797,0.0169559,0.00550126
-140.506,30.3797,0.0170959,0.00619908
-136.709,30.3797,0.017238,0.00691676
-132.911,30.3797,0.0173844,0.00766398
-129.114,30.3797,0.0175375,0.00845138
-125.316,30.3797,0.0177002,0.00928997
-121.519,30.3797,0.0178757,0.0101903
-117.722,30.3797,0.0180672,0.0111617
-113.924,30.3797,0.0182776,0.0122116
-110.127,30.3797,0.0185092,0.0133447
-106.329,30.3797,0.0187635,0.0145627
-102.532,30.3797,0.0190407,0.0158643
-98.7342,30.3797,0.0193401,0.0172448
-94.9367,30.3797,0.0196594,0.0186973
-91.1392,30.3797,0.0199955,0.0202133
-87.3418,30.3797,0.0203441,0.0217835
-83.5443,30.3797,0.0207008,0.0233998
-79.7468,30.3797,0.021061,0.0250566
-75.9494,30.3797,0.0214209,0.026752
-72.1519,30.3797,0.0217778,0.0284898
-68.3544,30.3797,0.0221307,0.0302801
-64.557,30.3797,0.0224806,0.0321402
-60.7595,30.3797,0.0228307,0.0340942
-56.962,30.3797,0.0231863,0.0361731
-53.1646,30.3797,0.0235546,0.0384128
-49.3671,30.3797,0.0239436,0.0408521
-45.5696,30.3797,0.0243613,0.0435306
-41.7722,30.3797,0.0248147,0.0464845
-37.9747,30.3797,0.0253082,0.0497437
-34.1772,30.3797,0.0258419,0.0533278
-30.3797,30.3797,0.0264109,0.0572425
-26.5823,30.3797,0.0270032,0.0614763
-22.7848,30.3797,0.0275995,0.065998
-18.9873,30.3797,0.028172,0.0707548
-15.1899,30.3797,0.0286852,0.075672
-11.3924,30.3797,0.0290954,0.0806533
-7.59494,30.3797,0.0293528,0.0855828
-3.79747,30.3797,0.0294026,0.0903279
0,30.3797,0.0291875,0.0947441
-300,34.1772,0.0128494,-0.0156879
-296.203,34.1772,0.0129201,-0.0152569
-292.405,34.1772,0.012997,-0.0148093
-288.608,34.1772,0.0130797,-0.0143504
-284.81,34.1772,0.0131677,-0.0138838
-281.013,34.1772,0.0132604,-0.0134113
-277.215,34.1772,0.0133576,-0.0129335
-273.418,34.1772,0.0134588,-0.0124502
-269.62,34.1772,0.0135636,-0.0119608
-265.823,34.1772,0.0136715,-0.0114643
-262.025,34.1772,0.0137823,-0.0109601
-258.228,34.1772,0.0138955,-0.0104477
-254.43,34.1772,0.0140107,-0.00992694
-250.633,34.1772,0.0141278,-0.00939832
-246.835,34.1772,0.0142464,-0.00886258
-243.038,34.1772,0.0143665,-0.00832073
-239.241,34.1772,0.0144879,-0.00777397
-235.443,34.1772,0.0146106,-0.00722341
-231.646,34.1772,0.0147344,-0.00666995
-227.848,34.1772,0.0148593,-0.00611416
-224.051,34.1772,0.0149853,-0.00555609
-220.253,34.1772,0.015112,-0.00499528
-216.456,34.1772,0.0152395,-0.00443073
-212.658,34.1772,0.0153675,-0.00386097
-208.861,34.1772,0.0154958,-0.00328422
-205.063,34.1772,0.0156244,-0.00269853
-201.266,34.1772,0.0157531,-0.00210202
-197.468,34.1772,0.0158818,-0.00149306
-193.671,34.1772,0.0160108,-0.000870525
-189.873,34.1772,0.0161402,-0.000233933
-186.076,34.1772,0.0162702,0.000416461
-182.278,34.1772,0.0164011,0.00107963
-178.481,34.1772,0.0165331,0.00175388
-174.684,34.1772,0.0166668,0.00243696
-170.886,34.1772,0.0168021,0.00312642
-167.089,34.1772,0.0169394,0.00381985
-163.291,34.1772,0.0170788,0.00451537
-159.494,34.1772,0.0172204,0.00521193
-155.696,34.1772,0.0173643,0.00590981
-151.899,34.1772,0.0175106,0.00661084
-148.101,34.1772,0.0176596,0.00731865
-144.304,34.1772,0.017812,0.00803879
-140.506,34.1772,0.0179686,0.00877856
-136.709,34.1772,0.0181307,0.0095468
-132.911,34.1772,0.0182998,0.0103535
-129.114,34.1772,0.0184779,0.011209
-125.316,34.1772,0.0186673,0.0121237
-121.519,34.1772,0.0188702,0.0131069
-117.722,34.1772,0.0190888,0.0141662
-113.924,34.1772,0.0193253,0.0153072
-110.127,34.1772,0.0195809,0.0165324
-106.329,34.1772,0.0198565,0.0178414
-102.532,34.1772,0.0201518,0.0192308
-98.7342,34.1772,0.0204658,0.0206944
-94.9367,34.1772,0.0207963,0.0222241
-91.1392,34.1772,0.0211405,0.0238109
-87.3418,34.1772,0.021495,0.0254458
-83.5443,34.1772,0.0218558,0.0271217
-79.7468,34.1772,0.0222194,0.0288342
-75.9494,34.1772,0.0225828,0.0305835
-72.1519,34.1772,0.022944,0.0323755
-68.3544,34.1772,0.0233025,0.034222
-64.557,34.1772,0.0236594,0.0361419
-60.7595,34.1772,0.0240177,0.03816
-56.962,34.1772,0.0243818,0.0403065
-53.1646,34.1772,0.0247575,0.0426155
-49.3671,34.1772,0.0251512,0.045122
-45.5696,34.1772,0.0255689,0.0478599
-41.7722,34.1772,0.0260151,0.0508581
-37.9747,34.1772,0.0264919,0.0541372
-34.1772,34.1772,0.0269974,0.057706
-30.3797,34.1772,0.0275248,0.0615585
-26.5823,34.1772,0.0280609,0.0656704
-22.7848,34.1772,0.028586,0.069998
-18.9873,34.1772,0.029073,0.0744763
-15.1899,34.1772,0.0294875,0.0790196
-11.3924,34.1772,0.0297887,0.0835226
-7.59494,34.1772,0.0299305,0.0878625
-3.79747,34.1772,0.0298626,0.0919034
0,34.1772,0.0295331,0.0955002
-300,37.9747,0.0135246,-0.0137449
-296.203,37.9747,0.0136039,-0.0132887
-292.405,37.9747,0.0136895,-0.0128191
-288.608,37.9747,0.0137808,-0.012341
-284.81,37.9747,0.0138771,-0.0118576
-281.013,37.9747,0.013978,-0.0113703
-277.215,37.9747,0.014083,-0.0108792
-273.418,37.9747,0.0141917,-0.0103839
-269.62,37.9747,0.0143037,-0.00988328
-265.823,37.9747,0.0144185,-0.00937611
-262.025,37.9747,0.0145357,-0.00886143
-258.228,37.9747,0.014655,-0.00833861
-254.43,37.9747,0.0147758,-0.0078075
-250.633,37.9747,0.0148981,-0.00726838
-246.835,37.9747,0.0150214,-0.00672198
-243.038,37.9747,0.0151458,-0.00616931
-239.241,37.9747,0.0152711,-0.00561152
-235.443,37.9747,0.0153972,-0.0050497
-231.646,37.9747,0.0155242,-0.00448472
-227.848,37.9747,0.015652,-0.00391707
-224.051,37.9747,0.0157806,-0.00334678
-220.253,37.9747,0.0159099,-0.00277335
-216.456,37.9747,0.0160398,-0.00219577
-212.658,37.9747,0.01617,-0.00161263
-208.861,37.9747,0.0163005,-0.00102223
-205.063,37.9747,0.016431,-0.000422766
-201.266,37.9747,0.0165614,0.000187433
-197.468,37.9747,0.0166915,0.000809748
-193.671,37.9747,0.0168215,0.00144507
-189.873,37.9747,0.0169514,0.0020937
-186.076,37.9747,0.0170816,0.00275525
-182.278,37.9747,0.0172123,0.00342871
-178.481,37.9747,0.017344,0.00411259
-174.684,37.9747,0.0174774,0.00480506
-170.886,37.9747,0.017613,0.0055043
-167.089,37.9747,0.0177514,0.00620882
-163.291,37.9747,0.0178933,0.0069178
-159.494,37.9747,0.0180393,0.00763148
-155.696,37.9747,0.0181901,0.00835146
-151.899,37.9747,0.0183461,0.0090809
-148.101,37.9747,0.0185082,0.00982465
-144.304,37.9747,0.018677,0.0105892
-140.506,37.9747,0.0188533,0.0113824
-136.709,37.9747,0.0190382,0.0122133
-132.911,37.9747,0.0192329,0.0130915
-129.114,37.9747,0.0194384,0.0140265
-125.316,37.9747,0.0196562,0.0150271
-121.519,37.9747,0.0198876,0.0161008
-117.722,37.9747,0.0201336,0.0172531
-113.924,37.9747,0.0203952,0.0184869
-110.127,37.9747,0.020673,0.0198024
-106.329,37.9747,0.0209667,0.0211968
-102.532,37.9747,0.0212759,0.022665
-98.7342,37.9747,0.0215992,0.0241993
-94.9367,37.9747,0.0219348,0.0257911
-91.1392,37.9747,0.0222801,0.0274314
-87.3418,37.9747,0.0226327,0.0291122
-83.5443,37.9747,0.0229896,0.0308279
-79.7468,37.9747,0.0233486,0.0325763
-75.9494,37.9747,0.0237077,0.0343601
-72.1519,37.9747,0.024066,0.0361876
-68.3544,37.9747,0.0244237,0.0380731
-64.557,37.9747,0.0247825,0.0400368
-60.7595,37.9747,0.025145,0.0421043
-56.962,37.9747,0.0255152,0.0443051
-53.1646,37.9747,0.0258977,0.0466709
-49.3671,37.9747,0.0262971,0.0492329
-45.5696,37.9747,0.0267172,0.052019
-41.7722,37.9747,0.0271604,0.0550508
-37.9747,37.9747,0.0276262,0.0583398
-34.1772,37.9747,0.0281103,0.0618847
-30.3797,37.9747,0.0286037,0.0656681
-26.5823,37.9747,0.0290921,0.0696549
-22.7848,37.9747,0.0295549,0.07379
-18.9873,37.9747,0.0299651,0.0779986
-15.1899,37.9747,0.03029,0.0821864
-11.3924,37.9747,0.030491,0.0862417
-7.59494,37.9747,0.0305254,0.0900378
-3.79747,37.9747,0.0303477,0.093438
0,37.9747,0.0299114,0.0962997
-300,41.7722,0.0142055,-0.0117953
-296.203,41.7722,0.0142945,-0.011315
-292.405,41.7722,0.0143897,-0.0108241
-288.608,41.7722,0.0144903,-0.0103273
-284.81,41.7722,0.0145955,-0.00982764
-281.013,41.7722,0.0147048,-0.00932606
-277.215,41.7722,0.0148177,-0.00882245
-273.418,41.7722,0.0149337,-0.00831585
-269.62,41.7722,0.0150524,-0.00780488
-265.823,41.7722,0.0151734,-0.00728809
-262.025,41.7722,0.0152962,-0.00676424
-258.228,41.7722,0.0154204,-0.00623247
-254.43,41.7722,0.0155459,-0.00569244
-250.633,41.7722,0.0156722,-0.00514431
-246.835,41.7722,0.0157992,-0.00458865
-243.038,41.7722,0.0159269,-0.00402638
-239.241,41.7722,0.0160551,-0.00345854
-235.443,41.7722,0.0161839,-0.00288614
-231.646,41.7722,0.0163134,-0.00230997
-227.848,41.7722,0.0164435,-0.00173049
-224.051,41.7722,0.0165743,-0.00114771
-220.253,41.7722,0.0167057,-0.000561163
-216.456,41.7722,0.0168376,3.0057e-05
-212.658,41.7722,0.0169698,0.000627217
-208.861,41.7722,0.0171022,0.0012318
-205.063,41.7722,0.0172344,0.00184535
-201.266,41.7722,0.0173664,0.00246925
-197.468,41.7722,0.017498,0.00310462
-193.671,41.7722,0.0176291,0.00375212
-189.873,41.7722,0.0177599,0.0044119
-186.076,41.7722,0.0178906,0.00508362
-182.278,41.7722,0.0180219,0.00576646
-178.481,41.7722,0.0181542,0.00645937
-174.684,41.7722,0.0182885,0.0071612
-170.886,41.7722,0.0184257,0.00787107
-167.089,41.7722,0.0185669,0.0085886
-163.291,41.7722,0.0187131,0.00931431
-159.494,41.7722,0.0188656,0.0100498
-155.696,41.7722,0.0190253,0.0107981
-151.899,41.7722,0.0191932,0.0115636
-148.101,41.7722,0.0193703,0.0123521
-144.304,41.7722,0.0195574,0.0131707
-140.506,41.7722,0.0197552,0.0140275
-136.709,41.7722,0.0199644,0.0149311
-132.911,41.7722,0.0201854,0.0158901
-129.114,41.7722,0.0204187,0.0169125
-125.316,41.7722,0.0206647,0.0180051
-121.519,41.7722,0.0209235,0.0191729
-117.722,41.7722,0.0211952,0.0204187
-113.924,41.7722,0.0214795,0.0217426
-110.127,41.7722,0.021776,0.0231423
-106.329,41.7722,0.0220839,0.0246128
-102.532,41.7722,0.0224021,0.0261471
-98.7342,41.7722,0.0227291,0.0277368
-94.9367,41.7722,0.0230635,0.029373
-91.1392,41.7722,0.0234034,0.0310474
-87.3418,41.7722,0.0237471,0.0327537
-83.5443,41.7722,0.024093,0.0344882
-79.7468,41.7722,0.0244401,0.0362518
-75.9494,41.7722,0.0247879,0.03805
-72.1519,41.7722,0.0251368,0.039894
-68.3544,41.7722,0.0254878,0.0418005
-64.557,41.7722,0.0258431,0.0437915
-60.7595,41.7722,0.0262056,0.045893
-56.962,41.7722,0.0265787,0.0481337
-53.1646,41.7722,0.0269661,0.0505428
-49.3671,41.7722,0.0273706,0.0531475
-45.5696,41.7722,0.0277943,0.05597
-41.7722,41.7722,0.028237,0.0590244
-37.9747,41.7722,0.0286959,0.0623141
-34.1772,41.7722,0.0291643,0.0658281
-30.3797,41.7722,0.0296312,0.0695396
-26.5823,41.7722,0.0300807,0.0734036
-22.7848,41.7722,0.0304915,0.0773563
-18.9873,41.7722,0.0308368,0.0813154
-15.1899,41.7722,0.0310851,0.0851806
-11.3924,41.7722,0.0312002,0.0888367
-7.59494,41.7722,0.0311429,0.0921564
-3.79747,41.7722,0.0308721,0.0950046
0,41.7722,0.0303467,0.0972437
-300,45.5696,0.0148948,-0.00983592
-296.203,45.5696,0.014994,-0.00933325
-292.405,45.5696,0.0150992,-0.00882266
-288.608,45.5696,0.0152093,-0.00830878
-284.81,45.5696,0.0153234,-0.00779412
-281.013,45.5696,0.0154408,-0.00727949
-277.215,45.5696,0.015561,-0.00676445
-273.418,45.5696,0.0156836,-0.00624771
-269.62,45.5696,0.0158081,-0.00572762
-265.823,45.5696,0.0159341,-0.00520244
-262.025,45.5696,0.0160614,-0.00467069
-258.228,45.5696,0.0161896,-0.00413128
-254.43,45.5696,0.0163185,-0.00358365
-250.633,45.5696,0.0164479,-0.00302777
-246.835,45.5696,0.0165776,-0.00246405
-243.038,45.5696,0.0167078,-0.00189321
-239.241,45.5696,0.0168383,-0.00131617
-235.443,45.5696,0.0169693,-0.000733793
-231.646,45.5696,0.0171008,-0.000146793
-227.848,45.5696,0.017233,0.000444429
-224.051,45.5696,0.0173658,0.00103986
-220.253,45.5696,0.0174993,0.00163988
-216.456,45.5696,0.0176333,0.00224525
-212.658,45.5696,0.0177676,0.00285704
-208.861,45.5696,0.0179021,0.00347645
-205.063,45.5696,0.0180365,0.00410469
-201.266,45.5696,0.0181706,0.00474286
-197.468,45.5696,0.0183041,0.00539178
-193.671,45.5696,0.0184371,0.00605192
-189.873,45.5696,0.0185696,0.00672338
-186.076,45.5696,0.0187021,0.00740594
-182.278,45.5696,0.0188352,0.00809914
-178.481,45.5696,0.0189696,0.00880253
-174.684,45.5696,0.0191065,0.00951582
-170.886,45.5696,0.0192471,0.0102392
-167.089,45.5696,0.019393,0.0109736
-163.291,45.5696,0.0195455,0.0117209
-159.494,45.5696,0.0197062,0.0124841
-155.696,45.5696,0.0198765,0.0132674
-151.899,45.5696,0.0200578,0.0140765
-148.101,45.5696,0.020251,0.0149177
-144.304,45.5696,0.0204571,0.0157985
-140.506,45.5696,0.0206764,0.0167266
-136.709,45.5696,0.0209094,0.0177098
-132.911,45.5696,0.0211558,0.0187551
-129.114,45.5696,0.0214152,0.0198685
-125.316,45.5696,0.0216871,0.0210544
-121.519,45.5696,0.0219705,0.0223148
-117.722,45.5696,0.0222644,0.0236496
-113.924,45.5696,0.0225674,0.0250562
-110.127,45.5696,0.0228783,0.0265296
-106.329,45.5696,0.0231955,0.0280629
-102.532,45.5696,0.0235176,0.0296475
-98.7342,45.5696,0.0238431,0.0312748
-94.9367,45.5696,0.0241708,0.0329361
-91.1392,45.5696,0.0244996,0.0346245
-87.3418,45.5696,0.0248287,0.0363356
-83.5443,45.5696,0.025158,0.0380689
-79.7468,45.5696,0.0254878,0.039828
-75.9494,45.5696,0.0258188,0.0416219
-72.1519,45.5696,0.0261529,0.0434648
-68.3544,45.5696,0.0264922,0.0453759
-64.557,45.5696,0.0268394,0.0473786
-60.7595,45.5696,0.0271978,0.0494995
-56.962,45.5696,0.0275704,0.051766
-53.1646,45.5696,0.0279597,0.0542049
-49.3671,45.5696,0.0283676,0.0568391
-45.5696,45.5696,0.028794,0.0596852
-41.7722,45.5696,0.0292367,0.0627507
-37.9747,45.5696,0.0296906,0.066031
-34.1772,45.5696,0.0301469,0.0695071
-30.3797,45.5696,0.0305928,0.073144
-26.5823,45.5696,0.0310109,0.0768892
-22.7848,45.5696,0.0313793,0.0806725
-18.9873,45.5696,0.0316718,0.0844065
-15.1899,45.5696,0.0318578,0.0879884
-11.3924,45.5696,0.0319038,0.0913023
-7.59494,45.5696,0.0317739,0.0942229
-3.79747,45.5696,0.0314315,0.0966201
0,45.5696,0.0308405,0.0983636
-300,49.3671,0.0155941,-0.0078653
-296.203,49.3671,0.0157035,-0.00734309
-292.405,49.3671,0.0158184,-0.00681543
-288.608,49.3671,0.0159376,-0.0062867
-284.81,49.3671,0.0160599,-0.00575913
-281.013,49.3671,0.0161847,-0.00523324
-277.215,49.3671,0.0163113,-0.00470832
-273.418,49.3671,0.0164393,-0.00418282
-269.62,49.3671,0.0165684,-0.00365481
-265.823,49.3671,0.0166983,-0.00312234
-262.025,49.3671,0.0168288,-0.00258368
-258.228,49.3671,0.0169598,-0.00203756
-254.43,49.3671,0.0170911,-0.0014832
-250.633,49.3671,0.0172227,-0.00092038
-246.835,49.3671,0.0173545,-0.000349306
-243.038,49.3671,0.0174866,0.000229468
-239.241,49.3671,0.0176191,0.000815218
-235.443,49.3671,0.0177521,0.00140721
-231.646,49.3671,0.0178856,0.00200485
-227.848,49.3671,0.0180199,0.0026078
-224.051,49.3671,0.018155,0.00321603
-220.253,49.3671,0.0182908,0.00382986
-216.456,49.3671,0.0184272,0.00444989
-212.658,49.3671,0.0185642,0.00507694
-208.861,49.3671,0.0187013,0.00571195
-205.063,49.3671,0.0188385,0.00635582
-201.266,49.3671,0.0189754,0.00700933
-197.468,49.3671,0.0191119,0.00767306
-193.671,49.3671,0.0192478,0.00834733
-189.873,49.3671,0.0193835,0.00903226
-186.076,49.3671,0.0195193,0.00972783
-182.278,49.3671,0.0196559,0.0104341
-178.481,49.3671,0.0197942,0.0111511
-174.684,49.3671,0.0199357,0.0118797
-170.886,49.3671,0.0200818,0.0126212
-167.089,49.3671,0.0202342,0.0133776
-163.291,49.3671,0.0203948,0.0141523
-159.494,49.3671,0.0205652,0.0149496
-155.696,49.3671,0.0207474,0.0157747
-151.899,49.3671,0.0209426,0.0166339
-148.101,49.3671,0.021152,0.0175343
-144.304,49.3671,0.0213764,0.0184829
-140.506,49.3671,0.021616,0.0194869
-136.709,49.3671,0.0218706,0.0205526
-132.911,49.3671,0.0221396,0.0216852
-129.114,49.3671,0.0224218,0.0228883
-125.316,49.3671,0.0227156,0.0241635
-121.519,49.3671,0.0230191,0.0255099
-117.722,49.3671,0.0233304,0.0269245
-113.924,49.3671,0.0236472,0.0284017
-110.127,49.3671,0.0239674,0.0299344
-106.329,49.3671,0.024289,0.0315139
-102.532,49.3671,0.0246101,0.033131
-98.7342,49.3671,0.0249295,0.0347767
-94.9367,49.3671,0.0252461,0.0364437
-91.1392,49.3671,0.0255597,0.0381267
-87.3418,49.3671,0.0258706,0.039824
-83.5443,49.3671,0.0261796,0.041538
-79.7468,49.3671,0.0264885,0.0432761
-75.9494,49.3671,0.0267995,0.0450504
-72.1519,49.3671,0.0271155,0.0468781
-68.3544,49.3671,0.0274396,0.0487807
-64.557,49.3671,0.0277755,0.0507828
-60.7595,49.3671,0.0281262,0.052911
-56.962,49.3671,0.0284947,0.0551913
-53.1646,49.3671,0.0288828,0.0576476
-49.3671,49.3671,0.029291,0.0602986
-45.5696,49.3671,0.0297177,0.0631555
-41.7722,49.3671,0.0301588,0.0662194
-37.9747,49.3671,0.0306073,0.069479
-34.1772,49.3671,0.0310525,0.0729085
-30.3797,49.3671,0.0314801,0.0764665
-26.5823,49.3671,0.0318718,0.0800951
-22.7848,49.3671,0.0322054,0.0837204
-18.9873,49.3671,0.0324553,0.0872528
-15.1899,49.3671,0.0325924,0.0905899
-11.3924,49.3671,0.0325856,0.0936183
-7.59494,49.3671,0.0324027,0.096218
-3.79747,49.3671,0.0320112,0.0982662
0,49.3671,0.0313803,0.0996423
-300,53.1646,0.0163037,-0.00588437
-296.203,53.1646,0.0164225,-0.00534632
-292.405,53.1646,0.0165464,-0.00480494
-288.608,53.1646,0.0166737,-0.0042643
-284.81,53.1646,0.0168033,-0.00372633
-281.013,53.1646,0.0169342,-0.00319127
-277.215,53.1646,0.0170658,-0.00265814
-273.418,53.1646,0.017198,-0.00212516
-269.62,53.1646,0.0173304,-0.00159019
-265.823,53.1646,0.017463,-0.00105109
-262.025,53.1646,0.0175957,-0.00050599
-258.228,53.1646,0.0177285,4.65624e-05
-254.43,53.1646,0.0178614,0.00060748
-250.633,53.1646,0.0179946,0.00117716
-246.835,53.1646,0.018128,0.00175555
-243.038,53.1646,0.0182618,0.00234226
-239.241,53.1646,0.0183962,0.00293675
-235.443,53.1646,0.0185312,0.00353842
-231.646,53.1646,0.018667,0.00414681
-227.848,53.1646,0.0188037,0.00476166
-224.051,53.1646,0.0189414,0.00538295
-220.253,53.1646,0.01908,0.00601094
-216.456,53.1646,0.0192195,0.00664613
-212.658,53.1646,0.0193596,0.00728913
-208.861,53.1646,0.0195001,0.00794063
-205.063,53.1646,0.0196409,0.00860127
-201.266,53.1646,0.0197816,0.00927159
-197.468,53.1646,0.019922,0.00995196
-193.671,53.1646,0.0200623,0.0106426
-189.873,53.1646,0.0202026,0.0113438
-186.076,53.1646,0.0203433,0.0120557
-182.278,53.1646,0.0204853,0.0127788
-178.481,53.1646,0.0206297,0.013514
-174.684,53.1646,0.0207778,0.014263
-170.886,53.1646,0.0209313,0.015028
-167.089,53.1646,0.0210921,0.0158125
-163.291,53.1646,0.0212622,0.0166207
-159.494,53.1646,0.0214436,0.0174581
-155.696,53.1646,0.021638,0.0183307
-151.899,53.1646,0.021847,0.0192453
-148.101,53.1646,0.0220717,0.0202088
-144.304,53.1646,0.0223127,0.0212279
-140.506,53.1646,0.02257,0.0223086
-136.709,53.1646,0.022843,0.0234556
-132.911,53.1646,0.0231304,0.0246719
-129.114,53.1646,0.0234305,0.0259586
-125.316,53.1646,0.023741,0.0273143
-121.519,53.1646,0.0240592,0.0287353
-117.722,53.1646,0.0243822,0.0302158
-113.924,53.1646,0.0247073,0.031748
-110.127,53.1646,0.0250316,0.0333226
-106.329,53.1646,0.0253527,0.0349299
-102.532,53.1646,0.0256687,0.0365604
-98.7342,53.1646,0.0259784,0.0382059
-94.9367,53.1646,0.0262812,0.0398603
-91.1392,53.1646,0.0265775,0.0415209
-87.3418,53.1646,0.0268684,0.0431889
-83.5443,53.1646,0.027156,0.0448701
-79.7468,53.1646,0.027443,0.0465752
-75.9494,53.1646,0.027733,0.0483196
-72.1519,53.1646,0.0280298,0.0501231
-68.3544,53.1646,0.0283375,0.0520091
-64.557,53.1646,0.0286601,0.0540029
-60.7595,53.1646,0.0290008,0.0561303
-56.962,53.1646,0.0293624,0.0584156
-53.1646,53.1646,0.029746,0.0608794
-49.3671,53.1646,0.0301509,0.0635361
-45.5696,53.1646,0.0305742,0.0663915
-41.7722,53.1646,0.0310103,0.0694409
-37.9747,53.1646,0.0314507,0.0726673
-34.1772,53.1646,0.0318832,0.0760393
-30.3797,53.1646,0.0322926,0.0795112
-26.5823,53.1646,0.03266,0.083022
-22.7848,53.1646,0.0329635,0.0864964
-18.9873,53.1646,0.0331781,0.0898459
-15.1899,53.1646,0.033277,0.0929711
-11.3924,53.1646,0.0332316,0.0957646
-7.59494,53.1646,0.0330132,0.0981143
-3.79747,53.1646,0.0325937,0.0999073
0,53.1646,0.0319473,0.101035
-300,56.962,0.017022,-0.00389608
-296.203,56.962,0.0171493,-0.00334641
-292.405,56.962,0.0172809,-0.00279508
-288.608,56.962,0.0174151,-0.00224576
-284.81,56.962,0.0175504,-0.00170003
-281.013,56.962,0.0176861,-0.00115784
-277.215,56.962,0.0178215,-0.000617936
-273.418,56.962,0.0179565,-7.83653e-05
-269.62,56.962,0.0180911,0.000463153
-265.823,56.962,0.0182253,0.00100886
-262.025,56.962,0.0183593,0.00156073
-258.228,56.962,0.0184932,0.00212025
-254.43,56.962,0.0186273,0.00268841
-250.633,56.962,0.0187617,0.0032657
-246.835,56.962,0.0188967,0.00385215
-243.038,56.962,0.0190323,0.00444752
-239.241,56.962,0.0191687,0.00505137
-235.443,56.962,0.0193061,0.00566327
-231.646,56.962,0.0194445,0.00628287
-227.848,56.962,0.0195841,0.00691
-224.051,56.962,0.0197249,0.00754472
-220.253,56.962,0.0198668,0.00818728
-216.456,56.962,0.0200098,0.0088381
-212.658,56.962,0.0201536,0.0094977
-208.861,56.962,0.0202982,0.0101666
-205.063,56.962,0.0204432,0.0108452
-201.266,56.962,0.0205886,0.011534
-197.468,56.962,0.0207342,0.0122331
-193.671,56.962,0.02088,0.0129429
-189.873,56.962,0.0210263,0.0136635
-186.076,56.962,0.0211737,0.0143957
-182.278,56.962,0.0213229,0.0151402
-178.481,56.962,0.021475,0.0158987
-174.684,56.962,0.0216316,0.0166735
-170.886,56.962,0.0217944,0.0174679
-167.089,56.962,0.0219652,0.0182862
-163.291,56.962,0.0221461,0.0191336
-159.494,56.962,0.022339,0.0200162
-155.696,56.962,0.0225457,0.0209406
-151.899,56.962,0.0227677,0.0219135
-148.101,56.962,0.023006,0.0229416
-144.304,56.962,0.023261,0.0240306
-140.506,56.962,0.0235325,0.0251851
-136.709,56.962,0.0238194,0.026408
-132.911,56.962,0.0241203,0.0277
-129.114,56.962,0.0244327,0.0290597
-125.316,56.962,0.0247539,0.0304829
-121.519,56.962,0.0250807,0.0319633
-117.722,56.962,0.0254096,0.0334928
-113.924,56.962,0.0257373,0.0350615
-110.127,56.962,0.0260608,0.036659
-106.329,56.962,0.0263773,0.0382751
-102.532,56.962,0.0266851,0.0399006
-98.7342,56.962,0.0269829,0.0415286
-94.9367,56.962,0.0272707,0.0431551
-91.1392,56.962,0.0275494,0.0447801
-87.3418,56.962,0.0278209,0.0464079
-83.5443,56.962,0.0280882,0.0480479
-79.7468,56.962,0.0283549,0.0497138
-75.9494,56.962,0.0286254,0.051424
-72.1519,56.962,0.0289042,0.0532005
-68.3544,56.962,0.0291962,0.0550676
-64.557,56.962,0.0295054,0.0570507
-60.7595,56.962,0.0298352,0.0591743
-56.962,56.962,0.030188,0.0614601
-53.1646,56.962,0.0305641,0.0639249
-49.3671,56.962,0.030962,0.0665784
-45.5696,56.962,0.0313777,0.0694213
-41.7722,56.962,0.0318043,0.0724438
-37.9747,56.962,0.0322323,0.0756237
-34.1772,56.962,0.0326486,0.0789257
-30.3797,56.962,0.0330374,0.0823014
-26.5823,56.962,0.0333799,0.0856889
-22.7848,56.962,0.0336547,0.0890142
-18.9873,56.962,0.0338385,0.0921926
-15.1899,56.962,0.0339064,0.0951308
-11.3924,56.962,0.033833,0.0977298
-7.59494,56.962,0.0335933,0.0998882
-3.79747,56.962,0.0331636,0.101506
0,56.962,0.0325227,0.102487
-300,60.7595,0.0177464,-0.00190458
-296.203,60.7595,0.0178805,-0.00134761
-292.405,60.7595,0.0180184,-0.00079008
-288.608,60.7595,0.018158,-0.000235165
-284.81,60.7595,0.0182977,0.000315953
-281.013,60.7595,0.0184368,0.000863653
-277.215,60.7595,0.0185748,0.0014094
-273.418,60.7595,0.0187117,0.0019553
-269.62,60.7595,0.0188475,0.00250368
-265.823,60.7595,0.0189826,0.0030568
-262.025,60.7595,0.0191174,0.00361658
-258.228,60.7595,0.0192521,0.00418447
-254.43,60.7595,0.0193873,0.00476142
-250.633,60.7595,0.019523,0.00534788
-246.835,60.7595,0.0196597,0.0059439
-243.038,60.7595,0.0197974,0.00654927
-239.241,60.7595,0.0199363,0.00716366
-235.443,60.7595,0.0200764,0.00778675
-231.646,60.7595,0.020218,0.0084183
-227.848,60.7595,0.0203609,0.00905828
-224.051,60.7595,0.0205051,0.00970684
-220.253,60.7595,0.0206508,0.0103643
-216.456,60.7595,0.0207976,0.0110312
-212.658,60.7595,0.0209456,0.0117079
-208.861,60.7595,0.0210946,0.0123949
-205.063,60.7595,0.0212444,0.0130926
-201.266,60.7595,0.0213951,0.0138013
-197.468,60.7595,0.0215465,0.0145213
-193.671,60.7595,0.0216989,0.0152528
-189.873,60.7595,0.0218524,0.0159963
-186.076,60.7595,0.0220078,0.0167526
-182.278,60.7595,0.0221657,0.0175231
-178.481,60.7595,0.0223273,0.0183098
-174.684,60.7595,0.022494,0.0191157
-170.886,60.7595,0.0226674,0.0199448
-167.089,60.7595,0.0228494,0.020802
-163.291,60.7595,0.0230418,0.0216931
-159.494,60.7595,0.0232464,0.0226245
-155.696,60.7595,0.0234649,0.0236028
-151.899,60.7595,0.0236986,0.0246346
-148.101,60.7595,0.0239483,0.0257256
-144.304,60.7595,0.0242142,0.0268807
-140.506,60.7595,0.0244959,0.0281026
-136.709,60.7595,0.0247921,0.0293925
-132.911,60.7595,0.0251009,0.0307486
-129.114,60.7595,0.0254198,0.0321672
-125.316,60.7595,0.0257455,0.0336418
-121.519,60.7595,0.0260748,0.0351638
-117.722,60.7595,0.0264038,0.0367232
-113.924,60.7595,0.0267291,0.038309
-110.127,60.7595,0.0270474,0.0399103
-106.329,60.7595,0.0273561,0.0415169
-102.532,60.7595,0.0276535,0.0431209
-98.7342,60.7595,0.0279387,0.0447171
-94.9367,60.7595,0.0282119,0.0463041
-91.1392,60.7595,0.0284746,0.0478848
-87.3418,60.7595,0.0287293,0.049467
-83.5443,60.7595,0.0289794,0.051063
-79.7468,60.7595,0.0292293,0.0526898
-75.9494,60.7595,0.0294839,0.0543679
-72.1519,60.7595,0.0297481,0.0561206
-68.3544,60.7595,0.0300268,0.0579726
-64.557,60.7595,0.0303243,0.0599483
-60.7595,60.7595,0.0306437,0.0620699
-56.962,60.7595,0.0309868,0.0643559
-53.1646,60.7595,0.0313533,0.0668186
-49.3671,60.7595,0.031741,0.069463
-45.5696,60.7595,0.0321447,0.0722846
-41.7722,60.7595,0.0325571,0.0752686
-37.9747,60.7595,0.0329674,0.0783888
-34.1772,60.7595,0.0333626,0.0816073
-30.3797,60.7595,0.0337267,0.0848745
-26.5823,60.7595,0.0340415,0.0881299
-22.7848,60.7595,0.0342869,0.0913029
-18.9873,60.7595,0.0344413,0.0943151
-15.1899,60.7595,0.0344824,0.097082
-11.3924,60.7595,0.0343882,0.0995154
-7.59494,60.7595,0.0341373,0.101527
-3.79747,60.7595,0.0337105,0.103031
0,60.7595,0.033091,0.103947
-300,64.557,0.0184728,8.5651e-05
-296.203,64.557,0.0186123,0.00064601
-292.405,64.557,0.0187549,0.0012065
-288.608,64.557,0.0188985,0.0017645
-284.81,64.557,0.0190413,0.00231928
-281.013,64.557,0.0191828,0.00287155
-277.215,64.557,0.0193224,0.00342295
-273.418,64.557,0.0194604,0.00397568
-269.62,64.557,0.019597,0.00453202
-265.823,64.557,0.0197327,0.00509412
-262.025,64.557,0.0198682,0.00566374
-258.228,64.557,0.0200039,0.00624214
-254.43,64.557,0.0201403,0.00683009
-250.633,64.557,0.0202778,0.00742789
-246.835,64.557,0.0204166,0.0080355
-243.038,64.557,0.0205569,0.00865267
-239.241,64.557,0.0206988,0.00927911
-235.443,64.557,0.0208422,0.00991455
-231.646,64.557,0.0209872,0.0105589
-227.848,64.557,0.0211337,0.0112123
-224.051,64.557,0.0212818,0.0118751
-220.253,64.557,0.0214312,0.0125477
-216.456,64.557,0.0215821,0.0132307
-212.658,64.557,0.0217343,0.0139247
-208.861,64.557,0.0218878,0.0146303
-205.063,64.557,0.0220427,0.0153479
-201.266,64.557,0.022199,0.0160778
-197.468,64.557,0.0223567,0.0168204
-193.671,64.557,0.0225162,0.017576
-189.873,64.557,0.0226778,0.0183452
-186.076,64.557,0.0228421,0.0191291
-182.278,64.557,0.0230098,0.0199294
-178.481,64.557,0.023182,0.0207486
-174.684,64.557,0.02336,0.0215899
-170.886,64.557,0.0235451,0.0224579
-167.089,64.557,0.023739,0.0233576
-163.291,64.557,0.0239432,0.0242952
-159.494,64.557,0.0241593,0.0252769
-155.696,64.557,0.0243887,0.026309
-151.899,64.557,0.0246324,0.0273976
-148.101,64.557,0.024891,0.0285474
-144.304,64.557,0.0251645,0.0297616
-140.506,64.557,0.0254523,0.0310417
-136.709,64.557,0.0257529,0.0323866
-132.911,64.557,0.0260643,0.0337927
-129.114,64.557,0.0263838,0.0352539
-125.316,64.557,0.0267084,0.0367618
-121.519,64.557,0.0270345,0.0383065
-117.722,64.557,0.0273584,0.0398765
-113.924,64.557,0.0276768,0.0414604
-110.127,64.557,0.0279866,0.0430475
-106.329,64.557,0.0282853,0.0446287
-102.532,64.557,0.0285714,0.0461975
-98.7342,64.557,0.0288444,0.0477514
-94.9367,64.557,0.0291048,0.0492916
-91.1392,64.557,0.0293544,0.0508245
-87.3418,64.557,0.0295962,0.0523608
-83.5443,64.557,0.0298339,0.053916
-79.7468,64.557,0.0300721,0.0555093
-75.9494,64.557,0.0303158,0.0571628
-72.1519,64.557,0.03057,0.0589004
-68.3544,64.557,0.0308396,0.0607461
-64.557,64.557,0.0311283,0.0627223
-60.7595,64.557,0.031439,0.064848
-56.962,64.557,0.0317726,0.0671377
-53.1646,64.557,0.0321284,0.0695987
-49.3671,64.557,0.0325032,0.0722307
-45.5696,64.557,0.0328913,0.0750242
-41.7722,64.557,0.0332845,0.0779599
-37.9747,64.557,0.0336722,0.0810083
-34.1772,64.557,0.034041,0.0841299
-30.3797,64.557,0.0343756,0.0872756
-26.5823,64.557,0.0346589,0.0903878
-22.7848,64.557,0.0348723,0.0934018
-18.9873,64.557,0.0349966,0.0962471
-15.1899,64.557,0.0350124,0.0988503
-11.3924,64.557,0.0349011,0.101136
-7.59494,64.557,0.0346454,0.103032
-3.79747,64.557,0.0342301,0.104466
0,64.557,0.0336429,0.105375
-300,68.3544,0.019197,0.00207074
-296.203,68.3544,0.0193404,0.0026315
-292.405,68.3544,0.0194864,0.00319262
-288.608,68.3544,0.0196327,0.00375211
-284.81,68.3544,0.0197777,0.00430974
-281.013,68.3544,0.0199208,0.00486649
-277.215,68.3544,0.0200616,0.00542419
-273.418,68.3544,0.0202004,0.00598499
-269.62,68.3544,0.0203377,0.00655107
-265.823,68.3544,0.0204743,0.00712433
-262.025,68.3544,0.0206109,0.00770621
-258.228,68.3544,0.020748,0.00829769
-254.43,68.3544,0.0208863,0.00889919
-250.633,68.3544,0.0210261,0.00951076
-246.835,68.3544,0.0211676,0.0101322
-243.038,68.3544,0.021311,0.010763
-239.241,68.3544,0.0214563,0.011403
-235.443,68.3544,0.0216034,0.0120519
-231.646,68.3544,0.0217521,0.0127098
-227.848,68.3544,0.0219024,0.0133771
-224.051,68.3544,0.0220542,0.0140541
-220.253,68.3544,0.0222074,0.0147418
-216.456,68.3544,0.0223621,0.0154408
-212.658,68.3544,0.0225183,0.016152
-208.861,68.3544,0.0226762,0.0168762
-205.063,68.3544,0.0228359,0.0176139
-201.266,68.3544,0.0229977,0.0183657
-197.468,68.3544,0.0231618,0.019132
-193.671,68.3544,0.0233287,0.0199133
-189.873,68.3544,0.0234987,0.0207104
-186.076,68.3544,0.0236724,0.0215246
-182.278,68.3544,0.0238506,0.0223576
-178.481,68.3544,0.0240341,0.0232122
-174.684,68.3544,0.024224,0.024092
-170.886,68.3544,0.0244213,0.0250013
-167.089,68.3544,0.0246273,0.0259454
-163.291,68.3544,0.0248432,0.0269301
-159.494,68.3544,0.0250703,0.0279615
-155.696,68.3544,0.0253094,0.0290451
-151.899,68.3544,0.0255613,0.0301859
-148.101,68.3544,0.0258262,0.0313876
-144.304,68.3544,0.026104,0.0326521
-140.506,68.3544,0.0263939,0.0339788
-136.709,68.3544,0.0266943,0.035365
-132.911,68.3544,0.0270034,0.0368052
-129.114,68.3544,0.0273186,0.0382918
-125.316,68.3544,0.0276369,0.0398149
-121.519,68.3544,0.027955,0.0413634
-117.722,68.3544,0.0282696,0.0429258
-113.924,68.3544,0.0285776,0.0444906
-110.127,68.3544,0.0288764,0.0460481
-106.329,68.3544,0.0291638,0.0475909
-102.532,68.3544,0.0294387,0.0491149
-98.7342,68.3544,0.0297008,0.05062
-94.9367,68.3544,0.0299511,0.052111
-91.1392,68.3544,0.0301916,0.0535971
-87.3418,68.3544,0.0304253,0.0550923
-83.5443,68.3544,0.030656,0.0566143
-79.7468,68.3544,0.0308883,0.0581843
-75.9494,68.3544,0.0311269,0.0598252
-72.1519,68.3544,0.0313767,0.0615603
-68.3544,68.3544,0.0316418,0.0634119
-64.557,68.3544,0.0319255,0.0653996
-60.7595,68.3544,0.0322298,0.0675384
-56.962,68.3544,0.0325551,0.0698377
-53.1646,68.3544,0.0328998,0.0722996
-49.3671,68.3544,0.03326,0.0749181
-45.5696,68.3544,0.0336295,0.0776788
-41.7722,68.3544,0.0339998,0.0805582
-37.9747,68.3544,0.0343601,0.0835243
-34.1772,68.3544,0.0346978,0.0865369
-30.3797,68.3544,0.0349984,0.0895487
-26.5823,68.3544,0.0352461,0.0925065
-22.7848,68.3544,0.0354246,0.0953529
-18.9873,68.3544,0.035517,0.0980274
-15.1899,68.3544,0.0355074,0.100469
-11.3924,68.3544,0.0353804,0.102617
-7.59494,68.3544,0.0351229,0.104414
-3.79747,68.3544,0.0347235,0.105807
0,68.3544,0.0341744,0.106749
-300,72.1519,0.019915,0.00404807
-296.203,72.1519,0.0200609,0.00460752
-292.405,72.1519,0.0202092,0.00516819
-288.608,72.1519,0.0203574,0.00572873
-284.81,72.1519,0.0205041,0.00628939
-281.013,72.1519,0.0206485,0.00685145
-277.215,72.1519,0.0207904,0.0074168
-273.418,72.1519,0.0209303,0.00798751
-269.62,72.1519,0.0210688,0.00856551
-265.823,72.1519,0.0212067,0.00915235
-262.025,72.1519,0.021345,0.00974907
-258.228,72.1519,0.0214842,0.0103562
-254.43,72.1519,0.0216251,0.0109737
-250.633,72.1519,0.0217679,0.0116012
-246.835,72.1519,0.0219128,0.0122384
-243.038,72.1519,0.0220599,0.0128845
-239.241,72.1519,0.022209,0.0135392
-235.443,72.1519,0.0223599,0.0142024
-231.646,72.1519,0.0225124,0.0148742
-227.848,72.1519,0.0226663,0.0155553
-224.051,72.1519,0.0228216,0.0162464
-220.253,72.1519,0.0229782,0.0169486
-216.456,72.1519,0.0231362,0.017663
-212.658,72.1519,0.023296,0.0183909
-208.861,72.1519,0.0234577,0.0191332
-205.063,72.1519,0.0236218,0.0198909
-201.266,72.1519,0.0237888,0.0206646
-197.468,72.1519,0.023959,0.0214551
-193.671,72.1519,0.0241331,0.022263
-189.873,72.1519,0.0243115,0.0230891
-186.076,72.1519,0.0244948,0.023935
-182.278,72.1519,0.0246837,0.0248024
-178.481,72.1519,0.0248787,0.025694
-174.684,72.1519,0.0250806,0.0266134
-170.886,72.1519,0.0252901,0.0275648
-167.089,72.1519,0.025508,0.0285531
-163.291,72.1519,0.0257352,0.0295837
-159.494,72.1519,0.0259722,0.0306618
-155.696,72.1519,0.0262196,0.0317923
-151.899,72.1519,0.0264777,0.0329789
-148.101,72.1519,0.0267465,0.034224
-144.304,72.1519,0.0270256,0.0355278
-140.506,72.1519,0.027314,0.0368884
-136.709,72.1519,0.0276105,0.0383014
-132.911,72.1519,0.0279131,0.0397599
-129.114,72.1519,0.0282197,0.041255
-125.316,72.1519,0.0285275,0.042776
-121.519,72.1519,0.0288339,0.0443115
-117.722,72.1519,0.029136,0.0458502
-113.924,72.1519,0.0294313,0.0473817
-110.127,72.1519,0.0297176,0.0488978
-106.329,72.1519,0.0299934,0.0503932
-102.532,72.1519,0.0302579,0.0518665
-98.7342,72.1519,0.0305112,0.053321
-94.9367,72.1519,0.0307545,0.0547644
-91.1392,72.1519,0.0309899,0.056209
-87.3418,72.1519,0.0312203,0.0576714
-83.5443,72.1519,0.0314496,0.0591714
-79.7468,72.1519,0.0316817,0.0607313
-75.9494,72.1519,0.0319211,0.0623736
-72.1519,72.1519,0.0321717,0.0641206
-68.3544,72.1519,0.032437,0.065992
-64.557,72.1519,0.0327195,0.0680033
-60.7595,72.1519,0.0330203,0.0701651
-56.962,72.1519,0.0333388,0.0724809
-53.1646,72.1519,0.0336726,0.0749472
-49.3671,72.1519,0.0340173,0.0775523
-45.5696,72.1519,0.0343662,0.0802769
-41.7722,72.1519,0.0347107,0.0830938
-37.9747,72.1519,0.0350405,0.085969
-34.1772,72.1519,0.0353435,0.0888626
-30.3797,72.1519,0.0356065,0.0917301
-26.5823,72.1519,0.0358155,0.094524
-22.7848,72.1519,0.0359564,0.097195
-18.9873,72.1519,0.0360153,0.099694
-15.1899,72.1519,0.0359792,0.101973
-11.3924,72.1519,0.0358366,0.103987
-7.59494,72.1519,0.0355779,0.105696
-3.79747,72.1519,0.0351959,0.107063
0,72.1519,0.0346863,0.108058
-300,75.9494,0.0206235,0.00601657
-296.203,75.9494,0.020771,0.00657452
-292.405,75.9494,0.0209209,0.007135
-288.608,75.9494,0.0210707,0.00769734
-284.81,75.9494,0.0212188,0.0082622
-281.013,75.9494,0.0213646,0.00883112
-277.215,75.9494,0.021508,0.00940598
-273.418,75.9494,0.0216495,0.0099887
-269.62,75.9494,0.0217899,0.0105809
-265.823,75.9494,0.02193,0.0111836
-262.025,75.9494,0.0220708,0.0117973
-258.228,75.9494,0.022213,0.0124222
-254.43,75.9494,0.0223572,0.0130575
-250.633,75.9494,0.0225037,0.0137027
-246.835,75.9494,0.0226525,0.0143568
-243.038,75.9494,0.0228035,0.015019
-239.241,75.9494,0.0229566,0.015689
-235.443,75.9494,0.0231113,0.0163665
-231.646,75.9494,0.0232674,0.0170521
-227.848,75.9494,0.0234246,0.0177465
-224.051,75.9494,0.0235829,0.0184508
-220.253,75.9494,0.0237424,0.0191667
-216.456,75.9494,0.0239032,0.0198957
-212.658,75.9494,0.0240658,0.0206393
-208.861,75.9494,0.0242308,0.0213989
-205.063,75.9494,0.0243987,0.0221759
-201.266,75.9494,0.0245702,0.0229711
-197.468,75.9494,0.0247461,0.0237856
-193.671,75.9494,0.024927,0.02462
-189.873,75.9494,0.0251135,0.0254755
-186.076,75.9494,0.0253061,0.0263533
-182.278,75.9494,0.0255054,0.0272553
-178.481,75.9494,0.0257116,0.028184
-174.684,75.9494,0.0259252,0.0291426
-170.886,75.9494,0.0261465,0.030135
-167.089,75.9494,0.0263757,0.0311655
-163.291,75.9494,0.0266131,0.0322386
-159.494,75.9494,0.0268589,0.0333589
-155.696,75.9494,0.027113,0.0345299
-151.899,75.9494,0.0273755,0.0357542
-148.101,75.9494,0.0276458,0.0370328
-144.304,75.9494,0.0279235,0.0383646
-140.506,75.9494,0.0282077,0.0397461
-136.709,75.9494,0.028497,0.0411717
-132.911,75.9494,0.02879,0.0426334
-129.114,75.9494,0.0290847,0.0441217
-125.316,75.9494,0.0293793,0.0456256
-121.519,75.9494,0.0296714,0.047134
-117.722,75.9494,0.029959,0.0486364
-113.924,75.9494,0.0302402,0.0501241
-110.127,75.9494,0.0305135,0.0515909
-106.329,75.9494,0.030778,0.0530341
-102.532,75.9494,0.0310333,0.0544554
-98.7342,75.9494,0.03128,0.0558612
-94.9367,75.9494,0.0315194,0.0572621
-91.1392,75.9494,0.0317536,0.0586735
-87.3418,75.9494,0.0319853,0.060114
-83.5443,75.9494,0.0322179,0.061605
-79.7468,75.9494,0.0324549,0.0631687
-75.9494,75.9494,0.0326998,0.0648271
-72.1519,75.9494,0.0329557,0.0666001
-68.3544,75.9494,0.0332253,0.0685041
-64.557,75.9494,0.0335098,0.0705502
-60.7595,75.9494,0.0338094,0.0727435
-56.962,75.9494,0.0341226,0.0750817
-53.1646,75.9494,0.0344461,0.0775553
-49.3671,75.9494,0.034775,0.0801472
-45.5696,75.9494,0.0351024,0.082833
-41.7722,75.9494,0.0354197,0.0855826
-37.9747,75.9494,0.035717,0.0883606
-34.1772,75.9494,0.0359833,0.0911281
-30.3797,75.9494,0.0362067,0.0938441
-26.5823,75.9494,0.0363753,0.0964675
-22.7848,75.9494,0.0364773,0.0989582
-18.9873,75.9494,0.0365017,0.101279
-15.1899,75.9494,0.0364386,0.103395
-11.3924,75.9494,0.0362799,0.105277
-7.59494,75.9494,0.0360196,0.106901
-3.79747,75.9494,0.0356541,0.108248
0,75.9494,0.0351824,0.109305
-300,79.7468,0.0213204,0.00797658
-296.203,79.7468,0.021469,0.00853434
-292.405,79.7468,0.0216203,0.0090962
-288.608,79.7468,0.0217716,0.00966211
-284.81,79.7468,0.0219214,0.0102331
-281.013,79.7468,0.0220691,0.0108109
-277.215,79.7468,0.0222146,0.0113973
-273.418,79.7468,0.0223585,0.0119941
-269.62,79.7468,0.0225016,0.0126023
-265.823,79.7468,0.0226448,0.0132225
-262.025,79.7468,0.022789,0.0138548
-258.228,79.7468,0.0229349,0.0144985
-254.43,79.7468,0.023083,0.0151526
-250.633,79.7468,0.0232336,0.0158159
-246.835,79.7468,0.0233865,0.0164871
-243.038,79.7468,0.0235417,0.0171654
-239.241,79.7468,0.0236986,0.0178502
-235.443,79.7468,0.0238568,0.0185414
-231.646,79.7468,0.0240161,0.0192398
-227.848,79.7468,0.0241761,0.0199465
-224.051,79.7468,0.0243369,0.020663
-220.253,79.7468,0.0244985,0.0213913
-216.456,79.7468,0.0246615,0.0221336
-212.658,79.7468,0.0248263,0.0228917
-208.861,79.7468,0.0249939,0.0236676
-205.063,79.7468,0.025165,0.0244629
-201.266,79.7468,0.0253406,0.0252789
-197.468,79.7468,0.0255217,0.0261166
-193.671,79.7468,0.0257089,0.026977
-189.873,79.7468,0.025903,0.0278612
-186.076,79.7468,0.0261044,0.0287703
-182.278,79.7468,0.0263134,0.029706
-178.481,79.7468,0.0265302,0.0306704
-174.684,79.7468,0.0267548,0.0316663
-170.886,79.7468,0.0269869,0.0326969
-167.089,79.7468,0.0272264,0.0337659
-163.291,79.7468,0.0274729,0.0348768
-159.494,79.7468,0.0277259,0.036033
-155.696,79.7468,0.0279851,0.037237
-151.899,79.7468,0.02825,0.0384902
-148.101,79.7468,0.0285198,0.0397921
-144.304,79.7468,0.028794,0.0411403
-140.506,79.7468,0.0290715,0.0425303
-136.709,79.7468,0.0293515,0.0439556
-132.911,79.7468,0.0296326,0.0454075
-129.114,79.7468,0.0299136,0.0468761
-125.316,79.7468,0.030193,0.048351
-121.519,79.7468,0.0304695,0.0498217
-117.722,79.7468,0.0307417,0.0512794
-113.924,79.7468,0.0310085,0.052717
-110.127,79.7468,0.0312691,0.0541309
-106.329,79.7468,0.0315232,0.0555213
-102.532,79.7468,0.031771,0.056893
-98.7342,79.7468,0.0320133,0.0582552
-94.9367,79.7468,0.0322515,0.0596218
-91.1392,79.7468,0.0324876,0.0610101
-87.3418,79.7468,0.0327241,0.0624406
-83.5443,79.7468,0.0329636,0.0639353
-79.7468,79.7468,0.033209,0.0655161
-75.9494,79.7468,0.0334628,0.0672033
-72.1519,79.7468,0.0337272,0.0690142
-68.3544,79.7468,0.0340037,0.070961
-64.557,79.7468,0.0342924,0.0730499
-60.7595,79.7468,0.0345924,0.0752804
-56.962,79.7468,0.0349012,0.0776443
-53.1646,79.7468,0.0352151,0.080126
-49.3671,79.7468,0.0355283,0.0827033
-45.5696,79.7468,0.0358338,0.0853476
-41.7722,79.7468,0.0361235,0.0880259
-37.9747,79.7468,0.036388,0.0907023
-34.1772,79.7468,0.0366172,0.0933395
-30.3797,79.7468,0.0368011,0.0959007
-26.5823,79.7468,0.0369294,0.0983515
-22.7848,79.7468,0.0369929,0.100661
-18.9873,79.7468,0.0369832,0.102804
-15.1899,79.7468,0.0368934,0.104759
-11.3924,79.7468,0.0367187,0.106512
-7.59494,79.7468,0.036456,0.108055
-3.79747,79.7468,0.0361049,0.109384
0,79.7468,0.0356674,0.1105
-300,83.5443,0.0220052,0.00992935
-296.203,83.5443,0.0221548,0.0104895
-292.405,83.5443,0.0223075,0.0110554
-288.608,83.5443,0.0224606,0.0116274
-284.81,83.5443,0.0226126,0.0122069
-281.013,83.5443,0.0227628,0.0127957
-277.215,83.5443,0.0229112,0.0133956
-273.418,83.5443,0.0230583,0.0140078
-269.62,83.5443,0.0232049,0.0146331
-265.823,83.5443,0.0233519,0.0152716
-262.025,83.5443,0.0235001,0.0159227
-258.228,83.5443,0.0236503,0.0165852
-254.43,83.5443,0.0238027,0.0172576
-250.633,83.5443,0.0239575,0.0179383
-246.835,83.5443,0.0241146,0.0186257
-243.038,83.5443,0.0242736,0.0193187
-239.241,83.5443,0.024434,0.0200169
-235.443,83.5443,0.0245953,0.0207205
-231.646,83.5443,0.0247572,0.0214301
-227.848,83.5443,0.0249195,0.0221476
-224.051,83.5443,0.0250821,0.0228748
-220.253,83.5443,0.0252453,0.0236142
-216.456,83.5443,0.0254098,0.0243684
-212.658,83.5443,0.0255764,0.0251399
-208.861,83.5443,0.0257461,0.0259311
-205.063,83.5443,0.02592,0.0267437
-201.266,83.5443,0.0260993,0.0275795
-197.468,83.5443,0.0262851,0.0284396
-193.671,83.5443,0.0264782,0.029325
-189.873,83.5443,0.0266793,0.0302367
-186.076,83.5443,0.0268889,0.0311757
-182.278,83.5443,0.027107,0.0321432
-178.481,83.5443,0.0273335,0.0331409
-174.684,83.5443,0.0275679,0.034171
-170.886,83.5443,0.0278096,0.0352359
-167.089,83.5443,0.0280579,0.0363384
-163.291,83.5443,0.0283118,0.0374811
-159.494,83.5443,0.0285705,0.0386662
-155.696,83.5443,0.028833,0.0398951
-151.899,83.5443,0.0290985,0.0411679
-148.101,83.5443,0.0293661,0.042483
-144.304,83.5443,0.0296349,0.0438371
-140.506,83.5443,0.0299043,0.0452246
-136.709,83.5443,0.0301734,0.0466386
-132.911,83.5443,0.0304414,0.04807
-129.114,83.5443,0.0307077,0.0495095
-125.316,83.5443,0.0309715,0.050947
-121.519,83.5443,0.0312322,0.0523737
-117.722,83.5443,0.0314891,0.0537821
-113.924,83.5443,0.0317421,0.0551676
-110.127,83.5443,0.031991,0.0565293
-106.329,83.5443,0.0322361,0.0578701
-102.532,83.5443,0.032478,0.0591978
-98.7342,83.5443,0.0327178,0.0605244
-94.9367,83.5443,0.0329569,0.0618661
-91.1392,83.5443,0.0331971,0.0632423
-87.3418,83.5443,0.0334405,0.0646743
-83.5443,83.5443,0.033689,0.0661842
-79.7468,83.5443,0.0339447,0.0677929
-75.9494,83.5443,0.0342091,0.0695187
-72.1519,83.5443,0.0344834,0.0713752
-68.3544,83.5443,0.0347677,0.0733705
-64.557,83.5443,0.0350612,0.0755058
-60.7595,83.5443,0.035362,0.0777748
-56.962,83.5443,0.0356668,0.0801635
-53.1646,83.5443,0.035971,0.0826511
-49.3671,83.5443,0.0362687,0.0852103
-45.5696,83.5443,0.0365528,0.0878091
-41.7722,83.5443,0.0368155,0.0904127
-37.9747,83.5443,0.037048,0.0929848
-34.1772,83.5443,0.0372416,0.0954905
-30.3797,83.5443,0.0373876,0.0978975
-26.5823,83.5443,0.0374777,0.100178
-22.7848,83.5443,0.0375049,0.102311
-18.9873,83.5443,0.0374632,0.104282
-15.1899,83.5443,0.0373485,0.106082
-11.3924,83.5443,0.0371584,0.107712
-7.59494,83.5443,0.0368929,0.109177
-3.79747,83.5443,0.0365539,0.110488
0,83.5443,0.0361457,0.11166
-300,87.3418,0.0226785,0.0118764
-296.203,87.3418,0.0228294,0.0124425
-292.405,87.3418,0.0229838,0.0130156
-288.608,87.3418,0.0231393,0.0135966
-284.81,87.3418,0.023294,0.014187
-281.013,87.3418,0.0234474,0.0147887
-277.215,87.3418,0.0235993,0.0154032
-273.418,87.3418,0.0237503,0.0160315
-269.62,87.3418,0.023901,0.016674
-265.823,87.3418,0.0240523,0.0173303
-262.025,87.3418,0.0242049,0.0179992
-258.228,87.3418,0.0243593,0.018679
-254.43,87.3418,0.024516,0.0193679
-250.633,87.3418,0.0246749,0.0200638
-246.835,87.3418,0.0248357,0.0207651
-243.038,87.3418,0.024998,0.0214707
-239.241,87.3418,0.0251613,0.0221801
-235.443,87.3418,0.0253252,0.0228937
-231.646,87.3418,0.0254891,0.0236128
-227.848,87.3418,0.025653,0.0243392
-224.051,87.3418,0.0258169,0.0250756
-220.253,87.3418,0.0259814,0.0258248
-216.456,87.3418,0.0261472,0.02659
-212.658,87.3418,0.0263154,0.027374
-208.861,87.3418,0.0264871,0.0281796
-205.063,87.3418,0.0266637,0.0290089
-201.266,87.3418,0.0268466,0.0298638
-197.468,87.3418,0.0270369,0.0307454
-193.671,87.3418,0.0272356,0.0316547
-189.873,87.3418,0.0274433,0.0325925
-186.076,87.3418,0.0276603,0.0335594
-182.278,87.3418,0.0278866,0.0345562
-178.481,87.3418,0.0281215,0.0355841
-174.684,87.3418,0.0283645,0.0366444
-170.886,87.3418,0.0286142,0.0377389
-167.089,87.3418,0.0288696,0.0388692
-163.291,87.3418,0.0291291,0.0400371
-159.494,87.3418,0.0293916,0.0412437
-155.696,87.3418,0.0296555,0.0424893
-151.899,87.3418,0.0299199,0.0437729
-148.101,87.3418,0.0301837,0.0450921
-144.304,87.3418,0.0304459,0.0464426
-140.506,87.3418,0.0307061,0.0478186
-136.709,87.3418,0.0309637,0.0492127
-132.911,87.3418,0.0312185,0.0506162
-129.114,87.3418,0.0314702,0.0520203
-125.316,87.3418,0.0317188,0.053416
-121.519,87.3418,0.0319644,0.054796
-117.722,87.3418,0.0322073,0.0561549
-113.924,87.3418,0.0324478,0.0574904
-110.127,87.3418,0.0326865,0.0588041
-106.329,87.3418,0.0329242,0.0601017
-102.532,87.3418,0.0331619,0.0613936
-98.7342,87.3418,0.0334008,0.0626941
-94.9367,87.3418,0.0336422,0.0640214
-91.1392,87.3418,0.0338877,0.0653959
-87.3418,87.3418,0.0341388,0.0668395
-83.5443,87.3418,0.0343968,0.0683737
-79.7468,87.3418,0.0346629,0.0700178
-75.9494,87.3418,0.0349377,0.0717874
-72.1519,87.3418,0.0352213,0.0736926
-68.3544,87.3418,0.0355127,0.075737
-64.557,87.3418,0.0358102,0.0779168
-60.7595,87.3418,0.0361109,0.0802204
-56.962,87.3418,0.0364109,0.0826287
-53.1646,87.3418,0.036705,0.0851159
-49.3671,87.3418,0.0369871,0.0876509
-45.5696,87.3418,0.0372503,0.090199
-41.7722,87.3418,0.037487,0.092724
-37.9747,87.3418,0.0376896,0.0951905
-34.1772,87.3418,0.0378502,0.0975661
-30.3797,87.3418,0.0379615,0.0998233
-26.5823,87.3418,0.0380171,0.101941
-22.7848,87.3418,0.0380119,0.103908
-18.9873,87.3418,0.0379419,0.105717
-15.1899,87.3418,0.0378052,0.107375
-11.3924,87.3418,0.0376017,0.108891
-7.59494,87.3418,0.0373335,0.110285
-3.79747,87.3418,0.0370045,0.111578
0,87.3418,0.0366205,0.112798
-300,91.1392,0.023342,0.0138185
-296.203,91.1392,0.0234946,0.0143945
-292.405,91.1392,0.0236514,0.0149782
-288.608,91.1392,0.0238096,0.0155709
-284.81,91.1392,0.0239676,0.0161742
-281.013,91.1392,0.0241247,0.0167899
-277.215,91.1392,0.0242806,0.0174195
-273.418,91.1392,0.0244358,0.0180635
-269.62,91.1392,0.0245908,0.018722
-265.823,91.1392,0.0247464,0.0193942
-262.025,91.1392,0.0249033,0.0200785
-258.228,91.1392,0.0250619,0.0207729
-254.43,91.1392,0.0252223,0.0214751
-250.633,91.1392,0.0253847,0.0221832
-246.835,91.1392,0.0255485,0.0228952
-243.038,91.1392,0.0257135,0.0236103
-239.241,91.1392,0.025879,0.0243281
-235.443,91.1392,0.0260446,0.0250494
-231.646,91.1392,0.02621,0.0257757
-227.848,91.1392,0.0263751,0.0265096
-224.051,91.1392,0.0265402,0.0272539
-220.253,91.1392,0.0267059,0.0280121
-216.456,91.1392,0.0268731,0.0287876
-212.658,91.1392,0.027043,0.0295838
-208.861,91.1392,0.027217,0.0304036
-205.063,91.1392,0.0273966,0.0312494
-201.266,91.1392,0.0275833,0.032123
-197.468,91.1392,0.0277782,0.0330255
-193.671,91.1392,0.0279824,0.0339578
-189.873,91.1392,0.0281963,0.0349202
-186.076,91.1392,0.0284202,0.035913
-182.278,91.1392,0.0286536,0.0369364
-178.481,91.1392,0.0288958,0.0379909
-174.684,91.1392,0.0291457,0.0390771
-170.886,91.1392,0.0294016,0.0401959
-167.089,91.1392,0.0296621,0.0413482
-163.291,91.1392,0.0299252,0.0425346
-159.494,91.1392,0.0301894,0.0437553
-155.696,91.1392,0.0304529,0.0450097
-151.899,91.1392,0.0307146,0.0462961
-148.101,91.1392,0.0309732,0.0476113
-144.304,91.1392,0.031228,0.0489507
-140.506,91.1392,0.0314785,0.0503082
-136.709,91.1392,0.0317247,0.0516766
-132.911,91.1392,0.0319666,0.0530477
-129.114,91.1392,0.0322047,0.0544134
-125.316,91.1392,0.0324395,0.0557665
-121.519,91.1392,0.0326718,0.057101
-117.722,91.1392,0.0329025,0.0584137
-113.924,91.1392,0.0331326,0.0597045
-110.127,91.1392,0.0333631,0.0609775
-106.329,91.1392,0.0335953,0.0622407
-102.532,91.1392,0.0338303,0.0635066
-98.7342,91.1392,0.0340695,0.0647914
-94.9367,91.1392,0.034314,0.0661144
-91.1392,91.1392,0.0345649,0.0674968
-87.3418,91.1392,0.0348234,0.0689601
-83.5443,91.1392,0.03509,0.0705246
-79.7468,91.1392,0.0353651,0.0722076
-75.9494,91.1392,0.0356484,0.0740218
-72.1519,91.1392,0.0359391,0.0759735
-68.3544,91.1392,0.0362353,0.0780622
-64.557,91.1392,0.0365344,0.0802794
-60.7595,91.1392,0.0368329,0.0826088
-56.962,91.1392,0.0371262,0.0850268
-53.1646,91.1392,0.0374091,0.0875038
-49.3671,91.1392,0.0376752,0.0900057
-45.5696,91.1392,0.037918,0.092496
-41.7722,91.1392,0.0381305,0.0949384
-37.9747,91.1392,0.0383055,0.0972988
-34.1772,91.1392,0.0384366,0.0995478
-30.3797,91.1392,0.0385176,0.101663
-26.5823,91.1392,0.0385435,0.10363
-22.7848,91.1392,0.0385109,0.105443
-18.9873,91.1392,0.0384174,0.107108
-15.1899,91.1392,0.0382629,0.108638
-11.3924,91.1392,0.0380489,0.110055
-7.59494,91.1392,0.0377788,0.111387
-3.79747,91.1392,0.0374579,0.112666
0,91.1392,0.0370932,0.113926
-300,94.9367,0.023998,0.0157556
-296.203,94.9367,0.0241528,0.0163452
-292.405,94.9367,0.0243123,0.0169425
-288.608,94.9367,0.0244737,0.0175489
-284.81,94.9367,0.0246353,0.0181664
-281.013,94.9367,0.0247963,0.0187964
-277.215,94.9367,0.0249563,0.0194403
-273.418,94.9367,0.0251156,0.0200985
-269.62,94.9367,0.0252748,0.0207707
-265.823,94.9367,0.0254345,0.0214558
-262.025,94.9367,0.0255951,0.022152
-258.228,94.9367,0.0257571,0.0228571
-254.43,94.9367,0.0259206,0.0235687
-250.633,94.9367,0.0260855,0.0242849
-246.835,94.9367,0.0262516,0.025004
-243.038,94.9367,0.0264183,0.0257252
-239.241,94.9367,0.0265853,0.0264485
-235.443,94.9367,0.0267521,0.0271751
-231.646,94.9367,0.0269185,0.0279069
-227.848,94.9367,0.0270847,0.028647
-224.051,94.9367,0.027251,0.0293986
-220.253,94.9367,0.0274181,0.0301655
-216.456,94.9367,0.0275872,0.0309516
-212.658,94.9367,0.0277595,0.0317604
-208.861,94.9367,0.0279365,0.0325949
-205.063,94.9367,0.0281199,0.0334576
-201.266,94.9367,0.0283109,0.0343501
-197.468,94.9367,0.0285109,0.0352735
-193.671,94.9367,0.0287206,0.036228
-189.873,94.9367,0.0289406,0.0372138
-186.076,94.9367,0.0291706,0.0382304
-182.278,94.9367,0.0294102,0.0392776
-178.481,94.9367,0.0296582,0.0403551
-174.684,94.9367,0.0299132,0.0414628
-170.886,94.9367,0.0301734,0.0426007
-167.089,94.9367,0.0304368,0.0437689
-163.291,94.9367,0.0307013,0.0449672
-159.494,94.9367,0.0309651,0.0461952
-155.696,94.9367,0.0312263,0.0474515
-151.899,94.9367,0.0314837,0.0487338
-148.101,94.9367,0.031736,0.0500385
-144.304,94.9367,0.0319827,0.051361
-140.506,94.9367,0.0322236,0.0526953
-136.709,94.9367,0.0324589,0.0540345
-132.911,94.9367,0.0326892,0.0553715
-129.114,94.9367,0.0329154,0.0566991
-125.316,94.9367,0.0331385,0.0580116
-121.519,94.9367,0.0333599,0.0593049
-117.722,94.9367,0.0335809,0.0605775
-113.924,94.9367,0.0338031,0.0618317
-110.127,94.9367,0.0340278,0.0630733
-106.329,94.9367,0.0342564,0.0643124
-102.532,94.9367,0.0344903,0.0655631
-98.7342,94.9367,0.0347306,0.0668426
-94.9367,94.9367,0.0349784,0.0681709
-91.1392,94.9367,0.0352343,0.069569
-87.3418,94.9367,0.0354989,0.0710575
-83.5443,94.9367,0.0357721,0.0726552
-79.7468,94.9367,0.0360536,0.0743769
-75.9494,94.9367,0.0363423,0.0762322
-72.1519,94.9367,0.0366365,0.0782239
-68.3544,94.9367,0.0369339,0.0803474
-64.557,94.9367,0.0372312,0.0825902
-60.7595,94.9367,0.0375243,0.0849322
-56.962,94.9367,0.0378085,0.0873462
-53.1646,94.9367,0.0380783,0.0898
-49.3671,94.9367,0.0383278,0.0922577
-45.5696,94.9367,0.0385505,0.0946821
-41.7722,94.9367,0.0387402,0.0970375
-37.9747,94.9367,0.0388905,0.0992919
-34.1772,94.9367,0.0389959,0.101419
-30.3797,94.9367,0.0390514,0.103402
-26.5823,94.9367,0.0390531,0.105232
-22.7848,94.9367,0.0389988,0.106911
-18.9873,94.9367,0.0388874,0.108451
-15.1899,94.9367,0.0387198,0.109873
-11.3924,94.9367,0.0384986,0.111208
-7.59494,94.9367,0.038228,0.112491
-3.79747,94.9367,0.0379141,0.113759
0,94.9367,0.037564,0.115054
-300,98.7342,0.0246486,0.0176857
-296.203,98.7342,0.0248062,0.0182918
-292.405,98.7342,0.0249687,0.0189048
-288.608,98.7342,0.0251334,0.0195263
-284.81,98.7342,0.0252986,0.020158
-281.013,98.7342,0.0254633,0.0208016
-277.215,98.7342,0.0256271,0.0214581
-273.418,98.7342,0.0257902,0.0221279
-269.62,98.7342,0.0259529,0.0228105
-265.823,98.7342,0.0261158,0.0235046
-262.025,98.7342,0.0262793,0.0242085
-258.228,98.7342,0.0264438,0.0249198
-254.43,98.7342,0.0266093,0.0256366
-250.633,98.7342,0.0267758,0.0263568
-246.835,98.7342,0.0269431,0.0270792
-243.038,98.7342,0.0271108,0.0278033
-239.241,98.7342,0.0272786,0.0285296
-235.443,98.7342,0.0274462,0.0292597
-231.646,98.7342,0.0276135,0.029996
-227.848,98.7342,0.0277809,0.0307418
-224.051,98.7342,0.0279488,0.0315009
-220.253,98.7342,0.028118,0.0322773
-216.456,98.7342,0.0282898,0.033075
-212.658,98.7342,0.0284656,0.0338977
-208.861,98.7342,0.0286467,0.0347482
-205.063,98.7342,0.0288347,0.0356289
-201.266,98.7342,0.029031,0.0365411
-197.468,98.7342,0.0292366,0.0374854
-193.671,98.7342,0.0294522,0.0384619
-189.873,98.7342,0.0296779,0.0394699
-186.076,98.7342,0.0299136,0.0405085
-182.278,98.7342,0.0301582,0.0415767
-178.481,98.7342,0.0304106,0.0426736
-174.684,98.7342,0.0306689,0.0437984
-170.886,98.7342,0.0309312,0.0449504
-167.089,98.7342,0.0311952,0.0461289
-163.291,98.7342,0.0314588,0.0473333
-159.494,98.7342,0.0317201,0.0485624
-155.696,98.7342,0.0319772,0.0498144
-151.899,98.7342,0.0322288,0.051087
-148.101,98.7342,0.0324739,0.0523763
-144.304,98.7342,0.0327123,0.053678
-140.506,98.7342,0.0329439,0.0549863
-136.709,98.7342,0.0331694,0.0562953
-132.911,98.7342,0.0333897,0.0575988
-129.114,98.7342,0.0336061,0.0588909
-125.316,98.7342,0.0338201,0.0601674
-121.519,98.7342,0.0340334,0.0614258
-117.722,98.7342,0.0342477,0.0626665
-113.924,98.7342,0.0344648,0.0638935
-110.127,98.7342,0.0346862,0.0651143
-106.329,98.7342,0.0349135,0.0663402
-102.532,98.7342,0.0351477,0.0675863
-98.7342,98.7342,0.0353899,0.0688704
-94.9367,98.7342,0.0356408,0.0702123
-91.1392,98.7342,0.0359007,0.0716321
-87.3418,98.7342,0.0361695,0.0731492
-83.5443,98.7342,0.0364467,0.0747801
-79.7468,98.7342,0.0367312,0.0765371
-75.9494,98.7342,0.0370214,0.0784265
-72.1519,98.7342,0.0373151,0.0804479
-68.3544,98.7342,0.0376093,0.0825932
-64.557,98.7342,0.0379006,0.0848467
-60.7595,98.7342,0.0381846,0.0871851
-56.962,98.7342,0.0384566,0.0895791
-53.1646,98.7342,0.0387113,0.0919949
-49.3671,98.7342,0.0389429,0.0943958
-45.5696,98.7342,0.0391458,0.0967453
-41.7722,98.7342,0.0393141,0.0990093
-37.9747,98.7342,0.0394425,0.101158
-34.1772,98.7342,0.039526,0.103171
-30.3797,98.7342,0.0395607,0.105033
-26.5823,98.7342,0.0395438,0.106742
-22.7848,98.7342,0.0394734,0.108306
-18.9873,98.7342,0.0393497,0.109743
-15.1899,98.7342,0.0391738,0.111079
-11.3924,98.7342,0.0389489,0.112351
-7.59494,98.7342,0.0386795,0.113598
-3.79747,98.7342,0.0383714,0.114862
0,98.7342,0.0380319,0.116185
-300,102.532,0.0252956,0.0196054
-296.203,102.532,0.0254562,0.0202297
-292.405,102.532,0.0256217,0.0208594
-288.608,102.532,0.0257896,0.0214958
-284.81,102.532,0.025958,0.0221409
-281.013,102.532,0.0261259,0.0227962
-277.215,102.532,0.0262929,0.0234627
-273.418,102.532,0.0264589,0.0241407
-269.62,102.532,0.0266243,0.0248298
-265.823,102.532,0.0267894,0.0255287
-262.025,102.532,0.0269547,0.0262358
-258.228,102.532,0.0271206,0.0269492
-254.43,102.532,0.027287,0.0276669
-250.633,102.532,0.0274542,0.0283874
-246.835,102.532,0.0276218,0.02911
-243.038,102.532,0.0277898,0.0298346
-239.241,102.532,0.0279579,0.0305623
-235.443,102.532,0.0281262,0.031295
-231.646,102.532,0.0282946,0.0320357
-227.848,102.532,0.0284636,0.0327879
-224.051,102.532,0.0286339,0.0335557
-220.253,102.532,0.0288063,0.0343433
-216.456,102.532,0.0289821,0.0351545
-212.658,102.532,0.0291625,0.035993
-208.861,102.532,0.029349,0.0368615
-205.063,102.532,0.0295429,0.0377617
-201.266,102.532,0.0297453,0.0386948
-197.468,102.532,0.0299571,0.0396607
-193.671,102.532,0.0301788,0.0406589
-189.873,102.532,0.0304102,0.0416882
-186.076,102.532,0.0306507,0.0427469
-182.278,102.532,0.0308993,0.0438335
-178.481,102.532,0.0311544,0.0449464
-174.684,102.532,0.031414,0.0460841
-170.886,102.532,0.0316762,0.0472454
-167.089,102.532,0.0319386,0.0484291
-163.291,102.532,0.0321991,0.0496342
-159.494,102.532,0.0324558,0.0508591
-155.696,102.532,0.032707,0.0521021
-151.899,102.532,0.0329516,0.0533605
-148.101,102.532,0.0331889,0.054631
-144.304,102.532,0.0334189,0.0559094
-140.506,102.532,0.0336419,0.057191
-136.709,102.532,0.0338589,0.0584705
-132.911,102.532,0.0340712,0.0597428
-129.114,102.532,0.0342802,0.0610037
-125.316,102.532,0.034488,0.0622502
-121.519,102.532,0.0346963,0.0634815
-117.722,102.532,0.0349071,0.0646995
-113.924,102.532,0.0351221,0.0659095
-110.127,102.532,0.0353429,0.0671201
-106.329,102.532,0.0355708,0.0683435
-102.532,102.532,0.0358068,0.0695951
-98.7342,102.532,0.0360515,0.0708925
-94.9367,102.532,0.0363053,0.0722547
-91.1392,102.532,0.0365679,0.0737005
-87.3418,102.532,0.0368389,0.0752472
-83.5443,102.532,0.0371171,0.076909
-79.7468,102.532,0.0374011,0.0786954
-75.9494,102.532,0.0376887,0.0806097
-72.1519,102.532,0.0379774,0.0826484
-68.3544,102.532,0.0382641,0.0848007
-64.557,102.532,0.0385451,0.087048
-60.7595,102.532,0.0388162,0.0893655
-56.962,102.532,0.0390728,0.0917225
-53.1646,102.532,0.03931,0.0940848
-49.3671,102.532,0.0395227,0.0964164
-45.5696,102.532,0.0397056,0.0986824
-41.7722,102.532,0.0398538,0.100851
-37.9747,102.532,0.0399626,0.102896
-34.1772,102.532,0.0400278,0.1048
-30.3797,102.532,0.0400462,0.106554
-26.5823,102.532,0.0400154,0.10816
-22.7848,102.532,0.0399345,0.109629
-18.9873,102.532,0.0398034,0.110984
-15.1899,102.532,0.0396237,0.112257
-11.3924,102.532,0.0393983,0.113485
-7.59494,102.532,0.0391313,0.11471
-3.79747,102.532,0.0388283,0.115976
0,102.532,0.0384956,0.117322
-300,106.329,0.02594,0.02151
-296.203,106.329,0.0261034,0.0221528
-292.405,106.329,0.0262717,0.0227984
-288.608,106.329,0.0264423,0.0234486
-284.81,106.329,0.0266132,0.024105
-281.013,106.329,0.0267835,0.0247694
-277.215,106.329,0.0269527,0.0254426
-273.418,106.329,0.0271206,0.0261252
-269.62,106.329,0.0272875,0.0268168
-265.823,106.329,0.0274538,0.0275164
-262.025,106.329,0.0276198,0.0282228
-258.228,106.329,0.027786,0.0289343
-254.43,106.329,0.0279525,0.0296497
-250.633,106.329,0.0281194,0.0303679
-246.835,106.329,0.0282869,0.0310887
-243.038,106.329,0.0284548,0.0318126
-239.241,106.329,0.0286232,0.0325412
-235.443,106.329,0.0287923,0.033277
-231.646,106.329,0.0289624,0.0340232
-227.848,106.329,0.0291338,0.0347836
-224.051,106.329,0.0293075,0.0355623
-220.253,106.329,0.0294842,0.0363636
-216.456,106.329,0.0296652,0.037191
-212.658,106.329,0.0298517,0.0380479
-208.861,106.329,0.0300448,0.0389365
-205.063,106.329,0.0302457,0.0398582
-201.266,106.329,0.0304552,0.0408134
-197.468,106.329,0.0306738,0.0418015
-193.671,106.329,0.0309015,0.0428212
-189.873,106.329,0.0311382,0.0438706
-186.076,106.329,0.0313828,0.0449476
-182.278,106.329,0.031634,0.0460499
-178.481,106.329,0.0318901,0.0471753
-174.684,106.329,0.0321493,0.048322
-170.886,106.329,0.0324092,0.0494882
-167.089,106.329,0.0326678,0.0506726
-163.291,106.329,0.032923,0.0518738
-159.494,106.329,0.0331732,0.0530902
-155.696,106.329,0.033417,0.0543202
-151.899,106.329,0.0336536,0.0555614
-148.101,106.329,0.0338827,0.0568109
-144.304,106.329,0.0341045,0.0580652
-140.506,106.329,0.0343199,0.0593205
-136.709,106.329,0.0345299,0.0605725
-132.911,106.329,0.0347362,0.0618174
-129.114,106.329,0.0349406,0.0630523
-125.316,106.329,0.0351451,0.0642756
-121.519,106.329,0.0353516,0.0654879
-117.722,106.329,0.0355619,0.0666924
-113.924,106.329,0.0357777,0.0678952
-110.127,106.329,0.0360004,0.0691057
-106.329,106.329,0.0362309,0.0703363
-102.532,106.329,0.0364699,0.0716021
-98.7342,106.329,0.0367177,0.07292
-94.9367,106.329,0.036974,0.0743074
-91.1392,106.329,0.0372383,0.0757815
-87.3418,106.329,0.0375094,0.0773573
-83.5443,106.329,0.0377859,0.0790461
-79.7468,106.329,0.0380659,0.0808546
-75.9494,106.329,0.0383471,0.0827834
-72.1519,106.329,0.0386268,0.0848263
-68.3544,106.329,0.0389018,0.0869702
-64.557,106.329,0.0391685,0.0891949
-60.7595,106.329,0.0394232,0.0914745
-56.962,106.329,0.0396616,0.0937782
-53.1646,106.329,0.0398793,0.0960726
-49.3671,106.329,0.0400719,0.0983235
-45.5696,106.329,0.0402348,0.100498
-41.7722,106.329,0.0403639,0.102569
-37.9747,106.329,0.040455,0.104513
-34.1772,106.329,0.0405049,0.106316
-30.3797,106.329,0.0405107,0.107974
-26.5823,106.329,0.0404704,0.109492
-22.7848,106.329,0.0403831,0.110886
-18.9873,106.329,0.0402489,0.112182
-15.1899,106.329,0.0400689,0.113411
-11.3924,106.329,0.0398455,0.114613
-7.59494,106.329,0.0395821,0.115828
-3.79747,106.329,0.0392831,0.117098
0,106.329,0.0389538,0.118461
-300,110.127,0.0265816,0.0233939
-296.203,110.127,0.0267476,0.0240537
-292.405,110.127,0.0269181,0.0247134
-288.608,110.127,0.0270904,0.0253749
-284.81,110.127,0.027263,0.0260399
-281.013,110.127,0.0274347,0.02671
-277.215,110.127,0.0276049,0.0273866
-273.418,110.127,0.0277737,0.0280701
-269.62,110.127,0.0279411,0.0287606
-265.823,110.127,0.0281075,0.0294576
-262.025,110.127,0.0282734,0.0301601
-258.228,110.127,0.0284391,0.0308673
-254.43,110.127,0.028605,0.0315784
-250.633,110.127,0.0287713,0.032293
-246.835,110.127,0.0289383,0.0330116
-243.038,110.127,0.0291063,0.0337352
-239.241,110.127,0.0292753,0.0344658
-235.443,110.127,0.0294458,0.0352065
-231.646,110.127,0.0296182,0.0359605
-227.848,110.127,0.0297931,0.0367318
-224.051,110.127,0.0299713,0.0375246
-220.253,110.127,0.0301537,0.0383426
-216.456,110.127,0.0303412,0.0391893
-212.658,110.127,0.030535,0.0400673
-208.861,110.127,0.0307358,0.0409784
-205.063,110.127,0.0309445,0.0419233
-201.266,110.127,0.0311616,0.0429015
-197.468,110.127,0.0313871,0.0439119
-193.671,110.127,0.0316209,0.0449525
-189.873,110.127,0.0318621,0.0460206
-186.076,110.127,0.0321097,0.0471137
-182.278,110.127,0.0323622,0.0482288
-178.481,110.127,0.0326177,0.0493634
-174.684,110.127,0.0328743,0.0505153
-170.886,110.127,0.03313,0.0516825
-167.089,110.127,0.0333827,0.0528636
-163.291,110.127,0.0336308,0.054057
-159.494,110.127,0.033873,0.0552616
-155.696,110.127,0.0341083,0.0564758
-151.899,110.127,0.0343362,0.0576978
-148.101,110.127,0.0345569,0.0589253
-144.304,110.127,0.0347711,0.0601558
-140.506,110.127,0.0349798,0.0613862
-136.709,110.127,0.0351846,0.0626136
-132.911,110.127,0.0353872,0.0638354
-129.114,110.127,0.0355895,0.0650499
-125.316,110.127,0.0357934,0.0662568
-121.519,110.127,0.0360009,0.0674579
-117.722,110.127,0.0362136,0.0686572
-113.924,110.127,0.0364329,0.0698615
-110.127,110.127,0.0366596,0.0710806
-106.329,110.127,0.0368945,0.0723264
-102.532,110.127,0.0371377,0.0736134
-98.7342,110.127,0.0373889,0.074957
-94.9367,110.127,0.0376474,0.076373
-91.1392,110.127,0.0379121,0.0778761
-87.3418,110.127,0.0381816,0.0794788
-83.5443,110.127,0.038454,0.0811897
-79.7468,110.127,0.0387272,0.0830126
-75.9494,110.127,0.0389988,0.0849455
-72.1519,110.127,0.039266,0.0869801
-68.3544,110.127,0.0395259,0.0891013
-64.557,110.127,0.0397753,0.0912883
-60.7595,110.127,0.0400107,0.093515
-56.962,110.127,0.0402286,0.0957515
-53.1646,110.127,0.0404253,0.097966
-49.3671,110.127,0.0405969,0.100127
-45.5696,110.127,0.0407399,0.102205
-41.7722,110.127,0.0408507,0.104176
-37.9747,110.127,0.040926,0.106022
-34.1772,110.127,0.0409629,0.107732
-30.3797,110.127,0.0409589,0.109306
-26.5823,110.127,0.0409124,0.110752
-22.7848,110.127,0.0408221,0.112089
-18.9873,110.127,0.0406878,0.113343
-15.1899,110.127,0.0405101,0.114546
-11.3924,110.127,0.0402904,0.115736
-7.59494,110.127,0.0400309,0.116951
-3.79747,110.127,0.0397347,0.118228
0,110.127,0.0394057,0.1196
-300,113.924,0.0272196,0.0252517
-296.203,113.924,0.0273874,0.0259255
-292.405,113.924,0.0275592,0.0265962
-288.608,113.924,0.0277324,0.0272657
-284.81,113.924,0.0279055,0.0279359
-281.013,113.924,0.0280775,0.0286085
-277.215,113.924,0.0282478,0.0292851
-273.418,113.924,0.0284164,0.0299666
-269.62,113.924,0.0285834,0.0306533
-265.823,113.924,0.0287493,0.0313454
-262.025,113.924,0.0289144,0.0320425
-258.228,113.924,0.0290793,0.0327444
-254.43,113.924,0.0292445,0.0334509
-250.633,113.924,0.0294103,0.0341624
-246.835,113.924,0.0295772,0.0348799
-243.038,113.924,0.0297456,0.0356051
-239.241,113.924,0.029916,0.0363404
-235.443,113.924,0.0300888,0.0370888
-231.646,113.924,0.0302646,0.0378541
-227.848,113.924,0.030444,0.03864
-224.051,113.924,0.0306279,0.0394502
-220.253,113.924,0.030817,0.0402884
-216.456,113.924,0.0310122,0.0411573
-212.658,113.924,0.0312141,0.042059
-208.861,113.924,0.0314233,0.0429944
-205.063,113.924,0.0316403,0.0439634
-201.266,113.924,0.031865,0.0449651
-197.468,113.924,0.0320972,0.0459973
-193.671,113.924,0.0323363,0.0470574
-189.873,113.924,0.0325812,0.0481423
-186.076,113.924,0.0328306,0.0492488
-182.278,113.924,0.0330828,0.0503736
-178.481,113.924,0.0333359,0.0515139
-174.684,113.924,0.0335882,0.0526674
-170.886,113.924,0.0338378,0.053832
-167.089,113.924,0.034083,0.0550062
-163.291,113.924,0.0343226,0.0561889
-159.494,113.924,0.0345556,0.0573791
-155.696,113.924,0.0347816,0.0585757
-151.899,113.924,0.0350006,0.0597776
-148.101,113.924,0.0352132,0.0609833
-144.304,113.924,0.0354205,0.0621909
-140.506,113.924,0.0356239,0.0633987
-136.709,113.924,0.0358251,0.0646049
-132.911,113.924,0.036026,0.0658079
-129.114,113.924,0.0362285,0.0670074
-125.316,113.924,0.0364344,0.0682041
-121.519,113.924,0.0366454,0.0694007
-117.722,113.924,0.0368628,0.070602
-113.924,113.924,0.0370876,0.071815
-110.127,113.924,0.0373202,0.0730492
-106.329,113.924,0.0375607,0.0743162
-102.532,113.924,0.0378087,0.075629
-98.7342,113.924,0.0380635,0.0770016
-94.9367,113.924,0.0383237,0.0784474
-91.1392,113.924,0.0385879,0.0799788
-87.3418,113.924,0.0388543,0.0816054
-83.5443,113.924,0.0391207,0.083333
-79.7468,113.924,0.0393849,0.0851628
-75.9494,113.924,0.0396445,0.0870903
-72.1519,113.924,0.0398968,0.0891054
-68.3544,113.924,0.0401393,0.0911921
-64.557,113.924,0.0403691,0.0933291
-60.7595,113.924,0.0405835,0.0954909
-56.962,113.924,0.0407795,0.0976494
-53.1646,113.924,0.0409542,0.0997753
-49.3671,113.924,0.0411046,0.10184
-45.5696,113.924,0.041228,0.103819
-41.7722,113.924,0.0413213,0.105691
-37.9747,113.924,0.0413821,0.107443
-34.1772,113.924,0.0414078,0.109068
-30.3797,113.924,0.0413963,0.11057
-26.5823,113.924,0.0413457,0.111958
-22.7848,113.924,0.0412547,0.113253
-18.9873,113.924,0.0411224,0.114481
-15.1899,113.924,0.0409484,0.115671
-11.3924,113.924,0.0407331,0.116859
-7.59494,113.924,0.0404772,0.118079
-3.79747,113.924,0.0401825,0.119361
0,113.924,0.039851,0.120732
-300,117.722,0.0278522,0.0270785
-296.203,117.722,0.0280211,0.0277621
-292.405,117.722,0.0281931,0.0284399
-288.608,117.722,0.0283661,0.0291137
-284.81,117.722,0.0285388,0.0297856
-281.013,117.722,0.0287101,0.0304577
-277.215,117.722,0.0288797,0.0311317
-273.418,117.722,0.0290475,0.0318091
-269.62,117.722,0.0292136,0.0324907
-265.823,117.722,0.0293786,0.0331771
-262.025,117.722,0.029543,0.0338688
-258.228,117.722,0.0297073,0.0345661
-254.43,117.722,0.029872,0.0352695
-250.633,117.722,0.0300379,0.0359802
-246.835,117.722,0.0302055,0.0366995
-243.038,117.722,0.0303753,0.0374296
-239.241,117.722,0.030548,0.0381732
-235.443,117.722,0.0307242,0.0389335
-231.646,117.722,0.0309045,0.039714
-227.848,117.722,0.0310895,0.0405183
-224.051,117.722,0.0312801,0.0413497
-220.253,117.722,0.0314768,0.0422112
-216.456,117.722,0.0316802,0.0431048
-212.658,117.722,0.0318906,0.0440318
-208.861,117.722,0.0321084,0.0449925
-205.063,117.722,0.0323334,0.0459859
-201.266,117.722,0.0325654,0.0470102
-197.468,117.722,0.0328035,0.0480627
-193.671,117.722,0.0330469,0.0491401
-189.873,117.722,0.0332941,0.050239
-186.076,117.722,0.0335438,0.0513557
-182.278,117.722,0.033794,0.0524867
-178.481,117.722,0.0340432,0.0536292
-174.684,117.722,0.0342896,0.0547807
-170.886,117.722,0.0345316,0.0559394
-167.089,117.722,0.0347681,0.0571041
-163.291,117.722,0.0349981,0.0582737
-159.494,117.722,0.0352214,0.059448
-155.696,117.722,0.0354378,0.0606262
-151.899,117.722,0.0356482,0.061808
-148.101,117.722,0.0358533,0.0629927
-144.304,117.722,0.0360548,0.0641795
-140.506,117.722,0.0362542,0.0653674
-136.709,117.722,0.0364535,0.0665557
-132.911,117.722,0.0366546,0.0677442
-129.114,117.722,0.0368592,0.0689335
-125.316,117.722,0.0370691,0.0701252
-121.519,117.722,0.0372855,0.0713227
-117.722,117.722,0.0375093,0.0725312
-113.924,117.722,0.0377409,0.0737579
-110.127,117.722,0.0379804,0.0750117
-106.329,117.722,0.0382271,0.0763034
-102.532,117.722,0.0384803,0.0776445
-98.7342,117.722,0.0387384,0.079047
-94.9367,117.722,0.0389998,0.0805222
-91.1392,117.722,0.0392626,0.0820796
-87.3418,117.722,0.0395247,0.0837262
-83.5443,117.722,0.0397837,0.0854651
-79.7468,117.722,0.0400373,0.0872947
-75.9494,117.722,0.0402833,0.0892088
-72.1519,117.722,0.0405193,0.0911956
-68.3544,117.722,0.040743,0.0932384
-64.557,117.722,0.0409522,0.0953164
-60.7595,117.722,0.0411447,0.0974053
-56.962,117.722,0.0413184,0.099479
-53.1646,117.722,0.0414711,0.101511
-49.3671,117.722,0.0416007,0.103478
-45.5696,117.722,0.041705,0.105357
-41.7722,117.722,0.0417819,0.107134
-37.9747,117.722,0.0418294,0.108798
-34.1772,117.722,0.0418453,0.110347
-30.3797,117.722,0.0418277,0.111786
-26.5823,117.722,0.0417745,0.113128
-22.7848,117.722,0.0416839,0.114393
-18.9873,117.722,0.0415545,0.115605
-15.1899,117.722,0.0413848,0.116793
-11.3924,117.722,0.0411739,0.117985
-7.59494,117.722,0.0409211,0.119211
-3.79747,117.722,0.0406263,0.120494
0,117.722,0.0402899,0.121852
-300,121.519,0.0284777,0.0288707
-296.203,121.519,0.0286465,0.0295594
-292.405,121.519,0.0288178,0.0302399
-288.608,121.519,0.0289897,0.0309142
-284.81,121.519,0.0291611,0.0315848
-281.013,121.519,0.0293311,0.032254
-277.215,121.519,0.0294994,0.0329239
-273.418,121.519,0.0296661,0.0335964
-269.62,121.519,0.0298314,0.0342729
-265.823,121.519,0.0299958,0.0349546
-262.025,121.519,0.0301598,0.0356425
-258.228,121.519,0.0303242,0.0363377
-254.43,121.519,0.0304896,0.0370413
-250.633,121.519,0.0306566,0.0377547
-246.835,121.519,0.030826,0.03848
-243.038,121.519,0.0309985,0.0392195
-239.241,121.519,0.0311747,0.039976
-235.443,121.519,0.0313554,0.0407526
-231.646,121.519,0.0315413,0.0415525
-227.848,121.519,0.0317329,0.0423789
-224.051,121.519,0.0319308,0.0432346
-220.253,121.519,0.0321354,0.0441216
-216.456,121.519,0.0323471,0.0450415
-212.658,121.519,0.0325659,0.0459946
-208.861,121.519,0.0327917,0.0469802
-205.063,121.519,0.033024,0.0479968
-201.266,121.519,0.033262,0.0490418
-197.468,121.519,0.0335047,0.050112
-193.671,121.519,0.0337509,0.0512036
-189.873,121.519,0.0339989,0.0523129
-186.076,121.519,0.0342471,0.0534359
-182.278,121.519,0.0344939,0.0545694
-178.481,121.519,0.0347377,0.0557104
-174.684,121.519,0.0349768,0.0568567
-170.886,121.519,0.0352103,0.0580068
-167.089,121.519,0.0354373,0.0591596
-163.291,121.519,0.0356575,0.0603148
-159.494,121.519,0.035871,0.0614724
-155.696,121.519,0.0360784,0.0626325
-151.899,121.519,0.0362808,0.0637952
-148.101,121.519,0.0364795,0.0649606
-144.304,121.519,0.0366764,0.0661288
-140.506,121.519,0.0368734,0.0672999
-136.709,121.519,0.0370723,0.068474
-132.911,121.519,0.0372751,0.0696518
-129.114,121.519,0.0374835,0.0708348
-125.316,121.519,0.0376986,0.0720254
-121.519,121.519,0.0379215,0.0732276
-117.722,121.519,0.0381525,0.0744468
-113.924,121.519,0.0383916,0.0756899
-110.127,121.519,0.0386381,0.0769654
-106.329,121.519,0.038891,0.0782828
-102.532,121.519,0.0391489,0.0796522
-98.7342,121.519,0.0394097,0.0810836
-94.9367,121.519,0.0396714,0.0825858
-91.1392,121.519,0.0399318,0.0841658
-87.3418,121.519,0.0401885,0.0858278
-83.5443,121.519,0.040439,0.0875724
-79.7468,121.519,0.0406812,0.0893959
-75.9494,121.519,0.0409128,0.0912899
-72.1519,121.519,0.0411319,0.0932417
-68.3544,121.519,0.0413365,0.0952346
-64.557,121.519,0.041525,0.097248
-60.7595,121.519,0.0416959,0.0992596
-56.962,121.519,0.0418478,0.101246
-53.1646,121.519,0.0419792,0.103184
-49.3671,121.519,0.0420888,0.105053
-45.5696,121.519,0.0421752,0.106836
-41.7722,121.519,0.0422369,0.108522
-37.9747,121.519,0.0422723,0.110105
-34.1772,121.519,0.0422795,0.111586
-30.3797,121.519,0.0422567,0.112973
-26.5823,121.519,0.0422016,0.114279
-22.7848,121.519,0.0421121,0.115523
-18.9873,121.519,0.0419857,0.116728
-15.1899,121.519,0.0418201,0.117918
-11.3924,121.519,0.041613,0.119117
-7.59494,121.519,0.0413622,0.120346
-3.79747,121.519,0.041066,0.121623
0,121.519,0.0407229,0.122956
-300,125.316,0.0290941,0.0306264
-296.203,125.316,0.029262,0.0313151
-292.405,125.316,0.0294317,0.0319943
-288.608,125.316,0.0296018,0.032666
-284.81,125.316,0.0297713,0.033333
-281.013,125.316,0.0299397,0.033998
-277.215,125.316,0.0301067,0.0346634
-273.418,125.316,0.0302726,0.0353316
-269.62,125.316,0.0304375,0.0360045
-265.823,125.316,0.030602,0.0366839
-262.025,125.316,0.0307668,0.0373713
-258.228,125.316,0.0309324,0.0380682
-254.43,125.316,0.0310997,0.0387763
-250.633,125.316,0.0312693,0.0394974
-246.835,125.316,0.031442,0.0402336
-243.038,125.316,0.0316185,0.0409874
-239.241,125.316,0.0317996,0.0417615
-235.443,125.316,0.031986,0.0425587
-231.646,125.316,0.0321782,0.0433818
-227.848,125.316,0.0323769,0.0442334
-224.051,125.316,0.0325823,0.0451155
-220.253,125.316,0.0327948,0.0460294
-216.456,125.316,0.0330143,0.0469758
-212.658,125.316,0.0332406,0.0479542
-208.861,125.316,0.0334732,0.0489632
-205.063,125.316,0.0337113,0.0500004
-201.266,125.316,0.0339537,0.0510629
-197.468,125.316,0.0341993,0.052147
-193.671,125.316,0.0344464,0.0532487
-189.873,125.316,0.0346934,0.054364
-186.076,125.316,0.0349386,0.0554893
-182.278,125.316,0.0351805,0.0566213
-178.481,125.316,0.0354176,0.0577573
-174.684,125.316,0.0356487,0.0588954
-170.886,125.316,0.0358732,0.0600346
-167.089,125.316,0.0360907,0.0611742
-163.291,125.316,0.0363013,0.0623144
-159.494,125.316,0.0365057,0.0634556
-155.696,125.316,0.036705,0.0645986
-151.899,125.316,0.0369006,0.065744
-148.101,125.316,0.0370944,0.0668927
-144.304,125.316,0.0372882,0.0680453
-140.506,125.316,0.0374842,0.0692027
-136.709,125.316,0.0376842,0.070366
-132.911,125.316,0.03789,0.0715365
-129.114,125.316,0.0381029,0.0727164
-125.316,125.316,0.038324,0.0739087
-121.519,125.316,0.0385537,0.0751179
-117.722,125.316,0.038792,0.0763492
-113.924,125.316,0.0390382,0.0776094
-110.127,125.316,0.0392911,0.0789062
-106.329,125.316,0.0395493,0.0802482
-102.532,125.316,0.0398107,0.0816437
-98.7342,125.316,0.040073,0.0831007
-94.9367,125.316,0.0403338,0.0846259
-91.1392,125.316,0.0405906,0.0862239
-87.3418,125.316,0.0408409,0.0878962
-83.5443,125.316,0.0410822,0.0896411
-79.7468,125.316,0.0413123,0.0914528
-75.9494,125.316,0.0415294,0.0933217
-72.1519,125.316,0.0417316,0.0952342
-68.3544,125.316,0.0419177,0.0971735
-64.557,125.316,0.0420864,0.0991201
-60.7595,125.316,0.0422368,0.101054
-56.962,125.316,0.0423681,0.102953
-53.1646,125.316,0.0424797,0.104799
-49.3671,125.316,0.0425708,0.106575
-45.5696,125.316,0.0426408,0.108268
-41.7722,125.316,0.0426886,0.109871
-37.9747,125.316,0.042713,0.111381
-34.1772,125.316,0.0427125,0.112803
-30.3797,125.316,0.0426851,0.114145
-26.5823,125.316,0.0426286,0.115422
-22.7848,125.316,0.04254,0.116652
-18.9873,125.316,0.0424164,0.117855
-15.1899,125.316,0.0422543,0.119049
-11.3924,125.316,0.0420501,0.120254
-7.59494,125.316,0.0418004,0.121483
-3.79747,125.316,0.0415016,0.122744
0,125.316,0.0411508,0.124038
-300,129.114,0.0297002,0.0323455
-296.203,129.114,0.0298664,0.0330298
-292.405,129.114,0.030034,0.0337041
-288.608,129.114,0.0302019,0.0343709
-284.81,129.114,0.0303695,0.0350331
-281.013,129.114,0.0305363,0.0356938
-277.215,129.114,0.0307025,0.0363557
-273.418,129.114,0.0308681,0.0370216
-269.62,129.114,0.0310336,0.0376939
-265.823,129.114,0.0311995,0.0383746
-262.025,129.114,0.0313663,0.0390658
-258.228,129.114,0.0315348,0.0397693
-254.43,129.114,0.0317055,0.040487
-250.633,129.114,0.0318793,0.0412209
-246.835,129.114,0.0320568,0.0419732
-243.038,129.114,0.0322388,0.0427462
-239.241,129.114,0.0324259,0.0435422
-235.443,129.114,0.0326188,0.0443637
-231.646,129.114,0.032818,0.0452129
-227.848,129.114,0.0330238,0.0460916
-224.051,129.114,0.0332364,0.047001
-220.253,129.114,0.033456,0.0479416
-216.456,129.114,0.0336822,0.0489133
-212.658,129.114,0.0339146,0.0499148
-208.861,129.114,0.0341522,0.050944
-205.063,129.114,0.0343941,0.0519981
-201.266,129.114,0.034639,0.0530738
-197.468,129.114,0.0348853,0.0541671
-193.671,129.114,0.0351313,0.055274
-189.873,129.114,0.0353755,0.0563908
-186.076,129.114,0.0356162,0.057514
-182.278,129.114,0.0358519,0.0586406
-178.481,129.114,0.0360816,0.0597684
-174.684,129.114,0.0363045,0.060896
-170.886,129.114,0.0365201,0.0620228
-167.089,129.114,0.0367286,0.0631487
-163.291,129.114,0.0369306,0.0642742
-159.494,129.114,0.0371273,0.0654003
-155.696,129.114,0.03732,0.0665281
-151.899,129.114,0.0375105,0.0676589
-148.101,129.114,0.037701,0.0687938
-144.304,129.114,0.0378934,0.0699342
-140.506,129.114,0.0380898,0.0710815
-136.709,129.114,0.0382921,0.0722371
-132.911,129.114,0.0385017,0.0734032
-129.114,129.114,0.0387197,0.0745824
-125.316,129.114,0.0389467,0.0757782
-121.519,129.114,0.0391828,0.076995
-117.722,129.114,0.0394275,0.0782382
-113.924,129.114,0.0396795,0.0795143
-110.127,129.114,0.0399374,0.0808303
-106.329,129.114,0.0401991,0.0821935
-102.532,129.114,0.0404623,0.083611
-98.7342,129.114,0.0407243,0.0850888
-94.9367,129.114,0.0409826,0.0866317
-91.1392,129.114,0.0412344,0.0882418
-87.3418,129.114,0.0414772,0.0899187
-83.5443,129.114,0.0417085,0.0916584
-79.7468,129.114,0.0419264,0.0934536
-75.9494,129.114,0.0421291,0.0952934
-72.1519,129.114,0.0423152,0.0971638
-68.3544,129.114,0.0424837,0.0990481
-64.557,129.114,0.0426339,0.100928
-60.7595,129.114,0.0427655,0.102785
-56.962,129.114,0.0428782,0.104602
-53.1646,129.114,0.0429719,0.106361
-49.3671,129.114,0.0430465,0.10805
-45.5696,129.114,0.0431018,0.109661
-41.7722,129.114,0.0431373,0.111189
-37.9747,129.114,0.043152,0.112635
-34.1772,129.114,0.0431447,0.114006
-30.3797,129.114,0.0431133,0.115312
-26.5823,129.114,0.0430553,0.116567
-22.7848,129.114,0.0429674,0.117787
-18.9873,129.114,0.042846,0.118989
-15.1899,129.114,0.0426866,0.120188
-11.3924,129.114,0.0424846,0.121395
-7.59494,129.114,0.042235,0.122617
-3.79747,129.114,0.0419331,0.123854
0,129.114,0.0415742,0.125098
-300,132.911,0.0302955,0.0340295
-296.203,132.911,0.0304596,0.034706
-292.405,132.911,0.0306249,0.0353732
-288.608,132.911,0.0307907,0.0360339
-284.81,132.911,0.0309565,0.0366914
-281.013,132.911,0.0311224,0.0373488
-277.215,132.911,0.0312885,0.0380095
-273.418,132.911,0.031455,0.0386762
-269.62,132.911,0.0316223,0.0393517
-265.823,132.911,0.031791,0.0400383
-262.025,132.911,0.0319614,0.0407382
-258.228,132.911,0.0321343,0.0414535
-254.43,132.911,0.0323102,0.0421861
-250.633,132.911,0.0324897,0.0429379
-246.835,132.911,0.0326734,0.043711
-243.038,132.911,0.032862,0.0445072
-239.241,132.911,0.033056,0.0453286
-235.443,132.911,0.0332559,0.0461769
-231.646,132.911,0.033462,0.0470537
-227.848,132.911,0.0336746,0.0479598
-224.051,132.911,0.0338937,0.0488959
-220.253,132.911,0.0341191,0.0498616
-216.456,132.911,0.0343504,0.0508558
-212.658,132.911,0.0345869,0.0518769
-208.861,132.911,0.0348275,0.0529221
-205.063,132.911,0.035071,0.0539884
-201.266,132.911,0.0353159,0.0550721
-197.468,132.911,0.0355607,0.0561694
-193.671,132.911,0.0358038,0.0572765
-189.873,132.911,0.0360435,0.0583901
-186.076,132.911,0.0362783,0.0595069
-182.278,132.911,0.0365072,0.0606247
-178.481,132.911,0.0367293,0.0617418
-174.684,132.911,0.036944,0.0628573
-170.886,132.911,0.0371515,0.0639711
-167.089,132.911,0.0373523,0.0650836
-163.291,132.911,0.0375473,0.0661957
-159.494,132.911,0.037738,0.0673088
-155.696,132.911,0.0379261,0.0684243
-151.899,132.911,0.0381136,0.0695437
-148.101,132.911,0.0383027,0.0706686
-144.304,132.911,0.0384954,0.0718004
-140.506,132.911,0.0386936,0.072941
-136.709,132.911,0.038899,0.0740922
-132.911,132.911,0.0391128,0.0752564
-129.114,132.911,0.0393358,0.0764365
-125.316,132.911,0.0395682,0.0776364
-121.519,132.911,0.0398095,0.0788605
-117.722,132.911,0.0400589,0.0801142
-113.924,132.911,0.0403149,0.0814035
-110.127,132.911,0.0405755,0.0827348
-106.329,132.911,0.0408384,0.0841145
-102.532,132.911,0.041101,0.0855482
-98.7342,132.911,0.0413605,0.0870407
-94.9367,132.911,0.0416142,0.0885945
-91.1392,132.911,0.0418594,0.0902103
-87.3418,132.911,0.0420935,0.0918855
-83.5443,132.911,0.0423142,0.0936145
-79.7468,132.911,0.0425197,0.0953887
-75.9494,132.911,0.0427084,0.0971963
-72.1519,132.911,0.0428793,0.0990229
-68.3544,132.911,0.0430316,0.100853
-64.557,132.911,0.0431652,0.102668
-60.7595,132.911,0.04328,0.104453
-56.962,132.911,0.0433762,0.106192
-53.1646,132.911,0.0434542,0.107871
-49.3671,132.911,0.0435145,0.109482
-45.5696,132.911,0.0435571,0.111019
-41.7722,132.911,0.0435818,0.112481
-37.9747,132.911,0.0435882,0.113873
-34.1772,132.911,0.0435748,0.115201
-30.3797,132.911,0.0435399,0.116477
-26.5823,132.911,0.0434805,0.117715
-22.7848,132.911,0.0433931,0.118929
-18.9873,132.911,0.0432732,0.120131
-15.1899,132.911,0.0431159,0.121331
-11.3924,132.911,0.0429154,0.122536
-7.59494,132.911,0.0426656,0.123745
-3.79747,132.911,0.0423604,0.124949
0,132.911,0.041994,0.126133
-300,136.709,0.0308802,0.0356813
-296.203,136.709,0.0310423,0.0363478
-292.405,136.709,0.0312055,0.0370071
-288.608,136.709,0.0313696,0.037662
-284.81,136.709,0.0315345,0.0383161
-281.013,136.709,0.0317003,0.0389728
-277.215,136.709,0.0318674,0.0396353
-273.418,136.709,0.032036,0.0403067
-269.62,136.709,0.0322066,0.0409899
-265.823,136.709,0.0323795,0.0416872
-262.025,136.709,0.0325551,0.0424009
-258.228,136.709,0.0327339,0.0431329
-254.43,136.709,0.0329164,0.043885
-250.633,136.709,0.0331029,0.044659
-246.835,136.709,0.0332939,0.0454565
-243.038,136.709,0.0334898,0.0462789
-239.241,136.709,0.0336911,0.0471276
-235.443,136.709,0.0338979,0.0480037
-231.646,136.709,0.0341106,0.0489079
-227.848,136.709,0.0343291,0.0498405
-224.051,136.709,0.0345533,0.0508011
-220.253,136.709,0.034783,0.0517887
-216.456,136.709,0.0350174,0.0528016
-212.658,136.709,0.0352557,0.0538376
-208.861,136.709,0.0354969,0.0548938
-205.063,136.709,0.0357396,0.0559668
-201.266,136.709,0.0359823,0.0570531
-197.468,136.709,0.0362236,0.0581492
-193.671,136.709,0.036462,0.0592518
-189.873,136.709,0.0366959,0.0603577
-186.076,136.709,0.0369242,0.0614647
-182.278,136.709,0.0371459,0.0625711
-178.481,136.709,0.0373606,0.0636757
-174.684,136.709,0.0375681,0.0647784
-170.886,136.709,0.0377688,0.0658795
-167.089,136.709,0.0379635,0.0669799
-163.291,136.709,0.0381536,0.0680809
-159.494,136.709,0.0383405,0.0691839
-155.696,136.709,0.0385264,0.0702905
-151.899,136.709,0.038713,0.0714023
-148.101,136.709,0.0389027,0.072521
-144.304,136.709,0.0390973,0.0736481
-140.506,136.709,0.0392984,0.0747855
-136.709,136.709,0.0395076,0.0759351
-132.911,136.709,0.0397257,0.0770995
-129.114,136.709,0.0399531,0.0782818
-125.316,136.709,0.0401896,0.0794858
-121.519,136.709,0.0404345,0.080716
-117.722,136.709,0.0406865,0.0819777
-113.924,136.709,0.0409439,0.0832765
-110.127,136.709,0.0412045,0.0846183
-106.329,136.709,0.0414658,0.0860085
-102.532,136.709,0.0417251,0.0874519
-98.7342,136.709,0.0419796,0.0889518
-94.9367,136.709,0.0422266,0.0905095
-91.1392,136.709,0.0424633,0.0921238
-87.3418,136.709,0.0426874,0.0937908
-83.5443,136.709,0.0428968,0.0955036
-79.7468,136.709,0.0430898,0.0972525
-75.9494,136.709,0.043265,0.0990251
-72.1519,136.709,0.0434217,0.100807
-68.3544,136.709,0.0435594,0.102583
-64.557,136.709,0.0436781,0.104337
-60.7595,136.709,0.0437782,0.106055
-56.962,136.709,0.0438603,0.107723
-53.1646,136.709,0.043925,0.10933
-49.3671,136.709,0.043973,0.110872
-45.5696,136.709,0.0440049,0.112345
-41.7722,136.709,0.0440206,0.113751
-37.9747,136.709,0.0440198,0.115095
-34.1772,136.709,0.0440013,0.116388
-30.3797,136.709,0.0439632,0.117641
-26.5823,136.709,0.0439024,0.118865
-22.7848,136.709,0.0438152,0.120074
-18.9873,136.709,0.0436966,0.121276
-15.1899,136.709,0.0435408,0.122476
-11.3924,136.709,0.0433413,0.123674
-7.59494,136.709,0.0430913,0.124863
-3.79747,136.709,0.0427834,0.126028
0,136.709,0.0424107,0.127146
-300,140.506,0.0314556,0.0373046
-296.203,140.506,0.0316161,0.0379608
-292.405,140.506,0.0317778,0.0386128
-288.608,140.506,0.0319411,0.0392636
-284.81,140.506,0.032106,0.0399169
-281.013,140.506,0.0322729,0.040576
-277.215,140.506,0.0324422,0.0412442
-273.418,140.506,0.0326142,0.0419247
-269.62,140.506,0.0327894,0.04262
-265.823,140.506,0.0329678,0.0433326
-262.025,140.506,0.0331499,0.0440645
-258.228,140.506,0.0333359,0.0448173
-254.43,140.506,0.0335259,0.0455927
-250.633,140.506,0.0337202,0.0463918
-246.835,140.506,0.033919,0.0472158
-243.038,140.506,0.0341225,0.0480657
-239.241,140.506,0.0343308,0.048942
-235.443,140.506,0.0345441,0.0498453
-231.646,140.506,0.0347624,0.0507753
-227.848,140.506,0.0349855,0.0517316
-224.051,140.506,0.0352133,0.0527132
-220.253,140.506,0.0354452,0.0537185
-216.456,140.506,0.0356805,0.0547454
-212.658,140.506,0.0359185,0.0557911
-208.861,140.506,0.0361579,0.0568528
-205.063,140.506,0.0363976,0.0579272
-201.266,140.506,0.0366362,0.059011
-197.468,140.506,0.0368723,0.0601012
-193.671,140.506,0.0371046,0.0611949
-189.873,140.506,0.0373319,0.0622899
-186.076,140.506,0.0375533,0.0633845
-182.278,140.506,0.0377682,0.0644777
-178.481,140.506,0.0379763,0.0655693
-174.684,140.506,0.0381779,0.0666596
-170.886,140.506,0.0383736,0.0677493
-167.089,140.506,0.0385645,0.0688397
-163.291,140.506,0.0387519,0.0699324
-159.494,140.506,0.0389376,0.0710287
-155.696,140.506,0.0391235,0.0721303
-151.899,140.506,0.0393116,0.0732386
-148.101,140.506,0.0395037,0.0743551
-144.304,140.506,0.0397015,0.0754813
-140.506,140.506,0.0399066,0.0766187
-136.709,140.506,0.0401198,0.0777694
-132.911,140.506,0.0403418,0.0789357
-129.114,140.506,0.0405726,0.0801207
-125.316,140.506,0.0408117,0.0813283
-121.519,140.506,0.0410582,0.0825628
-117.722,140.506,0.0413104,0.0838294
-113.924,140.506,0.0415664,0.0851335
-110.127,140.506,0.0418241,0.0864803
-106.329,140.506,0.0420808,0.0878749
-102.532,140.506,0.042334,0.089321
-98.7342,140.506,0.0425809,0.0908209
-94.9367,140.506,0.0428189,0.0923748
-91.1392,140.506,0.0430454,0.0939804
-87.3418,140.506,0.0432584,0.0956327
-83.5443,140.506,0.0434558,0.0973238
-79.7468,140.506,0.0436361,0.0990433
-75.9494,140.506,0.0437984,0.100779
-72.1519,140.506,0.0439418,0.102516
-68.3544,140.506,0.0440663,0.104239
-64.557,140.506,0.044172,0.105935
-60.7595,140.506,0.0442594,0.107591
-56.962,140.506,0.0443295,0.109194
-53.1646,140.506,0.044383,0.110739
-49.3671,140.506,0.0444208,0.112219
-45.5696,140.506,0.0444437,0.113637
-41.7722,140.506,0.0444519,0.114995
-37.9747,140.506,0.0444451,0.116302
-34.1772,140.506,0.0444223,0.117566
-30.3797,140.506,0.0443814,0.1188
-26.5823,140.506,0.0443194,0.120014
-22.7848,140.506,0.0442322,0.121219
-18.9873,140.506,0.0441145,0.122419
-15.1899,140.506,0.04396,0.123616
-11.3924,140.506,0.0437617,0.124803
-7.59494,140.506,0.0435118,0.125969
-3.79747,140.506,0.0432022,0.127091
0,140.506,0.042825,0.12814
-300,144.304,0.0320232,0.0389037
-296.203,144.304,0.032183,0.0395509
-292.405,144.304,0.0323444,0.0401977
-288.608,144.304,0.0325078,0.0408474
-284.81,144.304,0.0326739,0.0415032
-281.013,144.304,0.0328432,0.0421686
-277.215,144.304,0.0330159,0.0428468
-273.418,144.304,0.0331926,0.0435404
-269.62,144.304,0.0333734,0.0442521
-265.823,144.304,0.0335584,0.0449838
-262.025,144.304,0.0337478,0.0457373
-258.228,144.304,0.0339415,0.0465138
-254.43,144.304,0.0341395,0.0473145
-250.633,144.304,0.0343418,0.0481401
-246.835,144.304,0.0345483,0.0489912
-243.038,144.304,0.0347589,0.049868
-239.241,144.304,0.0349736,0.0507706
-235.443,144.304,0.0351923,0.0516986
-231.646,144.304,0.0354148,0.0526513
-227.848,144.304,0.035641,0.0536275
-224.051,144.304,0.0358704,0.0546257
-220.253,144.304,0.0361026,0.0556438
-216.456,144.304,0.0363368,0.0566793
-212.658,144.304,0.0365722,0.0577296
-208.861,144.304,0.0368079,0.0587916
-205.063,144.304,0.0370428,0.0598625
-201.266,144.304,0.0372757,0.0609394
-197.468,144.304,0.0375054,0.0620198
-193.671,144.304,0.0377309,0.0631017
-189.873,144.304,0.0379514,0.0641835
-186.076,144.304,0.0381662,0.0652644
-182.278,144.304,0.0383751,0.0663441
-178.481,144.304,0.038578,0.0674231
-174.684,144.304,0.0387754,0.0685023
-170.886,144.304,0.0389681,0.0695828
-167.089,144.304,0.0391574,0.0706661
-163.291,144.304,0.0393447,0.0717537
-159.494,144.304,0.0395316,0.0728471
-155.696,144.304,0.0397198,0.0739475
-151.899,144.304,0.0399112,0.0750563
-148.101,144.304,0.0401074,0.0761744
-144.304,144.304,0.0403097,0.0773029
-140.506,144.304,0.0405191,0.0784433
-136.709,144.304,0.0407364,0.0795971
-132.911,144.304,0.0409617,0.0807665
-129.114,144.304,0.0411947,0.0819545
-125.316,144.304,0.0414347,0.0831648
-121.519,144.304,0.0416805,0.0844016
-117.722,144.304,0.0419303,0.0856699
-113.924,144.304,0.0421823,0.0869748
-110.127,144.304,0.0424342,0.0883214
-106.329,144.304,0.0426835,0.089714
-102.532,144.304,0.0429279,0.0911559
-98.7342,144.304,0.0431648,0.0926486
-94.9367,144.304,0.0433918,0.0941916
-91.1392,144.304,0.0436066,0.0957816
-87.3418,144.304,0.0438073,0.097413
-83.5443,144.304,0.0439921,0.0990772
-79.7468,144.304,0.0441599,0.100763
-75.9494,144.304,0.0443096,0.102459
-72.1519,144.304,0.0444407,0.104151
-68.3544,144.304,0.0445533,0.105824
-64.557,144.304,0.0446475,0.107465
-60.7595,144.304,0.0447241,0.109063
-56.962,144.304,0.044784,0.110609
-53.1646,144.304,0.0448281,0.112097
-49.3671,144.304,0.0448576,0.113526
-45.5696,144.304,0.0448731,0.114896
-41.7722,144.304,0.044875,0.116215
-37.9747,144.304,0.0448633,0.11749
-34.1772,144.304,0.0448367,0.118731
-30.3797,144.304,0.0447935,0.119951
-26.5823,144.304,0.0447303,0.121157
-22.7848,144.304,0.0446431,0.122358
-18.9873,144.304,0.0445262,0.123555
-15.1899,144.304,0.044373,0.124746
-11.3924,144.304,0.044176,0.125921
-7.59494,144.304,0.0439269,0.12706
-3.79747,144.304,0.043617,0.128138
0,144.304,0.0432376,0.129119
-300,148.101,0.0325852,0.0404831
-296.203,148.101,0.0327454,0.0411241
-292.405,148.101,0.0329077,0.0417692
-288.608,148.101,0.0330727,0.0424214
-284.81,148.101,0.0332412,0.0430838
-281.013,148.101,0.0334139,0.0437596
-277.215,148.101,0.0335911,0.0444516
-273.418,148.101,0.0337732,0.0451622
-269.62,148.101,0.0339604,0.0458935
-265.823,148.101,0.0341524,0.0466471
-262.025,148.101,0.0343493,0.0474243
-258.228,148.101,0.0345508,0.0482259
-254.43,148.101,0.0347566,0.0490524
-250.633,148.101,0.0349663,0.0499041
-246.835,148.101,0.0351797,0.0507809
-243.038,148.101,0.0353965,0.0516825
-239.241,148.101,0.0356164,0.0526084
-235.443,148.101,0.0358391,0.0535575
-231.646,148.101,0.0360643,0.0545286
-227.848,148.101,0.0362917,0.05552
-224.051,148.101,0.0365209,0.0565297
-220.253,148.101,0.0367514,0.0575554
-216.456,148.101,0.0369827,0.0585946
-212.658,148.101,0.0372139,0.0596446
-208.861,148.101,0.0374443,0.0607026
-205.063,148.101,0.0376731,0.0617661
-201.266,148.101,0.0378993,0.0628328
-197.468,148.101,0.0381221,0.063901
-193.671,148.101,0.0383408,0.0649694
-189.873,148.101,0.0385548,0.0660372
-186.076,148.101,0.0387639,0.0671044
-182.278,148.101,0.0389679,0.0681715
-178.481,148.101,0.0391672,0.0692395
-174.684,148.101,0.0393625,0.0703097
-170.886,148.101,0.0395545,0.0713838
-167.089,148.101,0.0397445,0.0724631
-163.291,148.101,0.0399339,0.0735492
-159.494,148.101,0.0401241,0.0746432
-155.696,148.101,0.0403167,0.0757461
-151.899,148.101,0.0405131,0.0768587
-148.101,148.101,0.0407145,0.0779815
-144.304,148.101,0.0409219,0.0791152
-140.506,148.101,0.041136,0.0802606
-136.709,148.101,0.0413569,0.081419
-132.911,148.101,0.0415847,0.0825923
-129.114,148.101,0.0418185,0.083783
-125.316,148.101,0.0420576,0.0849948
-121.519,148.101,0.0423005,0.0862317
-117.722,148.101,0.0425456,0.0874985
-113.924,148.101,0.042791,0.0888001
-110.127,148.101,0.0430346,0.0901414
-106.329,148.101,0.0432742,0.0915264
-102.532,148.101,0.0435076,0.0929578
-98.7342,148.101,0.0437325,0.0944369
-94.9367,148.101,0.0439469,0.0959624
-91.1392,148.101,0.0441488,0.0975307
-87.3418,148.101,0.0443365,0.0991356
-83.5443,148.101,0.0445085,0.100768
-79.7468,148.101,0.0446638,0.102418
-75.9494,148.101,0.0448014,0.104072
-72.1519,148.101,0.0449211,0.105718
-68.3544,148.101,0.0450229,0.107342
-64.557,148.101,0.045107,0.108931
-60.7595,148.101,0.0451742,0.110477
-56.962,148.101,0.0452255,0.111971
-53.1646,148.101,0.0452617,0.113409
-49.3671,148.101,0.0452841,0.114792
-45.5696,148.101,0.0452935,0.116123
-41.7722,148.101,0.0452902,0.117409
-37.9747,148.101,0.0452742,0.118659
-34.1772,148.101,0.0452444,0.119882
-30.3797,148.101,0.0451991,0.12109
-26.5823,148.101,0.0451349,0.12229
-22.7848,148.101,0.0450475,0.123487
-18.9873,148.101,0.0449314,0.124681
-15.1899,148.101,0.0447797,0.125865
-11.3924,148.101,0.0445845,0.127024
-7.59494,148.101,0.0443371,0.128137
-3.79747,148.101,0.0440283,0.129172
0,148.101,0.0436491,0.130091
-300,151.899,0.0331436,0.0420471
-296.203,151.899,0.0333056,0.042686
-292.405,151.899,0.0334701,0.0433335
-288.608,151.899,0.033638,0.0439925
-284.81,151.899,0.0338101,0.0446657
-281.013,151.899,0.0339871,0.0453558
-277.215,151.899,0.0341696,0.0460651
-273.418,151.899,0.0343576,0.0467955
-269.62,151.899,0.0345512,0.0475487
-265.823,151.899,0.0347502,0.0483256
-262.025,151.899,0.0349542,0.049127
-258.228,151.899,0.0351628,0.0499533
-254.43,151.899,0.0353754,0.0508045
-250.633,151.899,0.0355916,0.0516802
-246.835,151.899,0.0358106,0.05258
-243.038,151.899,0.036032,0.0535029
-239.241,151.899,0.0362554,0.0544479
-235.443,151.899,0.0364804,0.0554135
-231.646,151.899,0.0367065,0.0563981
-227.848,151.899,0.0369335,0.0573996
-224.051,151.899,0.0371608,0.0584159
-220.253,151.899,0.0373881,0.0594444
-216.456,151.899,0.037615,0.0604828
-212.658,151.899,0.0378408,0.0615285
-208.861,151.899,0.038065,0.0625791
-205.063,151.899,0.0382871,0.0636327
-201.266,151.899,0.0385064,0.0646875
-197.468,151.899,0.0387224,0.0657426
-193.671,151.899,0.0389348,0.0667972
-189.873,151.899,0.0391432,0.0678516
-186.076,151.899,0.0393478,0.0689065
-182.278,151.899,0.0395486,0.0699628
-178.481,151.899,0.0397462,0.0710223
-174.684,151.899,0.0399412,0.0720865
-170.886,151.899,0.0401346,0.0731571
-167.089,151.899,0.0403274,0.0742356
-163.291,151.899,0.0405208,0.0753234
-159.494,151.899,0.0407162,0.0764212
-155.696,151.899,0.0409146,0.0775295
-151.899,151.899,0.041117,0.0786486
-148.101,151.899,0.0413244,0.0797784
-144.304,151.899,0.0415372,0.0809189
-140.506,151.899,0.0417556,0.0820706
-136.709,151.899,0.0419796,0.0832342
-132.911,151.899,0.0422086,0.0844112
-129.114,151.899,0.0424419,0.085604
-125.316,151.899,0.0426784,0.0868158
-121.519,151.899,0.0429166,0.0880505
-117.722,151.899,0.043155,0.0893129
-113.924,151.899,0.0433918,0.0906076
-110.127,151.899,0.0436252,0.0919393
-106.329,151.899,0.0438532,0.0933118
-102.532,151.899,0.044074,0.0947277
-98.7342,151.899,0.0442857,0.0961877
-94.9367,151.899,0.0444866,0.0976905
-91.1392,151.899,0.0446749,0.099232
-87.3418,151.899,0.0448493,0.100806
-83.5443,151.899,0.0450085,0.102404
-79.7468,151.899,0.0451515,0.104014
-75.9494,151.899,0.0452777,0.105626
-72.1519,151.899,0.0453868,0.107225
-68.3544,151.899,0.0454787,0.108801
-64.557,151.899,0.0455539,0.110342
-60.7595,151.899,0.0456128,0.111838
-56.962,151.899,0.0456566,0.113285
-53.1646,151.899,0.0456861,0.11468
-49.3671,151.899,0.0457024,0.116024
-45.5696,151.899,0.0457064,0.117321
-41.7722,151.899,0.0456986,0.118579
-37.9747,151.899,0.0456788,0.119808
-34.1772,151.899,0.0456462,0.121016
-30.3797,151.899,0.0455988,0.122215
-26.5823,151.899,0.0455336,0.12341
-22.7848,151.899,0.0454462,0.124603
-18.9873,151.899,0.0453309,0.125793
-15.1899,151.899,0.0451807,0.126969
-11.3924,151.899,0.0449877,0.128113
-7.59494,151.899,0.0447429,0.1292
-3.79747,151.899,0.0444368,0.130196
0,151.899,0.04406,0.131059
-300,155.696,0.0337,0.0436
-296.203,155.696,0.0338653,0.0442414
-292.405,155.696,0.0340334,0.044896
-288.608,155.696,0.0342052,0.0455661
-284.81,155.696,0.0343819,0.046254
-281.013,155.696,0.0345639,0.0469616
-277.215,155.696,0.0347518,0.0476908
-273.418,155.696,0.0349457,0.0484429
-269.62,155.696,0.0351455,0.0492188
-265.823,155.696,0.0353507,0.0500191
-262.025,155.696,0.0355609,0.050844
-258.228,155.696,0.0357754,0.0516933
-254.43,155.696,0.0359935,0.0525665
-250.633,155.696,0.0362143,0.0534629
-246.835,155.696,0.0364373,0.0543816
-243.038,155.696,0.0366616,0.0553213
-239.241,155.696,0.0368868,0.0562805
-235.443,155.696,0.0371123,0.0572576
-231.646,155.696,0.0373376,0.0582506
-227.848,155.696,0.0375625,0.0592573
-224.051,155.696,0.0377867,0.0602756
-220.253,155.696,0.0380096,0.0613029
-216.456,155.696,0.0382312,0.062337
-212.658,155.696,0.038451,0.0633757
-208.861,155.696,0.0386688,0.064417
-205.063,155.696,0.0388842,0.0654596
-201.266,155.696,0.039097,0.0665022
-197.468,155.696,0.039307,0.0675445
-193.671,155.696,0.0395141,0.0685868
-189.873,155.696,0.0397184,0.0696297
-186.076,155.696,0.03992,0.0706745
-182.278,155.696,0.0401193,0.0717229
-178.481,155.696,0.0403169,0.0727768
-174.684,155.696,0.0405135,0.0738379
-170.886,155.696,0.04071,0.0749082
-167.089,155.696,0.0409073,0.0759888
-163.291,155.696,0.0411063,0.0770809
-159.494,155.696,0.0413079,0.0781847
-155.696,155.696,0.0415128,0.0793004
-151.899,155.696,0.0417218,0.0804274
-148.101,155.696,0.0419352,0.0815652
-144.304,155.696,0.0421531,0.0827133
-140.506,155.696,0.0423752,0.0838714
-136.709,155.696,0.0426013,0.0850398
-132.911,155.696,0.0428305,0.0862198
-129.114,155.696,0.0430618,0.0874133
-125.316,155.696,0.0432942,0.0886234
-121.519,155.696,0.0435261,0.0898538
-117.722,155.696,0.0437563,0.091109
-113.924,155.696,0.0439832,0.0923938
-110.127,155.696,0.0442051,0.0937125
-106.329,155.696,0.0444206,0.0950688
-102.532,155.696,0.044628,0.0964652
-98.7342,155.696,0.044826,0.0979022
-94.9367,155.696,0.045013,0.0993783
-91.1392,155.696,0.0451877,0.100889
-87.3418,155.696,0.0453489,0.102429
-83.5443,155.696,0.0454957,0.10399
-79.7468,155.696,0.0456271,0.105559
-75.9494,155.696,0.0457426,0.107127
-72.1519,155.696,0.0458419,0.108681
-68.3544,155.696,0.0459248,0.11021
-64.557,155.696,0.0459918,0.111705
-60.7595,155.696,0.0460434,0.113156
-56.962,155.696,0.0460805,0.11456
-53.1646,155.696,0.0461039,0.115916
-49.3671,155.696,0.0461148,0.117225
-45.5696,155.696,0.046114,0.118493
-41.7722,155.696,0.046102,0.119728
-37.9747,155.696,0.0460787,0.120939
-34.1772,155.696,0.0460433,0.122136
-30.3797,155.696,0.045994,0.123326
-26.5823,155.696,0.0459277,0.124516
-22.7848,155.696,0.0458401,0.125706
-18.9873,155.696,0.0457255,0.126891
-15.1899,155.696,0.0455771,0.128058
-11.3924,155.696,0.0453867,0.129188
-7.59494,155.696,0.0451452,0.130252
-3.79747,155.696,0.044843,0.131214
0,155.696,0.0444706,0.13203
-300,159.494,0.0342558,0.0451455
-296.203,159.494,0.0344256,0.0457945
-292.405,159.494,0.0345984,0.0464607
-288.608,159.494,0.0347752,0.0471459
-284.81,159.494,0.0349569,0.0478516
-281.013,159.494,0.0351443,0.0485793
-277.215,159.494,0.0353376,0.0493299
-273.418,159.494,0.0355369,0.0501043
-269.62,159.494,0.0357419,0.0509026
-265.823,159.494,0.0359523,0.0517251
-262.025,159.494,0.0361672,0.0525712
-258.228,159.494,0.0363859,0.0534405
-254.43,159.494,0.0366076,0.0543322
-250.633,159.494,0.0368313,0.0552451
-246.835,159.494,0.0370562,0.056178
-243.038,159.494,0.0372815,0.0571295
-239.241,159.494,0.0375067,0.058098
-235.443,159.494,0.0377311,0.0590816
-231.646,159.494,0.0379543,0.0600783
-227.848,159.494,0.038176,0.0610859
-224.051,159.494,0.038396,0.0621024
-220.253,159.494,0.0386141,0.0631255
-216.456,159.494,0.0388301,0.064153
-212.658,159.494,0.0390441,0.0651833
-208.861,159.494,0.0392558,0.0662148
-205.063,159.494,0.0394653,0.0672466
-201.266,159.494,0.0396725,0.0682781
-197.468,159.494,0.0398777,0.0693096
-193.671,159.494,0.0400809,0.0703418
-189.873,159.494,0.0402825,0.071376
-186.076,159.494,0.0404827,0.0724139
-182.278,159.494,0.0406822,0.0734575
-178.481,159.494,0.0408814,0.0745089
-174.684,159.494,0.0410812,0.07557
-170.886,159.494,0.041282,0.0766425
-167.089,159.494,0.0414848,0.0777275
-163.291,159.494,0.0416901,0.0788255
-159.494,159.494,0.0418984,0.0799367
-155.696,159.494,0.0421101,0.0810603
-151.899,159.494,0.0423254,0.0821955
-148.101,159.494,0.0425443,0.083341
-144.304,159.494,0.0427664,0.0844959
-140.506,159.494,0.0429914,0.0856593
-136.709,159.494,0.0432183,0.0868313
-132.911,159.494,0.0434464,0.0880126
-129.114,159.494,0.0436746,0.0892051
-125.316,159.494,0.0439016,0.0904114
-121.519,159.494,0.0441262,0.0916354
-117.722,159.494,0.0443473,0.0928813
-113.924,159.494,0.0445634,0.0941536
-110.127,159.494,0.0447734,0.0954567
-106.329,159.494,0.044976,0.0967943
-102.532,159.494,0.0451701,0.0981686
-98.7342,159.494,0.0453545,0.09958
-94.9367,159.494,0.045528,0.101027
-91.1392,159.494,0.0456897,0.102506
-87.3418,159.494,0.0458386,0.10401
-83.5443,159.494,0.0459737,0.105531
-79.7468,159.494,0.0460943,0.10706
-75.9494,159.494,0.0461999,0.108584
-72.1519,159.494,0.0462901,0.110094
-68.3544,159.494,0.0463648,0.111578
-64.557,159.494,0.0464244,0.113028
-60.7595,159.494,0.0464692,0.114438
-56.962,159.494,0.0465001,0.115803
-53.1646,159.494,0.046518,0.117123
-49.3671,159.494,0.0465238,0.118402
-45.5696,159.494,0.0465184,0.119645
-41.7722,159.494,0.0465023,0.120859
-37.9747,159.494,0.0464755,0.122056
-34.1772,159.494,0.0464373,0.123242
-30.3797,159.494,0.0463859,0.124426
-26.5823,159.494,0.0463183,0.125611
-22.7848,159.494,0.0462304,0.126797
-18.9873,159.494,0.0461166,0.127976
-15.1899,159.494,0.0459699,0.129134
-11.3924,159.494,0.0457822,0.13025
-7.59494,159.494,0.0455446,0.131294
-3.79747,159.494,0.0452475,0.132227
0,159.494,0.044881,0.133007
-300,163.291,0.0348116,0.0466873
-296.203,163.291,0.034987,0.0473485
-292.405,163.291,0.0351653,0.0480302
-288.608,163.291,0.0353475,0.0487337
-284.81,163.291,0.0355347,0.0494596
-281.013,163.291,0.0357272,0.0502087
-277.215,163.291,0.0359254,0.0509812
-273.418,163.291,0.0361293,0.0517773
-269.62,163.291,0.0363385,0.0525968
-265.823,163.291,0.0365524,0.053439
-262.025,163.291,0.0367704,0.0543034
-258.228,163.291,0.0369915,0.0551891
-254.43,163.291,0.0372149,0.0560949
-250.633,163.291,0.0374394,0.0570197
-246.835,163.291,0.0376644,0.0579621
-243.038,163.291,0.037889,0.0589206
-239.241,163.291,0.0381125,0.0598936
-235.443,163.291,0.0383345,0.0608792
-231.646,163.291,0.0385545,0.0618757
-227.848,163.291,0.0387724,0.0628809
-224.051,163.291,0.0389879,0.063893
-220.253,163.291,0.0392011,0.0649099
-216.456,163.291,0.0394119,0.06593
-212.658,163.291,0.0396206,0.0669517
-208.861,163.291,0.0398272,0.0679741
-205.063,163.291,0.0400319,0.0689965
-201.266,163.291,0.040235,0.0700191
-197.468,163.291,0.0404369,0.0710424
-193.671,163.291,0.0406378,0.0720676
-189.873,163.291,0.0408383,0.0730963
-186.076,163.291,0.0410387,0.0741306
-182.278,163.291,0.0412397,0.0751726
-178.481,163.291,0.0414418,0.0762245
-174.684,163.291,0.0416456,0.077288
-170.886,163.291,0.0418515,0.0783647
-167.089,163.291,0.0420601,0.0794553
-163.291,163.291,0.0422717,0.0805601
-159.494,163.291,0.0424864,0.0816786
-155.696,163.291,0.0427043,0.0828096
-151.899,163.291,0.0429251,0.0839518
-148.101,163.291,0.0431485,0.0851035
-144.304,163.291,0.0433737,0.0862632
-140.506,163.291,0.0436001,0.0874299
-136.709,163.291,0.0438267,0.0886031
-132.911,163.291,0.0440524,0.0897834
-129.114,163.291,0.0442763,0.0909724
-125.316,163.291,0.0444971,0.0921729
-121.519,163.291,0.0447138,0.0933882
-117.722,163.291,0.0449253,0.0946227
-113.924,163.291,0.0451306,0.0958808
-110.127,163.291,0.0453288,0.0971668
-106.329,163.291,0.0455191,0.098484
-102.532,163.291,0.0457004,0.0998348
-98.7342,163.291,0.0458721,0.10122
-94.9367,163.291,0.0460331,0.102637
-91.1392,163.291,0.0461828,0.104082
-87.3418,163.291,0.0463203,0.10555
-83.5443,163.291,0.0464448,0.107033
-79.7468,163.291,0.0465557,0.108521
-75.9494,163.291,0.0466523,0.110003
-72.1519,163.291,0.0467342,0.11147
-68.3544,163.291,0.0468015,0.112912
-64.557,163.291,0.0468542,0.11432
-60.7595,163.291,0.0468927,0.115691
-56.962,163.291,0.0469178,0.11702
-53.1646,163.291,0.0469303,0.118309
-49.3671,163.291,0.0469311,0.11956
-45.5696,163.291,0.0469212,0.120781
-41.7722,163.291,0.046901,0.121978
-37.9747,163.291,0.0468707,0.123161
-34.1772,163.291,0.0468295,0.124338
-30.3797,163.291,0.0467758,0.125515
-26.5823,163.291,0.0467068,0.126695
-22.7848,163.291,0.0466183,0.127876
-18.9873,163.291,0.0465049,0.129049
-15.1899,163.291,0.0463599,0.130198
-11.3924,163.291,0.0461751,0.131301
-7.59494,163.291,0.0459418,0.132327
-3.79747,163.291,0.0456502,0.133238
0,163.291,0.0452909,0.13399
-300,167.089,0.0353676,0.0482287
-296.203,167.089,0.0355491,0.0489058
-292.405,167.089,0.0357333,0.0496062
-288.608,167.089,0.0359212,0.0503301
-284.81,167.089,0.0361136,0.0510774
-281.013,167.089,0.0363109,0.0518482
-277.215,167.089,0.0365132,0.052642
-273.418,167.089,0.0367206,0.0534584
-269.62,167.089,0.0369326,0.0542966
-265.823,167.089,0.0371486,0.0551557
-262.025,167.089,0.0373679,0.0560348
-258.228,167.089,0.0375896,0.0569328
-254.43,167.089,0.0378128,0.0578485
-250.633,167.089,0.0380364,0.0587807
-246.835,167.089,0.0382598,0.0597282
-243.038,167.089,0.0384822,0.0606894
-239.241,167.089,0.038703,0.061663
-235.443,167.089,0.0389217,0.0626472
-231.646,167.089,0.039138,0.0636405
-227.848,167.089,0.0393518,0.0646411
-224.051,167.089,0.039563,0.0656473
-220.253,167.089,0.0397718,0.0666574
-216.456,167.089,0.0399783,0.06767
-212.658,167.089,0.0401828,0.0686841
-208.861,167.089,0.0403855,0.069699
-205.063,167.089,0.040587,0.0707144
-201.266,167.089,0.0407876,0.0717307
-197.468,167.089,0.0409877,0.072749
-193.671,167.089,0.0411879,0.0737705
-189.873,167.089,0.0413887,0.0747971
-186.076,167.089,0.0415906,0.075831
-182.278,167.089,0.0417941,0.0768742
-178.481,167.089,0.0419997,0.0779288
-174.684,167.089,0.0422079,0.0789965
-170.886,167.089,0.042419,0.0800784
-167.089,167.089,0.0426331,0.081175
-163.291,167.089,0.0428503,0.082286
-159.494,167.089,0.0430705,0.0834106
-155.696,167.089,0.0432933,0.0845473
-151.899,167.089,0.0435183,0.0856942
-148.101,167.089,0.0437446,0.0868494
-144.304,167.089,0.0439714,0.088011
-140.506,167.089,0.0441978,0.0891777
-136.709,167.089,0.0444227,0.090349
-132.911,167.089,0.0446449,0.0915254
-129.114,167.089,0.0448636,0.0927083
-125.316,167.089,0.0450776,0.0939004
-121.519,167.089,0.045286,0.0951051
-117.722,167.089,0.0454881,0.0963265
-113.924,167.089,0.045683,0.097569
-110.127,167.089,0.0458702,0.0988368
-106.329,167.089,0.0460489,0.100133
-102.532,167.089,0.0462187,0.10146
-98.7342,167.089,0.046379,0.102818
-94.9367,167.089,0.046529,0.104206
-91.1392,167.089,0.046668,0.105619
-87.3418,167.089,0.0467955,0.107052
-83.5443,167.089,0.0469107,0.108497
-79.7468,167.089,0.0470128,0.109945
-75.9494,167.089,0.0471013,0.111387
-72.1519,167.089,0.0471758,0.112814
-68.3544,167.089,0.0472362,0.114216
-64.557,167.089,0.0472824,0.115586
-60.7595,167.089,0.047315,0.116921
-56.962,167.089,0.0473344,0.118218
-53.1646,167.089,0.0473416,0.119478
-49.3671,167.089,0.0473375,0.120705
-45.5696,167.089,0.047323,0.121906
-41.7722,167.089,0.0472986,0.123088
-37.9747,167.089,0.0472646,0.124259
-34.1772,167.089,0.0472203,0.125427
-30.3797,167.089,0.0471641,0.126598
-26.5823,167.089,0.0470934,0.127772
-22.7848,167.089,0.0470042,0.128946
-18.9873,167.089,0.0468911,0.130112
-15.1899,167.089,0.0467475,0.131252
-11.3924,167.089,0.0465656,0.132342
-7.59494,167.089,0.0463365,0.133353
-3.79747,167.089,0.046051,0.134246
0,167.089,0.0456994,0.134978
-300,170.886,0.0359234,0.0497725
-296.203,170.886,0.0361111,0.0504683
-292.405,170.886,0.0363012,0.0511891
-288.608,170.886,0.0364946,0.0519343
-284.81,170.886,0.0366917,0.0527032
-281.013,170.886,0.0368931,0.0534948
-277.215,170.886,0.0370987,0.0543084
-273.418,170.886,0.0373084,0.0551428
-269.62,170.886,0.0375219,0.0559969
-265.823,170.886,0.0377385,0.0568697
-262.025,170.886,0.0379576,0.0577598
-258.228,170.886,0.0381783,0.0586663
-254.43,170.886,0.0383997,0.0595881
-250.633,170.886,0.0386211,0.0605239
-246.835,170.886,0.0388418,0.0614728
-243.038,170.886,0.039061,0.0624334
-239.241,170.886,0.0392783,0.0634047
-235.443,170.886,0.0394934,0.0643852
-231.646,170.886,0.039706,0.0653737
-227.848,170.886,0.039916,0.0663685
-224.051,170.886,0.0401236,0.0673684
-220.253,170.886,0.040329,0.068372
-216.456,170.886,0.0405323,0.0693782
-212.658,170.886,0.040734,0.0703863
-208.861,170.886,0.0409345,0.0713958
-205.063,170.886,0.0411342,0.0724068
-201.266,170.886,0.0413338,0.0734198
-197.468,170.886,0.0415337,0.074436
-193.671,170.886,0.0417344,0.0754569
-189.873,170.886,0.0419366,0.0764843
-186.076,170.886,0.0421408,0.0775203
-182.278,170.886,0.0423473,0.0785668
-178.481,170.886,0.0425566,0.0796257
-174.684,170.886,0.042769,0.0806984
-170.886,170.886,0.0429845,0.0817855
-167.089,170.886,0.0432033,0.0828873
-163.291,170.886,0.0434249,0.0840032
-159.494,170.886,0.0436491,0.0851318
-155.696,170.886,0.0438752,0.0862714
-151.899,170.886,0.0441025,0.0874198
-148.101,170.886,0.04433,0.0885748
-144.304,170.886,0.0445567,0.0897346
-140.506,170.886,0.0447815,0.0908977
-136.709,170.886,0.0450033,0.0920636
-132.911,170.886,0.0452211,0.0932327
-129.114,170.886,0.0454339,0.0944065
-125.316,170.886,0.0456407,0.0955877
-121.519,170.886,0.045841,0.0967797
-117.722,170.886,0.046034,0.0979866
-113.924,170.886,0.0462194,0.0992126
-110.127,170.886,0.0463965,0.100462
-106.329,170.886,0.0465651,0.101737
-102.532,170.886,0.0467248,0.103041
-98.7342,170.886,0.0468752,0.104373
-94.9367,170.886,0.0470156,0.105732
-91.1392,170.886,0.0471456,0.107114
-87.3418,170.886,0.0472644,0.108514
-83.5443,170.886,0.0473714,0.109924
-79.7468,170.886,0.0474659,0.111335
-75.9494,170.886,0.0475472,0.11274
-72.1519,170.886,0.047615,0.114129
-68.3544,170.886,0.0476689,0.115494
-64.557,170.886,0.0477091,0.11683
-60.7595,170.886,0.0477358,0.118132
-56.962,170.886,0.0477497,0.1194
-53.1646,170.886,0.0477517,0.120634
-49.3671,170.886,0.0477426,0.12184
-45.5696,170.886,0.0477235,0.123023
-41.7722,170.886,0.0476949,0.124191
-37.9747,170.886,0.0476571,0.125351
-34.1772,170.886,0.0476095,0.126511
-30.3797,170.886,0.0475508,0.127675
-26.5823,170.886,0.0474782,0.128842
-22.7848,170.886,0.047388,0.130009
-18.9873,170.886,0.0472749,0.131166
-15.1899,170.886,0.0471325,0.132296
-11.3924,170.886,0.0469532,0.133374
-7.59494,170.886,0.0467284,0.134371
-3.79747,170.886,0.046449,0.135249
0,170.886,0.0461057,0.135968
-300,174.684,0.0364786,0.0513209
-296.203,174.684,0.036672,0.0520368
-292.405,174.684,0.0368675,0.0527785
-288.608,174.684,0.0370657,0.0535448
-284.81,174.684,0.037267,0.0543342
-281.013,174.684,0.0374715,0.0551451
-277.215,174.684,0.0376794,0.0559762
-273.418,174.684,0.0378904,0.056826
-269.62,174.684,0.0381042,0.057693
-265.823,174.684,0.0383203,0.0585761
-262.025,174.684,0.0385379,0.0594741
-258.228,174.684,0.0387565,0.0603858
-254.43,174.684,0.0389752,0.0613104
-250.633,174.684,0.0391935,0.062247
-246.835,174.684,0.0394108,0.0631947
-243.038,174.684,0.0396265,0.0641527
-239.241,174.684,0.0398403,0.06512
-235.443,174.684,0.0400519,0.0660957
-231.646,174.684,0.0402613,0.0670786
-227.848,174.684,0.0404684,0.0680677
-224.051,174.684,0.0406733,0.0690619
-220.253,174.684,0.0408764,0.07006
-216.456,174.684,0.041078,0.0710614
-212.658,174.684,0.0412783,0.0720653
-208.861,174.684,0.041478,0.0730717
-205.063,174.684,0.0416776,0.0740807
-201.266,174.684,0.0418775,0.075093
-197.468,174.684,0.0420783,0.0761098
-193.671,174.684,0.0422805,0.0771324
-189.873,174.684,0.0424848,0.0781627
-186.076,174.684,0.0426915,0.0792025
-182.278,174.684,0.0429009,0.0802535
-178.481,174.684,0.0431135,0.0813172
-174.684,174.684,0.0433293,0.0823947
-170.886,174.684,0.0435482,0.0834863
-167.089,174.684,0.0437701,0.0845917
-163.291,174.684,0.0439945,0.0857102
-159.494,174.684,0.0442209,0.0868399
-155.696,174.684,0.0444484,0.087979
-151.899,174.684,0.044676,0.0891252
-148.101,174.684,0.0449028,0.0902762
-144.304,174.684,0.0451277,0.0914301
-140.506,174.684,0.0453494,0.0925857
-136.709,174.684,0.045567,0.0937423
-132.911,174.684,0.0457794,0.0949007
-129.114,174.684,0.0459859,0.0960625
-125.316,174.684,0.0461855,0.0972304
-121.519,174.684,0.0463779,0.0984078
-117.722,174.684,0.0465626,0.0995988
-113.924,174.684,0.0467393,0.100808
-110.127,174.684,0.0469076,0.102038
-106.329,174.684,0.0470675,0.103293
-102.532,174.684,0.0472186,0.104574
-98.7342,174.684,0.0473605,0.105882
-94.9367,174.684,0.0474929,0.107214
-91.1392,174.684,0.0476151,0.108567
-87.3418,174.684,0.0477266,0.109936
-83.5443,174.684,0.0478265,0.111314
-79.7468,174.684,0.0479143,0.112692
-75.9494,174.684,0.0479891,0.114062
-72.1519,174.684,0.0480506,0.115416
-68.3544,174.684,0.0480985,0.116749
-64.557,174.684,0.0481328,0.118053
-60.7595,174.684,0.0481539,0.119326
-56.962,174.684,0.0481623,0.120568
-53.1646,174.684,0.0481591,0.12178
-49.3671,174.684,0.0481451,0.122966
-45.5696,174.684,0.0481214,0.124134
-41.7722,174.684,0.0480886,0.12529
-37.9747,174.684,0.0480471,0.12644
-34.1772,174.684,0.0479963,0.127592
-30.3797,174.684,0.0479348,0.128747
-26.5823,174.684,0.0478603,0.129907
-22.7848,174.684,0.0477689,0.131066
-18.9873,174.684,0.0476557,0.132213
-15.1899,174.684,0.0475144,0.13333
-11.3924,174.684,0.0473376,0.134396
-7.59494,174.684,0.0471169,0.135379
-3.79747,174.684,0.0468436,0.136245
0,174.684,0.0465087,0.136955
-300,178.481,0.0370323,0.0528755
-296.203,178.481,0.0372306,0.0536114
-292.405,178.481,0.0374306,0.0543733
-288.608,178.481,0.0376327,0.0551593
-284.81,178.481,0.0378372,0.0559673
-281.013,178.481,0.0380441,0.0567952
-277.215,178.481,0.0382534,0.0576412
-273.418,178.481,0.0384649,0.0585035
-269.62,178.481,0.0386781,0.0593806
-265.823,178.481,0.0388928,0.0602712
-262.025,178.481,0.0391084,0.0611743
-258.228,178.481,0.0393242,0.0620888
-254.43,178.481,0.0395399,0.0630142
-250.633,178.481,0.0397549,0.0639498
-246.835,178.481,0.0399687,0.064895
-243.038,178.481,0.0401811,0.0658494
-239.241,178.481,0.0403918,0.0668123
-235.443,178.481,0.0406007,0.0677831
-231.646,178.481,0.0408077,0.0687609
-227.848,178.481,0.0410128,0.0697451
-224.051,178.481,0.0412164,0.0707346
-220.253,178.481,0.0414185,0.0717288
-216.456,178.481,0.0416196,0.0727269
-212.658,178.481,0.04182,0.0737286
-208.861,178.481,0.0420203,0.0747339
-205.063,178.481,0.0422207,0.0757429
-201.266,178.481,0.0424219,0.0767564
-197.468,178.481,0.0426244,0.0777754
-193.671,178.481,0.0428287,0.0788013
-189.873,178.481,0.0430351,0.0798356
-186.076,178.481,0.0432441,0.0808798
-182.278,178.481,0.0434561,0.0819355
-178.481,178.481,0.043671,0.0830036
-174.684,178.481,0.043889,0.0840849
-170.886,178.481,0.0441098,0.0851793
-167.089,178.481,0.0443331,0.0862863
-163.291,178.481,0.0445584,0.0874045
-159.494,178.481,0.0447849,0.0885322
-155.696,178.481,0.0450117,0.0896673
-151.899,178.481,0.0452378,0.0908075
-148.101,178.481,0.0454621,0.0919505
-144.304,178.481,0.0456835,0.0930945
-140.506,178.481,0.0459009,0.0942386
-136.709,178.481,0.0461133,0.0953825
-132.911,178.481,0.0463197,0.096527
-129.114,178.481,0.0465195,0.0976739
-125.316,178.481,0.0467121,0.0988262
-121.519,178.481,0.0468971,0.0999874
-117.722,178.481,0.0470741,0.101162
-113.924,178.481,0.0472431,0.102353
-110.127,178.481,0.0474039,0.103564
-106.329,178.481,0.0475563,0.1048
-102.532,178.481,0.0477001,0.10606
-98.7342,178.481,0.047835,0.107344
-94.9367,178.481,0.0479606,0.108652
-91.1392,178.481,0.0480762,0.109978
-87.3418,178.481,0.0481813,0.111319
-83.5443,178.481,0.048275,0.112667
-79.7468,178.481,0.0483566,0.114014
-75.9494,178.481,0.0484254,0.115353
-72.1519,178.481,0.048481,0.116677
-68.3544,178.481,0.048523,0.117979
-64.557,178.481,0.0485516,0.119256
-60.7595,178.481,0.0485672,0.120503
-56.962,178.481,0.0485703,0.121722
-53.1646,178.481,0.048562,0.122915
-49.3671,178.481,0.0485432,0.124085
-45.5696,178.481,0.048515,0.125239
-41.7722,178.481,0.0484782,0.126384
-37.9747,178.481,0.048433,0.127525
-34.1772,178.481,0.0483791,0.128668
-30.3797,178.481,0.0483151,0.129816
-26.5823,178.481,0.0482387,0.130967
-22.7848,178.481,0.0481462,0.132116
-18.9873,178.481,0.0480327,0.133251
-15.1899,178.481,0.0478923,0.134355
-11.3924,178.481,0.0477177,0.135406
-7.59494,178.481,0.047501,0.136376
-3.79747,178.481,0.0472338,0.13723
0,178.481,0.0469075,0.137933
-300,182.278,0.0375839,0.0544367
-296.203,182.278,0.0377856,0.0551913
-292.405,182.278,0.037989,0.0559717
-288.608,182.278,0.038194,0.0567752
-284.81,182.278,0.0384008,0.0575992
-281.013,182.278,0.0386092,0.0584413
-277.215,182.278,0.0388193,0.0592994
-273.418,182.278,0.0390306,0.0601716
-269.62,182.278,0.0392429,0.0610563
-265.823,182.278,0.0394559,0.0619523
-262.025,182.278,0.0396692,0.0628585
-258.228,182.278,0.0398824,0.0637744
-254.43,182.278,0.0400952,0.0646995
-250.633,182.278,0.0403072,0.0656335
-246.835,182.278,0.0405182,0.0665761
-243.038,182.278,0.040728,0.067527
-239.241,182.278,0.0409364,0.0684861
-235.443,182.278,0.0411435,0.0694528
-231.646,182.278,0.0413492,0.0704267
-227.848,182.278,0.0415536,0.0714072
-224.051,182.278,0.041757,0.0723936
-220.253,182.278,0.0419594,0.0733853
-216.456,182.278,0.0421613,0.0743817
-212.658,182.278,0.0423628,0.0753827
-208.861,182.278,0.0425645,0.0763882
-205.063,182.278,0.0427667,0.0773984
-201.266,182.278,0.0429698,0.0784141
-197.468,182.278,0.0431742,0.0794361
-193.671,182.278,0.0433804,0.0804657
-189.873,182.278,0.0435887,0.0815041
-186.076,182.278,0.0437995,0.0825525
-182.278,182.278,0.0440129,0.083612
-178.481,182.278,0.0442289,0.0846834
-174.684,182.278,0.0444476,0.0857668
-170.886,182.278,0.0446687,0.086862
-167.089,182.278,0.0448916,0.0879679
-163.291,182.278,0.0451159,0.0890831
-159.494,182.278,0.0453406,0.0902056
-155.696,182.278,0.0455648,0.0913333
-151.899,182.278,0.0457876,0.0924638
-148.101,182.278,0.0460079,0.0935952
-144.304,182.278,0.0462245,0.094726
-140.506,182.278,0.0464365,0.0958553
-136.709,182.278,0.0466429,0.0969833
-132.911,182.278,0.0468429,0.0981111
-129.114,182.278,0.0470361,0.0992409
-125.316,182.278,0.0472218,0.100376
-121.519,182.278,0.0473998,0.101519
-117.722,182.278,0.04757,0.102676
-113.924,182.278,0.0477322,0.103849
-110.127,182.278,0.0478864,0.105042
-106.329,182.278,0.0480324,0.106258
-102.532,182.278,0.04817,0.107498
-98.7342,182.278,0.0482989,0.108761
-94.9367,182.278,0.0484185,0.110046
-91.1392,182.278,0.0485284,0.111348
-87.3418,182.278,0.0486277,0.112663
-83.5443,182.278,0.0487156,0.113984
-79.7468,182.278,0.0487914,0.115303
-75.9494,182.278,0.0488545,0.116615
-72.1519,182.278,0.0489042,0.117911
-68.3544,182.278,0.0489406,0.119187
-64.557,182.278,0.0489636,0.120439
-60.7595,182.278,0.0489736,0.121664
-56.962,182.278,0.0489716,0.122863
-53.1646,182.278,0.0489583,0.124039
-49.3671,182.278,0.048935,0.125195
-45.5696,182.278,0.0489026,0.126338
-41.7722,182.278,0.0488621,0.127473
-37.9747,182.278,0.0488136,0.128606
-34.1772,182.278,0.0487568,0.129741
-30.3797,182.278,0.0486905,0.13088
-26.5823,182.278,0.0486123,0.132021
-22.7848,182.278,0.0485187,0.133159
-18.9873,182.278,0.048405,0.13428
-15.1899,182.278,0.0482654,0.13537
-11.3924,182.278,0.048093,0.136405
-7.59494,182.278,0.0478801,0.137359
-3.79747,182.278,0.0476189,0.138201
0,182.278,0.0473014,0.138896
-300,186.076,0.0381327,0.0560041
-296.203,186.076,0.0383363,0.0567751
-292.405,186.076,0.0385416,0.0575712
-288.608,186.076,0.0387484,0.0583894
-284.81,186.076,0.0389566,0.0592265
-281.013,186.076,0.0391659,0.0600801
-277.215,186.076,0.0393762,0.0609477
-273.418,186.076,0.0395872,0.0618275
-269.62,186.076,0.0397986,0.0627178
-265.823,186.076,0.0400101,0.0636176
-262.025,186.076,0.0402216,0.064526
-258.228,186.076,0.0404326,0.0654428
-254.43,186.076,0.0406432,0.0663675
-250.633,186.076,0.040853,0.0673002
-246.835,186.076,0.0410621,0.0682409
-243.038,186.076,0.0412703,0.0691896
-239.241,186.076,0.0414776,0.0701461
-235.443,186.076,0.041684,0.0711103
-231.646,186.076,0.0418896,0.0720818
-227.848,186.076,0.0420945,0.0730601
-224.051,186.076,0.0422987,0.0740448
-220.253,186.076,0.0425024,0.0750353
-216.456,186.076,0.0427059,0.0760312
-212.658,186.076,0.0429093,0.0770323
-208.861,186.076,0.043113,0.0780387
-205.063,186.076,0.0433172,0.0790505
-201.266,186.076,0.0435222,0.0800684
-197.468,186.076,0.0437284,0.0810932
-193.671,186.076,0.043936,0.0821259
-189.873,186.076,0.0441455,0.0831674
-186.076,186.076,0.0443571,0.0842188
-182.278,186.076,0.0445707,0.0852808
-178.481,186.076,0.0447866,0.0863536
-174.684,186.076,0.0450044,0.0874371
-170.886,186.076,0.045224,0.0885307
-167.089,186.076,0.0454449,0.0896331
-163.291,186.076,0.0456663,0.0907426
-159.494,186.076,0.0458876,0.0918571
-155.696,186.076,0.0461077,0.0929744
-151.899,186.076,0.0463258,0.0940924
-148.101,186.076,0.0465408,0.0952093
-144.304,186.076,0.0467517,0.096324
-140.506,186.076,0.0469575,0.0974359
-136.709,186.076,0.0471575,0.0985457
-132.911,186.076,0.0473511,0.0996548
-129.114,186.076,0.0475376,0.100766
-125.316,186.076,0.0477168,0.101882
-121.519,186.076,0.0478885,0.103007
-117.722,186.076,0.0480524,0.104145
-113.924,186.076,0.0482086,0.1053
-110.127,186.076,0.0483569,0.106475
-106.329,186.076,0.0484972,0.107672
-102.532,186.076,0.0486293,0.108893
-98.7342,186.076,0.0487528,0.110136
-94.9367,186.076,0.048867,0.111399
-91.1392,186.076,0.0489714,0.112679
-87.3418,186.076,0.0490652,0.11397
-83.5443,186.076,0.0491475,0.115267
-79.7468,186.076,0.0492176,0.116561
-75.9494,186.076,0.0492749,0.117848
-72.1519,186.076,0.0493189,0.11912
-68.3544,186.076,0.0493495,0.120372
-64.557,186.076,0.0493669,0.121602
-60.7595,186.076,0.0493716,0.122808
-56.962,186.076,0.0493645,0.12399
-53.1646,186.076,0.0493466,0.125151
-49.3671,186.076,0.0493191,0.126296
-45.5696,186.076,0.049283,0.127429
-41.7722,186.076,0.0492391,0.128555
-37.9747,186.076,0.0491877,0.129681
-34.1772,186.076,0.0491285,0.130808
-30.3797,186.076,0.0490602,0.131939
-26.5823,186.076,0.0489806,0.133069
-22.7848,186.076,0.0488861,0.134194
-18.9873,186.076,0.0487722,0.1353
-15.1899,186.076,0.0486333,0.136373
-11.3924,186.076,0.048463,0.13739
-7.59494,186.076,0.048254,0.138328
-3.79747,186.076,0.047999,0.139156
0,186.076,0.0476904,0.139843
-300,189.873,0.0386782,0.057576
-296.203,189.873,0.0388819,0.0583604
-292.405,189.873,0.0390877,0.0591692
-288.608,189.873,0.0392952,0.0599989
-284.81,189.873,0.039504,0.0608464
-281.013,189.873,0.0397138,0.0617087
-277.215,189.873,0.0399242,0.0625835
-273.418,189.873,0.040135,0.063469
-269.62,189.873,0.0403458,0.0643636
-265.823,189.873,0.0405564,0.0652664
-262.025,189.873,0.0407667,0.0661769
-258.228,189.873,0.0409765,0.0670947
-254.43,189.873,0.0411859,0.0680198
-250.633,189.873,0.0413947,0.0689524
-246.835,189.873,0.041603,0.0698927
-243.038,189.873,0.0418108,0.0708407
-239.241,189.873,0.0420182,0.0717964
-235.443,189.873,0.0422251,0.0727598
-231.646,189.873,0.0424317,0.0737305
-227.848,189.873,0.0426379,0.0747081
-224.051,189.873,0.0428438,0.0756923
-220.253,189.873,0.0430495,0.0766825
-216.456,189.873,0.0432551,0.0776784
-212.658,189.873,0.0434606,0.0786799
-208.861,189.873,0.0436663,0.079687
-205.063,189.873,0.0438723,0.0806999
-201.266,189.873,0.0440789,0.0817192
-197.468,189.873,0.0442863,0.0827457
-193.671,189.873,0.0444947,0.0837801
-189.873,189.873,0.0447043,0.0848233
-186.076,189.873,0.0449155,0.0858759
-182.278,189.873,0.0451282,0.0869382
-178.481,189.873,0.0453424,0.0880104
-174.684,189.873,0.045558,0.0890919
-170.886,189.873,0.0457746,0.0901817
-167.089,189.873,0.0459919,0.0912782
-163.291,189.873,0.0462092,0.0923796
-159.494,189.873,0.0464257,0.0934838
-155.696,189.873,0.0466406,0.0945886
-151.899,189.873,0.046853,0.0956919
-148.101,189.873,0.047062,0.0967924
-144.304,189.873,0.0472666,0.097889
-140.506,189.873,0.047466,0.0989819
-136.709,189.873,0.0476595,0.100072
-132.911,189.873,0.0478466,0.101161
-129.114,189.873,0.0480268,0.102252
-125.316,189.873,0.0481999,0.103349
-121.519,189.873,0.0483656,0.104454
-117.722,189.873,0.0485238,0.105574
-113.924,189.873,0.0486745,0.106711
-110.127,189.873,0.0488175,0.107867
-106.329,189.873,0.0489526,0.109047
-102.532,189.873,0.0490795,0.110249
-98.7342,189.873,0.0491977,0.111473
-94.9367,189.873,0.0493067,0.112716
-91.1392,189.873,0.0494057,0.113975
-87.3418,189.873,0.0494939,0.115245
-83.5443,189.873,0.0495704,0.116519
-79.7468,189.873,0.0496347,0.117791
-75.9494,189.873,0.049686,0.119054
-72.1519,189.873,0.0497241,0.120304
-68.3544,189.873,0.049749,0.121536
-64.557,189.873,0.0497609,0.122746
-60.7595,189.873,0.0497604,0.123935
-56.962,189.873,0.0497486,0.125103
-53.1646,189.873,0.0497264,0.126252
-49.3671,189.873,0.0496951,0.127387
-45.5696,189.873,0.0496557,0.128511
-41.7722,189.873,0.049609,0.129631
-37.9747,189.873,0.0495553,0.130749
-34.1772,189.873,0.0494941,0.131869
-30.3797,189.873,0.0494243,0.132991
-26.5823,189.873,0.0493434,0.13411
-22.7848,189.873,0.0492482,0.13522
-18.9873,189.873,0.0491343,0.13631
-15.1899,189.873,0.0489963,0.137364
-11.3924,189.873,0.0488281,0.138362
-7.59494,189.873,0.048623,0.139281
-3.79747,189.873,0.0483742,0.140093
0,189.873,0.0480748,0.140771
-300,193.671,0.03922,0.0591499
-296.203,193.671,0.0394221,0.0599445
-292.405,193.671,0.039627,0.0607628
-288.608,193.671,0.0398342,0.0616011
-284.81,193.671,0.0400431,0.0624561
-281.013,193.671,0.0402531,0.0633248
-277.215,193.671,0.0404637,0.064205
-273.418,193.671,0.0406745,0.0650948
-269.62,193.671,0.0408853,0.065993
-265.823,193.671,0.0410959,0.0668987
-262.025,193.671,0.041306,0.0678115
-258.228,193.671,0.0415158,0.0687312
-254.43,193.671,0.0417252,0.069658
-250.633,193.671,0.0419342,0.070592
-246.835,193.671,0.0421429,0.0715335
-243.038,193.671,0.0423515,0.0724827
-239.241,193.671,0.04256,0.0734394
-235.443,193.671,0.0427683,0.0744036
-231.646,193.671,0.0429766,0.0753749
-227.848,193.671,0.0431848,0.076353
-224.051,193.671,0.0433929,0.0773374
-220.253,193.671,0.0436008,0.0783278
-216.456,193.671,0.0438085,0.0793237
-212.658,193.671,0.044016,0.0803251
-208.861,193.671,0.0442234,0.0813321
-205.063,193.671,0.0444307,0.082345
-201.266,193.671,0.0446381,0.0833644
-197.468,193.671,0.0448458,0.0843908
-193.671,193.671,0.045054,0.0854251
-189.873,193.671,0.0452628,0.0864678
-186.076,193.671,0.0454724,0.0875195
-182.278,193.671,0.0456829,0.0885802
-178.481,193.671,0.0458943,0.0896497
-174.684,193.671,0.0461064,0.090727
-170.886,193.671,0.046319,0.091811
-167.089,193.671,0.0465317,0.0928998
-163.291,193.671,0.0467438,0.0939914
-159.494,193.671,0.0469548,0.0950837
-155.696,193.671,0.0471639,0.0961744
-151.899,193.671,0.0473701,0.0972619
-148.101,193.671,0.0475727,0.0983447
-144.304,193.671,0.0477709,0.0994223
-140.506,193.671,0.0479639,0.100495
-136.709,193.671,0.0481511,0.101565
-132.911,193.671,0.048332,0.102633
-129.114,193.671,0.0485062,0.103704
-125.316,193.671,0.0486735,0.104781
-121.519,193.671,0.0488337,0.105868
-117.722,193.671,0.0489866,0.106968
-113.924,193.671,0.0491321,0.108087
-110.127,193.671,0.04927,0.109226
-106.329,193.671,0.0494001,0.110388
-102.532,193.671,0.0495219,0.111572
-98.7342,193.671,0.0496349,0.112778
-94.9367,193.671,0.0497384,0.114003
-91.1392,193.671,0.0498318,0.115242
-87.3418,193.671,0.0499141,0.116491
-83.5443,193.671,0.0499846,0.117744
-79.7468,193.671,0.0500428,0.118995
-75.9494,193.671,0.050088,0.120238
-72.1519,193.671,0.0501201,0.121468
-68.3544,193.671,0.0501392,0.12268
-64.557,193.671,0.0501457,0.123874
-60.7595,193.671,0.0501403,0.125048
-56.962,193.671,0.050124,0.126203
-53.1646,193.671,0.050098,0.127342
-49.3671,193.671,0.0500635,0.128468
-45.5696,193.671,0.0500214,0.129586
-41.7722,193.671,0.0499725,0.130699
-37.9747,193.671,0.049917,0.131811
-34.1772,193.671,0.0498544,0.132924
-30.3797,193.671,0.0497834,0.134036
-26.5823,193.671,0.0497016,0.135144
-22.7848,193.671,0.0496059,0.136239
-18.9873,193.671,0.049492,0.137311
-15.1899,193.671,0.0493549,0.138345
-11.3924,193.671,0.0491889,0.139322
-7.59494,193.671,0.0489878,0.14022
-3.79747,193.671,0.0487454,0.141015
0,193.671,0.0484556,0.14168
-300,197.468,0.0397577,0.0607227
-296.203,197.468,0.0399566,0.0615244
-292.405,197.468,0.0401596,0.0623493
-288.608,197.468,0.0403658,0.0631935
-284.81,197.468,0.0405742,0.0640537
-281.013,197.468,0.0407843,0.064927
-277.215,197.468,0.0409953,0.0658112
-273.418,197.468,0.0412068,0.0667046
-269.62,197.468,0.0414183,0.067606
-265.823,197.468,0.0416297,0.0685148
-262.025,197.468,0.0418408,0.0694305
-258.228,197.468,0.0420516,0.0703532
-254.43,197.468,0.0422621,0.071283
-250.633,197.468,0.0424724,0.07222
-246.835,197.468,0.0426826,0.0731644
-243.038,197.468,0.0428929,0.0741163
-239.241,197.468,0.0431032,0.0750755
-235.443,197.468,0.0433136,0.0760418
-231.646,197.468,0.043524,0.0770148
-227.848,197.468,0.0437344,0.0779941
-224.051,197.468,0.0439446,0.0789791
-220.253,197.468,0.0441545,0.0799694
-216.456,197.468,0.044364,0.0809649
-212.658,197.468,0.044573,0.0819654
-208.861,197.468,0.0447815,0.0829711
-205.063,197.468,0.0449894,0.0839824
-201.266,197.468,0.0451968,0.085
-197.468,197.468,0.0454039,0.0860245
-193.671,197.468,0.0456108,0.0870566
-189.873,197.468,0.0458177,0.0880968
-186.076,197.468,0.0460248,0.0891455
-182.278,197.468,0.0462321,0.0902025
-178.481,197.468,0.0464398,0.0912673
-174.684,197.468,0.0466476,0.0923387
-170.886,197.468,0.0468555,0.0934153
-167.089,197.468,0.0470629,0.094495
-163.291,197.468,0.0472695,0.0955757
-159.494,197.468,0.0474746,0.0966551
-155.696,197.468,0.0476776,0.0977311
-151.899,197.468,0.0478776,0.0988019
-148.101,197.468,0.048074,0.0998667
-144.304,197.468,0.048266,0.100925
-140.506,197.468,0.0484529,0.101978
-136.709,197.468,0.0486341,0.103027
-132.911,197.468,0.0488093,0.104076
-129.114,197.468,0.048978,0.105126
-125.316,197.468,0.0491399,0.106183
-121.519,197.468,0.049295,0.107251
-117.722,197.468,0.0494428,0.108334
-113.924,197.468,0.0495834,0.109435
-110.127,197.468,0.0497163,0.110557
-106.329,197.468,0.0498413,0.111701
-102.532,197.468,0.0499578,0.112868
-98.7342,197.468,0.0500654,0.114057
-94.9367,197.468,0.0501632,0.115263
-91.1392,197.468,0.0502505,0.116484
-87.3418,197.468,0.0503266,0.117714
-83.5443,197.468,0.0503909,0.118947
-79.7468,197.468,0.0504426,0.120179
-75.9494,197.468,0.0504816,0.121402
-72.1519,197.468,0.0505077,0.122613
-68.3544,197.468,0.0505211,0.123809
-64.557,197.468,0.0505224,0.124987
-60.7595,197.468,0.0505124,0.126148
-56.962,197.468,0.0504922,0.127292
-53.1646,197.468,0.050463,0.128421
-49.3671,197.468,0.0504258,0.12954
-45.5696,197.468,0.0503816,0.130652
-41.7722,197.468,0.0503312,0.13176
-37.9747,197.468,0.0502744,0.132867
-34.1772,197.468,0.0502108,0.133972
-30.3797,197.468,0.0501389,0.135075
-26.5823,197.468,0.0500566,0.13617
-22.7848,197.468,0.0499605,0.137251
-18.9873,197.468,0.0498467,0.138304
-15.1899,197.468,0.0497105,0.139317
-11.3924,197.468,0.0495467,0.140272
-7.59494,197.468,0.0493496,0.141147
-3.79747,197.468,0.0491138,0.141923
0,197.468,0.048834,0.142574
-300,201.266,0.0402907,0.0622911
-296.203,201.266,0.0404855,0.0630973
-292.405,201.266,0.0406857,0.0639263
-288.608,201.266,0.0408903,0.0647743
-284.81,201.266,0.0410982,0.065638
-281.013,201.266,0.0413084,0.0665146
-277.215,201.266,0.0415202,0.0674019
-273.418,201.266,0.0417328,0.0682984
-269.62,201.266,0.0419458,0.0692031
-265.823,201.266,0.0421588,0.0701152
-262.025,201.266,0.0423717,0.0710346
-258.228,201.266,0.0425843,0.0719612
-254.43,201.266,0.0427968,0.0728951
-250.633,201.266,0.0430092,0.0738363
-246.835,201.266,0.0432216,0.0747849
-243.038,201.266,0.0434341,0.0757407
-239.241,201.266,0.0436466,0.0767034
-235.443,201.266,0.0438592,0.0776726
-231.646,201.266,0.0440718,0.0786477
-227.848,201.266,0.0442842,0.0796283
-224.051,201.266,0.0444962,0.0806136
-220.253,201.266,0.0447077,0.0816035
-216.456,201.266,0.0449183,0.0825976
-212.658,201.266,0.0451281,0.083596
-208.861,201.266,0.0453367,0.0845991
-205.063,201.266,0.0455443,0.0856073
-201.266,201.266,0.0457508,0.0866213
-197.468,201.266,0.0459564,0.087642
-193.671,201.266,0.0461613,0.08867
-189.873,201.266,0.0463655,0.0897059
-186.076,201.266,0.0465693,0.0907497
-182.278,201.266,0.0467729,0.0918014
-178.481,201.266,0.0469763,0.0928599
-174.684,201.266,0.0471795,0.0939241
-170.886,201.266,0.0473822,0.0949921
-167.089,201.266,0.0475843,0.0960618
-163.291,201.266,0.0477853,0.0971309
-159.494,201.266,0.0479847,0.0981969
-155.696,201.266,0.0481818,0.0992578
-151.899,201.266,0.048376,0.100312
-148.101,201.266,0.0485666,0.101359
-144.304,201.266,0.0487528,0.102399
-140.506,201.266,0.0489341,0.103432
-136.709,201.266,0.04911,0.104461
-132.911,201.266,0.0492799,0.10549
-129.114,201.266,0.0494435,0.106521
-125.316,201.266,0.0496005,0.107559
-121.519,201.266,0.0497507,0.108609
-117.722,201.266,0.0498937,0.109674
-113.924,201.266,0.0500294,0.110758
-110.127,201.266,0.0501573,0.111864
-106.329,201.266,0.0502771,0.112992
-102.532,201.266,0.0503882,0.114143
-98.7342,201.266,0.0504899,0.115314
-94.9367,201.266,0.0505817,0.116503
-91.1392,201.266,0.0506628,0.117706
-87.3418,201.266,0.0507325,0.118918
-83.5443,201.266,0.0507902,0.120133
-79.7468,201.266,0.0508354,0.121345
-75.9494,201.266,0.0508681,0.122551
-72.1519,201.266,0.0508883,0.123745
-68.3544,201.266,0.0508963,0.124925
-64.557,201.266,0.0508928,0.126089
-60.7595,201.266,0.0508787,0.127237
-56.962,201.266,0.0508552,0.128371
-53.1646,201.266,0.0508233,0.129493
-49.3671,201.266,0.0507841,0.130606
-45.5696,201.266,0.0507385,0.131712
-41.7722,201.266,0.050687,0.132815
-37.9747,201.266,0.0506295,0.133916
-34.1772,201.266,0.0505652,0.135015
-30.3797,201.266,0.0504928,0.136108
-26.5823,201.266,0.0504099,0.137191
-22.7848,201.266,0.0503135,0.138256
-18.9873,201.266,0.0501999,0.139291
-15.1899,201.266,0.0500646,0.140282
-11.3924,201.266,0.0499029,0.141213
-7.59494,201.266,0.0497099,0.142066
-3.79747,201.266,0.0494808,0.14282
0,201.266,0.0492112,0.143456
-300,205.063,0.0408186,0.063852
-296.203,205.063,0.0410085,0.0646607
-292.405,205.063,0.0412055,0.0654922
-288.608,205.063,0.0414083,0.0663426
-284.81,205.063,0.0416156,0.0672086
-281.013,205.063,0.0418262,0.0680876
-277.215,205.063,0.0420391,0.0689776
-273.418,205.063,0.0422533,0.069877
-269.62,205.063,0.0424683,0.070785
-265.823,205.063,0.0426836,0.0717008
-262.025,205.063,0.0428988,0.0726243
-258.228,205.063,0.0431139,0.0735554
-254.43,205.063,0.0433289,0.074494
-250.633,205.063,0.0435437,0.07544
-246.835,205.063,0.0437584,0.0763933
-243.038,205.063,0.0439731,0.0773534
-239.241,205.063,0.0441878,0.0783198
-235.443,205.063,0.0444024,0.079292
-231.646,205.063,0.0446167,0.0802692
-227.848,205.063,0.0448306,0.0812507
-224.051,205.063,0.0450438,0.0822359
-220.253,205.063,0.045256,0.0832245
-216.456,205.063,0.045467,0.0842164
-212.658,205.063,0.0456766,0.0852116
-208.861,205.063,0.0458847,0.0862107
-205.063,205.063,0.0460911,0.0872143
-201.266,205.063,0.046296,0.0882234
-197.468,205.063,0.0464994,0.0892388
-193.671,205.063,0.0467016,0.0902612
-189.873,205.063,0.0469026,0.0912913
-186.076,205.063,0.0471029,0.0923289
-182.278,205.063,0.0473024,0.0933739
-178.481,205.063,0.0475014,0.0944251
-174.684,205.063,0.0476999,0.0954811
-170.886,205.063,0.0478978,0.0965398
-167.089,205.063,0.0480948,0.0975989
-163.291,205.063,0.0482906,0.0986558
-159.494,205.063,0.0484846,0.0997083
-155.696,205.063,0.0486764,0.100754
-151.899,205.063,0.0488653,0.101792
-148.101,205.063,0.0490507,0.102822
-144.304,205.063,0.0492318,0.103843
-140.506,205.063,0.0494081,0.104858
-136.709,205.063,0.0495791,0.105868
-132.911,205.063,0.0497443,0.106878
-129.114,205.063,0.0499033,0.10789
-125.316,205.063,0.0500557,0.108911
-121.519,205.063,0.0502013,0.109943
-117.722,205.063,0.0503397,0.110992
-113.924,205.063,0.0504705,0.11206
-110.127,205.063,0.0505934,0.11315
-106.329,205.063,0.0507078,0.114263
-102.532,205.063,0.0508133,0.115398
-98.7342,205.063,0.0509091,0.116553
-94.9367,205.063,0.0509946,0.117726
-91.1392,205.063,0.0510692,0.118912
-87.3418,205.063,0.0511323,0.120107
-83.5443,205.063,0.0511835,0.121304
-79.7468,205.063,0.0512224,0.122499
-75.9494,205.063,0.051249,0.123688
-72.1519,205.063,0.0512636,0.124865
-68.3544,205.063,0.0512666,0.126031
-64.557,205.063,0.0512588,0.127182
-60.7595,205.063,0.0512413,0.128319
-56.962,205.063,0.051215,0.129444
-53.1646,205.063,0.0511812,0.130559
-49.3671,205.063,0.0511406,0.131666
-45.5696,205.063,0.0510942,0.132767
-41.7722,205.063,0.0510421,0.133866
-37.9747,205.063,0.0509842,0.134961
-34.1772,205.063,0.0509196,0.136053
-30.3797,205.063,0.0508467,0.137137
-26.5823,205.063,0.0507634,0.138207
-22.7848,205.063,0.0506666,0.139256
-18.9873,205.063,0.0505529,0.140272
-15.1899,205.063,0.0504183,0.141241
-11.3924,205.063,0.0502587,0.142149
-7.59494,205.063,0.0500697,0.142978
-3.79747,205.063,0.0498474,0.143711
0,205.063,0.0495883,0.14433
-300,208.861,0.0413408,0.0654029
-296.203,208.861,0.0415256,0.0662131
-292.405,208.861,0.0417193,0.0670461
-288.608,208.861,0.0419204,0.0678981
-284.81,208.861,0.0421273,0.068766
-281.013,208.861,0.0423385,0.0696471
-277.215,208.861,0.0425528,0.0705394
-273.418,208.861,0.0427689,0.0714416
-269.62,208.861,0.0429862,0.0723528
-265.823,208.861,0.0432039,0.0732723
-262.025,208.861,0.0434218,0.0741999
-258.228,208.861,0.0436394,0.0751355
-254.43,208.861,0.0438568,0.0760787
-250.633,208.861,0.0440738,0.0770293
-246.835,208.861,0.0442907,0.077987
-243.038,208.861,0.0445072,0.0789511
-239.241,208.861,0.0447235,0.0799209
-235.443,208.861,0.0449394,0.0808955
-231.646,208.861,0.0451547,0.081874
-227.848,208.861,0.0453692,0.0828557
-224.051,208.861,0.0455827,0.08384
-220.253,208.861,0.0457949,0.0848265
-216.456,208.861,0.0460054,0.0858151
-212.658,208.861,0.0462141,0.0868062
-208.861,208.861,0.0464209,0.0878004
-205.063,208.861,0.0466256,0.0887986
-201.266,208.861,0.0468283,0.0898018
-197.468,208.861,0.0470292,0.0908109
-193.671,208.861,0.0472284,0.0918269
-189.873,208.861,0.0474262,0.0928502
-186.076,208.861,0.0476228,0.0938809
-182.278,208.861,0.0478185,0.0949184
-178.481,208.861,0.0480134,0.0959615
-174.684,208.861,0.0482076,0.0970086
-170.886,208.861,0.048401,0.0980575
-167.089,208.861,0.0485935,0.0991055
-163.291,208.861,0.0487846,0.10015
-159.494,208.861,0.048974,0.101189
-155.696,208.861,0.0491612,0.10222
-151.899,208.861,0.0493454,0.103242
-148.101,208.861,0.0495262,0.104255
-144.304,208.861,0.0497029,0.105258
-140.506,208.861,0.0498748,0.106255
-136.709,208.861,0.0500415,0.107247
-132.911,208.861,0.0502024,0.108239
-129.114,208.861,0.0503572,0.109234
-125.316,208.861,0.0505053,0.110238
-121.519,208.861,0.0506465,0.111254
-117.722,208.861,0.0507803,0.112288
-113.924,208.861,0.0509063,0.113341
-110.127,208.861,0.0510241,0.114416
-106.329,208.861,0.0511332,0.115515
-102.532,208.861,0.0512329,0.116636
-98.7342,208.861,0.0513227,0.117776
-94.9367,208.861,0.051402,0.118934
-91.1392,208.861,0.0514702,0.120105
-87.3418,208.861,0.0515268,0.121283
-83.5443,208.861,0.0515716,0.122464
-79.7468,208.861,0.0516044,0.123642
-75.9494,208.861,0.0516254,0.124815
-72.1519,208.861,0.0516349,0.125978
-68.3544,208.861,0.0516336,0.127129
-64.557,208.861,0.0516223,0.128268
-60.7595,208.861,0.0516019,0.129395
-56.962,208.861,0.0515737,0.130511
-53.1646,208.861,0.0515385,0.131619
-49.3671,208.861,0.0514972,0.132721
-45.5696,208.861,0.0514504,0.133818
-41.7722,208.861,0.0513982,0.134912
-37.9747,208.861,0.0513401,0.136002
-34.1772,208.861,0.0512753,0.137087
-30.3797,208.861,0.0512021,0.138161
-26.5823,208.861,0.0511182,0.139219
-22.7848,208.861,0.0510209,0.140252
-18.9873,208.861,0.050907,0.141249
-15.1899,208.861,0.0507729,0.142196
-11.3924,208.861,0.0506151,0.14308
-7.59494,208.861,0.05043,0.143886
-3.79747,208.861,0.0502145,0.144597
0,208.861,0.049966,0.1452
-300,212.658,0.0418566,0.0669423
-296.203,212.658,0.0420367,0.0677537
-292.405,212.658,0.0422275,0.0685881
-288.608,212.658,0.0424273,0.0694417
-284.81,212.658,0.042634,0.0703113
-281.013,212.658,0.0428461,0.0711944
-277.215,212.658,0.0430618,0.072089
-273.418,212.658,0.04328,0.0729938
-269.62,212.658,0.0434995,0.0739078
-265.823,212.658,0.0437196,0.0748306
-262.025,212.658,0.0439397,0.0757617
-258.228,212.658,0.0441594,0.0767009
-254.43,212.658,0.0443787,0.0776479
-250.633,212.658,0.0445974,0.0786022
-246.835,212.658,0.0448156,0.0795632
-243.038,212.658,0.0450332,0.0805302
-239.241,212.658,0.0452501,0.0815021
-235.443,212.658,0.0454664,0.0824779
-231.646,212.658,0.0456817,0.0834568
-227.848,212.658,0.045896,0.0844378
-224.051,212.658,0.0461089,0.0854202
-220.253,212.658,0.0463202,0.0864038
-216.456,212.658,0.0465296,0.0873886
-212.658,212.658,0.0467368,0.088375
-208.861,212.658,0.0469418,0.0893639
-205.063,212.658,0.0471444,0.0903562
-201.266,212.658,0.0473448,0.0913532
-197.468,212.658,0.0475431,0.0923558
-193.671,212.658,0.0477395,0.093365
-189.873,212.658,0.0479343,0.0943813
-186.076,212.658,0.0481276,0.0954046
-182.278,212.658,0.0483199,0.0964343
-178.481,212.658,0.0485113,0.097469
-174.684,212.658,0.0487018,0.0985068
-170.886,212.658,0.0488914,0.0995453
-167.089,212.658,0.04908,0.100582
-163.291,212.658,0.0492672,0.101614
-159.494,212.658,0.0494526,0.102639
-155.696,212.658,0.0496358,0.103655
-151.899,212.658,0.0498161,0.104661
-148.101,212.658,0.0499929,0.105657
-144.304,212.658,0.0501657,0.106643
-140.506,212.658,0.0503337,0.107622
-136.709,212.658,0.0504965,0.108597
-132.911,212.658,0.0506535,0.109572
-129.114,212.658,0.0508043,0.110551
-125.316,212.658,0.0509483,0.111539
-121.519,212.658,0.0510852,0.112541
-117.722,212.658,0.0512145,0.113561
-113.924,212.658,0.0513358,0.1146
-110.127,212.658,0.0514486,0.115663
-106.329,212.658,0.0515523,0.116748
-102.532,212.658,0.0516464,0.117856
-98.7342,212.658,0.0517303,0.118984
-94.9367,212.658,0.0518035,0.120127
-91.1392,212.658,0.0518655,0.121283
-87.3418,212.658,0.0519161,0.122446
-83.5443,212.658,0.051955,0.123612
-79.7468,212.658,0.0519822,0.124776
-75.9494,212.658,0.0519982,0.125933
-72.1519,212.658,0.0520033,0.127082
-68.3544,212.658,0.0519983,0.128221
-64.557,212.658,0.0519842,0.129348
-60.7595,212.658,0.0519618,0.130466
-56.962,212.658,0.0519323,0.131574
-53.1646,212.658,0.0518964,0.132676
-49.3671,212.658,0.051855,0.133772
-45.5696,212.658,0.0518082,0.134865
-41.7722,212.658,0.0517562,0.135954
-37.9747,212.658,0.0516982,0.137039
-34.1772,212.658,0.0516332,0.138116
-30.3797,212.658,0.0515595,0.139181
-26.5823,212.658,0.0514749,0.140227
-22.7848,212.658,0.0513769,0.141244
-18.9873,212.658,0.0512625,0.142222
-15.1899,212.658,0.0511287,0.143148
-11.3924,212.658,0.0509725,0.144009
-7.59494,212.658,0.0507911,0.144792
-3.79747,212.658,0.0505823,0.145482
0,212.658,0.0503442,0.146068
-300,216.456,0.0423654,0.0684697
-296.203,216.456,0.0425416,0.0692827
-292.405,216.456,0.0427303,0.0701189
-288.608,216.456,0.0429292,0.0709745
-284.81,216.456,0.0431362,0.0718462
-281.013,216.456,0.0433492,0.0727314
-277.215,216.456,0.0435665,0.0736281
-273.418,216.456,0.0437865,0.0745351
-269.62,216.456,0.0440079,0.0754514
-265.823,216.456,0.0442298,0.0763765
-262.025,216.456,0.0444515,0.0773099
-258.228,216.456,0.0446725,0.0782514
-254.43,216.456,0.0448928,0.0792005
-250.633,216.456,0.0451121,0.0801567
-246.835,216.456,0.0453305,0.0811193
-243.038,216.456,0.045548,0.0820873
-239.241,216.456,0.0457645,0.0830597
-235.443,216.456,0.0459801,0.0840353
-231.646,216.456,0.0461945,0.0850131
-227.848,216.456,0.0464076,0.0859922
-224.051,216.456,0.0466192,0.0869719
-220.253,216.456,0.0468289,0.087952
-216.456,216.456,0.0470366,0.0889327
-212.658,216.456,0.047242,0.0899144
-208.861,216.456,0.0474451,0.090898
-205.063,216.456,0.0476457,0.0918848
-201.266,216.456,0.047844,0.0928758
-197.468,216.456,0.04804,0.0938722
-193.671,216.456,0.048234,0.094875
-189.873,216.456,0.0484262,0.0958844
-186.076,216.456,0.048617,0.0969004
-182.278,216.456,0.0488066,0.0979221
-178.481,216.456,0.0489951,0.0989481
-174.684,216.456,0.0491826,0.0999763
-170.886,216.456,0.0493691,0.101004
-167.089,216.456,0.0495545,0.102029
-163.291,216.456,0.0497385,0.103048
-159.494,216.456,0.0499206,0.104058
-155.696,216.456,0.0501003,0.105059
-151.899,216.456,0.0502772,0.106049
-148.101,216.456,0.0504505,0.107028
-144.304,216.456,0.0506197,0.107997
-140.506,216.456,0.0507841,0.108959
-136.709,216.456,0.0509432,0.109917
-132.911,216.456,0.0510965,0.110876
-129.114,216.456,0.0512434,0.11184
-125.316,216.456,0.0513835,0.112814
-121.519,216.456,0.0515162,0.113802
-117.722,216.456,0.0516412,0.114809
-113.924,216.456,0.0517578,0.115837
-110.127,216.456,0.0518656,0.116888
-106.329,216.456,0.0519641,0.117962
-102.532,216.456,0.0520528,0.119058
-98.7342,216.456,0.052131,0.120174
-94.9367,216.456,0.0521985,0.121305
-91.1392,216.456,0.0522548,0.122448
-87.3418,216.456,0.0522998,0.123598
-83.5443,216.456,0.0523334,0.12475
-79.7468,216.456,0.0523558,0.125899
-75.9494,216.456,0.0523675,0.127043
-72.1519,216.456,0.052369,0.128179
-68.3544,216.456,0.0523612,0.129306
-64.557,216.456,0.052345,0.130423
-60.7595,216.456,0.0523214,0.131532
-56.962,216.456,0.0522912,0.132633
-53.1646,216.456,0.0522553,0.133728
-49.3671,216.456,0.0522141,0.13482
-45.5696,216.456,0.0521677,0.135908
-41.7722,216.456,0.052116,0.136992
-37.9747,216.456,0.0520581,0.138071
-34.1772,216.456,0.0519929,0.139141
-30.3797,216.456,0.0519186,0.140196
-26.5823,216.456,0.0518332,0.14123
-22.7848,216.456,0.0517342,0.142231
-18.9873,216.456,0.051619,0.143191
-15.1899,216.456,0.0514853,0.144096
-11.3924,216.456,0.0513305,0.144935
-7.59494,216.456,0.0511526,0.145696
-3.79747,216.456,0.0509503,0.146366
0,216.456,0.0507226,0.146936
-300,220.253,0.0428666,0.0699852
-296.203,220.253,0.0430402,0.0708009
-292.405,220.253,0.0432277,0.07164
-288.608,220.253,0.0434264,0.0724983
-284.81,220.253,0.0436341,0.0733725
-281.013,220.253,0.0438483,0.0742599
-277.215,220.253,0.044067,0.0751586
-273.418,220.253,0.0442884,0.0760672
-269.62,220.253,0.044511,0.0769847
-265.823,220.253,0.0447339,0.0779107
-262.025,220.253,0.0449561,0.0788448
-258.228,220.253,0.0451774,0.0797865
-254.43,220.253,0.0453974,0.0807356
-250.633,220.253,0.045616,0.0816915
-246.835,220.253,0.0458334,0.0826533
-243.038,220.253,0.0460495,0.0836202
-239.241,220.253,0.0462645,0.084591
-235.443,220.253,0.0464783,0.0855646
-231.646,220.253,0.0466908,0.0865399
-227.848,220.253,0.046902,0.0875161
-224.051,220.253,0.0471116,0.0884925
-220.253,220.253,0.0473195,0.0894688
-216.456,220.253,0.0475253,0.0904454
-212.658,220.253,0.047729,0.0914227
-208.861,220.253,0.0479303,0.0924017
-205.063,220.253,0.0481292,0.0933836
-201.266,220.253,0.0483258,0.0943695
-197.468,220.253,0.0485201,0.0953605
-193.671,220.253,0.0487124,0.0963574
-189.873,220.253,0.0489029,0.0973605
-186.076,220.253,0.0490918,0.0983695
-182.278,220.253,0.0492794,0.0993833
-178.481,220.253,0.0494658,0.1004
-174.684,220.253,0.049651,0.101418
-170.886,220.253,0.0498352,0.102435
-167.089,220.253,0.0500179,0.103447
-163.291,220.253,0.0501991,0.104452
-159.494,220.253,0.0503783,0.105447
-155.696,220.253,0.050555,0.106432
-151.899,220.253,0.0507286,0.107405
-148.101,220.253,0.0508987,0.108367
-144.304,220.253,0.0510645,0.109319
-140.506,220.253,0.0512254,0.110264
-136.709,220.253,0.051381,0.111206
-132.911,220.253,0.0515305,0.112149
-129.114,220.253,0.0516736,0.113099
-125.316,220.253,0.0518097,0.11406
-121.519,220.253,0.0519383,0.115036
-117.722,220.253,0.0520589,0.116032
-113.924,220.253,0.052171,0.11705
-110.127,220.253,0.052274,0.118091
-106.329,220.253,0.0523676,0.119155
-102.532,220.253,0.052451,0.120241
-98.7342,220.253,0.0525241,0.121346
-94.9367,220.253,0.0525863,0.122467
-91.1392,220.253,0.0526374,0.123598
-87.3418,220.253,0.0526774,0.124736
-83.5443,220.253,0.0527064,0.125875
-79.7468,220.253,0.0527248,0.127012
-75.9494,220.253,0.052733,0.128144
-72.1519,220.253,0.0527318,0.129268
-68.3544,220.253,0.0527219,0.130384
-64.557,220.253,0.0527044,0.131491
-60.7595,220.253,0.0526802,0.132591
-56.962,220.253,0.0526499,0.133685
-53.1646,220.253,0.0526144,0.134775
-49.3671,220.253,0.0525738,0.135861
-45.5696,220.253,0.052528,0.136944
-41.7722,220.253,0.0524768,0.138024
-37.9747,220.253,0.0524191,0.139097
-34.1772,220.253,0.0523535,0.140159
-30.3797,220.253,0.0522785,0.141205
-26.5823,220.253,0.052192,0.142225
-22.7848,220.253,0.0520918,0.143211
-18.9873,220.253,0.0519757,0.144153
-15.1899,220.253,0.0518418,0.145038
-11.3924,220.253,0.0516882,0.145857
-7.59494,220.253,0.0515138,0.146597
-3.79747,220.253,0.0513177,0.147248
0,220.253,0.0511,0.147804
-300,224.051,0.0433599,0.0714899
-296.203,224.051,0.0435324,0.0723095
-292.405,224.051,0.0437197,0.0731525
-288.608,224.051,0.0439191,0.0740144
-284.81,224.051,0.0441278,0.0748917
-281.013,224.051,0.0443432,0.0757815
-277.215,224.051,0.044563,0.0766818
-273.418,224.051,0.0447852,0.0775911
-269.62,224.051,0.0450083,0.0785086
-265.823,224.051,0.0452311,0.0794339
-262.025,224.051,0.0454528,0.0803665
-258.228,224.051,0.0456729,0.0813062
-254.43,224.051,0.0458913,0.0822528
-250.633,224.051,0.0461079,0.0832057
-246.835,224.051,0.0463229,0.0841643
-243.038,224.051,0.0465365,0.0851277
-239.241,224.051,0.0467488,0.0860949
-235.443,224.051,0.04696,0.0870648
-231.646,224.051,0.04717,0.0880363
-227.848,224.051,0.0473788,0.0890087
-224.051,224.051,0.0475862,0.0899813
-220.253,224.051,0.0477921,0.090954
-216.456,224.051,0.0479962,0.0919269
-212.658,224.051,0.0481984,0.0929006
-208.861,224.051,0.0483984,0.0938759
-205.063,224.051,0.0485962,0.094854
-201.266,224.051,0.0487918,0.0958358
-197.468,224.051,0.0489852,0.0968224
-193.671,224.051,0.0491766,0.0978143
-189.873,224.051,0.0493661,0.0988116
-186.076,224.051,0.049554,0.0998137
-182.278,224.051,0.0497403,0.10082
-178.481,224.051,0.0499252,0.101827
-174.684,224.051,0.0501088,0.102835
-170.886,224.051,0.0502909,0.103839
-167.089,224.051,0.0504715,0.104837
-163.291,224.051,0.0506502,0.105827
-159.494,224.051,0.0508266,0.106806
-155.696,224.051,0.0510003,0.107774
-151.899,224.051,0.0511708,0.108729
-148.101,224.051,0.0513375,0.109673
-144.304,224.051,0.0514999,0.110608
-140.506,224.051,0.0516572,0.111536
-136.709,224.051,0.0518091,0.112462
-132.911,224.051,0.0519549,0.113391
-129.114,224.051,0.0520941,0.114327
-125.316,224.051,0.0522261,0.115276
-121.519,224.051,0.0523506,0.116242
-117.722,224.051,0.0524669,0.117228
-113.924,224.051,0.0525745,0.118237
-110.127,224.051,0.0526729,0.11927
-106.329,224.051,0.0527617,0.120326
-102.532,224.051,0.0528404,0.121404
-98.7342,224.051,0.0529086,0.1225
-94.9367,224.051,0.0529661,0.123611
-91.1392,224.051,0.0530127,0.124732
-87.3418,224.051,0.0530484,0.125859
-83.5443,224.051,0.0530736,0.126987
-79.7468,224.051,0.0530886,0.128113
-75.9494,224.051,0.0530941,0.129233
-72.1519,224.051,0.0530908,0.130346
-68.3544,224.051,0.0530796,0.131452
-64.557,224.051,0.0530615,0.13255
-60.7595,224.051,0.0530371,0.133642
-56.962,224.051,0.0530073,0.134729
-53.1646,224.051,0.0529724,0.135813
-49.3671,224.051,0.0529326,0.136895
-45.5696,224.051,0.0528877,0.137973
-41.7722,224.051,0.0528369,0.139047
-37.9747,224.051,0.0527792,0.140114
-34.1772,224.051,0.0527133,0.141168
-30.3797,224.051,0.0526374,0.142204
-26.5823,224.051,0.0525496,0.143211
-22.7848,224.051,0.0524481,0.144183
-18.9873,224.051,0.0523311,0.145107
-15.1899,224.051,0.0521969,0.145973
-11.3924,224.051,0.0520445,0.146771
-7.59494,224.051,0.0518733,0.147492
-3.79747,224.051,0.0516833,0.148127
0,224.051,0.0514753,0.148669
-300,227.848,0.0438454,0.0729846
-296.203,227.848,0.0440182,0.0738096
-292.405,227.848,0.0442065,0.0746576
-288.608,227.848,0.0444073,0.0755239
-284.81,227.848,0.0446173,0.0764046
-281.013,227.848,0.0448339,0.0772967
-277.215,227.848,0.0450545,0.0781981
-273.418,227.848,0.0452769,0.0791073
-269.62,227.848,0.0454995,0.0800234
-265.823,227.848,0.0457211,0.080946
-262.025,227.848,0.045941,0.0818751
-258.228,227.848,0.0461587,0.0828104
-254.43,227.848,0.0463741,0.083752
-250.633,227.848,0.0465875,0.0846995
-246.835,227.848,0.046799,0.0856525
-243.038,227.848,0.0470091,0.0866102
-239.241,227.848,0.0472179,0.0875719
-235.443,227.848,0.0474258,0.0885366
-231.646,227.848,0.0476329,0.0895033
-227.848,227.848,0.0478391,0.0904713
-224.051,227.848,0.0480444,0.0914401
-220.253,227.848,0.0482485,0.0924094
-216.456,227.848,0.0484514,0.0933793
-212.658,227.848,0.0486526,0.0943502
-208.861,227.848,0.0488521,0.095323
-205.063,227.848,0.0490496,0.0962984
-201.266,227.848,0.049245,0.0972773
-197.468,227.848,0.0494383,0.0982604
-193.671,227.848,0.0496295,0.099248
-189.873,227.848,0.0498188,0.10024
-186.076,227.848,0.0500062,0.101235
-182.278,227.848,0.0501918,0.102233
-178.481,227.848,0.0503756,0.103231
-174.684,227.848,0.0505578,0.104226
-170.886,227.848,0.0507382,0.105217
-167.089,227.848,0.0509166,0.1062
-163.291,227.848,0.0510928,0.107174
-159.494,227.848,0.0512664,0.108136
-155.696,227.848,0.0514371,0.109085
-151.899,227.848,0.0516042,0.110022
-148.101,227.848,0.0517674,0.110947
-144.304,227.848,0.051926,0.111864
-140.506,227.848,0.0520796,0.112776
-136.709,227.848,0.0522275,0.113687
-132.911,227.848,0.0523693,0.114601
-129.114,227.848,0.0525045,0.115525
-125.316,227.848,0.0526324,0.116463
-121.519,227.848,0.0527526,0.11742
-117.722,227.848,0.0528646,0.118398
-113.924,227.848,0.0529679,0.119399
-110.127,227.848,0.053062,0.120425
-106.329,227.848,0.0531463,0.121475
-102.532,227.848,0.0532206,0.122546
-98.7342,227.848,0.0532844,0.123635
-94.9367,227.848,0.0533376,0.124738
-91.1392,227.848,0.0533802,0.12585
-87.3418,227.848,0.0534123,0.126967
-83.5443,227.848,0.0534343,0.128085
-79.7468,227.848,0.0534466,0.1292
-75.9494,227.848,0.0534501,0.13031
-72.1519,227.848,0.0534454,0.131413
-68.3544,227.848,0.0534334,0.132509
-64.557,227.848,0.053415,0.133599
-60.7595,227.848,0.053391,0.134683
-56.962,227.848,0.0533618,0.135764
-53.1646,227.848,0.0533278,0.136842
-49.3671,227.848,0.053289,0.137918
-45.5696,227.848,0.0532447,0.138992
-41.7722,227.848,0.0531944,0.14006
-37.9747,227.848,0.0531367,0.14112
-34.1772,227.848,0.0530703,0.142166
-30.3797,227.848,0.0529934,0.143191
-26.5823,227.848,0.0529044,0.144186
-22.7848,227.848,0.0528016,0.145142
-18.9873,227.848,0.0526835,0.146049
-15.1899,227.848,0.0525491,0.146897
-11.3924,227.848,0.0523979,0.147676
-7.59494,227.848,0.0522299,0.148379
-3.79747,227.848,0.0520458,0.148998
0,227.848,0.0518472,0.14953
-300,231.646,0.0443231,0.0744705
-296.203,231.646,0.0444977,0.0753018
-292.405,231.646,0.0446881,0.0761556
-288.608,231.646,0.0448908,0.0770268
-284.81,231.646,0.0451025,0.0779111
-281.013,231.646,0.0453201,0.0788054
-277.215,231.646,0.045541,0.0797072
-273.418,231.646,0.0457629,0.0806152
-269.62,231.646,0.0459842,0.0815285
-265.823,231.646,0.0462036,0.0824469
-262.025,231.646,0.0464205,0.0833704
-258.228,231.646,0.0466346,0.0842992
-254.43,231.646,0.0468461,0.0852336
-250.633,231.646,0.0470553,0.0861735
-246.835,231.646,0.0472625,0.0871189
-243.038,231.646,0.0474684,0.0880693
-239.241,231.646,0.0476733,0.089024
-235.443,231.646,0.0478777,0.0899824
-231.646,231.646,0.0480817,0.0909437
-227.848,231.646,0.0482855,0.0919072
-224.051,231.646,0.048489,0.0928722
-220.253,231.646,0.048692,0.0938386
-216.456,231.646,0.0488942,0.0948062
-212.658,231.646,0.0490953,0.0957754
-208.861,231.646,0.0492949,0.0967466
-205.063,231.646,0.0494929,0.0977204
-201.266,231.646,0.0496888,0.0986973
-197.468,231.646,0.0498827,0.0996775
-193.671,231.646,0.0500744,0.100661
-189.873,231.646,0.0502639,0.101648
-186.076,231.646,0.0504512,0.102636
-182.278,231.646,0.0506364,0.103625
-178.481,231.646,0.0508193,0.104612
-174.684,231.646,0.0510001,0.105595
-170.886,231.646,0.0511787,0.106571
-167.089,231.646,0.0513548,0.107537
-163.291,231.646,0.0515282,0.108493
-159.494,231.646,0.0516988,0.109436
-155.696,231.646,0.051866,0.110366
-151.899,231.646,0.0520295,0.111284
-148.101,231.646,0.0521888,0.112191
-144.304,231.646,0.0523434,0.11309
-140.506,231.646,0.0524928,0.113985
-136.709,231.646,0.0526365,0.114881
-132.911,231.646,0.0527741,0.115782
-129.114,231.646,0.052905,0.116695
-125.316,231.646,0.0530287,0.117624
-121.519,231.646,0.0531447,0.118572
-117.722,231.646,0.0532525,0.119543
-113.924,231.646,0.0533515,0.120539
-110.127,231.646,0.0534413,0.121559
-106.329,231.646,0.0535215,0.122604
-102.532,231.646,0.0535916,0.123669
-98.7342,231.646,0.0536515,0.124751
-94.9367,231.646,0.0537009,0.125847
-91.1392,231.646,0.05374,0.126951
-87.3418,231.646,0.053769,0.12806
-83.5443,231.646,0.0537883,0.129168
-79.7468,231.646,0.0537985,0.130273
-75.9494,231.646,0.0538004,0.131373
-72.1519,231.646,0.0537947,0.132467
-68.3544,231.646,0.0537823,0.133554
-64.557,231.646,0.0537641,0.134636
-60.7595,231.646,0.0537406,0.135713
-56.962,231.646,0.0537122,0.136788
-53.1646,231.646,0.0536792,0.13786
-49.3671,231.646,0.0536411,0.138931
-45.5696,231.646,0.0535976,0.139999
-41.7722,231.646,0.0535476,0.141061
-37.9747,231.646,0.0534898,0.142114
-34.1772,231.646,0.0534228,0.143151
-30.3797,231.646,0.0533449,0.144165
-26.5823,231.646,0.0532547,0.145147
-22.7848,231.646,0.0531506,0.146088
-18.9873,231.646,0.0530316,0.146978
-15.1899,231.646,0.0528972,0.147808
-11.3924,231.646,0.0527472,0.14857
-7.59494,231.646,0.0525825,0.149256
-3.79747,231.646,0.0524043,0.149862
0,231.646,0.0522147,0.150384
-300,235.443,0.0447936,0.0759479
-296.203,235.443,0.0449712,0.0767859
-292.405,235.443,0.0451644,0.0776459
-288.608,235.443,0.0453695,0.0785221
-284.81,235.443,0.0455829,0.0794099
-281.013,235.443,0.0458014,0.0803059
-277.215,235.443,0.0460222,0.0812076
-273.418,235.443,0.046243,0.0821134
-269.62,235.443,0.0464621,0.0830227
-265.823,235.443,0.0466785,0.0839354
-262.025,235.443,0.0468916,0.0848518
-258.228,235.443,0.0471014,0.0857725
-254.43,235.443,0.0473082,0.0866981
-250.633,235.443,0.0475124,0.087629
-246.835,235.443,0.0477149,0.0885654
-243.038,235.443,0.0479163,0.0895073
-239.241,235.443,0.0481173,0.0904543
-235.443,235.443,0.0483183,0.0914059
-231.646,235.443,0.0485197,0.0923615
-227.848,235.443,0.0487216,0.0933205
-224.051,235.443,0.0489239,0.0942822
-220.253,235.443,0.0491263,0.0952463
-216.456,235.443,0.0493286,0.0962124
-212.658,235.443,0.0495303,0.0971806
-208.861,235.443,0.0497308,0.098151
-205.063,235.443,0.0499299,0.0991238
-201.266,235.443,0.050127,0.100099
-197.468,235.443,0.050322,0.101077
-193.671,235.443,0.0505145,0.102056
-189.873,235.443,0.0507045,0.103037
-186.076,235.443,0.0508917,0.104017
-182.278,235.443,0.0510764,0.104996
-178.481,235.443,0.0512582,0.105971
-174.684,235.443,0.0514374,0.10694
-170.886,235.443,0.0516137,0.107899
-167.089,235.443,0.0517871,0.108849
-163.291,235.443,0.0519574,0.109785
-159.494,235.443,0.0521244,0.110709
-155.696,235.443,0.0522878,0.111619
-151.899,235.443,0.0524471,0.112517
-148.101,235.443,0.0526021,0.113405
-144.304,235.443,0.0527523,0.114286
-140.506,235.443,0.0528973,0.115166
-136.709,235.443,0.0530367,0.116047
-132.911,235.443,0.0531698,0.116937
-129.114,235.443,0.0532964,0.11784
-125.316,235.443,0.0534158,0.11876
-121.519,235.443,0.0535275,0.119702
-117.722,235.443,0.0536311,0.120668
-113.924,235.443,0.053726,0.121659
-110.127,235.443,0.0538118,0.122675
-106.329,235.443,0.053888,0.123715
-102.532,235.443,0.0539543,0.124775
-98.7342,235.443,0.0540105,0.125852
-94.9367,235.443,0.0540566,0.126941
-91.1392,235.443,0.0540926,0.128038
-87.3418,235.443,0.0541189,0.129138
-83.5443,235.443,0.0541359,0.130238
-79.7468,235.443,0.0541443,0.131334
-75.9494,235.443,0.054145,0.132424
-72.1519,235.443,0.0541386,0.133508
-68.3544,235.443,0.0541261,0.134587
-64.557,235.443,0.0541081,0.135661
-60.7595,235.443,0.0540851,0.136731
-56.962,235.443,0.0540576,0.137799
-53.1646,235.443,0.0540254,0.138866
-49.3671,235.443,0.0539882,0.139931
-45.5696,235.443,0.0539451,0.140993
-41.7722,235.443,0.0538953,0.14205
-37.9747,235.443,0.0538373,0.143095
-34.1772,235.443,0.0537696,0.144123
-30.3797,235.443,0.0536907,0.145125
-26.5823,235.443,0.0535993,0.146094
-22.7848,235.443,0.0534941,0.14702
-18.9873,235.443,0.0533744,0.147893
-15.1899,235.443,0.0532402,0.148706
-11.3924,235.443,0.0530917,0.14945
-7.59494,235.443,0.0529303,0.150121
-3.79747,235.443,0.0527579,0.150715
0,235.443,0.0525771,0.15123
-300,239.241,0.0452579,0.0774165
-296.203,239.241,0.0454391,0.0782612
-292.405,239.241,0.0456355,0.079127
-288.608,239.241,0.0458432,0.0800078
-284.81,239.241,0.0460583,0.0808987
-281.013,239.241,0.0462774,0.0817959
-277.215,239.241,0.0464976,0.0826967
-273.418,239.241,0.0467168,0.0835995
-269.62,239.241,0.0469332,0.084504
-265.823,239.241,0.0471459,0.08541
-262.025,239.241,0.0473547,0.0863185
-258.228,239.241,0.0475597,0.0872302
-254.43,239.241,0.0477614,0.0881461
-250.633,239.241,0.0479607,0.0890673
-246.835,239.241,0.0481584,0.0899942
-243.038,239.241,0.0483555,0.0909271
-239.241,239.241,0.0485529,0.0918662
-235.443,239.241,0.048751,0.0928111
-231.646,239.241,0.0489503,0.0937614
-227.848,239.241,0.0491509,0.0947162
-224.051,239.241,0.0493527,0.0956751
-220.253,239.241,0.0495554,0.0966374
-216.456,239.241,0.0497585,0.0976025
-212.658,239.241,0.0499614,0.0985702
-208.861,239.241,0.0501635,0.09954
-205.063,239.241,0.0503641,0.100512
-201.266,239.241,0.0505628,0.101485
-197.468,239.241,0.0507589,0.10246
-193.671,239.241,0.0509523,0.103434
-189.873,239.241,0.0511425,0.104408
-186.076,239.241,0.0513295,0.10538
-182.278,239.241,0.0515132,0.106347
-178.481,239.241,0.0516936,0.107308
-174.684,239.241,0.0518706,0.108261
-170.886,239.241,0.0520441,0.109204
-167.089,239.241,0.0522143,0.110134
-163.291,239.241,0.0523809,0.111051
-159.494,239.241,0.0525437,0.111954
-155.696,239.241,0.0527027,0.112843
-151.899,239.241,0.0528576,0.113722
-148.101,239.241,0.0530079,0.114592
-144.304,239.241,0.0531535,0.115456
-140.506,239.241,0.0532939,0.116321
-136.709,239.241,0.0534286,0.11719
-132.911,239.241,0.0535574,0.118069
-129.114,239.241,0.0536795,0.118964
-125.316,239.241,0.0537946,0.119878
-121.519,239.241,0.0539022,0.120814
-117.722,239.241,0.0540017,0.121776
-113.924,239.241,0.0540927,0.122764
-110.127,239.241,0.0541745,0.123777
-106.329,239.241,0.054247,0.124813
-102.532,239.241,0.0543097,0.125869
-98.7342,239.241,0.0543625,0.12694
-94.9367,239.241,0.0544055,0.128023
-91.1392,239.241,0.0544387,0.129113
-87.3418,239.241,0.0544626,0.130204
-83.5443,239.241,0.0544777,0.131295
-79.7468,239.241,0.0544846,0.132382
-75.9494,239.241,0.0544843,0.133463
-72.1519,239.241,0.0544774,0.134538
-68.3544,239.241,0.0544648,0.135609
-64.557,239.241,0.0544471,0.136675
-60.7595,239.241,0.0544247,0.137738
-56.962,239.241,0.0543979,0.1388
-53.1646,239.241,0.0543664,0.139861
-49.3671,239.241,0.0543297,0.140921
-45.5696,239.241,0.054287,0.141977
-41.7722,239.241,0.0542371,0.143026
-37.9747,239.241,0.0541787,0.144063
-34.1772,239.241,0.0541103,0.145081
-30.3797,239.241,0.0540304,0.146072
-26.5823,239.241,0.0539379,0.147027
-22.7848,239.241,0.0538317,0.147937
-18.9873,239.241,0.0537117,0.148794
-15.1899,239.241,0.0535778,0.149589
-11.3924,239.241,0.0534312,0.150318
-7.59494,239.241,0.0532733,0.150974
-3.79747,239.241,0.0531066,0.151557
0,239.241,0.0529341,0.152066
-300,243.038,0.045717,0.0788757
-296.203,243.038,0.0459019,0.0797259
-292.405,243.038,0.0461015,0.0805966
-288.608,243.038,0.0463116,0.0814813
-284.81,243.038,0.0465281,0.0823745
-281.013,243.038,0.0467475,0.083272
-277.215,243.038,0.0469668,0.0841713
-273.418,243.038,0.0471839,0.0850707
-269.62,243.038,0.0473972,0.0859697
-265.823,243.038,0.0476061,0.0868689
-262.025,243.038,0.0478104,0.087769
-258.228,243.038,0.0480105,0.0886716
-254.43,243.038,0.0482073,0.089578
-250.633,243.038,0.0484018,0.0904895
-246.835,243.038,0.0485952,0.0914071
-243.038,243.038,0.0487885,0.0923317
-239.241,243.038,0.0489828,0.0932634
-235.443,243.038,0.0491788,0.0942021
-231.646,243.038,0.0493768,0.0951475
-227.848,243.038,0.049577,0.0960988
-224.051,243.038,0.0497791,0.0970554
-220.253,243.038,0.0499828,0.0980162
-216.456,243.038,0.0501873,0.0989805
-212.658,243.038,0.0503919,0.0999476
-208.861,243.038,0.0505957,0.100917
-205.063,243.038,0.0507981,0.101887
-201.266,243.038,0.0509981,0.102857
-197.468,243.038,0.0511953,0.103828
-193.671,243.038,0.0513891,0.104796
-189.873,243.038,0.0515792,0.105762
-186.076,243.038,0.0517654,0.106722
-182.278,243.038,0.0519476,0.107677
-178.481,243.038,0.0521257,0.108623
-174.684,243.038,0.0522998,0.109559
-170.886,243.038,0.0524699,0.110482
-167.089,243.038,0.0526361,0.111392
-163.291,243.038,0.0527984,0.112289
-159.494,243.038,0.0529567,0.113171
-155.696,243.038,0.053111,0.114041
-151.899,243.038,0.053261,0.114901
-148.101,243.038,0.0534065,0.115753
-144.304,243.038,0.0535473,0.116603
-140.506,243.038,0.053683,0.117454
-136.709,243.038,0.0538132,0.118313
-132.911,243.038,0.0539375,0.119183
-129.114,243.038,0.0540554,0.120071
-125.316,243.038,0.0541664,0.12098
-121.519,243.038,0.0542699,0.121913
-117.722,243.038,0.0543655,0.122872
-113.924,243.038,0.0544526,0.123857
-110.127,243.038,0.0545309,0.124867
-106.329,243.038,0.0545998,0.1259
-102.532,243.038,0.0546591,0.126952
-98.7342,243.038,0.0547088,0.128019
-94.9367,243.038,0.0547489,0.129095
-91.1392,243.038,0.0547796,0.130177
-87.3418,243.038,0.0548014,0.131261
-83.5443,243.038,0.0548147,0.132342
-79.7468,243.038,0.0548204,0.13342
-75.9494,243.038,0.0548192,0.134492
-72.1519,243.038,0.054812,0.135559
-68.3544,243.038,0.0547993,0.136621
-64.557,243.038,0.0547819,0.137679
-60.7595,243.038,0.05476,0.138736
-56.962,243.038,0.0547337,0.139792
-53.1646,243.038,0.0547027,0.140847
-49.3671,243.038,0.0546664,0.1419
-45.5696,243.038,0.0546237,0.14295
-41.7722,243.038,0.0545736,0.143992
-37.9747,243.038,0.0545146,0.14502
-34.1772,243.038,0.0544453,0.146027
-30.3797,243.038,0.0543644,0.147006
-26.5823,243.038,0.0542708,0.147947
-22.7848,243.038,0.0541639,0.148841
-18.9873,243.038,0.0540437,0.149681
-15.1899,243.038,0.0539105,0.15046
-11.3924,243.038,0.0537659,0.151172
-7.59494,243.038,0.0536117,0.151815
-3.79747,243.038,0.0534507,0.152388
0,243.038,0.0532862,0.152894
-300,246.835,0.0461721,0.0803241
-296.203,246.835,0.0463603,0.0811782
-292.405,246.835,0.0465626,0.0820523
-288.608,246.835,0.0467746,0.0829394
-284.81,246.835,0.046992,0.0838338
-281.013,246.835,0.0472112,0.084731
-277.215,246.835,0.0474293,0.0856281
-273.418,246.835,0.0476441,0.0865237
-269.62,246.835,0.0478542,0.0874174
-265.823,246.835,0.0480592,0.0883097
-262.025,246.835,0.0482592,0.0892021
-258.228,246.835,0.0484548,0.0900962
-254.43,246.835,0.0486471,0.0909938
-250.633,246.835,0.0488374,0.0918966
-246.835,246.835,0.0490271,0.0928061
-243.038,246.835,0.0492176,0.0937232
-239.241,246.835,0.0494097,0.0946486
-235.443,246.835,0.0496044,0.0955821
-231.646,246.835,0.0498019,0.0965235
-227.848,246.835,0.0500024,0.0974719
-224.051,246.835,0.0502055,0.0984265
-220.253,246.835,0.0504107,0.099386
-216.456,246.835,0.0506169,0.100349
-212.658,246.835,0.0508234,0.101315
-208.861,246.835,0.0510291,0.102282
-205.063,246.835,0.0512329,0.10325
-201.266,246.835,0.0514341,0.104216
-197.468,246.835,0.0516317,0.10518
-193.671,246.835,0.0518253,0.106141
-189.873,246.835,0.0520145,0.107096
-186.076,246.835,0.052199,0.108044
-182.278,246.835,0.0523788,0.108984
-178.481,246.835,0.0525538,0.109913
-174.684,246.835,0.0527243,0.11083
-170.886,246.835,0.0528903,0.111734
-167.089,246.835,0.053052,0.112624
-163.291,246.835,0.0532095,0.1135
-159.494,246.835,0.0533629,0.114362
-155.696,246.835,0.0535122,0.115213
-151.899,246.835,0.0536572,0.116056
-148.101,246.835,0.053798,0.116893
-144.304,246.835,0.053934,0.117729
-140.506,246.835,0.0540652,0.118569
-136.709,246.835,0.0541911,0.119419
-132.911,246.835,0.0543111,0.120283
-129.114,246.835,0.054425,0.121166
-125.316,246.835,0.0545321,0.122072
-121.519,246.835,0.0546318,0.123003
-117.722,246.835,0.0547237,0.12396
-113.924,246.835,0.0548073,0.124943
-110.127,246.835,0.054882,0.125951
-106.329,246.835,0.0549476,0.126981
-102.532,246.835,0.0550039,0.128029
-98.7342,246.835,0.0550507,0.12909
-94.9367,246.835,0.0550882,0.13016
-91.1392,246.835,0.0551166,0.131235
-87.3418,246.835,0.0551364,0.13231
-83.5443,246.835,0.0551483,0.133382
-79.7468,246.835,0.055153,0.134451
-75.9494,246.835,0.0551511,0.135514
-72.1519,246.835,0.0551436,0.136572
-68.3544,246.835,0.055131,0.137626
-64.557,246.835,0.0551138,0.138677
-60.7595,246.835,0.0550923,0.139727
-56.962,246.835,0.0550664,0.140777
-53.1646,246.835,0.0550357,0.141826
-49.3671,246.835,0.0549994,0.142873
-45.5696,246.835,0.0549566,0.143916
-41.7722,246.835,0.054906,0.14495
-37.9747,246.835,0.0548462,0.145968
-34.1772,246.835,0.0547758,0.146965
-30.3797,246.835,0.0546938,0.14793
-26.5823,246.835,0.0545992,0.148856
-22.7848,246.835,0.0544916,0.149734
-18.9873,246.835,0.0543713,0.150557
-15.1899,246.835,0.054239,0.151319
-11.3924,246.835,0.0540965,0.152016
-7.59494,246.835,0.053946,0.152646
-3.79747,246.835,0.0537906,0.15321
0,246.835,0.0536338,0.153713
-300,250.633,0.0466248,0.0817607
-296.203,250.633,0.0468151,0.0826162
-292.405,250.633,0.0470192,0.0834917
-288.608,250.633,0.0472322,0.0843796
-284.81,250.633,0.0474498,0.0852738
-281.013,250.633,0.0476683,0.0861697
-277.215,250.633,0.0478848,0.0870642
-273.418,250.633,0.0480971,0.087956
-269.62,250.633,0.0483041,0.0888446
-265.823,250.633,0.0485055,0.0897309
-262.025,250.633,0.0487015,0.0906164
-258.228,250.633,0.0488932,0.0915033
-254.43,250.633,0.0490818,0.0923935
-250.633,250.633,0.0492688,0.0932893
-246.835,250.633,0.0494558,0.0941922
-243.038,250.633,0.0496442,0.0951035
-239.241,250.633,0.0498352,0.0960238
-235.443,250.633,0.0500294,0.0969533
-231.646,250.633,0.0502273,0.0978915
-227.848,250.633,0.0504288,0.0988376
-224.051,250.633,0.0506334,0.0997903
-220.253,250.633,0.0508402,0.100748
-216.456,250.633,0.0510484,0.10171
-212.658,250.633,0.0512566,0.102673
-208.861,250.633,0.0514637,0.103637
-205.063,250.633,0.0516686,0.1046
-201.266,250.633,0.0518701,0.10556
-197.468,250.633,0.0520674,0.106516
-193.671,250.633,0.0522599,0.107466
-189.873,250.633,0.0524472,0.108409
-186.076,250.633,0.0526291,0.109343
-182.278,250.633,0.0528055,0.110266
-178.481,250.633,0.0529766,0.111177
-174.684,250.633,0.0531427,0.112074
-170.886,250.633,0.0533039,0.112958
-167.089,250.633,0.0534607,0.113828
-163.291,250.633,0.0536131,0.114684
-159.494,250.633,0.0537615,0.115527
-155.696,250.633,0.0539058,0.116361
-151.899,250.633,0.054046,0.117188
-148.101,250.633,0.0541821,0.118011
-144.304,250.633,0.0543137,0.118836
-140.506,250.633,0.0544407,0.119668
-136.709,250.633,0.0545625,0.120512
-132.911,250.633,0.0546788,0.121371
-129.114,250.633,0.0547889,0.122252
-125.316,250.633,0.0548924,0.123156
-121.519,250.633,0.0549887,0.124086
-117.722,250.633,0.0550772,0.125042
-113.924,250.633,0.0551575,0.126024
-110.127,250.633,0.055229,0.127031
-106.329,250.633,0.0552916,0.128058
-102.532,250.633,0.055345,0.129101
-98.7342,250.633,0.0553892,0.130157
-94.9367,250.633,0.0554243,0.13122
-91.1392,250.633,0.0554508,0.132287
-87.3418,250.633,0.055469,0.133353
-83.5443,250.633,0.0554797,0.134417
-79.7468,250.633,0.0554836,0.135476
-75.9494,250.633,0.0554814,0.13653
-72.1519,250.633,0.0554737,0.13758
-68.3544,250.633,0.0554613,0.138626
-64.557,250.633,0.0554444,0.13967
-60.7595,250.633,0.0554233,0.140714
-56.962,250.633,0.0553976,0.141758
-53.1646,250.633,0.055367,0.142801
-49.3671,250.633,0.0553305,0.143842
-45.5696,250.633,0.0552872,0.144878
-41.7722,250.633,0.0552358,0.145903
-37.9747,250.633,0.0551749,0.146911
-34.1772,250.633,0.0551033,0.147895
-30.3797,250.633,0.0550199,0.148847
-26.5823,250.633,0.0549242,0.149757
-22.7848,250.633,0.0548159,0.150618
-18.9873,250.633,0.0546956,0.151424
-15.1899,250.633,0.0545643,0.152169
-11.3924,250.633,0.054424,0.15285
-7.59494,250.633,0.0542773,0.153468
-3.79747,250.633,0.0541273,0.154025
0,250.633,0.0539777,0.154526
-300,254.43,0.0470763,0.0831846
-296.203,254.43,0.0472672,0.0840388
-292.405,254.43,0.0474715,0.0849132
-288.608,254.43,0.0476845,0.0857999
-284.81,254.43,0.0479014,0.0866925
-281.013,254.43,0.0481186,0.0875861
-277.215,254.43,0.0483331,0.0884777
-273.418,254.43,0.0485429,0.0893657
-269.62,254.43,0.048747,0.0902499
-265.823,254.43,0.0489452,0.0911311
-262.025,254.43,0.0491379,0.0920113
-258.228,254.43,0.0493264,0.0928926
-254.43,254.43,0.0495121,0.0937774
-250.633,254.43,0.0496968,0.0946679
-246.835,254.43,0.0498821,0.095566
-243.038,254.43,0.0500695,0.0964732
-239.241,254.43,0.0502602,0.09739
-235.443,254.43,0.0504548,0.0983166
-231.646,254.43,0.0506536,0.0992525
-227.848,254.43,0.0508565,0.100197
-224.051,254.43,0.0510627,0.101147
-220.253,254.43,0.0512714,0.102103
-216.456,254.43,0.0514811,0.103062
-212.658,254.43,0.0516907,0.104021
-208.861,254.43,0.0518986,0.10498
-205.063,254.43,0.0521036,0.105936
-201.266,254.43,0.0523046,0.106888
-197.468,254.43,0.0525006,0.107833
-193.671,254.43,0.0526909,0.10877
-189.873,254.43,0.0528753,0.109698
-186.076,254.43,0.0530536,0.110615
-182.278,254.43,0.0532258,0.11152
-178.481,254.43,0.0533923,0.112412
-174.684,254.43,0.0535534,0.11329
-170.886,254.43,0.0537095,0.114153
-167.089,254.43,0.053861,0.115003
-163.291,254.43,0.0540083,0.115841
-159.494,254.43,0.0541516,0.116667
-155.696,254.43,0.0542911,0.117485
-151.899,254.43,0.0544268,0.118298
-148.101,254.43,0.0545587,0.119111
-144.304,254.43,0.0546864,0.119928
-140.506,254.43,0.0548096,0.120754
-136.709,254.43,0.0549279,0.121593
-132.911,254.43,0.0550408,0.12245
-129.114,254.43,0.0551477,0.12333
-125.316,254.43,0.055248,0.124234
-121.519,254.43,0.0553411,0.125164
-117.722,254.43,0.0554266,0.12612
-113.924,254.43,0.0555038,0.127102
-110.127,254.43,0.0555725,0.128106
-106.329,254.43,0.0556323,0.12913
-102.532,254.43,0.0556831,0.130169
-98.7342,254.43,0.055725,0.131219
-94.9367,254.43,0.0557581,0.132275
-91.1392,254.43,0.055783,0.133334
-87.3418,254.43,0.0558,0.134391
-83.5443,254.43,0.0558099,0.135446
-79.7468,254.43,0.0558134,0.136496
-75.9494,254.43,0.0558111,0.137542
-72.1519,254.43,0.0558036,0.138584
-68.3544,254.43,0.0557916,0.139624
-64.557,254.43,0.0557752,0.140661
-60.7595,254.43,0.0557544,0.141699
-56.962,254.43,0.0557289,0.142737
-53.1646,254.43,0.0556982,0.143774
-49.3671,254.43,0.0556613,0.144809
-45.5696,254.43,0.0556173,0.145837
-41.7722,254.43,0.0555647,0.146853
-37.9747,254.43,0.0555024,0.14785
-34.1772,254.43,0.0554292,0.148822
-30.3797,254.43,0.0553443,0.149758
-26.5823,254.43,0.0552473,0.150652
-22.7848,254.43,0.0551382,0.151496
-18.9873,254.43,0.0550177,0.152283
-15.1899,254.43,0.0548874,0.153011
-11.3924,254.43,0.0547493,0.153677
-7.59494,254.43,0.0546062,0.154284
-3.79747,254.43,0.0544613,0.154834
0,254.43,0.0543185,0.155334
-300,258.228,0.047528,0.084596
-296.203,258.228,0.0477173,0.0854459
-292.405,258.228,0.0479204,0.0863167
-288.608,258.228,0.0481318,0.0872001
-284.81,258.228,0.0483471,0.0880896
-281.013,258.228,0.0485623,0.0889801
-277.215,258.228,0.0487746,0.0898683
-273.418,258.228,0.0489818,0.0907527
-269.62,258.228,0.0491832,0.0916331
-265.823,258.228,0.0493786,0.0925106
-262.025,258.228,0.0495688,0.0933868
-258.228,258.228,0.0497549,0.0942643
-254.43,258.228,0.0499387,0.0951455
-250.633,258.228,0.050122,0.0960328
-246.835,258.228,0.0503065,0.096928
-243.038,258.228,0.0504938,0.0978326
-239.241,258.228,0.0506848,0.0987473
-235.443,258.228,0.0508803,0.0996719
-231.646,258.228,0.0510805,0.100606
-227.848,258.228,0.0512849,0.101548
-224.051,258.228,0.0514927,0.102496
-220.253,258.228,0.0517027,0.103448
-216.456,258.228,0.0519136,0.104402
-212.658,258.228,0.0521238,0.105356
-208.861,258.228,0.0523317,0.106308
-205.063,258.228,0.0525359,0.107255
-201.266,258.228,0.0527353,0.108195
-197.468,258.228,0.0529289,0.109127
-193.671,258.228,0.0531161,0.11005
-189.873,258.228,0.0532966,0.110961
-186.076,258.228,0.0534704,0.11186
-182.278,258.228,0.0536378,0.112746
-178.481,258.228,0.0537991,0.113618
-174.684,258.228,0.0539548,0.114476
-170.886,258.228,0.0541055,0.11532
-167.089,258.228,0.0542518,0.116151
-163.291,258.228,0.0543941,0.116971
-159.494,258.228,0.0545327,0.117782
-155.696,258.228,0.0546679,0.118587
-151.899,258.228,0.0547996,0.11939
-148.101,258.228,0.0549277,0.120194
-144.304,258.228,0.055052,0.121005
-140.506,258.228,0.0551721,0.121827
-136.709,258.228,0.0552874,0.122664
-132.911,258.228,0.0553974,0.123521
-129.114,258.228,0.0555015,0.124401
-125.316,258.228,0.055599,0.125306
-121.519,258.228,0.0556893,0.126236
-117.722,258.228,0.055772,0.127193
-113.924,258.228,0.0558465,0.128174
-110.127,258.228,0.0559125,0.129176
-106.329,258.228,0.0559698,0.130197
-102.532,258.228,0.0560184,0.131231
-98.7342,258.228,0.0560583,0.132275
-94.9367,258.228,0.0560899,0.133324
-91.1392,258.228,0.0561135,0.134375
-87.3418,258.228,0.0561298,0.135424
-83.5443,258.228,0.0561394,0.136471
-79.7468,258.228,0.0561429,0.137513
-75.9494,258.228,0.0561409,0.138551
-72.1519,258.228,0.0561341,0.139586
-68.3544,258.228,0.0561227,0.140619
-64.557,258.228,0.0561069,0.141651
-60.7595,258.228,0.0560866,0.142684
-56.962,258.228,0.0560613,0.143716
-53.1646,258.228,0.0560305,0.144748
-49.3671,258.228,0.055993,0.145775
-45.5696,258.228,0.0559479,0.146795
-41.7722,258.228,0.0558938,0.147801
-37.9747,258.228,0.0558298,0.148787
-34.1772,258.228,0.0557547,0.149744
-30.3797,258.228,0.055668,0.150665
-26.5823,258.228,0.0555694,0.151542
-22.7848,258.228,0.0554592,0.152367
-18.9873,258.228,0.0553385,0.153137
-15.1899,258.228,0.055209,0.153847
-11.3924,258.228,0.0550729,0.154499
-7.59494,258.228,0.0549332,0.155094
-3.79747,258.228,0.0547933,0.155638
0,258.228,0.0546569,0.156138
-300,262.025,0.0479808,0.0859956
-296.203,262.025,0.0481665,0.0868386
-292.405,262.025,0.0483664,0.0877034
-288.608,262.025,0.0485749,0.0885817
-284.81,262.025,0.0487875,0.0894666
-281.013,262.025,0.0490001,0.090353
-277.215,262.025,0.0492097,0.0912375
-273.418,262.025,0.0494145,0.0921186
-269.62,262.025,0.0496134,0.0929959
-265.823,262.025,0.0498066,0.0938705
-262.025,262.025,0.0499947,0.0947443
-258.228,262.025,0.0501793,0.0956196
-254.43,262.025,0.050362,0.0964989
-250.633,262.025,0.0505447,0.0973845
-246.835,262.025,0.0507291,0.0982783
-243.038,262.025,0.0509168,0.0991816
-239.241,262.025,0.0511086,0.100095
-235.443,262.025,0.0513053,0.101018
-231.646,262.025,0.0515068,0.10195
-227.848,262.025,0.0517126,0.102889
-224.051,262.025,0.0519216,0.103834
-220.253,262.025,0.0521326,0.104781
-216.456,262.025,0.0523438,0.105729
-212.658,262.025,0.0525537,0.106676
-208.861,262.025,0.0527606,0.107617
-205.063,262.025,0.0529631,0.108553
-201.266,262.025,0.0531598,0.10948
-197.468,262.025,0.0533501,0.110397
-193.671,262.025,0.0535332,0.111302
-189.873,262.025,0.0537091,0.112195
-186.076,262.025,0.0538778,0.113075
-182.278,262.025,0.0540398,0.113941
-178.481,262.025,0.0541956,0.114793
-174.684,262.025,0.0543458,0.115632
-170.886,262.025,0.0544913,0.116458
-167.089,262.025,0.0546326,0.117272
-163.291,262.025,0.0547703,0.118077
-159.494,262.025,0.0549047,0.118875
-155.696,262.025,0.0550361,0.119669
-151.899,262.025,0.0551644,0.120463
-148.101,262.025,0.0552895,0.121262
-144.304,262.025,0.055411,0.122069
-140.506,262.025,0.0555284,0.122889
-136.709,262.025,0.0556413,0.123726
-132.911,262.025,0.0557488,0.124584
-129.114,262.025,0.0558504,0.125465
-125.316,262.025,0.0559454,0.126371
-121.519,262.025,0.0560332,0.127303
-117.722,262.025,0.0561133,0.128259
-113.924,262.025,0.0561853,0.129239
-110.127,262.025,0.0562489,0.130239
-106.329,262.025,0.056304,0.131256
-102.532,262.025,0.0563506,0.132286
-98.7342,262.025,0.0563889,0.133323
-94.9367,262.025,0.0564193,0.134366
-91.1392,262.025,0.0564422,0.135409
-87.3418,262.025,0.0564583,0.136451
-83.5443,262.025,0.056468,0.137489
-79.7468,262.025,0.0564721,0.138524
-75.9494,262.025,0.056471,0.139556
-72.1519,262.025,0.0564651,0.140585
-68.3544,262.025,0.0564548,0.141613
-64.557,262.025,0.0564399,0.14264
-60.7595,262.025,0.0564202,0.143667
-56.962,262.025,0.0563952,0.144695
-53.1646,262.025,0.0563641,0.14572
-49.3671,262.025,0.0563259,0.146741
-45.5696,262.025,0.0562795,0.147752
-41.7722,262.025,0.0562237,0.148748
-37.9747,262.025,0.0561576,0.149721
-34.1772,262.025,0.0560803,0.150663
-30.3797,262.025,0.0559913,0.151567
-26.5823,262.025,0.0558909,0.152426
-22.7848,262.025,0.0557794,0.153233
-18.9873,262.025,0.0556583,0.153984
-15.1899,262.025,0.0555294,0.154677
-11.3924,262.025,0.0553952,0.155315
-7.59494,262.025,0.0552587,0.155899
-3.79747,262.025,0.0551234,0.156437
0,262.025,0.0549929,0.156939
-300,265.823,0.0484357,0.0873854
-296.203,265.823,0.0486155,0.0882191
-292.405,265.823,0.0488104,0.089076
-288.608,265.823,0.0490147,0.0899475
-284.81,265.823,0.0492236,0.0908266
-281.013,265.823,0.0494329,0.0917082
-277.215,265.823,0.0496396,0.0925887
-273.418,265.823,0.0498418,0.0934665
-269.62,265.823,0.0500386,0.0943412
-265.823,265.823,0.0502299,0.0952139
-262.025,265.823,0.0504167,0.0960861
-258.228,265.823,0.0506003,0.0969604
-254.43,265.823,0.0507825,0.0978389
-250.633,265.823,0.0509651,0.098724
-246.835,265.823,0.0511499,0.0996173
-243.038,265.823,0.0513382,0.10052
-239.241,265.823,0.0515311,0.101432
-235.443,265.823,0.0517289,0.102354
-231.646,265.823,0.0519315,0.103283
-227.848,265.823,0.0521381,0.104219
-224.051,265.823,0.0523478,0.105158
-220.253,265.823,0.0525588,0.106099
-216.456,265.823,0.0527695,0.107039
-212.658,265.823,0.0529782,0.107975
-208.861,265.823,0.0531832,0.108905
-205.063,265.823,0.0533829,0.109827
-201.266,265.823,0.0535761,0.110738
-197.468,265.823,0.0537622,0.111638
-193.671,265.823,0.0539406,0.112526
-189.873,265.823,0.0541113,0.1134
-186.076,265.823,0.0542746,0.11426
-182.278,265.823,0.054431,0.115106
-178.481,265.823,0.0545814,0.115939
-174.684,265.823,0.0547264,0.11676
-170.886,265.823,0.0548669,0.117569
-167.089,265.823,0.0550037,0.118368
-163.291,265.823,0.0551373,0.11916
-159.494,265.823,0.0552681,0.119947
-155.696,265.823,0.0553963,0.120733
-151.899,265.823,0.0555219,0.121522
-148.101,265.823,0.0556445,0.122316
-144.304,265.823,0.0557637,0.123121
-140.506,265.823,0.0558791,0.123941
-136.709,265.823,0.0559898,0.124779
-132.911,265.823,0.0560952,0.125638
-129.114,265.823,0.0561946,0.126521
-125.316,265.823,0.0562873,0.127428
-121.519,265.823,0.0563727,0.128361
-117.722,265.823,0.0564504,0.129317
-113.924,265.823,0.0565199,0.130296
-110.127,265.823,0.0565813,0.131293
-106.329,265.823,0.0566343,0.132306
-102.532,265.823,0.0566792,0.13333
-98.7342,265.823,0.0567162,0.134362
-94.9367,265.823,0.0567458,0.135397
-91.1392,265.823,0.0567685,0.136433
-87.3418,265.823,0.0567847,0.137468
-83.5443,265.823,0.0567951,0.1385
-79.7468,265.823,0.0568003,0.139529
-75.9494,265.823,0.0568005,0.140555
-72.1519,265.823,0.0567961,0.141579
-68.3544,265.823,0.0567872,0.142602
-64.557,265.823,0.0567735,0.143625
-60.7595,265.823,0.0567546,0.144648
-56.962,265.823,0.0567299,0.145671
-53.1646,265.823,0.0566986,0.146691
-49.3671,265.823,0.0566595,0.147704
-45.5696,265.823,0.0566115,0.148706
-41.7722,265.823,0.0565538,0.14969
-37.9747,265.823,0.0564853,0.15065
-34.1772,265.823,0.0564055,0.151576
-30.3797,265.823,0.0563141,0.152463
-26.5823,265.823,0.0562115,0.153303
-22.7848,265.823,0.0560986,0.154091
-18.9873,265.823,0.0559769,0.154824
-15.1899,265.823,0.0558484,0.155501
-11.3924,265.823,0.0557159,0.156124
-7.59494,265.823,0.0555825,0.156699
-3.79747,265.823,0.0554515,0.157232
0,265.823,0.0553264,0.157735
-300,269.62,0.0488926,0.0887675
-296.203,269.62,0.0490647,0.0895906
-292.405,269.62,0.0492532,0.0904382
-288.608,269.62,0.0494521,0.0913017
-284.81,269.62,0.0496565,0.0921742
-281.013,269.62,0.049862,0.0930504
-277.215,269.62,0.0500657,0.0939266
-273.418,269.62,0.0502654,0.0948011
-269.62,269.62,0.0504602,0.0956735
-265.823,269.62,0.05065,0.0965445
-262.025,269.62,0.0508358,0.0974159
-258.228,269.62,0.0510188,0.0982896
-254.43,269.62,0.0512008,0.0991679
-250.633,269.62,0.0513836,0.100053
-246.835,269.62,0.0515689,0.100946
-243.038,269.62,0.0517579,0.101847
-239.241,269.62,0.0519515,0.102758
-235.443,269.62,0.0521501,0.103677
-231.646,269.62,0.0523532,0.104603
-227.848,269.62,0.0525601,0.105533
-224.051,269.62,0.0527695,0.106466
-220.253,269.62,0.0529798,0.107399
-216.456,269.62,0.0531891,0.108329
-212.658,269.62,0.0533957,0.109253
-208.861,269.62,0.0535977,0.110169
-205.063,269.62,0.0537939,0.111075
-201.266,269.62,0.053983,0.11197
-197.468,269.62,0.0541643,0.112852
-193.671,269.62,0.0543376,0.11372
-189.873,269.62,0.054503,0.114575
-186.076,269.62,0.0546608,0.115416
-182.278,269.62,0.0548119,0.116244
-178.481,269.62,0.0549571,0.117059
-174.684,269.62,0.0550973,0.117863
-170.886,269.62,0.0552334,0.118657
-167.089,269.62,0.0553662,0.119443
-163.291,269.62,0.0554964,0.120224
-159.494,269.62,0.0556243,0.121003
-155.696,269.62,0.0557499,0.121783
-151.899,269.62,0.0558732,0.122567
-148.101,269.62,0.0559939,0.123359
-144.304,269.62,0.0561113,0.124163
-140.506,269.62,0.0562248,0.124984
-136.709,269.62,0.0563336,0.125823
-132.911,269.62,0.056437,0.126683
-129.114,269.62,0.0565342,0.127568
-125.316,269.62,0.0566246,0.128476
-121.519,269.62,0.0567076,0.129408
-117.722,269.62,0.0567828,0.130364
-113.924,269.62,0.05685,0.13134
-110.127,269.62,0.0569091,0.132334
-106.329,269.62,0.0569602,0.133342
-102.532,269.62,0.0570036,0.134361
-98.7342,269.62,0.0570395,0.135387
-94.9367,269.62,0.0570686,0.136416
-91.1392,269.62,0.0570913,0.137446
-87.3418,269.62,0.0571082,0.138474
-83.5443,269.62,0.0571197,0.1395
-79.7468,269.62,0.0571263,0.140524
-75.9494,269.62,0.0571283,0.141546
-72.1519,269.62,0.0571257,0.142566
-68.3544,269.62,0.0571185,0.143585
-64.557,269.62,0.0571062,0.144605
-60.7595,269.62,0.0570883,0.145624
-56.962,269.62,0.057064,0.146642
-53.1646,269.62,0.0570323,0.147655
-49.3671,269.62,0.0569923,0.148661
-45.5696,269.62,0.0569427,0.149653
-41.7722,269.62,0.0568828,0.150625
-37.9747,269.62,0.0568118,0.15157
-34.1772,269.62,0.0567292,0.152481
-30.3797,269.62,0.0566353,0.15335
-26.5823,269.62,0.0565305,0.154171
-22.7848,269.62,0.056416,0.15494
-18.9873,269.62,0.0562936,0.155655
-15.1899,269.62,0.0561655,0.156316
-11.3924,269.62,0.0560347,0.156926
-7.59494,269.62,0.0559041,0.157492
-3.79747,269.62,0.0557772,0.158022
0,269.62,0.0556572,0.158527
-300,273.418,0.049351,0.0901437
-296.203,273.418,0.0495142,0.0909558
-292.405,273.418,0.0496952,0.0917937
-288.608,273.418,0.049888,0.0926489
-284.81,273.418,0.0500874,0.0935144
-281.013,273.418,0.050289,0.0943849
-277.215,273.418,0.0504895,0.0952566
-273.418,273.418,0.0506868,0.0961278
-269.62,273.418,0.0508797,0.0969977
-265.823,273.418,0.0510683,0.0978672
-262.025,273.418,0.0512533,0.0987375
-258.228,273.418,0.0514359,0.0996106
-254.43,273.418,0.0516179,0.100488
-250.633,273.418,0.0518008,0.101373
-246.835,273.418,0.0519864,0.102264
-243.038,273.418,0.0521758,0.103164
-239.241,273.418,0.0523697,0.104072
-235.443,273.418,0.0525684,0.104988
-231.646,273.418,0.0527713,0.105908
-227.848,273.418,0.0529777,0.106832
-224.051,273.418,0.053186,0.107756
-220.253,273.418,0.0533946,0.108678
-216.456,273.418,0.0536016,0.109596
-212.658,273.418,0.0538052,0.110506
-208.861,273.418,0.0540038,0.111407
-205.063,273.418,0.0541958,0.112296
-201.266,273.418,0.0543803,0.113173
-197.468,273.418,0.0545567,0.114037
-193.671,273.418,0.0547248,0.114887
-189.873,273.418,0.0548849,0.115723
-186.076,273.418,0.0550376,0.116545
-182.278,273.418,0.0551837,0.117356
-178.481,273.418,0.0553242,0.118155
-174.684,273.418,0.0554602,0.118944
-170.886,273.418,0.0555925,0.119725
-167.089,273.418,0.0557221,0.120501
-163.291,273.418,0.0558495,0.121274
-159.494,273.418,0.055975,0.122046
-155.696,273.418,0.0560986,0.122821
-151.899,273.418,0.0562201,0.123602
-148.101,273.418,0.056339,0.124393
-144.304,273.418,0.0564548,0.125198
-140.506,273.418,0.0565666,0.126019
-136.709,273.418,0.0566735,0.126859
-132.911,273.418,0.0567748,0.12772
-129.114,273.418,0.0568698,0.128605
-125.316,273.418,0.0569577,0.129514
-121.519,273.418,0.0570381,0.130445
-117.722,273.418,0.0571107,0.131399
-113.924,273.418,0.0571754,0.132372
-110.127,273.418,0.0572321,0.133361
-106.329,273.418,0.0572813,0.134365
-102.532,273.418,0.0573231,0.135378
-98.7342,273.418,0.0573581,0.136397
-94.9367,273.418,0.0573868,0.13742
-91.1392,273.418,0.0574098,0.138444
-87.3418,273.418,0.0574275,0.139468
-83.5443,273.418,0.0574404,0.140489
-79.7468,273.418,0.0574488,0.141509
-75.9494,273.418,0.0574527,0.142527
-72.1519,273.418,0.0574522,0.143544
-68.3544,273.418,0.0574468,0.14456
-64.557,273.418,0.057436,0.145577
-60.7595,273.418,0.0574191,0.146592
-56.962,273.418,0.0573952,0.147604
-53.1646,273.418,0.0573633,0.148611
-49.3671,273.418,0.0573222,0.149608
-45.5696,273.418,0.057271,0.15059
-41.7722,273.418,0.0572088,0.151549
-37.9747,273.418,0.0571352,0.152479
-34.1772,273.418,0.05705,0.153373
-30.3797,273.418,0.0569534,0.154224
-26.5823,273.418,0.0568465,0.155027
-22.7848,273.418,0.0567305,0.155777
-18.9873,273.418,0.0566075,0.156475
-15.1899,273.418,0.05648,0.157121
-11.3924,273.418,0.0563508,0.157719
-7.59494,273.418,0.0562231,0.158277
-3.79747,273.418,0.0561001,0.158805
0,273.418,0.055985,0.159313
-300,277.215,0.0498093,0.0915145
-296.203,277.215,0.0499631,0.0923165
-292.405,277.215,0.0501364,0.0931454
-288.608,277.215,0.0503229,0.0939928
-284.81,277.215,0.0505173,0.0948515
-281.013,277.215,0.0507149,0.0957164
-277.215,277.215,0.0509125,0.0965837
-273.418,277.215,0.0511075,0.0974513
-269.62,277.215,0.0512989,0.0983187
-265.823,277.215,0.0514865,0.0991861
-262.025,277.215,0.0516708,0.100055
-258.228,277.215,0.051853,0.100927
-254.43,277.215,0.0520348,0.101803
-250.633,277.215,0.0522176,0.102685
-246.835,277.215,0.0524031,0.103575
-243.038,277.215,0.0525923,0.104471
-239.241,277.215,0.0527858,0.105375
-235.443,277.215,0.0529838,0.106284
-231.646,277.215,0.0531857,0.107197
-227.848,277.215,0.0533906,0.108112
-224.051,277.215,0.0535969,0.109026
-220.253,277.215,0.053803,0.109936
-216.456,277.215,0.054007,0.11084
-212.658,277.215,0.0542071,0.111735
-208.861,277.215,0.0544016,0.112619
-205.063,277.215,0.0545892,0.113491
-201.266,277.215,0.054769,0.114351
-197.468,277.215,0.0549405,0.115196
-193.671,277.215,0.0551037,0.116028
-189.873,277.215,0.0552589,0.116846
-186.076,277.215,0.0554069,0.117652
-182.278,277.215,0.0555486,0.118447
-178.481,277.215,0.0556851,0.119232
-174.684,277.215,0.0558175,0.120009
-170.886,277.215,0.0559468,0.12078
-167.089,277.215,0.0560737,0.121547
-163.291,277.215,0.0561988,0.122312
-159.494,277.215,0.0563223,0.12308
-155.696,277.215,0.0564442,0.123852
-151.899,277.215,0.0565641,0.124631
-148.101,277.215,0.0566815,0.125422
-144.304,277.215,0.0567956,0.126226
-140.506,277.215,0.0569055,0.127047
-136.709,277.215,0.0570104,0.127888
-132.911,277.215,0.0571093,0.12875
-129.114,277.215,0.0572017,0.129634
-125.316,277.215,0.0572869,0.130541
-121.519,277.215,0.0573644,0.131471
-117.722,277.215,0.0574341,0.132421
-113.924,277.215,0.057496,0.13339
-110.127,277.215,0.0575503,0.134375
-106.329,277.215,0.0575973,0.135372
-102.532,277.215,0.0576375,0.13638
-98.7342,277.215,0.0576715,0.137393
-94.9367,277.215,0.0576999,0.138411
-91.1392,277.215,0.0577232,0.13943
-87.3418,277.215,0.0577418,0.140448
-83.5443,277.215,0.0577561,0.141466
-79.7468,277.215,0.0577662,0.142482
-75.9494,277.215,0.0577722,0.143497
-72.1519,277.215,0.0577736,0.144511
-68.3544,277.215,0.05777,0.145525
-64.557,277.215,0.0577608,0.146538
-60.7595,277.215,0.0577448,0.147549
-56.962,277.215,0.0577213,0.148556
-53.1646,277.215,0.0576889,0.149556
-49.3671,277.215,0.0576468,0.150543
-45.5696,277.215,0.0575939,0.151513
-41.7722,277.215,0.0575296,0.152459
-37.9747,277.215,0.0574536,0.153374
-34.1772,277.215,0.0573659,0.154251
-30.3797,277.215,0.0572671,0.155084
-26.5823,277.215,0.0571583,0.155869
-22.7848,277.215,0.0570412,0.156602
-18.9873,277.215,0.0569179,0.157283
-15.1899,277.215,0.0567912,0.157915
-11.3924,277.215,0.0566639,0.158503
-7.59494,277.215,0.0565392,0.159055
-3.79747,277.215,0.05642,0.15958
0,277.215,0.0563093,0.160091
-300,281.013,0.0502648,0.092878
-296.203,281.013,0.0504096,0.0936722
-292.405,281.013,0.0505756,0.0944939
-288.608,281.013,0.0507564,0.0953348
-284.81,281.013,0.0509463,0.0961879
-281.013,281.013,0.0511405,0.0970478
-277.215,281.013,0.0513356,0.097911
-273.418,281.013,0.0515288,0.0987751
-269.62,281.013,0.051719,0.0996395
-265.823,281.013,0.0519056,0.100504
-262.025,281.013,0.0520893,0.101371
-258.228,281.013,0.052271,0.10224
-254.43,281.013,0.0524523,0.103113
-250.633,281.013,0.0526347,0.103992
-246.835,281.013,0.0528195,0.104877
-243.038,281.013,0.0530077,0.105769
-239.241,281.013,0.0532001,0.106666
-235.443,281.013,0.0533966,0.107567
-231.646,281.013,0.0535966,0.10847
-227.848,281.013,0.0537991,0.109374
-224.051,281.013,0.0540027,0.110276
-220.253,281.013,0.0542056,0.111172
-216.456,281.013,0.0544061,0.112061
-212.658,281.013,0.0546022,0.11294
-208.861,281.013,0.0547925,0.113807
-205.063,281.013,0.0549757,0.114662
-201.266,281.013,0.0551509,0.115504
-197.468,281.013,0.0553178,0.116332
-193.671,281.013,0.0554765,0.117147
-189.873,281.013,0.0556274,0.117949
-186.076,281.013,0.0557713,0.11874
-182.278,281.013,0.0559093,0.119522
-178.481,281.013,0.0560424,0.120295
-174.684,281.013,0.0561719,0.121062
-170.886,281.013,0.0562986,0.121824
-167.089,281.013,0.0564232,0.122584
-163.291,281.013,0.0565464,0.123345
-159.494,281.013,0.0566682,0.124109
-155.696,281.013,0.0567885,0.124879
-151.899,281.013,0.0569068,0.125657
-148.101,281.013,0.0570224,0.126447
-144.304,281.013,0.0571346,0.127251
-140.506,281.013,0.0572424,0.128072
-136.709,281.013,0.0573448,0.128912
-132.911,281.013,0.0574411,0.129773
-129.114,281.013,0.0575305,0.130655
-125.316,281.013,0.0576125,0.13156
-121.519,281.013,0.0576868,0.132486
-117.722,281.013,0.0577533,0.133432
-113.924,281.013,0.0578122,0.134396
-110.127,281.013,0.0578638,0.135375
-106.329,281.013,0.0579085,0.136367
-102.532,281.013,0.057947,0.137369
-98.7342,281.013,0.0579798,0.138377
-94.9367,281.013,0.0580077,0.139389
-91.1392,281.013,0.0580311,0.140403
-87.3418,281.013,0.0580504,0.141417
-83.5443,281.013,0.058066,0.142431
-79.7468,281.013,0.0580777,0.143444
-75.9494,281.013,0.0580853,0.144457
-72.1519,281.013,0.0580885,0.145468
-68.3544,281.013,0.0580865,0.146479
-64.557,281.013,0.0580785,0.147488
-60.7595,281.013,0.0580633,0.148494
-56.962,281.013,0.0580399,0.149495
-53.1646,281.013,0.0580071,0.150486
-49.3671,281.013,0.0579639,0.151464
-45.5696,281.013,0.0579095,0.152422
-41.7722,281.013,0.0578433,0.153354
-37.9747,281.013,0.0577652,0.154253
-34.1772,281.013,0.0576754,0.155113
-30.3797,281.013,0.0575748,0.155929
-26.5823,281.013,0.0574648,0.156697
-22.7848,281.013,0.0573471,0.157414
-18.9873,281.013,0.0572242,0.158081
-15.1899,281.013,0.0570988,0.1587
-11.3924,281.013,0.0569737,0.159279
-7.59494,281.013,0.056852,0.159826
-3.79747,281.013,0.0567366,0.16035
0,281.013,0.0566301,0.160863
-300,284.81,0.0507132,0.094229
-296.203,284.81,0.0508506,0.095019
-292.405,284.81,0.0510106,0.0958365
-288.608,284.81,0.0511869,0.0966732
-284.81,284.81,0.0513734,0.0975224
-281.013,284.81,0.0515653,0.0983787
-277.215,284.81,0.0517586,0.0992385
-273.418,284.81,0.0519508,0.100099
-269.62,284.81,0.0521401,0.100961
-265.823,284.81,0.0523261,0.101822
-262.025,284.81,0.0525093,0.102685
-258.228,284.81,0.0526904,0.103551
-254.43,284.81,0.0528709,0.10442
-250.633,284.81,0.0530523,0.105293
-246.835,284.81,0.0532358,0.106172
-243.038,284.81,0.0534225,0.107056
-239.241,284.81,0.0536129,0.107944
-235.443,284.81,0.0538071,0.108835
-231.646,284.81,0.0540044,0.109727
-227.848,284.81,0.0542039,0.110618
-224.051,284.81,0.0544041,0.111505
-220.253,284.81,0.0546034,0.112386
-216.456,284.81,0.0547999,0.113259
-212.658,284.81,0.0549919,0.114122
-208.861,284.81,0.055178,0.114972
-205.063,284.81,0.0553569,0.115811
-201.266,284.81,0.0555279,0.116636
-197.468,284.81,0.0556907,0.117448
-193.671,284.81,0.0558454,0.118248
-189.873,284.81,0.0559926,0.119036
-186.076,284.81,0.056133,0.119815
-182.278,284.81,0.0562679,0.120585
-178.481,284.81,0.0563983,0.121348
-174.684,284.81,0.0565252,0.122106
-170.886,284.81,0.0566497,0.122862
-167.089,284.81,0.0567724,0.123617
-163.291,284.81,0.0568938,0.124374
-159.494,284.81,0.0570138,0.125136
-155.696,284.81,0.0571323,0.125903
-151.899,284.81,0.0572487,0.12668
-148.101,284.81,0.0573623,0.127469
-144.304,284.81,0.0574722,0.128273
-140.506,284.81,0.0575775,0.129093
-136.709,284.81,0.0576771,0.129931
-132.911,284.81,0.0577703,0.13079
-129.114,284.81,0.0578564,0.13167
-125.316,284.81,0.0579349,0.132571
-121.519,284.81,0.0580057,0.133493
-117.722,284.81,0.0580688,0.134434
-113.924,284.81,0.0581245,0.135393
-110.127,284.81,0.0581731,0.136366
-106.329,284.81,0.0582154,0.137352
-102.532,284.81,0.0582519,0.138348
-98.7342,284.81,0.0582834,0.139351
-94.9367,284.81,0.0583106,0.140358
-91.1392,284.81,0.0583338,0.141368
-87.3418,284.81,0.0583535,0.142378
-83.5443,284.81,0.0583698,0.143389
-79.7468,284.81,0.0583826,0.144399
-75.9494,284.81,0.0583915,0.145408
-72.1519,284.81,0.0583959,0.146417
-68.3544,284.81,0.058395,0.147424
-64.557,284.81,0.0583877,0.148428
-60.7595,284.81,0.0583729,0.149429
-56.962,284.81,0.0583494,0.150422
-53.1646,284.81,0.0583161,0.151404
-49.3671,284.81,0.0582719,0.15237
-45.5696,284.81,0.0582162,0.153316
-41.7722,284.81,0.0581485,0.154233
-37.9747,284.81,0.0580688,0.155117
-34.1772,284.81,0.0579776,0.155961
-30.3797,284.81,0.057876,0.156761
-26.5823,284.81,0.0577655,0.157512
-22.7848,284.81,0.0576481,0.158215
-18.9873,284.81,0.0575262,0.158869
-15.1899,284.81,0.0574027,0.159478
-11.3924,284.81,0.0572802,0.16005
-7.59494,284.81,0.0571618,0.160591
-3.79747,284.81,0.05705,0.161114
0,284.81,0.0569471,0.161629
-300,288.608,0.0511487,0.0955577
-296.203,288.608,0.0512812,0.0963483
-292.405,288.608,0.0514376,0.0971657
-288.608,288.608,0.0516114,0.0980017
-284.81,288.608,0.0517963,0.0988497
-281.013,288.608,0.0519873,0.0997044
-277.215,288.608,0.0521801,0.100562
-273.418,288.608,0.0523721,0.101421
-269.62,288.608,0.0525613,0.102279
-265.823,288.608,0.0527472,0.103137
-262.025,288.608,0.0529299,0.103996
-258.228,288.608,0.0531104,0.104856
-254.43,288.608,0.05329,0.105719
-250.633,288.608,0.05347,0.106586
-246.835,288.608,0.0536517,0.107456
-243.038,288.608,0.0538362,0.108331
-239.241,288.608,0.054024,0.109208
-235.443,288.608,0.0542152,0.110087
-231.646,288.608,0.0544092,0.110966
-227.848,288.608,0.0546051,0.111842
-224.051,288.608,0.0548016,0.112714
-220.253,288.608,0.0549969,0.11358
-216.456,288.608,0.0551894,0.114436
-212.658,288.608,0.0553773,0.115282
-208.861,288.608,0.0555594,0.116117
-205.063,288.608,0.0557343,0.116939
-201.266,288.608,0.0559015,0.117749
-197.468,288.608,0.0560607,0.118547
-193.671,288.608,0.056212,0.119333
-189.873,288.608,0.056356,0.120109
-186.076,288.608,0.0564935,0.120877
-182.278,288.608,0.0566257,0.121638
-178.481,288.608,0.0567537,0.122393
-174.684,288.608,0.0568784,0.123145
-170.886,288.608,0.0570007,0.123896
-167.089,288.608,0.0571214,0.124647
-163.291,288.608,0.0572408,0.125401
-159.494,288.608,0.0573589,0.12616
-155.696,288.608,0.0574752,0.126926
-151.899,288.608,0.0575894,0.127701
-148.101,288.608,0.0577006,0.128489
-144.304,288.608,0.0578078,0.129291
-140.506,288.608,0.05791,0.130109
-136.709,288.608,0.0580065,0.130946
-132.911,288.608,0.0580963,0.131802
-129.114,288.608,0.0581788,0.132679
-125.316,288.608,0.0582538,0.133576
-121.519,288.608,0.058321,0.134493
-117.722,288.608,0.0583806,0.135429
-113.924,288.608,0.0584331,0.136382
-110.127,288.608,0.0584788,0.13735
-106.329,288.608,0.0585186,0.138331
-102.532,288.608,0.0585531,0.139322
-98.7342,288.608,0.0585831,0.14032
-94.9367,288.608,0.0586092,0.141322
-91.1392,288.608,0.0586319,0.142328
-87.3418,288.608,0.0586515,0.143335
-83.5443,288.608,0.058668,0.144342
-79.7468,288.608,0.0586812,0.145349
-75.9494,288.608,0.0586907,0.146355
-72.1519,288.608,0.0586957,0.14736
-68.3544,288.608,0.0586952,0.148362
-64.557,288.608,0.058688,0.149361
-60.7595,288.608,0.0586731,0.150354
-56.962,288.608,0.0586492,0.151338
-53.1646,288.608,0.0586152,0.15231
-49.3671,288.608,0.0585701,0.153265
-45.5696,288.608,0.0585133,0.154197
-41.7722,288.608,0.0584445,0.1551
-37.9747,288.608,0.058364,0.155969
-34.1772,288.608,0.0582722,0.156798
-30.3797,288.608,0.0581705,0.157582
-26.5823,288.608,0.0580605,0.15832
-22.7848,288.608,0.0579443,0.159009
-18.9873,288.608,0.0578243,0.159652
-15.1899,288.608,0.0577032,0.160253
-11.3924,288.608,0.0575838,0.160818
-7.59494,288.608,0.0574687,0.161355
-3.79747,288.608,0.0573603,0.161876
0,288.608,0.0572603,0.16239
-300,292.405,0.051564,0.09685
-296.203,292.405,0.051695,0.097647
-292.405,292.405,0.0518509,0.0984692
-288.608,292.405,0.0520249,0.0993087
-284.81,292.405,0.0522106,0.100159
-281.013,292.405,0.0524026,0.101015
-277.215,292.405,0.0525966,0.101872
-273.418,292.405,0.0527895,0.10273
-269.62,292.405,0.0529796,0.103586
-265.823,292.405,0.0531659,0.104441
-262.025,292.405,0.0533487,0.105296
-258.228,292.405,0.0535287,0.10615
-254.43,292.405,0.0537072,0.107006
-250.633,292.405,0.0538856,0.107864
-246.835,292.405,0.0540652,0.108725
-243.038,292.405,0.0542471,0.109588
-239.241,292.405,0.0544318,0.110454
-235.443,292.405,0.0546196,0.111319
-231.646,292.405,0.05481,0.112184
-227.848,292.405,0.0550021,0.113045
-224.051,292.405,0.0551945,0.113902
-220.253,292.405,0.0553859,0.114751
-216.456,292.405,0.0555744,0.115591
-212.658,292.405,0.0557585,0.116422
-208.861,292.405,0.0559367,0.117241
-205.063,292.405,0.0561081,0.118048
-201.266,292.405,0.056272,0.118844
-197.468,292.405,0.0564279,0.119629
-193.671,292.405,0.0565763,0.120403
-189.873,292.405,0.0567175,0.121169
-186.076,292.405,0.0568525,0.121928
-182.278,292.405,0.0569822,0.122681
-178.481,292.405,0.0571077,0.123429
-174.684,292.405,0.0572302,0.124176
-170.886,292.405,0.0573503,0.124922
-167.089,292.405,0.0574687,0.12567
-163.291,292.405,0.0575857,0.126421
-159.494,292.405,0.0577012,0.127177
-155.696,292.405,0.0578151,0.127942
-151.899,292.405,0.0579265,0.128716
-148.101,292.405,0.0580347,0.129502
-144.304,292.405,0.0581388,0.130302
-140.506,292.405,0.0582379,0.131118
-136.709,292.405,0.058331,0.131952
-132.911,292.405,0.0584174,0.132806
-129.114,292.405,0.0584965,0.133679
-125.316,292.405,0.058568,0.134572
-121.519,292.405,0.058632,0.135485
-117.722,292.405,0.0586885,0.136417
-113.924,292.405,0.058738,0.137366
-110.127,292.405,0.0587811,0.13833
-106.329,292.405,0.0588186,0.139306
-102.532,292.405,0.0588512,0.140293
-98.7342,292.405,0.0588797,0.141287
-94.9367,292.405,0.0589046,0.142286
-91.1392,292.405,0.0589264,0.143288
-87.3418,292.405,0.0589454,0.144292
-83.5443,292.405,0.0589615,0.145296
-79.7468,292.405,0.0589744,0.146299
-75.9494,292.405,0.0589836,0.147301
-72.1519,292.405,0.0589883,0.148301
-68.3544,292.405,0.0589874,0.149297
-64.557,292.405,0.0589798,0.150289
-60.7595,292.405,0.0589642,0.151274
-56.962,292.405,0.0589395,0.152248
-53.1646,292.405,0.0589046,0.153209
-49.3671,292.405,0.0588587,0.154151
-45.5696,292.405,0.0588011,0.15507
-41.7722,292.405,0.0587319,0.155959
-37.9747,292.405,0.0586511,0.156814
-34.1772,292.405,0.0585598,0.157628
-30.3797,292.405,0.0584589,0.158399
-26.5823,292.405,0.0583504,0.159124
-22.7848,292.405,0.0582363,0.159803
-18.9873,292.405,0.058119,0.160436
-15.1899,292.405,0.058001,0.161029
-11.3924,292.405,0.0578848,0.161588
-7.59494,292.405,0.0577728,0.16212
-3.79747,292.405,0.057667,0.162636
0,292.405,0.0575689,0.163147
-300,296.203,0.0519501,0.0980869
-296.203,296.203,0.0520839,0.0988966
-292.405,296.203,0.0522431,0.0997292
-288.608,296.203,0.0524205,0.100577
-284.81,296.203,0.0526098,0.101434
-281.013,296.203,0.0528051,0.102294
-277.215,296.203,0.0530022,0.103154
-273.418,296.203,0.0531978,0.104013
-269.62,296.203,0.0533899,0.104868
-265.823,296.203,0.0535776,0.105721
-262.025,296.203,0.053761,0.106571
-258.228,296.203,0.0539408,0.107421
-254.43,296.203,0.0541185,0.108269
-250.633,296.203,0.0542953,0.109119
-246.835,296.203,0.0544727,0.10997
-243.038,296.203,0.0546518,0.110821
-239.241,296.203,0.0548333,0.111674
-235.443,296.203,0.0550176,0.112525
-231.646,296.203,0.0552042,0.113375
-227.848,296.203,0.0553923,0.114222
-224.051,296.203,0.0555809,0.115062
-220.253,296.203,0.0557683,0.115896
-216.456,296.203,0.0559531,0.116721
-212.658,296.203,0.0561336,0.117536
-208.861,296.203,0.0563085,0.118341
-205.063,296.203,0.0564766,0.119135
-201.266,296.203,0.0566374,0.119918
-197.468,296.203,0.0567906,0.120691
-193.671,296.203,0.0569362,0.121456
-189.873,296.203,0.0570748,0.122212
-186.076,296.203,0.0572071,0.122963
-182.278,296.203,0.0573343,0.123709
-178.481,296.203,0.0574573,0.124451
-174.684,296.203,0.057577,0.125193
-170.886,296.203,0.0576944,0.125935
-167.089,296.203,0.05781,0.126679
-163.291,296.203,0.057924,0.127427
-159.494,296.203,0.0580366,0.128181
-155.696,296.203,0.0581473,0.128943
-151.899,296.203,0.0582555,0.129715
-148.101,296.203,0.0583605,0.130499
-144.304,296.203,0.0584614,0.131297
-140.506,296.203,0.0585573,0.132112
-136.709,296.203,0.0586472,0.132944
-132.911,296.203,0.0587305,0.133795
-129.114,296.203,0.0588067,0.134665
-125.316,296.203,0.0588755,0.135556
-121.519,296.203,0.0589368,0.136467
-117.722,296.203,0.0589909,0.137396
-113.924,296.203,0.0590383,0.138342
-110.127,296.203,0.0590796,0.139304
-106.329,296.203,0.0591154,0.140277
-102.532,296.203,0.0591465,0.141262
-98.7342,296.203,0.0591736,0.142253
-94.9367,296.203,0.0591974,0.14325
-91.1392,296.203,0.0592182,0.14425
-87.3418,296.203,0.0592362,0.145251
-83.5443,296.203,0.0592513,0.146252
-79.7468,296.203,0.0592632,0.147251
-75.9494,296.203,0.0592714,0.148249
-72.1519,296.203,0.0592749,0.149243
-68.3544,296.203,0.0592728,0.150233
-64.557,296.203,0.0592639,0.151216
-60.7595,296.203,0.0592471,0.152191
-56.962,296.203,0.0592212,0.153155
-53.1646,296.203,0.0591853,0.154104
-49.3671,296.203,0.0591386,0.155034
-45.5696,296.203,0.0590806,0.155939
-41.7722,296.203,0.0590114,0.156815
-37.9747,296.203,0.0589313,0.157656
-34.1772,296.203,0.0588411,0.158458
-30.3797,296.203,0.0587421,0.159217
-26.5823,296.203,0.058636,0.159931
-22.7848,296.203,0.0585248,0.1606
-18.9873,296.203,0.0584106,0.161225
-15.1899,296.203,0.0582959,0.161811
-11.3924,296.203,0.0581829,0.162363
-7.59494,296.203,0.0580735,0.162888
-3.79747,296.203,0.0579694,0.163397
0,296.203,0.0578714,0.163897
-300,300,0.0522967,0.0992451
-296.203,300,0.0524381,0.100074
-292.405,300,0.0526047,0.100923
-288.608,300,0.0527893,0.101784
-284.81,300,0.0529852,0.102652
-281.013,300,0.0531866,0.10352
-277.215,300,0.053389,0.104387
-273.418,300,0.053589,0.105249
-269.62,300,0.0537845,0.106106
-265.823,300,0.0539747,0.106959
-262.025,300,0.0541595,0.107806
-258.228,300,0.0543399,0.108651
-254.43,300,0.0545171,0.109493
-250.633,300,0.0546926,0.110335
-246.835,300,0.054868,0.111176
-243.038,300,0.0550445,0.112016
-239.241,300,0.055223,0.112856
-235.443,300,0.0554039,0.113695
-231.646,300,0.0555869,0.114531
-227.848,300,0.0557713,0.115363
-224.051,300,0.0559562,0.116189
-220.253,300,0.05614,0.117008
-216.456,300,0.0563213,0.117819
-212.658,300,0.0564986,0.11862
-208.861,300,0.0566703,0.119412
-205.063,300,0.0568356,0.120193
-201.266,300,0.0569935,0.120965
-197.468,300,0.0571439,0.121727
-193.671,300,0.0572867,0.122482
-189.873,300,0.0574226,0.12323
-186.076,300,0.0575521,0.123972
-182.278,300,0.0576763,0.124711
-178.481,300,0.0577961,0.125448
-174.684,300,0.0579126,0.126184
-170.886,300,0.0580266,0.126921
-167.089,300,0.0581386,0.12766
-163.291,300,0.0582491,0.128405
-159.494,300,0.058358,0.129156
-155.696,300,0.0584651,0.129915
-151.899,300,0.0585699,0.130685
-148.101,300,0.0586715,0.131467
-144.304,300,0.0587693,0.132263
-140.506,300,0.0588623,0.133076
-136.709,300,0.0589497,0.133907
-132.911,300,0.0590308,0.134758
-129.114,300,0.0591051,0.135628
-125.316,300,0.0591723,0.136518
-121.519,300,0.0592324,0.137429
-117.722,300,0.0592855,0.138358
-113.924,300,0.059332,0.139305
-110.127,300,0.0593726,0.140266
-106.329,300,0.0594077,0.14124
-102.532,300,0.0594383,0.142225
-98.7342,300,0.0594647,0.143216
-94.9367,300,0.0594877,0.144213
-91.1392,300,0.0595076,0.145212
-87.3418,300,0.0595244,0.146211
-83.5443,300,0.0595382,0.14721
-79.7468,300,0.0595486,0.148206
-75.9494,300,0.059555,0.149198
-72.1519,300,0.0595566,0.150186
-68.3544,300,0.0595526,0.151169
-64.557,300,0.0595418,0.152144
-60.7595,300,0.0595231,0.153109
-56.962,300,0.0594957,0.154062
-53.1646,300,0.0594586,0.154999
-49.3671,300,0.0594111,0.155916
-45.5696,300,0.059353,0.156808
-41.7722,300,0.0592843,0.157671
-37.9747,300,0.0592053,0.1585
-34.1772,300,0.059117,0.15929
-30.3797,300,0.0590206,0.160038
-26.5823,300,0.0589175,0.160743
-22.7848,300,0.0588096,0.161403
-18.9873,300,0.058699,0.16202
-15.1899,300,0.0585875,0.162598
-11.3924,300,0.058477,0.163141
-7.59494,300,0.0583691,0.163656
-3.79747,300,0.058265,0.164152
0,300,0.0581652,0.164636
