Id,Iq,Phi_d_pred,Phi_q_pred
-300,0,0.00690173,-0.032326
-296.203,0,0.00690173,-0.032326
-292.405,0,0.00697875,-0.0320891
-288.608,0,0.00697875,-0.0320891
-284.81,0,0.00705212,-0.0316368
-281.013,0,0.00705212,-0.0316368
-277.215,0,0.00705241,-0.0314226
-273.418,0,0.00705241,-0.0314226
-269.62,0,0.00718137,-0.0306419
-265.823,0,0.00718137,-0.0306419
-262.025,0,0.00726569,-0.0301594
-258.228,0,0.00726569,-0.0301594
-254.43,0,0.00751588,-0.0285311
-250.633,0,0.00751588,-0.0285311
-246.835,0,0.00752707,-0.0285311
-243.038,0,0.00752707,-0.0285311
-239.241,0,0.00761296,-0.0276442
-235.443,0,0.00761296,-0.0276442
-231.646,0,0.00784073,-0.0265427
-227.848,0,0.00784073,-0.0265427
-224.051,0,0.00788187,-0.0261492
-220.253,0,0.00788187,-0.0261492
-216.456,0,0.0081422,-0.0249456
-212.658,0,0.0081422,-0.0249456
-208.861,0,0.00818703,-0.0235223
-205.063,0,0.00818703,-0.0235223
-201.266,0,0.0082996,-0.0228094
-197.468,0,0.0082996,-0.0228094
-193.671,0,0.00848919,-0.0221244
-189.873,0,0.00848919,-0.0221244
-186.076,0,0.00860988,-0.0207187
-182.278,0,0.00860988,-0.0207187
-178.481,0,0.0086616,-0.020259
-174.684,0,0.0086616,-0.020259
-170.886,0,0.00892237,-0.0181723
-167.089,0,0.00892237,-0.0181723
-163.291,0,0.00894901,-0.0182831
-159.494,0,0.00894901,-0.0182831
-155.696,0,0.00939191,-0.0161736
-151.899,0,0.00939191,-0.0161736
-148.101,0,0.00946525,-0.016079
-144.304,0,0.00946525,-0.016079
-140.506,0,0.00949313,-0.0148402
-136.709,0,0.00949313,-0.0148402
-132.911,0,0.00943995,-0.0152572
-129.114,0,0.00943995,-0.0152572
-125.316,0,0.00961932,-0.015217
-121.519,0,0.00961932,-0.015217
-117.722,0,0.00968899,-0.0149384
-113.924,0,0.00968899,-0.0149384
-110.127,0,0.00981981,-0.0121873
-106.329,0,0.00981981,-0.0121873
-102.532,0,0.00990702,-0.0111593
-98.7342,0,0.00990702,-0.0111593
-94.9367,0,0.0101835,-0.0100509
-91.1392,0,0.0101835,-0.0100509
-87.3418,0,0.0104587,-0.00882718
-83.5443,0,0.0104587,-0.00882718
-79.7468,0,0.0102887,-0.00835706
-75.9494,0,0.0102887,-0.00835706
-72.1519,0,0.0105994,-0.00828137
-68.3544,0,0.0105994,-0.00828137
-64.557,0,0.0111289,-0.0065188
-60.7595,0,0.0111289,-0.0065188
-56.962,0,0.0114314,-0.00393941
-53.1646,0,0.0114314,-0.00393941
-49.3671,0,0.0116699,-0.0025327
-45.5696,0,0.0116699,-0.0025327
-41.7722,0,0.0126531,0.00141548
-37.9747,0,0.0126531,0.00141548
-34.1772,0,0.0138234,0.00944017
-30.3797,0,0.0138234,0.00944017
-26.5823,0,0.015171,0.0164464
-22.7848,0,0.015171,0.0164464
-18.9873,0,0.0157067,0.0268769
-15.1899,0,0.0157067,0.0268769
-11.3924,0,0.0153105,0.0385939
-7.59494,0,0.0153105,0.0385939
-3.79747,0,0.0145755,0.049841
0,0,0.0145755,0.049841
-300,3.79747,0.00690173,-0.032326
-296.203,3.79747,0.00690173,-0.032326
-292.405,3.79747,0.00697875,-0.0320891
-288.608,3.79747,0.00697875,-0.0320891
-284.81,3.79747,0.00705212,-0.0316368
-281.013,3.79747,0.00705212,-0.0316368
-277.215,3.79747,0.00705241,-0.0314226
-273.418,3.79747,0.00705241,-0.0314226
-269.62,3.79747,0.00718137,-0.0306419
-265.823,3.79747,0.00718137,-0.0306419
-262.025,3.79747,0.00726569,-0.0301594
-258.228,3.79747,0.00726569,-0.0301594
-254.43,3.79747,0.00751588,-0.0285311
-250.633,3.79747,0.00751588,-0.0285311
-246.835,3.79747,0.00752707,-0.0285311
-243.038,3.79747,0.00752707,-0.0285311
-239.241,3.79747,0.00761296,-0.0276442
-235.443,3.79747,0.00761296,-0.0276442
-231.646,3.79747,0.00784073,-0.0265427
-227.848,3.79747,0.00784073,-0.0265427
-224.051,3.79747,0.00788187,-0.0261492
-220.253,3.79747,0.00788187,-0.0261492
-216.456,3.79747,0.0081422,-0.0249456
-212.658,3.79747,0.0081422,-0.0249456
-208.861,3.79747,0.00818703,-0.0235223
-205.063,3.79747,0.00818703,-0.0235223
-201.266,3.79747,0.0082996,-0.0228094
-197.468,3.79747,0.0082996,-0.0228094
-193.671,3.79747,0.00848919,-0.0221244
-189.873,3.79747,0.00848919,-0.0221244
-186.076,3.79747,0.00860988,-0.0207187
-182.278,3.79747,0.00860988,-0.0207187
-178.481,3.79747,0.0086616,-0.020259
-174.684,3.79747,0.0086616,-0.020259
-170.886,3.79747,0.00892237,-0.0181723
-167.089,3.79747,0.00892237,-0.0181723
-163.291,3.79747,0.00894901,-0.0182831
-159.494,3.79747,0.00894901,-0.0182831
-155.696,3.79747,0.00939191,-0.0161736
-151.899,3.79747,0.00939191,-0.0161736
-148.101,3.79747,0.00946525,-0.016079
-144.304,3.79747,0.00946525,-0.016079
-140.506,3.79747,0.00949313,-0.0148402
-136.709,3.79747,0.00949313,-0.0148402
-132.911,3.79747,0.00943995,-0.0152572
-129.114,3.79747,0.00943995,-0.0152572
-125.316,3.79747,0.00961932,-0.015217
-121.519,3.79747,0.00961932,-0.015217
-117.722,3.79747,0.00968899,-0.0149384
-113.924,3.79747,0.00968899,-0.0149384
-110.127,3.79747,0.00981981,-0.0121873
-106.329,3.79747,0.00981981,-0.0121873
-102.532,3.79747,0.00990702,-0.0111593
-98.7342,3.79747,0.00990702,-0.0111593
-94.9367,3.79747,0.0101835,-0.0100509
-91.1392,3.79747,0.0101835,-0.0100509
-87.3418,3.79747,0.0104587,-0.00882718
-83.5443,3.79747,0.0104587,-0.00882718
-79.7468,3.79747,0.0102887,-0.00835706
-75.9494,3.79747,0.0102887,-0.00835706
-72.1519,3.79747,0.0105994,-0.00828137
-68.3544,3.79747,0.0105994,-0.00828137
-64.557,3.79747,0.0111289,-0.0065188
-60.7595,3.79747,0.0111289,-0.0065188
-56.962,3.79747,0.0114314,-0.00393941
-53.1646,3.79747,0.0114314,-0.00393941
-49.3671,3.79747,0.0116699,-0.0025327
-45.5696,3.79747,0.0116699,-0.0025327
-41.7722,3.79747,0.0126531,0.00141548
-37.9747,3.79747,0.0126531,0.00141548
-34.1772,3.79747,0.0138234,0.00944017
-30.3797,3.79747,0.0138234,0.00944017
-26.5823,3.79747,0.015171,0.0164464
-22.7848,3.79747,0.015171,0.0164464
-18.9873,3.79747,0.0157067,0.0268769
-15.1899,3.79747,0.0157067,0.0268769
-11.3924,3.79747,0.0153105,0.0385939
-7.59494,3.79747,0.0153105,0.0385939
-3.79747,3.79747,0.0145755,0.049841
0,3.79747,0.0145755,0.049841
-300,7.59494,0.00819655,-0.0283387
-296.203,7.59494,0.00819655,-0.0283387
-292.405,7.59494,0.00828931,-0.0280592
-288.608,7.59494,0.00828931,-0.0280592
-284.81,7.59494,0.00843492,-0.0274831
-281.013,7.59494,0.00843492,-0.0274831
-277.215,7.59494,0.00843521,-0.0271972
-273.418,7.59494,0.00843521,-0.0271972
-269.62,7.59494,0.0085968,-0.0262428
-265.823,7.59494,0.0085968,-0.0262428
-262.025,7.59494,0.00868112,-0.0256068
-258.228,7.59494,0.00868112,-0.0256068
-254.43,7.59494,0.00896373,-0.0239785
-250.633,7.59494,0.00896373,-0.0239785
-246.835,7.59494,0.00897492,-0.0237988
-243.038,7.59494,0.00897492,-0.0237988
-239.241,7.59494,0.00908917,-0.0228603
-235.443,7.59494,0.00908917,-0.0228603
-231.646,7.59494,0.00933486,-0.0217588
-227.848,7.59494,0.00933486,-0.0217588
-224.051,7.59494,0.00938975,-0.0213653
-220.253,7.59494,0.00938975,-0.0213653
-216.456,7.59494,0.00965008,-0.0201617
-212.658,7.59494,0.00965008,-0.0201617
-208.861,7.59494,0.00982369,-0.0191514
-205.063,7.59494,0.00982369,-0.0191514
-201.266,7.59494,0.0100164,-0.0185668
-197.468,7.59494,0.0100164,-0.0185668
-193.671,7.59494,0.0100876,-0.0178818
-189.873,7.59494,0.0100876,-0.0178818
-186.076,7.59494,0.0103534,-0.0164761
-182.278,7.59494,0.0103534,-0.0164761
-178.481,7.59494,0.0104828,-0.0155421
-174.684,7.59494,0.0104828,-0.0155421
-170.886,7.59494,0.0108751,-0.0129515
-167.089,7.59494,0.0108751,-0.0129515
-163.291,7.59494,0.0109584,-0.0128573
-159.494,7.59494,0.0109584,-0.0128573
-155.696,7.59494,0.0112058,-0.0117355
-151.899,7.59494,0.0112058,-0.0117355
-148.101,7.59494,0.0113935,-0.0107877
-144.304,7.59494,0.0113935,-0.0107877
-140.506,7.59494,0.0114728,-0.00936063
-136.709,7.59494,0.0114728,-0.00936063
-132.911,7.59494,0.0118379,-0.00632712
-129.114,7.59494,0.0118379,-0.00632712
-125.316,7.59494,0.0125061,-0.00607742
-121.519,7.59494,0.0125061,-0.00607742
-117.722,7.59494,0.0125858,-0.00511773
-113.924,7.59494,0.0125858,-0.00511773
-110.127,7.59494,0.0126417,-0.00202485
-106.329,7.59494,0.0126417,-0.00202485
-102.532,7.59494,0.0129858,-0.000881003
-98.7342,7.59494,0.0129858,-0.000881003
-94.9367,7.59494,0.0132668,0.00107561
-91.1392,7.59494,0.0132668,0.00107561
-87.3418,7.59494,0.0138045,0.00348325
-83.5443,7.59494,0.0138045,0.00348325
-79.7468,7.59494,0.0138465,0.00632162
-75.9494,7.59494,0.0138465,0.00632162
-72.1519,7.59494,0.014162,0.00640878
-68.3544,7.59494,0.014162,0.00640878
-64.557,7.59494,0.015243,0.00817134
-60.7595,7.59494,0.015243,0.00817134
-56.962,7.59494,0.0155455,0.0103818
-53.1646,7.59494,0.0155455,0.0103818
-49.3671,7.59494,0.0158252,0.0128193
-45.5696,7.59494,0.0158252,0.0128193
-41.7722,7.59494,0.0167883,0.0176573
-37.9747,7.59494,0.0167883,0.0176573
-34.1772,7.59494,0.0183757,0.0254803
-30.3797,7.59494,0.0183757,0.0254803
-26.5823,7.59494,0.0195806,0.0334214
-22.7848,7.59494,0.0195806,0.0334214
-18.9873,7.59494,0.0203826,0.0438519
-15.1899,7.59494,0.0203826,0.0438519
-11.3924,7.59494,0.0205141,0.0551752
-7.59494,7.59494,0.0205141,0.0551752
-3.79747,7.59494,0.0214833,0.0684462
0,7.59494,0.0214833,0.0684462
-300,11.3924,0.00819655,-0.0283387
-296.203,11.3924,0.00819655,-0.0283387
-292.405,11.3924,0.00828931,-0.0280592
-288.608,11.3924,0.00828931,-0.0280592
-284.81,11.3924,0.00843492,-0.0274831
-281.013,11.3924,0.00843492,-0.0274831
-277.215,11.3924,0.00843521,-0.0271972
-273.418,11.3924,0.00843521,-0.0271972
-269.62,11.3924,0.0085968,-0.0262428
-265.823,11.3924,0.0085968,-0.0262428
-262.025,11.3924,0.00868112,-0.0256068
-258.228,11.3924,0.00868112,-0.0256068
-254.43,11.3924,0.00896373,-0.0239785
-250.633,11.3924,0.00896373,-0.0239785
-246.835,11.3924,0.00897492,-0.0237988
-243.038,11.3924,0.00897492,-0.0237988
-239.241,11.3924,0.00908917,-0.0228603
-235.443,11.3924,0.00908917,-0.0228603
-231.646,11.3924,0.00933486,-0.0217588
-227.848,11.3924,0.00933486,-0.0217588
-224.051,11.3924,0.00938975,-0.0213653
-220.253,11.3924,0.00938975,-0.0213653
-216.456,11.3924,0.00965008,-0.0201617
-212.658,11.3924,0.00965008,-0.0201617
-208.861,11.3924,0.00982369,-0.0191514
-205.063,11.3924,0.00982369,-0.0191514
-201.266,11.3924,0.0100164,-0.0185668
-197.468,11.3924,0.0100164,-0.0185668
-193.671,11.3924,0.0100876,-0.0178818
-189.873,11.3924,0.0100876,-0.0178818
-186.076,11.3924,0.0103534,-0.0164761
-182.278,11.3924,0.0103534,-0.0164761
-178.481,11.3924,0.0104828,-0.0155421
-174.684,11.3924,0.0104828,-0.0155421
-170.886,11.3924,0.0108751,-0.0129515
-167.089,11.3924,0.0108751,-0.0129515
-163.291,11.3924,0.0109584,-0.0128573
-159.494,11.3924,0.0109584,-0.0128573
-155.696,11.3924,0.0112058,-0.0117355
-151.899,11.3924,0.0112058,-0.0117355
-148.101,11.3924,0.0113935,-0.0107877
-144.304,11.3924,0.0113935,-0.0107877
-140.506,11.3924,0.0114728,-0.00936063
-136.709,11.3924,0.0114728,-0.00936063
-132.911,11.3924,0.0118379,-0.00632712
-129.114,11.3924,0.0118379,-0.00632712
-125.316,11.3924,0.0125061,-0.00607742
-121.519,11.3924,0.0125061,-0.00607742
-117.722,11.3924,0.0125858,-0.00511773
-113.924,11.3924,0.0125858,-0.00511773
-110.127,11.3924,0.0126417,-0.00202485
-106.329,11.3924,0.0126417,-0.00202485
-102.532,11.3924,0.0129858,-0.000881003
-98.7342,11.3924,0.0129858,-0.000881003
-94.9367,11.3924,0.0132668,0.00107561
-91.1392,11.3924,0.0132668,0.00107561
-87.3418,11.3924,0.0138045,0.00348325
-83.5443,11.3924,0.0138045,0.00348325
-79.7468,11.3924,0.0138465,0.00632162
-75.9494,11.3924,0.0138465,0.00632162
-72.1519,11.3924,0.014162,0.00640878
-68.3544,11.3924,0.014162,0.00640878
-64.557,11.3924,0.015243,0.00817134
-60.7595,11.3924,0.015243,0.00817134
-56.962,11.3924,0.0155455,0.0103818
-53.1646,11.3924,0.0155455,0.0103818
-49.3671,11.3924,0.0158252,0.0128193
-45.5696,11.3924,0.0158252,0.0128193
-41.7722,11.3924,0.0167883,0.0176573
-37.9747,11.3924,0.0167883,0.0176573
-34.1772,11.3924,0.0183757,0.0254803
-30.3797,11.3924,0.0183757,0.0254803
-26.5823,11.3924,0.0195806,0.0334214
-22.7848,11.3924,0.0195806,0.0334214
-18.9873,11.3924,0.0203826,0.0438519
-15.1899,11.3924,0.0203826,0.0438519
-11.3924,11.3924,0.0205141,0.0551752
-7.59494,11.3924,0.0205141,0.0551752
-3.79747,11.3924,0.0214833,0.0684462
0,11.3924,0.0214833,0.0684462
-300,15.1899,0.00964106,-0.0244167
-296.203,15.1899,0.00964106,-0.0244167
-292.405,15.1899,0.00975269,-0.0239504
-288.608,15.1899,0.00975269,-0.0239504
-284.81,15.1899,0.00990954,-0.0233591
-281.013,15.1899,0.00990954,-0.0233591
-277.215,15.1899,0.00990983,-0.023043
-273.418,15.1899,0.00990983,-0.023043
-269.62,15.1899,0.0100737,-0.0220812
-265.823,15.1899,0.0100737,-0.0220812
-262.025,15.1899,0.0101858,-0.0214452
-258.228,15.1899,0.0101858,-0.0214452
-254.43,15.1899,0.0104684,-0.0198169
-250.633,15.1899,0.0104684,-0.0198169
-246.835,15.1899,0.0104796,-0.0196328
-243.038,15.1899,0.0104796,-0.0196328
-239.241,15.1899,0.0106279,-0.0182824
-235.443,15.1899,0.0106279,-0.0182824
-231.646,15.1899,0.0108751,-0.0171809
-227.848,15.1899,0.0108751,-0.0171809
-224.051,15.1899,0.0109379,-0.0167481
-220.253,15.1899,0.0109379,-0.0167481
-216.456,15.1899,0.0111982,-0.0153636
-212.658,15.1899,0.0111982,-0.0153636
-208.861,15.1899,0.0113718,-0.0142759
-205.063,15.1899,0.0113718,-0.0142759
-201.266,15.1899,0.0115645,-0.0135255
-197.468,15.1899,0.0115645,-0.0135255
-193.671,15.1899,0.0117511,-0.0128679
-189.873,15.1899,0.0117511,-0.0128679
-186.076,15.1899,0.0120634,-0.0114631
-182.278,15.1899,0.0120634,-0.0114631
-178.481,15.1899,0.0122199,-0.0104431
-174.684,15.1899,0.0122199,-0.0104431
-170.886,15.1899,0.0127891,-0.00785257
-167.089,15.1899,0.0127891,-0.00785257
-163.291,15.1899,0.012875,-0.00775836
-159.494,15.1899,0.012875,-0.00775836
-155.696,15.1899,0.0132147,-0.00711846
-151.899,15.1899,0.0132147,-0.00711846
-148.101,15.1899,0.0134024,-0.00616732
-144.304,15.1899,0.0134024,-0.00616732
-140.506,15.1899,0.013447,-0.00446848
-136.709,15.1899,0.013447,-0.00446848
-132.911,15.1899,0.0136913,-0.00235689
-129.114,15.1899,0.0136913,-0.00235689
-125.316,15.1899,0.0143595,-0.00210718
-121.519,15.1899,0.0143595,-0.00210718
-117.722,15.1899,0.0144392,-0.00114749
-113.924,15.1899,0.0144392,-0.00114749
-110.127,15.1899,0.0144689,0.00211623
-106.329,15.1899,0.0144689,0.00211623
-102.532,15.1899,0.0148129,0.00346063
-98.7342,15.1899,0.0148129,0.00346063
-94.9367,15.1899,0.0150939,0.00580934
-91.1392,15.1899,0.0150939,0.00580934
-87.3418,15.1899,0.0155676,0.0077858
-83.5443,15.1899,0.0155676,0.0077858
-79.7468,15.1899,0.0163283,0.0110606
-75.9494,15.1899,0.0163283,0.0110606
-72.1519,15.1899,0.0167313,0.0139054
-68.3544,15.1899,0.0167313,0.0139054
-64.557,15.1899,0.0184732,0.0186318
-60.7595,15.1899,0.0184732,0.0186318
-56.962,15.1899,0.0194058,0.02408
-53.1646,15.1899,0.0194058,0.02408
-49.3671,15.1899,0.0203748,0.02865
-45.5696,15.1899,0.0203748,0.02865
-41.7722,15.1899,0.0207685,0.0331453
-37.9747,15.1899,0.0207685,0.0331453
-34.1772,15.1899,0.0223559,0.0415767
-30.3797,15.1899,0.0223559,0.0415767
-26.5823,15.1899,0.0236235,0.0497766
-22.7848,15.1899,0.0236235,0.0497766
-18.9873,15.1899,0.0244254,0.0602071
-15.1899,15.1899,0.0244254,0.0602071
-11.3924,15.1899,0.0245569,0.0736835
-7.59494,15.1899,0.0245569,0.0736835
-3.79747,15.1899,0.0253694,0.083847
0,15.1899,0.0253694,0.083847
-300,18.9873,0.00964106,-0.0244167
-296.203,18.9873,0.00964106,-0.0244167
-292.405,18.9873,0.00975269,-0.0239504
-288.608,18.9873,0.00975269,-0.0239504
-284.81,18.9873,0.00990954,-0.0233591
-281.013,18.9873,0.00990954,-0.0233591
-277.215,18.9873,0.00990983,-0.023043
-273.418,18.9873,0.00990983,-0.023043
-269.62,18.9873,0.0100737,-0.0220812
-265.823,18.9873,0.0100737,-0.0220812
-262.025,18.9873,0.0101858,-0.0214452
-258.228,18.9873,0.0101858,-0.0214452
-254.43,18.9873,0.0104684,-0.0198169
-250.633,18.9873,0.0104684,-0.0198169
-246.835,18.9873,0.0104796,-0.0196328
-243.038,18.9873,0.0104796,-0.0196328
-239.241,18.9873,0.0106279,-0.0182824
-235.443,18.9873,0.0106279,-0.0182824
-231.646,18.9873,0.0108751,-0.0171809
-227.848,18.9873,0.0108751,-0.0171809
-224.051,18.9873,0.0109379,-0.0167481
-220.253,18.9873,0.0109379,-0.0167481
-216.456,18.9873,0.0111982,-0.0153636
-212.658,18.9873,0.0111982,-0.0153636
-208.861,18.9873,0.0113718,-0.0142759
-205.063,18.9873,0.0113718,-0.0142759
-201.266,18.9873,0.0115645,-0.0135255
-197.468,18.9873,0.0115645,-0.0135255
-193.671,18.9873,0.0117511,-0.0128679
-189.873,18.9873,0.0117511,-0.0128679
-186.076,18.9873,0.0120634,-0.0114631
-182.278,18.9873,0.0120634,-0.0114631
-178.481,18.9873,0.0122199,-0.0104431
-174.684,18.9873,0.0122199,-0.0104431
-170.886,18.9873,0.0127891,-0.00785257
-167.089,18.9873,0.0127891,-0.00785257
-163.291,18.9873,0.012875,-0.00775836
-159.494,18.9873,0.012875,-0.00775836
-155.696,18.9873,0.0132147,-0.00711846
-151.899,18.9873,0.0132147,-0.00711846
-148.101,18.9873,0.0134024,-0.00616732
-144.304,18.9873,0.0134024,-0.00616732
-140.506,18.9873,0.013447,-0.00446848
-136.709,18.9873,0.013447,-0.00446848
-132.911,18.9873,0.0136913,-0.00235689
-129.114,18.9873,0.0136913,-0.00235689
-125.316,18.9873,0.0143595,-0.00210718
-121.519,18.9873,0.0143595,-0.00210718
-117.722,18.9873,0.0144392,-0.00114749
-113.924,18.9873,0.0144392,-0.00114749
-110.127,18.9873,0.0144689,0.00211623
-106.329,18.9873,0.0144689,0.00211623
-102.532,18.9873,0.0148129,0.00346063
-98.7342,18.9873,0.0148129,0.00346063
-94.9367,18.9873,0.0150939,0.00580934
-91.1392,18.9873,0.0150939,0.00580934
-87.3418,18.9873,0.0155676,0.0077858
-83.5443,18.9873,0.0155676,0.0077858
-79.7468,18.9873,0.0163283,0.0110606
-75.9494,18.9873,0.0163283,0.0110606
-72.1519,18.9873,0.0167313,0.0139054
-68.3544,18.9873,0.0167313,0.0139054
-64.557,18.9873,0.0184732,0.0186318
-60.7595,18.9873,0.0184732,0.0186318
-56.962,18.9873,0.0194058,0.02408
-53.1646,18.9873,0.0194058,0.02408
-49.3671,18.9873,0.0203748,0.02865
-45.5696,18.9873,0.0203748,0.02865
-41.7722,18.9873,0.0207685,0.0331453
-37.9747,18.9873,0.0207685,0.0331453
-34.1772,18.9873,0.0223559,0.0415767
-30.3797,18.9873,0.0223559,0.0415767
-26.5823,18.9873,0.0236235,0.0497766
-22.7848,18.9873,0.0236235,0.0497766
-18.9873,18.9873,0.0244254,0.0602071
-15.1899,18.9873,0.0244254,0.0602071
-11.3924,18.9873,0.0245569,0.0736835
-7.59494,18.9873,0.0245569,0.0736835
-3.79747,18.9873,0.0253694,0.083847
0,18.9873,0.0253694,0.083847
-300,22.7848,0.0113168,-0.020141
-296.203,22.7848,0.0113168,-0.020141
-292.405,22.7848,0.0114253,-0.0196747
-288.608,22.7848,0.0114253,-0.0196747
-284.81,22.7848,0.0115763,-0.0190834
-281.013,22.7848,0.0115763,-0.0190834
-277.215,22.7848,0.0115766,-0.0187982
-273.418,22.7848,0.0115766,-0.0187982
-269.62,22.7848,0.0117405,-0.0178728
-265.823,22.7848,0.0117405,-0.0178728
-262.025,22.7848,0.0118526,-0.0172369
-258.228,22.7848,0.0118526,-0.0172369
-254.43,22.7848,0.0121352,-0.0156086
-250.633,22.7848,0.0121352,-0.0156086
-246.835,22.7848,0.0121464,-0.0154244
-243.038,22.7848,0.0121464,-0.0154244
-239.241,22.7848,0.0123167,-0.0141189
-235.443,22.7848,0.0123167,-0.0141189
-231.646,22.7848,0.0126353,-0.0130174
-227.848,22.7848,0.0126353,-0.0130174
-224.051,22.7848,0.0127311,-0.0120518
-220.253,22.7848,0.0127311,-0.0120518
-216.456,22.7848,0.0129914,-0.0106673
-212.658,22.7848,0.0129914,-0.0106673
-208.861,22.7848,0.013165,-0.00986292
-205.063,22.7848,0.013165,-0.00986292
-201.266,22.7848,0.0133577,-0.00882991
-197.468,22.7848,0.0133577,-0.00882991
-193.671,22.7848,0.0135443,-0.00760273
-189.873,22.7848,0.0135443,-0.00760273
-186.076,22.7848,0.0138647,-0.00619795
-182.278,22.7848,0.0138647,-0.00619795
-178.481,22.7848,0.0140211,-0.00527064
-174.684,22.7848,0.0140211,-0.00527064
-170.886,22.7848,0.0146324,-0.00266675
-167.089,22.7848,0.0146324,-0.00266675
-163.291,22.7848,0.0147341,-0.00196372
-159.494,22.7848,0.0147341,-0.00196372
-155.696,22.7848,0.015168,-0.00132381
-151.899,22.7848,0.015168,-0.00132381
-148.101,22.7848,0.0153557,-0.000117753
-144.304,22.7848,0.0153557,-0.000117753
-140.506,22.7848,0.0154186,0.00162925
-136.709,22.7848,0.0154186,0.00162925
-132.911,22.7848,0.0156629,0.00377779
-129.114,22.7848,0.0156629,0.00377779
-125.316,22.7848,0.0162358,0.00499502
-121.519,22.7848,0.0162358,0.00499502
-117.722,22.7848,0.0163831,0.00646797
-113.924,22.7848,0.0163831,0.00646797
-110.127,22.7848,0.0163642,0.00894126
-106.329,22.7848,0.0163642,0.00894126
-102.532,22.7848,0.0167554,0.0103837
-98.7342,22.7848,0.0167554,0.0103837
-94.9367,22.7848,0.0172695,0.0115044
-91.1392,22.7848,0.0172695,0.0115044
-87.3418,22.7848,0.0179867,0.0139067
-83.5443,22.7848,0.0179867,0.0139067
-79.7468,22.7848,0.0187394,0.0173867
-75.9494,22.7848,0.0187394,0.0173867
-72.1519,22.7848,0.0191495,0.0206702
-68.3544,22.7848,0.0191495,0.0206702
-64.557,22.7848,0.0199994,0.0250404
-60.7595,22.7848,0.0199994,0.0250404
-56.962,22.7848,0.0208969,0.0307786
-53.1646,22.7848,0.0208969,0.0307786
-49.3671,22.7848,0.0218659,0.0352765
-45.5696,22.7848,0.0218659,0.0352765
-41.7722,22.7848,0.0231297,0.0387906
-37.9747,22.7848,0.0231297,0.0387906
-34.1772,22.7848,0.0241956,0.0463222
-30.3797,22.7848,0.0241956,0.0463222
-26.5823,22.7848,0.0254631,0.0554236
-22.7848,22.7848,0.0254631,0.0554236
-18.9873,22.7848,0.026215,0.0658541
-15.1899,22.7848,0.026215,0.0658541
-11.3924,22.7848,0.0263107,0.0787276
-7.59494,22.7848,0.0263107,0.0787276
-3.79747,22.7848,0.0261743,0.0854843
0,22.7848,0.0261743,0.0854843
-300,26.5823,0.0113168,-0.020141
-296.203,26.5823,0.0113168,-0.020141
-292.405,26.5823,0.0114253,-0.0196747
-288.608,26.5823,0.0114253,-0.0196747
-284.81,26.5823,0.0115763,-0.0190834
-281.013,26.5823,0.0115763,-0.0190834
-277.215,26.5823,0.0115766,-0.0187982
-273.418,26.5823,0.0115766,-0.0187982
-269.62,26.5823,0.0117405,-0.0178728
-265.823,26.5823,0.0117405,-0.0178728
-262.025,26.5823,0.0118526,-0.0172369
-258.228,26.5823,0.0118526,-0.0172369
-254.43,26.5823,0.0121352,-0.0156086
-250.633,26.5823,0.0121352,-0.0156086
-246.835,26.5823,0.0121464,-0.0154244
-243.038,26.5823,0.0121464,-0.0154244
-239.241,26.5823,0.0123167,-0.0141189
-235.443,26.5823,0.0123167,-0.0141189
-231.646,26.5823,0.0126353,-0.0130174
-227.848,26.5823,0.0126353,-0.0130174
-224.051,26.5823,0.0127311,-0.0120518
-220.253,26.5823,0.0127311,-0.0120518
-216.456,26.5823,0.0129914,-0.0106673
-212.658,26.5823,0.0129914,-0.0106673
-208.861,26.5823,0.013165,-0.00986292
-205.063,26.5823,0.013165,-0.00986292
-201.266,26.5823,0.0133577,-0.00882991
-197.468,26.5823,0.0133577,-0.00882991
-193.671,26.5823,0.0135443,-0.00760273
-189.873,26.5823,0.0135443,-0.00760273
-186.076,26.5823,0.0138647,-0.00619795
-182.278,26.5823,0.0138647,-0.00619795
-178.481,26.5823,0.0140211,-0.00527064
-174.684,26.5823,0.0140211,-0.00527064
-170.886,26.5823,0.0146324,-0.00266675
-167.089,26.5823,0.0146324,-0.00266675
-163.291,26.5823,0.0147341,-0.00196372
-159.494,26.5823,0.0147341,-0.00196372
-155.696,26.5823,0.015168,-0.00132381
-151.899,26.5823,0.015168,-0.00132381
-148.101,26.5823,0.0153557,-0.000117753
-144.304,26.5823,0.0153557,-0.000117753
-140.506,26.5823,0.0154186,0.00162925
-136.709,26.5823,0.0154186,0.00162925
-132.911,26.5823,0.0156629,0.00377779
-129.114,26.5823,0.0156629,0.00377779
-125.316,26.5823,0.0162358,0.00499502
-121.519,26.5823,0.0162358,0.00499502
-117.722,26.5823,0.0163831,0.00646797
-113.924,26.5823,0.0163831,0.00646797
-110.127,26.5823,0.0163642,0.00894126
-106.329,26.5823,0.0163642,0.00894126
-102.532,26.5823,0.0167554,0.0103837
-98.7342,26.5823,0.0167554,0.0103837
-94.9367,26.5823,0.0172695,0.0115044
-91.1392,26.5823,0.0172695,0.0115044
-87.3418,26.5823,0.0179867,0.0139067
-83.5443,26.5823,0.0179867,0.0139067
-79.7468,26.5823,0.0187394,0.0173867
-75.9494,26.5823,0.0187394,0.0173867
-72.1519,26.5823,0.0191495,0.0206702
-68.3544,26.5823,0.0191495,0.0206702
-64.557,26.5823,0.0199994,0.0250404
-60.7595,26.5823,0.0199994,0.0250404
-56.962,26.5823,0.0208969,0.0307786
-53.1646,26.5823,0.0208969,0.0307786
-49.3671,26.5823,0.0218659,0.0352765
-45.5696,26.5823,0.0218659,0.0352765
-41.7722,26.5823,0.0231297,0.0387906
-37.9747,26.5823,0.0231297,0.0387906
-34.1772,26.5823,0.0241956,0.0463222
-30.3797,26.5823,0.0241956,0.0463222
-26.5823,26.5823,0.0254631,0.0554236
-22.7848,26.5823,0.0254631,0.0554236
-18.9873,26.5823,0.026215,0.0658541
-15.1899,26.5823,0.026215,0.0658541
-11.3924,26.5823,0.0263107,0.0787276
-7.59494,26.5823,0.0263107,0.0787276
-3.79747,26.5823,0.0261743,0.0854843
0,26.5823,0.0261743,0.0854843
-300,30.3797,0.012459,-0.0165182
-296.203,30.3797,0.012459,-0.0165182
-292.405,30.3797,0.0125676,-0.016058
-288.608,30.3797,0.0125676,-0.016058
-284.81,30.3797,0.0127186,-0.0151491
-281.013,30.3797,0.0127186,-0.0151491
-277.215,30.3797,0.0127767,-0.0146298
-273.418,30.3797,0.0127767,-0.0146298
-269.62,30.3797,0.0129823,-0.0137479
-265.823,30.3797,0.0129823,-0.0137479
-262.025,30.3797,0.0131908,-0.0130088
-258.228,30.3797,0.0131908,-0.0130088
-254.43,30.3797,0.0134734,-0.0113805
-250.633,30.3797,0.0134734,-0.0113805
-246.835,30.3797,0.0136369,-0.0110242
-243.038,30.3797,0.0136369,-0.0110242
-239.241,30.3797,0.0138528,-0.00971576
-235.443,30.3797,0.0138528,-0.00971576
-231.646,30.3797,0.0141714,-0.00851969
-227.848,30.3797,0.0141714,-0.00851969
-224.051,30.3797,0.0142782,-0.00734028
-220.253,30.3797,0.0142782,-0.00734028
-216.456,30.3797,0.0145385,-0.00595585
-212.658,30.3797,0.0145385,-0.00595585
-208.861,30.3797,0.0147121,-0.00531885
-205.063,30.3797,0.0147121,-0.00531885
-201.266,30.3797,0.0149048,-0.00461373
-197.468,30.3797,0.0149048,-0.00461373
-193.671,30.3797,0.0150915,-0.00338655
-189.873,30.3797,0.0150915,-0.00338655
-186.076,30.3797,0.0154118,-0.00197278
-182.278,30.3797,0.0154118,-0.00197278
-178.481,30.3797,0.015715,-0.000636167
-174.684,30.3797,0.015715,-0.000636167
-170.886,30.3797,0.0164483,0.00201259
-167.089,30.3797,0.0164483,0.00201259
-163.291,30.3797,0.0165711,0.00271563
-159.494,30.3797,0.0165711,0.00271563
-155.696,30.3797,0.016758,0.00332777
-151.899,30.3797,0.016758,0.00332777
-148.101,30.3797,0.0169457,0.00451791
-144.304,30.3797,0.0169457,0.00451791
-140.506,30.3797,0.017001,0.00615438
-136.709,30.3797,0.017001,0.00615438
-132.911,30.3797,0.0172017,0.00918121
-129.114,30.3797,0.0172017,0.00918121
-125.316,30.3797,0.0177752,0.0105127
-121.519,30.3797,0.0177752,0.0105127
-117.722,30.3797,0.0183056,0.0114579
-113.924,30.3797,0.0183056,0.0114579
-110.127,30.3797,0.0187641,0.013519
-106.329,30.3797,0.0187641,0.013519
-102.532,30.3797,0.0190219,0.0164671
-98.7342,30.3797,0.0190219,0.0164671
-94.9367,30.3797,0.0199746,0.0201873
-91.1392,30.3797,0.0199746,0.0201873
-87.3418,30.3797,0.0206917,0.021496
-83.5443,30.3797,0.0206917,0.021496
-79.7468,30.3797,0.0215095,0.0299879
-75.9494,30.3797,0.0215095,0.0299879
-72.1519,30.3797,0.0216436,0.0327765
-68.3544,30.3797,0.0216436,0.0327765
-64.557,30.3797,0.0222192,0.0376841
-60.7595,30.3797,0.0222192,0.0376841
-56.962,30.3797,0.0231316,0.0421444
-53.1646,30.3797,0.0231316,0.0421444
-49.3671,30.3797,0.0239769,0.0462114
-45.5696,30.3797,0.0239769,0.0462114
-41.7722,30.3797,0.0253159,0.0519401
-37.9747,30.3797,0.0253159,0.0519401
-34.1772,30.3797,0.0272737,0.0550626
-30.3797,30.3797,0.0272737,0.0550626
-26.5823,30.3797,0.0285412,0.0652775
-22.7848,30.3797,0.0285412,0.0652775
-18.9873,30.3797,0.0291902,0.0767607
-15.1899,30.3797,0.0291902,0.0767607
-11.3924,30.3797,0.0292859,0.0890011
-7.59494,30.3797,0.0292859,0.0890011
-3.79747,30.3797,0.029053,0.0940205
0,30.3797,0.029053,0.0940205
-300,34.1772,0.012459,-0.0165182
-296.203,34.1772,0.012459,-0.0165182
-292.405,34.1772,0.0125676,-0.016058
-288.608,34.1772,0.0125676,-0.016058
-284.81,34.1772,0.0127186,-0.0151491
-281.013,34.1772,0.0127186,-0.0151491
-277.215,34.1772,0.0127767,-0.0146298
-273.418,34.1772,0.0127767,-0.0146298
-269.62,34.1772,0.0129823,-0.0137479
-265.823,34.1772,0.0129823,-0.0137479
-262.025,34.1772,0.0131908,-0.0130088
-258.228,34.1772,0.0131908,-0.0130088
-254.43,34.1772,0.0134734,-0.0113805
-250.633,34.1772,0.0134734,-0.0113805
-246.835,34.1772,0.0136369,-0.0110242
-243.038,34.1772,0.0136369,-0.0110242
-239.241,34.1772,0.0138528,-0.00971576
-235.443,34.1772,0.0138528,-0.00971576
-231.646,34.1772,0.0141714,-0.00851969
-227.848,34.1772,0.0141714,-0.00851969
-224.051,34.1772,0.0142782,-0.00734028
-220.253,34.1772,0.0142782,-0.00734028
-216.456,34.1772,0.0145385,-0.00595585
-212.658,34.1772,0.0145385,-0.00595585
-208.861,34.1772,0.0147121,-0.00531885
-205.063,34.1772,0.0147121,-0.00531885
-201.266,34.1772,0.0149048,-0.00461373
-197.468,34.1772,0.0149048,-0.00461373
-193.671,34.1772,0.0150915,-0.00338655
-189.873,34.1772,0.0150915,-0.00338655
-186.076,34.1772,0.0154118,-0.00197278
-182.278,34.1772,0.0154118,-0.00197278
-178.481,34.1772,0.015715,-0.000636167
-174.684,34.1772,0.015715,-0.000636167
-170.886,34.1772,0.0164483,0.00201259
-167.089,34.1772,0.0164483,0.00201259
-163.291,34.1772,0.0165711,0.00271563
-159.494,34.1772,0.0165711,0.00271563
-155.696,34.1772,0.016758,0.00332777
-151.899,34.1772,0.016758,0.00332777
-148.101,34.1772,0.0169457,0.00451791
-144.304,34.1772,0.0169457,0.00451791
-140.506,34.1772,0.017001,0.00615438
-136.709,34.1772,0.017001,0.00615438
-132.911,34.1772,0.0172017,0.00918121
-129.114,34.1772,0.0172017,0.00918121
-125.316,34.1772,0.0177752,0.0105127
-121.519,34.1772,0.0177752,0.0105127
-117.722,34.1772,0.0183056,0.0114579
-113.924,34.1772,0.0183056,0.0114579
-110.127,34.1772,0.0187641,0.013519
-106.329,34.1772,0.0187641,0.013519
-102.532,34.1772,0.0190219,0.0164671
-98.7342,34.1772,0.0190219,0.0164671
-94.9367,34.1772,0.0199746,0.0201873
-91.1392,34.1772,0.0199746,0.0201873
-87.3418,34.1772,0.0206917,0.021496
-83.5443,34.1772,0.0206917,0.021496
-79.7468,34.1772,0.0215095,0.0299879
-75.9494,34.1772,0.0215095,0.0299879
-72.1519,34.1772,0.0216436,0.0327765
-68.3544,34.1772,0.0216436,0.0327765
-64.557,34.1772,0.0222192,0.0376841
-60.7595,34.1772,0.0222192,0.0376841
-56.962,34.1772,0.0231316,0.0421444
-53.1646,34.1772,0.0231316,0.0421444
-49.3671,34.1772,0.0239769,0.0462114
-45.5696,34.1772,0.0239769,0.0462114
-41.7722,34.1772,0.0253159,0.0519401
-37.9747,34.1772,0.0253159,0.0519401
-34.1772,34.1772,0.0272737,0.0550626
-30.3797,34.1772,0.0272737,0.0550626
-26.5823,34.1772,0.0285412,0.0652775
-22.7848,34.1772,0.0285412,0.0652775
-18.9873,34.1772,0.0291902,0.0767607
-15.1899,34.1772,0.0291902,0.0767607
-11.3924,34.1772,0.0292859,0.0890011
-7.59494,34.1772,0.0292859,0.0890011
-3.79747,34.1772,0.029053,0.0940205
0,34.1772,0.029053,0.0940205
-300,37.9747,0.013677,-0.0133412
-296.203,37.9747,0.013677,-0.0133412
-292.405,37.9747,0.0138014,-0.0127276
-288.608,37.9747,0.0138014,-0.0127276
-284.81,37.9747,0.0139897,-0.0116832
-281.013,37.9747,0.0139897,-0.0116832
-277.215,37.9747,0.0142362,-0.0105747
-273.418,37.9747,0.0142362,-0.0105747
-269.62,37.9747,0.0144432,-0.00934697
-265.823,37.9747,0.0144432,-0.00934697
-262.025,37.9747,0.0146517,-0.00806588
-258.228,37.9747,0.0146517,-0.00806588
-254.43,37.9747,0.0148579,-0.00716564
-250.633,37.9747,0.0148579,-0.00716564
-246.835,37.9747,0.0151197,-0.00668041
-243.038,37.9747,0.0151197,-0.00668041
-239.241,37.9747,0.0153323,-0.00537194
-235.443,37.9747,0.0153323,-0.00537194
-231.646,37.9747,0.0157124,-0.00417588
-227.848,37.9747,0.0157124,-0.00417588
-224.051,37.9747,0.0159216,-0.00253387
-220.253,37.9747,0.0159216,-0.00253387
-216.456,37.9747,0.016273,-0.00114365
-212.658,37.9747,0.016273,-0.00114365
-208.861,37.9747,0.0165179,-0.000949303
-205.063,37.9747,0.0165179,-0.000949303
-201.266,37.9747,0.0171185,0.000751002
-197.468,37.9747,0.0171185,0.000751002
-193.671,37.9747,0.0172336,0.00197818
-189.873,37.9747,0.0172336,0.00197818
-186.076,37.9747,0.0173763,0.00339475
-182.278,37.9747,0.0173763,0.00339475
-178.481,37.9747,0.0175831,0.00482662
-174.684,37.9747,0.0175831,0.00482662
-170.886,37.9747,0.0180289,0.00725401
-167.089,37.9747,0.0180289,0.00725401
-163.291,37.9747,0.0181517,0.00795705
-159.494,37.9747,0.0181517,0.00795705
-155.696,37.9747,0.0183386,0.00807266
-151.899,37.9747,0.0183386,0.00807266
-148.101,37.9747,0.0187938,0.00861104
-144.304,37.9747,0.0187938,0.00861104
-140.506,37.9747,0.0188492,0.010394
-136.709,37.9747,0.0188492,0.010394
-132.911,37.9747,0.0191078,0.0130916
-129.114,37.9747,0.0191078,0.0130916
-125.316,37.9747,0.0196813,0.014399
-121.519,37.9747,0.0196813,0.014399
-117.722,37.9747,0.0202758,0.015416
-113.924,37.9747,0.0202758,0.015416
-110.127,37.9747,0.0207343,0.0198594
-106.329,37.9747,0.0207343,0.0198594
-102.532,37.9747,0.0209921,0.0228074
-98.7342,37.9747,0.0209921,0.0228074
-94.9367,37.9747,0.0220339,0.0265277
-91.1392,37.9747,0.0220339,0.0265277
-87.3418,37.9747,0.022751,0.0278363
-83.5443,37.9747,0.022751,0.0278363
-79.7468,37.9747,0.0236825,0.0364117
-75.9494,37.9747,0.0236825,0.0364117
-72.1519,37.9747,0.0241336,0.0393579
-68.3544,37.9747,0.0241336,0.0393579
-64.557,37.9747,0.0247091,0.044146
-60.7595,37.9747,0.0247091,0.044146
-56.962,37.9747,0.0257336,0.0475405
-53.1646,37.9747,0.0257336,0.0475405
-49.3671,37.9747,0.0263,0.0522988
-45.5696,37.9747,0.0263,0.0522988
-41.7722,37.9747,0.0278079,0.0587008
-37.9747,37.9747,0.0278079,0.0587008
-34.1772,37.9747,0.0293344,0.0629092
-30.3797,37.9747,0.0293344,0.0629092
-26.5823,37.9747,0.0300841,0.0722973
-22.7848,37.9747,0.0300841,0.0722973
-18.9873,37.9747,0.0307244,0.0837805
-15.1899,37.9747,0.0307244,0.0837805
-11.3924,37.9747,0.0305009,0.0933168
-7.59494,37.9747,0.0305009,0.0933168
-3.79747,37.9747,0.0301367,0.0968946
0,37.9747,0.0301367,0.0968946
-300,41.7722,0.013677,-0.0133412
-296.203,41.7722,0.013677,-0.0133412
-292.405,41.7722,0.0138014,-0.0127276
-288.608,41.7722,0.0138014,-0.0127276
-284.81,41.7722,0.0139897,-0.0116832
-281.013,41.7722,0.0139897,-0.0116832
-277.215,41.7722,0.0142362,-0.0105747
-273.418,41.7722,0.0142362,-0.0105747
-269.62,41.7722,0.0144432,-0.00934697
-265.823,41.7722,0.0144432,-0.00934697
-262.025,41.7722,0.0146517,-0.00806588
-258.228,41.7722,0.0146517,-0.00806588
-254.43,41.7722,0.0148579,-0.00716564
-250.633,41.7722,0.0148579,-0.00716564
-246.835,41.7722,0.0151197,-0.00668041
-243.038,41.7722,0.0151197,-0.00668041
-239.241,41.7722,0.0153323,-0.00537194
-235.443,41.7722,0.0153323,-0.00537194
-231.646,41.7722,0.0157124,-0.00417588
-227.848,41.7722,0.0157124,-0.00417588
-224.051,41.7722,0.0159216,-0.00253387
-220.253,41.7722,0.0159216,-0.00253387
-216.456,41.7722,0.016273,-0.00114365
-212.658,41.7722,0.016273,-0.00114365
-208.861,41.7722,0.0165179,-0.000949303
-205.063,41.7722,0.0165179,-0.000949303
-201.266,41.7722,0.0171185,0.000751002
-197.468,41.7722,0.0171185,0.000751002
-193.671,41.7722,0.0172336,0.00197818
-189.873,41.7722,0.0172336,0.00197818
-186.076,41.7722,0.0173763,0.00339475
-182.278,41.7722,0.0173763,0.00339475
-178.481,41.7722,0.0175831,0.00482662
-174.684,41.7722,0.0175831,0.00482662
-170.886,41.7722,0.0180289,0.00725401
-167.089,41.7722,0.0180289,0.00725401
-163.291,41.7722,0.0181517,0.00795705
-159.494,41.7722,0.0181517,0.00795705
-155.696,41.7722,0.0183386,0.00807266
-151.899,41.7722,0.0183386,0.00807266
-148.101,41.7722,0.0187938,0.00861104
-144.304,41.7722,0.0187938,0.00861104
-140.506,41.7722,0.0188492,0.010394
-136.709,41.7722,0.0188492,0.010394
-132.911,41.7722,0.0191078,0.0130916
-129.114,41.7722,0.0191078,0.0130916
-125.316,41.7722,0.0196813,0.014399
-121.519,41.7722,0.0196813,0.014399
-117.722,41.7722,0.0202758,0.015416
-113.924,41.7722,0.0202758,0.015416
-110.127,41.7722,0.0207343,0.0198594
-106.329,41.7722,0.0207343,0.0198594
-102.532,41.7722,0.0209921,0.0228074
-98.7342,41.7722,0.0209921,0.0228074
-94.9367,41.7722,0.0220339,0.0265277
-91.1392,41.7722,0.0220339,0.0265277
-87.3418,41.7722,0.022751,0.0278363
-83.5443,41.7722,0.022751,0.0278363
-79.7468,41.7722,0.0236825,0.0364117
-75.9494,41.7722,0.0236825,0.0364117
-72.1519,41.7722,0.0241336,0.0393579
-68.3544,41.7722,0.0241336,0.0393579
-64.557,41.7722,0.0247091,0.044146
-60.7595,41.7722,0.0247091,0.044146
-56.962,41.7722,0.0257336,0.0475405
-53.1646,41.7722,0.0257336,0.0475405
-49.3671,41.7722,0.0263,0.0522988
-45.5696,41.7722,0.0263,0.0522988
-41.7722,41.7722,0.0278079,0.0587008
-37.9747,41.7722,0.0278079,0.0587008
-34.1772,41.7722,0.0293344,0.0629092
-30.3797,41.7722,0.0293344,0.0629092
-26.5823,41.7722,0.0300841,0.0722973
-22.7848,41.7722,0.0300841,0.0722973
-18.9873,41.7722,0.0307244,0.0837805
-15.1899,41.7722,0.0307244,0.0837805
-11.3924,41.7722,0.0305009,0.0933168
-7.59494,41.7722,0.0305009,0.0933168
-3.79747,41.7722,0.0301367,0.0968946
0,41.7722,0.0301367,0.0968946
-300,45.5696,0.0151617,-0.00931592
-296.203,45.5696,0.0151617,-0.00931592
-292.405,45.5696,0.0152823,-0.00870238
-288.608,45.5696,0.0152823,-0.00870238
-284.81,45.5696,0.0154705,-0.00765797
-281.013,45.5696,0.0154705,-0.00765797
-277.215,45.5696,0.015717,-0.0066644
-273.418,45.5696,0.015717,-0.0066644
-269.62,45.5696,0.0159585,-0.00554016
-265.823,45.5696,0.0159585,-0.00554016
-262.025,45.5696,0.016167,-0.00425907
-258.228,45.5696,0.016167,-0.00425907
-254.43,45.5696,0.0164283,-0.00306001
-250.633,45.5696,0.0164283,-0.00306001
-246.835,45.5696,0.0166901,-0.00183127
-243.038,45.5696,0.0166901,-0.00183127
-239.241,45.5696,0.0168934,-0.000522797
-235.443,45.5696,0.0168934,-0.000522797
-231.646,45.5696,0.0172846,0.000284758
-227.848,45.5696,0.0172846,0.000284758
-224.051,45.5696,0.0174938,0.00192677
-220.253,45.5696,0.0174938,0.00192677
-216.456,45.5696,0.0178453,0.00331698
-212.658,45.5696,0.0178453,0.00331698
-208.861,45.5696,0.0182267,0.00351133
-205.063,45.5696,0.0182267,0.00351133
-201.266,45.5696,0.0188273,0.00610232
-197.468,45.5696,0.0188273,0.00610232
-193.671,45.5696,0.0189423,0.0073295
-189.873,45.5696,0.0189423,0.0073295
-186.076,45.5696,0.0190851,0.00874606
-182.278,45.5696,0.0190851,0.00874606
-178.481,45.5696,0.0192919,0.0101779
-174.684,45.5696,0.0192919,0.0101779
-170.886,45.5696,0.019559,0.0111489
-167.089,45.5696,0.019559,0.0111489
-163.291,45.5696,0.0196818,0.0121857
-159.494,45.5696,0.0196818,0.0121857
-155.696,45.5696,0.0195884,0.0123013
-151.899,45.5696,0.0195884,0.0123013
-148.101,45.5696,0.0201052,0.0150332
-144.304,45.5696,0.0201052,0.0150332
-140.506,45.5696,0.0210456,0.0168162
-136.709,45.5696,0.0210456,0.0168162
-132.911,45.5696,0.0215292,0.0188233
-129.114,45.5696,0.0215292,0.0188233
-125.316,45.5696,0.0220288,0.0195823
-121.519,45.5696,0.0220288,0.0195823
-117.722,45.5696,0.0229367,0.0205992
-113.924,45.5696,0.0229367,0.0205992
-110.127,45.5696,0.0233951,0.0297133
-106.329,45.5696,0.0233951,0.0297133
-102.532,45.5696,0.0235959,0.030877
-98.7342,45.5696,0.0235959,0.030877
-94.9367,45.5696,0.0246377,0.036566
-91.1392,45.5696,0.0246377,0.036566
-87.3418,45.5696,0.025247,0.0378747
-83.5443,45.5696,0.025247,0.0378747
-79.7468,45.5696,0.0261784,0.0437962
-75.9494,45.5696,0.0261784,0.0437962
-72.1519,45.5696,0.0266295,0.0467424
-68.3544,45.5696,0.0266295,0.0467424
-64.557,45.5696,0.0272364,0.0507856
-60.7595,45.5696,0.0272364,0.0507856
-56.962,45.5696,0.0282609,0.05418
-53.1646,45.5696,0.0282609,0.05418
-49.3671,45.5696,0.0290012,0.0603929
-45.5696,45.5696,0.0290012,0.0603929
-41.7722,45.5696,0.0292538,0.0697225
-37.9747,45.5696,0.0292538,0.0697225
-34.1772,45.5696,0.0307804,0.073931
-30.3797,45.5696,0.0307804,0.073931
-26.5823,45.5696,0.031341,0.0783798
-22.7848,45.5696,0.031341,0.0783798
-18.9873,45.5696,0.0319467,0.0878239
-15.1899,45.5696,0.0319467,0.0878239
-11.3924,45.5696,0.0317734,0.0973602
-7.59494,45.5696,0.0317734,0.0973602
-3.79747,45.5696,0.0314299,0.100938
0,45.5696,0.0314299,0.100938
-300,49.3671,0.0151617,-0.00931592
-296.203,49.3671,0.0151617,-0.00931592
-292.405,49.3671,0.0152823,-0.00870238
-288.608,49.3671,0.0152823,-0.00870238
-284.81,49.3671,0.0154705,-0.00765797
-281.013,49.3671,0.0154705,-0.00765797
-277.215,49.3671,0.015717,-0.0066644
-273.418,49.3671,0.015717,-0.0066644
-269.62,49.3671,0.0159585,-0.00554016
-265.823,49.3671,0.0159585,-0.00554016
-262.025,49.3671,0.016167,-0.00425907
-258.228,49.3671,0.016167,-0.00425907
-254.43,49.3671,0.0164283,-0.00306001
-250.633,49.3671,0.0164283,-0.00306001
-246.835,49.3671,0.0166901,-0.00183127
-243.038,49.3671,0.0166901,-0.00183127
-239.241,49.3671,0.0168934,-0.000522797
-235.443,49.3671,0.0168934,-0.000522797
-231.646,49.3671,0.0172846,0.000284758
-227.848,49.3671,0.0172846,0.000284758
-224.051,49.3671,0.0174938,0.00192677
-220.253,49.3671,0.0174938,0.00192677
-216.456,49.3671,0.0178453,0.00331698
-212.658,49.3671,0.0178453,0.00331698
-208.861,49.3671,0.0182267,0.00351133
-205.063,49.3671,0.0182267,0.00351133
-201.266,49.3671,0.0188273,0.00610232
-197.468,49.3671,0.0188273,0.00610232
-193.671,49.3671,0.0189423,0.0073295
-189.873,49.3671,0.0189423,0.0073295
-186.076,49.3671,0.0190851,0.00874606
-182.278,49.3671,0.0190851,0.00874606
-178.481,49.3671,0.0192919,0.0101779
-174.684,49.3671,0.0192919,0.0101779
-170.886,49.3671,0.019559,0.0111489
-167.089,49.3671,0.019559,0.0111489
-163.291,49.3671,0.0196818,0.0121857
-159.494,49.3671,0.0196818,0.0121857
-155.696,49.3671,0.0195884,0.0123013
-151.899,49.3671,0.0195884,0.0123013
-148.101,49.3671,0.0201052,0.0150332
-144.304,49.3671,0.0201052,0.0150332
-140.506,49.3671,0.0210456,0.0168162
-136.709,49.3671,0.0210456,0.0168162
-132.911,49.3671,0.0215292,0.0188233
-129.114,49.3671,0.0215292,0.0188233
-125.316,49.3671,0.0220288,0.0195823
-121.519,49.3671,0.0220288,0.0195823
-117.722,49.3671,0.0229367,0.0205992
-113.924,49.3671,0.0229367,0.0205992
-110.127,49.3671,0.0233951,0.0297133
-106.329,49.3671,0.0233951,0.0297133
-102.532,49.3671,0.0235959,0.030877
-98.7342,49.3671,0.0235959,0.030877
-94.9367,49.3671,0.0246377,0.036566
-91.1392,49.3671,0.0246377,0.036566
-87.3418,49.3671,0.025247,0.0378747
-83.5443,49.3671,0.025247,0.0378747
-79.7468,49.3671,0.0261784,0.0437962
-75.9494,49.3671,0.0261784,0.0437962
-72.1519,49.3671,0.0266295,0.0467424
-68.3544,49.3671,0.0266295,0.0467424
-64.557,49.3671,0.0272364,0.0507856
-60.7595,49.3671,0.0272364,0.0507856
-56.962,49.3671,0.0282609,0.05418
-53.1646,49.3671,0.0282609,0.05418
-49.3671,49.3671,0.0290012,0.0603929
-45.5696,49.3671,0.0290012,0.0603929
-41.7722,49.3671,0.0292538,0.0697225
-37.9747,49.3671,0.0292538,0.0697225
-34.1772,49.3671,0.0307804,0.073931
-30.3797,49.3671,0.0307804,0.073931
-26.5823,49.3671,0.031341,0.0783798
-22.7848,49.3671,0.031341,0.0783798
-18.9873,49.3671,0.0319467,0.0878239
-15.1899,49.3671,0.0319467,0.0878239
-11.3924,49.3671,0.0317734,0.0973602
-7.59494,49.3671,0.0317734,0.0973602
-3.79747,49.3671,0.0314299,0.100938
0,49.3671,0.0314299,0.100938
-300,53.1646,0.0165186,-0.00517459
-296.203,53.1646,0.0165186,-0.00517459
-292.405,53.1646,0.0166476,-0.00456106
-288.608,53.1646,0.0166476,-0.00456106
-284.81,53.1646,0.0168675,-0.00345461
-281.013,53.1646,0.0168675,-0.00345461
-277.215,53.1646,0.0171562,-0.00239705
-273.418,53.1646,0.0171562,-0.00239705
-269.62,53.1646,0.0173453,-0.00127281
-265.823,53.1646,0.0173453,-0.00127281
-262.025,53.1646,0.0176151,2.68426e-05
-258.228,53.1646,0.0176151,2.68426e-05
-254.43,53.1646,0.0178557,0.0012259
-250.633,53.1646,0.0178557,0.0012259
-246.835,53.1646,0.0181175,0.00245464
-243.038,53.1646,0.0181175,0.00245464
-239.241,53.1646,0.0183179,0.00376311
-235.443,53.1646,0.0183179,0.00376311
-231.646,53.1646,0.0186253,0.00457067
-227.848,53.1646,0.0186253,0.00457067
-224.051,53.1646,0.0188345,0.00621268
-220.253,53.1646,0.0188345,0.00621268
-216.456,53.1646,0.0191859,0.00738963
-212.658,53.1646,0.0191859,0.00738963
-208.861,53.1646,0.0197445,0.00754295
-205.063,53.1646,0.0197445,0.00754295
-201.266,53.1646,0.0203451,0.0100933
-197.468,53.1646,0.0203451,0.0100933
-193.671,53.1646,0.0204062,0.0113205
-189.873,53.1646,0.0204062,0.0113205
-186.076,53.1646,0.0207767,0.0121965
-182.278,53.1646,0.0207767,0.0121965
-178.481,53.1646,0.0209768,0.0137652
-174.684,53.1646,0.0209768,0.0137652
-170.886,53.1646,0.0212439,0.0140046
-167.089,53.1646,0.0212439,0.0140046
-163.291,53.1646,0.0213824,0.0150413
-159.494,53.1646,0.0213824,0.0150413
-155.696,53.1646,0.0212477,0.0183854
-151.899,53.1646,0.0212477,0.0183854
-148.101,53.1646,0.0217896,0.0211173
-144.304,53.1646,0.0217896,0.0211173
-140.506,53.1646,0.0226992,0.0241091
-136.709,53.1646,0.0226992,0.0241091
-132.911,53.1646,0.0231172,0.0262009
-129.114,53.1646,0.0231172,0.0262009
-125.316,53.1646,0.0234532,0.0269599
-121.519,53.1646,0.0234532,0.0269599
-117.722,53.1646,0.0243664,0.0280683
-113.924,53.1646,0.0243664,0.0280683
-110.127,53.1646,0.0260795,0.0373898
-106.329,53.1646,0.0260795,0.0373898
-102.532,53.1646,0.0262782,0.0385534
-98.7342,53.1646,0.0262782,0.0385534
-94.9367,53.1646,0.0268849,0.0420831
-91.1392,53.1646,0.0268849,0.0420831
-87.3418,53.1646,0.0274941,0.0476856
-83.5443,53.1646,0.0274941,0.0476856
-79.7468,53.1646,0.027663,0.0506667
-75.9494,53.1646,0.027663,0.0506667
-72.1519,53.1646,0.0283505,0.0524732
-68.3544,53.1646,0.0283505,0.0524732
-64.557,53.1646,0.0289574,0.0561985
-60.7595,53.1646,0.0289574,0.0561985
-56.962,53.1646,0.0299819,0.0595547
-53.1646,53.1646,0.0299819,0.0595547
-49.3671,53.1646,0.0307222,0.0657676
-45.5696,53.1646,0.0307222,0.0657676
-41.7722,53.1646,0.0309749,0.075905
-37.9747,53.1646,0.0309749,0.075905
-34.1772,53.1646,0.0322383,0.0801135
-30.3797,53.1646,0.0322383,0.0801135
-26.5823,53.1646,0.0326619,0.0853185
-22.7848,53.1646,0.0326619,0.0853185
-18.9873,53.1646,0.0331972,0.0909533
-15.1899,53.1646,0.0331972,0.0909533
-11.3924,53.1646,0.0329449,0.10049
-7.59494,53.1646,0.0329449,0.10049
-3.79747,53.1646,0.032519,0.103508
0,53.1646,0.032519,0.103508
-300,56.962,0.0165186,-0.00517459
-296.203,56.962,0.0165186,-0.00517459
-292.405,56.962,0.0166476,-0.00456106
-288.608,56.962,0.0166476,-0.00456106
-284.81,56.962,0.0168675,-0.00345461
-281.013,56.962,0.0168675,-0.00345461
-277.215,56.962,0.0171562,-0.00239705
-273.418,56.962,0.0171562,-0.00239705
-269.62,56.962,0.0173453,-0.00127281
-265.823,56.962,0.0173453,-0.00127281
-262.025,56.962,0.0176151,2.68426e-05
-258.228,56.962,0.0176151,2.68426e-05
-254.43,56.962,0.0178557,0.0012259
-250.633,56.962,0.0178557,0.0012259
-246.835,56.962,0.0181175,0.00245464
-243.038,56.962,0.0181175,0.00245464
-239.241,56.962,0.0183179,0.00376311
-235.443,56.962,0.0183179,0.00376311
-231.646,56.962,0.0186253,0.00457067
-227.848,56.962,0.0186253,0.00457067
-224.051,56.962,0.0188345,0.00621268
-220.253,56.962,0.0188345,0.00621268
-216.456,56.962,0.0191859,0.00738963
-212.658,56.962,0.0191859,0.00738963
-208.861,56.962,0.0197445,0.00754295
-205.063,56.962,0.0197445,0.00754295
-201.266,56.962,0.0203451,0.0100933
-197.468,56.962,0.0203451,0.0100933
-193.671,56.962,0.0204062,0.0113205
-189.873,56.962,0.0204062,0.0113205
-186.076,56.962,0.0207767,0.0121965
-182.278,56.962,0.0207767,0.0121965
-178.481,56.962,0.0209768,0.0137652
-174.684,56.962,0.0209768,0.0137652
-170.886,56.962,0.0212439,0.0140046
-167.089,56.962,0.0212439,0.0140046
-163.291,56.962,0.0213824,0.0150413
-159.494,56.962,0.0213824,0.0150413
-155.696,56.962,0.0212477,0.0183854
-151.899,56.962,0.0212477,0.0183854
-148.101,56.962,0.0217896,0.0211173
-144.304,56.962,0.0217896,0.0211173
-140.506,56.962,0.0226992,0.0241091
-136.709,56.962,0.0226992,0.0241091
-132.911,56.962,0.0231172,0.0262009
-129.114,56.962,0.0231172,0.0262009
-125.316,56.962,0.0234532,0.0269599
-121.519,56.962,0.0234532,0.0269599
-117.722,56.962,0.0243664,0.0280683
-113.924,56.962,0.0243664,0.0280683
-110.127,56.962,0.0260795,0.0373898
-106.329,56.962,0.0260795,0.0373898
-102.532,56.962,0.0262782,0.0385534
-98.7342,56.962,0.0262782,0.0385534
-94.9367,56.962,0.0268849,0.0420831
-91.1392,56.962,0.0268849,0.0420831
-87.3418,56.962,0.0274941,0.0476856
-83.5443,56.962,0.0274941,0.0476856
-79.7468,56.962,0.027663,0.0506667
-75.9494,56.962,0.027663,0.0506667
-72.1519,56.962,0.0283505,0.0524732
-68.3544,56.962,0.0283505,0.0524732
-64.557,56.962,0.0289574,0.0561985
-60.7595,56.962,0.0289574,0.0561985
-56.962,56.962,0.0299819,0.0595547
-53.1646,56.962,0.0299819,0.0595547
-49.3671,56.962,0.0307222,0.0657676
-45.5696,56.962,0.0307222,0.0657676
-41.7722,56.962,0.0309749,0.075905
-37.9747,56.962,0.0309749,0.075905
-34.1772,56.962,0.0322383,0.0801135
-30.3797,56.962,0.0322383,0.0801135
-26.5823,56.962,0.0326619,0.0853185
-22.7848,56.962,0.0326619,0.0853185
-18.9873,56.962,0.0331972,0.0909533
-15.1899,56.962,0.0331972,0.0909533
-11.3924,56.962,0.0329449,0.10049
-7.59494,56.962,0.0329449,0.10049
-3.79747,56.962,0.032519,0.103508
0,56.962,0.032519,0.103508
-300,60.7595,0.017948,-0.00112873
-296.203,60.7595,0.017948,-0.00112873
-292.405,60.7595,0.018073,-0.000515193
-288.608,60.7595,0.018073,-0.000515193
-284.81,60.7595,0.0182928,0.000591249
-281.013,60.7595,0.0182928,0.000591249
-277.215,60.7595,0.0185815,0.00164881
-273.418,60.7595,0.0185815,0.00164881
-269.62,60.7595,0.0187707,0.00277305
-265.823,60.7595,0.0187707,0.00277305
-262.025,60.7595,0.0190405,0.00407271
-258.228,60.7595,0.0190405,0.00407271
-254.43,60.7595,0.0193725,0.00527176
-250.633,60.7595,0.0193725,0.00527176
-246.835,60.7595,0.0196343,0.00650051
-243.038,60.7595,0.0196343,0.00650051
-239.241,60.7595,0.0198347,0.00780898
-235.443,60.7595,0.0198347,0.00780898
-231.646,60.7595,0.0201421,0.00861653
-227.848,60.7595,0.0201421,0.00861653
-224.051,60.7595,0.0203513,0.0102585
-220.253,60.7595,0.0203513,0.0102585
-216.456,60.7595,0.0207027,0.0114355
-212.658,60.7595,0.0207027,0.0114355
-208.861,60.7595,0.0213387,0.0123022
-205.063,60.7595,0.0213387,0.0123022
-201.266,60.7595,0.0219392,0.0148525
-197.468,60.7595,0.0219392,0.0148525
-193.671,60.7595,0.0220003,0.0164364
-189.873,60.7595,0.0220003,0.0164364
-186.076,60.7595,0.0223708,0.0173124
-182.278,60.7595,0.0223708,0.0173124
-178.481,60.7595,0.0225709,0.0188811
-174.684,60.7595,0.0225709,0.0188811
-170.886,60.7595,0.0232242,0.0202665
-167.089,60.7595,0.0232242,0.0202665
-163.291,60.7595,0.0233627,0.0223783
-159.494,60.7595,0.0233627,0.0223783
-155.696,60.7595,0.0243559,0.0257224
-151.899,60.7595,0.0243559,0.0257224
-148.101,60.7595,0.0248978,0.0284543
-144.304,60.7595,0.0248978,0.0284543
-140.506,60.7595,0.0258075,0.0314461
-136.709,60.7595,0.0258075,0.0314461
-132.911,60.7595,0.0262254,0.0335999
-129.114,60.7595,0.0262254,0.0335999
-125.316,60.7595,0.0262936,0.0346088
-121.519,60.7595,0.0262936,0.0346088
-117.722,60.7595,0.0267914,0.0372796
-113.924,60.7595,0.0267914,0.0372796
-110.127,60.7595,0.0283514,0.0430447
-106.329,60.7595,0.0283514,0.0430447
-102.532,60.7595,0.0285586,0.0454092
-98.7342,60.7595,0.0285586,0.0454092
-94.9367,60.7595,0.0289868,0.0469325
-91.1392,60.7595,0.0289868,0.0469325
-87.3418,60.7595,0.029596,0.053019
-83.5443,60.7595,0.029596,0.053019
-79.7468,60.7595,0.0297649,0.0560002
-75.9494,60.7595,0.0297649,0.0560002
-72.1519,60.7595,0.0305732,0.0579805
-68.3544,60.7595,0.0305732,0.0579805
-64.557,60.7595,0.0308141,0.0617059
-60.7595,60.7595,0.0308141,0.0617059
-56.962,60.7595,0.0315718,0.0650621
-53.1646,60.7595,0.0315718,0.0650621
-49.3671,60.7595,0.0323121,0.0731002
-45.5696,60.7595,0.0323121,0.0731002
-41.7722,60.7595,0.0325648,0.0832377
-37.9747,60.7595,0.0325648,0.0832377
-34.1772,60.7595,0.033294,0.0874461
-30.3797,60.7595,0.033294,0.0874461
-26.5823,60.7595,0.0337177,0.0920839
-22.7848,60.7595,0.0337177,0.0920839
-18.9873,60.7595,0.034257,0.0947342
-15.1899,60.7595,0.034257,0.0947342
-11.3924,60.7595,0.0340212,0.104271
-7.59494,60.7595,0.0340212,0.104271
-3.79747,60.7595,0.0335953,0.106986
0,60.7595,0.0335953,0.106986
-300,64.557,0.017948,-0.00112873
-296.203,64.557,0.017948,-0.00112873
-292.405,64.557,0.018073,-0.000515193
-288.608,64.557,0.018073,-0.000515193
-284.81,64.557,0.0182928,0.000591249
-281.013,64.557,0.0182928,0.000591249
-277.215,64.557,0.0185815,0.00164881
-273.418,64.557,0.0185815,0.00164881
-269.62,64.557,0.0187707,0.00277305
-265.823,64.557,0.0187707,0.00277305
-262.025,64.557,0.0190405,0.00407271
-258.228,64.557,0.0190405,0.00407271
-254.43,64.557,0.0193725,0.00527176
-250.633,64.557,0.0193725,0.00527176
-246.835,64.557,0.0196343,0.00650051
-243.038,64.557,0.0196343,0.00650051
-239.241,64.557,0.0198347,0.00780898
-235.443,64.557,0.0198347,0.00780898
-231.646,64.557,0.0201421,0.00861653
-227.848,64.557,0.0201421,0.00861653
-224.051,64.557,0.0203513,0.0102585
-220.253,64.557,0.0203513,0.0102585
-216.456,64.557,0.0207027,0.0114355
-212.658,64.557,0.0207027,0.0114355
-208.861,64.557,0.0213387,0.0123022
-205.063,64.557,0.0213387,0.0123022
-201.266,64.557,0.0219392,0.0148525
-197.468,64.557,0.0219392,0.0148525
-193.671,64.557,0.0220003,0.0164364
-189.873,64.557,0.0220003,0.0164364
-186.076,64.557,0.0223708,0.0173124
-182.278,64.557,0.0223708,0.0173124
-178.481,64.557,0.0225709,0.0188811
-174.684,64.557,0.0225709,0.0188811
-170.886,64.557,0.0232242,0.0202665
-167.089,64.557,0.0232242,0.0202665
-163.291,64.557,0.0233627,0.0223783
-159.494,64.557,0.0233627,0.0223783
-155.696,64.557,0.0243559,0.0257224
-151.899,64.557,0.0243559,0.0257224
-148.101,64.557,0.0248978,0.0284543
-144.304,64.557,0.0248978,0.0284543
-140.506,64.557,0.0258075,0.0314461
-136.709,64.557,0.0258075,0.0314461
-132.911,64.557,0.0262254,0.0335999
-129.114,64.557,0.0262254,0.0335999
-125.316,64.557,0.0262936,0.0346088
-121.519,64.557,0.0262936,0.0346088
-117.722,64.557,0.0267914,0.0372796
-113.924,64.557,0.0267914,0.0372796
-110.127,64.557,0.0283514,0.0430447
-106.329,64.557,0.0283514,0.0430447
-102.532,64.557,0.0285586,0.0454092
-98.7342,64.557,0.0285586,0.0454092
-94.9367,64.557,0.0289868,0.0469325
-91.1392,64.557,0.0289868,0.0469325
-87.3418,64.557,0.029596,0.053019
-83.5443,64.557,0.029596,0.053019
-79.7468,64.557,0.0297649,0.0560002
-75.9494,64.557,0.0297649,0.0560002
-72.1519,64.557,0.0305732,0.0579805
-68.3544,64.557,0.0305732,0.0579805
-64.557,64.557,0.0308141,0.0617059
-60.7595,64.557,0.0308141,0.0617059
-56.962,64.557,0.0315718,0.0650621
-53.1646,64.557,0.0315718,0.0650621
-49.3671,64.557,0.0323121,0.0731002
-45.5696,64.557,0.0323121,0.0731002
-41.7722,64.557,0.0325648,0.0832377
-37.9747,64.557,0.0325648,0.0832377
-34.1772,64.557,0.033294,0.0874461
-30.3797,64.557,0.033294,0.0874461
-26.5823,64.557,0.0337177,0.0920839
-22.7848,64.557,0.0337177,0.0920839
-18.9873,64.557,0.034257,0.0947342
-15.1899,64.557,0.034257,0.0947342
-11.3924,64.557,0.0340212,0.104271
-7.59494,64.557,0.0340212,0.104271
-3.79747,64.557,0.0335953,0.106986
0,64.557,0.0335953,0.106986
-300,68.3544,0.0195277,0.00257638
-296.203,68.3544,0.0195277,0.00257638
-292.405,68.3544,0.0196655,0.00318992
-288.608,68.3544,0.0196655,0.00318992
-284.81,68.3544,0.0198869,0.00434373
-281.013,68.3544,0.0198869,0.00434373
-277.215,68.3544,0.0202635,0.00540129
-273.418,68.3544,0.0202635,0.00540129
-269.62,68.3544,0.0205045,0.00638216
-265.823,68.3544,0.0205045,0.00638216
-262.025,68.3544,0.0207473,0.00796325
-258.228,68.3544,0.0207473,0.00796325
-254.43,68.3544,0.0211556,0.00916231
-250.633,68.3544,0.0211556,0.00916231
-246.835,68.3544,0.0214174,0.0106997
-243.038,68.3544,0.0214174,0.0106997
-239.241,68.3544,0.0217134,0.0117753
-235.443,68.3544,0.0217134,0.0117753
-231.646,68.3544,0.0219699,0.0122143
-227.848,68.3544,0.0219699,0.0122143
-224.051,68.3544,0.0221791,0.0138563
-220.253,68.3544,0.0221791,0.0138563
-216.456,68.3544,0.022256,0.0150333
-212.658,68.3544,0.022256,0.0150333
-208.861,68.3544,0.022992,0.0164107
-205.063,68.3544,0.022992,0.0164107
-201.266,68.3544,0.0233515,0.0189611
-197.468,68.3544,0.0233515,0.0189611
-193.671,68.3544,0.0234451,0.0213985
-189.873,68.3544,0.0234451,0.0213985
-186.076,68.3544,0.0238337,0.0225296
-182.278,68.3544,0.0238337,0.0225296
-178.481,68.3544,0.0244014,0.0239731
-174.684,68.3544,0.0244014,0.0239731
-170.886,68.3544,0.0248755,0.0253584
-167.089,68.3544,0.0248755,0.0253584
-163.291,68.3544,0.024993,0.0283118
-159.494,68.3544,0.024993,0.0283118
-155.696,68.3544,0.0259862,0.0316558
-151.899,68.3544,0.0259862,0.0316558
-148.101,68.3544,0.0263639,0.0342231
-144.304,68.3544,0.0263639,0.0342231
-140.506,68.3544,0.0272735,0.0381961
-136.709,68.3544,0.0272735,0.0381961
-132.911,68.3544,0.0276914,0.039926
-129.114,68.3544,0.0276914,0.039926
-125.316,68.3544,0.0277596,0.0409349
-121.519,68.3544,0.0277596,0.0409349
-117.722,68.3544,0.0280694,0.0437777
-113.924,68.3544,0.0280694,0.0437777
-110.127,68.3544,0.0296142,0.0480759
-106.329,68.3544,0.0296142,0.0480759
-102.532,68.3544,0.0298096,0.0504404
-98.7342,68.3544,0.0298096,0.0504404
-94.9367,68.3544,0.0302518,0.0519637
-91.1392,68.3544,0.0302518,0.0519637
-87.3418,68.3544,0.0308611,0.0575219
-83.5443,68.3544,0.0308611,0.0575219
-79.7468,68.3544,0.0310948,0.0606849
-75.9494,68.3544,0.0310948,0.0606849
-72.1519,68.3544,0.031903,0.0627362
-68.3544,68.3544,0.031903,0.0627362
-64.557,68.3544,0.032418,0.0659592
-60.7595,68.3544,0.032418,0.0659592
-56.962,68.3544,0.0328625,0.0693154
-53.1646,68.3544,0.0328625,0.0693154
-49.3671,68.3544,0.0336028,0.0773536
-45.5696,68.3544,0.0336028,0.0773536
-41.7722,68.3544,0.0338555,0.0874316
-37.9747,68.3544,0.0338555,0.0874316
-34.1772,68.3544,0.0342465,0.0903832
-30.3797,68.3544,0.0342465,0.0903832
-26.5823,68.3544,0.0345126,0.0949916
-22.7848,68.3544,0.0345126,0.0949916
-18.9873,68.3544,0.0347691,0.0968166
-15.1899,68.3544,0.0347691,0.0968166
-11.3924,68.3544,0.0343188,0.105806
-7.59494,68.3544,0.0343188,0.105806
-3.79747,68.3544,0.0338929,0.108522
0,68.3544,0.0338929,0.108522
-300,72.1519,0.0195277,0.00257638
-296.203,72.1519,0.0195277,0.00257638
-292.405,72.1519,0.0196655,0.00318992
-288.608,72.1519,0.0196655,0.00318992
-284.81,72.1519,0.0198869,0.00434373
-281.013,72.1519,0.0198869,0.00434373
-277.215,72.1519,0.0202635,0.00540129
-273.418,72.1519,0.0202635,0.00540129
-269.62,72.1519,0.0205045,0.00638216
-265.823,72.1519,0.0205045,0.00638216
-262.025,72.1519,0.0207473,0.00796325
-258.228,72.1519,0.0207473,0.00796325
-254.43,72.1519,0.0211556,0.00916231
-250.633,72.1519,0.0211556,0.00916231
-246.835,72.1519,0.0214174,0.0106997
-243.038,72.1519,0.0214174,0.0106997
-239.241,72.1519,0.0217134,0.0117753
-235.443,72.1519,0.0217134,0.0117753
-231.646,72.1519,0.0219699,0.0122143
-227.848,72.1519,0.0219699,0.0122143
-224.051,72.1519,0.0221791,0.0138563
-220.253,72.1519,0.0221791,0.0138563
-216.456,72.1519,0.022256,0.0150333
-212.658,72.1519,0.022256,0.0150333
-208.861,72.1519,0.022992,0.0164107
-205.063,72.1519,0.022992,0.0164107
-201.266,72.1519,0.0233515,0.0189611
-197.468,72.1519,0.0233515,0.0189611
-193.671,72.1519,0.0234451,0.0213985
-189.873,72.1519,0.0234451,0.0213985
-186.076,72.1519,0.0238337,0.0225296
-182.278,72.1519,0.0238337,0.0225296
-178.481,72.1519,0.0244014,0.0239731
-174.684,72.1519,0.0244014,0.0239731
-170.886,72.1519,0.0248755,0.0253584
-167.089,72.1519,0.0248755,0.0253584
-163.291,72.1519,0.024993,0.0283118
-159.494,72.1519,0.024993,0.0283118
-155.696,72.1519,0.0259862,0.0316558
-151.899,72.1519,0.0259862,0.0316558
-148.101,72.1519,0.0263639,0.0342231
-144.304,72.1519,0.0263639,0.0342231
-140.506,72.1519,0.0272735,0.0381961
-136.709,72.1519,0.0272735,0.0381961
-132.911,72.1519,0.0276914,0.039926
-129.114,72.1519,0.0276914,0.039926
-125.316,72.1519,0.0277596,0.0409349
-121.519,72.1519,0.0277596,0.0409349
-117.722,72.1519,0.0280694,0.0437777
-113.924,72.1519,0.0280694,0.0437777
-110.127,72.1519,0.0296142,0.0480759
-106.329,72.1519,0.0296142,0.0480759
-102.532,72.1519,0.0298096,0.0504404
-98.7342,72.1519,0.0298096,0.0504404
-94.9367,72.1519,0.0302518,0.0519637
-91.1392,72.1519,0.0302518,0.0519637
-87.3418,72.1519,0.0308611,0.0575219
-83.5443,72.1519,0.0308611,0.0575219
-79.7468,72.1519,0.0310948,0.0606849
-75.9494,72.1519,0.0310948,0.0606849
-72.1519,72.1519,0.031903,0.0627362
-68.3544,72.1519,0.031903,0.0627362
-64.557,72.1519,0.032418,0.0659592
-60.7595,72.1519,0.032418,0.0659592
-56.962,72.1519,0.0328625,0.0693154
-53.1646,72.1519,0.0328625,0.0693154
-49.3671,72.1519,0.0336028,0.0773536
-45.5696,72.1519,0.0336028,0.0773536
-41.7722,72.1519,0.0338555,0.0874316
-37.9747,72.1519,0.0338555,0.0874316
-34.1772,72.1519,0.0342465,0.0903832
-30.3797,72.1519,0.0342465,0.0903832
-26.5823,72.1519,0.0345126,0.0949916
-22.7848,72.1519,0.0345126,0.0949916
-18.9873,72.1519,0.0347691,0.0968166
-15.1899,72.1519,0.0347691,0.0968166
-11.3924,72.1519,0.0343188,0.105806
-7.59494,72.1519,0.0343188,0.105806
-3.79747,72.1519,0.0338929,0.108522
0,72.1519,0.0338929,0.108522
-300,75.9494,0.0208597,0.00736052
-296.203,75.9494,0.0208597,0.00736052
-292.405,75.9494,0.0209975,0.00797405
-288.608,75.9494,0.0209975,0.00797405
-284.81,75.9494,0.0212189,0.00913889
-281.013,75.9494,0.0212189,0.00913889
-277.215,75.9494,0.0215955,0.00992487
-273.418,75.9494,0.0215955,0.00992487
-269.62,75.9494,0.0218365,0.0110083
-265.823,75.9494,0.0218365,0.0110083
-262.025,75.9494,0.0221582,0.0124762
-258.228,75.9494,0.0221582,0.0124762
-254.43,75.9494,0.0225834,0.0136753
-250.633,75.9494,0.0225834,0.0136753
-246.835,75.9494,0.022954,0.0149041
-243.038,75.9494,0.022954,0.0149041
-239.241,75.9494,0.0233237,0.0159992
-235.443,75.9494,0.0233237,0.0159992
-231.646,75.9494,0.0235803,0.0168045
-227.848,75.9494,0.0235803,0.0168045
-224.051,75.9494,0.0237895,0.0184465
-220.253,75.9494,0.0237895,0.0184465
-216.456,75.9494,0.0238664,0.0191479
-212.658,75.9494,0.0238664,0.0191479
-208.861,75.9494,0.0244508,0.0204503
-205.063,75.9494,0.0244508,0.0204503
-201.266,75.9494,0.0246857,0.0230943
-197.468,75.9494,0.0246857,0.0230943
-193.671,75.9494,0.0250119,0.0262233
-189.873,75.9494,0.0250119,0.0262233
-186.076,75.9494,0.0251604,0.0271163
-182.278,75.9494,0.0251604,0.0271163
-178.481,75.9494,0.0255554,0.0300839
-174.684,75.9494,0.0255554,0.0300839
-170.886,75.9494,0.0259556,0.0314692
-167.089,75.9494,0.0259556,0.0314692
-163.291,75.9494,0.0260731,0.0344226
-159.494,75.9494,0.0260731,0.0344226
-155.696,75.9494,0.0270663,0.0377666
-151.899,75.9494,0.0270663,0.0377666
-148.101,75.9494,0.0276714,0.0406687
-144.304,75.9494,0.0276714,0.0406687
-140.506,75.9494,0.0290339,0.0446418
-136.709,75.9494,0.0290339,0.0446418
-132.911,75.9494,0.0294411,0.0463717
-129.114,75.9494,0.0294411,0.0463717
-125.316,75.9494,0.0295093,0.0473806
-121.519,75.9494,0.0295093,0.0473806
-117.722,75.9494,0.0298191,0.0508002
-113.924,75.9494,0.0298191,0.0508002
-110.127,75.9494,0.0316434,0.054153
-106.329,75.9494,0.0316434,0.054153
-102.532,75.9494,0.0317117,0.0553594
-98.7342,75.9494,0.0317117,0.0553594
-94.9367,75.9494,0.0321271,0.0575793
-91.1392,75.9494,0.0321271,0.0575793
-87.3418,75.9494,0.032708,0.0601234
-83.5443,75.9494,0.032708,0.0601234
-79.7468,75.9494,0.0330398,0.0637379
-75.9494,75.9494,0.0330398,0.0637379
-72.1519,75.9494,0.033829,0.0665756
-68.3544,75.9494,0.033829,0.0665756
-64.557,75.9494,0.0345835,0.0705718
-60.7595,75.9494,0.0345835,0.0705718
-56.962,75.9494,0.0350191,0.0742321
-53.1646,75.9494,0.0350191,0.0742321
-49.3671,75.9494,0.0357594,0.0822703
-45.5696,75.9494,0.0357594,0.0822703
-41.7722,75.9494,0.0360121,0.091449
-37.9747,75.9494,0.0360121,0.091449
-34.1772,75.9494,0.0363051,0.0945783
-30.3797,75.9494,0.0363051,0.0945783
-26.5823,75.9494,0.0365712,0.09916
-22.7848,75.9494,0.0365712,0.09916
-18.9873,75.9494,0.0368278,0.101515
-15.1899,75.9494,0.0368278,0.101515
-11.3924,75.9494,0.0362785,0.107648
-7.59494,75.9494,0.0362785,0.107648
-3.79747,75.9494,0.0358526,0.11081
0,75.9494,0.0358526,0.11081
-300,79.7468,0.0208597,0.00736052
-296.203,79.7468,0.0208597,0.00736052
-292.405,79.7468,0.0209975,0.00797405
-288.608,79.7468,0.0209975,0.00797405
-284.81,79.7468,0.0212189,0.00913889
-281.013,79.7468,0.0212189,0.00913889
-277.215,79.7468,0.0215955,0.00992487
-273.418,79.7468,0.0215955,0.00992487
-269.62,79.7468,0.0218365,0.0110083
-265.823,79.7468,0.0218365,0.0110083
-262.025,79.7468,0.0221582,0.0124762
-258.228,79.7468,0.0221582,0.0124762
-254.43,79.7468,0.0225834,0.0136753
-250.633,79.7468,0.0225834,0.0136753
-246.835,79.7468,0.022954,0.0149041
-243.038,79.7468,0.022954,0.0149041
-239.241,79.7468,0.0233237,0.0159992
-235.443,79.7468,0.0233237,0.0159992
-231.646,79.7468,0.0235803,0.0168045
-227.848,79.7468,0.0235803,0.0168045
-224.051,79.7468,0.0237895,0.0184465
-220.253,79.7468,0.0237895,0.0184465
-216.456,79.7468,0.0238664,0.0191479
-212.658,79.7468,0.0238664,0.0191479
-208.861,79.7468,0.0244508,0.0204503
-205.063,79.7468,0.0244508,0.0204503
-201.266,79.7468,0.0246857,0.0230943
-197.468,79.7468,0.0246857,0.0230943
-193.671,79.7468,0.0250119,0.0262233
-189.873,79.7468,0.0250119,0.0262233
-186.076,79.7468,0.0251604,0.0271163
-182.278,79.7468,0.0251604,0.0271163
-178.481,79.7468,0.0255554,0.0300839
-174.684,79.7468,0.0255554,0.0300839
-170.886,79.7468,0.0259556,0.0314692
-167.089,79.7468,0.0259556,0.0314692
-163.291,79.7468,0.0260731,0.0344226
-159.494,79.7468,0.0260731,0.0344226
-155.696,79.7468,0.0270663,0.0377666
-151.899,79.7468,0.0270663,0.0377666
-148.101,79.7468,0.0276714,0.0406687
-144.304,79.7468,0.0276714,0.0406687
-140.506,79.7468,0.0290339,0.0446418
-136.709,79.7468,0.0290339,0.0446418
-132.911,79.7468,0.0294411,0.0463717
-129.114,79.7468,0.0294411,0.0463717
-125.316,79.7468,0.0295093,0.0473806
-121.519,79.7468,0.0295093,0.0473806
-117.722,79.7468,0.0298191,0.0508002
-113.924,79.7468,0.0298191,0.0508002
-110.127,79.7468,0.0316434,0.054153
-106.329,79.7468,0.0316434,0.054153
-102.532,79.7468,0.0317117,0.0553594
-98.7342,79.7468,0.0317117,0.0553594
-94.9367,79.7468,0.0321271,0.0575793
-91.1392,79.7468,0.0321271,0.0575793
-87.3418,79.7468,0.032708,0.0601234
-83.5443,79.7468,0.032708,0.0601234
-79.7468,79.7468,0.0330398,0.0637379
-75.9494,79.7468,0.0330398,0.0637379
-72.1519,79.7468,0.033829,0.0665756
-68.3544,79.7468,0.033829,0.0665756
-64.557,79.7468,0.0345835,0.0705718
-60.7595,79.7468,0.0345835,0.0705718
-56.962,79.7468,0.0350191,0.0742321
-53.1646,79.7468,0.0350191,0.0742321
-49.3671,79.7468,0.0357594,0.0822703
-45.5696,79.7468,0.0357594,0.0822703
-41.7722,79.7468,0.0360121,0.091449
-37.9747,79.7468,0.0360121,0.091449
-34.1772,79.7468,0.0363051,0.0945783
-30.3797,79.7468,0.0363051,0.0945783
-26.5823,79.7468,0.0365712,0.09916
-22.7848,79.7468,0.0365712,0.09916
-18.9873,79.7468,0.0368278,0.101515
-15.1899,79.7468,0.0368278,0.101515
-11.3924,79.7468,0.0362785,0.107648
-7.59494,79.7468,0.0362785,0.107648
-3.79747,79.7468,0.0358526,0.11081
0,79.7468,0.0358526,0.11081
-300,83.5443,0.022598,0.012076
-296.203,83.5443,0.022598,0.012076
-292.405,83.5443,0.0227505,0.0126735
-288.608,83.5443,0.0227505,0.0126735
-284.81,83.5443,0.0229841,0.0138257
-281.013,83.5443,0.0229841,0.0138257
-277.215,83.5443,0.023366,0.0146117
-273.418,83.5443,0.023366,0.0146117
-269.62,83.5443,0.0236119,0.0159467
-265.823,83.5443,0.0236119,0.0159467
-262.025,83.5443,0.0239057,0.0176808
-258.228,83.5443,0.0239057,0.0176808
-254.43,83.5443,0.024331,0.0185921
-250.633,83.5443,0.024331,0.0185921
-246.835,83.5443,0.0247016,0.0208301
-243.038,83.5443,0.0247016,0.0208301
-239.241,83.5443,0.0250561,0.0220791
-235.443,83.5443,0.0250561,0.0220791
-231.646,83.5443,0.0252682,0.0233309
-227.848,83.5443,0.0252682,0.0233309
-224.051,83.5443,0.0255424,0.0244401
-220.253,83.5443,0.0255424,0.0244401
-216.456,83.5443,0.0257038,0.0257373
-212.658,83.5443,0.0257038,0.0257373
-208.861,83.5443,0.0263462,0.0270397
-205.063,83.5443,0.0263462,0.0270397
-201.266,83.5443,0.0265811,0.028202
-197.468,83.5443,0.0265811,0.028202
-193.671,83.5443,0.0269287,0.0321377
-189.873,83.5443,0.0269287,0.0321377
-186.076,83.5443,0.0270772,0.0330696
-182.278,83.5443,0.0270772,0.0330696
-178.481,83.5443,0.0275051,0.0360372
-174.684,83.5443,0.0275051,0.0360372
-170.886,83.5443,0.0279053,0.0374225
-167.089,83.5443,0.0279053,0.0374225
-163.291,83.5443,0.0280228,0.0398526
-159.494,83.5443,0.0280228,0.0398526
-155.696,83.5443,0.0290159,0.0431966
-151.899,83.5443,0.0290159,0.0431966
-148.101,83.5443,0.029389,0.0460987
-144.304,83.5443,0.029389,0.0460987
-140.506,83.5443,0.030263,0.0487537
-136.709,83.5443,0.030263,0.0487537
-132.911,83.5443,0.0306702,0.0508808
-129.114,83.5443,0.0306702,0.0508808
-125.316,83.5443,0.0307384,0.0518897
-121.519,83.5443,0.0307384,0.0518897
-117.722,83.5443,0.0310482,0.054432
-113.924,83.5443,0.0310482,0.054432
-110.127,83.5443,0.0325069,0.0577849
-106.329,83.5443,0.0325069,0.0577849
-102.532,83.5443,0.0325845,0.0605301
-98.7342,83.5443,0.0325845,0.0605301
-94.9367,83.5443,0.0331028,0.0630815
-91.1392,83.5443,0.0331028,0.0630815
-87.3418,83.5443,0.0337644,0.0656256
-83.5443,83.5443,0.0337644,0.0656256
-79.7468,83.5443,0.0340798,0.0699216
-75.9494,83.5443,0.0340798,0.0699216
-72.1519,83.5443,0.0348568,0.0727593
-68.3544,83.5443,0.0348568,0.0727593
-64.557,83.5443,0.0356114,0.0773224
-60.7595,83.5443,0.0356114,0.0773224
-56.962,83.5443,0.036011,0.0803782
-53.1646,83.5443,0.036011,0.0803782
-49.3671,83.5443,0.0367513,0.0865257
-45.5696,83.5443,0.0367513,0.0865257
-41.7722,83.5443,0.0369791,0.0954788
-37.9747,83.5443,0.0369791,0.0954788
-34.1772,83.5443,0.037248,0.097335
-30.3797,83.5443,0.037248,0.097335
-26.5823,83.5443,0.0374703,0.103231
-22.7848,83.5443,0.0374703,0.103231
-18.9873,83.5443,0.0376403,0.105586
-15.1899,83.5443,0.0376403,0.105586
-11.3924,83.5443,0.037091,0.108169
-7.59494,83.5443,0.037091,0.108169
-3.79747,83.5443,0.0365602,0.111331
0,83.5443,0.0365602,0.111331
-300,87.3418,0.022598,0.012076
-296.203,87.3418,0.022598,0.012076
-292.405,87.3418,0.0227505,0.0126735
-288.608,87.3418,0.0227505,0.0126735
-284.81,87.3418,0.0229841,0.0138257
-281.013,87.3418,0.0229841,0.0138257
-277.215,87.3418,0.023366,0.0146117
-273.418,87.3418,0.023366,0.0146117
-269.62,87.3418,0.0236119,0.0159467
-265.823,87.3418,0.0236119,0.0159467
-262.025,87.3418,0.0239057,0.0176808
-258.228,87.3418,0.0239057,0.0176808
-254.43,87.3418,0.024331,0.0185921
-250.633,87.3418,0.024331,0.0185921
-246.835,87.3418,0.0247016,0.0208301
-243.038,87.3418,0.0247016,0.0208301
-239.241,87.3418,0.0250561,0.0220791
-235.443,87.3418,0.0250561,0.0220791
-231.646,87.3418,0.0252682,0.0233309
-227.848,87.3418,0.0252682,0.0233309
-224.051,87.3418,0.0255424,0.0244401
-220.253,87.3418,0.0255424,0.0244401
-216.456,87.3418,0.0257038,0.0257373
-212.658,87.3418,0.0257038,0.0257373
-208.861,87.3418,0.0263462,0.0270397
-205.063,87.3418,0.0263462,0.0270397
-201.266,87.3418,0.0265811,0.028202
-197.468,87.3418,0.0265811,0.028202
-193.671,87.3418,0.0269287,0.0321377
-189.873,87.3418,0.0269287,0.0321377
-186.076,87.3418,0.0270772,0.0330696
-182.278,87.3418,0.0270772,0.0330696
-178.481,87.3418,0.0275051,0.0360372
-174.684,87.3418,0.0275051,0.0360372
-170.886,87.3418,0.0279053,0.0374225
-167.089,87.3418,0.0279053,0.0374225
-163.291,87.3418,0.0280228,0.0398526
-159.494,87.3418,0.0280228,0.0398526
-155.696,87.3418,0.0290159,0.0431966
-151.899,87.3418,0.0290159,0.0431966
-148.101,87.3418,0.029389,0.0460987
-144.304,87.3418,0.029389,0.0460987
-140.506,87.3418,0.030263,0.0487537
-136.709,87.3418,0.030263,0.0487537
-132.911,87.3418,0.0306702,0.0508808
-129.114,87.3418,0.0306702,0.0508808
-125.316,87.3418,0.0307384,0.0518897
-121.519,87.3418,0.0307384,0.0518897
-117.722,87.3418,0.0310482,0.054432
-113.924,87.3418,0.0310482,0.054432
-110.127,87.3418,0.0325069,0.0577849
-106.329,87.3418,0.0325069,0.0577849
-102.532,87.3418,0.0325845,0.0605301
-98.7342,87.3418,0.0325845,0.0605301
-94.9367,87.3418,0.0331028,0.0630815
-91.1392,87.3418,0.0331028,0.0630815
-87.3418,87.3418,0.0337644,0.0656256
-83.5443,87.3418,0.0337644,0.0656256
-79.7468,87.3418,0.0340798,0.0699216
-75.9494,87.3418,0.0340798,0.0699216
-72.1519,87.3418,0.0348568,0.0727593
-68.3544,87.3418,0.0348568,0.0727593
-64.557,87.3418,0.0356114,0.0773224
-60.7595,87.3418,0.0356114,0.0773224
-56.962,87.3418,0.036011,0.0803782
-53.1646,87.3418,0.036011,0.0803782
-49.3671,87.3418,0.0367513,0.0865257
-45.5696,87.3418,0.0367513,0.0865257
-41.7722,87.3418,0.0369791,0.0954788
-37.9747,87.3418,0.0369791,0.0954788
-34.1772,87.3418,0.037248,0.097335
-30.3797,87.3418,0.037248,0.097335
-26.5823,87.3418,0.0374703,0.103231
-22.7848,87.3418,0.0374703,0.103231
-18.9873,87.3418,0.0376403,0.105586
-15.1899,87.3418,0.0376403,0.105586
-11.3924,87.3418,0.037091,0.108169
-7.59494,87.3418,0.037091,0.108169
-3.79747,87.3418,0.0365602,0.111331
0,87.3418,0.0365602,0.111331
-300,91.1392,0.0238425,0.0145136
-296.203,91.1392,0.0238425,0.0145136
-292.405,91.1392,0.024043,0.0152286
-288.608,91.1392,0.024043,0.0152286
-284.81,91.1392,0.0243818,0.0166572
-281.013,91.1392,0.0243818,0.0166572
-277.215,91.1392,0.024865,0.0178275
-273.418,91.1392,0.024865,0.0178275
-269.62,91.1392,0.025005,0.0191624
-265.823,91.1392,0.025005,0.0191624
-262.025,91.1392,0.0252584,0.0211239
-258.228,91.1392,0.0252584,0.0211239
-254.43,91.1392,0.0256109,0.0220352
-250.633,91.1392,0.0256109,0.0220352
-246.835,91.1392,0.0260257,0.0243732
-243.038,91.1392,0.0260257,0.0243732
-239.241,91.1392,0.0263345,0.0256596
-235.443,91.1392,0.0263345,0.0256596
-231.646,91.1392,0.0266009,0.0271831
-227.848,91.1392,0.0266009,0.0271831
-224.051,91.1392,0.0269043,0.0277051
-220.253,91.1392,0.0269043,0.0277051
-216.456,91.1392,0.0270658,0.0287822
-212.658,91.1392,0.0270658,0.0287822
-208.861,91.1392,0.0277082,0.0300845
-205.063,91.1392,0.0277082,0.0300845
-201.266,91.1392,0.0279431,0.031261
-197.468,91.1392,0.0279431,0.031261
-193.671,91.1392,0.028261,0.0351967
-189.873,91.1392,0.028261,0.0351967
-186.076,91.1392,0.0284095,0.0363343
-182.278,91.1392,0.0284095,0.0363343
-178.481,91.1392,0.0289276,0.0390306
-174.684,91.1392,0.0289276,0.0390306
-170.886,91.1392,0.0295187,0.040593
-167.089,91.1392,0.0295187,0.040593
-163.291,91.1392,0.0296361,0.0430231
-159.494,91.1392,0.0296361,0.0430231
-155.696,91.1392,0.0306293,0.0463671
-151.899,91.1392,0.0306293,0.0463671
-148.101,91.1392,0.0310024,0.0492693
-144.304,91.1392,0.0310024,0.0492693
-140.506,91.1392,0.0318764,0.0521096
-136.709,91.1392,0.0318764,0.0521096
-132.911,91.1392,0.0321983,0.0542366
-129.114,91.1392,0.0321983,0.0542366
-125.316,91.1392,0.0322035,0.0547476
-121.519,91.1392,0.0322035,0.0547476
-117.722,91.1392,0.0325133,0.0576256
-113.924,91.1392,0.0325133,0.0576256
-110.127,91.1392,0.0336889,0.0610076
-106.329,91.1392,0.0336889,0.0610076
-102.532,91.1392,0.0337407,0.0643162
-98.7342,91.1392,0.0337407,0.0643162
-94.9367,91.1392,0.0343745,0.0668675
-91.1392,91.1392,0.0343745,0.0668675
-87.3418,91.1392,0.0350953,0.0694116
-83.5443,91.1392,0.0350953,0.0694116
-79.7468,91.1392,0.0355429,0.0738659
-75.9494,91.1392,0.0355429,0.0738659
-72.1519,91.1392,0.036237,0.0767037
-68.3544,91.1392,0.036237,0.0767037
-64.557,91.1392,0.0369916,0.0812668
-60.7595,91.1392,0.0369916,0.0812668
-56.962,91.1392,0.0373677,0.0825936
-53.1646,91.1392,0.0373677,0.0825936
-49.3671,91.1392,0.038108,0.0887411
-45.5696,91.1392,0.038108,0.0887411
-41.7722,91.1392,0.0383235,0.0976942
-37.9747,91.1392,0.0383235,0.0976942
-34.1772,91.1392,0.0383235,0.0992021
-30.3797,91.1392,0.0383235,0.0992021
-26.5823,91.1392,0.0383235,0.105019
-22.7848,91.1392,0.0383235,0.105019
-18.9873,91.1392,0.0382375,0.108786
-15.1899,91.1392,0.0382375,0.108786
-11.3924,91.1392,0.0376882,0.110446
-7.59494,91.1392,0.0376882,0.110446
-3.79747,91.1392,0.0370661,0.112748
0,91.1392,0.0370661,0.112748
-300,94.9367,0.0238425,0.0145136
-296.203,94.9367,0.0238425,0.0145136
-292.405,94.9367,0.024043,0.0152286
-288.608,94.9367,0.024043,0.0152286
-284.81,94.9367,0.0243818,0.0166572
-281.013,94.9367,0.0243818,0.0166572
-277.215,94.9367,0.024865,0.0178275
-273.418,94.9367,0.024865,0.0178275
-269.62,94.9367,0.025005,0.0191624
-265.823,94.9367,0.025005,0.0191624
-262.025,94.9367,0.0252584,0.0211239
-258.228,94.9367,0.0252584,0.0211239
-254.43,94.9367,0.0256109,0.0220352
-250.633,94.9367,0.0256109,0.0220352
-246.835,94.9367,0.0260257,0.0243732
-243.038,94.9367,0.0260257,0.0243732
-239.241,94.9367,0.0263345,0.0256596
-235.443,94.9367,0.0263345,0.0256596
-231.646,94.9367,0.0266009,0.0271831
-227.848,94.9367,0.0266009,0.0271831
-224.051,94.9367,0.0269043,0.0277051
-220.253,94.9367,0.0269043,0.0277051
-216.456,94.9367,0.0270658,0.0287822
-212.658,94.9367,0.0270658,0.0287822
-208.861,94.9367,0.0277082,0.0300845
-205.063,94.9367,0.0277082,0.0300845
-201.266,94.9367,0.0279431,0.031261
-197.468,94.9367,0.0279431,0.031261
-193.671,94.9367,0.028261,0.0351967
-189.873,94.9367,0.028261,0.0351967
-186.076,94.9367,0.0284095,0.0363343
-182.278,94.9367,0.0284095,0.0363343
-178.481,94.9367,0.0289276,0.0390306
-174.684,94.9367,0.0289276,0.0390306
-170.886,94.9367,0.0295187,0.040593
-167.089,94.9367,0.0295187,0.040593
-163.291,94.9367,0.0296361,0.0430231
-159.494,94.9367,0.0296361,0.0430231
-155.696,94.9367,0.0306293,0.0463671
-151.899,94.9367,0.0306293,0.0463671
-148.101,94.9367,0.0310024,0.0492693
-144.304,94.9367,0.0310024,0.0492693
-140.506,94.9367,0.0318764,0.0521096
-136.709,94.9367,0.0318764,0.0521096
-132.911,94.9367,0.0321983,0.0542366
-129.114,94.9367,0.0321983,0.0542366
-125.316,94.9367,0.0322035,0.0547476
-121.519,94.9367,0.0322035,0.0547476
-117.722,94.9367,0.0325133,0.0576256
-113.924,94.9367,0.0325133,0.0576256
-110.127,94.9367,0.0336889,0.0610076
-106.329,94.9367,0.0336889,0.0610076
-102.532,94.9367,0.0337407,0.0643162
-98.7342,94.9367,0.0337407,0.0643162
-94.9367,94.9367,0.0343745,0.0668675
-91.1392,94.9367,0.0343745,0.0668675
-87.3418,94.9367,0.0350953,0.0694116
-83.5443,94.9367,0.0350953,0.0694116
-79.7468,94.9367,0.0355429,0.0738659
-75.9494,94.9367,0.0355429,0.0738659
-72.1519,94.9367,0.036237,0.0767037
-68.3544,94.9367,0.036237,0.0767037
-64.557,94.9367,0.0369916,0.0812668
-60.7595,94.9367,0.0369916,0.0812668
-56.962,94.9367,0.0373677,0.0825936
-53.1646,94.9367,0.0373677,0.0825936
-49.3671,94.9367,0.038108,0.0887411
-45.5696,94.9367,0.038108,0.0887411
-41.7722,94.9367,0.0383235,0.0976942
-37.9747,94.9367,0.0383235,0.0976942
-34.1772,94.9367,0.0383235,0.0992021
-30.3797,94.9367,0.0383235,0.0992021
-26.5823,94.9367,0.0383235,0.105019
-22.7848,94.9367,0.0383235,0.105019
-18.9873,94.9367,0.0382375,0.108786
-15.1899,94.9367,0.0382375,0.108786
-11.3924,94.9367,0.0376882,0.110446
-7.59494,94.9367,0.0376882,0.110446
-3.79747,94.9367,0.0370661,0.112748
0,94.9367,0.0370661,0.112748
-300,98.7342,0.0248386,0.0191788
-296.203,98.7342,0.0248386,0.0191788
-292.405,98.7342,0.025056,0.0198938
-288.608,98.7342,0.025056,0.0198938
-284.81,98.7342,0.0254,0.0212987
-281.013,98.7342,0.0254,0.0212987
-277.215,98.7342,0.0258831,0.0225483
-273.418,98.7342,0.0258831,0.0225483
-269.62,98.7342,0.0260977,0.0238833
-265.823,98.7342,0.0260977,0.0238833
-262.025,98.7342,0.0263512,0.0256954
-258.228,98.7342,0.0263512,0.0256954
-254.43,98.7342,0.0267036,0.0266067
-250.633,98.7342,0.0267036,0.0266067
-246.835,98.7342,0.0269262,0.0284331
-243.038,98.7342,0.0269262,0.0284331
-239.241,98.7342,0.02723,0.0297195
-235.443,98.7342,0.02723,0.0297195
-231.646,98.7342,0.0274485,0.031243
-227.848,98.7342,0.0274485,0.031243
-224.051,98.7342,0.0279833,0.0338051
-220.253,98.7342,0.0279833,0.0338051
-216.456,98.7342,0.0281285,0.0348822
-212.658,98.7342,0.0281285,0.0348822
-208.861,98.7342,0.0287708,0.0361846
-205.063,98.7342,0.0287708,0.0361846
-201.266,98.7342,0.0289382,0.0374241
-197.468,98.7342,0.0289382,0.0374241
-193.671,98.7342,0.0292562,0.042099
-189.873,98.7342,0.0292562,0.042099
-186.076,98.7342,0.0294046,0.043105
-182.278,98.7342,0.0294046,0.043105
-178.481,98.7342,0.0299614,0.0458013
-174.684,98.7342,0.0299614,0.0458013
-170.886,98.7342,0.0305525,0.0471866
-167.089,98.7342,0.0305525,0.0471866
-163.291,98.7342,0.03067,0.0496167
-159.494,98.7342,0.03067,0.0496167
-155.696,98.7342,0.0321706,0.0529608
-151.899,98.7342,0.0321706,0.0529608
-148.101,98.7342,0.0325437,0.0536694
-144.304,98.7342,0.0325437,0.0536694
-140.506,98.7342,0.0334177,0.0553009
-136.709,98.7342,0.0334177,0.0553009
-132.911,98.7342,0.0336817,0.0576612
-129.114,98.7342,0.0336817,0.0576612
-125.316,98.7342,0.0336869,0.0611749
-121.519,98.7342,0.0336869,0.0611749
-117.722,98.7342,0.0338753,0.0638605
-113.924,98.7342,0.0338753,0.0638605
-110.127,98.7342,0.0353096,0.0678213
-106.329,98.7342,0.0353096,0.0678213
-102.532,98.7342,0.0353614,0.0704105
-98.7342,98.7342,0.0353614,0.0704105
-94.9367,98.7342,0.0359952,0.0729618
-91.1392,98.7342,0.0359952,0.0729618
-87.3418,98.7342,0.0370032,0.0754884
-83.5443,98.7342,0.0370032,0.0754884
-79.7468,98.7342,0.0374507,0.0783318
-75.9494,98.7342,0.0374507,0.0783318
-72.1519,98.7342,0.0381449,0.0811696
-68.3544,98.7342,0.0381449,0.0811696
-64.557,98.7342,0.0388994,0.0857327
-60.7595,98.7342,0.0388994,0.0857327
-56.962,98.7342,0.0392755,0.090499
-53.1646,98.7342,0.0392755,0.090499
-49.3671,98.7342,0.0397847,0.0967125
-45.5696,98.7342,0.0397847,0.0967125
-41.7722,98.7342,0.0398331,0.103108
-37.9747,98.7342,0.0398331,0.103108
-34.1772,98.7342,0.0398331,0.105145
-30.3797,98.7342,0.0398331,0.105145
-26.5823,98.7342,0.0398331,0.109007
-22.7848,98.7342,0.0398331,0.109007
-18.9873,98.7342,0.0397471,0.111478
-15.1899,98.7342,0.0397471,0.111478
-11.3924,98.7342,0.0391978,0.113137
-7.59494,98.7342,0.0391978,0.113137
-3.79747,98.7342,0.0386235,0.116501
0,98.7342,0.0386235,0.116501
-300,102.532,0.0248386,0.0191788
-296.203,102.532,0.0248386,0.0191788
-292.405,102.532,0.025056,0.0198938
-288.608,102.532,0.025056,0.0198938
-284.81,102.532,0.0254,0.0212987
-281.013,102.532,0.0254,0.0212987
-277.215,102.532,0.0258831,0.0225483
-273.418,102.532,0.0258831,0.0225483
-269.62,102.532,0.0260977,0.0238833
-265.823,102.532,0.0260977,0.0238833
-262.025,102.532,0.0263512,0.0256954
-258.228,102.532,0.0263512,0.0256954
-254.43,102.532,0.0267036,0.0266067
-250.633,102.532,0.0267036,0.0266067
-246.835,102.532,0.0269262,0.0284331
-243.038,102.532,0.0269262,0.0284331
-239.241,102.532,0.02723,0.0297195
-235.443,102.532,0.02723,0.0297195
-231.646,102.532,0.0274485,0.031243
-227.848,102.532,0.0274485,0.031243
-224.051,102.532,0.0279833,0.0338051
-220.253,102.532,0.0279833,0.0338051
-216.456,102.532,0.0281285,0.0348822
-212.658,102.532,0.0281285,0.0348822
-208.861,102.532,0.0287708,0.0361846
-205.063,102.532,0.0287708,0.0361846
-201.266,102.532,0.0289382,0.0374241
-197.468,102.532,0.0289382,0.0374241
-193.671,102.532,0.0292562,0.042099
-189.873,102.532,0.0292562,0.042099
-186.076,102.532,0.0294046,0.043105
-182.278,102.532,0.0294046,0.043105
-178.481,102.532,0.0299614,0.0458013
-174.684,102.532,0.0299614,0.0458013
-170.886,102.532,0.0305525,0.0471866
-167.089,102.532,0.0305525,0.0471866
-163.291,102.532,0.03067,0.0496167
-159.494,102.532,0.03067,0.0496167
-155.696,102.532,0.0321706,0.0529608
-151.899,102.532,0.0321706,0.0529608
-148.101,102.532,0.0325437,0.0536694
-144.304,102.532,0.0325437,0.0536694
-140.506,102.532,0.0334177,0.0553009
-136.709,102.532,0.0334177,0.0553009
-132.911,102.532,0.0336817,0.0576612
-129.114,102.532,0.0336817,0.0576612
-125.316,102.532,0.0336869,0.0611749
-121.519,102.532,0.0336869,0.0611749
-117.722,102.532,0.0338753,0.0638605
-113.924,102.532,0.0338753,0.0638605
-110.127,102.532,0.0353096,0.0678213
-106.329,102.532,0.0353096,0.0678213
-102.532,102.532,0.0353614,0.0704105
-98.7342,102.532,0.0353614,0.0704105
-94.9367,102.532,0.0359952,0.0729618
-91.1392,102.532,0.0359952,0.0729618
-87.3418,102.532,0.0370032,0.0754884
-83.5443,102.532,0.0370032,0.0754884
-79.7468,102.532,0.0374507,0.0783318
-75.9494,102.532,0.0374507,0.0783318
-72.1519,102.532,0.0381449,0.0811696
-68.3544,102.532,0.0381449,0.0811696
-64.557,102.532,0.0388994,0.0857327
-60.7595,102.532,0.0388994,0.0857327
-56.962,102.532,0.0392755,0.090499
-53.1646,102.532,0.0392755,0.090499
-49.3671,102.532,0.0397847,0.0967125
-45.5696,102.532,0.0397847,0.0967125
-41.7722,102.532,0.0398331,0.103108
-37.9747,102.532,0.0398331,0.103108
-34.1772,102.532,0.0398331,0.105145
-30.3797,102.532,0.0398331,0.105145
-26.5823,102.532,0.0398331,0.109007
-22.7848,102.532,0.0398331,0.109007
-18.9873,102.532,0.0397471,0.111478
-15.1899,102.532,0.0397471,0.111478
-11.3924,102.532,0.0391978,0.113137
-7.59494,102.532,0.0391978,0.113137
-3.79747,102.532,0.0386235,0.116501
0,102.532,0.0386235,0.116501
-300,106.329,0.0265071,0.022614
-296.203,106.329,0.0265071,0.022614
-292.405,106.329,0.0267245,0.0233289
-288.608,106.329,0.0267245,0.0233289
-284.81,106.329,0.0270685,0.0247339
-281.013,106.329,0.0270685,0.0247339
-277.215,106.329,0.0275516,0.0259835
-273.418,106.329,0.0275516,0.0259835
-269.62,106.329,0.0277663,0.0273184
-265.823,106.329,0.0277663,0.0273184
-262.025,106.329,0.0280197,0.0291306
-258.228,106.329,0.0280197,0.0291306
-254.43,106.329,0.0283722,0.0300419
-250.633,106.329,0.0283722,0.0300419
-246.835,106.329,0.0285948,0.0318683
-243.038,106.329,0.0285948,0.0318683
-239.241,106.329,0.0290354,0.0331547
-235.443,106.329,0.0290354,0.0331547
-231.646,106.329,0.029366,0.0346782
-227.848,106.329,0.029366,0.0346782
-224.051,106.329,0.0299009,0.0372403
-220.253,106.329,0.0299009,0.0372403
-216.456,106.329,0.0302633,0.0383174
-212.658,106.329,0.0302633,0.0383174
-208.861,106.329,0.0307646,0.0404018
-205.063,106.329,0.0307646,0.0404018
-201.266,106.329,0.0310351,0.0416413
-197.468,106.329,0.0310351,0.0416413
-193.671,106.329,0.031353,0.0463162
-189.873,106.329,0.031353,0.0463162
-186.076,106.329,0.031718,0.0473222
-182.278,106.329,0.031718,0.0473222
-178.481,106.329,0.0321587,0.0500185
-174.684,106.329,0.0321587,0.0500185
-170.886,106.329,0.0325731,0.0514038
-167.089,106.329,0.0325731,0.0514038
-163.291,106.329,0.0326905,0.0538339
-159.494,106.329,0.0326905,0.0538339
-155.696,106.329,0.0336111,0.0558877
-151.899,106.329,0.0336111,0.0558877
-148.101,106.329,0.0338809,0.0565963
-144.304,106.329,0.0338809,0.0565963
-140.506,106.329,0.0347549,0.059859
-136.709,106.329,0.0347549,0.059859
-132.911,106.329,0.0352606,0.0621926
-129.114,106.329,0.0352606,0.0621926
-125.316,106.329,0.0352658,0.0657063
-121.519,106.329,0.0352658,0.0657063
-117.722,106.329,0.0354556,0.0683452
-113.924,106.329,0.0354556,0.0683452
-110.127,106.329,0.0368899,0.0730462
-106.329,106.329,0.0368899,0.0730462
-102.532,106.329,0.0369417,0.0756354
-98.7342,106.329,0.0369417,0.0756354
-94.9367,106.329,0.0376982,0.0774087
-91.1392,106.329,0.0376982,0.0774087
-87.3418,106.329,0.038213,0.0799352
-83.5443,106.329,0.038213,0.0799352
-79.7468,106.329,0.0386762,0.082124
-75.9494,106.329,0.0386762,0.082124
-72.1519,106.329,0.039202,0.0860743
-68.3544,106.329,0.039202,0.0860743
-64.557,106.329,0.0399565,0.0906375
-60.7595,106.329,0.0399565,0.0906375
-56.962,106.329,0.0403326,0.0954038
-53.1646,106.329,0.0403326,0.0954038
-49.3671,106.329,0.0403423,0.101617
-45.5696,106.329,0.0403423,0.101617
-41.7722,106.329,0.0403906,0.105427
-37.9747,106.329,0.0403906,0.105427
-34.1772,106.329,0.0403906,0.108083
-30.3797,106.329,0.0403906,0.108083
-26.5823,106.329,0.0403906,0.111826
-22.7848,106.329,0.0403906,0.111826
-18.9873,106.329,0.0402999,0.114297
-15.1899,106.329,0.0402999,0.114297
-11.3924,106.329,0.0397893,0.115956
-7.59494,106.329,0.0397893,0.115956
-3.79747,106.329,0.039215,0.118378
0,106.329,0.039215,0.118378
-300,110.127,0.0265071,0.022614
-296.203,110.127,0.0265071,0.022614
-292.405,110.127,0.0267245,0.0233289
-288.608,110.127,0.0267245,0.0233289
-284.81,110.127,0.0270685,0.0247339
-281.013,110.127,0.0270685,0.0247339
-277.215,110.127,0.0275516,0.0259835
-273.418,110.127,0.0275516,0.0259835
-269.62,110.127,0.0277663,0.0273184
-265.823,110.127,0.0277663,0.0273184
-262.025,110.127,0.0280197,0.0291306
-258.228,110.127,0.0280197,0.0291306
-254.43,110.127,0.0283722,0.0300419
-250.633,110.127,0.0283722,0.0300419
-246.835,110.127,0.0285948,0.0318683
-243.038,110.127,0.0285948,0.0318683
-239.241,110.127,0.0290354,0.0331547
-235.443,110.127,0.0290354,0.0331547
-231.646,110.127,0.029366,0.0346782
-227.848,110.127,0.029366,0.0346782
-224.051,110.127,0.0299009,0.0372403
-220.253,110.127,0.0299009,0.0372403
-216.456,110.127,0.0302633,0.0383174
-212.658,110.127,0.0302633,0.0383174
-208.861,110.127,0.0307646,0.0404018
-205.063,110.127,0.0307646,0.0404018
-201.266,110.127,0.0310351,0.0416413
-197.468,110.127,0.0310351,0.0416413
-193.671,110.127,0.031353,0.0463162
-189.873,110.127,0.031353,0.0463162
-186.076,110.127,0.031718,0.0473222
-182.278,110.127,0.031718,0.0473222
-178.481,110.127,0.0321587,0.0500185
-174.684,110.127,0.0321587,0.0500185
-170.886,110.127,0.0325731,0.0514038
-167.089,110.127,0.0325731,0.0514038
-163.291,110.127,0.0326905,0.0538339
-159.494,110.127,0.0326905,0.0538339
-155.696,110.127,0.0336111,0.0558877
-151.899,110.127,0.0336111,0.0558877
-148.101,110.127,0.0338809,0.0565963
-144.304,110.127,0.0338809,0.0565963
-140.506,110.127,0.0347549,0.059859
-136.709,110.127,0.0347549,0.059859
-132.911,110.127,0.0352606,0.0621926
-129.114,110.127,0.0352606,0.0621926
-125.316,110.127,0.0352658,0.0657063
-121.519,110.127,0.0352658,0.0657063
-117.722,110.127,0.0354556,0.0683452
-113.924,110.127,0.0354556,0.0683452
-110.127,110.127,0.0368899,0.0730462
-106.329,110.127,0.0368899,0.0730462
-102.532,110.127,0.0369417,0.0756354
-98.7342,110.127,0.0369417,0.0756354
-94.9367,110.127,0.0376982,0.0774087
-91.1392,110.127,0.0376982,0.0774087
-87.3418,110.127,0.038213,0.0799352
-83.5443,110.127,0.038213,0.0799352
-79.7468,110.127,0.0386762,0.082124
-75.9494,110.127,0.0386762,0.082124
-72.1519,110.127,0.039202,0.0860743
-68.3544,110.127,0.039202,0.0860743
-64.557,110.127,0.0399565,0.0906375
-60.7595,110.127,0.0399565,0.0906375
-56.962,110.127,0.0403326,0.0954038
-53.1646,110.127,0.0403326,0.0954038
-49.3671,110.127,0.0403423,0.101617
-45.5696,110.127,0.0403423,0.101617
-41.7722,110.127,0.0403906,0.105427
-37.9747,110.127,0.0403906,0.105427
-34.1772,110.127,0.0403906,0.108083
-30.3797,110.127,0.0403906,0.108083
-26.5823,110.127,0.0403906,0.111826
-22.7848,110.127,0.0403906,0.111826
-18.9873,110.127,0.0402999,0.114297
-15.1899,110.127,0.0402999,0.114297
-11.3924,110.127,0.0397893,0.115956
-7.59494,110.127,0.0397893,0.115956
-3.79747,110.127,0.039215,0.118378
0,110.127,0.039215,0.118378
-300,113.924,0.027553,0.0266418
-296.203,113.924,0.027553,0.0266418
-292.405,113.924,0.0278028,0.0276351
-288.608,113.924,0.0278028,0.0276351
-284.81,113.924,0.0281352,0.0292775
-281.013,113.924,0.0281352,0.0292775
-277.215,113.924,0.0285816,0.0304871
-273.418,113.924,0.0285816,0.0304871
-269.62,113.924,0.0287962,0.0314901
-265.823,113.924,0.0287962,0.0314901
-262.025,113.924,0.0291355,0.0333023
-258.228,113.924,0.0291355,0.0333023
-254.43,113.924,0.029488,0.0333023
-250.633,113.924,0.029488,0.0333023
-246.835,113.924,0.0297106,0.0351287
-243.038,113.924,0.0297106,0.0351287
-239.241,113.924,0.0301345,0.0363912
-235.443,113.924,0.0301345,0.0363912
-231.646,113.924,0.0304585,0.0383024
-227.848,113.924,0.0304585,0.0383024
-224.051,113.924,0.0309273,0.0408645
-220.253,113.924,0.0309273,0.0408645
-216.456,113.924,0.0314892,0.042011
-212.658,113.924,0.0314892,0.042011
-208.861,113.924,0.0317556,0.0440954
-205.063,113.924,0.0317556,0.0440954
-201.266,113.924,0.0326458,0.0460777
-197.468,113.924,0.0326458,0.0460777
-193.671,113.924,0.0329565,0.0507526
-189.873,113.924,0.0329565,0.0507526
-186.076,113.924,0.0333215,0.0518227
-182.278,113.924,0.0333215,0.0518227
-178.481,113.924,0.0337622,0.054519
-174.684,113.924,0.0337622,0.054519
-170.886,113.924,0.0341765,0.0559043
-167.089,113.924,0.0341765,0.0559043
-163.291,113.924,0.034294,0.0570906
-159.494,113.924,0.034294,0.0570906
-155.696,113.924,0.0352146,0.0590018
-151.899,113.924,0.0352146,0.0590018
-148.101,113.924,0.0354844,0.0597104
-144.304,113.924,0.0354844,0.0597104
-140.506,113.924,0.0357699,0.0634833
-136.709,113.924,0.0357699,0.0634833
-132.911,113.924,0.0360339,0.0650242
-129.114,113.924,0.0360339,0.0650242
-125.316,113.924,0.0363062,0.0685379
-121.519,113.924,0.0363062,0.0685379
-117.722,113.924,0.036496,0.0708458
-113.924,113.924,0.036496,0.0708458
-110.127,113.924,0.0380228,0.0767253
-106.329,113.924,0.0380228,0.0767253
-102.532,113.924,0.038474,0.0793146
-98.7342,113.924,0.038474,0.0793146
-94.9367,113.924,0.0390559,0.0814016
-91.1392,113.924,0.0390559,0.0814016
-87.3418,113.924,0.0394292,0.0841161
-83.5443,113.924,0.0394292,0.0841161
-79.7468,113.924,0.0398924,0.086207
-75.9494,113.924,0.0398924,0.086207
-72.1519,113.924,0.0402997,0.0901354
-68.3544,113.924,0.0402997,0.0901354
-64.557,113.924,0.0410542,0.0933184
-60.7595,113.924,0.0410542,0.0933184
-56.962,113.924,0.0412491,0.0968434
-53.1646,113.924,0.0412491,0.0968434
-49.3671,113.924,0.0412588,0.10316
-45.5696,113.924,0.0412588,0.10316
-41.7722,113.924,0.041281,0.107646
-37.9747,113.924,0.041281,0.107646
-34.1772,113.924,0.041281,0.11091
-30.3797,113.924,0.041281,0.11091
-26.5823,113.924,0.041281,0.114298
-22.7848,113.924,0.041281,0.114298
-18.9873,113.924,0.0411587,0.117199
-15.1899,113.924,0.0411587,0.117199
-11.3924,113.924,0.0406488,0.118677
-7.59494,113.924,0.0406488,0.118677
-3.79747,113.924,0.0400191,0.120353
0,113.924,0.0400191,0.120353
-300,117.722,0.027553,0.0266418
-296.203,117.722,0.027553,0.0266418
-292.405,117.722,0.0278028,0.0276351
-288.608,117.722,0.0278028,0.0276351
-284.81,117.722,0.0281352,0.0292775
-281.013,117.722,0.0281352,0.0292775
-277.215,117.722,0.0285816,0.0304871
-273.418,117.722,0.0285816,0.0304871
-269.62,117.722,0.0287962,0.0314901
-265.823,117.722,0.0287962,0.0314901
-262.025,117.722,0.0291355,0.0333023
-258.228,117.722,0.0291355,0.0333023
-254.43,117.722,0.029488,0.0333023
-250.633,117.722,0.029488,0.0333023
-246.835,117.722,0.0297106,0.0351287
-243.038,117.722,0.0297106,0.0351287
-239.241,117.722,0.0301345,0.0363912
-235.443,117.722,0.0301345,0.0363912
-231.646,117.722,0.0304585,0.0383024
-227.848,117.722,0.0304585,0.0383024
-224.051,117.722,0.0309273,0.0408645
-220.253,117.722,0.0309273,0.0408645
-216.456,117.722,0.0314892,0.042011
-212.658,117.722,0.0314892,0.042011
-208.861,117.722,0.0317556,0.0440954
-205.063,117.722,0.0317556,0.0440954
-201.266,117.722,0.0326458,0.0460777
-197.468,117.722,0.0326458,0.0460777
-193.671,117.722,0.0329565,0.0507526
-189.873,117.722,0.0329565,0.0507526
-186.076,117.722,0.0333215,0.0518227
-182.278,117.722,0.0333215,0.0518227
-178.481,117.722,0.0337622,0.054519
-174.684,117.722,0.0337622,0.054519
-170.886,117.722,0.0341765,0.0559043
-167.089,117.722,0.0341765,0.0559043
-163.291,117.722,0.034294,0.0570906
-159.494,117.722,0.034294,0.0570906
-155.696,117.722,0.0352146,0.0590018
-151.899,117.722,0.0352146,0.0590018
-148.101,117.722,0.0354844,0.0597104
-144.304,117.722,0.0354844,0.0597104
-140.506,117.722,0.0357699,0.0634833
-136.709,117.722,0.0357699,0.0634833
-132.911,117.722,0.0360339,0.0650242
-129.114,117.722,0.0360339,0.0650242
-125.316,117.722,0.0363062,0.0685379
-121.519,117.722,0.0363062,0.0685379
-117.722,117.722,0.036496,0.0708458
-113.924,117.722,0.036496,0.0708458
-110.127,117.722,0.0380228,0.0767253
-106.329,117.722,0.0380228,0.0767253
-102.532,117.722,0.038474,0.0793146
-98.7342,117.722,0.038474,0.0793146
-94.9367,117.722,0.0390559,0.0814016
-91.1392,117.722,0.0390559,0.0814016
-87.3418,117.722,0.0394292,0.0841161
-83.5443,117.722,0.0394292,0.0841161
-79.7468,117.722,0.0398924,0.086207
-75.9494,117.722,0.0398924,0.086207
-72.1519,117.722,0.0402997,0.0901354
-68.3544,117.722,0.0402997,0.0901354
-64.557,117.722,0.0410542,0.0933184
-60.7595,117.722,0.0410542,0.0933184
-56.962,117.722,0.0412491,0.0968434
-53.1646,117.722,0.0412491,0.0968434
-49.3671,117.722,0.0412588,0.10316
-45.5696,117.722,0.0412588,0.10316
-41.7722,117.722,0.041281,0.107646
-37.9747,117.722,0.041281,0.107646
-34.1772,117.722,0.041281,0.11091
-30.3797,117.722,0.041281,0.11091
-26.5823,117.722,0.041281,0.114298
-22.7848,117.722,0.041281,0.114298
-18.9873,117.722,0.0411587,0.117199
-15.1899,117.722,0.0411587,0.117199
-11.3924,117.722,0.0406488,0.118677
-7.59494,117.722,0.0406488,0.118677
-3.79747,117.722,0.0400191,0.120353
0,117.722,0.0400191,0.120353
-300,121.519,0.0287808,0.0299182
-296.203,121.519,0.0287808,0.0299182
-292.405,121.519,0.0290858,0.0311561
-288.608,121.519,0.0290858,0.0311561
-284.81,121.519,0.0293727,0.0327698
-281.013,121.519,0.0293727,0.0327698
-277.215,121.519,0.029765,0.0341117
-273.418,121.519,0.029765,0.0341117
-269.62,121.519,0.0299802,0.0352721
-265.823,121.519,0.0299802,0.0352721
-262.025,121.519,0.0303657,0.0366216
-258.228,121.519,0.0303657,0.0366216
-254.43,121.519,0.0306444,0.0366216
-250.633,121.519,0.0306444,0.0366216
-246.835,121.519,0.030822,0.038448
-243.038,121.519,0.030822,0.038448
-239.241,121.519,0.0312263,0.0393322
-235.443,121.519,0.0312263,0.0393322
-231.646,121.519,0.0316998,0.0412434
-227.848,121.519,0.0316998,0.0412434
-224.051,121.519,0.0321686,0.0438055
-220.253,121.519,0.0321686,0.0438055
-216.456,121.519,0.0326911,0.044952
-212.658,121.519,0.0326911,0.044952
-208.861,121.519,0.0327213,0.0465063
-205.063,121.519,0.0327213,0.0465063
-201.266,121.519,0.0336116,0.0484886
-197.468,121.519,0.0336116,0.0484886
-193.671,121.519,0.0338767,0.0531635
-189.873,121.519,0.0338767,0.0531635
-186.076,121.519,0.0344488,0.0548355
-182.278,121.519,0.0344488,0.0548355
-178.481,121.519,0.0348826,0.0574761
-174.684,121.519,0.0348826,0.0574761
-170.886,121.519,0.035297,0.0588614
-167.089,121.519,0.035297,0.0588614
-163.291,121.519,0.0354144,0.0611319
-159.494,121.519,0.0354144,0.0611319
-155.696,121.519,0.0363351,0.0630432
-151.899,121.519,0.0363351,0.0630432
-148.101,121.519,0.0363385,0.0634196
-144.304,121.519,0.0363385,0.0634196
-140.506,121.519,0.0365619,0.0668295
-136.709,121.519,0.0365619,0.0668295
-132.911,121.519,0.0370367,0.0683522
-129.114,121.519,0.0370367,0.0683522
-125.316,121.519,0.0373089,0.0718659
-121.519,121.519,0.0373089,0.0718659
-117.722,121.519,0.0374987,0.0741739
-113.924,121.519,0.0374987,0.0741739
-110.127,121.519,0.039288,0.0795294
-106.329,121.519,0.039288,0.0795294
-102.532,121.519,0.039736,0.0821186
-98.7342,121.519,0.039736,0.0821186
-94.9367,121.519,0.0403173,0.0853461
-91.1392,121.519,0.0403173,0.0853461
-87.3418,121.519,0.0406906,0.0878554
-83.5443,121.519,0.0406906,0.0878554
-79.7468,121.519,0.041158,0.0899462
-75.9494,121.519,0.041158,0.0899462
-72.1519,121.519,0.0412414,0.0935662
-68.3544,121.519,0.0412414,0.0935662
-64.557,121.519,0.0419233,0.0967492
-60.7595,121.519,0.0419233,0.0967492
-56.962,121.519,0.0421018,0.100274
-53.1646,121.519,0.0421018,0.100274
-49.3671,121.519,0.0421115,0.105607
-45.5696,121.519,0.0421115,0.105607
-41.7722,121.519,0.0421188,0.110359
-37.9747,121.519,0.0421188,0.110359
-34.1772,121.519,0.0421119,0.113034
-30.3797,121.519,0.0421119,0.113034
-26.5823,121.519,0.0420956,0.116422
-22.7848,121.519,0.0420956,0.116422
-18.9873,121.519,0.0419334,0.119322
-15.1899,121.519,0.0419334,0.119322
-11.3924,121.519,0.0413515,0.120801
-7.59494,121.519,0.0413515,0.120801
-3.79747,121.519,0.0407014,0.12193
0,121.519,0.0407014,0.12193
-300,125.316,0.0287808,0.0299182
-296.203,125.316,0.0287808,0.0299182
-292.405,125.316,0.0290858,0.0311561
-288.608,125.316,0.0290858,0.0311561
-284.81,125.316,0.0293727,0.0327698
-281.013,125.316,0.0293727,0.0327698
-277.215,125.316,0.029765,0.0341117
-273.418,125.316,0.029765,0.0341117
-269.62,125.316,0.0299802,0.0352721
-265.823,125.316,0.0299802,0.0352721
-262.025,125.316,0.0303657,0.0366216
-258.228,125.316,0.0303657,0.0366216
-254.43,125.316,0.0306444,0.0366216
-250.633,125.316,0.0306444,0.0366216
-246.835,125.316,0.030822,0.038448
-243.038,125.316,0.030822,0.038448
-239.241,125.316,0.0312263,0.0393322
-235.443,125.316,0.0312263,0.0393322
-231.646,125.316,0.0316998,0.0412434
-227.848,125.316,0.0316998,0.0412434
-224.051,125.316,0.0321686,0.0438055
-220.253,125.316,0.0321686,0.0438055
-216.456,125.316,0.0326911,0.044952
-212.658,125.316,0.0326911,0.044952
-208.861,125.316,0.0327213,0.0465063
-205.063,125.316,0.0327213,0.0465063
-201.266,125.316,0.0336116,0.0484886
-197.468,125.316,0.0336116,0.0484886
-193.671,125.316,0.0338767,0.0531635
-189.873,125.316,0.0338767,0.0531635
-186.076,125.316,0.0344488,0.0548355
-182.278,125.316,0.0344488,0.0548355
-178.481,125.316,0.0348826,0.0574761
-174.684,125.316,0.0348826,0.0574761
-170.886,125.316,0.035297,0.0588614
-167.089,125.316,0.035297,0.0588614
-163.291,125.316,0.0354144,0.0611319
-159.494,125.316,0.0354144,0.0611319
-155.696,125.316,0.0363351,0.0630432
-151.899,125.316,0.0363351,0.0630432
-148.101,125.316,0.0363385,0.0634196
-144.304,125.316,0.0363385,0.0634196
-140.506,125.316,0.0365619,0.0668295
-136.709,125.316,0.0365619,0.0668295
-132.911,125.316,0.0370367,0.0683522
-129.114,125.316,0.0370367,0.0683522
-125.316,125.316,0.0373089,0.0718659
-121.519,125.316,0.0373089,0.0718659
-117.722,125.316,0.0374987,0.0741739
-113.924,125.316,0.0374987,0.0741739
-110.127,125.316,0.039288,0.0795294
-106.329,125.316,0.039288,0.0795294
-102.532,125.316,0.039736,0.0821186
-98.7342,125.316,0.039736,0.0821186
-94.9367,125.316,0.0403173,0.0853461
-91.1392,125.316,0.0403173,0.0853461
-87.3418,125.316,0.0406906,0.0878554
-83.5443,125.316,0.0406906,0.0878554
-79.7468,125.316,0.041158,0.0899462
-75.9494,125.316,0.041158,0.0899462
-72.1519,125.316,0.0412414,0.0935662
-68.3544,125.316,0.0412414,0.0935662
-64.557,125.316,0.0419233,0.0967492
-60.7595,125.316,0.0419233,0.0967492
-56.962,125.316,0.0421018,0.100274
-53.1646,125.316,0.0421018,0.100274
-49.3671,125.316,0.0421115,0.105607
-45.5696,125.316,0.0421115,0.105607
-41.7722,125.316,0.0421188,0.110359
-37.9747,125.316,0.0421188,0.110359
-34.1772,125.316,0.0421119,0.113034
-30.3797,125.316,0.0421119,0.113034
-26.5823,125.316,0.0420956,0.116422
-22.7848,125.316,0.0420956,0.116422
-18.9873,125.316,0.0419334,0.119322
-15.1899,125.316,0.0419334,0.119322
-11.3924,125.316,0.0413515,0.120801
-7.59494,125.316,0.0413515,0.120801
-3.79747,125.316,0.0407014,0.12193
0,125.316,0.0407014,0.12193
-300,129.114,0.0301109,0.0332295
-296.203,129.114,0.0301109,0.0332295
-292.405,129.114,0.0304159,0.0343987
-288.608,129.114,0.0304159,0.0343987
-284.81,129.114,0.0307028,0.0360125
-281.013,129.114,0.0307028,0.0360125
-277.215,129.114,0.0310951,0.0373506
-273.418,129.114,0.0310951,0.0373506
-269.62,129.114,0.0313103,0.038511
-265.823,129.114,0.0313103,0.038511
-262.025,129.114,0.0316958,0.0398605
-258.228,129.114,0.0316958,0.0398605
-254.43,129.114,0.0319745,0.0398605
-250.633,129.114,0.0319745,0.0398605
-246.835,129.114,0.032152,0.0416869
-243.038,129.114,0.032152,0.0416869
-239.241,129.114,0.0325563,0.0434728
-235.443,129.114,0.0325563,0.0434728
-231.646,129.114,0.0330299,0.0462538
-227.848,129.114,0.0330299,0.0462538
-224.051,129.114,0.0334987,0.0488159
-220.253,129.114,0.0334987,0.0488159
-216.456,129.114,0.0340212,0.0499624
-212.658,129.114,0.0340212,0.0499624
-208.861,129.114,0.0340514,0.0515167
-205.063,129.114,0.0340514,0.0515167
-201.266,129.114,0.0352499,0.0537396
-197.468,129.114,0.0352499,0.0537396
-193.671,129.114,0.0358493,0.0566073
-189.873,129.114,0.0358493,0.0566073
-186.076,129.114,0.0364009,0.0582793
-182.278,129.114,0.0364009,0.0582793
-178.481,129.114,0.0368347,0.0609199
-174.684,129.114,0.0368347,0.0609199
-170.886,129.114,0.0372491,0.0626316
-167.089,129.114,0.0372491,0.0626316
-163.291,129.114,0.0373665,0.0638271
-159.494,129.114,0.0373665,0.0638271
-155.696,129.114,0.0386096,0.068689
-151.899,129.114,0.0386096,0.068689
-148.101,129.114,0.038613,0.0700073
-144.304,129.114,0.038613,0.0700073
-140.506,129.114,0.0391483,0.0734171
-136.709,129.114,0.0391483,0.0734171
-132.911,129.114,0.0396231,0.0749398
-129.114,129.114,0.0396231,0.0749398
-125.316,129.114,0.0398953,0.0784535
-121.519,129.114,0.0398953,0.0784535
-117.722,129.114,0.040091,0.0807615
-113.924,129.114,0.040091,0.0807615
-110.127,129.114,0.0404164,0.0833824
-106.329,129.114,0.0404164,0.0833824
-102.532,129.114,0.0408836,0.0859716
-98.7342,129.114,0.0408836,0.0859716
-94.9367,129.114,0.0414772,0.0894197
-91.1392,129.114,0.0414772,0.0894197
-87.3418,129.114,0.0418505,0.0930163
-83.5443,129.114,0.0418505,0.0930163
-79.7468,129.114,0.0423178,0.0964732
-75.9494,129.114,0.0423178,0.0964732
-72.1519,129.114,0.0424148,0.100763
-68.3544,129.114,0.0424148,0.100763
-64.557,129.114,0.0430968,0.103946
-60.7595,129.114,0.0430968,0.103946
-56.962,129.114,0.0432841,0.107471
-53.1646,129.114,0.0432841,0.107471
-49.3671,129.114,0.0432937,0.11025
-45.5696,129.114,0.0432937,0.11025
-41.7722,129.114,0.0433011,0.112709
-37.9747,129.114,0.0433011,0.112709
-34.1772,129.114,0.0432862,0.115384
-30.3797,129.114,0.0432862,0.115384
-26.5823,129.114,0.04327,0.118772
-22.7848,129.114,0.04327,0.118772
-18.9873,129.114,0.0431077,0.121673
-15.1899,129.114,0.0431077,0.121673
-11.3924,129.114,0.042527,0.123151
-7.59494,129.114,0.042527,0.123151
-3.79747,129.114,0.0417973,0.125572
0,129.114,0.0417973,0.125572
-300,132.911,0.0301109,0.0332295
-296.203,132.911,0.0301109,0.0332295
-292.405,132.911,0.0304159,0.0343987
-288.608,132.911,0.0304159,0.0343987
-284.81,132.911,0.0307028,0.0360125
-281.013,132.911,0.0307028,0.0360125
-277.215,132.911,0.0310951,0.0373506
-273.418,132.911,0.0310951,0.0373506
-269.62,132.911,0.0313103,0.038511
-265.823,132.911,0.0313103,0.038511
-262.025,132.911,0.0316958,0.0398605
-258.228,132.911,0.0316958,0.0398605
-254.43,132.911,0.0319745,0.0398605
-250.633,132.911,0.0319745,0.0398605
-246.835,132.911,0.032152,0.0416869
-243.038,132.911,0.032152,0.0416869
-239.241,132.911,0.0325563,0.0434728
-235.443,132.911,0.0325563,0.0434728
-231.646,132.911,0.0330299,0.0462538
-227.848,132.911,0.0330299,0.0462538
-224.051,132.911,0.0334987,0.0488159
-220.253,132.911,0.0334987,0.0488159
-216.456,132.911,0.0340212,0.0499624
-212.658,132.911,0.0340212,0.0499624
-208.861,132.911,0.0340514,0.0515167
-205.063,132.911,0.0340514,0.0515167
-201.266,132.911,0.0352499,0.0537396
-197.468,132.911,0.0352499,0.0537396
-193.671,132.911,0.0358493,0.0566073
-189.873,132.911,0.0358493,0.0566073
-186.076,132.911,0.0364009,0.0582793
-182.278,132.911,0.0364009,0.0582793
-178.481,132.911,0.0368347,0.0609199
-174.684,132.911,0.0368347,0.0609199
-170.886,132.911,0.0372491,0.0626316
-167.089,132.911,0.0372491,0.0626316
-163.291,132.911,0.0373665,0.0638271
-159.494,132.911,0.0373665,0.0638271
-155.696,132.911,0.0386096,0.068689
-151.899,132.911,0.0386096,0.068689
-148.101,132.911,0.038613,0.0700073
-144.304,132.911,0.038613,0.0700073
-140.506,132.911,0.0391483,0.0734171
-136.709,132.911,0.0391483,0.0734171
-132.911,132.911,0.0396231,0.0749398
-129.114,132.911,0.0396231,0.0749398
-125.316,132.911,0.0398953,0.0784535
-121.519,132.911,0.0398953,0.0784535
-117.722,132.911,0.040091,0.0807615
-113.924,132.911,0.040091,0.0807615
-110.127,132.911,0.0404164,0.0833824
-106.329,132.911,0.0404164,0.0833824
-102.532,132.911,0.0408836,0.0859716
-98.7342,132.911,0.0408836,0.0859716
-94.9367,132.911,0.0414772,0.0894197
-91.1392,132.911,0.0414772,0.0894197
-87.3418,132.911,0.0418505,0.0930163
-83.5443,132.911,0.0418505,0.0930163
-79.7468,132.911,0.0423178,0.0964732
-75.9494,132.911,0.0423178,0.0964732
-72.1519,132.911,0.0424148,0.100763
-68.3544,132.911,0.0424148,0.100763
-64.557,132.911,0.0430968,0.103946
-60.7595,132.911,0.0430968,0.103946
-56.962,132.911,0.0432841,0.107471
-53.1646,132.911,0.0432841,0.107471
-49.3671,132.911,0.0432937,0.11025
-45.5696,132.911,0.0432937,0.11025
-41.7722,132.911,0.0433011,0.112709
-37.9747,132.911,0.0433011,0.112709
-34.1772,132.911,0.0432862,0.115384
-30.3797,132.911,0.0432862,0.115384
-26.5823,132.911,0.04327,0.118772
-22.7848,132.911,0.04327,0.118772
-18.9873,132.911,0.0431077,0.121673
-15.1899,132.911,0.0431077,0.121673
-11.3924,132.911,0.042527,0.123151
-7.59494,132.911,0.042527,0.123151
-3.79747,132.911,0.0417973,0.125572
0,132.911,0.0417973,0.125572
-300,136.709,0.0308951,0.0361447
-296.203,136.709,0.0308951,0.0361447
-292.405,136.709,0.0312024,0.0373139
-288.608,136.709,0.0312024,0.0373139
-284.81,136.709,0.0314519,0.0388485
-281.013,136.709,0.0314519,0.0388485
-277.215,136.709,0.0318441,0.040042
-273.418,136.709,0.0318441,0.040042
-269.62,136.709,0.0320213,0.0411652
-265.823,136.709,0.0320213,0.0411652
-262.025,136.709,0.0324067,0.042463
-258.228,136.709,0.0324067,0.042463
-254.43,136.709,0.0329828,0.0444511
-250.633,136.709,0.0329828,0.0444511
-246.835,136.709,0.0330789,0.0468269
-243.038,136.709,0.0330789,0.0468269
-239.241,136.709,0.0337642,0.0486127
-235.443,136.709,0.0337642,0.0486127
-231.646,136.709,0.0344618,0.0507501
-227.848,136.709,0.0344618,0.0507501
-224.051,136.709,0.0349305,0.0533122
-220.253,136.709,0.0349305,0.0533122
-216.456,136.709,0.035453,0.0544587
-212.658,136.709,0.035453,0.0544587
-208.861,136.709,0.0354833,0.056013
-205.063,136.709,0.0354833,0.056013
-201.266,136.709,0.0366817,0.0582359
-197.468,136.709,0.0366817,0.0582359
-193.671,136.709,0.0371773,0.060412
-189.873,136.709,0.0371773,0.060412
-186.076,136.709,0.0377494,0.0620839
-182.278,136.709,0.0377494,0.0620839
-178.481,136.709,0.0380214,0.0632389
-174.684,136.709,0.0380214,0.0632389
-170.886,136.709,0.0382462,0.0668179
-167.089,136.709,0.0382462,0.0668179
-163.291,136.709,0.0383637,0.0678897
-159.494,136.709,0.0383637,0.0678897
-155.696,136.709,0.0396067,0.0727516
-151.899,136.709,0.0396067,0.0727516
-148.101,136.709,0.0396102,0.0740699
-144.304,136.709,0.0396102,0.0740699
-140.506,136.709,0.0401454,0.0774798
-136.709,136.709,0.0401454,0.0774798
-132.911,136.709,0.0406704,0.0790025
-129.114,136.709,0.0406704,0.0790025
-125.316,136.709,0.0410944,0.0825162
-121.519,136.709,0.0410944,0.0825162
-117.722,136.709,0.0412901,0.0848242
-113.924,136.709,0.0412901,0.0848242
-110.127,136.709,0.041692,0.0870652
-106.329,136.709,0.041692,0.0870652
-102.532,136.709,0.0421591,0.0891673
-98.7342,136.709,0.0421591,0.0891673
-94.9367,136.709,0.0425204,0.0926155
-91.1392,136.709,0.0425204,0.0926155
-87.3418,136.709,0.0428937,0.0963998
-83.5443,136.709,0.0428937,0.0963998
-79.7468,136.709,0.0433204,0.100725
-75.9494,136.709,0.0433204,0.100725
-72.1519,136.709,0.0434274,0.105014
-68.3544,136.709,0.0434274,0.105014
-64.557,136.709,0.0437711,0.108911
-60.7595,136.709,0.0437711,0.108911
-56.962,136.709,0.0439584,0.112436
-53.1646,136.709,0.0439584,0.112436
-49.3671,136.709,0.0439681,0.11369
-45.5696,136.709,0.0439681,0.11369
-41.7722,136.709,0.0439754,0.11537
-37.9747,136.709,0.0439754,0.11537
-34.1772,136.709,0.043954,0.118045
-30.3797,136.709,0.043954,0.118045
-26.5823,136.709,0.0439378,0.120676
-22.7848,136.709,0.0439378,0.120676
-18.9873,136.709,0.0437755,0.123577
-15.1899,136.709,0.0437755,0.123577
-11.3924,136.709,0.0432611,0.125055
-7.59494,136.709,0.0432611,0.125055
-3.79747,136.709,0.042598,0.127678
0,136.709,0.042598,0.127678
-300,140.506,0.0308951,0.0361447
-296.203,140.506,0.0308951,0.0361447
-292.405,140.506,0.0312024,0.0373139
-288.608,140.506,0.0312024,0.0373139
-284.81,140.506,0.0314519,0.0388485
-281.013,140.506,0.0314519,0.0388485
-277.215,140.506,0.0318441,0.040042
-273.418,140.506,0.0318441,0.040042
-269.62,140.506,0.0320213,0.0411652
-265.823,140.506,0.0320213,0.0411652
-262.025,140.506,0.0324067,0.042463
-258.228,140.506,0.0324067,0.042463
-254.43,140.506,0.0329828,0.0444511
-250.633,140.506,0.0329828,0.0444511
-246.835,140.506,0.0330789,0.0468269
-243.038,140.506,0.0330789,0.0468269
-239.241,140.506,0.0337642,0.0486127
-235.443,140.506,0.0337642,0.0486127
-231.646,140.506,0.0344618,0.0507501
-227.848,140.506,0.0344618,0.0507501
-224.051,140.506,0.0349305,0.0533122
-220.253,140.506,0.0349305,0.0533122
-216.456,140.506,0.035453,0.0544587
-212.658,140.506,0.035453,0.0544587
-208.861,140.506,0.0354833,0.056013
-205.063,140.506,0.0354833,0.056013
-201.266,140.506,0.0366817,0.0582359
-197.468,140.506,0.0366817,0.0582359
-193.671,140.506,0.0371773,0.060412
-189.873,140.506,0.0371773,0.060412
-186.076,140.506,0.0377494,0.0620839
-182.278,140.506,0.0377494,0.0620839
-178.481,140.506,0.0380214,0.0632389
-174.684,140.506,0.0380214,0.0632389
-170.886,140.506,0.0382462,0.0668179
-167.089,140.506,0.0382462,0.0668179
-163.291,140.506,0.0383637,0.0678897
-159.494,140.506,0.0383637,0.0678897
-155.696,140.506,0.0396067,0.0727516
-151.899,140.506,0.0396067,0.0727516
-148.101,140.506,0.0396102,0.0740699
-144.304,140.506,0.0396102,0.0740699
-140.506,140.506,0.0401454,0.0774798
-136.709,140.506,0.0401454,0.0774798
-132.911,140.506,0.0406704,0.0790025
-129.114,140.506,0.0406704,0.0790025
-125.316,140.506,0.0410944,0.0825162
-121.519,140.506,0.0410944,0.0825162
-117.722,140.506,0.0412901,0.0848242
-113.924,140.506,0.0412901,0.0848242
-110.127,140.506,0.041692,0.0870652
-106.329,140.506,0.041692,0.0870652
-102.532,140.506,0.0421591,0.0891673
-98.7342,140.506,0.0421591,0.0891673
-94.9367,140.506,0.0425204,0.0926155
-91.1392,140.506,0.0425204,0.0926155
-87.3418,140.506,0.0428937,0.0963998
-83.5443,140.506,0.0428937,0.0963998
-79.7468,140.506,0.0433204,0.100725
-75.9494,140.506,0.0433204,0.100725
-72.1519,140.506,0.0434274,0.105014
-68.3544,140.506,0.0434274,0.105014
-64.557,140.506,0.0437711,0.108911
-60.7595,140.506,0.0437711,0.108911
-56.962,140.506,0.0439584,0.112436
-53.1646,140.506,0.0439584,0.112436
-49.3671,140.506,0.0439681,0.11369
-45.5696,140.506,0.0439681,0.11369
-41.7722,140.506,0.0439754,0.11537
-37.9747,140.506,0.0439754,0.11537
-34.1772,140.506,0.043954,0.118045
-30.3797,140.506,0.043954,0.118045
-26.5823,140.506,0.0439378,0.120676
-22.7848,140.506,0.0439378,0.120676
-18.9873,140.506,0.0437755,0.123577
-15.1899,140.506,0.0437755,0.123577
-11.3924,140.506,0.0432611,0.125055
-7.59494,140.506,0.0432611,0.125055
-3.79747,140.506,0.042598,0.127678
0,140.506,0.042598,0.127678
-300,144.304,0.0323345,0.0392758
-296.203,144.304,0.0323345,0.0392758
-292.405,144.304,0.032657,0.0405323
-288.608,144.304,0.032657,0.0405323
-284.81,144.304,0.0328981,0.0418678
-281.013,144.304,0.0328981,0.0418678
-277.215,144.304,0.0333642,0.0429652
-273.418,144.304,0.0333642,0.0429652
-269.62,144.304,0.0337192,0.0440574
-265.823,144.304,0.0337192,0.0440574
-262.025,144.304,0.0340588,0.0456943
-258.228,144.304,0.0340588,0.0456943
-254.43,144.304,0.0346725,0.0485841
-250.633,144.304,0.0346725,0.0485841
-246.835,144.304,0.0347685,0.0509599
-243.038,144.304,0.0347685,0.0509599
-239.241,144.304,0.0353269,0.0522321
-235.443,144.304,0.0353269,0.0522321
-231.646,144.304,0.0360244,0.0543694
-227.848,144.304,0.0360244,0.0543694
-224.051,144.304,0.0364306,0.0569315
-220.253,144.304,0.0364306,0.0569315
-216.456,144.304,0.0366539,0.058078
-212.658,144.304,0.0366539,0.058078
-208.861,144.304,0.0366539,0.0591751
-205.063,144.304,0.0366539,0.0591751
-201.266,144.304,0.0378135,0.0613981
-197.468,144.304,0.0378135,0.0613981
-193.671,144.304,0.0381694,0.064124
-189.873,144.304,0.0381694,0.064124
-186.076,144.304,0.0387075,0.0658098
-182.278,144.304,0.0387075,0.0658098
-178.481,144.304,0.0388899,0.0674133
-174.684,144.304,0.0388899,0.0674133
-170.886,144.304,0.0391813,0.0709331
-167.089,144.304,0.0391813,0.0709331
-163.291,144.304,0.0392988,0.0721286
-159.494,144.304,0.0392988,0.0721286
-155.696,144.304,0.0405418,0.076954
-151.899,144.304,0.0405418,0.076954
-148.101,144.304,0.0405453,0.0782723
-144.304,144.304,0.0405453,0.0782723
-140.506,144.304,0.0410805,0.0812834
-136.709,144.304,0.0410805,0.0812834
-132.911,144.304,0.0416272,0.0828061
-129.114,144.304,0.0416272,0.0828061
-125.316,144.304,0.0421121,0.0852287
-121.519,144.304,0.0421121,0.0852287
-117.722,144.304,0.0424784,0.0875366
-113.924,144.304,0.0424784,0.0875366
-110.127,144.304,0.0429215,0.0897776
-106.329,144.304,0.0429215,0.0897776
-102.532,144.304,0.0433887,0.0918798
-98.7342,144.304,0.0433887,0.0918798
-94.9367,144.304,0.043754,0.0953279
-91.1392,144.304,0.043754,0.0953279
-87.3418,144.304,0.0441273,0.0986444
-83.5443,144.304,0.0441273,0.0986444
-79.7468,144.304,0.0445076,0.10297
-75.9494,144.304,0.0445076,0.10297
-72.1519,144.304,0.0446146,0.107259
-68.3544,144.304,0.0446146,0.107259
-64.557,144.304,0.0446374,0.110315
-60.7595,144.304,0.0446374,0.110315
-56.962,144.304,0.0448246,0.11384
-53.1646,144.304,0.0448246,0.11384
-49.3671,144.304,0.0448246,0.115646
-45.5696,144.304,0.0448246,0.115646
-41.7722,144.304,0.044832,0.117215
-37.9747,144.304,0.044832,0.117215
-34.1772,144.304,0.0448018,0.120358
-30.3797,144.304,0.0448018,0.120358
-26.5823,144.304,0.0447856,0.12299
-22.7848,144.304,0.0447856,0.12299
-18.9873,144.304,0.0446233,0.125337
-15.1899,144.304,0.0446233,0.125337
-11.3924,144.304,0.0440675,0.126932
-7.59494,144.304,0.0440675,0.126932
-3.79747,144.304,0.0433924,0.129722
0,144.304,0.0433924,0.129722
-300,148.101,0.0323345,0.0392758
-296.203,148.101,0.0323345,0.0392758
-292.405,148.101,0.032657,0.0405323
-288.608,148.101,0.032657,0.0405323
-284.81,148.101,0.0328981,0.0418678
-281.013,148.101,0.0328981,0.0418678
-277.215,148.101,0.0333642,0.0429652
-273.418,148.101,0.0333642,0.0429652
-269.62,148.101,0.0337192,0.0440574
-265.823,148.101,0.0337192,0.0440574
-262.025,148.101,0.0340588,0.0456943
-258.228,148.101,0.0340588,0.0456943
-254.43,148.101,0.0346725,0.0485841
-250.633,148.101,0.0346725,0.0485841
-246.835,148.101,0.0347685,0.0509599
-243.038,148.101,0.0347685,0.0509599
-239.241,148.101,0.0353269,0.0522321
-235.443,148.101,0.0353269,0.0522321
-231.646,148.101,0.0360244,0.0543694
-227.848,148.101,0.0360244,0.0543694
-224.051,148.101,0.0364306,0.0569315
-220.253,148.101,0.0364306,0.0569315
-216.456,148.101,0.0366539,0.058078
-212.658,148.101,0.0366539,0.058078
-208.861,148.101,0.0366539,0.0591751
-205.063,148.101,0.0366539,0.0591751
-201.266,148.101,0.0378135,0.0613981
-197.468,148.101,0.0378135,0.0613981
-193.671,148.101,0.0381694,0.064124
-189.873,148.101,0.0381694,0.064124
-186.076,148.101,0.0387075,0.0658098
-182.278,148.101,0.0387075,0.0658098
-178.481,148.101,0.0388899,0.0674133
-174.684,148.101,0.0388899,0.0674133
-170.886,148.101,0.0391813,0.0709331
-167.089,148.101,0.0391813,0.0709331
-163.291,148.101,0.0392988,0.0721286
-159.494,148.101,0.0392988,0.0721286
-155.696,148.101,0.0405418,0.076954
-151.899,148.101,0.0405418,0.076954
-148.101,148.101,0.0405453,0.0782723
-144.304,148.101,0.0405453,0.0782723
-140.506,148.101,0.0410805,0.0812834
-136.709,148.101,0.0410805,0.0812834
-132.911,148.101,0.0416272,0.0828061
-129.114,148.101,0.0416272,0.0828061
-125.316,148.101,0.0421121,0.0852287
-121.519,148.101,0.0421121,0.0852287
-117.722,148.101,0.0424784,0.0875366
-113.924,148.101,0.0424784,0.0875366
-110.127,148.101,0.0429215,0.0897776
-106.329,148.101,0.0429215,0.0897776
-102.532,148.101,0.0433887,0.0918798
-98.7342,148.101,0.0433887,0.0918798
-94.9367,148.101,0.043754,0.0953279
-91.1392,148.101,0.043754,0.0953279
-87.3418,148.101,0.0441273,0.0986444
-83.5443,148.101,0.0441273,0.0986444
-79.7468,148.101,0.0445076,0.10297
-75.9494,148.101,0.0445076,0.10297
-72.1519,148.101,0.0446146,0.107259
-68.3544,148.101,0.0446146,0.107259
-64.557,148.101,0.0446374,0.110315
-60.7595,148.101,0.0446374,0.110315
-56.962,148.101,0.0448246,0.11384
-53.1646,148.101,0.0448246,0.11384
-49.3671,148.101,0.0448246,0.115646
-45.5696,148.101,0.0448246,0.115646
-41.7722,148.101,0.044832,0.117215
-37.9747,148.101,0.044832,0.117215
-34.1772,148.101,0.0448018,0.120358
-30.3797,148.101,0.0448018,0.120358
-26.5823,148.101,0.0447856,0.12299
-22.7848,148.101,0.0447856,0.12299
-18.9873,148.101,0.0446233,0.125337
-15.1899,148.101,0.0446233,0.125337
-11.3924,148.101,0.0440675,0.126932
-7.59494,148.101,0.0440675,0.126932
-3.79747,148.101,0.0433924,0.129722
0,148.101,0.0433924,0.129722
-300,151.899,0.0333547,0.0424487
-296.203,151.899,0.0333547,0.0424487
-292.405,151.899,0.0337128,0.0438013
-288.608,151.899,0.0337128,0.0438013
-284.81,151.899,0.0341475,0.0454579
-281.013,151.899,0.0341475,0.0454579
-277.215,151.899,0.0345432,0.0466755
-273.418,151.899,0.0345432,0.0466755
-269.62,151.899,0.034939,0.0485491
-265.823,151.899,0.034939,0.0485491
-262.025,151.899,0.035303,0.0502792
-258.228,151.899,0.035303,0.0502792
-254.43,151.899,0.0359049,0.0535205
-250.633,151.899,0.0359049,0.0535205
-246.835,151.899,0.0359874,0.0546115
-243.038,151.899,0.0359874,0.0546115
-239.241,151.899,0.0365108,0.0558837
-235.443,151.899,0.0365108,0.0558837
-231.646,151.899,0.0372084,0.0580873
-227.848,151.899,0.0372084,0.0580873
-224.051,151.899,0.0374657,0.0606494
-220.253,151.899,0.0374657,0.0606494
-216.456,151.899,0.0377562,0.0617959
-212.658,151.899,0.0377562,0.0617959
-208.861,151.899,0.0377562,0.0631758
-205.063,151.899,0.0377562,0.0631758
-201.266,151.899,0.0390006,0.0662642
-197.468,151.899,0.0390006,0.0662642
-193.671,151.899,0.0393348,0.0681684
-189.873,151.899,0.0393348,0.0681684
-186.076,151.899,0.0397955,0.0700786
-182.278,151.899,0.0397955,0.0700786
-178.481,151.899,0.040029,0.0719487
-174.684,151.899,0.040029,0.0719487
-170.886,151.899,0.0403204,0.0752883
-167.089,151.899,0.0403204,0.0752883
-163.291,151.899,0.040478,0.0764837
-159.494,151.899,0.040478,0.0764837
-155.696,151.899,0.041721,0.0814791
-151.899,151.899,0.041721,0.0814791
-148.101,151.899,0.0417245,0.0825568
-144.304,151.899,0.0417245,0.0825568
-140.506,151.899,0.0422779,0.0853067
-136.709,151.899,0.0422779,0.0853067
-132.911,151.899,0.0428369,0.0865831
-129.114,151.899,0.0428369,0.0865831
-125.316,151.899,0.0433218,0.088996
-121.519,151.899,0.0433218,0.088996
-117.722,151.899,0.0437485,0.0908892
-113.924,151.899,0.0437485,0.0908892
-110.127,151.899,0.0441847,0.0931365
-106.329,151.899,0.0441847,0.0931365
-102.532,151.899,0.0446518,0.0952387
-98.7342,151.899,0.0446518,0.0952387
-94.9367,151.899,0.0449555,0.0986868
-91.1392,151.899,0.0449555,0.0986868
-87.3418,151.899,0.0453288,0.101709
-83.5443,151.899,0.0453288,0.101709
-79.7468,151.899,0.0455515,0.106021
-75.9494,151.899,0.0455515,0.106021
-72.1519,151.899,0.0456392,0.109965
-68.3544,151.899,0.0456392,0.109965
-64.557,151.899,0.0456392,0.112073
-60.7595,151.899,0.0456392,0.112073
-56.962,151.899,0.0458265,0.115598
-53.1646,151.899,0.0458265,0.115598
-49.3671,151.899,0.0458265,0.117408
-45.5696,151.899,0.0458265,0.117408
-41.7722,151.899,0.0458338,0.119373
-37.9747,151.899,0.0458338,0.119373
-34.1772,151.899,0.0457965,0.122561
-30.3797,151.899,0.0457965,0.122561
-26.5823,151.899,0.0457803,0.125614
-22.7848,151.899,0.0457803,0.125614
-18.9873,151.899,0.0455534,0.127647
-15.1899,151.899,0.0455534,0.127647
-11.3924,151.899,0.044977,0.129379
-7.59494,151.899,0.044977,0.129379
-3.79747,151.899,0.0444357,0.132098
0,151.899,0.0444357,0.132098
-300,155.696,0.0333547,0.0424487
-296.203,155.696,0.0333547,0.0424487
-292.405,155.696,0.0337128,0.0438013
-288.608,155.696,0.0337128,0.0438013
-284.81,155.696,0.0341475,0.0454579
-281.013,155.696,0.0341475,0.0454579
-277.215,155.696,0.0345432,0.0466755
-273.418,155.696,0.0345432,0.0466755
-269.62,155.696,0.034939,0.0485491
-265.823,155.696,0.034939,0.0485491
-262.025,155.696,0.035303,0.0502792
-258.228,155.696,0.035303,0.0502792
-254.43,155.696,0.0359049,0.0535205
-250.633,155.696,0.0359049,0.0535205
-246.835,155.696,0.0359874,0.0546115
-243.038,155.696,0.0359874,0.0546115
-239.241,155.696,0.0365108,0.0558837
-235.443,155.696,0.0365108,0.0558837
-231.646,155.696,0.0372084,0.0580873
-227.848,155.696,0.0372084,0.0580873
-224.051,155.696,0.0374657,0.0606494
-220.253,155.696,0.0374657,0.0606494
-216.456,155.696,0.0377562,0.0617959
-212.658,155.696,0.0377562,0.0617959
-208.861,155.696,0.0377562,0.0631758
-205.063,155.696,0.0377562,0.0631758
-201.266,155.696,0.0390006,0.0662642
-197.468,155.696,0.0390006,0.0662642
-193.671,155.696,0.0393348,0.0681684
-189.873,155.696,0.0393348,0.0681684
-186.076,155.696,0.0397955,0.0700786
-182.278,155.696,0.0397955,0.0700786
-178.481,155.696,0.040029,0.0719487
-174.684,155.696,0.040029,0.0719487
-170.886,155.696,0.0403204,0.0752883
-167.089,155.696,0.0403204,0.0752883
-163.291,155.696,0.040478,0.0764837
-159.494,155.696,0.040478,0.0764837
-155.696,155.696,0.041721,0.0814791
-151.899,155.696,0.041721,0.0814791
-148.101,155.696,0.0417245,0.0825568
-144.304,155.696,0.0417245,0.0825568
-140.506,155.696,0.0422779,0.0853067
-136.709,155.696,0.0422779,0.0853067
-132.911,155.696,0.0428369,0.0865831
-129.114,155.696,0.0428369,0.0865831
-125.316,155.696,0.0433218,0.088996
-121.519,155.696,0.0433218,0.088996
-117.722,155.696,0.0437485,0.0908892
-113.924,155.696,0.0437485,0.0908892
-110.127,155.696,0.0441847,0.0931365
-106.329,155.696,0.0441847,0.0931365
-102.532,155.696,0.0446518,0.0952387
-98.7342,155.696,0.0446518,0.0952387
-94.9367,155.696,0.0449555,0.0986868
-91.1392,155.696,0.0449555,0.0986868
-87.3418,155.696,0.0453288,0.101709
-83.5443,155.696,0.0453288,0.101709
-79.7468,155.696,0.0455515,0.106021
-75.9494,155.696,0.0455515,0.106021
-72.1519,155.696,0.0456392,0.109965
-68.3544,155.696,0.0456392,0.109965
-64.557,155.696,0.0456392,0.112073
-60.7595,155.696,0.0456392,0.112073
-56.962,155.696,0.0458265,0.115598
-53.1646,155.696,0.0458265,0.115598
-49.3671,155.696,0.0458265,0.117408
-45.5696,155.696,0.0458265,0.117408
-41.7722,155.696,0.0458338,0.119373
-37.9747,155.696,0.0458338,0.119373
-34.1772,155.696,0.0457965,0.122561
-30.3797,155.696,0.0457965,0.122561
-26.5823,155.696,0.0457803,0.125614
-22.7848,155.696,0.0457803,0.125614
-18.9873,155.696,0.0455534,0.127647
-15.1899,155.696,0.0455534,0.127647
-11.3924,155.696,0.044977,0.129379
-7.59494,155.696,0.044977,0.129379
-3.79747,155.696,0.0444357,0.132098
0,155.696,0.0444357,0.132098
-300,159.494,0.0343852,0.0450732
-296.203,159.494,0.0343852,0.0450732
-292.405,159.494,0.0347255,0.0460702
-288.608,159.494,0.0347255,0.0460702
-284.81,159.494,0.0352328,0.0481888
-281.013,159.494,0.0352328,0.0481888
-277.215,159.494,0.0355967,0.0492505
-273.418,159.494,0.0355967,0.0492505
-269.62,159.494,0.036008,0.0515265
-265.823,159.494,0.036008,0.0515265
-262.025,159.494,0.0363595,0.0525146
-258.228,159.494,0.0363595,0.0525146
-254.43,159.494,0.0368758,0.055756
-250.633,159.494,0.0368758,0.055756
-246.835,159.494,0.0369853,0.056582
-243.038,159.494,0.0369853,0.056582
-239.241,159.494,0.0375437,0.0582779
-235.443,159.494,0.0375437,0.0582779
-231.646,159.494,0.038173,0.0604815
-227.848,159.494,0.038173,0.0604815
-224.051,159.494,0.0384543,0.0631374
-220.253,159.494,0.0384543,0.0631374
-216.456,159.494,0.0387514,0.0645761
-212.658,159.494,0.0387514,0.0645761
-208.861,159.494,0.0387514,0.066186
-205.063,159.494,0.0387514,0.066186
-201.266,159.494,0.0397672,0.0692743
-197.468,159.494,0.0397672,0.0692743
-193.671,159.494,0.0403321,0.0719684
-189.873,159.494,0.0403321,0.0719684
-186.076,159.494,0.0408319,0.0739213
-182.278,159.494,0.0408319,0.0739213
-178.481,159.494,0.0410654,0.0757914
-174.684,159.494,0.0410654,0.0757914
-170.886,159.494,0.0413568,0.079131
-167.089,159.494,0.0413568,0.079131
-163.291,159.494,0.0415144,0.0803264
-159.494,159.494,0.0415144,0.0803264
-155.696,159.494,0.0429825,0.0841957
-151.899,159.494,0.0429825,0.0841957
-148.101,159.494,0.042986,0.0853475
-144.304,159.494,0.042986,0.0853475
-140.506,159.494,0.0435393,0.0880974
-136.709,159.494,0.0435393,0.0880974
-132.911,159.494,0.0439634,0.0901625
-129.114,159.494,0.0439634,0.0901625
-125.316,159.494,0.044388,0.0924062
-121.519,159.494,0.044388,0.0924062
-117.722,159.494,0.0448296,0.0937551
-113.924,159.494,0.0448296,0.0937551
-110.127,159.494,0.0452216,0.0960023
-106.329,159.494,0.0452216,0.0960023
-102.532,159.494,0.0456938,0.098786
-98.7342,159.494,0.0456938,0.098786
-94.9367,159.494,0.0459876,0.102234
-91.1392,159.494,0.0459876,0.102234
-87.3418,159.494,0.0463663,0.105256
-83.5443,159.494,0.0463663,0.105256
-79.7468,159.494,0.0465313,0.109006
-75.9494,159.494,0.0465313,0.109006
-72.1519,159.494,0.046574,0.112777
-68.3544,159.494,0.046574,0.112777
-64.557,159.494,0.046574,0.11405
-60.7595,159.494,0.046574,0.11405
-56.962,159.494,0.0466631,0.117575
-53.1646,159.494,0.0466631,0.117575
-49.3671,159.494,0.0466501,0.120109
-45.5696,159.494,0.0466501,0.120109
-41.7722,159.494,0.0466501,0.122074
-37.9747,159.494,0.0466501,0.122074
-34.1772,159.494,0.046567,0.125574
-30.3797,159.494,0.046567,0.125574
-26.5823,159.494,0.0465414,0.12804
-22.7848,159.494,0.0465414,0.12804
-18.9873,159.494,0.0462963,0.130073
-15.1899,159.494,0.0462963,0.130073
-11.3924,159.494,0.0457528,0.131628
-7.59494,159.494,0.0457528,0.131628
-3.79747,159.494,0.0451782,0.133825
0,159.494,0.0451782,0.133825
-300,163.291,0.0343852,0.0450732
-296.203,163.291,0.0343852,0.0450732
-292.405,163.291,0.0347255,0.0460702
-288.608,163.291,0.0347255,0.0460702
-284.81,163.291,0.0352328,0.0481888
-281.013,163.291,0.0352328,0.0481888
-277.215,163.291,0.0355967,0.0492505
-273.418,163.291,0.0355967,0.0492505
-269.62,163.291,0.036008,0.0515265
-265.823,163.291,0.036008,0.0515265
-262.025,163.291,0.0363595,0.0525146
-258.228,163.291,0.0363595,0.0525146
-254.43,163.291,0.0368758,0.055756
-250.633,163.291,0.0368758,0.055756
-246.835,163.291,0.0369853,0.056582
-243.038,163.291,0.0369853,0.056582
-239.241,163.291,0.0375437,0.0582779
-235.443,163.291,0.0375437,0.0582779
-231.646,163.291,0.038173,0.0604815
-227.848,163.291,0.038173,0.0604815
-224.051,163.291,0.0384543,0.0631374
-220.253,163.291,0.0384543,0.0631374
-216.456,163.291,0.0387514,0.0645761
-212.658,163.291,0.0387514,0.0645761
-208.861,163.291,0.0387514,0.066186
-205.063,163.291,0.0387514,0.066186
-201.266,163.291,0.0397672,0.0692743
-197.468,163.291,0.0397672,0.0692743
-193.671,163.291,0.0403321,0.0719684
-189.873,163.291,0.0403321,0.0719684
-186.076,163.291,0.0408319,0.0739213
-182.278,163.291,0.0408319,0.0739213
-178.481,163.291,0.0410654,0.0757914
-174.684,163.291,0.0410654,0.0757914
-170.886,163.291,0.0413568,0.079131
-167.089,163.291,0.0413568,0.079131
-163.291,163.291,0.0415144,0.0803264
-159.494,163.291,0.0415144,0.0803264
-155.696,163.291,0.0429825,0.0841957
-151.899,163.291,0.0429825,0.0841957
-148.101,163.291,0.042986,0.0853475
-144.304,163.291,0.042986,0.0853475
-140.506,163.291,0.0435393,0.0880974
-136.709,163.291,0.0435393,0.0880974
-132.911,163.291,0.0439634,0.0901625
-129.114,163.291,0.0439634,0.0901625
-125.316,163.291,0.044388,0.0924062
-121.519,163.291,0.044388,0.0924062
-117.722,163.291,0.0448296,0.0937551
-113.924,163.291,0.0448296,0.0937551
-110.127,163.291,0.0452216,0.0960023
-106.329,163.291,0.0452216,0.0960023
-102.532,163.291,0.0456938,0.098786
-98.7342,163.291,0.0456938,0.098786
-94.9367,163.291,0.0459876,0.102234
-91.1392,163.291,0.0459876,0.102234
-87.3418,163.291,0.0463663,0.105256
-83.5443,163.291,0.0463663,0.105256
-79.7468,163.291,0.0465313,0.109006
-75.9494,163.291,0.0465313,0.109006
-72.1519,163.291,0.046574,0.112777
-68.3544,163.291,0.046574,0.112777
-64.557,163.291,0.046574,0.11405
-60.7595,163.291,0.046574,0.11405
-56.962,163.291,0.0466631,0.117575
-53.1646,163.291,0.0466631,0.117575
-49.3671,163.291,0.0466501,0.120109
-45.5696,163.291,0.0466501,0.120109
-41.7722,163.291,0.0466501,0.122074
-37.9747,163.291,0.0466501,0.122074
-34.1772,163.291,0.046567,0.125574
-30.3797,163.291,0.046567,0.125574
-26.5823,163.291,0.0465414,0.12804
-22.7848,163.291,0.0465414,0.12804
-18.9873,163.291,0.0462963,0.130073
-15.1899,163.291,0.0462963,0.130073
-11.3924,163.291,0.0457528,0.131628
-7.59494,163.291,0.0457528,0.131628
-3.79747,163.291,0.0451782,0.133825
0,163.291,0.0451782,0.133825
-300,167.089,0.0360686,0.0503196
-296.203,167.089,0.0360686,0.0503196
-292.405,167.089,0.0364089,0.0513176
-288.608,167.089,0.0364089,0.0513176
-284.81,167.089,0.0369162,0.0534362
-281.013,167.089,0.0369162,0.0534362
-277.215,167.089,0.0372801,0.0544979
-273.418,167.089,0.0372801,0.0544979
-269.62,167.089,0.0377323,0.0568115
-265.823,167.089,0.0377323,0.0568115
-262.025,167.089,0.0380837,0.0579246
-258.228,167.089,0.0380837,0.0579246
-254.43,167.089,0.0386001,0.061166
-250.633,167.089,0.0386001,0.061166
-246.835,167.089,0.0387096,0.061992
-243.038,167.089,0.0387096,0.061992
-239.241,167.089,0.0393023,0.0636879
-235.443,167.089,0.0393023,0.0636879
-231.646,167.089,0.0399316,0.065445
-227.848,167.089,0.0399316,0.065445
-224.051,167.089,0.0402128,0.0681009
-220.253,167.089,0.0402128,0.0681009
-216.456,167.089,0.0405099,0.0695395
-212.658,167.089,0.0405099,0.0695395
-208.861,167.089,0.0405099,0.0711494
-205.063,167.089,0.0405099,0.0711494
-201.266,167.089,0.0415257,0.0742378
-197.468,167.089,0.0415257,0.0742378
-193.671,167.089,0.041823,0.0763551
-189.873,167.089,0.041823,0.0763551
-186.076,167.089,0.0423228,0.0783353
-182.278,167.089,0.0423228,0.0783353
-178.481,167.089,0.0425896,0.0802693
-174.684,167.089,0.0425896,0.0802693
-170.886,167.089,0.0428809,0.082819
-167.089,167.089,0.0428809,0.082819
-163.291,167.089,0.0430518,0.0833804
-159.494,167.089,0.0430518,0.0833804
-155.696,167.089,0.0438816,0.0863299
-151.899,167.089,0.0438816,0.0863299
-148.101,167.089,0.0438851,0.0874817
-144.304,167.089,0.0438851,0.0874817
-140.506,167.089,0.0441666,0.0887641
-136.709,167.089,0.0441666,0.0887641
-132.911,167.089,0.0447353,0.0920103
-129.114,167.089,0.0447353,0.0920103
-125.316,167.089,0.0451599,0.0954083
-121.519,167.089,0.0451599,0.0954083
-117.722,167.089,0.0456015,0.0967572
-113.924,167.089,0.0456015,0.0967572
-110.127,167.089,0.0460382,0.0997934
-106.329,167.089,0.0460382,0.0997934
-102.532,167.089,0.0465103,0.10219
-98.7342,167.089,0.0465103,0.10219
-94.9367,167.089,0.0468041,0.105638
-91.1392,167.089,0.0468041,0.105638
-87.3418,167.089,0.0471829,0.10866
-83.5443,167.089,0.0471829,0.10866
-79.7468,167.089,0.0473479,0.11243
-75.9494,167.089,0.0473479,0.11243
-72.1519,167.089,0.0473906,0.116201
-68.3544,167.089,0.0473906,0.116201
-64.557,167.089,0.0473906,0.117475
-60.7595,167.089,0.0473906,0.117475
-56.962,167.089,0.0474797,0.120623
-53.1646,167.089,0.0474797,0.120623
-49.3671,167.089,0.0474667,0.122245
-45.5696,167.089,0.0474667,0.122245
-41.7722,167.089,0.0474667,0.12421
-37.9747,167.089,0.0474667,0.12421
-34.1772,167.089,0.0473836,0.127091
-30.3797,167.089,0.0473836,0.127091
-26.5823,167.089,0.047358,0.129557
-22.7848,167.089,0.047358,0.129557
-18.9873,167.089,0.0471128,0.13159
-15.1899,167.089,0.0471128,0.13159
-11.3924,167.089,0.0465664,0.133162
-7.59494,167.089,0.0465664,0.133162
-3.79747,167.089,0.0459918,0.13563
0,167.089,0.0459918,0.13563
-300,170.886,0.0360686,0.0503196
-296.203,170.886,0.0360686,0.0503196
-292.405,170.886,0.0364089,0.0513176
-288.608,170.886,0.0364089,0.0513176
-284.81,170.886,0.0369162,0.0534362
-281.013,170.886,0.0369162,0.0534362
-277.215,170.886,0.0372801,0.0544979
-273.418,170.886,0.0372801,0.0544979
-269.62,170.886,0.0377323,0.0568115
-265.823,170.886,0.0377323,0.0568115
-262.025,170.886,0.0380837,0.0579246
-258.228,170.886,0.0380837,0.0579246
-254.43,170.886,0.0386001,0.061166
-250.633,170.886,0.0386001,0.061166
-246.835,170.886,0.0387096,0.061992
-243.038,170.886,0.0387096,0.061992
-239.241,170.886,0.0393023,0.0636879
-235.443,170.886,0.0393023,0.0636879
-231.646,170.886,0.0399316,0.065445
-227.848,170.886,0.0399316,0.065445
-224.051,170.886,0.0402128,0.0681009
-220.253,170.886,0.0402128,0.0681009
-216.456,170.886,0.0405099,0.0695395
-212.658,170.886,0.0405099,0.0695395
-208.861,170.886,0.0405099,0.0711494
-205.063,170.886,0.0405099,0.0711494
-201.266,170.886,0.0415257,0.0742378
-197.468,170.886,0.0415257,0.0742378
-193.671,170.886,0.041823,0.0763551
-189.873,170.886,0.041823,0.0763551
-186.076,170.886,0.0423228,0.0783353
-182.278,170.886,0.0423228,0.0783353
-178.481,170.886,0.0425896,0.0802693
-174.684,170.886,0.0425896,0.0802693
-170.886,170.886,0.0428809,0.082819
-167.089,170.886,0.0428809,0.082819
-163.291,170.886,0.0430518,0.0833804
-159.494,170.886,0.0430518,0.0833804
-155.696,170.886,0.0438816,0.0863299
-151.899,170.886,0.0438816,0.0863299
-148.101,170.886,0.0438851,0.0874817
-144.304,170.886,0.0438851,0.0874817
-140.506,170.886,0.0441666,0.0887641
-136.709,170.886,0.0441666,0.0887641
-132.911,170.886,0.0447353,0.0920103
-129.114,170.886,0.0447353,0.0920103
-125.316,170.886,0.0451599,0.0954083
-121.519,170.886,0.0451599,0.0954083
-117.722,170.886,0.0456015,0.0967572
-113.924,170.886,0.0456015,0.0967572
-110.127,170.886,0.0460382,0.0997934
-106.329,170.886,0.0460382,0.0997934
-102.532,170.886,0.0465103,0.10219
-98.7342,170.886,0.0465103,0.10219
-94.9367,170.886,0.0468041,0.105638
-91.1392,170.886,0.0468041,0.105638
-87.3418,170.886,0.0471829,0.10866
-83.5443,170.886,0.0471829,0.10866
-79.7468,170.886,0.0473479,0.11243
-75.9494,170.886,0.0473479,0.11243
-72.1519,170.886,0.0473906,0.116201
-68.3544,170.886,0.0473906,0.116201
-64.557,170.886,0.0473906,0.117475
-60.7595,170.886,0.0473906,0.117475
-56.962,170.886,0.0474797,0.120623
-53.1646,170.886,0.0474797,0.120623
-49.3671,170.886,0.0474667,0.122245
-45.5696,170.886,0.0474667,0.122245
-41.7722,170.886,0.0474667,0.12421
-37.9747,170.886,0.0474667,0.12421
-34.1772,170.886,0.0473836,0.127091
-30.3797,170.886,0.0473836,0.127091
-26.5823,170.886,0.047358,0.129557
-22.7848,170.886,0.047358,0.129557
-18.9873,170.886,0.0471128,0.13159
-15.1899,170.886,0.0471128,0.13159
-11.3924,170.886,0.0465664,0.133162
-7.59494,170.886,0.0465664,0.133162
-3.79747,170.886,0.0459918,0.13563
0,170.886,0.0459918,0.13563
-300,174.684,0.0367838,0.0517512
-296.203,174.684,0.0367838,0.0517512
-292.405,174.684,0.0371908,0.0533962
-288.608,174.684,0.0371908,0.0533962
-284.81,174.684,0.0376598,0.0551896
-281.013,174.684,0.0376598,0.0551896
-277.215,174.684,0.0379656,0.0562513
-273.418,174.684,0.0379656,0.0562513
-269.62,174.684,0.0384388,0.0584408
-265.823,174.684,0.0384388,0.0584408
-262.025,174.684,0.0389175,0.0596538
-258.228,174.684,0.0389175,0.0596538
-254.43,174.684,0.0393864,0.0628952
-250.633,174.684,0.0393864,0.0628952
-246.835,174.684,0.0394959,0.0637212
-243.038,174.684,0.0394959,0.0637212
-239.241,174.684,0.0401186,0.0655215
-235.443,174.684,0.0401186,0.0655215
-231.646,174.684,0.0407897,0.0678861
-227.848,174.684,0.0407897,0.0678861
-224.051,174.684,0.0411145,0.0705419
-220.253,174.684,0.0411145,0.0705419
-216.456,174.684,0.0414116,0.0719806
-212.658,174.684,0.0414116,0.0719806
-208.861,174.684,0.0414116,0.0735905
-205.063,174.684,0.0414116,0.0735905
-201.266,174.684,0.0424354,0.0766126
-197.468,174.684,0.0424354,0.0766126
-193.671,174.684,0.0427326,0.0792457
-189.873,174.684,0.0427326,0.0792457
-186.076,174.684,0.0432324,0.0811265
-182.278,174.684,0.0432324,0.0811265
-178.481,174.684,0.0433049,0.0828065
-174.684,174.684,0.0433049,0.0828065
-170.886,174.684,0.0436977,0.0853562
-167.089,174.684,0.0436977,0.0853562
-163.291,174.684,0.0438505,0.0857929
-159.494,174.684,0.0438505,0.0857929
-155.696,174.684,0.0448661,0.0887424
-151.899,174.684,0.0448661,0.0887424
-148.101,174.684,0.0449234,0.0898942
-144.304,174.684,0.0449234,0.0898942
-140.506,174.684,0.0453756,0.0911766
-136.709,174.684,0.0453756,0.0911766
-132.911,174.684,0.0459442,0.0943424
-129.114,174.684,0.0459442,0.0943424
-125.316,174.684,0.0463688,0.100731
-121.519,174.684,0.0463688,0.100731
-117.722,174.684,0.0468677,0.101721
-113.924,174.684,0.0468677,0.101721
-110.127,174.684,0.0473044,0.104757
-106.329,174.684,0.0473044,0.104757
-102.532,174.684,0.0477869,0.106922
-98.7342,174.684,0.0477869,0.106922
-94.9367,174.684,0.0480864,0.109914
-91.1392,174.684,0.0480864,0.109914
-87.3418,174.684,0.0483508,0.112936
-83.5443,174.684,0.0483508,0.112936
-79.7468,174.684,0.048407,0.116003
-75.9494,174.684,0.048407,0.116003
-72.1519,174.684,0.0484215,0.119692
-68.3544,174.684,0.0484215,0.119692
-64.557,174.684,0.0484164,0.120965
-60.7595,174.684,0.0484164,0.120965
-56.962,174.684,0.0484164,0.122417
-53.1646,174.684,0.0484164,0.122417
-49.3671,174.684,0.0483566,0.124039
-45.5696,174.684,0.0483566,0.124039
-41.7722,174.684,0.0483114,0.126092
-37.9747,174.684,0.0483114,0.126092
-34.1772,174.684,0.0482148,0.129183
-30.3797,174.684,0.0482148,0.129183
-26.5823,174.684,0.0481672,0.131716
-22.7848,174.684,0.0481672,0.131716
-18.9873,174.684,0.0478802,0.133749
-15.1899,174.684,0.0478802,0.133749
-11.3924,174.684,0.0473902,0.135523
-7.59494,174.684,0.0473902,0.135523
-3.79747,174.684,0.0468961,0.136984
0,174.684,0.0468961,0.136984
-300,178.481,0.0367838,0.0517512
-296.203,178.481,0.0367838,0.0517512
-292.405,178.481,0.0371908,0.0533962
-288.608,178.481,0.0371908,0.0533962
-284.81,178.481,0.0376598,0.0551896
-281.013,178.481,0.0376598,0.0551896
-277.215,178.481,0.0379656,0.0562513
-273.418,178.481,0.0379656,0.0562513
-269.62,178.481,0.0384388,0.0584408
-265.823,178.481,0.0384388,0.0584408
-262.025,178.481,0.0389175,0.0596538
-258.228,178.481,0.0389175,0.0596538
-254.43,178.481,0.0393864,0.0628952
-250.633,178.481,0.0393864,0.0628952
-246.835,178.481,0.0394959,0.0637212
-243.038,178.481,0.0394959,0.0637212
-239.241,178.481,0.0401186,0.0655215
-235.443,178.481,0.0401186,0.0655215
-231.646,178.481,0.0407897,0.0678861
-227.848,178.481,0.0407897,0.0678861
-224.051,178.481,0.0411145,0.0705419
-220.253,178.481,0.0411145,0.0705419
-216.456,178.481,0.0414116,0.0719806
-212.658,178.481,0.0414116,0.0719806
-208.861,178.481,0.0414116,0.0735905
-205.063,178.481,0.0414116,0.0735905
-201.266,178.481,0.0424354,0.0766126
-197.468,178.481,0.0424354,0.0766126
-193.671,178.481,0.0427326,0.0792457
-189.873,178.481,0.0427326,0.0792457
-186.076,178.481,0.0432324,0.0811265
-182.278,178.481,0.0432324,0.0811265
-178.481,178.481,0.0433049,0.0828065
-174.684,178.481,0.0433049,0.0828065
-170.886,178.481,0.0436977,0.0853562
-167.089,178.481,0.0436977,0.0853562
-163.291,178.481,0.0438505,0.0857929
-159.494,178.481,0.0438505,0.0857929
-155.696,178.481,0.0448661,0.0887424
-151.899,178.481,0.0448661,0.0887424
-148.101,178.481,0.0449234,0.0898942
-144.304,178.481,0.0449234,0.0898942
-140.506,178.481,0.0453756,0.0911766
-136.709,178.481,0.0453756,0.0911766
-132.911,178.481,0.0459442,0.0943424
-129.114,178.481,0.0459442,0.0943424
-125.316,178.481,0.0463688,0.100731
-121.519,178.481,0.0463688,0.100731
-117.722,178.481,0.0468677,0.101721
-113.924,178.481,0.0468677,0.101721
-110.127,178.481,0.0473044,0.104757
-106.329,178.481,0.0473044,0.104757
-102.532,178.481,0.0477869,0.106922
-98.7342,178.481,0.0477869,0.106922
-94.9367,178.481,0.0480864,0.109914
-91.1392,178.481,0.0480864,0.109914
-87.3418,178.481,0.0483508,0.112936
-83.5443,178.481,0.0483508,0.112936
-79.7468,178.481,0.048407,0.116003
-75.9494,178.481,0.048407,0.116003
-72.1519,178.481,0.0484215,0.119692
-68.3544,178.481,0.0484215,0.119692
-64.557,178.481,0.0484164,0.120965
-60.7595,178.481,0.0484164,0.120965
-56.962,178.481,0.0484164,0.122417
-53.1646,178.481,0.0484164,0.122417
-49.3671,178.481,0.0483566,0.124039
-45.5696,178.481,0.0483566,0.124039
-41.7722,178.481,0.0483114,0.126092
-37.9747,178.481,0.0483114,0.126092
-34.1772,178.481,0.0482148,0.129183
-30.3797,178.481,0.0482148,0.129183
-26.5823,178.481,0.0481672,0.131716
-22.7848,178.481,0.0481672,0.131716
-18.9873,178.481,0.0478802,0.133749
-15.1899,178.481,0.0478802,0.133749
-11.3924,178.481,0.0473902,0.135523
-7.59494,178.481,0.0473902,0.135523
-3.79747,178.481,0.0468961,0.136984
0,178.481,0.0468961,0.136984
-300,182.278,0.0380668,0.0557728
-296.203,182.278,0.0380668,0.0557728
-292.405,182.278,0.0384738,0.0574179
-288.608,182.278,0.0384738,0.0574179
-284.81,182.278,0.0389122,0.0592977
-281.013,182.278,0.0389122,0.0592977
-277.215,182.278,0.0391611,0.060544
-273.418,182.278,0.0391611,0.060544
-269.62,182.278,0.0397045,0.0627336
-265.823,182.278,0.0397045,0.0627336
-262.025,182.278,0.040308,0.0639103
-258.228,182.278,0.040308,0.0639103
-254.43,182.278,0.0407769,0.0671517
-250.633,182.278,0.0407769,0.0671517
-246.835,182.278,0.0409634,0.0679777
-243.038,182.278,0.0409634,0.0679777
-239.241,182.278,0.0414978,0.0699952
-235.443,182.278,0.0414978,0.0699952
-231.646,182.278,0.041847,0.0724569
-227.848,182.278,0.041847,0.0724569
-224.051,182.278,0.0421263,0.074907
-220.253,182.278,0.0421263,0.074907
-216.456,182.278,0.0424235,0.0762017
-212.658,182.278,0.0424235,0.0762017
-208.861,182.278,0.0424235,0.0778116
-205.063,182.278,0.0424235,0.0778116
-201.266,182.278,0.0434472,0.0801273
-197.468,182.278,0.0434472,0.0801273
-193.671,182.278,0.0437445,0.0827605
-189.873,182.278,0.0437445,0.0827605
-186.076,182.278,0.0442443,0.0846413
-182.278,182.278,0.0442443,0.0846413
-178.481,182.278,0.0444027,0.08635
-174.684,182.278,0.0444027,0.08635
-170.886,182.278,0.0447632,0.0888998
-167.089,182.278,0.0447632,0.0888998
-163.291,182.278,0.044916,0.0893365
-159.494,182.278,0.044916,0.0893365
-155.696,182.278,0.0459316,0.092286
-151.899,182.278,0.0459316,0.092286
-148.101,182.278,0.0460933,0.0934377
-144.304,182.278,0.0460933,0.0934377
-140.506,182.278,0.0465456,0.0947202
-136.709,182.278,0.0465456,0.0947202
-132.911,182.278,0.0471982,0.0978322
-129.114,182.278,0.0471982,0.0978322
-125.316,182.278,0.0476228,0.102223
-121.519,182.278,0.0476228,0.102223
-117.722,182.278,0.0478202,0.103931
-113.924,182.278,0.0478202,0.103931
-110.127,182.278,0.0482569,0.106021
-106.329,182.278,0.0482569,0.106021
-102.532,182.278,0.0487394,0.108553
-98.7342,182.278,0.0487394,0.108553
-94.9367,182.278,0.0489316,0.11133
-91.1392,182.278,0.0489316,0.11133
-87.3418,182.278,0.0489658,0.114352
-83.5443,182.278,0.0489658,0.114352
-79.7468,182.278,0.0490221,0.117364
-75.9494,182.278,0.0490221,0.117364
-72.1519,182.278,0.0490365,0.121052
-68.3544,182.278,0.0490365,0.121052
-64.557,182.278,0.0490315,0.122895
-60.7595,182.278,0.0490315,0.122895
-56.962,182.278,0.0490315,0.124301
-53.1646,182.278,0.0490315,0.124301
-49.3671,182.278,0.0489716,0.125923
-45.5696,182.278,0.0489716,0.125923
-41.7722,182.278,0.0489265,0.12804
-37.9747,182.278,0.0489265,0.12804
-34.1772,182.278,0.0488298,0.131159
-30.3797,182.278,0.0488298,0.131159
-26.5823,182.278,0.0487823,0.133714
-22.7848,182.278,0.0487823,0.133714
-18.9873,182.278,0.0484953,0.135781
-15.1899,182.278,0.0484953,0.135781
-11.3924,182.278,0.0480134,0.137624
-7.59494,182.278,0.0480134,0.137624
-3.79747,182.278,0.0475193,0.139038
0,182.278,0.0475193,0.139038
-300,186.076,0.0380668,0.0557728
-296.203,186.076,0.0380668,0.0557728
-292.405,186.076,0.0384738,0.0574179
-288.608,186.076,0.0384738,0.0574179
-284.81,186.076,0.0389122,0.0592977
-281.013,186.076,0.0389122,0.0592977
-277.215,186.076,0.0391611,0.060544
-273.418,186.076,0.0391611,0.060544
-269.62,186.076,0.0397045,0.0627336
-265.823,186.076,0.0397045,0.0627336
-262.025,186.076,0.040308,0.0639103
-258.228,186.076,0.040308,0.0639103
-254.43,186.076,0.0407769,0.0671517
-250.633,186.076,0.0407769,0.0671517
-246.835,186.076,0.0409634,0.0679777
-243.038,186.076,0.0409634,0.0679777
-239.241,186.076,0.0414978,0.0699952
-235.443,186.076,0.0414978,0.0699952
-231.646,186.076,0.041847,0.0724569
-227.848,186.076,0.041847,0.0724569
-224.051,186.076,0.0421263,0.074907
-220.253,186.076,0.0421263,0.074907
-216.456,186.076,0.0424235,0.0762017
-212.658,186.076,0.0424235,0.0762017
-208.861,186.076,0.0424235,0.0778116
-205.063,186.076,0.0424235,0.0778116
-201.266,186.076,0.0434472,0.0801273
-197.468,186.076,0.0434472,0.0801273
-193.671,186.076,0.0437445,0.0827605
-189.873,186.076,0.0437445,0.0827605
-186.076,186.076,0.0442443,0.0846413
-182.278,186.076,0.0442443,0.0846413
-178.481,186.076,0.0444027,0.08635
-174.684,186.076,0.0444027,0.08635
-170.886,186.076,0.0447632,0.0888998
-167.089,186.076,0.0447632,0.0888998
-163.291,186.076,0.044916,0.0893365
-159.494,186.076,0.044916,0.0893365
-155.696,186.076,0.0459316,0.092286
-151.899,186.076,0.0459316,0.092286
-148.101,186.076,0.0460933,0.0934377
-144.304,186.076,0.0460933,0.0934377
-140.506,186.076,0.0465456,0.0947202
-136.709,186.076,0.0465456,0.0947202
-132.911,186.076,0.0471982,0.0978322
-129.114,186.076,0.0471982,0.0978322
-125.316,186.076,0.0476228,0.102223
-121.519,186.076,0.0476228,0.102223
-117.722,186.076,0.0478202,0.103931
-113.924,186.076,0.0478202,0.103931
-110.127,186.076,0.0482569,0.106021
-106.329,186.076,0.0482569,0.106021
-102.532,186.076,0.0487394,0.108553
-98.7342,186.076,0.0487394,0.108553
-94.9367,186.076,0.0489316,0.11133
-91.1392,186.076,0.0489316,0.11133
-87.3418,186.076,0.0489658,0.114352
-83.5443,186.076,0.0489658,0.114352
-79.7468,186.076,0.0490221,0.117364
-75.9494,186.076,0.0490221,0.117364
-72.1519,186.076,0.0490365,0.121052
-68.3544,186.076,0.0490365,0.121052
-64.557,186.076,0.0490315,0.122895
-60.7595,186.076,0.0490315,0.122895
-56.962,186.076,0.0490315,0.124301
-53.1646,186.076,0.0490315,0.124301
-49.3671,186.076,0.0489716,0.125923
-45.5696,186.076,0.0489716,0.125923
-41.7722,186.076,0.0489265,0.12804
-37.9747,186.076,0.0489265,0.12804
-34.1772,186.076,0.0488298,0.131159
-30.3797,186.076,0.0488298,0.131159
-26.5823,186.076,0.0487823,0.133714
-22.7848,186.076,0.0487823,0.133714
-18.9873,186.076,0.0484953,0.135781
-15.1899,186.076,0.0484953,0.135781
-11.3924,186.076,0.0480134,0.137624
-7.59494,186.076,0.0480134,0.137624
-3.79747,186.076,0.0475193,0.139038
0,186.076,0.0475193,0.139038
-300,189.873,0.0391231,0.0580093
-296.203,189.873,0.0391231,0.0580093
-292.405,189.873,0.0395301,0.0596543
-288.608,189.873,0.0395301,0.0596543
-284.81,189.873,0.0399685,0.0617115
-281.013,189.873,0.0399685,0.0617115
-277.215,189.873,0.0402174,0.0628549
-273.418,189.873,0.0402174,0.0628549
-269.62,189.873,0.0407608,0.0650444
-265.823,189.873,0.0407608,0.0650444
-262.025,189.873,0.0412458,0.0662212
-258.228,189.873,0.0412458,0.0662212
-254.43,189.873,0.0417764,0.0694625
-250.633,189.873,0.0417764,0.0694625
-246.835,189.873,0.0419418,0.070776
-243.038,189.873,0.0419418,0.070776
-239.241,189.873,0.0424762,0.0727935
-235.443,189.873,0.0424762,0.0727935
-231.646,189.873,0.0429974,0.0752553
-227.848,189.873,0.0429974,0.0752553
-224.051,189.873,0.0432767,0.0777054
-220.253,189.873,0.0432767,0.0777054
-216.456,189.873,0.0438187,0.0780868
-212.658,189.873,0.0438187,0.0780868
-208.861,189.873,0.0438187,0.0796967
-205.063,189.873,0.0438187,0.0796967
-201.266,189.873,0.0446108,0.0820124
-197.468,189.873,0.0446108,0.0820124
-193.671,189.873,0.0450566,0.0839562
-189.873,189.873,0.0450566,0.0839562
-186.076,189.873,0.0453738,0.085837
-182.278,189.873,0.0453738,0.085837
-178.481,189.873,0.0455322,0.088117
-174.684,189.873,0.0455322,0.088117
-170.886,189.873,0.0458927,0.0906667
-167.089,189.873,0.0458927,0.0906667
-163.291,189.873,0.0462088,0.0910967
-159.494,189.873,0.0462088,0.0910967
-155.696,189.873,0.0472245,0.0958382
-151.899,189.873,0.0472245,0.0958382
-148.101,189.873,0.0473862,0.0969899
-144.304,189.873,0.0473862,0.0969899
-140.506,189.873,0.0478384,0.0989497
-136.709,189.873,0.0478384,0.0989497
-132.911,189.873,0.0482831,0.102062
-129.114,189.873,0.0482831,0.102062
-125.316,189.873,0.0487442,0.106453
-121.519,189.873,0.0487442,0.106453
-117.722,189.873,0.0489416,0.108161
-113.924,189.873,0.0489416,0.108161
-110.127,189.873,0.0493783,0.110264
-106.329,189.873,0.0493783,0.110264
-102.532,189.873,0.0496226,0.111888
-98.7342,189.873,0.0496226,0.111888
-94.9367,189.873,0.0496781,0.114587
-91.1392,189.873,0.0496781,0.114587
-87.3418,189.873,0.0497123,0.117609
-83.5443,189.873,0.0497123,0.117609
-79.7468,189.873,0.0497686,0.120621
-75.9494,189.873,0.0497686,0.120621
-72.1519,189.873,0.049783,0.12279
-68.3544,189.873,0.049783,0.12279
-64.557,189.873,0.049778,0.124974
-60.7595,189.873,0.049778,0.124974
-56.962,189.873,0.049778,0.12638
-53.1646,189.873,0.049778,0.12638
-49.3671,189.873,0.0497181,0.128002
-45.5696,189.873,0.0497181,0.128002
-41.7722,189.873,0.0496729,0.129979
-37.9747,189.873,0.0496729,0.129979
-34.1772,189.873,0.0495643,0.133098
-30.3797,189.873,0.0495643,0.133098
-26.5823,189.873,0.0495167,0.135653
-22.7848,189.873,0.0495167,0.135653
-18.9873,189.873,0.0491784,0.13772
-15.1899,189.873,0.0491784,0.13772
-11.3924,189.873,0.0486965,0.139563
-7.59494,189.873,0.0486965,0.139563
-3.79747,189.873,0.0482023,0.141282
0,189.873,0.0482023,0.141282
-300,193.671,0.0391231,0.0580093
-296.203,193.671,0.0391231,0.0580093
-292.405,193.671,0.0395301,0.0596543
-288.608,193.671,0.0395301,0.0596543
-284.81,193.671,0.0399685,0.0617115
-281.013,193.671,0.0399685,0.0617115
-277.215,193.671,0.0402174,0.0628549
-273.418,193.671,0.0402174,0.0628549
-269.62,193.671,0.0407608,0.0650444
-265.823,193.671,0.0407608,0.0650444
-262.025,193.671,0.0412458,0.0662212
-258.228,193.671,0.0412458,0.0662212
-254.43,193.671,0.0417764,0.0694625
-250.633,193.671,0.0417764,0.0694625
-246.835,193.671,0.0419418,0.070776
-243.038,193.671,0.0419418,0.070776
-239.241,193.671,0.0424762,0.0727935
-235.443,193.671,0.0424762,0.0727935
-231.646,193.671,0.0429974,0.0752553
-227.848,193.671,0.0429974,0.0752553
-224.051,193.671,0.0432767,0.0777054
-220.253,193.671,0.0432767,0.0777054
-216.456,193.671,0.0438187,0.0780868
-212.658,193.671,0.0438187,0.0780868
-208.861,193.671,0.0438187,0.0796967
-205.063,193.671,0.0438187,0.0796967
-201.266,193.671,0.0446108,0.0820124
-197.468,193.671,0.0446108,0.0820124
-193.671,193.671,0.0450566,0.0839562
-189.873,193.671,0.0450566,0.0839562
-186.076,193.671,0.0453738,0.085837
-182.278,193.671,0.0453738,0.085837
-178.481,193.671,0.0455322,0.088117
-174.684,193.671,0.0455322,0.088117
-170.886,193.671,0.0458927,0.0906667
-167.089,193.671,0.0458927,0.0906667
-163.291,193.671,0.0462088,0.0910967
-159.494,193.671,0.0462088,0.0910967
-155.696,193.671,0.0472245,0.0958382
-151.899,193.671,0.0472245,0.0958382
-148.101,193.671,0.0473862,0.0969899
-144.304,193.671,0.0473862,0.0969899
-140.506,193.671,0.0478384,0.0989497
-136.709,193.671,0.0478384,0.0989497
-132.911,193.671,0.0482831,0.102062
-129.114,193.671,0.0482831,0.102062
-125.316,193.671,0.0487442,0.106453
-121.519,193.671,0.0487442,0.106453
-117.722,193.671,0.0489416,0.108161
-113.924,193.671,0.0489416,0.108161
-110.127,193.671,0.0493783,0.110264
-106.329,193.671,0.0493783,0.110264
-102.532,193.671,0.0496226,0.111888
-98.7342,193.671,0.0496226,0.111888
-94.9367,193.671,0.0496781,0.114587
-91.1392,193.671,0.0496781,0.114587
-87.3418,193.671,0.0497123,0.117609
-83.5443,193.671,0.0497123,0.117609
-79.7468,193.671,0.0497686,0.120621
-75.9494,193.671,0.0497686,0.120621
-72.1519,193.671,0.049783,0.12279
-68.3544,193.671,0.049783,0.12279
-64.557,193.671,0.049778,0.124974
-60.7595,193.671,0.049778,0.124974
-56.962,193.671,0.049778,0.12638
-53.1646,193.671,0.049778,0.12638
-49.3671,193.671,0.0497181,0.128002
-45.5696,193.671,0.0497181,0.128002
-41.7722,193.671,0.0496729,0.129979
-37.9747,193.671,0.0496729,0.129979
-34.1772,193.671,0.0495643,0.133098
-30.3797,193.671,0.0495643,0.133098
-26.5823,193.671,0.0495167,0.135653
-22.7848,193.671,0.0495167,0.135653
-18.9873,193.671,0.0491784,0.13772
-15.1899,193.671,0.0491784,0.13772
-11.3924,193.671,0.0486965,0.139563
-7.59494,193.671,0.0486965,0.139563
-3.79747,193.671,0.0482023,0.141282
0,193.671,0.0482023,0.141282
-300,197.468,0.0400808,0.0619172
-296.203,197.468,0.0400808,0.0619172
-292.405,197.468,0.0404879,0.0635622
-288.608,197.468,0.0404879,0.0635622
-284.81,197.468,0.0409262,0.0656194
-281.013,197.468,0.0409262,0.0656194
-277.215,197.468,0.0411751,0.0667722
-273.418,197.468,0.0411751,0.0667722
-269.62,197.468,0.0417128,0.0689617
-265.823,197.468,0.0417128,0.0689617
-262.025,197.468,0.0421977,0.0701385
-258.228,197.468,0.0421977,0.0701385
-254.43,197.468,0.0428865,0.0733799
-250.633,197.468,0.0428865,0.0733799
-246.835,197.468,0.043052,0.0746933
-243.038,197.468,0.043052,0.0746933
-239.241,197.468,0.0435736,0.0767108
-235.443,197.468,0.0435736,0.0767108
-231.646,197.468,0.0440948,0.0791726
-227.848,197.468,0.0440948,0.0791726
-224.051,197.468,0.0443741,0.0806549
-220.253,197.468,0.0443741,0.0806549
-216.456,197.468,0.0451675,0.0828191
-212.658,197.468,0.0451675,0.0828191
-208.861,197.468,0.0451675,0.0850518
-205.063,197.468,0.0451675,0.0850518
-201.266,197.468,0.0451675,0.0866308
-197.468,197.468,0.0451675,0.0866308
-193.671,197.468,0.0456133,0.0885746
-189.873,197.468,0.0456133,0.0885746
-186.076,197.468,0.0456571,0.0904554
-182.278,197.468,0.0456571,0.0904554
-178.481,197.468,0.0462705,0.0927353
-174.684,197.468,0.0462705,0.0927353
-170.886,197.468,0.0468296,0.0952851
-167.089,197.468,0.0468296,0.0952851
-163.291,197.468,0.0471457,0.0957151
-159.494,197.468,0.0471457,0.0957151
-155.696,197.468,0.0481613,0.100457
-151.899,197.468,0.0481613,0.100457
-148.101,197.468,0.0483231,0.101608
-144.304,197.468,0.0483231,0.101608
-140.506,197.468,0.0487753,0.103568
-136.709,197.468,0.0487753,0.103568
-132.911,197.468,0.0492199,0.104918
-129.114,197.468,0.0492199,0.104918
-125.316,197.468,0.0495527,0.107347
-121.519,197.468,0.0495527,0.107347
-117.722,197.468,0.0497501,0.109418
-113.924,197.468,0.0497501,0.109418
-110.127,197.468,0.0501946,0.110628
-106.329,197.468,0.0501946,0.110628
-102.532,197.468,0.0504311,0.113377
-98.7342,197.468,0.0504311,0.113377
-94.9367,197.468,0.0504866,0.116076
-91.1392,197.468,0.0504866,0.116076
-87.3418,197.468,0.0505208,0.119099
-83.5443,197.468,0.0505208,0.119099
-79.7468,197.468,0.0505771,0.122111
-75.9494,197.468,0.0505771,0.122111
-72.1519,197.468,0.0505915,0.12428
-68.3544,197.468,0.0505915,0.12428
-64.557,197.468,0.0505865,0.126464
-60.7595,197.468,0.0505865,0.126464
-56.962,197.468,0.0505865,0.12787
-53.1646,197.468,0.0505865,0.12787
-49.3671,197.468,0.0505266,0.129492
-45.5696,197.468,0.0505266,0.129492
-41.7722,197.468,0.0504814,0.131469
-37.9747,197.468,0.0504814,0.131469
-34.1772,197.468,0.0503728,0.134695
-30.3797,197.468,0.0503728,0.134695
-26.5823,197.468,0.0503252,0.136809
-22.7848,197.468,0.0503252,0.136809
-18.9873,197.468,0.0499868,0.13899
-15.1899,197.468,0.0499868,0.13899
-11.3924,197.468,0.049507,0.140834
-7.59494,197.468,0.049507,0.140834
-3.79747,197.468,0.0490129,0.142728
0,197.468,0.0490129,0.142728
-300,201.266,0.0400808,0.0619172
-296.203,201.266,0.0400808,0.0619172
-292.405,201.266,0.0404879,0.0635622
-288.608,201.266,0.0404879,0.0635622
-284.81,201.266,0.0409262,0.0656194
-281.013,201.266,0.0409262,0.0656194
-277.215,201.266,0.0411751,0.0667722
-273.418,201.266,0.0411751,0.0667722
-269.62,201.266,0.0417128,0.0689617
-265.823,201.266,0.0417128,0.0689617
-262.025,201.266,0.0421977,0.0701385
-258.228,201.266,0.0421977,0.0701385
-254.43,201.266,0.0428865,0.0733799
-250.633,201.266,0.0428865,0.0733799
-246.835,201.266,0.043052,0.0746933
-243.038,201.266,0.043052,0.0746933
-239.241,201.266,0.0435736,0.0767108
-235.443,201.266,0.0435736,0.0767108
-231.646,201.266,0.0440948,0.0791726
-227.848,201.266,0.0440948,0.0791726
-224.051,201.266,0.0443741,0.0806549
-220.253,201.266,0.0443741,0.0806549
-216.456,201.266,0.0451675,0.0828191
-212.658,201.266,0.0451675,0.0828191
-208.861,201.266,0.0451675,0.0850518
-205.063,201.266,0.0451675,0.0850518
-201.266,201.266,0.0451675,0.0866308
-197.468,201.266,0.0451675,0.0866308
-193.671,201.266,0.0456133,0.0885746
-189.873,201.266,0.0456133,0.0885746
-186.076,201.266,0.0456571,0.0904554
-182.278,201.266,0.0456571,0.0904554
-178.481,201.266,0.0462705,0.0927353
-174.684,201.266,0.0462705,0.0927353
-170.886,201.266,0.0468296,0.0952851
-167.089,201.266,0.0468296,0.0952851
-163.291,201.266,0.0471457,0.0957151
-159.494,201.266,0.0471457,0.0957151
-155.696,201.266,0.0481613,0.100457
-151.899,201.266,0.0481613,0.100457
-148.101,201.266,0.0483231,0.101608
-144.304,201.266,0.0483231,0.101608
-140.506,201.266,0.0487753,0.103568
-136.709,201.266,0.0487753,0.103568
-132.911,201.266,0.0492199,0.104918
-129.114,201.266,0.0492199,0.104918
-125.316,201.266,0.0495527,0.107347
-121.519,201.266,0.0495527,0.107347
-117.722,201.266,0.0497501,0.109418
-113.924,201.266,0.0497501,0.109418
-110.127,201.266,0.0501946,0.110628
-106.329,201.266,0.0501946,0.110628
-102.532,201.266,0.0504311,0.113377
-98.7342,201.266,0.0504311,0.113377
-94.9367,201.266,0.0504866,0.116076
-91.1392,201.266,0.0504866,0.116076
-87.3418,201.266,0.0505208,0.119099
-83.5443,201.266,0.0505208,0.119099
-79.7468,201.266,0.0505771,0.122111
-75.9494,201.266,0.0505771,0.122111
-72.1519,201.266,0.0505915,0.12428
-68.3544,201.266,0.0505915,0.12428
-64.557,201.266,0.0505865,0.126464
-60.7595,201.266,0.0505865,0.126464
-56.962,201.266,0.0505865,0.12787
-53.1646,201.266,0.0505865,0.12787
-49.3671,201.266,0.0505266,0.129492
-45.5696,201.266,0.0505266,0.129492
-41.7722,201.266,0.0504814,0.131469
-37.9747,201.266,0.0504814,0.131469
-34.1772,201.266,0.0503728,0.134695
-30.3797,201.266,0.0503728,0.134695
-26.5823,201.266,0.0503252,0.136809
-22.7848,201.266,0.0503252,0.136809
-18.9873,201.266,0.0499868,0.13899
-15.1899,201.266,0.0499868,0.13899
-11.3924,201.266,0.049507,0.140834
-7.59494,201.266,0.049507,0.140834
-3.79747,201.266,0.0490129,0.142728
0,201.266,0.0490129,0.142728
-300,205.063,0.0411692,0.0660954
-296.203,205.063,0.0411692,0.0660954
-292.405,205.063,0.0415762,0.0677404
-288.608,205.063,0.0415762,0.0677404
-284.81,205.063,0.0420145,0.0697976
-281.013,205.063,0.0420145,0.0697976
-277.215,205.063,0.0422635,0.0709504
-273.418,205.063,0.0422635,0.0709504
-269.62,205.063,0.0428011,0.07314
-265.823,205.063,0.0428011,0.07314
-262.025,205.063,0.043286,0.0743167
-258.228,205.063,0.043286,0.0743167
-254.43,205.063,0.0439749,0.0775581
-250.633,205.063,0.0439749,0.0775581
-246.835,205.063,0.0441403,0.0788715
-243.038,205.063,0.0441403,0.0788715
-239.241,205.063,0.0446662,0.0799751
-235.443,205.063,0.0446662,0.0799751
-231.646,205.063,0.0451875,0.0824369
-227.848,205.063,0.0451875,0.0824369
-224.051,205.063,0.0454667,0.0839191
-220.253,205.063,0.0454667,0.0839191
-216.456,205.063,0.0462433,0.0860635
-212.658,205.063,0.0462433,0.0860635
-208.861,205.063,0.0469887,0.0881852
-205.063,205.063,0.0469887,0.0881852
-201.266,205.063,0.0475474,0.0896623
-197.468,205.063,0.0475474,0.0896623
-193.671,205.063,0.0477154,0.0916061
-189.873,205.063,0.0477154,0.0916061
-186.076,205.063,0.0477592,0.0934869
-182.278,205.063,0.0477592,0.0934869
-178.481,205.063,0.0483725,0.0957016
-174.684,205.063,0.0483725,0.0957016
-170.886,205.063,0.0489316,0.0982514
-167.089,205.063,0.0489316,0.0982514
-163.291,205.063,0.0492478,0.0997997
-159.494,205.063,0.0492478,0.0997997
-155.696,205.063,0.0493481,0.104165
-151.899,205.063,0.0493481,0.104165
-148.101,205.063,0.0495285,0.105317
-144.304,205.063,0.0495285,0.105317
-140.506,205.063,0.0497168,0.108052
-136.709,205.063,0.0497168,0.108052
-132.911,205.063,0.0501614,0.109401
-129.114,205.063,0.0501614,0.109401
-125.316,205.063,0.0504942,0.11183
-121.519,205.063,0.0504942,0.11183
-117.722,205.063,0.0506916,0.113965
-113.924,205.063,0.0506916,0.113965
-110.127,205.063,0.0511443,0.11497
-106.329,205.063,0.0511443,0.11497
-102.532,205.063,0.0513726,0.117719
-98.7342,205.063,0.0513726,0.117719
-94.9367,205.063,0.0514281,0.119527
-91.1392,205.063,0.0514281,0.119527
-87.3418,205.063,0.0514675,0.12255
-83.5443,205.063,0.0514675,0.12255
-79.7468,205.063,0.0515238,0.124196
-75.9494,205.063,0.0515238,0.124196
-72.1519,205.063,0.0515382,0.126395
-68.3544,205.063,0.0515382,0.126395
-64.557,205.063,0.0515332,0.128578
-60.7595,205.063,0.0515332,0.128578
-56.962,205.063,0.0515332,0.13144
-53.1646,205.063,0.0515332,0.13144
-49.3671,205.063,0.0514648,0.133062
-45.5696,205.063,0.0514648,0.133062
-41.7722,205.063,0.0514196,0.135389
-37.9747,205.063,0.0514196,0.135389
-34.1772,205.063,0.0513109,0.137894
-30.3797,205.063,0.0513109,0.137894
-26.5823,205.063,0.0512633,0.140008
-22.7848,205.063,0.0512633,0.140008
-18.9873,205.063,0.050925,0.142155
-15.1899,205.063,0.050925,0.142155
-11.3924,205.063,0.0504452,0.143973
-7.59494,205.063,0.0504452,0.143973
-3.79747,205.063,0.0499247,0.145971
0,205.063,0.0499247,0.145971
-300,208.861,0.0411692,0.0660954
-296.203,208.861,0.0411692,0.0660954
-292.405,208.861,0.0415762,0.0677404
-288.608,208.861,0.0415762,0.0677404
-284.81,208.861,0.0420145,0.0697976
-281.013,208.861,0.0420145,0.0697976
-277.215,208.861,0.0422635,0.0709504
-273.418,208.861,0.0422635,0.0709504
-269.62,208.861,0.0428011,0.07314
-265.823,208.861,0.0428011,0.07314
-262.025,208.861,0.043286,0.0743167
-258.228,208.861,0.043286,0.0743167
-254.43,208.861,0.0439749,0.0775581
-250.633,208.861,0.0439749,0.0775581
-246.835,208.861,0.0441403,0.0788715
-243.038,208.861,0.0441403,0.0788715
-239.241,208.861,0.0446662,0.0799751
-235.443,208.861,0.0446662,0.0799751
-231.646,208.861,0.0451875,0.0824369
-227.848,208.861,0.0451875,0.0824369
-224.051,208.861,0.0454667,0.0839191
-220.253,208.861,0.0454667,0.0839191
-216.456,208.861,0.0462433,0.0860635
-212.658,208.861,0.0462433,0.0860635
-208.861,208.861,0.0469887,0.0881852
-205.063,208.861,0.0469887,0.0881852
-201.266,208.861,0.0475474,0.0896623
-197.468,208.861,0.0475474,0.0896623
-193.671,208.861,0.0477154,0.0916061
-189.873,208.861,0.0477154,0.0916061
-186.076,208.861,0.0477592,0.0934869
-182.278,208.861,0.0477592,0.0934869
-178.481,208.861,0.0483725,0.0957016
-174.684,208.861,0.0483725,0.0957016
-170.886,208.861,0.0489316,0.0982514
-167.089,208.861,0.0489316,0.0982514
-163.291,208.861,0.0492478,0.0997997
-159.494,208.861,0.0492478,0.0997997
-155.696,208.861,0.0493481,0.104165
-151.899,208.861,0.0493481,0.104165
-148.101,208.861,0.0495285,0.105317
-144.304,208.861,0.0495285,0.105317
-140.506,208.861,0.0497168,0.108052
-136.709,208.861,0.0497168,0.108052
-132.911,208.861,0.0501614,0.109401
-129.114,208.861,0.0501614,0.109401
-125.316,208.861,0.0504942,0.11183
-121.519,208.861,0.0504942,0.11183
-117.722,208.861,0.0506916,0.113965
-113.924,208.861,0.0506916,0.113965
-110.127,208.861,0.0511443,0.11497
-106.329,208.861,0.0511443,0.11497
-102.532,208.861,0.0513726,0.117719
-98.7342,208.861,0.0513726,0.117719
-94.9367,208.861,0.0514281,0.119527
-91.1392,208.861,0.0514281,0.119527
-87.3418,208.861,0.0514675,0.12255
-83.5443,208.861,0.0514675,0.12255
-79.7468,208.861,0.0515238,0.124196
-75.9494,208.861,0.0515238,0.124196
-72.1519,208.861,0.0515382,0.126395
-68.3544,208.861,0.0515382,0.126395
-64.557,208.861,0.0515332,0.128578
-60.7595,208.861,0.0515332,0.128578
-56.962,208.861,0.0515332,0.13144
-53.1646,208.861,0.0515332,0.13144
-49.3671,208.861,0.0514648,0.133062
-45.5696,208.861,0.0514648,0.133062
-41.7722,208.861,0.0514196,0.135389
-37.9747,208.861,0.0514196,0.135389
-34.1772,208.861,0.0513109,0.137894
-30.3797,208.861,0.0513109,0.137894
-26.5823,208.861,0.0512633,0.140008
-22.7848,208.861,0.0512633,0.140008
-18.9873,208.861,0.050925,0.142155
-15.1899,208.861,0.050925,0.142155
-11.3924,208.861,0.0504452,0.143973
-7.59494,208.861,0.0504452,0.143973
-3.79747,208.861,0.0499247,0.145971
0,208.861,0.0499247,0.145971
-300,212.658,0.0421004,0.0681868
-296.203,212.658,0.0421004,0.0681868
-292.405,212.658,0.0424803,0.0697622
-288.608,212.658,0.0424803,0.0697622
-284.81,212.658,0.0429333,0.0717614
-281.013,212.658,0.0429333,0.0717614
-277.215,212.658,0.0432264,0.0729779
-273.418,212.658,0.0432264,0.0729779
-269.62,212.658,0.0437681,0.0751793
-265.823,212.658,0.0437681,0.0751793
-262.025,212.658,0.0441523,0.0764231
-258.228,212.658,0.0441523,0.0764231
-254.43,212.658,0.0448412,0.0796644
-250.633,212.658,0.0448412,0.0796644
-246.835,212.658,0.0449759,0.0813587
-243.038,212.658,0.0449759,0.0813587
-239.241,212.658,0.0455018,0.0825295
-235.443,212.658,0.0455018,0.0825295
-231.646,212.658,0.0458721,0.0846408
-227.848,212.658,0.0458721,0.0846408
-224.051,212.658,0.0460996,0.086123
-220.253,212.658,0.0460996,0.086123
-216.456,212.658,0.0467267,0.0882451
-212.658,212.658,0.0467267,0.0882451
-208.861,212.658,0.0474722,0.0902985
-205.063,212.658,0.0474722,0.0902985
-201.266,212.658,0.0480309,0.0918415
-197.468,212.658,0.0480309,0.0918415
-193.671,212.658,0.0481989,0.0937853
-189.873,212.658,0.0481989,0.0937853
-186.076,212.658,0.0483687,0.0956661
-182.278,212.658,0.0483687,0.0956661
-178.481,212.658,0.0489821,0.0978941
-174.684,212.658,0.0489821,0.0978941
-170.886,212.658,0.0495412,0.100444
-167.089,212.658,0.0495412,0.100444
-163.291,212.658,0.0499664,0.101992
-159.494,212.658,0.0499664,0.101992
-155.696,212.658,0.0500667,0.106357
-151.899,212.658,0.0500667,0.106357
-148.101,212.658,0.0502432,0.107509
-144.304,212.658,0.0502432,0.107509
-140.506,212.658,0.0507178,0.110006
-136.709,212.658,0.0507178,0.110006
-132.911,212.658,0.0510358,0.111356
-129.114,212.658,0.0510358,0.111356
-125.316,212.658,0.051386,0.113768
-121.519,212.658,0.051386,0.113768
-117.722,212.658,0.0516551,0.115469
-113.924,212.658,0.0516551,0.115469
-110.127,212.658,0.0518927,0.116347
-106.329,212.658,0.0518927,0.116347
-102.532,212.658,0.0520513,0.118829
-98.7342,212.658,0.0520513,0.118829
-94.9367,212.658,0.0521068,0.121416
-91.1392,212.658,0.0521068,0.121416
-87.3418,212.658,0.0521462,0.124565
-83.5443,212.658,0.0521462,0.124565
-79.7468,212.658,0.0522025,0.12621
-75.9494,212.658,0.0522025,0.12621
-72.1519,212.658,0.0522169,0.12841
-68.3544,212.658,0.0522169,0.12841
-64.557,212.658,0.0522079,0.130567
-60.7595,212.658,0.0522079,0.130567
-56.962,212.658,0.0522079,0.133388
-53.1646,212.658,0.0522079,0.133388
-49.3671,212.658,0.0521395,0.13501
-45.5696,212.658,0.0521395,0.13501
-41.7722,212.658,0.0520972,0.137337
-37.9747,212.658,0.0520972,0.137337
-34.1772,212.658,0.0519478,0.139839
-30.3797,212.658,0.0519478,0.139839
-26.5823,212.658,0.0517204,0.141912
-22.7848,212.658,0.0517204,0.141912
-18.9873,212.658,0.0513562,0.143875
-15.1899,212.658,0.0513562,0.143875
-11.3924,212.658,0.0510241,0.145086
-7.59494,212.658,0.0510241,0.145086
-3.79747,212.658,0.0506342,0.146441
0,212.658,0.0506342,0.146441
-300,216.456,0.0421004,0.0681868
-296.203,216.456,0.0421004,0.0681868
-292.405,216.456,0.0424803,0.0697622
-288.608,216.456,0.0424803,0.0697622
-284.81,216.456,0.0429333,0.0717614
-281.013,216.456,0.0429333,0.0717614
-277.215,216.456,0.0432264,0.0729779
-273.418,216.456,0.0432264,0.0729779
-269.62,216.456,0.0437681,0.0751793
-265.823,216.456,0.0437681,0.0751793
-262.025,216.456,0.0441523,0.0764231
-258.228,216.456,0.0441523,0.0764231
-254.43,216.456,0.0448412,0.0796644
-250.633,216.456,0.0448412,0.0796644
-246.835,216.456,0.0449759,0.0813587
-243.038,216.456,0.0449759,0.0813587
-239.241,216.456,0.0455018,0.0825295
-235.443,216.456,0.0455018,0.0825295
-231.646,216.456,0.0458721,0.0846408
-227.848,216.456,0.0458721,0.0846408
-224.051,216.456,0.0460996,0.086123
-220.253,216.456,0.0460996,0.086123
-216.456,216.456,0.0467267,0.0882451
-212.658,216.456,0.0467267,0.0882451
-208.861,216.456,0.0474722,0.0902985
-205.063,216.456,0.0474722,0.0902985
-201.266,216.456,0.0480309,0.0918415
-197.468,216.456,0.0480309,0.0918415
-193.671,216.456,0.0481989,0.0937853
-189.873,216.456,0.0481989,0.0937853
-186.076,216.456,0.0483687,0.0956661
-182.278,216.456,0.0483687,0.0956661
-178.481,216.456,0.0489821,0.0978941
-174.684,216.456,0.0489821,0.0978941
-170.886,216.456,0.0495412,0.100444
-167.089,216.456,0.0495412,0.100444
-163.291,216.456,0.0499664,0.101992
-159.494,216.456,0.0499664,0.101992
-155.696,216.456,0.0500667,0.106357
-151.899,216.456,0.0500667,0.106357
-148.101,216.456,0.0502432,0.107509
-144.304,216.456,0.0502432,0.107509
-140.506,216.456,0.0507178,0.110006
-136.709,216.456,0.0507178,0.110006
-132.911,216.456,0.0510358,0.111356
-129.114,216.456,0.0510358,0.111356
-125.316,216.456,0.051386,0.113768
-121.519,216.456,0.051386,0.113768
-117.722,216.456,0.0516551,0.115469
-113.924,216.456,0.0516551,0.115469
-110.127,216.456,0.0518927,0.116347
-106.329,216.456,0.0518927,0.116347
-102.532,216.456,0.0520513,0.118829
-98.7342,216.456,0.0520513,0.118829
-94.9367,216.456,0.0521068,0.121416
-91.1392,216.456,0.0521068,0.121416
-87.3418,216.456,0.0521462,0.124565
-83.5443,216.456,0.0521462,0.124565
-79.7468,216.456,0.0522025,0.12621
-75.9494,216.456,0.0522025,0.12621
-72.1519,216.456,0.0522169,0.12841
-68.3544,216.456,0.0522169,0.12841
-64.557,216.456,0.0522079,0.130567
-60.7595,216.456,0.0522079,0.130567
-56.962,216.456,0.0522079,0.133388
-53.1646,216.456,0.0522079,0.133388
-49.3671,216.456,0.0521395,0.13501
-45.5696,216.456,0.0521395,0.13501
-41.7722,216.456,0.0520972,0.137337
-37.9747,216.456,0.0520972,0.137337
-34.1772,216.456,0.0519478,0.139839
-30.3797,216.456,0.0519478,0.139839
-26.5823,216.456,0.0517204,0.141912
-22.7848,216.456,0.0517204,0.141912
-18.9873,216.456,0.0513562,0.143875
-15.1899,216.456,0.0513562,0.143875
-11.3924,216.456,0.0510241,0.145086
-7.59494,216.456,0.0510241,0.145086
-3.79747,216.456,0.0506342,0.146441
0,216.456,0.0506342,0.146441
-300,220.253,0.0430635,0.0713425
-296.203,220.253,0.0430635,0.0713425
-292.405,220.253,0.0434434,0.0729179
-288.608,220.253,0.0434434,0.0729179
-284.81,220.253,0.0438963,0.0749171
-281.013,220.253,0.0438963,0.0749171
-277.215,220.253,0.0441895,0.0761336
-273.418,220.253,0.0441895,0.0761336
-269.62,220.253,0.0447311,0.078335
-265.823,220.253,0.0447311,0.078335
-262.025,220.253,0.0451154,0.0795788
-258.228,220.253,0.0451154,0.0795788
-254.43,220.253,0.0456783,0.0828202
-250.633,220.253,0.0456783,0.0828202
-246.835,220.253,0.045813,0.0852647
-243.038,220.253,0.045813,0.0852647
-239.241,220.253,0.0464232,0.0864354
-235.443,220.253,0.0464232,0.0864354
-231.646,220.253,0.0467738,0.0876769
-227.848,220.253,0.0467738,0.0876769
-224.051,220.253,0.047386,0.0898932
-220.253,220.253,0.047386,0.0898932
-216.456,220.253,0.0480131,0.0920152
-212.658,220.253,0.0480131,0.0920152
-208.861,220.253,0.0487586,0.0940686
-205.063,220.253,0.0487586,0.0940686
-201.266,220.253,0.0493173,0.0956117
-197.468,220.253,0.0493173,0.0956117
-193.671,220.253,0.0494853,0.0975554
-189.873,220.253,0.0494853,0.0975554
-186.076,220.253,0.0496552,0.0994362
-182.278,220.253,0.0496552,0.0994362
-178.481,220.253,0.0502685,0.101664
-174.684,220.253,0.0502685,0.101664
-170.886,220.253,0.0506492,0.104214
-167.089,220.253,0.0506492,0.104214
-163.291,220.253,0.0510744,0.105229
-159.494,220.253,0.0510744,0.105229
-155.696,220.253,0.0510499,0.109345
-151.899,220.253,0.0510499,0.109345
-148.101,220.253,0.0512263,0.110369
-144.304,220.253,0.0512263,0.110369
-140.506,220.253,0.0515586,0.112689
-136.709,220.253,0.0515586,0.112689
-132.911,220.253,0.0519239,0.114039
-129.114,220.253,0.0519239,0.114039
-125.316,220.253,0.0521711,0.116451
-121.519,220.253,0.0521711,0.116451
-117.722,220.253,0.0524401,0.118152
-113.924,220.253,0.0524401,0.118152
-110.127,220.253,0.0525659,0.11903
-106.329,220.253,0.0525659,0.11903
-102.532,220.253,0.0527246,0.121512
-98.7342,220.253,0.0527246,0.121512
-94.9367,220.253,0.05278,0.124099
-91.1392,220.253,0.05278,0.124099
-87.3418,220.253,0.0528195,0.126083
-83.5443,220.253,0.0528195,0.126083
-79.7468,220.253,0.0528757,0.128651
-75.9494,220.253,0.0528757,0.128651
-72.1519,220.253,0.0528902,0.129858
-68.3544,220.253,0.0528902,0.129858
-64.557,220.253,0.0528812,0.13281
-60.7595,220.253,0.0528812,0.13281
-56.962,220.253,0.0528812,0.135631
-53.1646,220.253,0.0528812,0.135631
-49.3671,220.253,0.0528128,0.137253
-45.5696,220.253,0.0528128,0.137253
-41.7722,220.253,0.0527704,0.13958
-37.9747,220.253,0.0527704,0.13958
-34.1772,220.253,0.0526211,0.142083
-30.3797,220.253,0.0526211,0.142083
-26.5823,220.253,0.0523562,0.144155
-22.7848,220.253,0.0523562,0.144155
-18.9873,220.253,0.0519921,0.145888
-15.1899,220.253,0.0519921,0.145888
-11.3924,220.253,0.0517017,0.147099
-7.59494,220.253,0.0517017,0.147099
-3.79747,220.253,0.0513119,0.148455
0,220.253,0.0513119,0.148455
-300,224.051,0.0430635,0.0713425
-296.203,224.051,0.0430635,0.0713425
-292.405,224.051,0.0434434,0.0729179
-288.608,224.051,0.0434434,0.0729179
-284.81,224.051,0.0438963,0.0749171
-281.013,224.051,0.0438963,0.0749171
-277.215,224.051,0.0441895,0.0761336
-273.418,224.051,0.0441895,0.0761336
-269.62,224.051,0.0447311,0.078335
-265.823,224.051,0.0447311,0.078335
-262.025,224.051,0.0451154,0.0795788
-258.228,224.051,0.0451154,0.0795788
-254.43,224.051,0.0456783,0.0828202
-250.633,224.051,0.0456783,0.0828202
-246.835,224.051,0.045813,0.0852647
-243.038,224.051,0.045813,0.0852647
-239.241,224.051,0.0464232,0.0864354
-235.443,224.051,0.0464232,0.0864354
-231.646,224.051,0.0467738,0.0876769
-227.848,224.051,0.0467738,0.0876769
-224.051,224.051,0.047386,0.0898932
-220.253,224.051,0.047386,0.0898932
-216.456,224.051,0.0480131,0.0920152
-212.658,224.051,0.0480131,0.0920152
-208.861,224.051,0.0487586,0.0940686
-205.063,224.051,0.0487586,0.0940686
-201.266,224.051,0.0493173,0.0956117
-197.468,224.051,0.0493173,0.0956117
-193.671,224.051,0.0494853,0.0975554
-189.873,224.051,0.0494853,0.0975554
-186.076,224.051,0.0496552,0.0994362
-182.278,224.051,0.0496552,0.0994362
-178.481,224.051,0.0502685,0.101664
-174.684,224.051,0.0502685,0.101664
-170.886,224.051,0.0506492,0.104214
-167.089,224.051,0.0506492,0.104214
-163.291,224.051,0.0510744,0.105229
-159.494,224.051,0.0510744,0.105229
-155.696,224.051,0.0510499,0.109345
-151.899,224.051,0.0510499,0.109345
-148.101,224.051,0.0512263,0.110369
-144.304,224.051,0.0512263,0.110369
-140.506,224.051,0.0515586,0.112689
-136.709,224.051,0.0515586,0.112689
-132.911,224.051,0.0519239,0.114039
-129.114,224.051,0.0519239,0.114039
-125.316,224.051,0.0521711,0.116451
-121.519,224.051,0.0521711,0.116451
-117.722,224.051,0.0524401,0.118152
-113.924,224.051,0.0524401,0.118152
-110.127,224.051,0.0525659,0.11903
-106.329,224.051,0.0525659,0.11903
-102.532,224.051,0.0527246,0.121512
-98.7342,224.051,0.0527246,0.121512
-94.9367,224.051,0.05278,0.124099
-91.1392,224.051,0.05278,0.124099
-87.3418,224.051,0.0528195,0.126083
-83.5443,224.051,0.0528195,0.126083
-79.7468,224.051,0.0528757,0.128651
-75.9494,224.051,0.0528757,0.128651
-72.1519,224.051,0.0528902,0.129858
-68.3544,224.051,0.0528902,0.129858
-64.557,224.051,0.0528812,0.13281
-60.7595,224.051,0.0528812,0.13281
-56.962,224.051,0.0528812,0.135631
-53.1646,224.051,0.0528812,0.135631
-49.3671,224.051,0.0528128,0.137253
-45.5696,224.051,0.0528128,0.137253
-41.7722,224.051,0.0527704,0.13958
-37.9747,224.051,0.0527704,0.13958
-34.1772,224.051,0.0526211,0.142083
-30.3797,224.051,0.0526211,0.142083
-26.5823,224.051,0.0523562,0.144155
-22.7848,224.051,0.0523562,0.144155
-18.9873,224.051,0.0519921,0.145888
-15.1899,224.051,0.0519921,0.145888
-11.3924,224.051,0.0517017,0.147099
-7.59494,224.051,0.0517017,0.147099
-3.79747,224.051,0.0513119,0.148455
0,224.051,0.0513119,0.148455
-300,227.848,0.0444713,0.0736288
-296.203,227.848,0.0444713,0.0736288
-292.405,227.848,0.0448512,0.0751857
-288.608,227.848,0.0448512,0.0751857
-284.81,227.848,0.0453123,0.0770141
-281.013,227.848,0.0453123,0.0770141
-277.215,227.848,0.0455453,0.0781861
-273.418,227.848,0.0455453,0.0781861
-269.62,227.848,0.0459092,0.0798579
-265.823,227.848,0.0459092,0.0798579
-262.025,227.848,0.0464246,0.0814489
-258.228,227.848,0.0464246,0.0814489
-254.43,227.848,0.0468117,0.0846902
-250.633,227.848,0.0468117,0.0846902
-246.835,227.848,0.0470737,0.0871348
-243.038,227.848,0.0470737,0.0871348
-239.241,227.848,0.0474487,0.0890006
-235.443,227.848,0.0474487,0.0890006
-231.646,227.848,0.0477993,0.090242
-227.848,227.848,0.0477993,0.090242
-224.051,227.848,0.0483765,0.0924583
-220.253,227.848,0.0483765,0.0924583
-216.456,227.848,0.0488044,0.0945804
-212.658,227.848,0.0488044,0.0945804
-208.861,227.848,0.0495499,0.0966239
-205.063,227.848,0.0495499,0.0966239
-201.266,227.848,0.0501086,0.0980214
-197.468,227.848,0.0501086,0.0980214
-193.671,227.848,0.0502765,0.0999652
-189.873,227.848,0.0502765,0.0999652
-186.076,227.848,0.0505649,0.101486
-182.278,227.848,0.0505649,0.101486
-178.481,227.848,0.0511782,0.103714
-174.684,227.848,0.0511782,0.103714
-170.886,227.848,0.0513909,0.107019
-167.089,227.848,0.0513909,0.107019
-163.291,227.848,0.0520032,0.108034
-159.494,227.848,0.0520032,0.108034
-155.696,227.848,0.0519787,0.112149
-151.899,227.848,0.0519787,0.112149
-148.101,227.848,0.0521551,0.113174
-144.304,227.848,0.0521551,0.113174
-140.506,227.848,0.0525748,0.115494
-136.709,227.848,0.0525748,0.115494
-132.911,227.848,0.0528059,0.116844
-129.114,227.848,0.0528059,0.116844
-125.316,227.848,0.0529921,0.119248
-121.519,227.848,0.0529921,0.119248
-117.722,227.848,0.0532612,0.12081
-113.924,227.848,0.0532612,0.12081
-110.127,227.848,0.0533458,0.121689
-106.329,227.848,0.0533458,0.121689
-102.532,227.848,0.0535045,0.124171
-98.7342,227.848,0.0535045,0.124171
-94.9367,227.848,0.0535599,0.125942
-91.1392,227.848,0.0535599,0.125942
-87.3418,227.848,0.0535994,0.127897
-83.5443,227.848,0.0535994,0.127897
-79.7468,227.848,0.0536556,0.130393
-75.9494,227.848,0.0536556,0.130393
-72.1519,227.848,0.0536701,0.131601
-68.3544,227.848,0.0536701,0.131601
-64.557,227.848,0.0536611,0.134552
-60.7595,227.848,0.0536611,0.134552
-56.962,227.848,0.0536611,0.137373
-53.1646,227.848,0.0536611,0.137373
-49.3671,227.848,0.0535927,0.138995
-45.5696,227.848,0.0535927,0.138995
-41.7722,227.848,0.0535503,0.140775
-37.9747,227.848,0.0535503,0.140775
-34.1772,227.848,0.053401,0.143277
-30.3797,227.848,0.053401,0.143277
-26.5823,227.848,0.0531361,0.145345
-22.7848,227.848,0.0531361,0.145345
-18.9873,227.848,0.052772,0.147078
-15.1899,227.848,0.052772,0.147078
-11.3924,227.848,0.0524816,0.148289
-7.59494,227.848,0.0524816,0.148289
-3.79747,227.848,0.0520918,0.149584
0,227.848,0.0520918,0.149584
-300,231.646,0.0444713,0.0736288
-296.203,231.646,0.0444713,0.0736288
-292.405,231.646,0.0448512,0.0751857
-288.608,231.646,0.0448512,0.0751857
-284.81,231.646,0.0453123,0.0770141
-281.013,231.646,0.0453123,0.0770141
-277.215,231.646,0.0455453,0.0781861
-273.418,231.646,0.0455453,0.0781861
-269.62,231.646,0.0459092,0.0798579
-265.823,231.646,0.0459092,0.0798579
-262.025,231.646,0.0464246,0.0814489
-258.228,231.646,0.0464246,0.0814489
-254.43,231.646,0.0468117,0.0846902
-250.633,231.646,0.0468117,0.0846902
-246.835,231.646,0.0470737,0.0871348
-243.038,231.646,0.0470737,0.0871348
-239.241,231.646,0.0474487,0.0890006
-235.443,231.646,0.0474487,0.0890006
-231.646,231.646,0.0477993,0.090242
-227.848,231.646,0.0477993,0.090242
-224.051,231.646,0.0483765,0.0924583
-220.253,231.646,0.0483765,0.0924583
-216.456,231.646,0.0488044,0.0945804
-212.658,231.646,0.0488044,0.0945804
-208.861,231.646,0.0495499,0.0966239
-205.063,231.646,0.0495499,0.0966239
-201.266,231.646,0.0501086,0.0980214
-197.468,231.646,0.0501086,0.0980214
-193.671,231.646,0.0502765,0.0999652
-189.873,231.646,0.0502765,0.0999652
-186.076,231.646,0.0505649,0.101486
-182.278,231.646,0.0505649,0.101486
-178.481,231.646,0.0511782,0.103714
-174.684,231.646,0.0511782,0.103714
-170.886,231.646,0.0513909,0.107019
-167.089,231.646,0.0513909,0.107019
-163.291,231.646,0.0520032,0.108034
-159.494,231.646,0.0520032,0.108034
-155.696,231.646,0.0519787,0.112149
-151.899,231.646,0.0519787,0.112149
-148.101,231.646,0.0521551,0.113174
-144.304,231.646,0.0521551,0.113174
-140.506,231.646,0.0525748,0.115494
-136.709,231.646,0.0525748,0.115494
-132.911,231.646,0.0528059,0.116844
-129.114,231.646,0.0528059,0.116844
-125.316,231.646,0.0529921,0.119248
-121.519,231.646,0.0529921,0.119248
-117.722,231.646,0.0532612,0.12081
-113.924,231.646,0.0532612,0.12081
-110.127,231.646,0.0533458,0.121689
-106.329,231.646,0.0533458,0.121689
-102.532,231.646,0.0535045,0.124171
-98.7342,231.646,0.0535045,0.124171
-94.9367,231.646,0.0535599,0.125942
-91.1392,231.646,0.0535599,0.125942
-87.3418,231.646,0.0535994,0.127897
-83.5443,231.646,0.0535994,0.127897
-79.7468,231.646,0.0536556,0.130393
-75.9494,231.646,0.0536556,0.130393
-72.1519,231.646,0.0536701,0.131601
-68.3544,231.646,0.0536701,0.131601
-64.557,231.646,0.0536611,0.134552
-60.7595,231.646,0.0536611,0.134552
-56.962,231.646,0.0536611,0.137373
-53.1646,231.646,0.0536611,0.137373
-49.3671,231.646,0.0535927,0.138995
-45.5696,231.646,0.0535927,0.138995
-41.7722,231.646,0.0535503,0.140775
-37.9747,231.646,0.0535503,0.140775
-34.1772,231.646,0.053401,0.143277
-30.3797,231.646,0.053401,0.143277
-26.5823,231.646,0.0531361,0.145345
-22.7848,231.646,0.0531361,0.145345
-18.9873,231.646,0.052772,0.147078
-15.1899,231.646,0.052772,0.147078
-11.3924,231.646,0.0524816,0.148289
-7.59494,231.646,0.0524816,0.148289
-3.79747,231.646,0.0520918,0.149584
0,231.646,0.0520918,0.149584
-300,235.443,0.0450766,0.0769105
-296.203,235.443,0.0450766,0.0769105
-292.405,235.443,0.0454521,0.0784674
-288.608,235.443,0.0454521,0.0784674
-284.81,235.443,0.0458641,0.080451
-281.013,235.443,0.0458641,0.080451
-277.215,235.443,0.0462051,0.0821691
-273.418,235.443,0.0462051,0.0821691
-269.62,235.443,0.0465273,0.0839732
-265.823,235.443,0.0465273,0.0839732
-262.025,235.443,0.0470595,0.0861192
-258.228,235.443,0.0470595,0.0861192
-254.43,235.443,0.0475163,0.0879365
-250.633,235.443,0.0475163,0.0879365
-246.835,235.443,0.0477784,0.0903811
-243.038,235.443,0.0477784,0.0903811
-239.241,235.443,0.048149,0.0920385
-235.443,235.443,0.048149,0.0920385
-231.646,235.443,0.048569,0.0932799
-227.848,235.443,0.048569,0.0932799
-224.051,235.443,0.0491462,0.0954962
-220.253,235.443,0.0491462,0.0954962
-216.456,235.443,0.0495741,0.0976183
-212.658,235.443,0.0495741,0.0976183
-208.861,235.443,0.050343,0.0996618
-205.063,235.443,0.050343,0.0996618
-201.266,235.443,0.0509565,0.101059
-197.468,235.443,0.0509565,0.101059
-193.671,235.443,0.0511692,0.103003
-189.873,235.443,0.0511692,0.103003
-186.076,235.443,0.0514576,0.104524
-182.278,235.443,0.0514576,0.104524
-178.481,235.443,0.052143,0.106752
-174.684,235.443,0.052143,0.106752
-170.886,235.443,0.0521571,0.108475
-167.089,235.443,0.0521571,0.108475
-163.291,235.443,0.0528724,0.10949
-159.494,235.443,0.0528724,0.10949
-155.696,235.443,0.0528447,0.113605
-151.899,235.443,0.0528447,0.113605
-148.101,235.443,0.0529019,0.114437
-144.304,235.443,0.0529019,0.114437
-140.506,235.443,0.0533216,0.116757
-136.709,235.443,0.0533216,0.116757
-132.911,235.443,0.0534844,0.118107
-129.114,235.443,0.0534844,0.118107
-125.316,235.443,0.053622,0.122031
-121.519,235.443,0.053622,0.122031
-117.722,235.443,0.0538779,0.123041
-113.924,235.443,0.0538779,0.123041
-110.127,235.443,0.0539875,0.124673
-106.329,235.443,0.0539875,0.124673
-102.532,235.443,0.0540843,0.127771
-98.7342,235.443,0.0540843,0.127771
-94.9367,235.443,0.0541398,0.129542
-91.1392,235.443,0.0541398,0.129542
-87.3418,235.443,0.0541792,0.130764
-83.5443,235.443,0.0541792,0.130764
-79.7468,235.443,0.0542297,0.133974
-75.9494,235.443,0.0542297,0.133974
-72.1519,235.443,0.0542367,0.135181
-68.3544,235.443,0.0542367,0.135181
-64.557,235.443,0.0542277,0.138133
-60.7595,235.443,0.0542277,0.138133
-56.962,235.443,0.0542277,0.140954
-53.1646,235.443,0.0542277,0.140954
-49.3671,235.443,0.0541505,0.142576
-45.5696,235.443,0.0541505,0.142576
-41.7722,235.443,0.0541081,0.144785
-37.9747,235.443,0.0541081,0.144785
-34.1772,235.443,0.0539369,0.146679
-30.3797,235.443,0.0539369,0.146679
-26.5823,235.443,0.0536527,0.148748
-22.7848,235.443,0.0536527,0.148748
-18.9873,235.443,0.0533293,0.150481
-15.1899,235.443,0.0533293,0.150481
-11.3924,235.443,0.0531675,0.151691
-7.59494,235.443,0.0531675,0.151691
-3.79747,235.443,0.0528356,0.152986
0,235.443,0.0528356,0.152986
-300,239.241,0.0450766,0.0769105
-296.203,239.241,0.0450766,0.0769105
-292.405,239.241,0.0454521,0.0784674
-288.608,239.241,0.0454521,0.0784674
-284.81,239.241,0.0458641,0.080451
-281.013,239.241,0.0458641,0.080451
-277.215,239.241,0.0462051,0.0821691
-273.418,239.241,0.0462051,0.0821691
-269.62,239.241,0.0465273,0.0839732
-265.823,239.241,0.0465273,0.0839732
-262.025,239.241,0.0470595,0.0861192
-258.228,239.241,0.0470595,0.0861192
-254.43,239.241,0.0475163,0.0879365
-250.633,239.241,0.0475163,0.0879365
-246.835,239.241,0.0477784,0.0903811
-243.038,239.241,0.0477784,0.0903811
-239.241,239.241,0.048149,0.0920385
-235.443,239.241,0.048149,0.0920385
-231.646,239.241,0.048569,0.0932799
-227.848,239.241,0.048569,0.0932799
-224.051,239.241,0.0491462,0.0954962
-220.253,239.241,0.0491462,0.0954962
-216.456,239.241,0.0495741,0.0976183
-212.658,239.241,0.0495741,0.0976183
-208.861,239.241,0.050343,0.0996618
-205.063,239.241,0.050343,0.0996618
-201.266,239.241,0.0509565,0.101059
-197.468,239.241,0.0509565,0.101059
-193.671,239.241,0.0511692,0.103003
-189.873,239.241,0.0511692,0.103003
-186.076,239.241,0.0514576,0.104524
-182.278,239.241,0.0514576,0.104524
-178.481,239.241,0.052143,0.106752
-174.684,239.241,0.052143,0.106752
-170.886,239.241,0.0521571,0.108475
-167.089,239.241,0.0521571,0.108475
-163.291,239.241,0.0528724,0.10949
-159.494,239.241,0.0528724,0.10949
-155.696,239.241,0.0528447,0.113605
-151.899,239.241,0.0528447,0.113605
-148.101,239.241,0.0529019,0.114437
-144.304,239.241,0.0529019,0.114437
-140.506,239.241,0.0533216,0.116757
-136.709,239.241,0.0533216,0.116757
-132.911,239.241,0.0534844,0.118107
-129.114,239.241,0.0534844,0.118107
-125.316,239.241,0.053622,0.122031
-121.519,239.241,0.053622,0.122031
-117.722,239.241,0.0538779,0.123041
-113.924,239.241,0.0538779,0.123041
-110.127,239.241,0.0539875,0.124673
-106.329,239.241,0.0539875,0.124673
-102.532,239.241,0.0540843,0.127771
-98.7342,239.241,0.0540843,0.127771
-94.9367,239.241,0.0541398,0.129542
-91.1392,239.241,0.0541398,0.129542
-87.3418,239.241,0.0541792,0.130764
-83.5443,239.241,0.0541792,0.130764
-79.7468,239.241,0.0542297,0.133974
-75.9494,239.241,0.0542297,0.133974
-72.1519,239.241,0.0542367,0.135181
-68.3544,239.241,0.0542367,0.135181
-64.557,239.241,0.0542277,0.138133
-60.7595,239.241,0.0542277,0.138133
-56.962,239.241,0.0542277,0.140954
-53.1646,239.241,0.0542277,0.140954
-49.3671,239.241,0.0541505,0.142576
-45.5696,239.241,0.0541505,0.142576
-41.7722,239.241,0.0541081,0.144785
-37.9747,239.241,0.0541081,0.144785
-34.1772,239.241,0.0539369,0.146679
-30.3797,239.241,0.0539369,0.146679
-26.5823,239.241,0.0536527,0.148748
-22.7848,239.241,0.0536527,0.148748
-18.9873,239.241,0.0533293,0.150481
-15.1899,239.241,0.0533293,0.150481
-11.3924,239.241,0.0531675,0.151691
-7.59494,239.241,0.0531675,0.151691
-3.79747,239.241,0.0528356,0.152986
0,239.241,0.0528356,0.152986
-300,243.038,0.0461672,0.0801099
-296.203,243.038,0.0461672,0.0801099
-292.405,243.038,0.0465023,0.0816815
-288.608,243.038,0.0465023,0.0816815
-284.81,243.038,0.0468974,0.0836651
-281.013,243.038,0.0468974,0.0836651
-277.215,243.038,0.0472833,0.0851681
-273.418,243.038,0.0472833,0.0851681
-269.62,243.038,0.0476255,0.086703
-265.823,243.038,0.0476255,0.086703
-262.025,243.038,0.0481514,0.0889078
-258.228,243.038,0.0481514,0.0889078
-254.43,243.038,0.0486082,0.0907251
-250.633,243.038,0.0486082,0.0907251
-246.835,243.038,0.0488885,0.0926202
-243.038,243.038,0.0488885,0.0926202
-239.241,243.038,0.0492605,0.0942776
-235.443,243.038,0.0492605,0.0942776
-231.646,243.038,0.0495178,0.0955191
-227.848,243.038,0.0495178,0.0955191
-224.051,243.038,0.050095,0.0977354
-220.253,243.038,0.050095,0.0977354
-216.456,243.038,0.0502798,0.0999617
-212.658,243.038,0.0502798,0.0999617
-208.861,243.038,0.0510649,0.102146
-205.063,243.038,0.0510649,0.102146
-201.266,243.038,0.0516755,0.10398
-197.468,243.038,0.0516755,0.10398
-193.671,243.038,0.0518882,0.105671
-189.873,243.038,0.0518882,0.105671
-186.076,243.038,0.0523536,0.107604
-182.278,243.038,0.0523536,0.107604
-178.481,243.038,0.0525841,0.109244
-174.684,243.038,0.0525841,0.109244
-170.886,243.038,0.0525982,0.110967
-167.089,243.038,0.0525982,0.110967
-163.291,243.038,0.0533136,0.111983
-159.494,243.038,0.0533136,0.111983
-155.696,243.038,0.0536972,0.116098
-151.899,243.038,0.0536972,0.116098
-148.101,243.038,0.0537544,0.11693
-144.304,243.038,0.0537544,0.11693
-140.506,243.038,0.0541742,0.11925
-136.709,243.038,0.0541742,0.11925
-132.911,243.038,0.054321,0.120599
-129.114,243.038,0.054321,0.120599
-125.316,243.038,0.0544502,0.123666
-121.519,243.038,0.0544502,0.123666
-117.722,243.038,0.0546927,0.124676
-113.924,243.038,0.0546927,0.124676
-110.127,243.038,0.0547759,0.126307
-106.329,243.038,0.0547759,0.126307
-102.532,243.038,0.0548727,0.129405
-98.7342,243.038,0.0548727,0.129405
-94.9367,243.038,0.0549164,0.130947
-91.1392,243.038,0.0549164,0.130947
-87.3418,243.038,0.0549559,0.132028
-83.5443,243.038,0.0549559,0.132028
-79.7468,243.038,0.0550004,0.135062
-75.9494,243.038,0.0550004,0.135062
-72.1519,243.038,0.0550074,0.136269
-68.3544,243.038,0.0550074,0.136269
-64.557,243.038,0.0549984,0.139221
-60.7595,243.038,0.0549984,0.139221
-56.962,243.038,0.0549984,0.142042
-53.1646,243.038,0.0549984,0.142042
-49.3671,243.038,0.0549212,0.143561
-45.5696,243.038,0.0549212,0.143561
-41.7722,243.038,0.0548788,0.145604
-37.9747,243.038,0.0548788,0.145604
-34.1772,243.038,0.0546933,0.147499
-30.3797,243.038,0.0546933,0.147499
-26.5823,243.038,0.0544092,0.149567
-22.7848,243.038,0.0544092,0.149567
-18.9873,243.038,0.0541035,0.1513
-15.1899,243.038,0.0541035,0.1513
-11.3924,243.038,0.0539041,0.152463
-7.59494,243.038,0.0539041,0.152463
-3.79747,243.038,0.0535837,0.153539
0,243.038,0.0535837,0.153539
-300,246.835,0.0461672,0.0801099
-296.203,246.835,0.0461672,0.0801099
-292.405,246.835,0.0465023,0.0816815
-288.608,246.835,0.0465023,0.0816815
-284.81,246.835,0.0468974,0.0836651
-281.013,246.835,0.0468974,0.0836651
-277.215,246.835,0.0472833,0.0851681
-273.418,246.835,0.0472833,0.0851681
-269.62,246.835,0.0476255,0.086703
-265.823,246.835,0.0476255,0.086703
-262.025,246.835,0.0481514,0.0889078
-258.228,246.835,0.0481514,0.0889078
-254.43,246.835,0.0486082,0.0907251
-250.633,246.835,0.0486082,0.0907251
-246.835,246.835,0.0488885,0.0926202
-243.038,246.835,0.0488885,0.0926202
-239.241,246.835,0.0492605,0.0942776
-235.443,246.835,0.0492605,0.0942776
-231.646,246.835,0.0495178,0.0955191
-227.848,246.835,0.0495178,0.0955191
-224.051,246.835,0.050095,0.0977354
-220.253,246.835,0.050095,0.0977354
-216.456,246.835,0.0502798,0.0999617
-212.658,246.835,0.0502798,0.0999617
-208.861,246.835,0.0510649,0.102146
-205.063,246.835,0.0510649,0.102146
-201.266,246.835,0.0516755,0.10398
-197.468,246.835,0.0516755,0.10398
-193.671,246.835,0.0518882,0.105671
-189.873,246.835,0.0518882,0.105671
-186.076,246.835,0.0523536,0.107604
-182.278,246.835,0.0523536,0.107604
-178.481,246.835,0.0525841,0.109244
-174.684,246.835,0.0525841,0.109244
-170.886,246.835,0.0525982,0.110967
-167.089,246.835,0.0525982,0.110967
-163.291,246.835,0.0533136,0.111983
-159.494,246.835,0.0533136,0.111983
-155.696,246.835,0.0536972,0.116098
-151.899,246.835,0.0536972,0.116098
-148.101,246.835,0.0537544,0.11693
-144.304,246.835,0.0537544,0.11693
-140.506,246.835,0.0541742,0.11925
-136.709,246.835,0.0541742,0.11925
-132.911,246.835,0.054321,0.120599
-129.114,246.835,0.054321,0.120599
-125.316,246.835,0.0544502,0.123666
-121.519,246.835,0.0544502,0.123666
-117.722,246.835,0.0546927,0.124676
-113.924,246.835,0.0546927,0.124676
-110.127,246.835,0.0547759,0.126307
-106.329,246.835,0.0547759,0.126307
-102.532,246.835,0.0548727,0.129405
-98.7342,246.835,0.0548727,0.129405
-94.9367,246.835,0.0549164,0.130947
-91.1392,246.835,0.0549164,0.130947
-87.3418,246.835,0.0549559,0.132028
-83.5443,246.835,0.0549559,0.132028
-79.7468,246.835,0.0550004,0.135062
-75.9494,246.835,0.0550004,0.135062
-72.1519,246.835,0.0550074,0.136269
-68.3544,246.835,0.0550074,0.136269
-64.557,246.835,0.0549984,0.139221
-60.7595,246.835,0.0549984,0.139221
-56.962,246.835,0.0549984,0.142042
-53.1646,246.835,0.0549984,0.142042
-49.3671,246.835,0.0549212,0.143561
-45.5696,246.835,0.0549212,0.143561
-41.7722,246.835,0.0548788,0.145604
-37.9747,246.835,0.0548788,0.145604
-34.1772,246.835,0.0546933,0.147499
-30.3797,246.835,0.0546933,0.147499
-26.5823,246.835,0.0544092,0.149567
-22.7848,246.835,0.0544092,0.149567
-18.9873,246.835,0.0541035,0.1513
-15.1899,246.835,0.0541035,0.1513
-11.3924,246.835,0.0539041,0.152463
-7.59494,246.835,0.0539041,0.152463
-3.79747,246.835,0.0535837,0.153539
0,246.835,0.0535837,0.153539
-300,250.633,0.0474179,0.0842725
-296.203,250.633,0.0474179,0.0842725
-292.405,250.633,0.0477504,0.0857885
-288.608,250.633,0.0477504,0.0857885
-284.81,250.633,0.0481456,0.0877722
-281.013,250.633,0.0481456,0.0877722
-277.215,250.633,0.0485352,0.0892751
-273.418,250.633,0.0485352,0.0892751
-269.62,250.633,0.0488775,0.090859
-265.823,250.633,0.0488775,0.090859
-262.025,250.633,0.0492241,0.0930638
-258.228,250.633,0.0492241,0.0930638
-254.43,250.633,0.0496809,0.0943749
-250.633,250.633,0.0496809,0.0943749
-246.835,250.633,0.0499612,0.096629
-243.038,250.633,0.0499612,0.096629
-239.241,250.633,0.0503332,0.0983767
-235.443,250.633,0.0503332,0.0983767
-231.646,250.633,0.0505905,0.0996358
-227.848,250.633,0.0505905,0.0996358
-224.051,250.633,0.0511677,0.101852
-220.253,250.633,0.0511677,0.101852
-216.456,250.633,0.0515049,0.104078
-212.658,250.633,0.0515049,0.104078
-208.861,250.633,0.0520043,0.106263
-205.063,250.633,0.0520043,0.106263
-201.266,250.633,0.0520758,0.108108
-197.468,250.633,0.0520758,0.108108
-193.671,250.633,0.052499,0.109799
-189.873,250.633,0.052499,0.109799
-186.076,250.633,0.0529645,0.111732
-182.278,250.633,0.0529645,0.111732
-178.481,250.633,0.0533906,0.112659
-174.684,250.633,0.0533906,0.112659
-170.886,250.633,0.0534047,0.115137
-167.089,250.633,0.0534047,0.115137
-163.291,250.633,0.05412,0.116152
-159.494,250.633,0.05412,0.116152
-155.696,250.633,0.0544974,0.118563
-151.899,250.633,0.0544974,0.118563
-148.101,250.633,0.0545546,0.119447
-144.304,250.633,0.0545546,0.119447
-140.506,250.633,0.0549743,0.121047
-136.709,250.633,0.0549743,0.121047
-132.911,250.633,0.0551211,0.121879
-129.114,250.633,0.0551211,0.121879
-125.316,250.633,0.0552504,0.12566
-121.519,250.633,0.0552504,0.12566
-117.722,250.633,0.0554928,0.12667
-113.924,250.633,0.0554928,0.12667
-110.127,250.633,0.0555715,0.128302
-106.329,250.633,0.0555715,0.128302
-102.532,250.633,0.0556683,0.130846
-98.7342,250.633,0.0556683,0.130846
-94.9367,250.633,0.055712,0.132388
-91.1392,250.633,0.055712,0.132388
-87.3418,250.633,0.0557489,0.133356
-83.5443,250.633,0.0557489,0.133356
-79.7468,250.633,0.0557934,0.13639
-75.9494,250.633,0.0557934,0.13639
-72.1519,250.633,0.0558005,0.137597
-68.3544,250.633,0.0558005,0.137597
-64.557,250.633,0.0557914,0.141031
-60.7595,250.633,0.0557914,0.141031
-56.962,250.633,0.0557914,0.143852
-53.1646,250.633,0.0557914,0.143852
-49.3671,250.633,0.0557139,0.145371
-45.5696,250.633,0.0557139,0.145371
-41.7722,250.633,0.0556691,0.147414
-37.9747,250.633,0.0556691,0.147414
-34.1772,250.633,0.0554837,0.149309
-30.3797,250.633,0.0554837,0.149309
-26.5823,250.633,0.0551995,0.151377
-22.7848,250.633,0.0551995,0.151377
-18.9873,250.633,0.0548961,0.15311
-15.1899,250.633,0.0548961,0.15311
-11.3924,250.633,0.0546967,0.154273
-7.59494,250.633,0.0546967,0.154273
-3.79747,250.633,0.0543763,0.155375
0,250.633,0.0543763,0.155375
-300,254.43,0.0474179,0.0842725
-296.203,254.43,0.0474179,0.0842725
-292.405,254.43,0.0477504,0.0857885
-288.608,254.43,0.0477504,0.0857885
-284.81,254.43,0.0481456,0.0877722
-281.013,254.43,0.0481456,0.0877722
-277.215,254.43,0.0485352,0.0892751
-273.418,254.43,0.0485352,0.0892751
-269.62,254.43,0.0488775,0.090859
-265.823,254.43,0.0488775,0.090859
-262.025,254.43,0.0492241,0.0930638
-258.228,254.43,0.0492241,0.0930638
-254.43,254.43,0.0496809,0.0943749
-250.633,254.43,0.0496809,0.0943749
-246.835,254.43,0.0499612,0.096629
-243.038,254.43,0.0499612,0.096629
-239.241,254.43,0.0503332,0.0983767
-235.443,254.43,0.0503332,0.0983767
-231.646,254.43,0.0505905,0.0996358
-227.848,254.43,0.0505905,0.0996358
-224.051,254.43,0.0511677,0.101852
-220.253,254.43,0.0511677,0.101852
-216.456,254.43,0.0515049,0.104078
-212.658,254.43,0.0515049,0.104078
-208.861,254.43,0.0520043,0.106263
-205.063,254.43,0.0520043,0.106263
-201.266,254.43,0.0520758,0.108108
-197.468,254.43,0.0520758,0.108108
-193.671,254.43,0.052499,0.109799
-189.873,254.43,0.052499,0.109799
-186.076,254.43,0.0529645,0.111732
-182.278,254.43,0.0529645,0.111732
-178.481,254.43,0.0533906,0.112659
-174.684,254.43,0.0533906,0.112659
-170.886,254.43,0.0534047,0.115137
-167.089,254.43,0.0534047,0.115137
-163.291,254.43,0.05412,0.116152
-159.494,254.43,0.05412,0.116152
-155.696,254.43,0.0544974,0.118563
-151.899,254.43,0.0544974,0.118563
-148.101,254.43,0.0545546,0.119447
-144.304,254.43,0.0545546,0.119447
-140.506,254.43,0.0549743,0.121047
-136.709,254.43,0.0549743,0.121047
-132.911,254.43,0.0551211,0.121879
-129.114,254.43,0.0551211,0.121879
-125.316,254.43,0.0552504,0.12566
-121.519,254.43,0.0552504,0.12566
-117.722,254.43,0.0554928,0.12667
-113.924,254.43,0.0554928,0.12667
-110.127,254.43,0.0555715,0.128302
-106.329,254.43,0.0555715,0.128302
-102.532,254.43,0.0556683,0.130846
-98.7342,254.43,0.0556683,0.130846
-94.9367,254.43,0.055712,0.132388
-91.1392,254.43,0.055712,0.132388
-87.3418,254.43,0.0557489,0.133356
-83.5443,254.43,0.0557489,0.133356
-79.7468,254.43,0.0557934,0.13639
-75.9494,254.43,0.0557934,0.13639
-72.1519,254.43,0.0558005,0.137597
-68.3544,254.43,0.0558005,0.137597
-64.557,254.43,0.0557914,0.141031
-60.7595,254.43,0.0557914,0.141031
-56.962,254.43,0.0557914,0.143852
-53.1646,254.43,0.0557914,0.143852
-49.3671,254.43,0.0557139,0.145371
-45.5696,254.43,0.0557139,0.145371
-41.7722,254.43,0.0556691,0.147414
-37.9747,254.43,0.0556691,0.147414
-34.1772,254.43,0.0554837,0.149309
-30.3797,254.43,0.0554837,0.149309
-26.5823,254.43,0.0551995,0.151377
-22.7848,254.43,0.0551995,0.151377
-18.9873,254.43,0.0548961,0.15311
-15.1899,254.43,0.0548961,0.15311
-11.3924,254.43,0.0546967,0.154273
-7.59494,254.43,0.0546967,0.154273
-3.79747,254.43,0.0543763,0.155375
0,254.43,0.0543763,0.155375
-300,258.228,0.0481353,0.0862679
-296.203,258.228,0.0481353,0.0862679
-292.405,258.228,0.0484403,0.0878306
-288.608,258.228,0.0484403,0.0878306
-284.81,258.228,0.0487917,0.0896056
-281.013,258.228,0.0487917,0.0896056
-277.215,258.228,0.0492173,0.0914382
-273.418,258.228,0.0492173,0.0914382
-269.62,258.228,0.0495195,0.0924542
-265.823,258.228,0.0495195,0.0924542
-262.025,258.228,0.0498849,0.0947411
-258.228,258.228,0.0498849,0.0947411
-254.43,258.228,0.0503416,0.0960006
-250.633,258.228,0.0503416,0.0960006
-246.835,258.228,0.0507132,0.0982548
-243.038,258.228,0.0507132,0.0982548
-239.241,258.228,0.0511317,0.100012
-235.443,258.228,0.0511317,0.100012
-231.646,258.228,0.051389,0.101204
-227.848,258.228,0.051389,0.101204
-224.051,258.228,0.0521493,0.10342
-220.253,258.228,0.0521493,0.10342
-216.456,258.228,0.0525137,0.105647
-212.658,258.228,0.0525137,0.105647
-208.861,258.228,0.0529111,0.107831
-205.063,258.228,0.0529111,0.107831
-201.266,258.228,0.0530096,0.109502
-197.468,258.228,0.0530096,0.109502
-193.671,258.228,0.0534329,0.111192
-189.873,258.228,0.0534329,0.111192
-186.076,258.228,0.0538983,0.112979
-182.278,258.228,0.0538983,0.112979
-178.481,258.228,0.0541977,0.114141
-174.684,258.228,0.0541977,0.114141
-170.886,258.228,0.0542117,0.11662
-167.089,258.228,0.0542117,0.11662
-163.291,258.228,0.0548258,0.117635
-159.494,258.228,0.0548258,0.117635
-155.696,258.228,0.0551978,0.120046
-151.899,258.228,0.0551978,0.120046
-148.101,258.228,0.0552184,0.120877
-144.304,258.228,0.0552184,0.120877
-140.506,258.228,0.0556381,0.122521
-136.709,258.228,0.0556381,0.122521
-132.911,258.228,0.0557722,0.123812
-129.114,258.228,0.0557722,0.123812
-125.316,258.228,0.0559055,0.127522
-121.519,258.228,0.0559055,0.127522
-117.722,258.228,0.0560932,0.128501
-113.924,258.228,0.0560932,0.128501
-110.127,258.228,0.0561624,0.130644
-106.329,258.228,0.0561624,0.130644
-102.532,258.228,0.05622,0.133646
-98.7342,258.228,0.05622,0.133646
-94.9367,258.228,0.0562511,0.135382
-91.1392,258.228,0.0562511,0.135382
-87.3418,258.228,0.056288,0.136252
-83.5443,258.228,0.056288,0.136252
-79.7468,258.228,0.0563263,0.139175
-75.9494,258.228,0.0563263,0.139175
-72.1519,258.228,0.0563333,0.140356
-68.3544,258.228,0.0563333,0.140356
-64.557,258.228,0.0563243,0.14379
-60.7595,258.228,0.0563243,0.14379
-56.962,258.228,0.0563243,0.146611
-53.1646,258.228,0.0563243,0.146611
-49.3671,258.228,0.0562468,0.14813
-45.5696,258.228,0.0562468,0.14813
-41.7722,258.228,0.056185,0.150173
-37.9747,258.228,0.056185,0.150173
-34.1772,258.228,0.0559879,0.151519
-30.3797,258.228,0.0559879,0.151519
-26.5823,258.228,0.0557038,0.153181
-22.7848,258.228,0.0557038,0.153181
-18.9873,258.228,0.0554183,0.154914
-15.1899,258.228,0.0554183,0.154914
-11.3924,258.228,0.0552276,0.156078
-7.59494,258.228,0.0552276,0.156078
-3.79747,258.228,0.0549134,0.157176
0,258.228,0.0549134,0.157176
-300,262.025,0.0481353,0.0862679
-296.203,262.025,0.0481353,0.0862679
-292.405,262.025,0.0484403,0.0878306
-288.608,262.025,0.0484403,0.0878306
-284.81,262.025,0.0487917,0.0896056
-281.013,262.025,0.0487917,0.0896056
-277.215,262.025,0.0492173,0.0914382
-273.418,262.025,0.0492173,0.0914382
-269.62,262.025,0.0495195,0.0924542
-265.823,262.025,0.0495195,0.0924542
-262.025,262.025,0.0498849,0.0947411
-258.228,262.025,0.0498849,0.0947411
-254.43,262.025,0.0503416,0.0960006
-250.633,262.025,0.0503416,0.0960006
-246.835,262.025,0.0507132,0.0982548
-243.038,262.025,0.0507132,0.0982548
-239.241,262.025,0.0511317,0.100012
-235.443,262.025,0.0511317,0.100012
-231.646,262.025,0.051389,0.101204
-227.848,262.025,0.051389,0.101204
-224.051,262.025,0.0521493,0.10342
-220.253,262.025,0.0521493,0.10342
-216.456,262.025,0.0525137,0.105647
-212.658,262.025,0.0525137,0.105647
-208.861,262.025,0.0529111,0.107831
-205.063,262.025,0.0529111,0.107831
-201.266,262.025,0.0530096,0.109502
-197.468,262.025,0.0530096,0.109502
-193.671,262.025,0.0534329,0.111192
-189.873,262.025,0.0534329,0.111192
-186.076,262.025,0.0538983,0.112979
-182.278,262.025,0.0538983,0.112979
-178.481,262.025,0.0541977,0.114141
-174.684,262.025,0.0541977,0.114141
-170.886,262.025,0.0542117,0.11662
-167.089,262.025,0.0542117,0.11662
-163.291,262.025,0.0548258,0.117635
-159.494,262.025,0.0548258,0.117635
-155.696,262.025,0.0551978,0.120046
-151.899,262.025,0.0551978,0.120046
-148.101,262.025,0.0552184,0.120877
-144.304,262.025,0.0552184,0.120877
-140.506,262.025,0.0556381,0.122521
-136.709,262.025,0.0556381,0.122521
-132.911,262.025,0.0557722,0.123812
-129.114,262.025,0.0557722,0.123812
-125.316,262.025,0.0559055,0.127522
-121.519,262.025,0.0559055,0.127522
-117.722,262.025,0.0560932,0.128501
-113.924,262.025,0.0560932,0.128501
-110.127,262.025,0.0561624,0.130644
-106.329,262.025,0.0561624,0.130644
-102.532,262.025,0.05622,0.133646
-98.7342,262.025,0.05622,0.133646
-94.9367,262.025,0.0562511,0.135382
-91.1392,262.025,0.0562511,0.135382
-87.3418,262.025,0.056288,0.136252
-83.5443,262.025,0.056288,0.136252
-79.7468,262.025,0.0563263,0.139175
-75.9494,262.025,0.0563263,0.139175
-72.1519,262.025,0.0563333,0.140356
-68.3544,262.025,0.0563333,0.140356
-64.557,262.025,0.0563243,0.14379
-60.7595,262.025,0.0563243,0.14379
-56.962,262.025,0.0563243,0.146611
-53.1646,262.025,0.0563243,0.146611
-49.3671,262.025,0.0562468,0.14813
-45.5696,262.025,0.0562468,0.14813
-41.7722,262.025,0.056185,0.150173
-37.9747,262.025,0.056185,0.150173
-34.1772,262.025,0.0559879,0.151519
-30.3797,262.025,0.0559879,0.151519
-26.5823,262.025,0.0557038,0.153181
-22.7848,262.025,0.0557038,0.153181
-18.9873,262.025,0.0554183,0.154914
-15.1899,262.025,0.0554183,0.154914
-11.3924,262.025,0.0552276,0.156078
-7.59494,262.025,0.0552276,0.156078
-3.79747,262.025,0.0549134,0.157176
0,262.025,0.0549134,0.157176
-300,265.823,0.0489414,0.0890778
-296.203,265.823,0.0489414,0.0890778
-292.405,265.823,0.0492825,0.0906405
-288.608,265.823,0.0492825,0.0906405
-284.81,265.823,0.0496338,0.0924155
-281.013,265.823,0.0496338,0.0924155
-277.215,265.823,0.0500594,0.0945713
-273.418,265.823,0.0500594,0.0945713
-269.62,265.823,0.0503616,0.0956211
-265.823,265.823,0.0503616,0.0956211
-262.025,265.823,0.0508258,0.0975843
-258.228,265.823,0.0508258,0.0975843
-254.43,265.823,0.0512149,0.0987938
-250.633,265.823,0.0512149,0.0987938
-246.835,265.823,0.0516116,0.101048
-243.038,265.823,0.0516116,0.101048
-239.241,265.823,0.0520162,0.102805
-235.443,265.823,0.0520162,0.102805
-231.646,265.823,0.0522735,0.103997
-227.848,265.823,0.0522735,0.103997
-224.051,265.823,0.0530275,0.106214
-220.253,265.823,0.0530275,0.106214
-216.456,265.823,0.053392,0.10844
-212.658,265.823,0.053392,0.10844
-208.861,265.823,0.053667,0.110624
-205.063,265.823,0.053667,0.110624
-201.266,265.823,0.0537655,0.112295
-197.468,265.823,0.0537655,0.112295
-193.671,265.823,0.0542458,0.113497
-189.873,265.823,0.0542458,0.113497
-186.076,265.823,0.0547112,0.115522
-182.278,265.823,0.0547112,0.115522
-178.481,265.823,0.0550106,0.116972
-174.684,265.823,0.0550106,0.116972
-170.886,265.823,0.0550247,0.119451
-167.089,265.823,0.0550247,0.119451
-163.291,265.823,0.0556332,0.119913
-159.494,265.823,0.0556332,0.119913
-155.696,265.823,0.0558969,0.122324
-151.899,265.823,0.0558969,0.122324
-148.101,265.823,0.0559175,0.123401
-144.304,265.823,0.0559175,0.123401
-140.506,265.823,0.0563372,0.125044
-136.709,265.823,0.0563372,0.125044
-132.911,265.823,0.0564713,0.126336
-129.114,265.823,0.0564713,0.126336
-125.316,265.823,0.0566045,0.130045
-121.519,265.823,0.0566045,0.130045
-117.722,265.823,0.0567923,0.131025
-113.924,265.823,0.0567923,0.131025
-110.127,265.823,0.0568615,0.133167
-106.329,265.823,0.0568615,0.133167
-102.532,265.823,0.0569176,0.13617
-98.7342,265.823,0.0569176,0.13617
-94.9367,265.823,0.0569487,0.137906
-91.1392,265.823,0.0569487,0.137906
-87.3418,265.823,0.0569856,0.138776
-83.5443,265.823,0.0569856,0.138776
-79.7468,265.823,0.0570239,0.141698
-75.9494,265.823,0.0570239,0.141698
-72.1519,265.823,0.057031,0.142901
-68.3544,265.823,0.057031,0.142901
-64.557,265.823,0.0570219,0.145661
-60.7595,265.823,0.0570219,0.145661
-56.962,265.823,0.0570219,0.148482
-53.1646,265.823,0.0570219,0.148482
-49.3671,265.823,0.0569444,0.149035
-45.5696,265.823,0.0569444,0.149035
-41.7722,265.823,0.0568826,0.151078
-37.9747,265.823,0.0568826,0.151078
-34.1772,265.823,0.0566855,0.153029
-30.3797,265.823,0.0566855,0.153029
-26.5823,265.823,0.0564014,0.154137
-22.7848,265.823,0.0564014,0.154137
-18.9873,265.823,0.0561159,0.155899
-15.1899,265.823,0.0561159,0.155899
-11.3924,265.823,0.0559252,0.157063
-7.59494,265.823,0.0559252,0.157063
-3.79747,265.823,0.0556146,0.15816
0,265.823,0.0556146,0.15816
-300,269.62,0.0489414,0.0890778
-296.203,269.62,0.0489414,0.0890778
-292.405,269.62,0.0492825,0.0906405
-288.608,269.62,0.0492825,0.0906405
-284.81,269.62,0.0496338,0.0924155
-281.013,269.62,0.0496338,0.0924155
-277.215,269.62,0.0500594,0.0945713
-273.418,269.62,0.0500594,0.0945713
-269.62,269.62,0.0503616,0.0956211
-265.823,269.62,0.0503616,0.0956211
-262.025,269.62,0.0508258,0.0975843
-258.228,269.62,0.0508258,0.0975843
-254.43,269.62,0.0512149,0.0987938
-250.633,269.62,0.0512149,0.0987938
-246.835,269.62,0.0516116,0.101048
-243.038,269.62,0.0516116,0.101048
-239.241,269.62,0.0520162,0.102805
-235.443,269.62,0.0520162,0.102805
-231.646,269.62,0.0522735,0.103997
-227.848,269.62,0.0522735,0.103997
-224.051,269.62,0.0530275,0.106214
-220.253,269.62,0.0530275,0.106214
-216.456,269.62,0.053392,0.10844
-212.658,269.62,0.053392,0.10844
-208.861,269.62,0.053667,0.110624
-205.063,269.62,0.053667,0.110624
-201.266,269.62,0.0537655,0.112295
-197.468,269.62,0.0537655,0.112295
-193.671,269.62,0.0542458,0.113497
-189.873,269.62,0.0542458,0.113497
-186.076,269.62,0.0547112,0.115522
-182.278,269.62,0.0547112,0.115522
-178.481,269.62,0.0550106,0.116972
-174.684,269.62,0.0550106,0.116972
-170.886,269.62,0.0550247,0.119451
-167.089,269.62,0.0550247,0.119451
-163.291,269.62,0.0556332,0.119913
-159.494,269.62,0.0556332,0.119913
-155.696,269.62,0.0558969,0.122324
-151.899,269.62,0.0558969,0.122324
-148.101,269.62,0.0559175,0.123401
-144.304,269.62,0.0559175,0.123401
-140.506,269.62,0.0563372,0.125044
-136.709,269.62,0.0563372,0.125044
-132.911,269.62,0.0564713,0.126336
-129.114,269.62,0.0564713,0.126336
-125.316,269.62,0.0566045,0.130045
-121.519,269.62,0.0566045,0.130045
-117.722,269.62,0.0567923,0.131025
-113.924,269.62,0.0567923,0.131025
-110.127,269.62,0.0568615,0.133167
-106.329,269.62,0.0568615,0.133167
-102.532,269.62,0.0569176,0.13617
-98.7342,269.62,0.0569176,0.13617
-94.9367,269.62,0.0569487,0.137906
-91.1392,269.62,0.0569487,0.137906
-87.3418,269.62,0.0569856,0.138776
-83.5443,269.62,0.0569856,0.138776
-79.7468,269.62,0.0570239,0.141698
-75.9494,269.62,0.0570239,0.141698
-72.1519,269.62,0.057031,0.142901
-68.3544,269.62,0.057031,0.142901
-64.557,269.62,0.0570219,0.145661
-60.7595,269.62,0.0570219,0.145661
-56.962,269.62,0.0570219,0.148482
-53.1646,269.62,0.0570219,0.148482
-49.3671,269.62,0.0569444,0.149035
-45.5696,269.62,0.0569444,0.149035
-41.7722,269.62,0.0568826,0.151078
-37.9747,269.62,0.0568826,0.151078
-34.1772,269.62,0.0566855,0.153029
-30.3797,269.62,0.0566855,0.153029
-26.5823,269.62,0.0564014,0.154137
-22.7848,269.62,0.0564014,0.154137
-18.9873,269.62,0.0561159,0.155899
-15.1899,269.62,0.0561159,0.155899
-11.3924,269.62,0.0559252,0.157063
-7.59494,269.62,0.0559252,0.157063
-3.79747,269.62,0.0556146,0.15816
0,269.62,0.0556146,0.15816
-300,273.418,0.0498059,0.0915014
-296.203,273.418,0.0498059,0.0915014
-292.405,273.418,0.0501313,0.0930854
-288.608,273.418,0.0501313,0.0930854
-284.81,273.418,0.0504826,0.0948604
-281.013,273.418,0.0504826,0.0948604
-277.215,273.418,0.0509082,0.0970318
-273.418,273.418,0.0509082,0.0970318
-269.62,273.418,0.0512104,0.0983461
-265.823,273.418,0.0512104,0.0983461
-262.025,273.418,0.0516746,0.100335
-258.228,273.418,0.0516746,0.100335
-254.43,273.418,0.0522013,0.101581
-250.633,273.418,0.0522013,0.101581
-246.835,273.418,0.0527386,0.103836
-243.038,273.418,0.0527386,0.103836
-239.241,273.418,0.052973,0.105386
-235.443,273.418,0.052973,0.105386
-231.646,273.418,0.053059,0.106578
-227.848,273.418,0.053059,0.106578
-224.051,273.418,0.0538785,0.108794
-220.253,273.418,0.0538785,0.108794
-216.456,273.418,0.054243,0.11102
-212.658,273.418,0.054243,0.11102
-208.861,273.418,0.054518,0.11331
-205.063,273.418,0.054518,0.11331
-201.266,273.418,0.0546166,0.115474
-197.468,273.418,0.0546166,0.115474
-193.671,273.418,0.0550968,0.116305
-189.873,273.418,0.0550968,0.116305
-186.076,273.418,0.0554362,0.118071
-182.278,273.418,0.0554362,0.118071
-178.481,273.418,0.0557356,0.119521
-174.684,273.418,0.0557356,0.119521
-170.886,273.418,0.0557496,0.121535
-167.089,273.418,0.0557496,0.121535
-163.291,273.418,0.0562655,0.121997
-159.494,273.418,0.0562655,0.121997
-155.696,273.418,0.0565292,0.124408
-151.899,273.418,0.0565292,0.124408
-148.101,273.418,0.0565498,0.125535
-144.304,273.418,0.0565498,0.125535
-140.506,273.418,0.0569695,0.126728
-136.709,273.418,0.0569695,0.126728
-132.911,273.418,0.0571036,0.128019
-129.114,273.418,0.0571036,0.128019
-125.316,273.418,0.0572369,0.131676
-121.519,273.418,0.0572369,0.131676
-117.722,273.418,0.0574246,0.132656
-113.924,273.418,0.0574246,0.132656
-110.127,273.418,0.0574938,0.135085
-106.329,273.418,0.0574938,0.135085
-102.532,273.418,0.0575424,0.137507
-98.7342,273.418,0.0575424,0.137507
-94.9367,273.418,0.0575736,0.139342
-91.1392,273.418,0.0575736,0.139342
-87.3418,273.418,0.0576104,0.140438
-83.5443,273.418,0.0576104,0.140438
-79.7468,273.418,0.0576455,0.143263
-75.9494,273.418,0.0576455,0.143263
-72.1519,273.418,0.0576525,0.144465
-68.3544,273.418,0.0576525,0.144465
-64.557,273.418,0.0576435,0.147225
-60.7595,273.418,0.0576435,0.147225
-56.962,273.418,0.0576435,0.150046
-53.1646,273.418,0.0576435,0.150046
-49.3671,273.418,0.057566,0.151053
-45.5696,273.418,0.057566,0.151053
-41.7722,273.418,0.0575042,0.153097
-37.9747,273.418,0.0575042,0.153097
-34.1772,273.418,0.0573071,0.155047
-30.3797,273.418,0.0573071,0.155047
-26.5823,273.418,0.057023,0.156416
-22.7848,273.418,0.057023,0.156416
-18.9873,273.418,0.0567375,0.158178
-15.1899,273.418,0.0567375,0.158178
-11.3924,273.418,0.0565468,0.158948
-7.59494,273.418,0.0565468,0.158948
-3.79747,273.418,0.0562362,0.159953
0,273.418,0.0562362,0.159953
-300,277.215,0.0498059,0.0915014
-296.203,277.215,0.0498059,0.0915014
-292.405,277.215,0.0501313,0.0930854
-288.608,277.215,0.0501313,0.0930854
-284.81,277.215,0.0504826,0.0948604
-281.013,277.215,0.0504826,0.0948604
-277.215,277.215,0.0509082,0.0970318
-273.418,277.215,0.0509082,0.0970318
-269.62,277.215,0.0512104,0.0983461
-265.823,277.215,0.0512104,0.0983461
-262.025,277.215,0.0516746,0.100335
-258.228,277.215,0.0516746,0.100335
-254.43,277.215,0.0522013,0.101581
-250.633,277.215,0.0522013,0.101581
-246.835,277.215,0.0527386,0.103836
-243.038,277.215,0.0527386,0.103836
-239.241,277.215,0.052973,0.105386
-235.443,277.215,0.052973,0.105386
-231.646,277.215,0.053059,0.106578
-227.848,277.215,0.053059,0.106578
-224.051,277.215,0.0538785,0.108794
-220.253,277.215,0.0538785,0.108794
-216.456,277.215,0.054243,0.11102
-212.658,277.215,0.054243,0.11102
-208.861,277.215,0.054518,0.11331
-205.063,277.215,0.054518,0.11331
-201.266,277.215,0.0546166,0.115474
-197.468,277.215,0.0546166,0.115474
-193.671,277.215,0.0550968,0.116305
-189.873,277.215,0.0550968,0.116305
-186.076,277.215,0.0554362,0.118071
-182.278,277.215,0.0554362,0.118071
-178.481,277.215,0.0557356,0.119521
-174.684,277.215,0.0557356,0.119521
-170.886,277.215,0.0557496,0.121535
-167.089,277.215,0.0557496,0.121535
-163.291,277.215,0.0562655,0.121997
-159.494,277.215,0.0562655,0.121997
-155.696,277.215,0.0565292,0.124408
-151.899,277.215,0.0565292,0.124408
-148.101,277.215,0.0565498,0.125535
-144.304,277.215,0.0565498,0.125535
-140.506,277.215,0.0569695,0.126728
-136.709,277.215,0.0569695,0.126728
-132.911,277.215,0.0571036,0.128019
-129.114,277.215,0.0571036,0.128019
-125.316,277.215,0.0572369,0.131676
-121.519,277.215,0.0572369,0.131676
-117.722,277.215,0.0574246,0.132656
-113.924,277.215,0.0574246,0.132656
-110.127,277.215,0.0574938,0.135085
-106.329,277.215,0.0574938,0.135085
-102.532,277.215,0.0575424,0.137507
-98.7342,277.215,0.0575424,0.137507
-94.9367,277.215,0.0575736,0.139342
-91.1392,277.215,0.0575736,0.139342
-87.3418,277.215,0.0576104,0.140438
-83.5443,277.215,0.0576104,0.140438
-79.7468,277.215,0.0576455,0.143263
-75.9494,277.215,0.0576455,0.143263
-72.1519,277.215,0.0576525,0.144465
-68.3544,277.215,0.0576525,0.144465
-64.557,277.215,0.0576435,0.147225
-60.7595,277.215,0.0576435,0.147225
-56.962,277.215,0.0576435,0.150046
-53.1646,277.215,0.0576435,0.150046
-49.3671,277.215,0.057566,0.151053
-45.5696,277.215,0.057566,0.151053
-41.7722,277.215,0.0575042,0.153097
-37.9747,277.215,0.0575042,0.153097
-34.1772,277.215,0.0573071,0.155047
-30.3797,277.215,0.0573071,0.155047
-26.5823,277.215,0.057023,0.156416
-22.7848,277.215,0.057023,0.156416
-18.9873,277.215,0.0567375,0.158178
-15.1899,277.215,0.0567375,0.158178
-11.3924,277.215,0.0565468,0.158948
-7.59494,277.215,0.0565468,0.158948
-3.79747,277.215,0.0562362,0.159953
0,277.215,0.0562362,0.159953
-300,281.013,0.0507671,0.0941333
-296.203,281.013,0.0507671,0.0941333
-292.405,281.013,0.0510836,0.0958156
-288.608,281.013,0.0510836,0.0958156
-284.81,281.013,0.0513937,0.0973637
-281.013,281.013,0.0513937,0.0973637
-277.215,281.013,0.0518436,0.0991427
-273.418,281.013,0.0518436,0.0991427
-269.62,281.013,0.0521211,0.101089
-265.823,281.013,0.0521211,0.101089
-262.025,281.013,0.0524188,0.102942
-258.228,281.013,0.0524188,0.102942
-254.43,281.013,0.0529456,0.104188
-250.633,281.013,0.0529456,0.104188
-246.835,281.013,0.0533741,0.106442
-243.038,281.013,0.0533741,0.106442
-239.241,281.013,0.0536884,0.107817
-235.443,281.013,0.0536884,0.107817
-231.646,281.013,0.0537843,0.10912
-227.848,281.013,0.0537843,0.10912
-224.051,281.013,0.0545762,0.11144
-220.253,281.013,0.0545762,0.11144
-216.456,281.013,0.0549407,0.113582
-212.658,281.013,0.0549407,0.113582
-208.861,281.013,0.0552157,0.115776
-205.063,281.013,0.0552157,0.115776
-201.266,281.013,0.055303,0.11757
-197.468,281.013,0.055303,0.11757
-193.671,281.013,0.0557833,0.118401
-189.873,281.013,0.0557833,0.118401
-186.076,281.013,0.0560992,0.12022
-182.278,281.013,0.0560992,0.12022
-178.481,281.013,0.0563773,0.12167
-174.684,281.013,0.0563773,0.12167
-170.886,281.013,0.0563913,0.123684
-167.089,281.013,0.0563913,0.123684
-163.291,281.013,0.0570793,0.124146
-159.494,281.013,0.0570793,0.124146
-155.696,281.013,0.0574441,0.126557
-151.899,281.013,0.0574441,0.126557
-148.101,281.013,0.0574647,0.127684
-144.304,281.013,0.0574647,0.127684
-140.506,281.013,0.0577272,0.128877
-136.709,281.013,0.0577272,0.128877
-132.911,281.013,0.0578613,0.130168
-129.114,281.013,0.0578613,0.130168
-125.316,281.013,0.0579672,0.133741
-121.519,281.013,0.0579672,0.133741
-117.722,281.013,0.0581231,0.134721
-113.924,281.013,0.0581231,0.134721
-110.127,281.013,0.0581923,0.13715
-106.329,281.013,0.0581923,0.13715
-102.532,281.013,0.058241,0.139322
-98.7342,281.013,0.058241,0.139322
-94.9367,281.013,0.0582721,0.1411
-91.1392,281.013,0.0582721,0.1411
-87.3418,281.013,0.058309,0.142186
-83.5443,281.013,0.058309,0.142186
-79.7468,281.013,0.058344,0.14501
-75.9494,281.013,0.058344,0.14501
-72.1519,281.013,0.0583511,0.146213
-68.3544,281.013,0.0583511,0.146213
-64.557,281.013,0.0583421,0.148973
-60.7595,281.013,0.0583421,0.148973
-56.962,281.013,0.0583421,0.151794
-53.1646,281.013,0.0583421,0.151794
-49.3671,281.013,0.0582646,0.152547
-45.5696,281.013,0.0582646,0.152547
-41.7722,281.013,0.0581983,0.154782
-37.9747,281.013,0.0581983,0.154782
-34.1772,281.013,0.0579881,0.15647
-30.3797,281.013,0.0579881,0.15647
-26.5823,281.013,0.0577039,0.157652
-22.7848,281.013,0.0577039,0.157652
-18.9873,281.013,0.0574185,0.159414
-15.1899,281.013,0.0574185,0.159414
-11.3924,281.013,0.0572277,0.160023
-7.59494,281.013,0.0572277,0.160023
-3.79747,281.013,0.056967,0.161023
0,281.013,0.056967,0.161023
-300,284.81,0.0507671,0.0941333
-296.203,284.81,0.0507671,0.0941333
-292.405,284.81,0.0510836,0.0958156
-288.608,284.81,0.0510836,0.0958156
-284.81,284.81,0.0513937,0.0973637
-281.013,284.81,0.0513937,0.0973637
-277.215,284.81,0.0518436,0.0991427
-273.418,284.81,0.0518436,0.0991427
-269.62,284.81,0.0521211,0.101089
-265.823,284.81,0.0521211,0.101089
-262.025,284.81,0.0524188,0.102942
-258.228,284.81,0.0524188,0.102942
-254.43,284.81,0.0529456,0.104188
-250.633,284.81,0.0529456,0.104188
-246.835,284.81,0.0533741,0.106442
-243.038,284.81,0.0533741,0.106442
-239.241,284.81,0.0536884,0.107817
-235.443,284.81,0.0536884,0.107817
-231.646,284.81,0.0537843,0.10912
-227.848,284.81,0.0537843,0.10912
-224.051,284.81,0.0545762,0.11144
-220.253,284.81,0.0545762,0.11144
-216.456,284.81,0.0549407,0.113582
-212.658,284.81,0.0549407,0.113582
-208.861,284.81,0.0552157,0.115776
-205.063,284.81,0.0552157,0.115776
-201.266,284.81,0.055303,0.11757
-197.468,284.81,0.055303,0.11757
-193.671,284.81,0.0557833,0.118401
-189.873,284.81,0.0557833,0.118401
-186.076,284.81,0.0560992,0.12022
-182.278,284.81,0.0560992,0.12022
-178.481,284.81,0.0563773,0.12167
-174.684,284.81,0.0563773,0.12167
-170.886,284.81,0.0563913,0.123684
-167.089,284.81,0.0563913,0.123684
-163.291,284.81,0.0570793,0.124146
-159.494,284.81,0.0570793,0.124146
-155.696,284.81,0.0574441,0.126557
-151.899,284.81,0.0574441,0.126557
-148.101,284.81,0.0574647,0.127684
-144.304,284.81,0.0574647,0.127684
-140.506,284.81,0.0577272,0.128877
-136.709,284.81,0.0577272,0.128877
-132.911,284.81,0.0578613,0.130168
-129.114,284.81,0.0578613,0.130168
-125.316,284.81,0.0579672,0.133741
-121.519,284.81,0.0579672,0.133741
-117.722,284.81,0.0581231,0.134721
-113.924,284.81,0.0581231,0.134721
-110.127,284.81,0.0581923,0.13715
-106.329,284.81,0.0581923,0.13715
-102.532,284.81,0.058241,0.139322
-98.7342,284.81,0.058241,0.139322
-94.9367,284.81,0.0582721,0.1411
-91.1392,284.81,0.0582721,0.1411
-87.3418,284.81,0.058309,0.142186
-83.5443,284.81,0.058309,0.142186
-79.7468,284.81,0.058344,0.14501
-75.9494,284.81,0.058344,0.14501
-72.1519,284.81,0.0583511,0.146213
-68.3544,284.81,0.0583511,0.146213
-64.557,284.81,0.0583421,0.148973
-60.7595,284.81,0.0583421,0.148973
-56.962,284.81,0.0583421,0.151794
-53.1646,284.81,0.0583421,0.151794
-49.3671,284.81,0.0582646,0.152547
-45.5696,284.81,0.0582646,0.152547
-41.7722,284.81,0.0581983,0.154782
-37.9747,284.81,0.0581983,0.154782
-34.1772,284.81,0.0579881,0.15647
-30.3797,284.81,0.0579881,0.15647
-26.5823,284.81,0.0577039,0.157652
-22.7848,284.81,0.0577039,0.157652
-18.9873,284.81,0.0574185,0.159414
-15.1899,284.81,0.0574185,0.159414
-11.3924,284.81,0.0572277,0.160023
-7.59494,284.81,0.0572277,0.160023
-3.79747,284.81,0.056967,0.161023
0,284.81,0.056967,0.161023
-300,288.608,0.0515847,0.0978951
-296.203,288.608,0.0515847,0.0978951
-292.405,288.608,0.0519058,0.0990902
-288.608,288.608,0.0519058,0.0990902
-284.81,288.608,0.0521247,0.0999894
-281.013,288.608,0.0521247,0.0999894
-277.215,288.608,0.0526676,0.101753
-273.418,288.608,0.0526676,0.101753
-269.62,288.608,0.0529738,0.1037
-265.823,288.608,0.0529738,0.1037
-262.025,288.608,0.0533492,0.105552
-258.228,288.608,0.0533492,0.105552
-254.43,288.608,0.0538558,0.106799
-250.633,288.608,0.0538558,0.106799
-246.835,288.608,0.0541967,0.109053
-243.038,288.608,0.0541967,0.109053
-239.241,288.608,0.0544059,0.110406
-235.443,288.608,0.0544059,0.110406
-231.646,288.608,0.0545017,0.111326
-227.848,288.608,0.0545017,0.111326
-224.051,288.608,0.0552936,0.113504
-220.253,288.608,0.0552936,0.113504
-216.456,288.608,0.0556581,0.115558
-212.658,288.608,0.0556581,0.115558
-208.861,288.608,0.0559331,0.117609
-205.063,288.608,0.0559331,0.117609
-201.266,288.608,0.0560204,0.118972
-197.468,288.608,0.0560204,0.118972
-193.671,288.608,0.0564553,0.119803
-189.873,288.608,0.0564553,0.119803
-186.076,288.608,0.0567055,0.122045
-182.278,288.608,0.0567055,0.122045
-178.481,288.608,0.0569836,0.123596
-174.684,288.608,0.0569836,0.123596
-170.886,288.608,0.0569977,0.12561
-167.089,288.608,0.0569977,0.12561
-163.291,288.608,0.0576856,0.126072
-159.494,288.608,0.0576856,0.126072
-155.696,288.608,0.0580421,0.128483
-151.899,288.608,0.0580421,0.128483
-148.101,288.608,0.0580626,0.12961
-144.304,288.608,0.0580626,0.12961
-140.506,288.608,0.0584242,0.13098
-136.709,288.608,0.0584242,0.13098
-132.911,288.608,0.058519,0.132272
-129.114,288.608,0.058519,0.132272
-125.316,288.608,0.0585988,0.135845
-121.519,288.608,0.0585988,0.135845
-117.722,288.608,0.0587097,0.136825
-113.924,288.608,0.0587097,0.136825
-110.127,288.608,0.0587789,0.139254
-106.329,288.608,0.0587789,0.139254
-102.532,288.608,0.0588235,0.14163
-98.7342,288.608,0.0588235,0.14163
-94.9367,288.608,0.0588447,0.143354
-91.1392,288.608,0.0588447,0.143354
-87.3418,288.608,0.0588816,0.144308
-83.5443,288.608,0.0588816,0.144308
-79.7468,288.608,0.0589166,0.147133
-75.9494,288.608,0.0589166,0.147133
-72.1519,288.608,0.0589237,0.148335
-68.3544,288.608,0.0589237,0.148335
-64.557,288.608,0.0589147,0.151095
-60.7595,288.608,0.0589147,0.151095
-56.962,288.608,0.0589147,0.153917
-53.1646,288.608,0.0589147,0.153917
-49.3671,288.608,0.0588086,0.15467
-45.5696,288.608,0.0588086,0.15467
-41.7722,288.608,0.0587423,0.156905
-37.9747,288.608,0.0587423,0.156905
-34.1772,288.608,0.0585321,0.15835
-30.3797,288.608,0.0585321,0.15835
-26.5823,288.608,0.058256,0.159532
-22.7848,288.608,0.058256,0.159532
-18.9873,288.608,0.057984,0.161294
-15.1899,288.608,0.057984,0.161294
-11.3924,288.608,0.0577932,0.161775
-7.59494,288.608,0.0577932,0.161775
-3.79747,288.608,0.0575326,0.162775
0,288.608,0.0575326,0.162775
-300,292.405,0.0515847,0.0978951
-296.203,292.405,0.0515847,0.0978951
-292.405,292.405,0.0519058,0.0990902
-288.608,292.405,0.0519058,0.0990902
-284.81,292.405,0.0521247,0.0999894
-281.013,292.405,0.0521247,0.0999894
-277.215,292.405,0.0526676,0.101753
-273.418,292.405,0.0526676,0.101753
-269.62,292.405,0.0529738,0.1037
-265.823,292.405,0.0529738,0.1037
-262.025,292.405,0.0533492,0.105552
-258.228,292.405,0.0533492,0.105552
-254.43,292.405,0.0538558,0.106799
-250.633,292.405,0.0538558,0.106799
-246.835,292.405,0.0541967,0.109053
-243.038,292.405,0.0541967,0.109053
-239.241,292.405,0.0544059,0.110406
-235.443,292.405,0.0544059,0.110406
-231.646,292.405,0.0545017,0.111326
-227.848,292.405,0.0545017,0.111326
-224.051,292.405,0.0552936,0.113504
-220.253,292.405,0.0552936,0.113504
-216.456,292.405,0.0556581,0.115558
-212.658,292.405,0.0556581,0.115558
-208.861,292.405,0.0559331,0.117609
-205.063,292.405,0.0559331,0.117609
-201.266,292.405,0.0560204,0.118972
-197.468,292.405,0.0560204,0.118972
-193.671,292.405,0.0564553,0.119803
-189.873,292.405,0.0564553,0.119803
-186.076,292.405,0.0567055,0.122045
-182.278,292.405,0.0567055,0.122045
-178.481,292.405,0.0569836,0.123596
-174.684,292.405,0.0569836,0.123596
-170.886,292.405,0.0569977,0.12561
-167.089,292.405,0.0569977,0.12561
-163.291,292.405,0.0576856,0.126072
-159.494,292.405,0.0576856,0.126072
-155.696,292.405,0.0580421,0.128483
-151.899,292.405,0.0580421,0.128483
-148.101,292.405,0.0580626,0.12961
-144.304,292.405,0.0580626,0.12961
-140.506,292.405,0.0584242,0.13098
-136.709,292.405,0.0584242,0.13098
-132.911,292.405,0.058519,0.132272
-129.114,292.405,0.058519,0.132272
-125.316,292.405,0.0585988,0.135845
-121.519,292.405,0.0585988,0.135845
-117.722,292.405,0.0587097,0.136825
-113.924,292.405,0.0587097,0.136825
-110.127,292.405,0.0587789,0.139254
-106.329,292.405,0.0587789,0.139254
-102.532,292.405,0.0588235,0.14163
-98.7342,292.405,0.0588235,0.14163
-94.9367,292.405,0.0588447,0.143354
-91.1392,292.405,0.0588447,0.143354
-87.3418,292.405,0.0588816,0.144308
-83.5443,292.405,0.0588816,0.144308
-79.7468,292.405,0.0589166,0.147133
-75.9494,292.405,0.0589166,0.147133
-72.1519,292.405,0.0589237,0.148335
-68.3544,292.405,0.0589237,0.148335
-64.557,292.405,0.0589147,0.151095
-60.7595,292.405,0.0589147,0.151095
-56.962,292.405,0.0589147,0.153917
-53.1646,292.405,0.0589147,0.153917
-49.3671,292.405,0.0588086,0.15467
-45.5696,292.405,0.0588086,0.15467
-41.7722,292.405,0.0587423,0.156905
-37.9747,292.405,0.0587423,0.156905
-34.1772,292.405,0.0585321,0.15835
-30.3797,292.405,0.0585321,0.15835
-26.5823,292.405,0.058256,0.159532
-22.7848,292.405,0.058256,0.159532
-18.9873,292.405,0.057984,0.161294
-15.1899,292.405,0.057984,0.161294
-11.3924,292.405,0.0577932,0.161775
-7.59494,292.405,0.0577932,0.161775
-3.79747,292.405,0.0575326,0.162775
0,292.405,0.0575326,0.162775
-300,296.203,0.0523115,0.100333
-296.203,296.203,0.0523115,0.100333
-292.405,296.203,0.052619,0.101357
-288.608,296.203,0.052619,0.101357
-284.81,296.203,0.0528168,0.102194
-281.013,296.203,0.0528168,0.102194
-277.215,296.203,0.0533939,0.103945
-273.418,296.203,0.0533939,0.103945
-269.62,296.203,0.053695,0.105868
-265.823,296.203,0.053695,0.105868
-262.025,296.203,0.0541015,0.107933
-258.228,296.203,0.0541015,0.107933
-254.43,296.203,0.0546081,0.109143
-250.633,296.203,0.0546081,0.109143
-246.835,296.203,0.0550113,0.111392
-243.038,296.203,0.0550113,0.111392
-239.241,296.203,0.0552173,0.11281
-235.443,296.203,0.0552173,0.11281
-231.646,296.203,0.0552412,0.114046
-227.848,296.203,0.0552412,0.114046
-224.051,296.203,0.0560331,0.116321
-220.253,296.203,0.0560331,0.116321
-216.456,296.203,0.056428,0.118493
-212.658,296.203,0.056428,0.118493
-208.861,296.203,0.0567055,0.120521
-205.063,296.203,0.0567055,0.120521
-201.266,296.203,0.0567496,0.121629
-197.468,296.203,0.0567496,0.121629
-193.671,296.203,0.0571844,0.122461
-189.873,296.203,0.0571844,0.122461
-186.076,296.203,0.0573795,0.123985
-182.278,296.203,0.0573795,0.123985
-178.481,296.203,0.057535,0.125536
-174.684,296.203,0.057535,0.125536
-170.886,296.203,0.0575491,0.12755
-167.089,296.203,0.0575491,0.12755
-163.291,296.203,0.058237,0.128012
-159.494,296.203,0.058237,0.128012
-155.696,296.203,0.0585976,0.130423
-151.899,296.203,0.0585976,0.130423
-148.101,296.203,0.0586181,0.13155
-144.304,296.203,0.0586181,0.13155
-140.506,296.203,0.0589797,0.13292
-136.709,296.203,0.0589797,0.13292
-132.911,296.203,0.0590745,0.134212
-129.114,296.203,0.0590745,0.134212
-125.316,296.203,0.0591771,0.137592
-121.519,296.203,0.0591771,0.137592
-117.722,296.203,0.0592671,0.138442
-113.924,296.203,0.0592671,0.138442
-110.127,296.203,0.0593363,0.140871
-106.329,296.203,0.0593363,0.140871
-102.532,296.203,0.0593628,0.143248
-98.7342,296.203,0.0593628,0.143248
-94.9367,296.203,0.0593799,0.144971
-91.1392,296.203,0.0593799,0.144971
-87.3418,296.203,0.0594167,0.145745
-83.5443,296.203,0.0594167,0.145745
-79.7468,296.203,0.0594518,0.14857
-75.9494,296.203,0.0594518,0.14857
-72.1519,296.203,0.0594588,0.149772
-68.3544,296.203,0.0594588,0.149772
-64.557,296.203,0.0594498,0.152532
-60.7595,296.203,0.0594498,0.152532
-56.962,296.203,0.0594498,0.155353
-53.1646,296.203,0.0594498,0.155353
-49.3671,296.203,0.0593508,0.15611
-45.5696,296.203,0.0593508,0.15611
-41.7722,296.203,0.0593049,0.158344
-37.9747,296.203,0.0593049,0.158344
-34.1772,296.203,0.0591059,0.15979
-30.3797,296.203,0.0591059,0.15979
-26.5823,296.203,0.0588511,0.160962
-22.7848,296.203,0.0588511,0.160962
-18.9873,296.203,0.0585897,0.162724
-15.1899,296.203,0.0585897,0.162724
-11.3924,296.203,0.0584017,0.163116
-7.59494,296.203,0.0584017,0.163116
-3.79747,296.203,0.0581325,0.164067
0,296.203,0.0581325,0.164067
-300,300,0.0523115,0.100333
-296.203,300,0.0523115,0.100333
-292.405,300,0.052619,0.101357
-288.608,300,0.052619,0.101357
-284.81,300,0.0528168,0.102194
-281.013,300,0.0528168,0.102194
-277.215,300,0.0533939,0.103945
-273.418,300,0.0533939,0.103945
-269.62,300,0.053695,0.105868
-265.823,300,0.053695,0.105868
-262.025,300,0.0541015,0.107933
-258.228,300,0.0541015,0.107933
-254.43,300,0.0546081,0.109143
-250.633,300,0.0546081,0.109143
-246.835,300,0.0550113,0.111392
-243.038,300,0.0550113,0.111392
-239.241,300,0.0552173,0.11281
-235.443,300,0.0552173,0.11281
-231.646,300,0.0552412,0.114046
-227.848,300,0.0552412,0.114046
-224.051,300,0.0560331,0.116321
-220.253,300,0.0560331,0.116321
-216.456,300,0.056428,0.118493
-212.658,300,0.056428,0.118493
-208.861,300,0.0567055,0.120521
-205.063,300,0.0567055,0.120521
-201.266,300,0.0567496,0.121629
-197.468,300,0.0567496,0.121629
-193.671,300,0.0571844,0.122461
-189.873,300,0.0571844,0.122461
-186.076,300,0.0573795,0.123985
-182.278,300,0.0573795,0.123985
-178.481,300,0.057535,0.125536
-174.684,300,0.057535,0.125536
-170.886,300,0.0575491,0.12755
-167.089,300,0.0575491,0.12755
-163.291,300,0.058237,0.128012
-159.494,300,0.058237,0.128012
-155.696,300,0.0585976,0.130423
-151.899,300,0.0585976,0.130423
-148.101,300,0.0586181,0.13155
-144.304,300,0.0586181,0.13155
-140.506,300,0.0589797,0.13292
-136.709,300,0.0589797,0.13292
-132.911,300,0.0590745,0.134212
-129.114,300,0.0590745,0.134212
-125.316,300,0.0591771,0.137592
-121.519,300,0.0591771,0.137592
-117.722,300,0.0592671,0.138442
-113.924,300,0.0592671,0.138442
-110.127,300,0.0593363,0.140871
-106.329,300,0.0593363,0.140871
-102.532,300,0.0593628,0.143248
-98.7342,300,0.0593628,0.143248
-94.9367,300,0.0593799,0.144971
-91.1392,300,0.0593799,0.144971
-87.3418,300,0.0594167,0.145745
-83.5443,300,0.0594167,0.145745
-79.7468,300,0.0594518,0.14857
-75.9494,300,0.0594518,0.14857
-72.1519,300,0.0594588,0.149772
-68.3544,300,0.0594588,0.149772
-64.557,300,0.0594498,0.152532
-60.7595,300,0.0594498,0.152532
-56.962,300,0.0594498,0.155353
-53.1646,300,0.0594498,0.155353
-49.3671,300,0.0593508,0.15611
-45.5696,300,0.0593508,0.15611
-41.7722,300,0.0593049,0.158344
-37.9747,300,0.0593049,0.158344
-34.1772,300,0.0591059,0.15979
-30.3797,300,0.0591059,0.15979
-26.5823,300,0.0588511,0.160962
-22.7848,300,0.0588511,0.160962
-18.9873,300,0.0585897,0.162724
-15.1899,300,0.0585897,0.162724
-11.3924,300,0.0584017,0.163116
-7.59494,300,0.0584017,0.163116
-3.79747,300,0.0581325,0.164067
0,300,0.0581325,0.164067
