Id,Iq,Phi_d_pred,Phi_q_pred
-300,0,0.00895537,-0.0378641
-296.203,0,0.00911582,-0.036772
-292.405,0,0.00927626,-0.0356799
-288.608,0,0.00943671,-0.0345877
-284.81,0,0.00959715,-0.0334956
-281.013,0,0.0097576,-0.0324035
-277.215,0,0.00991805,-0.0313113
-273.418,0,0.0100785,-0.0302192
-269.62,0,0.0102389,-0.0291271
-265.823,0,0.0103994,-0.028035
-262.025,0,0.0105598,-0.0269428
-258.228,0,0.0107203,-0.0258507
-254.43,0,0.0108807,-0.0247586
-250.633,0,0.0110412,-0.0236664
-246.835,0,0.0112016,-0.0225743
-243.038,0,0.0113621,-0.0214822
-239.241,0,0.0115225,-0.02039
-235.443,0,0.0116829,-0.0192979
-231.646,0,0.0118434,-0.0182058
-227.848,0,0.0120038,-0.0171137
-224.051,0,0.0121643,-0.0160215
-220.253,0,0.0123247,-0.0149294
-216.456,0,0.0124852,-0.0138373
-212.658,0,0.0126456,-0.0127451
-208.861,0,0.0128061,-0.011653
-205.063,0,0.0129665,-0.0105609
-201.266,0,0.013127,-0.00946874
-197.468,0,0.0132874,-0.00837661
-193.671,0,0.0134478,-0.00728448
-189.873,0,0.0136083,-0.00619235
-186.076,0,0.0137687,-0.00510022
-182.278,0,0.0139292,-0.00400809
-178.481,0,0.0140896,-0.00291596
-174.684,0,0.0142501,-0.00182383
-170.886,0,0.0144105,-0.000731697
-167.089,0,0.014571,0.000360433
-163.291,0,0.0147314,0.00145256
-159.494,0,0.0148918,0.00254469
-155.696,0,0.0150523,0.00363682
-151.899,0,0.0152127,0.00472895
-148.101,0,0.0153732,0.00582109
-144.304,0,0.0155336,0.00691322
-140.506,0,0.0156941,0.00800535
-136.709,0,0.0158545,0.00909748
-132.911,0,0.016015,0.0101896
-129.114,0,0.0161754,0.0112817
-125.316,0,0.0163359,0.0123739
-121.519,0,0.0164963,0.013466
-117.722,0,0.0166567,0.0145581
-113.924,0,0.0168172,0.0156503
-110.127,0,0.0169776,0.0167424
-106.329,0,0.0171381,0.0178345
-102.532,0,0.0172985,0.0189266
-98.7342,0,0.017459,0.0200188
-94.9367,0,0.0176194,0.0211109
-91.1392,0,0.0177799,0.022203
-87.3418,0,0.0179403,0.0232952
-83.5443,0,0.0181008,0.0243873
-79.7468,0,0.0182612,0.0254794
-75.9494,0,0.0184216,0.0265716
-72.1519,0,0.0185821,0.0276637
-68.3544,0,0.0187425,0.0287558
-64.557,0,0.018903,0.029848
-60.7595,0,0.0190634,0.0309401
-56.962,0,0.0192239,0.0320322
-53.1646,0,0.0193843,0.0331243
-49.3671,0,0.0195448,0.0342165
-45.5696,0,0.0197052,0.0353086
-41.7722,0,0.0198657,0.0364007
-37.9747,0,0.0200261,0.0374929
-34.1772,0,0.0201865,0.038585
-30.3797,0,0.020347,0.0396771
-26.5823,0,0.0205074,0.0407693
-22.7848,0,0.0206679,0.0418614
-18.9873,0,0.0208283,0.0429535
-15.1899,0,0.0209888,0.0440456
-11.3924,0,0.0211492,0.0451378
-7.59494,0,0.0213097,0.0462299
-3.79747,0,0.0214701,0.047322
0,0,0.0216306,0.0484142
-300,3.79747,0.00953433,-0.0361143
-296.203,3.79747,0.00969477,-0.0350221
-292.405,3.79747,0.00985522,-0.03393
-288.608,3.79747,0.0100157,-0.0328379
-284.81,3.79747,0.0101761,-0.0317457
-281.013,3.79747,0.0103366,-0.0306536
-277.215,3.79747,0.010497,-0.0295615
-273.418,3.79747,0.0106574,-0.0284693
-269.62,3.79747,0.0108179,-0.0273772
-265.823,3.79747,0.0109783,-0.0262851
-262.025,3.79747,0.0111388,-0.025193
-258.228,3.79747,0.0112992,-0.0241008
-254.43,3.79747,0.0114597,-0.0230087
-250.633,3.79747,0.0116201,-0.0219166
-246.835,3.79747,0.0117806,-0.0208244
-243.038,3.79747,0.011941,-0.0197323
-239.241,3.79747,0.0121015,-0.0186402
-235.443,3.79747,0.0122619,-0.017548
-231.646,3.79747,0.0124223,-0.0164559
-227.848,3.79747,0.0125828,-0.0153638
-224.051,3.79747,0.0127432,-0.0142716
-220.253,3.79747,0.0129037,-0.0131795
-216.456,3.79747,0.0130641,-0.0120874
-212.658,3.79747,0.0132246,-0.0109953
-208.861,3.79747,0.013385,-0.00990313
-205.063,3.79747,0.0135455,-0.008811
-201.266,3.79747,0.0137059,-0.00771887
-197.468,3.79747,0.0138664,-0.00662674
-193.671,3.79747,0.0140268,-0.00553461
-189.873,3.79747,0.0141872,-0.00444248
-186.076,3.79747,0.0143477,-0.00335034
-182.278,3.79747,0.0145081,-0.00225821
-178.481,3.79747,0.0146686,-0.00116608
-174.684,3.79747,0.014829,-7.39539e-05
-170.886,3.79747,0.0149895,0.00101818
-167.089,3.79747,0.0151499,0.00211031
-163.291,3.79747,0.0153104,0.00320244
-159.494,3.79747,0.0154708,0.00429457
-155.696,3.79747,0.0156312,0.0053867
-151.899,3.79747,0.0157917,0.00647883
-148.101,3.79747,0.0159521,0.00757096
-144.304,3.79747,0.0161126,0.00866309
-140.506,3.79747,0.016273,0.00975522
-136.709,3.79747,0.0164335,0.0108473
-132.911,3.79747,0.0165939,0.0119395
-129.114,3.79747,0.0167544,0.0130316
-125.316,3.79747,0.0169148,0.0141237
-121.519,3.79747,0.0170753,0.0152159
-117.722,3.79747,0.0172357,0.016308
-113.924,3.79747,0.0173961,0.0174001
-110.127,3.79747,0.0175566,0.0184923
-106.329,3.79747,0.017717,0.0195844
-102.532,3.79747,0.0178775,0.0206765
-98.7342,3.79747,0.0180379,0.0217687
-94.9367,3.79747,0.0181984,0.0228608
-91.1392,3.79747,0.0183588,0.0239529
-87.3418,3.79747,0.0185193,0.025045
-83.5443,3.79747,0.0186797,0.0261372
-79.7468,3.79747,0.0188402,0.0272293
-75.9494,3.79747,0.0190006,0.0283214
-72.1519,3.79747,0.019161,0.0294136
-68.3544,3.79747,0.0193215,0.0305057
-64.557,3.79747,0.0194819,0.0315978
-60.7595,3.79747,0.0196424,0.03269
-56.962,3.79747,0.0198028,0.0337821
-53.1646,3.79747,0.0199633,0.0348742
-49.3671,3.79747,0.0201237,0.0359663
-45.5696,3.79747,0.0202842,0.0370585
-41.7722,3.79747,0.0204446,0.0381506
-37.9747,3.79747,0.0206051,0.0392427
-34.1772,3.79747,0.0207655,0.0403349
-30.3797,3.79747,0.0209259,0.041427
-26.5823,3.79747,0.0210864,0.0425191
-22.7848,3.79747,0.0212468,0.0436113
-18.9873,3.79747,0.0214073,0.0447034
-15.1899,3.79747,0.0215677,0.0457955
-11.3924,3.79747,0.0217282,0.0468877
-7.59494,3.79747,0.0218886,0.0479798
-3.79747,3.79747,0.0220491,0.0490719
0,3.79747,0.0222095,0.050164
-300,7.59494,0.0101133,-0.0343644
-296.203,7.59494,0.0102737,-0.0332723
-292.405,7.59494,0.0104342,-0.0321801
-288.608,7.59494,0.0105946,-0.031088
-284.81,7.59494,0.0107551,-0.0299959
-281.013,7.59494,0.0109155,-0.0289037
-277.215,7.59494,0.011076,-0.0278116
-273.418,7.59494,0.0112364,-0.0267195
-269.62,7.59494,0.0113968,-0.0256273
-265.823,7.59494,0.0115573,-0.0245352
-262.025,7.59494,0.0117177,-0.0234431
-258.228,7.59494,0.0118782,-0.0223509
-254.43,7.59494,0.0120386,-0.0212588
-250.633,7.59494,0.0121991,-0.0201667
-246.835,7.59494,0.0123595,-0.0190746
-243.038,7.59494,0.01252,-0.0179824
-239.241,7.59494,0.0126804,-0.0168903
-235.443,7.59494,0.0128409,-0.0157982
-231.646,7.59494,0.0130013,-0.014706
-227.848,7.59494,0.0131617,-0.0136139
-224.051,7.59494,0.0133222,-0.0125218
-220.253,7.59494,0.0134826,-0.0114296
-216.456,7.59494,0.0136431,-0.0103375
-212.658,7.59494,0.0138035,-0.00924538
-208.861,7.59494,0.013964,-0.00815325
-205.063,7.59494,0.0141244,-0.00706112
-201.266,7.59494,0.0142849,-0.00596899
-197.468,7.59494,0.0144453,-0.00487686
-193.671,7.59494,0.0146058,-0.00378473
-189.873,7.59494,0.0147662,-0.0026926
-186.076,7.59494,0.0149266,-0.00160047
-182.278,7.59494,0.0150871,-0.000508341
-178.481,7.59494,0.0152475,0.000583789
-174.684,7.59494,0.015408,0.00167592
-170.886,7.59494,0.0155684,0.00276805
-167.089,7.59494,0.0157289,0.00386018
-163.291,7.59494,0.0158893,0.00495231
-159.494,7.59494,0.0160498,0.00604444
-155.696,7.59494,0.0162102,0.00713657
-151.899,7.59494,0.0163706,0.0082287
-148.101,7.59494,0.0165311,0.00932083
-144.304,7.59494,0.0166915,0.010413
-140.506,7.59494,0.016852,0.0115051
-136.709,7.59494,0.0170124,0.0125972
-132.911,7.59494,0.0171729,0.0136894
-129.114,7.59494,0.0173333,0.0147815
-125.316,7.59494,0.0174938,0.0158736
-121.519,7.59494,0.0176542,0.0169657
-117.722,7.59494,0.0178147,0.0180579
-113.924,7.59494,0.0179751,0.01915
-110.127,7.59494,0.0181355,0.0202421
-106.329,7.59494,0.018296,0.0213343
-102.532,7.59494,0.0184564,0.0224264
-98.7342,7.59494,0.0186169,0.0235185
-94.9367,7.59494,0.0187773,0.0246107
-91.1392,7.59494,0.0189378,0.0257028
-87.3418,7.59494,0.0190982,0.0267949
-83.5443,7.59494,0.0192587,0.027887
-79.7468,7.59494,0.0194191,0.0289792
-75.9494,7.59494,0.0195796,0.0300713
-72.1519,7.59494,0.01974,0.0311634
-68.3544,7.59494,0.0199004,0.0322556
-64.557,7.59494,0.0200609,0.0333477
-60.7595,7.59494,0.0202213,0.0344398
-56.962,7.59494,0.0203818,0.035532
-53.1646,7.59494,0.0205422,0.0366241
-49.3671,7.59494,0.0207027,0.0377162
-45.5696,7.59494,0.0208631,0.0388084
-41.7722,7.59494,0.0210236,0.0399005
-37.9747,7.59494,0.021184,0.0409926
-34.1772,7.59494,0.0213445,0.0420847
-30.3797,7.59494,0.0215049,0.0431769
-26.5823,7.59494,0.0216653,0.044269
-22.7848,7.59494,0.0218258,0.0453611
-18.9873,7.59494,0.0219862,0.0464533
-15.1899,7.59494,0.0221467,0.0475454
-11.3924,7.59494,0.0223071,0.0486375
-7.59494,7.59494,0.0224676,0.0497297
-3.79747,7.59494,0.022628,0.0508218
0,7.59494,0.0227885,0.0519139
-300,11.3924,0.0106922,-0.0326145
-296.203,11.3924,0.0108527,-0.0315224
-292.405,11.3924,0.0110131,-0.0304302
-288.608,11.3924,0.0111736,-0.0293381
-284.81,11.3924,0.011334,-0.028246
-281.013,11.3924,0.0114945,-0.0271539
-277.215,11.3924,0.0116549,-0.0260617
-273.418,11.3924,0.0118154,-0.0249696
-269.62,11.3924,0.0119758,-0.0238775
-265.823,11.3924,0.0121362,-0.0227853
-262.025,11.3924,0.0122967,-0.0216932
-258.228,11.3924,0.0124571,-0.0206011
-254.43,11.3924,0.0126176,-0.0195089
-250.633,11.3924,0.012778,-0.0184168
-246.835,11.3924,0.0129385,-0.0173247
-243.038,11.3924,0.0130989,-0.0162326
-239.241,11.3924,0.0132594,-0.0151404
-235.443,11.3924,0.0134198,-0.0140483
-231.646,11.3924,0.0135803,-0.0129562
-227.848,11.3924,0.0137407,-0.011864
-224.051,11.3924,0.0139011,-0.0107719
-220.253,11.3924,0.0140616,-0.00967977
-216.456,11.3924,0.014222,-0.00858764
-212.658,11.3924,0.0143825,-0.00749551
-208.861,11.3924,0.0145429,-0.00640338
-205.063,11.3924,0.0147034,-0.00531125
-201.266,11.3924,0.0148638,-0.00421912
-197.468,11.3924,0.0150243,-0.00312699
-193.671,11.3924,0.0151847,-0.00203486
-189.873,11.3924,0.0153451,-0.000942728
-186.076,11.3924,0.0155056,0.000149402
-182.278,11.3924,0.015666,0.00124153
-178.481,11.3924,0.0158265,0.00233366
-174.684,11.3924,0.0159869,0.00342579
-170.886,11.3924,0.0161474,0.00451792
-167.089,11.3924,0.0163078,0.00561005
-163.291,11.3924,0.0164683,0.00670218
-159.494,11.3924,0.0166287,0.00779431
-155.696,11.3924,0.0167892,0.00888645
-151.899,11.3924,0.0169496,0.00997858
-148.101,11.3924,0.01711,0.0110707
-144.304,11.3924,0.0172705,0.0121628
-140.506,11.3924,0.0174309,0.013255
-136.709,11.3924,0.0175914,0.0143471
-132.911,11.3924,0.0177518,0.0154392
-129.114,11.3924,0.0179123,0.0165314
-125.316,11.3924,0.0180727,0.0176235
-121.519,11.3924,0.0182332,0.0187156
-117.722,11.3924,0.0183936,0.0198077
-113.924,11.3924,0.0185541,0.0208999
-110.127,11.3924,0.0187145,0.021992
-106.329,11.3924,0.0188749,0.0230841
-102.532,11.3924,0.0190354,0.0241763
-98.7342,11.3924,0.0191958,0.0252684
-94.9367,11.3924,0.0193563,0.0263605
-91.1392,11.3924,0.0195167,0.0274527
-87.3418,11.3924,0.0196772,0.0285448
-83.5443,11.3924,0.0198376,0.0296369
-79.7468,11.3924,0.0199981,0.0307291
-75.9494,11.3924,0.0201585,0.0318212
-72.1519,11.3924,0.020319,0.0329133
-68.3544,11.3924,0.0204794,0.0340054
-64.557,11.3924,0.0206398,0.0350976
-60.7595,11.3924,0.0208003,0.0361897
-56.962,11.3924,0.0209607,0.0372818
-53.1646,11.3924,0.0211212,0.038374
-49.3671,11.3924,0.0212816,0.0394661
-45.5696,11.3924,0.0214421,0.0405582
-41.7722,11.3924,0.0216025,0.0416504
-37.9747,11.3924,0.021763,0.0427425
-34.1772,11.3924,0.0219234,0.0438346
-30.3797,11.3924,0.0220839,0.0449267
-26.5823,11.3924,0.0222443,0.0460189
-22.7848,11.3924,0.0224047,0.047111
-18.9873,11.3924,0.0225652,0.0482031
-15.1899,11.3924,0.0227256,0.0492953
-11.3924,11.3924,0.0228861,0.0503874
-7.59494,11.3924,0.0230465,0.0514795
-3.79747,11.3924,0.023207,0.0525717
0,11.3924,0.0233674,0.0536638
-300,15.1899,0.0112712,-0.0308646
-296.203,15.1899,0.0114316,-0.0297725
-292.405,15.1899,0.0115921,-0.0286804
-288.608,15.1899,0.0117525,-0.0275882
-284.81,15.1899,0.011913,-0.0264961
-281.013,15.1899,0.0120734,-0.025404
-277.215,15.1899,0.0122339,-0.0243119
-273.418,15.1899,0.0123943,-0.0232197
-269.62,15.1899,0.0125548,-0.0221276
-265.823,15.1899,0.0127152,-0.0210355
-262.025,15.1899,0.0128756,-0.0199433
-258.228,15.1899,0.0130361,-0.0188512
-254.43,15.1899,0.0131965,-0.0177591
-250.633,15.1899,0.013357,-0.0166669
-246.835,15.1899,0.0135174,-0.0155748
-243.038,15.1899,0.0136779,-0.0144827
-239.241,15.1899,0.0138383,-0.0133905
-235.443,15.1899,0.0139988,-0.0122984
-231.646,15.1899,0.0141592,-0.0112063
-227.848,15.1899,0.0143197,-0.0101142
-224.051,15.1899,0.0144801,-0.00902203
-220.253,15.1899,0.0146405,-0.0079299
-216.456,15.1899,0.014801,-0.00683777
-212.658,15.1899,0.0149614,-0.00574564
-208.861,15.1899,0.0151219,-0.00465351
-205.063,15.1899,0.0152823,-0.00356138
-201.266,15.1899,0.0154428,-0.00246925
-197.468,15.1899,0.0156032,-0.00137712
-193.671,15.1899,0.0157637,-0.000284985
-189.873,15.1899,0.0159241,0.000807146
-186.076,15.1899,0.0160845,0.00189928
-182.278,15.1899,0.016245,0.00299141
-178.481,15.1899,0.0164054,0.00408354
-174.684,15.1899,0.0165659,0.00517567
-170.886,15.1899,0.0167263,0.0062678
-167.089,15.1899,0.0168868,0.00735993
-163.291,15.1899,0.0170472,0.00845206
-159.494,15.1899,0.0172077,0.00954419
-155.696,15.1899,0.0173681,0.0106363
-151.899,15.1899,0.0175286,0.0117284
-148.101,15.1899,0.017689,0.0128206
-144.304,15.1899,0.0178494,0.0139127
-140.506,15.1899,0.0180099,0.0150048
-136.709,15.1899,0.0181703,0.016097
-132.911,15.1899,0.0183308,0.0171891
-129.114,15.1899,0.0184912,0.0182812
-125.316,15.1899,0.0186517,0.0193734
-121.519,15.1899,0.0188121,0.0204655
-117.722,15.1899,0.0189726,0.0215576
-113.924,15.1899,0.019133,0.0226498
-110.127,15.1899,0.0192935,0.0237419
-106.329,15.1899,0.0194539,0.024834
-102.532,15.1899,0.0196143,0.0259261
-98.7342,15.1899,0.0197748,0.0270183
-94.9367,15.1899,0.0199352,0.0281104
-91.1392,15.1899,0.0200957,0.0292025
-87.3418,15.1899,0.0202561,0.0302947
-83.5443,15.1899,0.0204166,0.0313868
-79.7468,15.1899,0.020577,0.0324789
-75.9494,15.1899,0.0207375,0.0335711
-72.1519,15.1899,0.0208979,0.0346632
-68.3544,15.1899,0.0210584,0.0357553
-64.557,15.1899,0.0212188,0.0368474
-60.7595,15.1899,0.0213792,0.0379396
-56.962,15.1899,0.0215397,0.0390317
-53.1646,15.1899,0.0217001,0.0401238
-49.3671,15.1899,0.0218606,0.041216
-45.5696,15.1899,0.022021,0.0423081
-41.7722,15.1899,0.0221815,0.0434002
-37.9747,15.1899,0.0223419,0.0444924
-34.1772,15.1899,0.0225024,0.0455845
-30.3797,15.1899,0.0226628,0.0466766
-26.5823,15.1899,0.0228233,0.0477688
-22.7848,15.1899,0.0229837,0.0488609
-18.9873,15.1899,0.0231441,0.049953
-15.1899,15.1899,0.0233046,0.0510451
-11.3924,15.1899,0.023465,0.0521373
-7.59494,15.1899,0.0236255,0.0532294
-3.79747,15.1899,0.0237859,0.0543215
0,15.1899,0.0239464,0.0554137
-300,18.9873,0.0118501,-0.0291148
-296.203,18.9873,0.0120106,-0.0280226
-292.405,18.9873,0.012171,-0.0269305
-288.608,18.9873,0.0123315,-0.0258384
-284.81,18.9873,0.0124919,-0.0247462
-281.013,18.9873,0.0126524,-0.0236541
-277.215,18.9873,0.0128128,-0.022562
-273.418,18.9873,0.0129733,-0.0214698
-269.62,18.9873,0.0131337,-0.0203777
-265.823,18.9873,0.0132942,-0.0192856
-262.025,18.9873,0.0134546,-0.0181935
-258.228,18.9873,0.013615,-0.0171013
-254.43,18.9873,0.0137755,-0.0160092
-250.633,18.9873,0.0139359,-0.0149171
-246.835,18.9873,0.0140964,-0.0138249
-243.038,18.9873,0.0142568,-0.0127328
-239.241,18.9873,0.0144173,-0.0116407
-235.443,18.9873,0.0145777,-0.0105485
-231.646,18.9873,0.0147382,-0.00945641
-227.848,18.9873,0.0148986,-0.00836428
-224.051,18.9873,0.0150591,-0.00727215
-220.253,18.9873,0.0152195,-0.00618002
-216.456,18.9873,0.0153799,-0.00508789
-212.658,18.9873,0.0155404,-0.00399576
-208.861,18.9873,0.0157008,-0.00290363
-205.063,18.9873,0.0158613,-0.0018115
-201.266,18.9873,0.0160217,-0.000719372
-197.468,18.9873,0.0161822,0.000372759
-193.671,18.9873,0.0163426,0.00146489
-189.873,18.9873,0.0165031,0.00255702
-186.076,18.9873,0.0166635,0.00364915
-182.278,18.9873,0.0168239,0.00474128
-178.481,18.9873,0.0169844,0.00583341
-174.684,18.9873,0.0171448,0.00692554
-170.886,18.9873,0.0173053,0.00801767
-167.089,18.9873,0.0174657,0.0091098
-163.291,18.9873,0.0176262,0.0102019
-159.494,18.9873,0.0177866,0.0112941
-155.696,18.9873,0.0179471,0.0123862
-151.899,18.9873,0.0181075,0.0134783
-148.101,18.9873,0.018268,0.0145705
-144.304,18.9873,0.0184284,0.0156626
-140.506,18.9873,0.0185888,0.0167547
-136.709,18.9873,0.0187493,0.0178468
-132.911,18.9873,0.0189097,0.018939
-129.114,18.9873,0.0190702,0.0200311
-125.316,18.9873,0.0192306,0.0211232
-121.519,18.9873,0.0193911,0.0222154
-117.722,18.9873,0.0195515,0.0233075
-113.924,18.9873,0.019712,0.0243996
-110.127,18.9873,0.0198724,0.0254918
-106.329,18.9873,0.0200329,0.0265839
-102.532,18.9873,0.0201933,0.027676
-98.7342,18.9873,0.0203537,0.0287681
-94.9367,18.9873,0.0205142,0.0298603
-91.1392,18.9873,0.0206746,0.0309524
-87.3418,18.9873,0.0208351,0.0320445
-83.5443,18.9873,0.0209955,0.0331367
-79.7468,18.9873,0.021156,0.0342288
-75.9494,18.9873,0.0213164,0.0353209
-72.1519,18.9873,0.0214769,0.0364131
-68.3544,18.9873,0.0216373,0.0375052
-64.557,18.9873,0.0217978,0.0385973
-60.7595,18.9873,0.0219582,0.0396895
-56.962,18.9873,0.0221186,0.0407816
-53.1646,18.9873,0.0222791,0.0418737
-49.3671,18.9873,0.0224395,0.0429658
-45.5696,18.9873,0.0226,0.044058
-41.7722,18.9873,0.0227604,0.0451501
-37.9747,18.9873,0.0229209,0.0462422
-34.1772,18.9873,0.0230813,0.0473344
-30.3797,18.9873,0.0232418,0.0484265
-26.5823,18.9873,0.0234022,0.0495186
-22.7848,18.9873,0.0235627,0.0506108
-18.9873,18.9873,0.0237231,0.0517029
-15.1899,18.9873,0.0238835,0.052795
-11.3924,18.9873,0.024044,0.0538871
-7.59494,18.9873,0.0242044,0.0549793
-3.79747,18.9873,0.0243649,0.0560714
0,18.9873,0.0245253,0.0571635
-300,22.7848,0.0124291,-0.0273649
-296.203,22.7848,0.0125895,-0.0262728
-292.405,22.7848,0.01275,-0.0251806
-288.608,22.7848,0.0129104,-0.0240885
-284.81,22.7848,0.0130709,-0.0229964
-281.013,22.7848,0.0132313,-0.0219042
-277.215,22.7848,0.0133918,-0.0208121
-273.418,22.7848,0.0135522,-0.01972
-269.62,22.7848,0.0137127,-0.0186278
-265.823,22.7848,0.0138731,-0.0175357
-262.025,22.7848,0.0140336,-0.0164436
-258.228,22.7848,0.014194,-0.0153515
-254.43,22.7848,0.0143544,-0.0142593
-250.633,22.7848,0.0145149,-0.0131672
-246.835,22.7848,0.0146753,-0.0120751
-243.038,22.7848,0.0148358,-0.0109829
-239.241,22.7848,0.0149962,-0.0098908
-235.443,22.7848,0.0151567,-0.00879867
-231.646,22.7848,0.0153171,-0.00770654
-227.848,22.7848,0.0154776,-0.00661441
-224.051,22.7848,0.015638,-0.00552228
-220.253,22.7848,0.0157985,-0.00443015
-216.456,22.7848,0.0159589,-0.00333802
-212.658,22.7848,0.0161193,-0.00224589
-208.861,22.7848,0.0162798,-0.00115376
-205.063,22.7848,0.0164402,-6.16284e-05
-201.266,22.7848,0.0166007,0.0010305
-197.468,22.7848,0.0167611,0.00212263
-193.671,22.7848,0.0169216,0.00321476
-189.873,22.7848,0.017082,0.00430689
-186.076,22.7848,0.0172425,0.00539902
-182.278,22.7848,0.0174029,0.00649115
-178.481,22.7848,0.0175633,0.00758328
-174.684,22.7848,0.0177238,0.00867541
-170.886,22.7848,0.0178842,0.00976754
-167.089,22.7848,0.0180447,0.0108597
-163.291,22.7848,0.0182051,0.0119518
-159.494,22.7848,0.0183656,0.0130439
-155.696,22.7848,0.018526,0.0141361
-151.899,22.7848,0.0186865,0.0152282
-148.101,22.7848,0.0188469,0.0163203
-144.304,22.7848,0.0190074,0.0174125
-140.506,22.7848,0.0191678,0.0185046
-136.709,22.7848,0.0193282,0.0195967
-132.911,22.7848,0.0194887,0.0206888
-129.114,22.7848,0.0196491,0.021781
-125.316,22.7848,0.0198096,0.0228731
-121.519,22.7848,0.01997,0.0239652
-117.722,22.7848,0.0201305,0.0250574
-113.924,22.7848,0.0202909,0.0261495
-110.127,22.7848,0.0204514,0.0272416
-106.329,22.7848,0.0206118,0.0283338
-102.532,22.7848,0.0207723,0.0294259
-98.7342,22.7848,0.0209327,0.030518
-94.9367,22.7848,0.0210931,0.0316102
-91.1392,22.7848,0.0212536,0.0327023
-87.3418,22.7848,0.021414,0.0337944
-83.5443,22.7848,0.0215745,0.0348865
-79.7468,22.7848,0.0217349,0.0359787
-75.9494,22.7848,0.0218954,0.0370708
-72.1519,22.7848,0.0220558,0.0381629
-68.3544,22.7848,0.0222163,0.0392551
-64.557,22.7848,0.0223767,0.0403472
-60.7595,22.7848,0.0225372,0.0414393
-56.962,22.7848,0.0226976,0.0425315
-53.1646,22.7848,0.022858,0.0436236
-49.3671,22.7848,0.0230185,0.0447157
-45.5696,22.7848,0.0231789,0.0458078
-41.7722,22.7848,0.0233394,0.0469
-37.9747,22.7848,0.0234998,0.0479921
-34.1772,22.7848,0.0236603,0.0490842
-30.3797,22.7848,0.0238207,0.0501764
-26.5823,22.7848,0.0239812,0.0512685
-22.7848,22.7848,0.0241416,0.0523606
-18.9873,22.7848,0.0243021,0.0534528
-15.1899,22.7848,0.0244625,0.0545449
-11.3924,22.7848,0.0246229,0.055637
-7.59494,22.7848,0.0247834,0.0567292
-3.79747,22.7848,0.0249438,0.0578213
0,22.7848,0.0251043,0.0589134
-300,26.5823,0.0130081,-0.025615
-296.203,26.5823,0.0131685,-0.0245229
-292.405,26.5823,0.0133289,-0.0234308
-288.608,26.5823,0.0134894,-0.0223386
-284.81,26.5823,0.0136498,-0.0212465
-281.013,26.5823,0.0138103,-0.0201544
-277.215,26.5823,0.0139707,-0.0190622
-273.418,26.5823,0.0141312,-0.0179701
-269.62,26.5823,0.0142916,-0.016878
-265.823,26.5823,0.0144521,-0.0157858
-262.025,26.5823,0.0146125,-0.0146937
-258.228,26.5823,0.014773,-0.0136016
-254.43,26.5823,0.0149334,-0.0125094
-250.633,26.5823,0.0150938,-0.0114173
-246.835,26.5823,0.0152543,-0.0103252
-243.038,26.5823,0.0154147,-0.00923306
-239.241,26.5823,0.0155752,-0.00814093
-235.443,26.5823,0.0157356,-0.0070488
-231.646,26.5823,0.0158961,-0.00595667
-227.848,26.5823,0.0160565,-0.00486454
-224.051,26.5823,0.016217,-0.00377241
-220.253,26.5823,0.0163774,-0.00268028
-216.456,26.5823,0.0165378,-0.00158815
-212.658,26.5823,0.0166983,-0.000496015
-208.861,26.5823,0.0168587,0.000596115
-205.063,26.5823,0.0170192,0.00168825
-201.266,26.5823,0.0171796,0.00278038
-197.468,26.5823,0.0173401,0.00387251
-193.671,26.5823,0.0175005,0.00496464
-189.873,26.5823,0.017661,0.00605677
-186.076,26.5823,0.0178214,0.0071489
-182.278,26.5823,0.0179819,0.00824103
-178.481,26.5823,0.0181423,0.00933316
-174.684,26.5823,0.0183027,0.0104253
-170.886,26.5823,0.0184632,0.0115174
-167.089,26.5823,0.0186236,0.0126095
-163.291,26.5823,0.0187841,0.0137017
-159.494,26.5823,0.0189445,0.0147938
-155.696,26.5823,0.019105,0.0158859
-151.899,26.5823,0.0192654,0.0169781
-148.101,26.5823,0.0194259,0.0180702
-144.304,26.5823,0.0195863,0.0191623
-140.506,26.5823,0.0197468,0.0202545
-136.709,26.5823,0.0199072,0.0213466
-132.911,26.5823,0.0200676,0.0224387
-129.114,26.5823,0.0202281,0.0235309
-125.316,26.5823,0.0203885,0.024623
-121.519,26.5823,0.020549,0.0257151
-117.722,26.5823,0.0207094,0.0268072
-113.924,26.5823,0.0208699,0.0278994
-110.127,26.5823,0.0210303,0.0289915
-106.329,26.5823,0.0211908,0.0300836
-102.532,26.5823,0.0213512,0.0311758
-98.7342,26.5823,0.0215117,0.0322679
-94.9367,26.5823,0.0216721,0.03336
-91.1392,26.5823,0.0218325,0.0344522
-87.3418,26.5823,0.021993,0.0355443
-83.5443,26.5823,0.0221534,0.0366364
-79.7468,26.5823,0.0223139,0.0377285
-75.9494,26.5823,0.0224743,0.0388207
-72.1519,26.5823,0.0226348,0.0399128
-68.3544,26.5823,0.0227952,0.0410049
-64.557,26.5823,0.0229557,0.0420971
-60.7595,26.5823,0.0231161,0.0431892
-56.962,26.5823,0.0232766,0.0442813
-53.1646,26.5823,0.023437,0.0453735
-49.3671,26.5823,0.0235974,0.0464656
-45.5696,26.5823,0.0237579,0.0475577
-41.7722,26.5823,0.0239183,0.0486499
-37.9747,26.5823,0.0240788,0.049742
-34.1772,26.5823,0.0242392,0.0508341
-30.3797,26.5823,0.0243997,0.0519262
-26.5823,26.5823,0.0245601,0.0530184
-22.7848,26.5823,0.0247206,0.0541105
-18.9873,26.5823,0.024881,0.0552026
-15.1899,26.5823,0.0250415,0.0562948
-11.3924,26.5823,0.0252019,0.0573869
-7.59494,26.5823,0.0253623,0.058479
-3.79747,26.5823,0.0255228,0.0595712
0,26.5823,0.0256832,0.0606633
-300,30.3797,0.013587,-0.0238651
-296.203,30.3797,0.0137475,-0.022773
-292.405,30.3797,0.0139079,-0.0216809
-288.608,30.3797,0.0140683,-0.0205887
-284.81,30.3797,0.0142288,-0.0194966
-281.013,30.3797,0.0143892,-0.0184045
-277.215,30.3797,0.0145497,-0.0173124
-273.418,30.3797,0.0147101,-0.0162202
-269.62,30.3797,0.0148706,-0.0151281
-265.823,30.3797,0.015031,-0.014036
-262.025,30.3797,0.0151915,-0.0129438
-258.228,30.3797,0.0153519,-0.0118517
-254.43,30.3797,0.0155124,-0.0107596
-250.633,30.3797,0.0156728,-0.00966745
-246.835,30.3797,0.0158332,-0.00857532
-243.038,30.3797,0.0159937,-0.00748318
-239.241,30.3797,0.0161541,-0.00639105
-235.443,30.3797,0.0163146,-0.00529892
-231.646,30.3797,0.016475,-0.00420679
-227.848,30.3797,0.0166355,-0.00311466
-224.051,30.3797,0.0167959,-0.00202253
-220.253,30.3797,0.0169564,-0.000930403
-216.456,30.3797,0.0171168,0.000161728
-212.658,30.3797,0.0172772,0.00125386
-208.861,30.3797,0.0174377,0.00234599
-205.063,30.3797,0.0175981,0.00343812
-201.266,30.3797,0.0177586,0.00453025
-197.468,30.3797,0.017919,0.00562238
-193.671,30.3797,0.0180795,0.00671451
-189.873,30.3797,0.0182399,0.00780664
-186.076,30.3797,0.0184004,0.00889877
-182.278,30.3797,0.0185608,0.0099909
-178.481,30.3797,0.0187213,0.011083
-174.684,30.3797,0.0188817,0.0121752
-170.886,30.3797,0.0190421,0.0132673
-167.089,30.3797,0.0192026,0.0143594
-163.291,30.3797,0.019363,0.0154516
-159.494,30.3797,0.0195235,0.0165437
-155.696,30.3797,0.0196839,0.0176358
-151.899,30.3797,0.0198444,0.0187279
-148.101,30.3797,0.0200048,0.0198201
-144.304,30.3797,0.0201653,0.0209122
-140.506,30.3797,0.0203257,0.0220043
-136.709,30.3797,0.0204862,0.0230965
-132.911,30.3797,0.0206466,0.0241886
-129.114,30.3797,0.020807,0.0252807
-125.316,30.3797,0.0209675,0.0263729
-121.519,30.3797,0.0211279,0.027465
-117.722,30.3797,0.0212884,0.0285571
-113.924,30.3797,0.0214488,0.0296492
-110.127,30.3797,0.0216093,0.0307414
-106.329,30.3797,0.0217697,0.0318335
-102.532,30.3797,0.0219302,0.0329256
-98.7342,30.3797,0.0220906,0.0340178
-94.9367,30.3797,0.0222511,0.0351099
-91.1392,30.3797,0.0224115,0.036202
-87.3418,30.3797,0.0225719,0.0372942
-83.5443,30.3797,0.0227324,0.0383863
-79.7468,30.3797,0.0228928,0.0394784
-75.9494,30.3797,0.0230533,0.0405706
-72.1519,30.3797,0.0232137,0.0416627
-68.3544,30.3797,0.0233742,0.0427548
-64.557,30.3797,0.0235346,0.0438469
-60.7595,30.3797,0.0236951,0.0449391
-56.962,30.3797,0.0238555,0.0460312
-53.1646,30.3797,0.024016,0.0471233
-49.3671,30.3797,0.0241764,0.0482155
-45.5696,30.3797,0.0243368,0.0493076
-41.7722,30.3797,0.0244973,0.0503997
-37.9747,30.3797,0.0246577,0.0514919
-34.1772,30.3797,0.0248182,0.052584
-30.3797,30.3797,0.0249786,0.0536761
-26.5823,30.3797,0.0251391,0.0547682
-22.7848,30.3797,0.0252995,0.0558604
-18.9873,30.3797,0.02546,0.0569525
-15.1899,30.3797,0.0256204,0.0580446
-11.3924,30.3797,0.0257809,0.0591368
-7.59494,30.3797,0.0259413,0.0602289
-3.79747,30.3797,0.0261017,0.061321
0,30.3797,0.0262622,0.0624132
-300,34.1772,0.014166,-0.0221153
-296.203,34.1772,0.0143264,-0.0210231
-292.405,34.1772,0.0144869,-0.019931
-288.608,34.1772,0.0146473,-0.0188389
-284.81,34.1772,0.0148077,-0.0177467
-281.013,34.1772,0.0149682,-0.0166546
-277.215,34.1772,0.0151286,-0.0155625
-273.418,34.1772,0.0152891,-0.0144704
-269.62,34.1772,0.0154495,-0.0133782
-265.823,34.1772,0.01561,-0.0122861
-262.025,34.1772,0.0157704,-0.011194
-258.228,34.1772,0.0159309,-0.0101018
-254.43,34.1772,0.0160913,-0.0090097
-250.633,34.1772,0.0162518,-0.00791757
-246.835,34.1772,0.0164122,-0.00682544
-243.038,34.1772,0.0165726,-0.00573331
-239.241,34.1772,0.0167331,-0.00464118
-235.443,34.1772,0.0168935,-0.00354905
-231.646,34.1772,0.017054,-0.00245692
-227.848,34.1772,0.0172144,-0.00136479
-224.051,34.1772,0.0173749,-0.000272659
-220.253,34.1772,0.0175353,0.000819471
-216.456,34.1772,0.0176958,0.0019116
-212.658,34.1772,0.0178562,0.00300373
-208.861,34.1772,0.0180166,0.00409586
-205.063,34.1772,0.0181771,0.00518799
-201.266,34.1772,0.0183375,0.00628012
-197.468,34.1772,0.018498,0.00737225
-193.671,34.1772,0.0186584,0.00846438
-189.873,34.1772,0.0188189,0.00955651
-186.076,34.1772,0.0189793,0.0106486
-182.278,34.1772,0.0191398,0.0117408
-178.481,34.1772,0.0193002,0.0128329
-174.684,34.1772,0.0194607,0.013925
-170.886,34.1772,0.0196211,0.0150172
-167.089,34.1772,0.0197815,0.0161093
-163.291,34.1772,0.019942,0.0172014
-159.494,34.1772,0.0201024,0.0182936
-155.696,34.1772,0.0202629,0.0193857
-151.899,34.1772,0.0204233,0.0204778
-148.101,34.1772,0.0205838,0.0215699
-144.304,34.1772,0.0207442,0.0226621
-140.506,34.1772,0.0209047,0.0237542
-136.709,34.1772,0.0210651,0.0248463
-132.911,34.1772,0.0212256,0.0259385
-129.114,34.1772,0.021386,0.0270306
-125.316,34.1772,0.0215464,0.0281227
-121.519,34.1772,0.0217069,0.0292149
-117.722,34.1772,0.0218673,0.030307
-113.924,34.1772,0.0220278,0.0313991
-110.127,34.1772,0.0221882,0.0324913
-106.329,34.1772,0.0223487,0.0335834
-102.532,34.1772,0.0225091,0.0346755
-98.7342,34.1772,0.0226696,0.0357676
-94.9367,34.1772,0.02283,0.0368598
-91.1392,34.1772,0.0229905,0.0379519
-87.3418,34.1772,0.0231509,0.039044
-83.5443,34.1772,0.0233113,0.0401362
-79.7468,34.1772,0.0234718,0.0412283
-75.9494,34.1772,0.0236322,0.0423204
-72.1519,34.1772,0.0237927,0.0434126
-68.3544,34.1772,0.0239531,0.0445047
-64.557,34.1772,0.0241136,0.0455968
-60.7595,34.1772,0.024274,0.0466889
-56.962,34.1772,0.0244345,0.0477811
-53.1646,34.1772,0.0245949,0.0488732
-49.3671,34.1772,0.0247554,0.0499653
-45.5696,34.1772,0.0249158,0.0510575
-41.7722,34.1772,0.0250762,0.0521496
-37.9747,34.1772,0.0252367,0.0532417
-34.1772,34.1772,0.0253971,0.0543339
-30.3797,34.1772,0.0255576,0.055426
-26.5823,34.1772,0.025718,0.0565181
-22.7848,34.1772,0.0258785,0.0576103
-18.9873,34.1772,0.0260389,0.0587024
-15.1899,34.1772,0.0261994,0.0597945
-11.3924,34.1772,0.0263598,0.0608866
-7.59494,34.1772,0.0265202,0.0619788
-3.79747,34.1772,0.0266807,0.0630709
0,34.1772,0.0268411,0.064163
-300,37.9747,0.0147449,-0.0203654
-296.203,37.9747,0.0149054,-0.0192733
-292.405,37.9747,0.0150658,-0.0181811
-288.608,37.9747,0.0152263,-0.017089
-284.81,37.9747,0.0153867,-0.0159969
-281.013,37.9747,0.0155471,-0.0149047
-277.215,37.9747,0.0157076,-0.0138126
-273.418,37.9747,0.015868,-0.0127205
-269.62,37.9747,0.0160285,-0.0116283
-265.823,37.9747,0.0161889,-0.0105362
-262.025,37.9747,0.0163494,-0.00944409
-258.228,37.9747,0.0165098,-0.00835196
-254.43,37.9747,0.0166703,-0.00725983
-250.633,37.9747,0.0168307,-0.0061677
-246.835,37.9747,0.0169911,-0.00507557
-243.038,37.9747,0.0171516,-0.00398344
-239.241,37.9747,0.017312,-0.00289131
-235.443,37.9747,0.0174725,-0.00179918
-231.646,37.9747,0.0176329,-0.000707046
-227.848,37.9747,0.0177934,0.000385084
-224.051,37.9747,0.0179538,0.00147721
-220.253,37.9747,0.0181143,0.00256934
-216.456,37.9747,0.0182747,0.00366148
-212.658,37.9747,0.0184352,0.00475361
-208.861,37.9747,0.0185956,0.00584574
-205.063,37.9747,0.018756,0.00693787
-201.266,37.9747,0.0189165,0.00803
-197.468,37.9747,0.0190769,0.00912213
-193.671,37.9747,0.0192374,0.0102143
-189.873,37.9747,0.0193978,0.0113064
-186.076,37.9747,0.0195583,0.0123985
-182.278,37.9747,0.0197187,0.0134906
-178.481,37.9747,0.0198792,0.0145828
-174.684,37.9747,0.0200396,0.0156749
-170.886,37.9747,0.0202001,0.016767
-167.089,37.9747,0.0203605,0.0178592
-163.291,37.9747,0.0205209,0.0189513
-159.494,37.9747,0.0206814,0.0200434
-155.696,37.9747,0.0208418,0.0211356
-151.899,37.9747,0.0210023,0.0222277
-148.101,37.9747,0.0211627,0.0233198
-144.304,37.9747,0.0213232,0.024412
-140.506,37.9747,0.0214836,0.0255041
-136.709,37.9747,0.0216441,0.0265962
-132.911,37.9747,0.0218045,0.0276883
-129.114,37.9747,0.021965,0.0287805
-125.316,37.9747,0.0221254,0.0298726
-121.519,37.9747,0.0222858,0.0309647
-117.722,37.9747,0.0224463,0.0320569
-113.924,37.9747,0.0226067,0.033149
-110.127,37.9747,0.0227672,0.0342411
-106.329,37.9747,0.0229276,0.0353333
-102.532,37.9747,0.0230881,0.0364254
-98.7342,37.9747,0.0232485,0.0375175
-94.9367,37.9747,0.023409,0.0386096
-91.1392,37.9747,0.0235694,0.0397018
-87.3418,37.9747,0.0237299,0.0407939
-83.5443,37.9747,0.0238903,0.041886
-79.7468,37.9747,0.0240507,0.0429782
-75.9494,37.9747,0.0242112,0.0440703
-72.1519,37.9747,0.0243716,0.0451624
-68.3544,37.9747,0.0245321,0.0462546
-64.557,37.9747,0.0246925,0.0473467
-60.7595,37.9747,0.024853,0.0484388
-56.962,37.9747,0.0250134,0.049531
-53.1646,37.9747,0.0251739,0.0506231
-49.3671,37.9747,0.0253343,0.0517152
-45.5696,37.9747,0.0254948,0.0528073
-41.7722,37.9747,0.0256552,0.0538995
-37.9747,37.9747,0.0258156,0.0549916
-34.1772,37.9747,0.0259761,0.0560837
-30.3797,37.9747,0.0261365,0.0571759
-26.5823,37.9747,0.026297,0.058268
-22.7848,37.9747,0.0264574,0.0593601
-18.9873,37.9747,0.0266179,0.0604523
-15.1899,37.9747,0.0267783,0.0615444
-11.3924,37.9747,0.0269388,0.0626365
-7.59494,37.9747,0.0270992,0.0637286
-3.79747,37.9747,0.0272596,0.0648208
0,37.9747,0.0274201,0.0659129
-300,41.7722,0.0153239,-0.0186155
-296.203,41.7722,0.0154843,-0.0175234
-292.405,41.7722,0.0156448,-0.0164313
-288.608,41.7722,0.0158052,-0.0153391
-284.81,41.7722,0.0159657,-0.014247
-281.013,41.7722,0.0161261,-0.0131549
-277.215,41.7722,0.0162865,-0.0120627
-273.418,41.7722,0.016447,-0.0109706
-269.62,41.7722,0.0166074,-0.00987848
-265.823,41.7722,0.0167679,-0.00878635
-262.025,41.7722,0.0169283,-0.00769422
-258.228,41.7722,0.0170888,-0.00660209
-254.43,41.7722,0.0172492,-0.00550995
-250.633,41.7722,0.0174097,-0.00441782
-246.835,41.7722,0.0175701,-0.00332569
-243.038,41.7722,0.0177305,-0.00223356
-239.241,41.7722,0.017891,-0.00114143
-235.443,41.7722,0.0180514,-4.93029e-05
-231.646,41.7722,0.0182119,0.00104283
-227.848,41.7722,0.0183723,0.00213496
-224.051,41.7722,0.0185328,0.00322709
-220.253,41.7722,0.0186932,0.00431922
-216.456,41.7722,0.0188537,0.00541135
-212.658,41.7722,0.0190141,0.00650348
-208.861,41.7722,0.0191746,0.00759561
-205.063,41.7722,0.019335,0.00868774
-201.266,41.7722,0.0194954,0.00977987
-197.468,41.7722,0.0196559,0.010872
-193.671,41.7722,0.0198163,0.0119641
-189.873,41.7722,0.0199768,0.0130563
-186.076,41.7722,0.0201372,0.0141484
-182.278,41.7722,0.0202977,0.0152405
-178.481,41.7722,0.0204581,0.0163327
-174.684,41.7722,0.0206186,0.0174248
-170.886,41.7722,0.020779,0.0185169
-167.089,41.7722,0.0209395,0.019609
-163.291,41.7722,0.0210999,0.0207012
-159.494,41.7722,0.0212603,0.0217933
-155.696,41.7722,0.0214208,0.0228854
-151.899,41.7722,0.0215812,0.0239776
-148.101,41.7722,0.0217417,0.0250697
-144.304,41.7722,0.0219021,0.0261618
-140.506,41.7722,0.0220626,0.027254
-136.709,41.7722,0.022223,0.0283461
-132.911,41.7722,0.0223835,0.0294382
-129.114,41.7722,0.0225439,0.0305303
-125.316,41.7722,0.0227044,0.0316225
-121.519,41.7722,0.0228648,0.0327146
-117.722,41.7722,0.0230252,0.0338067
-113.924,41.7722,0.0231857,0.0348989
-110.127,41.7722,0.0233461,0.035991
-106.329,41.7722,0.0235066,0.0370831
-102.532,41.7722,0.023667,0.0381753
-98.7342,41.7722,0.0238275,0.0392674
-94.9367,41.7722,0.0239879,0.0403595
-91.1392,41.7722,0.0241484,0.0414517
-87.3418,41.7722,0.0243088,0.0425438
-83.5443,41.7722,0.0244693,0.0436359
-79.7468,41.7722,0.0246297,0.044728
-75.9494,41.7722,0.0247901,0.0458202
-72.1519,41.7722,0.0249506,0.0469123
-68.3544,41.7722,0.025111,0.0480044
-64.557,41.7722,0.0252715,0.0490966
-60.7595,41.7722,0.0254319,0.0501887
-56.962,41.7722,0.0255924,0.0512808
-53.1646,41.7722,0.0257528,0.052373
-49.3671,41.7722,0.0259133,0.0534651
-45.5696,41.7722,0.0260737,0.0545572
-41.7722,41.7722,0.0262342,0.0556493
-37.9747,41.7722,0.0263946,0.0567415
-34.1772,41.7722,0.026555,0.0578336
-30.3797,41.7722,0.0267155,0.0589257
-26.5823,41.7722,0.0268759,0.0600179
-22.7848,41.7722,0.0270364,0.06111
-18.9873,41.7722,0.0271968,0.0622021
-15.1899,41.7722,0.0273573,0.0632943
-11.3924,41.7722,0.0275177,0.0643864
-7.59494,41.7722,0.0276782,0.0654785
-3.79747,41.7722,0.0278386,0.0665706
0,41.7722,0.027999,0.0676628
-300,45.5696,0.0159028,-0.0168656
-296.203,45.5696,0.0160633,-0.0157735
-292.405,45.5696,0.0162237,-0.0146814
-288.608,45.5696,0.0163842,-0.0135893
-284.81,45.5696,0.0165446,-0.0124971
-281.013,45.5696,0.0167051,-0.011405
-277.215,45.5696,0.0168655,-0.0103129
-273.418,45.5696,0.0170259,-0.00922073
-269.62,45.5696,0.0171864,-0.0081286
-265.823,45.5696,0.0173468,-0.00703647
-262.025,45.5696,0.0175073,-0.00594434
-258.228,45.5696,0.0176677,-0.00485221
-254.43,45.5696,0.0178282,-0.00376008
-250.633,45.5696,0.0179886,-0.00266795
-246.835,45.5696,0.0181491,-0.00157582
-243.038,45.5696,0.0183095,-0.00048369
-239.241,45.5696,0.0184699,0.00060844
-235.443,45.5696,0.0186304,0.00170057
-231.646,45.5696,0.0187908,0.0027927
-227.848,45.5696,0.0189513,0.00388483
-224.051,45.5696,0.0191117,0.00497696
-220.253,45.5696,0.0192722,0.00606909
-216.456,45.5696,0.0194326,0.00716122
-212.658,45.5696,0.0195931,0.00825335
-208.861,45.5696,0.0197535,0.00934548
-205.063,45.5696,0.019914,0.0104376
-201.266,45.5696,0.0200744,0.0115297
-197.468,45.5696,0.0202348,0.0126219
-193.671,45.5696,0.0203953,0.013714
-189.873,45.5696,0.0205557,0.0148061
-186.076,45.5696,0.0207162,0.0158983
-182.278,45.5696,0.0208766,0.0169904
-178.481,45.5696,0.0210371,0.0180825
-174.684,45.5696,0.0211975,0.0191747
-170.886,45.5696,0.021358,0.0202668
-167.089,45.5696,0.0215184,0.0213589
-163.291,45.5696,0.0216789,0.022451
-159.494,45.5696,0.0218393,0.0235432
-155.696,45.5696,0.0219997,0.0246353
-151.899,45.5696,0.0221602,0.0257274
-148.101,45.5696,0.0223206,0.0268196
-144.304,45.5696,0.0224811,0.0279117
-140.506,45.5696,0.0226415,0.0290038
-136.709,45.5696,0.022802,0.030096
-132.911,45.5696,0.0229624,0.0311881
-129.114,45.5696,0.0231229,0.0322802
-125.316,45.5696,0.0232833,0.0333724
-121.519,45.5696,0.0234438,0.0344645
-117.722,45.5696,0.0236042,0.0355566
-113.924,45.5696,0.0237646,0.0366487
-110.127,45.5696,0.0239251,0.0377409
-106.329,45.5696,0.0240855,0.038833
-102.532,45.5696,0.024246,0.0399251
-98.7342,45.5696,0.0244064,0.0410173
-94.9367,45.5696,0.0245669,0.0421094
-91.1392,45.5696,0.0247273,0.0432015
-87.3418,45.5696,0.0248878,0.0442937
-83.5443,45.5696,0.0250482,0.0453858
-79.7468,45.5696,0.0252087,0.0464779
-75.9494,45.5696,0.0253691,0.04757
-72.1519,45.5696,0.0255295,0.0486622
-68.3544,45.5696,0.02569,0.0497543
-64.557,45.5696,0.0258504,0.0508464
-60.7595,45.5696,0.0260109,0.0519386
-56.962,45.5696,0.0261713,0.0530307
-53.1646,45.5696,0.0263318,0.0541228
-49.3671,45.5696,0.0264922,0.055215
-45.5696,45.5696,0.0266527,0.0563071
-41.7722,45.5696,0.0268131,0.0573992
-37.9747,45.5696,0.0269735,0.0584913
-34.1772,45.5696,0.027134,0.0595835
-30.3797,45.5696,0.0272944,0.0606756
-26.5823,45.5696,0.0274549,0.0617677
-22.7848,45.5696,0.0276153,0.0628599
-18.9873,45.5696,0.0277758,0.063952
-15.1899,45.5696,0.0279362,0.0650441
-11.3924,45.5696,0.0280967,0.0661363
-7.59494,45.5696,0.0282571,0.0672284
-3.79747,45.5696,0.0284176,0.0683205
0,45.5696,0.028578,0.0694127
-300,49.3671,0.0164818,-0.0151158
-296.203,49.3671,0.0166422,-0.0140236
-292.405,49.3671,0.0168027,-0.0129315
-288.608,49.3671,0.0169631,-0.0118394
-284.81,49.3671,0.0171236,-0.0107473
-281.013,49.3671,0.017284,-0.00965512
-277.215,49.3671,0.0174444,-0.00856299
-273.418,49.3671,0.0176049,-0.00747086
-269.62,49.3671,0.0177653,-0.00637873
-265.823,49.3671,0.0179258,-0.0052866
-262.025,49.3671,0.0180862,-0.00419447
-258.228,49.3671,0.0182467,-0.00310234
-254.43,49.3671,0.0184071,-0.00201021
-250.633,49.3671,0.0185676,-0.000918077
-246.835,49.3671,0.018728,0.000174053
-243.038,49.3671,0.0188885,0.00126618
-239.241,49.3671,0.0190489,0.00235831
-235.443,49.3671,0.0192093,0.00345044
-231.646,49.3671,0.0193698,0.00454257
-227.848,49.3671,0.0195302,0.00563471
-224.051,49.3671,0.0196907,0.00672684
-220.253,49.3671,0.0198511,0.00781897
-216.456,49.3671,0.0200116,0.0089111
-212.658,49.3671,0.020172,0.0100032
-208.861,49.3671,0.0203325,0.0110954
-205.063,49.3671,0.0204929,0.0121875
-201.266,49.3671,0.0206534,0.0132796
-197.468,49.3671,0.0208138,0.0143717
-193.671,49.3671,0.0209742,0.0154639
-189.873,49.3671,0.0211347,0.016556
-186.076,49.3671,0.0212951,0.0176481
-182.278,49.3671,0.0214556,0.0187403
-178.481,49.3671,0.021616,0.0198324
-174.684,49.3671,0.0217765,0.0209245
-170.886,49.3671,0.0219369,0.0220167
-167.089,49.3671,0.0220974,0.0231088
-163.291,49.3671,0.0222578,0.0242009
-159.494,49.3671,0.0224183,0.0252931
-155.696,49.3671,0.0225787,0.0263852
-151.899,49.3671,0.0227391,0.0274773
-148.101,49.3671,0.0228996,0.0285694
-144.304,49.3671,0.02306,0.0296616
-140.506,49.3671,0.0232205,0.0307537
-136.709,49.3671,0.0233809,0.0318458
-132.911,49.3671,0.0235414,0.032938
-129.114,49.3671,0.0237018,0.0340301
-125.316,49.3671,0.0238623,0.0351222
-121.519,49.3671,0.0240227,0.0362144
-117.722,49.3671,0.0241832,0.0373065
-113.924,49.3671,0.0243436,0.0383986
-110.127,49.3671,0.024504,0.0394907
-106.329,49.3671,0.0246645,0.0405829
-102.532,49.3671,0.0248249,0.041675
-98.7342,49.3671,0.0249854,0.0427671
-94.9367,49.3671,0.0251458,0.0438593
-91.1392,49.3671,0.0253063,0.0449514
-87.3418,49.3671,0.0254667,0.0460435
-83.5443,49.3671,0.0256272,0.0471357
-79.7468,49.3671,0.0257876,0.0482278
-75.9494,49.3671,0.0259481,0.0493199
-72.1519,49.3671,0.0261085,0.0504121
-68.3544,49.3671,0.0262689,0.0515042
-64.557,49.3671,0.0264294,0.0525963
-60.7595,49.3671,0.0265898,0.0536884
-56.962,49.3671,0.0267503,0.0547806
-53.1646,49.3671,0.0269107,0.0558727
-49.3671,49.3671,0.0270712,0.0569648
-45.5696,49.3671,0.0272316,0.058057
-41.7722,49.3671,0.0273921,0.0591491
-37.9747,49.3671,0.0275525,0.0602412
-34.1772,49.3671,0.0277129,0.0613334
-30.3797,49.3671,0.0278734,0.0624255
-26.5823,49.3671,0.0280338,0.0635176
-22.7848,49.3671,0.0281943,0.0646097
-18.9873,49.3671,0.0283547,0.0657019
-15.1899,49.3671,0.0285152,0.066794
-11.3924,49.3671,0.0286756,0.0678861
-7.59494,49.3671,0.0288361,0.0689783
-3.79747,49.3671,0.0289965,0.0700704
0,49.3671,0.029157,0.0711625
-300,53.1646,0.0170607,-0.0133659
-296.203,53.1646,0.0172212,-0.0122738
-292.405,53.1646,0.0173816,-0.0111816
-288.608,53.1646,0.0175421,-0.0100895
-284.81,53.1646,0.0177025,-0.00899738
-281.013,53.1646,0.017863,-0.00790525
-277.215,53.1646,0.0180234,-0.00681312
-273.418,53.1646,0.0181838,-0.00572099
-269.62,53.1646,0.0183443,-0.00462886
-265.823,53.1646,0.0185047,-0.00353672
-262.025,53.1646,0.0186652,-0.00244459
-258.228,53.1646,0.0188256,-0.00135246
-254.43,53.1646,0.0189861,-0.000260334
-250.633,53.1646,0.0191465,0.000831797
-246.835,53.1646,0.019307,0.00192393
-243.038,53.1646,0.0194674,0.00301606
-239.241,53.1646,0.0196279,0.00410819
-235.443,53.1646,0.0197883,0.00520032
-231.646,53.1646,0.0199487,0.00629245
-227.848,53.1646,0.0201092,0.00738458
-224.051,53.1646,0.0202696,0.00847671
-220.253,53.1646,0.0204301,0.00956884
-216.456,53.1646,0.0205905,0.010661
-212.658,53.1646,0.020751,0.0117531
-208.861,53.1646,0.0209114,0.0128452
-205.063,53.1646,0.0210719,0.0139374
-201.266,53.1646,0.0212323,0.0150295
-197.468,53.1646,0.0213928,0.0161216
-193.671,53.1646,0.0215532,0.0172138
-189.873,53.1646,0.0217136,0.0183059
-186.076,53.1646,0.0218741,0.019398
-182.278,53.1646,0.0220345,0.0204901
-178.481,53.1646,0.022195,0.0215823
-174.684,53.1646,0.0223554,0.0226744
-170.886,53.1646,0.0225159,0.0237665
-167.089,53.1646,0.0226763,0.0248587
-163.291,53.1646,0.0228368,0.0259508
-159.494,53.1646,0.0229972,0.0270429
-155.696,53.1646,0.0231577,0.0281351
-151.899,53.1646,0.0233181,0.0292272
-148.101,53.1646,0.0234785,0.0303193
-144.304,53.1646,0.023639,0.0314114
-140.506,53.1646,0.0237994,0.0325036
-136.709,53.1646,0.0239599,0.0335957
-132.911,53.1646,0.0241203,0.0346878
-129.114,53.1646,0.0242808,0.03578
-125.316,53.1646,0.0244412,0.0368721
-121.519,53.1646,0.0246017,0.0379642
-117.722,53.1646,0.0247621,0.0390564
-113.924,53.1646,0.0249226,0.0401485
-110.127,53.1646,0.025083,0.0412406
-106.329,53.1646,0.0252434,0.0423328
-102.532,53.1646,0.0254039,0.0434249
-98.7342,53.1646,0.0255643,0.044517
-94.9367,53.1646,0.0257248,0.0456091
-91.1392,53.1646,0.0258852,0.0467013
-87.3418,53.1646,0.0260457,0.0477934
-83.5443,53.1646,0.0262061,0.0488855
-79.7468,53.1646,0.0263666,0.0499777
-75.9494,53.1646,0.026527,0.0510698
-72.1519,53.1646,0.0266875,0.0521619
-68.3544,53.1646,0.0268479,0.0532541
-64.557,53.1646,0.0270083,0.0543462
-60.7595,53.1646,0.0271688,0.0554383
-56.962,53.1646,0.0273292,0.0565304
-53.1646,53.1646,0.0274897,0.0576226
-49.3671,53.1646,0.0276501,0.0587147
-45.5696,53.1646,0.0278106,0.0598068
-41.7722,53.1646,0.027971,0.060899
-37.9747,53.1646,0.0281315,0.0619911
-34.1772,53.1646,0.0282919,0.0630832
-30.3797,53.1646,0.0284523,0.0641754
-26.5823,53.1646,0.0286128,0.0652675
-22.7848,53.1646,0.0287732,0.0663596
-18.9873,53.1646,0.0289337,0.0674517
-15.1899,53.1646,0.0290941,0.0685439
-11.3924,53.1646,0.0292546,0.069636
-7.59494,53.1646,0.029415,0.0707281
-3.79747,53.1646,0.0295755,0.0718203
0,53.1646,0.0297359,0.0729124
-300,56.962,0.0176397,-0.011616
-296.203,56.962,0.0178001,-0.0105239
-292.405,56.962,0.0179606,-0.00943176
-288.608,56.962,0.018121,-0.00833963
-284.81,56.962,0.0182815,-0.0072475
-281.013,56.962,0.0184419,-0.00615537
-277.215,56.962,0.0186024,-0.00506324
-273.418,56.962,0.0187628,-0.00397111
-269.62,56.962,0.0189232,-0.00287898
-265.823,56.962,0.0190837,-0.00178685
-262.025,56.962,0.0192441,-0.000694721
-258.228,56.962,0.0194046,0.00039741
-254.43,56.962,0.019565,0.00148954
-250.633,56.962,0.0197255,0.00258167
-246.835,56.962,0.0198859,0.0036738
-243.038,56.962,0.0200464,0.00476593
-239.241,56.962,0.0202068,0.00585806
-235.443,56.962,0.0203673,0.00695019
-231.646,56.962,0.0205277,0.00804232
-227.848,56.962,0.0206881,0.00913445
-224.051,56.962,0.0208486,0.0102266
-220.253,56.962,0.021009,0.0113187
-216.456,56.962,0.0211695,0.0124108
-212.658,56.962,0.0213299,0.013503
-208.861,56.962,0.0214904,0.0145951
-205.063,56.962,0.0216508,0.0156872
-201.266,56.962,0.0218113,0.0167794
-197.468,56.962,0.0219717,0.0178715
-193.671,56.962,0.0221322,0.0189636
-189.873,56.962,0.0222926,0.0200558
-186.076,56.962,0.022453,0.0211479
-182.278,56.962,0.0226135,0.02224
-178.481,56.962,0.0227739,0.0233321
-174.684,56.962,0.0229344,0.0244243
-170.886,56.962,0.0230948,0.0255164
-167.089,56.962,0.0232553,0.0266085
-163.291,56.962,0.0234157,0.0277007
-159.494,56.962,0.0235762,0.0287928
-155.696,56.962,0.0237366,0.0298849
-151.899,56.962,0.0238971,0.0309771
-148.101,56.962,0.0240575,0.0320692
-144.304,56.962,0.0242179,0.0331613
-140.506,56.962,0.0243784,0.0342535
-136.709,56.962,0.0245388,0.0353456
-132.911,56.962,0.0246993,0.0364377
-129.114,56.962,0.0248597,0.0375298
-125.316,56.962,0.0250202,0.038622
-121.519,56.962,0.0251806,0.0397141
-117.722,56.962,0.0253411,0.0408062
-113.924,56.962,0.0255015,0.0418984
-110.127,56.962,0.025662,0.0429905
-106.329,56.962,0.0258224,0.0440826
-102.532,56.962,0.0259828,0.0451748
-98.7342,56.962,0.0261433,0.0462669
-94.9367,56.962,0.0263037,0.047359
-91.1392,56.962,0.0264642,0.0484511
-87.3418,56.962,0.0266246,0.0495433
-83.5443,56.962,0.0267851,0.0506354
-79.7468,56.962,0.0269455,0.0517275
-75.9494,56.962,0.027106,0.0528197
-72.1519,56.962,0.0272664,0.0539118
-68.3544,56.962,0.0274269,0.0550039
-64.557,56.962,0.0275873,0.0560961
-60.7595,56.962,0.0277477,0.0571882
-56.962,56.962,0.0279082,0.0582803
-53.1646,56.962,0.0280686,0.0593724
-49.3671,56.962,0.0282291,0.0604646
-45.5696,56.962,0.0283895,0.0615567
-41.7722,56.962,0.02855,0.0626488
-37.9747,56.962,0.0287104,0.063741
-34.1772,56.962,0.0288709,0.0648331
-30.3797,56.962,0.0290313,0.0659252
-26.5823,56.962,0.0291917,0.0670174
-22.7848,56.962,0.0293522,0.0681095
-18.9873,56.962,0.0295126,0.0692016
-15.1899,56.962,0.0296731,0.0702938
-11.3924,56.962,0.0298335,0.0713859
-7.59494,56.962,0.029994,0.072478
-3.79747,56.962,0.0301544,0.0735701
0,56.962,0.0303149,0.0746623
-300,60.7595,0.0182186,-0.00986615
-296.203,60.7595,0.0183791,-0.00877402
-292.405,60.7595,0.0185395,-0.00768189
-288.608,60.7595,0.0187,-0.00658976
-284.81,60.7595,0.0188604,-0.00549763
-281.013,60.7595,0.0190209,-0.0044055
-277.215,60.7595,0.0191813,-0.00331337
-273.418,60.7595,0.0193418,-0.00222124
-269.62,60.7595,0.0195022,-0.00112911
-265.823,60.7595,0.0196626,-3.69775e-05
-262.025,60.7595,0.0198231,0.00105515
-258.228,60.7595,0.0199835,0.00214728
-254.43,60.7595,0.020144,0.00323941
-250.633,60.7595,0.0203044,0.00433154
-246.835,60.7595,0.0204649,0.00542367
-243.038,60.7595,0.0206253,0.0065158
-239.241,60.7595,0.0207858,0.00760794
-235.443,60.7595,0.0209462,0.00870007
-231.646,60.7595,0.0211067,0.0097922
-227.848,60.7595,0.0212671,0.0108843
-224.051,60.7595,0.0214275,0.0119765
-220.253,60.7595,0.021588,0.0130686
-216.456,60.7595,0.0217484,0.0141607
-212.658,60.7595,0.0219089,0.0152528
-208.861,60.7595,0.0220693,0.016345
-205.063,60.7595,0.0222298,0.0174371
-201.266,60.7595,0.0223902,0.0185292
-197.468,60.7595,0.0225507,0.0196214
-193.671,60.7595,0.0227111,0.0207135
-189.873,60.7595,0.0228716,0.0218056
-186.076,60.7595,0.023032,0.0228978
-182.278,60.7595,0.0231924,0.0239899
-178.481,60.7595,0.0233529,0.025082
-174.684,60.7595,0.0235133,0.0261742
-170.886,60.7595,0.0236738,0.0272663
-167.089,60.7595,0.0238342,0.0283584
-163.291,60.7595,0.0239947,0.0294505
-159.494,60.7595,0.0241551,0.0305427
-155.696,60.7595,0.0243156,0.0316348
-151.899,60.7595,0.024476,0.0327269
-148.101,60.7595,0.0246365,0.0338191
-144.304,60.7595,0.0247969,0.0349112
-140.506,60.7595,0.0249573,0.0360033
-136.709,60.7595,0.0251178,0.0370955
-132.911,60.7595,0.0252782,0.0381876
-129.114,60.7595,0.0254387,0.0392797
-125.316,60.7595,0.0255991,0.0403718
-121.519,60.7595,0.0257596,0.041464
-117.722,60.7595,0.02592,0.0425561
-113.924,60.7595,0.0260805,0.0436482
-110.127,60.7595,0.0262409,0.0447404
-106.329,60.7595,0.0264014,0.0458325
-102.532,60.7595,0.0265618,0.0469246
-98.7342,60.7595,0.0267222,0.0480168
-94.9367,60.7595,0.0268827,0.0491089
-91.1392,60.7595,0.0270431,0.050201
-87.3418,60.7595,0.0272036,0.0512931
-83.5443,60.7595,0.027364,0.0523853
-79.7468,60.7595,0.0275245,0.0534774
-75.9494,60.7595,0.0276849,0.0545695
-72.1519,60.7595,0.0278454,0.0556617
-68.3544,60.7595,0.0280058,0.0567538
-64.557,60.7595,0.0281662,0.0578459
-60.7595,60.7595,0.0283267,0.0589381
-56.962,60.7595,0.0284871,0.0600302
-53.1646,60.7595,0.0286476,0.0611223
-49.3671,60.7595,0.028808,0.0622145
-45.5696,60.7595,0.0289685,0.0633066
-41.7722,60.7595,0.0291289,0.0643987
-37.9747,60.7595,0.0292894,0.0654908
-34.1772,60.7595,0.0294498,0.066583
-30.3797,60.7595,0.0296103,0.0676751
-26.5823,60.7595,0.0297707,0.0687672
-22.7848,60.7595,0.0299311,0.0698594
-18.9873,60.7595,0.0300916,0.0709515
-15.1899,60.7595,0.030252,0.0720436
-11.3924,60.7595,0.0304125,0.0731358
-7.59494,60.7595,0.0305729,0.0742279
-3.79747,60.7595,0.0307334,0.07532
0,60.7595,0.0308938,0.0764121
-300,64.557,0.0187976,-0.00811628
-296.203,64.557,0.018958,-0.00702415
-292.405,64.557,0.0191185,-0.00593202
-288.608,64.557,0.0192789,-0.00483989
-284.81,64.557,0.0194394,-0.00374776
-281.013,64.557,0.0195998,-0.00265563
-277.215,64.557,0.0197603,-0.00156349
-273.418,64.557,0.0199207,-0.000471365
-269.62,64.557,0.0200812,0.000620766
-265.823,64.557,0.0202416,0.0017129
-262.025,64.557,0.020402,0.00280503
-258.228,64.557,0.0205625,0.00389716
-254.43,64.557,0.0207229,0.00498929
-250.633,64.557,0.0208834,0.00608142
-246.835,64.557,0.0210438,0.00717355
-243.038,64.557,0.0212043,0.00826568
-239.241,64.557,0.0213647,0.00935781
-235.443,64.557,0.0215252,0.0104499
-231.646,64.557,0.0216856,0.0115421
-227.848,64.557,0.0218461,0.0126342
-224.051,64.557,0.0220065,0.0137263
-220.253,64.557,0.0221669,0.0148185
-216.456,64.557,0.0223274,0.0159106
-212.658,64.557,0.0224878,0.0170027
-208.861,64.557,0.0226483,0.0180949
-205.063,64.557,0.0228087,0.019187
-201.266,64.557,0.0229692,0.0202791
-197.468,64.557,0.0231296,0.0213712
-193.671,64.557,0.0232901,0.0224634
-189.873,64.557,0.0234505,0.0235555
-186.076,64.557,0.023611,0.0246476
-182.278,64.557,0.0237714,0.0257398
-178.481,64.557,0.0239318,0.0268319
-174.684,64.557,0.0240923,0.027924
-170.886,64.557,0.0242527,0.0290162
-167.089,64.557,0.0244132,0.0301083
-163.291,64.557,0.0245736,0.0312004
-159.494,64.557,0.0247341,0.0322925
-155.696,64.557,0.0248945,0.0333847
-151.899,64.557,0.025055,0.0344768
-148.101,64.557,0.0252154,0.0355689
-144.304,64.557,0.0253759,0.0366611
-140.506,64.557,0.0255363,0.0377532
-136.709,64.557,0.0256967,0.0388453
-132.911,64.557,0.0258572,0.0399375
-129.114,64.557,0.0260176,0.0410296
-125.316,64.557,0.0261781,0.0421217
-121.519,64.557,0.0263385,0.0432139
-117.722,64.557,0.026499,0.044306
-113.924,64.557,0.0266594,0.0453981
-110.127,64.557,0.0268199,0.0464902
-106.329,64.557,0.0269803,0.0475824
-102.532,64.557,0.0271408,0.0486745
-98.7342,64.557,0.0273012,0.0497666
-94.9367,64.557,0.0274616,0.0508588
-91.1392,64.557,0.0276221,0.0519509
-87.3418,64.557,0.0277825,0.053043
-83.5443,64.557,0.027943,0.0541352
-79.7468,64.557,0.0281034,0.0552273
-75.9494,64.557,0.0282639,0.0563194
-72.1519,64.557,0.0284243,0.0574115
-68.3544,64.557,0.0285848,0.0585037
-64.557,64.557,0.0287452,0.0595958
-60.7595,64.557,0.0289056,0.0606879
-56.962,64.557,0.0290661,0.0617801
-53.1646,64.557,0.0292265,0.0628722
-49.3671,64.557,0.029387,0.0639643
-45.5696,64.557,0.0295474,0.0650565
-41.7722,64.557,0.0297079,0.0661486
-37.9747,64.557,0.0298683,0.0672407
-34.1772,64.557,0.0300288,0.0683328
-30.3797,64.557,0.0301892,0.069425
-26.5823,64.557,0.0303497,0.0705171
-22.7848,64.557,0.0305101,0.0716092
-18.9873,64.557,0.0306705,0.0727014
-15.1899,64.557,0.030831,0.0737935
-11.3924,64.557,0.0309914,0.0748856
-7.59494,64.557,0.0311519,0.0759778
-3.79747,64.557,0.0313123,0.0770699
0,64.557,0.0314728,0.078162
-300,68.3544,0.0193765,-0.0063664
-296.203,68.3544,0.019537,-0.00527427
-292.405,68.3544,0.0196974,-0.00418214
-288.608,68.3544,0.0198579,-0.00309001
-284.81,68.3544,0.0200183,-0.00199788
-281.013,68.3544,0.0201788,-0.000905752
-277.215,68.3544,0.0203392,0.000186379
-273.418,68.3544,0.0204997,0.00127851
-269.62,68.3544,0.0206601,0.00237064
-265.823,68.3544,0.0208206,0.00346277
-262.025,68.3544,0.020981,0.0045549
-258.228,68.3544,0.0211414,0.00564703
-254.43,68.3544,0.0213019,0.00673916
-250.633,68.3544,0.0214623,0.00783129
-246.835,68.3544,0.0216228,0.00892342
-243.038,68.3544,0.0217832,0.0100156
-239.241,68.3544,0.0219437,0.0111077
-235.443,68.3544,0.0221041,0.0121998
-231.646,68.3544,0.0222646,0.0132919
-227.848,68.3544,0.022425,0.0143841
-224.051,68.3544,0.0225855,0.0154762
-220.253,68.3544,0.0227459,0.0165683
-216.456,68.3544,0.0229063,0.0176605
-212.658,68.3544,0.0230668,0.0187526
-208.861,68.3544,0.0232272,0.0198447
-205.063,68.3544,0.0233877,0.0209369
-201.266,68.3544,0.0235481,0.022029
-197.468,68.3544,0.0237086,0.0231211
-193.671,68.3544,0.023869,0.0242132
-189.873,68.3544,0.0240295,0.0253054
-186.076,68.3544,0.0241899,0.0263975
-182.278,68.3544,0.0243504,0.0274896
-178.481,68.3544,0.0245108,0.0285818
-174.684,68.3544,0.0246712,0.0296739
-170.886,68.3544,0.0248317,0.030766
-167.089,68.3544,0.0249921,0.0318582
-163.291,68.3544,0.0251526,0.0329503
-159.494,68.3544,0.025313,0.0340424
-155.696,68.3544,0.0254735,0.0351346
-151.899,68.3544,0.0256339,0.0362267
-148.101,68.3544,0.0257944,0.0373188
-144.304,68.3544,0.0259548,0.0384109
-140.506,68.3544,0.0261153,0.0395031
-136.709,68.3544,0.0262757,0.0405952
-132.911,68.3544,0.0264361,0.0416873
-129.114,68.3544,0.0265966,0.0427795
-125.316,68.3544,0.026757,0.0438716
-121.519,68.3544,0.0269175,0.0449637
-117.722,68.3544,0.0270779,0.0460559
-113.924,68.3544,0.0272384,0.047148
-110.127,68.3544,0.0273988,0.0482401
-106.329,68.3544,0.0275593,0.0493322
-102.532,68.3544,0.0277197,0.0504244
-98.7342,68.3544,0.0278802,0.0515165
-94.9367,68.3544,0.0280406,0.0526086
-91.1392,68.3544,0.028201,0.0537008
-87.3418,68.3544,0.0283615,0.0547929
-83.5443,68.3544,0.0285219,0.055885
-79.7468,68.3544,0.0286824,0.0569772
-75.9494,68.3544,0.0288428,0.0580693
-72.1519,68.3544,0.0290033,0.0591614
-68.3544,68.3544,0.0291637,0.0602535
-64.557,68.3544,0.0293242,0.0613457
-60.7595,68.3544,0.0294846,0.0624378
-56.962,68.3544,0.029645,0.0635299
-53.1646,68.3544,0.0298055,0.0646221
-49.3671,68.3544,0.0299659,0.0657142
-45.5696,68.3544,0.0301264,0.0668063
-41.7722,68.3544,0.0302868,0.0678985
-37.9747,68.3544,0.0304473,0.0689906
-34.1772,68.3544,0.0306077,0.0700827
-30.3797,68.3544,0.0307682,0.0711749
-26.5823,68.3544,0.0309286,0.072267
-22.7848,68.3544,0.0310891,0.0733591
-18.9873,68.3544,0.0312495,0.0744512
-15.1899,68.3544,0.0314099,0.0755434
-11.3924,68.3544,0.0315704,0.0766355
-7.59494,68.3544,0.0317308,0.0777276
-3.79747,68.3544,0.0318913,0.0788198
0,68.3544,0.0320517,0.0799119
-300,72.1519,0.0199555,-0.00461653
-296.203,72.1519,0.0201159,-0.0035244
-292.405,72.1519,0.0202764,-0.00243227
-288.608,72.1519,0.0204368,-0.00134014
-284.81,72.1519,0.0205973,-0.000248008
-281.013,72.1519,0.0207577,0.000844122
-277.215,72.1519,0.0209182,0.00193625
-273.418,72.1519,0.0210786,0.00302838
-269.62,72.1519,0.0212391,0.00412051
-265.823,72.1519,0.0213995,0.00521264
-262.025,72.1519,0.02156,0.00630477
-258.228,72.1519,0.0217204,0.0073969
-254.43,72.1519,0.0218808,0.00848903
-250.633,72.1519,0.0220413,0.00958117
-246.835,72.1519,0.0222017,0.0106733
-243.038,72.1519,0.0223622,0.0117654
-239.241,72.1519,0.0225226,0.0128576
-235.443,72.1519,0.0226831,0.0139497
-231.646,72.1519,0.0228435,0.0150418
-227.848,72.1519,0.023004,0.0161339
-224.051,72.1519,0.0231644,0.0172261
-220.253,72.1519,0.0233249,0.0183182
-216.456,72.1519,0.0234853,0.0194103
-212.658,72.1519,0.0236457,0.0205025
-208.861,72.1519,0.0238062,0.0215946
-205.063,72.1519,0.0239666,0.0226867
-201.266,72.1519,0.0241271,0.0237789
-197.468,72.1519,0.0242875,0.024871
-193.671,72.1519,0.024448,0.0259631
-189.873,72.1519,0.0246084,0.0270553
-186.076,72.1519,0.0247689,0.0281474
-182.278,72.1519,0.0249293,0.0292395
-178.481,72.1519,0.0250898,0.0303316
-174.684,72.1519,0.0252502,0.0314238
-170.886,72.1519,0.0254106,0.0325159
-167.089,72.1519,0.0255711,0.033608
-163.291,72.1519,0.0257315,0.0347002
-159.494,72.1519,0.025892,0.0357923
-155.696,72.1519,0.0260524,0.0368844
-151.899,72.1519,0.0262129,0.0379766
-148.101,72.1519,0.0263733,0.0390687
-144.304,72.1519,0.0265338,0.0401608
-140.506,72.1519,0.0266942,0.0412529
-136.709,72.1519,0.0268547,0.0423451
-132.911,72.1519,0.0270151,0.0434372
-129.114,72.1519,0.0271755,0.0445293
-125.316,72.1519,0.027336,0.0456215
-121.519,72.1519,0.0274964,0.0467136
-117.722,72.1519,0.0276569,0.0478057
-113.924,72.1519,0.0278173,0.0488979
-110.127,72.1519,0.0279778,0.04999
-106.329,72.1519,0.0281382,0.0510821
-102.532,72.1519,0.0282987,0.0521742
-98.7342,72.1519,0.0284591,0.0532664
-94.9367,72.1519,0.0286195,0.0543585
-91.1392,72.1519,0.02878,0.0554506
-87.3418,72.1519,0.0289404,0.0565428
-83.5443,72.1519,0.0291009,0.0576349
-79.7468,72.1519,0.0292613,0.058727
-75.9494,72.1519,0.0294218,0.0598192
-72.1519,72.1519,0.0295822,0.0609113
-68.3544,72.1519,0.0297427,0.0620034
-64.557,72.1519,0.0299031,0.0630956
-60.7595,72.1519,0.0300636,0.0641877
-56.962,72.1519,0.030224,0.0652798
-53.1646,72.1519,0.0303844,0.0663719
-49.3671,72.1519,0.0305449,0.0674641
-45.5696,72.1519,0.0307053,0.0685562
-41.7722,72.1519,0.0308658,0.0696483
-37.9747,72.1519,0.0310262,0.0707405
-34.1772,72.1519,0.0311867,0.0718326
-30.3797,72.1519,0.0313471,0.0729247
-26.5823,72.1519,0.0315076,0.0740169
-22.7848,72.1519,0.031668,0.075109
-18.9873,72.1519,0.0318285,0.0762011
-15.1899,72.1519,0.0319889,0.0772932
-11.3924,72.1519,0.0321493,0.0783854
-7.59494,72.1519,0.0323098,0.0794775
-3.79747,72.1519,0.0324702,0.0805696
0,72.1519,0.0326307,0.0816618
-300,75.9494,0.0205345,-0.00286666
-296.203,75.9494,0.0206949,-0.00177453
-292.405,75.9494,0.0208553,-0.000682395
-288.608,75.9494,0.0210158,0.000409735
-284.81,75.9494,0.0211762,0.00150187
-281.013,75.9494,0.0213367,0.002594
-277.215,75.9494,0.0214971,0.00368613
-273.418,75.9494,0.0216576,0.00477826
-269.62,75.9494,0.021818,0.00587039
-265.823,75.9494,0.0219785,0.00696252
-262.025,75.9494,0.0221389,0.00805465
-258.228,75.9494,0.0222994,0.00914678
-254.43,75.9494,0.0224598,0.0102389
-250.633,75.9494,0.0226202,0.011331
-246.835,75.9494,0.0227807,0.0124232
-243.038,75.9494,0.0229411,0.0135153
-239.241,75.9494,0.0231016,0.0146074
-235.443,75.9494,0.023262,0.0156996
-231.646,75.9494,0.0234225,0.0167917
-227.848,75.9494,0.0235829,0.0178838
-224.051,75.9494,0.0237434,0.018976
-220.253,75.9494,0.0239038,0.0200681
-216.456,75.9494,0.0240643,0.0211602
-212.658,75.9494,0.0242247,0.0222523
-208.861,75.9494,0.0243851,0.0233445
-205.063,75.9494,0.0245456,0.0244366
-201.266,75.9494,0.024706,0.0255287
-197.468,75.9494,0.0248665,0.0266209
-193.671,75.9494,0.0250269,0.027713
-189.873,75.9494,0.0251874,0.0288051
-186.076,75.9494,0.0253478,0.0298973
-182.278,75.9494,0.0255083,0.0309894
-178.481,75.9494,0.0256687,0.0320815
-174.684,75.9494,0.0258292,0.0331736
-170.886,75.9494,0.0259896,0.0342658
-167.089,75.9494,0.02615,0.0353579
-163.291,75.9494,0.0263105,0.03645
-159.494,75.9494,0.0264709,0.0375422
-155.696,75.9494,0.0266314,0.0386343
-151.899,75.9494,0.0267918,0.0397264
-148.101,75.9494,0.0269523,0.0408186
-144.304,75.9494,0.0271127,0.0419107
-140.506,75.9494,0.0272732,0.0430028
-136.709,75.9494,0.0274336,0.0440949
-132.911,75.9494,0.0275941,0.0451871
-129.114,75.9494,0.0277545,0.0462792
-125.316,75.9494,0.0279149,0.0473713
-121.519,75.9494,0.0280754,0.0484635
-117.722,75.9494,0.0282358,0.0495556
-113.924,75.9494,0.0283963,0.0506477
-110.127,75.9494,0.0285567,0.0517399
-106.329,75.9494,0.0287172,0.052832
-102.532,75.9494,0.0288776,0.0539241
-98.7342,75.9494,0.0290381,0.0550163
-94.9367,75.9494,0.0291985,0.0561084
-91.1392,75.9494,0.0293589,0.0572005
-87.3418,75.9494,0.0295194,0.0582926
-83.5443,75.9494,0.0296798,0.0593848
-79.7468,75.9494,0.0298403,0.0604769
-75.9494,75.9494,0.0300007,0.061569
-72.1519,75.9494,0.0301612,0.0626612
-68.3544,75.9494,0.0303216,0.0637533
-64.557,75.9494,0.0304821,0.0648454
-60.7595,75.9494,0.0306425,0.0659376
-56.962,75.9494,0.030803,0.0670297
-53.1646,75.9494,0.0309634,0.0681218
-49.3671,75.9494,0.0311238,0.0692139
-45.5696,75.9494,0.0312843,0.0703061
-41.7722,75.9494,0.0314447,0.0713982
-37.9747,75.9494,0.0316052,0.0724903
-34.1772,75.9494,0.0317656,0.0735825
-30.3797,75.9494,0.0319261,0.0746746
-26.5823,75.9494,0.0320865,0.0757667
-22.7848,75.9494,0.032247,0.0768589
-18.9873,75.9494,0.0324074,0.077951
-15.1899,75.9494,0.0325679,0.0790431
-11.3924,75.9494,0.0327283,0.0801353
-7.59494,75.9494,0.0328887,0.0812274
-3.79747,75.9494,0.0330492,0.0823195
0,75.9494,0.0332096,0.0834116
-300,79.7468,0.0211134,-0.00111678
-296.203,79.7468,0.0212739,-2.4652e-05
-292.405,79.7468,0.0214343,0.00106748
-288.608,79.7468,0.0215947,0.00215961
-284.81,79.7468,0.0217552,0.00325174
-281.013,79.7468,0.0219156,0.00434387
-277.215,79.7468,0.0220761,0.005436
-273.418,79.7468,0.0222365,0.00652813
-269.62,79.7468,0.022397,0.00762026
-265.823,79.7468,0.0225574,0.00871239
-262.025,79.7468,0.0227179,0.00980452
-258.228,79.7468,0.0228783,0.0108967
-254.43,79.7468,0.0230388,0.0119888
-250.633,79.7468,0.0231992,0.0130809
-246.835,79.7468,0.0233596,0.014173
-243.038,79.7468,0.0235201,0.0152652
-239.241,79.7468,0.0236805,0.0163573
-235.443,79.7468,0.023841,0.0174494
-231.646,79.7468,0.0240014,0.0185416
-227.848,79.7468,0.0241619,0.0196337
-224.051,79.7468,0.0243223,0.0207258
-220.253,79.7468,0.0244828,0.021818
-216.456,79.7468,0.0246432,0.0229101
-212.658,79.7468,0.0248037,0.0240022
-208.861,79.7468,0.0249641,0.0250943
-205.063,79.7468,0.0251245,0.0261865
-201.266,79.7468,0.025285,0.0272786
-197.468,79.7468,0.0254454,0.0283707
-193.671,79.7468,0.0256059,0.0294629
-189.873,79.7468,0.0257663,0.030555
-186.076,79.7468,0.0259268,0.0316471
-182.278,79.7468,0.0260872,0.0327393
-178.481,79.7468,0.0262477,0.0338314
-174.684,79.7468,0.0264081,0.0349235
-170.886,79.7468,0.0265686,0.0360157
-167.089,79.7468,0.026729,0.0371078
-163.291,79.7468,0.0268894,0.0381999
-159.494,79.7468,0.0270499,0.039292
-155.696,79.7468,0.0272103,0.0403842
-151.899,79.7468,0.0273708,0.0414763
-148.101,79.7468,0.0275312,0.0425684
-144.304,79.7468,0.0276917,0.0436606
-140.506,79.7468,0.0278521,0.0447527
-136.709,79.7468,0.0280126,0.0458448
-132.911,79.7468,0.028173,0.046937
-129.114,79.7468,0.0283335,0.0480291
-125.316,79.7468,0.0284939,0.0491212
-121.519,79.7468,0.0286543,0.0502133
-117.722,79.7468,0.0288148,0.0513055
-113.924,79.7468,0.0289752,0.0523976
-110.127,79.7468,0.0291357,0.0534897
-106.329,79.7468,0.0292961,0.0545819
-102.532,79.7468,0.0294566,0.055674
-98.7342,79.7468,0.029617,0.0567661
-94.9367,79.7468,0.0297775,0.0578583
-91.1392,79.7468,0.0299379,0.0589504
-87.3418,79.7468,0.0300983,0.0600425
-83.5443,79.7468,0.0302588,0.0611346
-79.7468,79.7468,0.0304192,0.0622268
-75.9494,79.7468,0.0305797,0.0633189
-72.1519,79.7468,0.0307401,0.064411
-68.3544,79.7468,0.0309006,0.0655032
-64.557,79.7468,0.031061,0.0665953
-60.7595,79.7468,0.0312215,0.0676874
-56.962,79.7468,0.0313819,0.0687796
-53.1646,79.7468,0.0315424,0.0698717
-49.3671,79.7468,0.0317028,0.0709638
-45.5696,79.7468,0.0318632,0.072056
-41.7722,79.7468,0.0320237,0.0731481
-37.9747,79.7468,0.0321841,0.0742402
-34.1772,79.7468,0.0323446,0.0753323
-30.3797,79.7468,0.032505,0.0764245
-26.5823,79.7468,0.0326655,0.0775166
-22.7848,79.7468,0.0328259,0.0786087
-18.9873,79.7468,0.0329864,0.0797009
-15.1899,79.7468,0.0331468,0.080793
-11.3924,79.7468,0.0333073,0.0818851
-7.59494,79.7468,0.0334677,0.0829773
-3.79747,79.7468,0.0336281,0.0840694
0,79.7468,0.0337886,0.0851615
-300,83.5443,0.0216924,0.000633091
-296.203,83.5443,0.0218528,0.00172522
-292.405,83.5443,0.0220133,0.00281735
-288.608,83.5443,0.0221737,0.00390948
-284.81,83.5443,0.0223341,0.00500161
-281.013,83.5443,0.0224946,0.00609374
-277.215,83.5443,0.022655,0.00718587
-273.418,83.5443,0.0228155,0.008278
-269.62,83.5443,0.0229759,0.00937013
-265.823,83.5443,0.0231364,0.0104623
-262.025,83.5443,0.0232968,0.0115544
-258.228,83.5443,0.0234573,0.0126465
-254.43,83.5443,0.0236177,0.0137387
-250.633,83.5443,0.0237782,0.0148308
-246.835,83.5443,0.0239386,0.0159229
-243.038,83.5443,0.024099,0.017015
-239.241,83.5443,0.0242595,0.0181072
-235.443,83.5443,0.0244199,0.0191993
-231.646,83.5443,0.0245804,0.0202914
-227.848,83.5443,0.0247408,0.0213836
-224.051,83.5443,0.0249013,0.0224757
-220.253,83.5443,0.0250617,0.0235678
-216.456,83.5443,0.0252222,0.02466
-212.658,83.5443,0.0253826,0.0257521
-208.861,83.5443,0.0255431,0.0268442
-205.063,83.5443,0.0257035,0.0279364
-201.266,83.5443,0.0258639,0.0290285
-197.468,83.5443,0.0260244,0.0301206
-193.671,83.5443,0.0261848,0.0312127
-189.873,83.5443,0.0263453,0.0323049
-186.076,83.5443,0.0265057,0.033397
-182.278,83.5443,0.0266662,0.0344891
-178.481,83.5443,0.0268266,0.0355813
-174.684,83.5443,0.0269871,0.0366734
-170.886,83.5443,0.0271475,0.0377655
-167.089,83.5443,0.027308,0.0388577
-163.291,83.5443,0.0274684,0.0399498
-159.494,83.5443,0.0276288,0.0410419
-155.696,83.5443,0.0277893,0.042134
-151.899,83.5443,0.0279497,0.0432262
-148.101,83.5443,0.0281102,0.0443183
-144.304,83.5443,0.0282706,0.0454104
-140.506,83.5443,0.0284311,0.0465026
-136.709,83.5443,0.0285915,0.0475947
-132.911,83.5443,0.028752,0.0486868
-129.114,83.5443,0.0289124,0.049779
-125.316,83.5443,0.0290729,0.0508711
-121.519,83.5443,0.0292333,0.0519632
-117.722,83.5443,0.0293937,0.0530553
-113.924,83.5443,0.0295542,0.0541475
-110.127,83.5443,0.0297146,0.0552396
-106.329,83.5443,0.0298751,0.0563317
-102.532,83.5443,0.0300355,0.0574239
-98.7342,83.5443,0.030196,0.058516
-94.9367,83.5443,0.0303564,0.0596081
-91.1392,83.5443,0.0305169,0.0607003
-87.3418,83.5443,0.0306773,0.0617924
-83.5443,83.5443,0.0308377,0.0628845
-79.7468,83.5443,0.0309982,0.0639767
-75.9494,83.5443,0.0311586,0.0650688
-72.1519,83.5443,0.0313191,0.0661609
-68.3544,83.5443,0.0314795,0.067253
-64.557,83.5443,0.03164,0.0683452
-60.7595,83.5443,0.0318004,0.0694373
-56.962,83.5443,0.0319609,0.0705294
-53.1646,83.5443,0.0321213,0.0716216
-49.3671,83.5443,0.0322818,0.0727137
-45.5696,83.5443,0.0324422,0.0738058
-41.7722,83.5443,0.0326026,0.074898
-37.9747,83.5443,0.0327631,0.0759901
-34.1772,83.5443,0.0329235,0.0770822
-30.3797,83.5443,0.033084,0.0781743
-26.5823,83.5443,0.0332444,0.0792665
-22.7848,83.5443,0.0334049,0.0803586
-18.9873,83.5443,0.0335653,0.0814507
-15.1899,83.5443,0.0337258,0.0825429
-11.3924,83.5443,0.0338862,0.083635
-7.59494,83.5443,0.0340467,0.0847271
-3.79747,83.5443,0.0342071,0.0858193
0,83.5443,0.0343675,0.0869114
-300,87.3418,0.0222713,0.00238296
-296.203,87.3418,0.0224318,0.0034751
-292.405,87.3418,0.0225922,0.00456723
-288.608,87.3418,0.0227527,0.00565936
-284.81,87.3418,0.0229131,0.00675149
-281.013,87.3418,0.0230735,0.00784362
-277.215,87.3418,0.023234,0.00893575
-273.418,87.3418,0.0233944,0.0100279
-269.62,87.3418,0.0235549,0.01112
-265.823,87.3418,0.0237153,0.0122121
-262.025,87.3418,0.0238758,0.0133043
-258.228,87.3418,0.0240362,0.0143964
-254.43,87.3418,0.0241967,0.0154885
-250.633,87.3418,0.0243571,0.0165807
-246.835,87.3418,0.0245176,0.0176728
-243.038,87.3418,0.024678,0.0187649
-239.241,87.3418,0.0248384,0.0198571
-235.443,87.3418,0.0249989,0.0209492
-231.646,87.3418,0.0251593,0.0220413
-227.848,87.3418,0.0253198,0.0231334
-224.051,87.3418,0.0254802,0.0242256
-220.253,87.3418,0.0256407,0.0253177
-216.456,87.3418,0.0258011,0.0264098
-212.658,87.3418,0.0259616,0.027502
-208.861,87.3418,0.026122,0.0285941
-205.063,87.3418,0.0262825,0.0296862
-201.266,87.3418,0.0264429,0.0307784
-197.468,87.3418,0.0266033,0.0318705
-193.671,87.3418,0.0267638,0.0329626
-189.873,87.3418,0.0269242,0.0340547
-186.076,87.3418,0.0270847,0.0351469
-182.278,87.3418,0.0272451,0.036239
-178.481,87.3418,0.0274056,0.0373311
-174.684,87.3418,0.027566,0.0384233
-170.886,87.3418,0.0277265,0.0395154
-167.089,87.3418,0.0278869,0.0406075
-163.291,87.3418,0.0280474,0.0416997
-159.494,87.3418,0.0282078,0.0427918
-155.696,87.3418,0.0283682,0.0438839
-151.899,87.3418,0.0285287,0.044976
-148.101,87.3418,0.0286891,0.0460682
-144.304,87.3418,0.0288496,0.0471603
-140.506,87.3418,0.02901,0.0482524
-136.709,87.3418,0.0291705,0.0493446
-132.911,87.3418,0.0293309,0.0504367
-129.114,87.3418,0.0294914,0.0515288
-125.316,87.3418,0.0296518,0.052621
-121.519,87.3418,0.0298122,0.0537131
-117.722,87.3418,0.0299727,0.0548052
-113.924,87.3418,0.0301331,0.0558974
-110.127,87.3418,0.0302936,0.0569895
-106.329,87.3418,0.030454,0.0580816
-102.532,87.3418,0.0306145,0.0591737
-98.7342,87.3418,0.0307749,0.0602659
-94.9367,87.3418,0.0309354,0.061358
-91.1392,87.3418,0.0310958,0.0624501
-87.3418,87.3418,0.0312563,0.0635423
-83.5443,87.3418,0.0314167,0.0646344
-79.7468,87.3418,0.0315771,0.0657265
-75.9494,87.3418,0.0317376,0.0668187
-72.1519,87.3418,0.031898,0.0679108
-68.3544,87.3418,0.0320585,0.0690029
-64.557,87.3418,0.0322189,0.070095
-60.7595,87.3418,0.0323794,0.0711872
-56.962,87.3418,0.0325398,0.0722793
-53.1646,87.3418,0.0327003,0.0733714
-49.3671,87.3418,0.0328607,0.0744636
-45.5696,87.3418,0.0330212,0.0755557
-41.7722,87.3418,0.0331816,0.0766478
-37.9747,87.3418,0.033342,0.07774
-34.1772,87.3418,0.0335025,0.0788321
-30.3797,87.3418,0.0336629,0.0799242
-26.5823,87.3418,0.0338234,0.0810164
-22.7848,87.3418,0.0339838,0.0821085
-18.9873,87.3418,0.0341443,0.0832006
-15.1899,87.3418,0.0343047,0.0842927
-11.3924,87.3418,0.0344652,0.0853849
-7.59494,87.3418,0.0346256,0.086477
-3.79747,87.3418,0.0347861,0.0875691
0,87.3418,0.0349465,0.0886613
-300,91.1392,0.0228503,0.00413284
-296.203,91.1392,0.0230107,0.00522497
-292.405,91.1392,0.0231712,0.0063171
-288.608,91.1392,0.0233316,0.00740923
-284.81,91.1392,0.0234921,0.00850136
-281.013,91.1392,0.0236525,0.00959349
-277.215,91.1392,0.0238129,0.0106856
-273.418,91.1392,0.0239734,0.0117778
-269.62,91.1392,0.0241338,0.0128699
-265.823,91.1392,0.0242943,0.013962
-262.025,91.1392,0.0244547,0.0150541
-258.228,91.1392,0.0246152,0.0161463
-254.43,91.1392,0.0247756,0.0172384
-250.633,91.1392,0.0249361,0.0183305
-246.835,91.1392,0.0250965,0.0194227
-243.038,91.1392,0.025257,0.0205148
-239.241,91.1392,0.0254174,0.0216069
-235.443,91.1392,0.0255778,0.0226991
-231.646,91.1392,0.0257383,0.0237912
-227.848,91.1392,0.0258987,0.0248833
-224.051,91.1392,0.0260592,0.0259754
-220.253,91.1392,0.0262196,0.0270676
-216.456,91.1392,0.0263801,0.0281597
-212.658,91.1392,0.0265405,0.0292518
-208.861,91.1392,0.026701,0.030344
-205.063,91.1392,0.0268614,0.0314361
-201.266,91.1392,0.0270219,0.0325282
-197.468,91.1392,0.0271823,0.0336204
-193.671,91.1392,0.0273427,0.0347125
-189.873,91.1392,0.0275032,0.0358046
-186.076,91.1392,0.0276636,0.0368967
-182.278,91.1392,0.0278241,0.0379889
-178.481,91.1392,0.0279845,0.039081
-174.684,91.1392,0.028145,0.0401731
-170.886,91.1392,0.0283054,0.0412653
-167.089,91.1392,0.0284659,0.0423574
-163.291,91.1392,0.0286263,0.0434495
-159.494,91.1392,0.0287868,0.0445417
-155.696,91.1392,0.0289472,0.0456338
-151.899,91.1392,0.0291076,0.0467259
-148.101,91.1392,0.0292681,0.0478181
-144.304,91.1392,0.0294285,0.0489102
-140.506,91.1392,0.029589,0.0500023
-136.709,91.1392,0.0297494,0.0510944
-132.911,91.1392,0.0299099,0.0521866
-129.114,91.1392,0.0300703,0.0532787
-125.316,91.1392,0.0302308,0.0543708
-121.519,91.1392,0.0303912,0.055463
-117.722,91.1392,0.0305516,0.0565551
-113.924,91.1392,0.0307121,0.0576472
-110.127,91.1392,0.0308725,0.0587394
-106.329,91.1392,0.031033,0.0598315
-102.532,91.1392,0.0311934,0.0609236
-98.7342,91.1392,0.0313539,0.0620157
-94.9367,91.1392,0.0315143,0.0631079
-91.1392,91.1392,0.0316748,0.0642
-87.3418,91.1392,0.0318352,0.0652921
-83.5443,91.1392,0.0319957,0.0663843
-79.7468,91.1392,0.0321561,0.0674764
-75.9494,91.1392,0.0323165,0.0685685
-72.1519,91.1392,0.032477,0.0696607
-68.3544,91.1392,0.0326374,0.0707528
-64.557,91.1392,0.0327979,0.0718449
-60.7595,91.1392,0.0329583,0.0729371
-56.962,91.1392,0.0331188,0.0740292
-53.1646,91.1392,0.0332792,0.0751213
-49.3671,91.1392,0.0334397,0.0762134
-45.5696,91.1392,0.0336001,0.0773056
-41.7722,91.1392,0.0337606,0.0783977
-37.9747,91.1392,0.033921,0.0794898
-34.1772,91.1392,0.0340814,0.080582
-30.3797,91.1392,0.0342419,0.0816741
-26.5823,91.1392,0.0344023,0.0827662
-22.7848,91.1392,0.0345628,0.0838584
-18.9873,91.1392,0.0347232,0.0849505
-15.1899,91.1392,0.0348837,0.0860426
-11.3924,91.1392,0.0350441,0.0871347
-7.59494,91.1392,0.0352046,0.0882269
-3.79747,91.1392,0.035365,0.089319
0,91.1392,0.0355255,0.0904111
-300,94.9367,0.0234292,0.00588271
-296.203,94.9367,0.0235897,0.00697484
-292.405,94.9367,0.0237501,0.00806697
-288.608,94.9367,0.0239106,0.0091591
-284.81,94.9367,0.024071,0.0102512
-281.013,94.9367,0.0242315,0.0113434
-277.215,94.9367,0.0243919,0.0124355
-273.418,94.9367,0.0245523,0.0135276
-269.62,94.9367,0.0247128,0.0146198
-265.823,94.9367,0.0248732,0.0157119
-262.025,94.9367,0.0250337,0.016804
-258.228,94.9367,0.0251941,0.0178961
-254.43,94.9367,0.0253546,0.0189883
-250.633,94.9367,0.025515,0.0200804
-246.835,94.9367,0.0256755,0.0211725
-243.038,94.9367,0.0258359,0.0222647
-239.241,94.9367,0.0259964,0.0233568
-235.443,94.9367,0.0261568,0.0244489
-231.646,94.9367,0.0263172,0.0255411
-227.848,94.9367,0.0264777,0.0266332
-224.051,94.9367,0.0266381,0.0277253
-220.253,94.9367,0.0267986,0.0288175
-216.456,94.9367,0.026959,0.0299096
-212.658,94.9367,0.0271195,0.0310017
-208.861,94.9367,0.0272799,0.0320938
-205.063,94.9367,0.0274404,0.033186
-201.266,94.9367,0.0276008,0.0342781
-197.468,94.9367,0.0277613,0.0353702
-193.671,94.9367,0.0279217,0.0364624
-189.873,94.9367,0.0280821,0.0375545
-186.076,94.9367,0.0282426,0.0386466
-182.278,94.9367,0.028403,0.0397388
-178.481,94.9367,0.0285635,0.0408309
-174.684,94.9367,0.0287239,0.041923
-170.886,94.9367,0.0288844,0.0430151
-167.089,94.9367,0.0290448,0.0441073
-163.291,94.9367,0.0292053,0.0451994
-159.494,94.9367,0.0293657,0.0462915
-155.696,94.9367,0.0295262,0.0473837
-151.899,94.9367,0.0296866,0.0484758
-148.101,94.9367,0.029847,0.0495679
-144.304,94.9367,0.0300075,0.0506601
-140.506,94.9367,0.0301679,0.0517522
-136.709,94.9367,0.0303284,0.0528443
-132.911,94.9367,0.0304888,0.0539364
-129.114,94.9367,0.0306493,0.0550286
-125.316,94.9367,0.0308097,0.0561207
-121.519,94.9367,0.0309702,0.0572128
-117.722,94.9367,0.0311306,0.058305
-113.924,94.9367,0.031291,0.0593971
-110.127,94.9367,0.0314515,0.0604892
-106.329,94.9367,0.0316119,0.0615814
-102.532,94.9367,0.0317724,0.0626735
-98.7342,94.9367,0.0319328,0.0637656
-94.9367,94.9367,0.0320933,0.0648578
-91.1392,94.9367,0.0322537,0.0659499
-87.3418,94.9367,0.0324142,0.067042
-83.5443,94.9367,0.0325746,0.0681341
-79.7468,94.9367,0.0327351,0.0692263
-75.9494,94.9367,0.0328955,0.0703184
-72.1519,94.9367,0.0330559,0.0714105
-68.3544,94.9367,0.0332164,0.0725027
-64.557,94.9367,0.0333768,0.0735948
-60.7595,94.9367,0.0335373,0.0746869
-56.962,94.9367,0.0336977,0.0757791
-53.1646,94.9367,0.0338582,0.0768712
-49.3671,94.9367,0.0340186,0.0779633
-45.5696,94.9367,0.0341791,0.0790554
-41.7722,94.9367,0.0343395,0.0801476
-37.9747,94.9367,0.0345,0.0812397
-34.1772,94.9367,0.0346604,0.0823318
-30.3797,94.9367,0.0348208,0.083424
-26.5823,94.9367,0.0349813,0.0845161
-22.7848,94.9367,0.0351417,0.0856082
-18.9873,94.9367,0.0353022,0.0867004
-15.1899,94.9367,0.0354626,0.0877925
-11.3924,94.9367,0.0356231,0.0888846
-7.59494,94.9367,0.0357835,0.0899768
-3.79747,94.9367,0.035944,0.0910689
0,94.9367,0.0361044,0.092161
-300,98.7342,0.0240082,0.00763259
-296.203,98.7342,0.0241686,0.00872472
-292.405,98.7342,0.0243291,0.00981685
-288.608,98.7342,0.0244895,0.010909
-284.81,98.7342,0.02465,0.0120011
-281.013,98.7342,0.0248104,0.0130932
-277.215,98.7342,0.0249709,0.0141854
-273.418,98.7342,0.0251313,0.0152775
-269.62,98.7342,0.0252917,0.0163696
-265.823,98.7342,0.0254522,0.0174618
-262.025,98.7342,0.0256126,0.0185539
-258.228,98.7342,0.0257731,0.019646
-254.43,98.7342,0.0259335,0.0207382
-250.633,98.7342,0.026094,0.0218303
-246.835,98.7342,0.0262544,0.0229224
-243.038,98.7342,0.0264149,0.0240145
-239.241,98.7342,0.0265753,0.0251067
-235.443,98.7342,0.0267358,0.0261988
-231.646,98.7342,0.0268962,0.0272909
-227.848,98.7342,0.0270566,0.0283831
-224.051,98.7342,0.0272171,0.0294752
-220.253,98.7342,0.0273775,0.0305673
-216.456,98.7342,0.027538,0.0316595
-212.658,98.7342,0.0276984,0.0327516
-208.861,98.7342,0.0278589,0.0338437
-205.063,98.7342,0.0280193,0.0349358
-201.266,98.7342,0.0281798,0.036028
-197.468,98.7342,0.0283402,0.0371201
-193.671,98.7342,0.0285007,0.0382122
-189.873,98.7342,0.0286611,0.0393044
-186.076,98.7342,0.0288215,0.0403965
-182.278,98.7342,0.028982,0.0414886
-178.481,98.7342,0.0291424,0.0425808
-174.684,98.7342,0.0293029,0.0436729
-170.886,98.7342,0.0294633,0.044765
-167.089,98.7342,0.0296238,0.0458571
-163.291,98.7342,0.0297842,0.0469493
-159.494,98.7342,0.0299447,0.0480414
-155.696,98.7342,0.0301051,0.0491335
-151.899,98.7342,0.0302655,0.0502257
-148.101,98.7342,0.030426,0.0513178
-144.304,98.7342,0.0305864,0.0524099
-140.506,98.7342,0.0307469,0.0535021
-136.709,98.7342,0.0309073,0.0545942
-132.911,98.7342,0.0310678,0.0556863
-129.114,98.7342,0.0312282,0.0567785
-125.316,98.7342,0.0313887,0.0578706
-121.519,98.7342,0.0315491,0.0589627
-117.722,98.7342,0.0317096,0.0600548
-113.924,98.7342,0.03187,0.061147
-110.127,98.7342,0.0320304,0.0622391
-106.329,98.7342,0.0321909,0.0633312
-102.532,98.7342,0.0323513,0.0644234
-98.7342,98.7342,0.0325118,0.0655155
-94.9367,98.7342,0.0326722,0.0666076
-91.1392,98.7342,0.0328327,0.0676998
-87.3418,98.7342,0.0329931,0.0687919
-83.5443,98.7342,0.0331536,0.069884
-79.7468,98.7342,0.033314,0.0709761
-75.9494,98.7342,0.0334745,0.0720683
-72.1519,98.7342,0.0336349,0.0731604
-68.3544,98.7342,0.0337953,0.0742525
-64.557,98.7342,0.0339558,0.0753447
-60.7595,98.7342,0.0341162,0.0764368
-56.962,98.7342,0.0342767,0.0775289
-53.1646,98.7342,0.0344371,0.0786211
-49.3671,98.7342,0.0345976,0.0797132
-45.5696,98.7342,0.034758,0.0808053
-41.7722,98.7342,0.0349185,0.0818975
-37.9747,98.7342,0.0350789,0.0829896
-34.1772,98.7342,0.0352394,0.0840817
-30.3797,98.7342,0.0353998,0.0851738
-26.5823,98.7342,0.0355602,0.086266
-22.7848,98.7342,0.0357207,0.0873581
-18.9873,98.7342,0.0358811,0.0884502
-15.1899,98.7342,0.0360416,0.0895424
-11.3924,98.7342,0.036202,0.0906345
-7.59494,98.7342,0.0363625,0.0917266
-3.79747,98.7342,0.0365229,0.0928188
0,98.7342,0.0366834,0.0939109
-300,102.532,0.0245871,0.00938246
-296.203,102.532,0.0247476,0.0104746
-292.405,102.532,0.024908,0.0115667
-288.608,102.532,0.0250685,0.0126589
-284.81,102.532,0.0252289,0.013751
-281.013,102.532,0.0253894,0.0148431
-277.215,102.532,0.0255498,0.0159352
-273.418,102.532,0.0257103,0.0170274
-269.62,102.532,0.0258707,0.0181195
-265.823,102.532,0.0260311,0.0192116
-262.025,102.532,0.0261916,0.0203038
-258.228,102.532,0.026352,0.0213959
-254.43,102.532,0.0265125,0.022488
-250.633,102.532,0.0266729,0.0235802
-246.835,102.532,0.0268334,0.0246723
-243.038,102.532,0.0269938,0.0257644
-239.241,102.532,0.0271543,0.0268565
-235.443,102.532,0.0273147,0.0279487
-231.646,102.532,0.0274752,0.0290408
-227.848,102.532,0.0276356,0.0301329
-224.051,102.532,0.027796,0.0312251
-220.253,102.532,0.0279565,0.0323172
-216.456,102.532,0.0281169,0.0334093
-212.658,102.532,0.0282774,0.0345015
-208.861,102.532,0.0284378,0.0355936
-205.063,102.532,0.0285983,0.0366857
-201.266,102.532,0.0287587,0.0377778
-197.468,102.532,0.0289192,0.03887
-193.671,102.532,0.0290796,0.0399621
-189.873,102.532,0.0292401,0.0410542
-186.076,102.532,0.0294005,0.0421464
-182.278,102.532,0.0295609,0.0432385
-178.481,102.532,0.0297214,0.0443306
-174.684,102.532,0.0298818,0.0454228
-170.886,102.532,0.0300423,0.0465149
-167.089,102.532,0.0302027,0.047607
-163.291,102.532,0.0303632,0.0486992
-159.494,102.532,0.0305236,0.0497913
-155.696,102.532,0.0306841,0.0508834
-151.899,102.532,0.0308445,0.0519755
-148.101,102.532,0.0310049,0.0530677
-144.304,102.532,0.0311654,0.0541598
-140.506,102.532,0.0313258,0.0552519
-136.709,102.532,0.0314863,0.0563441
-132.911,102.532,0.0316467,0.0574362
-129.114,102.532,0.0318072,0.0585283
-125.316,102.532,0.0319676,0.0596205
-121.519,102.532,0.0321281,0.0607126
-117.722,102.532,0.0322885,0.0618047
-113.924,102.532,0.032449,0.0628968
-110.127,102.532,0.0326094,0.063989
-106.329,102.532,0.0327698,0.0650811
-102.532,102.532,0.0329303,0.0661732
-98.7342,102.532,0.0330907,0.0672654
-94.9367,102.532,0.0332512,0.0683575
-91.1392,102.532,0.0334116,0.0694496
-87.3418,102.532,0.0335721,0.0705418
-83.5443,102.532,0.0337325,0.0716339
-79.7468,102.532,0.033893,0.072726
-75.9494,102.532,0.0340534,0.0738182
-72.1519,102.532,0.0342139,0.0749103
-68.3544,102.532,0.0343743,0.0760024
-64.557,102.532,0.0345347,0.0770945
-60.7595,102.532,0.0346952,0.0781867
-56.962,102.532,0.0348556,0.0792788
-53.1646,102.532,0.0350161,0.0803709
-49.3671,102.532,0.0351765,0.0814631
-45.5696,102.532,0.035337,0.0825552
-41.7722,102.532,0.0354974,0.0836473
-37.9747,102.532,0.0356579,0.0847395
-34.1772,102.532,0.0358183,0.0858316
-30.3797,102.532,0.0359788,0.0869237
-26.5823,102.532,0.0361392,0.0880158
-22.7848,102.532,0.0362996,0.089108
-18.9873,102.532,0.0364601,0.0902001
-15.1899,102.532,0.0366205,0.0912922
-11.3924,102.532,0.036781,0.0923844
-7.59494,102.532,0.0369414,0.0934765
-3.79747,102.532,0.0371019,0.0945686
0,102.532,0.0372623,0.0956608
-300,106.329,0.0251661,0.0111323
-296.203,106.329,0.0253265,0.0122245
-292.405,106.329,0.025487,0.0133166
-288.608,106.329,0.0256474,0.0144087
-284.81,106.329,0.0258079,0.0155009
-281.013,106.329,0.0259683,0.016593
-277.215,106.329,0.0261288,0.0176851
-273.418,106.329,0.0262892,0.0187772
-269.62,106.329,0.0264497,0.0198694
-265.823,106.329,0.0266101,0.0209615
-262.025,106.329,0.0267705,0.0220536
-258.228,106.329,0.026931,0.0231458
-254.43,106.329,0.0270914,0.0242379
-250.633,106.329,0.0272519,0.02533
-246.835,106.329,0.0274123,0.0264222
-243.038,106.329,0.0275728,0.0275143
-239.241,106.329,0.0277332,0.0286064
-235.443,106.329,0.0278937,0.0296985
-231.646,106.329,0.0280541,0.0307907
-227.848,106.329,0.0282146,0.0318828
-224.051,106.329,0.028375,0.0329749
-220.253,106.329,0.0285354,0.0340671
-216.456,106.329,0.0286959,0.0351592
-212.658,106.329,0.0288563,0.0362513
-208.861,106.329,0.0290168,0.0373435
-205.063,106.329,0.0291772,0.0384356
-201.266,106.329,0.0293377,0.0395277
-197.468,106.329,0.0294981,0.0406199
-193.671,106.329,0.0296586,0.041712
-189.873,106.329,0.029819,0.0428041
-186.076,106.329,0.0299795,0.0438962
-182.278,106.329,0.0301399,0.0449884
-178.481,106.329,0.0303003,0.0460805
-174.684,106.329,0.0304608,0.0471726
-170.886,106.329,0.0306212,0.0482648
-167.089,106.329,0.0307817,0.0493569
-163.291,106.329,0.0309421,0.050449
-159.494,106.329,0.0311026,0.0515412
-155.696,106.329,0.031263,0.0526333
-151.899,106.329,0.0314235,0.0537254
-148.101,106.329,0.0315839,0.0548175
-144.304,106.329,0.0317443,0.0559097
-140.506,106.329,0.0319048,0.0570018
-136.709,106.329,0.0320652,0.0580939
-132.911,106.329,0.0322257,0.0591861
-129.114,106.329,0.0323861,0.0602782
-125.316,106.329,0.0325466,0.0613703
-121.519,106.329,0.032707,0.0624625
-117.722,106.329,0.0328675,0.0635546
-113.924,106.329,0.0330279,0.0646467
-110.127,106.329,0.0331884,0.0657389
-106.329,106.329,0.0333488,0.066831
-102.532,106.329,0.0335092,0.0679231
-98.7342,106.329,0.0336697,0.0690152
-94.9367,106.329,0.0338301,0.0701074
-91.1392,106.329,0.0339906,0.0711995
-87.3418,106.329,0.034151,0.0722916
-83.5443,106.329,0.0343115,0.0733838
-79.7468,106.329,0.0344719,0.0744759
-75.9494,106.329,0.0346324,0.075568
-72.1519,106.329,0.0347928,0.0766602
-68.3544,106.329,0.0349533,0.0777523
-64.557,106.329,0.0351137,0.0788444
-60.7595,106.329,0.0352741,0.0799365
-56.962,106.329,0.0354346,0.0810287
-53.1646,106.329,0.035595,0.0821208
-49.3671,106.329,0.0357555,0.0832129
-45.5696,106.329,0.0359159,0.0843051
-41.7722,106.329,0.0360764,0.0853972
-37.9747,106.329,0.0362368,0.0864893
-34.1772,106.329,0.0363973,0.0875815
-30.3797,106.329,0.0365577,0.0886736
-26.5823,106.329,0.0367182,0.0897657
-22.7848,106.329,0.0368786,0.0908579
-18.9873,106.329,0.037039,0.09195
-15.1899,106.329,0.0371995,0.0930421
-11.3924,106.329,0.0373599,0.0941342
-7.59494,106.329,0.0375204,0.0952264
-3.79747,106.329,0.0376808,0.0963185
0,106.329,0.0378413,0.0974106
-300,110.127,0.025745,0.0128822
-296.203,110.127,0.0259055,0.0139743
-292.405,110.127,0.0260659,0.0150665
-288.608,110.127,0.0262264,0.0161586
-284.81,110.127,0.0263868,0.0172507
-281.013,110.127,0.0265473,0.0183429
-277.215,110.127,0.0267077,0.019435
-273.418,110.127,0.0268682,0.0205271
-269.62,110.127,0.0270286,0.0216193
-265.823,110.127,0.0271891,0.0227114
-262.025,110.127,0.0273495,0.0238035
-258.228,110.127,0.0275099,0.0248956
-254.43,110.127,0.0276704,0.0259878
-250.633,110.127,0.0278308,0.0270799
-246.835,110.127,0.0279913,0.028172
-243.038,110.127,0.0281517,0.0292642
-239.241,110.127,0.0283122,0.0303563
-235.443,110.127,0.0284726,0.0314484
-231.646,110.127,0.0286331,0.0325406
-227.848,110.127,0.0287935,0.0336327
-224.051,110.127,0.028954,0.0347248
-220.253,110.127,0.0291144,0.0358169
-216.456,110.127,0.0292748,0.0369091
-212.658,110.127,0.0294353,0.0380012
-208.861,110.127,0.0295957,0.0390933
-205.063,110.127,0.0297562,0.0401855
-201.266,110.127,0.0299166,0.0412776
-197.468,110.127,0.0300771,0.0423697
-193.671,110.127,0.0302375,0.0434619
-189.873,110.127,0.030398,0.044554
-186.076,110.127,0.0305584,0.0456461
-182.278,110.127,0.0307189,0.0467382
-178.481,110.127,0.0308793,0.0478304
-174.684,110.127,0.0310397,0.0489225
-170.886,110.127,0.0312002,0.0500146
-167.089,110.127,0.0313606,0.0511068
-163.291,110.127,0.0315211,0.0521989
-159.494,110.127,0.0316815,0.053291
-155.696,110.127,0.031842,0.0543832
-151.899,110.127,0.0320024,0.0554753
-148.101,110.127,0.0321629,0.0565674
-144.304,110.127,0.0323233,0.0576596
-140.506,110.127,0.0324837,0.0587517
-136.709,110.127,0.0326442,0.0598438
-132.911,110.127,0.0328046,0.0609359
-129.114,110.127,0.0329651,0.0620281
-125.316,110.127,0.0331255,0.0631202
-121.519,110.127,0.033286,0.0642123
-117.722,110.127,0.0334464,0.0653045
-113.924,110.127,0.0336069,0.0663966
-110.127,110.127,0.0337673,0.0674887
-106.329,110.127,0.0339278,0.0685809
-102.532,110.127,0.0340882,0.069673
-98.7342,110.127,0.0342486,0.0707651
-94.9367,110.127,0.0344091,0.0718572
-91.1392,110.127,0.0345695,0.0729494
-87.3418,110.127,0.03473,0.0740415
-83.5443,110.127,0.0348904,0.0751336
-79.7468,110.127,0.0350509,0.0762258
-75.9494,110.127,0.0352113,0.0773179
-72.1519,110.127,0.0353718,0.07841
-68.3544,110.127,0.0355322,0.0795022
-64.557,110.127,0.0356927,0.0805943
-60.7595,110.127,0.0358531,0.0816864
-56.962,110.127,0.0360135,0.0827786
-53.1646,110.127,0.036174,0.0838707
-49.3671,110.127,0.0363344,0.0849628
-45.5696,110.127,0.0364949,0.0860549
-41.7722,110.127,0.0366553,0.0871471
-37.9747,110.127,0.0368158,0.0882392
-34.1772,110.127,0.0369762,0.0893313
-30.3797,110.127,0.0371367,0.0904235
-26.5823,110.127,0.0372971,0.0915156
-22.7848,110.127,0.0374576,0.0926077
-18.9873,110.127,0.037618,0.0936999
-15.1899,110.127,0.0377784,0.094792
-11.3924,110.127,0.0379389,0.0958841
-7.59494,110.127,0.0380993,0.0969762
-3.79747,110.127,0.0382598,0.0980684
0,110.127,0.0384202,0.0991605
-300,113.924,0.026324,0.0146321
-296.203,113.924,0.0264844,0.0157242
-292.405,113.924,0.0266449,0.0168163
-288.608,113.924,0.0268053,0.0179085
-284.81,113.924,0.0269658,0.0190006
-281.013,113.924,0.0271262,0.0200927
-277.215,113.924,0.0272867,0.0211849
-273.418,113.924,0.0274471,0.022277
-269.62,113.924,0.0276076,0.0233691
-265.823,113.924,0.027768,0.0244613
-262.025,113.924,0.0279285,0.0255534
-258.228,113.924,0.0280889,0.0266455
-254.43,113.924,0.0282493,0.0277376
-250.633,113.924,0.0284098,0.0288298
-246.835,113.924,0.0285702,0.0299219
-243.038,113.924,0.0287307,0.031014
-239.241,113.924,0.0288911,0.0321062
-235.443,113.924,0.0290516,0.0331983
-231.646,113.924,0.029212,0.0342904
-227.848,113.924,0.0293725,0.0353826
-224.051,113.924,0.0295329,0.0364747
-220.253,113.924,0.0296934,0.0375668
-216.456,113.924,0.0298538,0.0386589
-212.658,113.924,0.0300142,0.0397511
-208.861,113.924,0.0301747,0.0408432
-205.063,113.924,0.0303351,0.0419353
-201.266,113.924,0.0304956,0.0430275
-197.468,113.924,0.030656,0.0441196
-193.671,113.924,0.0308165,0.0452117
-189.873,113.924,0.0309769,0.0463039
-186.076,113.924,0.0311374,0.047396
-182.278,113.924,0.0312978,0.0484881
-178.481,113.924,0.0314582,0.0495803
-174.684,113.924,0.0316187,0.0506724
-170.886,113.924,0.0317791,0.0517645
-167.089,113.924,0.0319396,0.0528566
-163.291,113.924,0.0321,0.0539488
-159.494,113.924,0.0322605,0.0550409
-155.696,113.924,0.0324209,0.056133
-151.899,113.924,0.0325814,0.0572252
-148.101,113.924,0.0327418,0.0583173
-144.304,113.924,0.0329023,0.0594094
-140.506,113.924,0.0330627,0.0605016
-136.709,113.924,0.0332231,0.0615937
-132.911,113.924,0.0333836,0.0626858
-129.114,113.924,0.033544,0.0637779
-125.316,113.924,0.0337045,0.0648701
-121.519,113.924,0.0338649,0.0659622
-117.722,113.924,0.0340254,0.0670543
-113.924,113.924,0.0341858,0.0681465
-110.127,113.924,0.0343463,0.0692386
-106.329,113.924,0.0345067,0.0703307
-102.532,113.924,0.0346672,0.0714229
-98.7342,113.924,0.0348276,0.072515
-94.9367,113.924,0.034988,0.0736071
-91.1392,113.924,0.0351485,0.0746993
-87.3418,113.924,0.0353089,0.0757914
-83.5443,113.924,0.0354694,0.0768835
-79.7468,113.924,0.0356298,0.0779756
-75.9494,113.924,0.0357903,0.0790678
-72.1519,113.924,0.0359507,0.0801599
-68.3544,113.924,0.0361112,0.081252
-64.557,113.924,0.0362716,0.0823442
-60.7595,113.924,0.0364321,0.0834363
-56.962,113.924,0.0365925,0.0845284
-53.1646,113.924,0.0367529,0.0856206
-49.3671,113.924,0.0369134,0.0867127
-45.5696,113.924,0.0370738,0.0878048
-41.7722,113.924,0.0372343,0.0888969
-37.9747,113.924,0.0373947,0.0899891
-34.1772,113.924,0.0375552,0.0910812
-30.3797,113.924,0.0377156,0.0921733
-26.5823,113.924,0.0378761,0.0932655
-22.7848,113.924,0.0380365,0.0943576
-18.9873,113.924,0.038197,0.0954497
-15.1899,113.924,0.0383574,0.0965419
-11.3924,113.924,0.0385178,0.097634
-7.59494,113.924,0.0386783,0.0987261
-3.79747,113.924,0.0388387,0.0998182
0,113.924,0.0389992,0.10091
-300,117.722,0.026903,0.016382
-296.203,117.722,0.0270634,0.0174741
-292.405,117.722,0.0272238,0.0185662
-288.608,117.722,0.0273843,0.0196583
-284.81,117.722,0.0275447,0.0207505
-281.013,117.722,0.0277052,0.0218426
-277.215,117.722,0.0278656,0.0229347
-273.418,117.722,0.0280261,0.0240269
-269.62,117.722,0.0281865,0.025119
-265.823,117.722,0.028347,0.0262111
-262.025,117.722,0.0285074,0.0273033
-258.228,117.722,0.0286679,0.0283954
-254.43,117.722,0.0288283,0.0294875
-250.633,117.722,0.0289887,0.0305796
-246.835,117.722,0.0291492,0.0316718
-243.038,117.722,0.0293096,0.0327639
-239.241,117.722,0.0294701,0.033856
-235.443,117.722,0.0296305,0.0349482
-231.646,117.722,0.029791,0.0360403
-227.848,117.722,0.0299514,0.0371324
-224.051,117.722,0.0301119,0.0382246
-220.253,117.722,0.0302723,0.0393167
-216.456,117.722,0.0304328,0.0404088
-212.658,117.722,0.0305932,0.041501
-208.861,117.722,0.0307536,0.0425931
-205.063,117.722,0.0309141,0.0436852
-201.266,117.722,0.0310745,0.0447773
-197.468,117.722,0.031235,0.0458695
-193.671,117.722,0.0313954,0.0469616
-189.873,117.722,0.0315559,0.0480537
-186.076,117.722,0.0317163,0.0491459
-182.278,117.722,0.0318768,0.050238
-178.481,117.722,0.0320372,0.0513301
-174.684,117.722,0.0321976,0.0524223
-170.886,117.722,0.0323581,0.0535144
-167.089,117.722,0.0325185,0.0546065
-163.291,117.722,0.032679,0.0556986
-159.494,117.722,0.0328394,0.0567908
-155.696,117.722,0.0329999,0.0578829
-151.899,117.722,0.0331603,0.058975
-148.101,117.722,0.0333208,0.0600672
-144.304,117.722,0.0334812,0.0611593
-140.506,117.722,0.0336417,0.0622514
-136.709,117.722,0.0338021,0.0633436
-132.911,117.722,0.0339625,0.0644357
-129.114,117.722,0.034123,0.0655278
-125.316,117.722,0.0342834,0.06662
-121.519,117.722,0.0344439,0.0677121
-117.722,117.722,0.0346043,0.0688042
-113.924,117.722,0.0347648,0.0698963
-110.127,117.722,0.0349252,0.0709885
-106.329,117.722,0.0350857,0.0720806
-102.532,117.722,0.0352461,0.0731727
-98.7342,117.722,0.0354066,0.0742649
-94.9367,117.722,0.035567,0.075357
-91.1392,117.722,0.0357274,0.0764491
-87.3418,117.722,0.0358879,0.0775413
-83.5443,117.722,0.0360483,0.0786334
-79.7468,117.722,0.0362088,0.0797255
-75.9494,117.722,0.0363692,0.0808176
-72.1519,117.722,0.0365297,0.0819098
-68.3544,117.722,0.0366901,0.0830019
-64.557,117.722,0.0368506,0.084094
-60.7595,117.722,0.037011,0.0851862
-56.962,117.722,0.0371715,0.0862783
-53.1646,117.722,0.0373319,0.0873704
-49.3671,117.722,0.0374923,0.0884626
-45.5696,117.722,0.0376528,0.0895547
-41.7722,117.722,0.0378132,0.0906468
-37.9747,117.722,0.0379737,0.0917389
-34.1772,117.722,0.0381341,0.0928311
-30.3797,117.722,0.0382946,0.0939232
-26.5823,117.722,0.038455,0.0950153
-22.7848,117.722,0.0386155,0.0961075
-18.9873,117.722,0.0387759,0.0971996
-15.1899,117.722,0.0389364,0.0982917
-11.3924,117.722,0.0390968,0.0993839
-7.59494,117.722,0.0392572,0.100476
-3.79747,117.722,0.0394177,0.101568
0,117.722,0.0395781,0.10266
-300,121.519,0.0274819,0.0181318
-296.203,121.519,0.0276424,0.019224
-292.405,121.519,0.0278028,0.0203161
-288.608,121.519,0.0279632,0.0214082
-284.81,121.519,0.0281237,0.0225003
-281.013,121.519,0.0282841,0.0235925
-277.215,121.519,0.0284446,0.0246846
-273.418,121.519,0.028605,0.0257767
-269.62,121.519,0.0287655,0.0268689
-265.823,121.519,0.0289259,0.027961
-262.025,121.519,0.0290864,0.0290531
-258.228,121.519,0.0292468,0.0301453
-254.43,121.519,0.0294073,0.0312374
-250.633,121.519,0.0295677,0.0323295
-246.835,121.519,0.0297281,0.0334217
-243.038,121.519,0.0298886,0.0345138
-239.241,121.519,0.030049,0.0356059
-235.443,121.519,0.0302095,0.036698
-231.646,121.519,0.0303699,0.0377902
-227.848,121.519,0.0305304,0.0388823
-224.051,121.519,0.0306908,0.0399744
-220.253,121.519,0.0308513,0.0410666
-216.456,121.519,0.0310117,0.0421587
-212.658,121.519,0.0311722,0.0432508
-208.861,121.519,0.0313326,0.044343
-205.063,121.519,0.031493,0.0454351
-201.266,121.519,0.0316535,0.0465272
-197.468,121.519,0.0318139,0.0476193
-193.671,121.519,0.0319744,0.0487115
-189.873,121.519,0.0321348,0.0498036
-186.076,121.519,0.0322953,0.0508957
-182.278,121.519,0.0324557,0.0519879
-178.481,121.519,0.0326162,0.05308
-174.684,121.519,0.0327766,0.0541721
-170.886,121.519,0.032937,0.0552643
-167.089,121.519,0.0330975,0.0563564
-163.291,121.519,0.0332579,0.0574485
-159.494,121.519,0.0334184,0.0585407
-155.696,121.519,0.0335788,0.0596328
-151.899,121.519,0.0337393,0.0607249
-148.101,121.519,0.0338997,0.061817
-144.304,121.519,0.0340602,0.0629092
-140.506,121.519,0.0342206,0.0640013
-136.709,121.519,0.0343811,0.0650934
-132.911,121.519,0.0345415,0.0661856
-129.114,121.519,0.0347019,0.0672777
-125.316,121.519,0.0348624,0.0683698
-121.519,121.519,0.0350228,0.069462
-117.722,121.519,0.0351833,0.0705541
-113.924,121.519,0.0353437,0.0716462
-110.127,121.519,0.0355042,0.0727383
-106.329,121.519,0.0356646,0.0738305
-102.532,121.519,0.0358251,0.0749226
-98.7342,121.519,0.0359855,0.0760147
-94.9367,121.519,0.036146,0.0771069
-91.1392,121.519,0.0363064,0.078199
-87.3418,121.519,0.0364668,0.0792911
-83.5443,121.519,0.0366273,0.0803833
-79.7468,121.519,0.0367877,0.0814754
-75.9494,121.519,0.0369482,0.0825675
-72.1519,121.519,0.0371086,0.0836597
-68.3544,121.519,0.0372691,0.0847518
-64.557,121.519,0.0374295,0.0858439
-60.7595,121.519,0.03759,0.086936
-56.962,121.519,0.0377504,0.0880282
-53.1646,121.519,0.0379109,0.0891203
-49.3671,121.519,0.0380713,0.0902124
-45.5696,121.519,0.0382317,0.0913046
-41.7722,121.519,0.0383922,0.0923967
-37.9747,121.519,0.0385526,0.0934888
-34.1772,121.519,0.0387131,0.094581
-30.3797,121.519,0.0388735,0.0956731
-26.5823,121.519,0.039034,0.0967652
-22.7848,121.519,0.0391944,0.0978573
-18.9873,121.519,0.0393549,0.0989495
-15.1899,121.519,0.0395153,0.100042
-11.3924,121.519,0.0396758,0.101134
-7.59494,121.519,0.0398362,0.102226
-3.79747,121.519,0.0399966,0.103318
0,121.519,0.0401571,0.10441
-300,125.316,0.0280609,0.0198817
-296.203,125.316,0.0282213,0.0209738
-292.405,125.316,0.0283818,0.022066
-288.608,125.316,0.0285422,0.0231581
-284.81,125.316,0.0287026,0.0242502
-281.013,125.316,0.0288631,0.0253424
-277.215,125.316,0.0290235,0.0264345
-273.418,125.316,0.029184,0.0275266
-269.62,125.316,0.0293444,0.0286187
-265.823,125.316,0.0295049,0.0297109
-262.025,125.316,0.0296653,0.030803
-258.228,125.316,0.0298258,0.0318951
-254.43,125.316,0.0299862,0.0329873
-250.633,125.316,0.0301467,0.0340794
-246.835,125.316,0.0303071,0.0351715
-243.038,125.316,0.0304675,0.0362637
-239.241,125.316,0.030628,0.0373558
-235.443,125.316,0.0307884,0.0384479
-231.646,125.316,0.0309489,0.03954
-227.848,125.316,0.0311093,0.0406322
-224.051,125.316,0.0312698,0.0417243
-220.253,125.316,0.0314302,0.0428164
-216.456,125.316,0.0315907,0.0439086
-212.658,125.316,0.0317511,0.0450007
-208.861,125.316,0.0319115,0.0460928
-205.063,125.316,0.032072,0.047185
-201.266,125.316,0.0322324,0.0482771
-197.468,125.316,0.0323929,0.0493692
-193.671,125.316,0.0325533,0.0504614
-189.873,125.316,0.0327138,0.0515535
-186.076,125.316,0.0328742,0.0526456
-182.278,125.316,0.0330347,0.0537377
-178.481,125.316,0.0331951,0.0548299
-174.684,125.316,0.0333556,0.055922
-170.886,125.316,0.033516,0.0570141
-167.089,125.316,0.0336764,0.0581063
-163.291,125.316,0.0338369,0.0591984
-159.494,125.316,0.0339973,0.0602905
-155.696,125.316,0.0341578,0.0613827
-151.899,125.316,0.0343182,0.0624748
-148.101,125.316,0.0344787,0.0635669
-144.304,125.316,0.0346391,0.064659
-140.506,125.316,0.0347996,0.0657512
-136.709,125.316,0.03496,0.0668433
-132.911,125.316,0.0351205,0.0679354
-129.114,125.316,0.0352809,0.0690276
-125.316,125.316,0.0354413,0.0701197
-121.519,125.316,0.0356018,0.0712118
-117.722,125.316,0.0357622,0.072304
-113.924,125.316,0.0359227,0.0733961
-110.127,125.316,0.0360831,0.0744882
-106.329,125.316,0.0362436,0.0755804
-102.532,125.316,0.036404,0.0766725
-98.7342,125.316,0.0365645,0.0777646
-94.9367,125.316,0.0367249,0.0788567
-91.1392,125.316,0.0368854,0.0799489
-87.3418,125.316,0.0370458,0.081041
-83.5443,125.316,0.0372062,0.0821331
-79.7468,125.316,0.0373667,0.0832253
-75.9494,125.316,0.0375271,0.0843174
-72.1519,125.316,0.0376876,0.0854095
-68.3544,125.316,0.037848,0.0865017
-64.557,125.316,0.0380085,0.0875938
-60.7595,125.316,0.0381689,0.0886859
-56.962,125.316,0.0383294,0.089778
-53.1646,125.316,0.0384898,0.0908702
-49.3671,125.316,0.0386503,0.0919623
-45.5696,125.316,0.0388107,0.0930544
-41.7722,125.316,0.0389711,0.0941466
-37.9747,125.316,0.0391316,0.0952387
-34.1772,125.316,0.039292,0.0963308
-30.3797,125.316,0.0394525,0.097423
-26.5823,125.316,0.0396129,0.0985151
-22.7848,125.316,0.0397734,0.0996072
-18.9873,125.316,0.0399338,0.100699
-15.1899,125.316,0.0400943,0.101791
-11.3924,125.316,0.0402547,0.102884
-7.59494,125.316,0.0404152,0.103976
-3.79747,125.316,0.0405756,0.105068
0,125.316,0.040736,0.10616
-300,129.114,0.0286398,0.0216316
-296.203,129.114,0.0288003,0.0227237
-292.405,129.114,0.0289607,0.0238158
-288.608,129.114,0.0291212,0.024908
-284.81,129.114,0.0292816,0.0260001
-281.013,129.114,0.029442,0.0270922
-277.215,129.114,0.0296025,0.0281844
-273.418,129.114,0.0297629,0.0292765
-269.62,129.114,0.0299234,0.0303686
-265.823,129.114,0.0300838,0.0314607
-262.025,129.114,0.0302443,0.0325529
-258.228,129.114,0.0304047,0.033645
-254.43,129.114,0.0305652,0.0347371
-250.633,129.114,0.0307256,0.0358293
-246.835,129.114,0.0308861,0.0369214
-243.038,129.114,0.0310465,0.0380135
-239.241,129.114,0.0312069,0.0391057
-235.443,129.114,0.0313674,0.0401978
-231.646,129.114,0.0315278,0.0412899
-227.848,129.114,0.0316883,0.0423821
-224.051,129.114,0.0318487,0.0434742
-220.253,129.114,0.0320092,0.0445663
-216.456,129.114,0.0321696,0.0456584
-212.658,129.114,0.0323301,0.0467506
-208.861,129.114,0.0324905,0.0478427
-205.063,129.114,0.0326509,0.0489348
-201.266,129.114,0.0328114,0.050027
-197.468,129.114,0.0329718,0.0511191
-193.671,129.114,0.0331323,0.0522112
-189.873,129.114,0.0332927,0.0533034
-186.076,129.114,0.0334532,0.0543955
-182.278,129.114,0.0336136,0.0554876
-178.481,129.114,0.0337741,0.0565797
-174.684,129.114,0.0339345,0.0576719
-170.886,129.114,0.034095,0.058764
-167.089,129.114,0.0342554,0.0598561
-163.291,129.114,0.0344158,0.0609483
-159.494,129.114,0.0345763,0.0620404
-155.696,129.114,0.0347367,0.0631325
-151.899,129.114,0.0348972,0.0642247
-148.101,129.114,0.0350576,0.0653168
-144.304,129.114,0.0352181,0.0664089
-140.506,129.114,0.0353785,0.0675011
-136.709,129.114,0.035539,0.0685932
-132.911,129.114,0.0356994,0.0696853
-129.114,129.114,0.0358599,0.0707774
-125.316,129.114,0.0360203,0.0718696
-121.519,129.114,0.0361807,0.0729617
-117.722,129.114,0.0363412,0.0740538
-113.924,129.114,0.0365016,0.075146
-110.127,129.114,0.0366621,0.0762381
-106.329,129.114,0.0368225,0.0773302
-102.532,129.114,0.036983,0.0784224
-98.7342,129.114,0.0371434,0.0795145
-94.9367,129.114,0.0373039,0.0806066
-91.1392,129.114,0.0374643,0.0816987
-87.3418,129.114,0.0376248,0.0827909
-83.5443,129.114,0.0377852,0.083883
-79.7468,129.114,0.0379456,0.0849751
-75.9494,129.114,0.0381061,0.0860673
-72.1519,129.114,0.0382665,0.0871594
-68.3544,129.114,0.038427,0.0882515
-64.557,129.114,0.0385874,0.0893437
-60.7595,129.114,0.0387479,0.0904358
-56.962,129.114,0.0389083,0.0915279
-53.1646,129.114,0.0390688,0.09262
-49.3671,129.114,0.0392292,0.0937122
-45.5696,129.114,0.0393897,0.0948043
-41.7722,129.114,0.0395501,0.0958964
-37.9747,129.114,0.0397105,0.0969886
-34.1772,129.114,0.039871,0.0980807
-30.3797,129.114,0.0400314,0.0991728
-26.5823,129.114,0.0401919,0.100265
-22.7848,129.114,0.0403523,0.101357
-18.9873,129.114,0.0405128,0.102449
-15.1899,129.114,0.0406732,0.103541
-11.3924,129.114,0.0408337,0.104633
-7.59494,129.114,0.0409941,0.105726
-3.79747,129.114,0.0411546,0.106818
0,129.114,0.041315,0.10791
-300,132.911,0.0292188,0.0233814
-296.203,132.911,0.0293792,0.0244736
-292.405,132.911,0.0295397,0.0255657
-288.608,132.911,0.0297001,0.0266578
-284.81,132.911,0.0298606,0.02775
-281.013,132.911,0.030021,0.0288421
-277.215,132.911,0.0301814,0.0299342
-273.418,132.911,0.0303419,0.0310264
-269.62,132.911,0.0305023,0.0321185
-265.823,132.911,0.0306628,0.0332106
-262.025,132.911,0.0308232,0.0343028
-258.228,132.911,0.0309837,0.0353949
-254.43,132.911,0.0311441,0.036487
-250.633,132.911,0.0313046,0.0375791
-246.835,132.911,0.031465,0.0386713
-243.038,132.911,0.0316255,0.0397634
-239.241,132.911,0.0317859,0.0408555
-235.443,132.911,0.0319463,0.0419477
-231.646,132.911,0.0321068,0.0430398
-227.848,132.911,0.0322672,0.0441319
-224.051,132.911,0.0324277,0.0452241
-220.253,132.911,0.0325881,0.0463162
-216.456,132.911,0.0327486,0.0474083
-212.658,132.911,0.032909,0.0485004
-208.861,132.911,0.0330695,0.0495926
-205.063,132.911,0.0332299,0.0506847
-201.266,132.911,0.0333903,0.0517768
-197.468,132.911,0.0335508,0.052869
-193.671,132.911,0.0337112,0.0539611
-189.873,132.911,0.0338717,0.0550532
-186.076,132.911,0.0340321,0.0561454
-182.278,132.911,0.0341926,0.0572375
-178.481,132.911,0.034353,0.0583296
-174.684,132.911,0.0345135,0.0594218
-170.886,132.911,0.0346739,0.0605139
-167.089,132.911,0.0348344,0.061606
-163.291,132.911,0.0349948,0.0626981
-159.494,132.911,0.0351552,0.0637903
-155.696,132.911,0.0353157,0.0648824
-151.899,132.911,0.0354761,0.0659745
-148.101,132.911,0.0356366,0.0670667
-144.304,132.911,0.035797,0.0681588
-140.506,132.911,0.0359575,0.0692509
-136.709,132.911,0.0361179,0.0703431
-132.911,132.911,0.0362784,0.0714352
-129.114,132.911,0.0364388,0.0725273
-125.316,132.911,0.0365993,0.0736194
-121.519,132.911,0.0367597,0.0747116
-117.722,132.911,0.0369201,0.0758037
-113.924,132.911,0.0370806,0.0768958
-110.127,132.911,0.037241,0.077988
-106.329,132.911,0.0374015,0.0790801
-102.532,132.911,0.0375619,0.0801722
-98.7342,132.911,0.0377224,0.0812644
-94.9367,132.911,0.0378828,0.0823565
-91.1392,132.911,0.0380433,0.0834486
-87.3418,132.911,0.0382037,0.0845407
-83.5443,132.911,0.0383642,0.0856329
-79.7468,132.911,0.0385246,0.086725
-75.9494,132.911,0.038685,0.0878171
-72.1519,132.911,0.0388455,0.0889093
-68.3544,132.911,0.0390059,0.0900014
-64.557,132.911,0.0391664,0.0910935
-60.7595,132.911,0.0393268,0.0921857
-56.962,132.911,0.0394873,0.0932778
-53.1646,132.911,0.0396477,0.0943699
-49.3671,132.911,0.0398082,0.0954621
-45.5696,132.911,0.0399686,0.0965542
-41.7722,132.911,0.0401291,0.0976463
-37.9747,132.911,0.0402895,0.0987384
-34.1772,132.911,0.0404499,0.0998306
-30.3797,132.911,0.0406104,0.100923
-26.5823,132.911,0.0407708,0.102015
-22.7848,132.911,0.0409313,0.103107
-18.9873,132.911,0.0410917,0.104199
-15.1899,132.911,0.0412522,0.105291
-11.3924,132.911,0.0414126,0.106383
-7.59494,132.911,0.0415731,0.107475
-3.79747,132.911,0.0417335,0.108568
0,132.911,0.041894,0.10966
-300,136.709,0.0297977,0.0251313
-296.203,136.709,0.0299582,0.0262235
-292.405,136.709,0.0301186,0.0273156
-288.608,136.709,0.0302791,0.0284077
-284.81,136.709,0.0304395,0.0294998
-281.013,136.709,0.0306,0.030592
-277.215,136.709,0.0307604,0.0316841
-273.418,136.709,0.0309208,0.0327762
-269.62,136.709,0.0310813,0.0338684
-265.823,136.709,0.0312417,0.0349605
-262.025,136.709,0.0314022,0.0360526
-258.228,136.709,0.0315626,0.0371448
-254.43,136.709,0.0317231,0.0382369
-250.633,136.709,0.0318835,0.039329
-246.835,136.709,0.032044,0.0404211
-243.038,136.709,0.0322044,0.0415133
-239.241,136.709,0.0323649,0.0426054
-235.443,136.709,0.0325253,0.0436975
-231.646,136.709,0.0326857,0.0447897
-227.848,136.709,0.0328462,0.0458818
-224.051,136.709,0.0330066,0.0469739
-220.253,136.709,0.0331671,0.0480661
-216.456,136.709,0.0333275,0.0491582
-212.658,136.709,0.033488,0.0502503
-208.861,136.709,0.0336484,0.0513425
-205.063,136.709,0.0338089,0.0524346
-201.266,136.709,0.0339693,0.0535267
-197.468,136.709,0.0341297,0.0546188
-193.671,136.709,0.0342902,0.055711
-189.873,136.709,0.0344506,0.0568031
-186.076,136.709,0.0346111,0.0578952
-182.278,136.709,0.0347715,0.0589874
-178.481,136.709,0.034932,0.0600795
-174.684,136.709,0.0350924,0.0611716
-170.886,136.709,0.0352529,0.0622638
-167.089,136.709,0.0354133,0.0633559
-163.291,136.709,0.0355738,0.064448
-159.494,136.709,0.0357342,0.0655401
-155.696,136.709,0.0358946,0.0666323
-151.899,136.709,0.0360551,0.0677244
-148.101,136.709,0.0362155,0.0688165
-144.304,136.709,0.036376,0.0699087
-140.506,136.709,0.0365364,0.0710008
-136.709,136.709,0.0366969,0.0720929
-132.911,136.709,0.0368573,0.0731851
-129.114,136.709,0.0370178,0.0742772
-125.316,136.709,0.0371782,0.0753693
-121.519,136.709,0.0373387,0.0764615
-117.722,136.709,0.0374991,0.0775536
-113.924,136.709,0.0376595,0.0786457
-110.127,136.709,0.03782,0.0797378
-106.329,136.709,0.0379804,0.08083
-102.532,136.709,0.0381409,0.0819221
-98.7342,136.709,0.0383013,0.0830142
-94.9367,136.709,0.0384618,0.0841064
-91.1392,136.709,0.0386222,0.0851985
-87.3418,136.709,0.0387827,0.0862906
-83.5443,136.709,0.0389431,0.0873828
-79.7468,136.709,0.0391036,0.0884749
-75.9494,136.709,0.039264,0.089567
-72.1519,136.709,0.0394244,0.0906591
-68.3544,136.709,0.0395849,0.0917513
-64.557,136.709,0.0397453,0.0928434
-60.7595,136.709,0.0399058,0.0939355
-56.962,136.709,0.0400662,0.0950277
-53.1646,136.709,0.0402267,0.0961198
-49.3671,136.709,0.0403871,0.0972119
-45.5696,136.709,0.0405476,0.0983041
-41.7722,136.709,0.040708,0.0993962
-37.9747,136.709,0.0408685,0.100488
-34.1772,136.709,0.0410289,0.10158
-30.3797,136.709,0.0411893,0.102673
-26.5823,136.709,0.0413498,0.103765
-22.7848,136.709,0.0415102,0.104857
-18.9873,136.709,0.0416707,0.105949
-15.1899,136.709,0.0418311,0.107041
-11.3924,136.709,0.0419916,0.108133
-7.59494,136.709,0.042152,0.109225
-3.79747,136.709,0.0423125,0.110317
0,136.709,0.0424729,0.11141
-300,140.506,0.0303767,0.0268812
-296.203,140.506,0.0305371,0.0279733
-292.405,140.506,0.0306976,0.0290655
-288.608,140.506,0.030858,0.0301576
-284.81,140.506,0.0310185,0.0312497
-281.013,140.506,0.0311789,0.0323418
-277.215,140.506,0.0313394,0.033434
-273.418,140.506,0.0314998,0.0345261
-269.62,140.506,0.0316602,0.0356182
-265.823,140.506,0.0318207,0.0367104
-262.025,140.506,0.0319811,0.0378025
-258.228,140.506,0.0321416,0.0388946
-254.43,140.506,0.032302,0.0399868
-250.633,140.506,0.0324625,0.0410789
-246.835,140.506,0.0326229,0.042171
-243.038,140.506,0.0327834,0.0432632
-239.241,140.506,0.0329438,0.0443553
-235.443,140.506,0.0331042,0.0454474
-231.646,140.506,0.0332647,0.0465395
-227.848,140.506,0.0334251,0.0476317
-224.051,140.506,0.0335856,0.0487238
-220.253,140.506,0.033746,0.0498159
-216.456,140.506,0.0339065,0.0509081
-212.658,140.506,0.0340669,0.0520002
-208.861,140.506,0.0342274,0.0530923
-205.063,140.506,0.0343878,0.0541845
-201.266,140.506,0.0345483,0.0552766
-197.468,140.506,0.0347087,0.0563687
-193.671,140.506,0.0348691,0.0574608
-189.873,140.506,0.0350296,0.058553
-186.076,140.506,0.03519,0.0596451
-182.278,140.506,0.0353505,0.0607372
-178.481,140.506,0.0355109,0.0618294
-174.684,140.506,0.0356714,0.0629215
-170.886,140.506,0.0358318,0.0640136
-167.089,140.506,0.0359923,0.0651058
-163.291,140.506,0.0361527,0.0661979
-159.494,140.506,0.0363132,0.06729
-155.696,140.506,0.0364736,0.0683822
-151.899,140.506,0.036634,0.0694743
-148.101,140.506,0.0367945,0.0705664
-144.304,140.506,0.0369549,0.0716585
-140.506,140.506,0.0371154,0.0727507
-136.709,140.506,0.0372758,0.0738428
-132.911,140.506,0.0374363,0.0749349
-129.114,140.506,0.0375967,0.0760271
-125.316,140.506,0.0377572,0.0771192
-121.519,140.506,0.0379176,0.0782113
-117.722,140.506,0.0380781,0.0793035
-113.924,140.506,0.0382385,0.0803956
-110.127,140.506,0.0383989,0.0814877
-106.329,140.506,0.0385594,0.0825798
-102.532,140.506,0.0387198,0.083672
-98.7342,140.506,0.0388803,0.0847641
-94.9367,140.506,0.0390407,0.0858562
-91.1392,140.506,0.0392012,0.0869484
-87.3418,140.506,0.0393616,0.0880405
-83.5443,140.506,0.0395221,0.0891326
-79.7468,140.506,0.0396825,0.0902248
-75.9494,140.506,0.039843,0.0913169
-72.1519,140.506,0.0400034,0.092409
-68.3544,140.506,0.0401638,0.0935011
-64.557,140.506,0.0403243,0.0945933
-60.7595,140.506,0.0404847,0.0956854
-56.962,140.506,0.0406452,0.0967775
-53.1646,140.506,0.0408056,0.0978697
-49.3671,140.506,0.0409661,0.0989618
-45.5696,140.506,0.0411265,0.100054
-41.7722,140.506,0.041287,0.101146
-37.9747,140.506,0.0414474,0.102238
-34.1772,140.506,0.0416079,0.10333
-30.3797,140.506,0.0417683,0.104422
-26.5823,140.506,0.0419287,0.105515
-22.7848,140.506,0.0420892,0.106607
-18.9873,140.506,0.0422496,0.107699
-15.1899,140.506,0.0424101,0.108791
-11.3924,140.506,0.0425705,0.109883
-7.59494,140.506,0.042731,0.110975
-3.79747,140.506,0.0428914,0.112067
0,140.506,0.0430519,0.113159
-300,144.304,0.0309556,0.0286311
-296.203,144.304,0.0311161,0.0297232
-292.405,144.304,0.0312765,0.0308153
-288.608,144.304,0.031437,0.0319075
-284.81,144.304,0.0315974,0.0329996
-281.013,144.304,0.0317579,0.0340917
-277.215,144.304,0.0319183,0.0351839
-273.418,144.304,0.0320788,0.036276
-269.62,144.304,0.0322392,0.0373681
-265.823,144.304,0.0323996,0.0384602
-262.025,144.304,0.0325601,0.0395524
-258.228,144.304,0.0327205,0.0406445
-254.43,144.304,0.032881,0.0417366
-250.633,144.304,0.0330414,0.0428288
-246.835,144.304,0.0332019,0.0439209
-243.038,144.304,0.0333623,0.045013
-239.241,144.304,0.0335228,0.0461052
-235.443,144.304,0.0336832,0.0471973
-231.646,144.304,0.0338436,0.0482894
-227.848,144.304,0.0340041,0.0493815
-224.051,144.304,0.0341645,0.0504737
-220.253,144.304,0.034325,0.0515658
-216.456,144.304,0.0344854,0.0526579
-212.658,144.304,0.0346459,0.0537501
-208.861,144.304,0.0348063,0.0548422
-205.063,144.304,0.0349668,0.0559343
-201.266,144.304,0.0351272,0.0570265
-197.468,144.304,0.0352877,0.0581186
-193.671,144.304,0.0354481,0.0592107
-189.873,144.304,0.0356085,0.0603029
-186.076,144.304,0.035769,0.061395
-182.278,144.304,0.0359294,0.0624871
-178.481,144.304,0.0360899,0.0635792
-174.684,144.304,0.0362503,0.0646714
-170.886,144.304,0.0364108,0.0657635
-167.089,144.304,0.0365712,0.0668556
-163.291,144.304,0.0367317,0.0679478
-159.494,144.304,0.0368921,0.0690399
-155.696,144.304,0.0370526,0.070132
-151.899,144.304,0.037213,0.0712242
-148.101,144.304,0.0373734,0.0723163
-144.304,144.304,0.0375339,0.0734084
-140.506,144.304,0.0376943,0.0745005
-136.709,144.304,0.0378548,0.0755927
-132.911,144.304,0.0380152,0.0766848
-129.114,144.304,0.0381757,0.0777769
-125.316,144.304,0.0383361,0.0788691
-121.519,144.304,0.0384966,0.0799612
-117.722,144.304,0.038657,0.0810533
-113.924,144.304,0.0388175,0.0821455
-110.127,144.304,0.0389779,0.0832376
-106.329,144.304,0.0391383,0.0843297
-102.532,144.304,0.0392988,0.0854218
-98.7342,144.304,0.0394592,0.086514
-94.9367,144.304,0.0396197,0.0876061
-91.1392,144.304,0.0397801,0.0886982
-87.3418,144.304,0.0399406,0.0897904
-83.5443,144.304,0.040101,0.0908825
-79.7468,144.304,0.0402615,0.0919746
-75.9494,144.304,0.0404219,0.0930668
-72.1519,144.304,0.0405824,0.0941589
-68.3544,144.304,0.0407428,0.095251
-64.557,144.304,0.0409032,0.0963432
-60.7595,144.304,0.0410637,0.0974353
-56.962,144.304,0.0412241,0.0985274
-53.1646,144.304,0.0413846,0.0996195
-49.3671,144.304,0.041545,0.100712
-45.5696,144.304,0.0417055,0.101804
-41.7722,144.304,0.0418659,0.102896
-37.9747,144.304,0.0420264,0.103988
-34.1772,144.304,0.0421868,0.10508
-30.3797,144.304,0.0423473,0.106172
-26.5823,144.304,0.0425077,0.107264
-22.7848,144.304,0.0426681,0.108357
-18.9873,144.304,0.0428286,0.109449
-15.1899,144.304,0.042989,0.110541
-11.3924,144.304,0.0431495,0.111633
-7.59494,144.304,0.0433099,0.112725
-3.79747,144.304,0.0434704,0.113817
0,144.304,0.0436308,0.114909
-300,148.101,0.0315346,0.0303809
-296.203,148.101,0.031695,0.0314731
-292.405,148.101,0.0318555,0.0325652
-288.608,148.101,0.0320159,0.0336573
-284.81,148.101,0.0321764,0.0347495
-281.013,148.101,0.0323368,0.0358416
-277.215,148.101,0.0324973,0.0369337
-273.418,148.101,0.0326577,0.0380259
-269.62,148.101,0.0328182,0.039118
-265.823,148.101,0.0329786,0.0402101
-262.025,148.101,0.033139,0.0413022
-258.228,148.101,0.0332995,0.0423944
-254.43,148.101,0.0334599,0.0434865
-250.633,148.101,0.0336204,0.0445786
-246.835,148.101,0.0337808,0.0456708
-243.038,148.101,0.0339413,0.0467629
-239.241,148.101,0.0341017,0.047855
-235.443,148.101,0.0342622,0.0489472
-231.646,148.101,0.0344226,0.0500393
-227.848,148.101,0.034583,0.0511314
-224.051,148.101,0.0347435,0.0522236
-220.253,148.101,0.0349039,0.0533157
-216.456,148.101,0.0350644,0.0544078
-212.658,148.101,0.0352248,0.0554999
-208.861,148.101,0.0353853,0.0565921
-205.063,148.101,0.0355457,0.0576842
-201.266,148.101,0.0357062,0.0587763
-197.468,148.101,0.0358666,0.0598685
-193.671,148.101,0.0360271,0.0609606
-189.873,148.101,0.0361875,0.0620527
-186.076,148.101,0.0363479,0.0631449
-182.278,148.101,0.0365084,0.064237
-178.481,148.101,0.0366688,0.0653291
-174.684,148.101,0.0368293,0.0664212
-170.886,148.101,0.0369897,0.0675134
-167.089,148.101,0.0371502,0.0686055
-163.291,148.101,0.0373106,0.0696976
-159.494,148.101,0.0374711,0.0707898
-155.696,148.101,0.0376315,0.0718819
-151.899,148.101,0.037792,0.072974
-148.101,148.101,0.0379524,0.0740662
-144.304,148.101,0.0381128,0.0751583
-140.506,148.101,0.0382733,0.0762504
-136.709,148.101,0.0384337,0.0773425
-132.911,148.101,0.0385942,0.0784347
-129.114,148.101,0.0387546,0.0795268
-125.316,148.101,0.0389151,0.0806189
-121.519,148.101,0.0390755,0.0817111
-117.722,148.101,0.039236,0.0828032
-113.924,148.101,0.0393964,0.0838953
-110.127,148.101,0.0395569,0.0849875
-106.329,148.101,0.0397173,0.0860796
-102.532,148.101,0.0398777,0.0871717
-98.7342,148.101,0.0400382,0.0882639
-94.9367,148.101,0.0401986,0.089356
-91.1392,148.101,0.0403591,0.0904481
-87.3418,148.101,0.0405195,0.0915402
-83.5443,148.101,0.04068,0.0926324
-79.7468,148.101,0.0408404,0.0937245
-75.9494,148.101,0.0410009,0.0948166
-72.1519,148.101,0.0411613,0.0959088
-68.3544,148.101,0.0413218,0.0970009
-64.557,148.101,0.0414822,0.098093
-60.7595,148.101,0.0416426,0.0991852
-56.962,148.101,0.0418031,0.100277
-53.1646,148.101,0.0419635,0.101369
-49.3671,148.101,0.042124,0.102462
-45.5696,148.101,0.0422844,0.103554
-41.7722,148.101,0.0424449,0.104646
-37.9747,148.101,0.0426053,0.105738
-34.1772,148.101,0.0427658,0.10683
-30.3797,148.101,0.0429262,0.107922
-26.5823,148.101,0.0430866,0.109014
-22.7848,148.101,0.0432471,0.110106
-18.9873,148.101,0.0434075,0.111199
-15.1899,148.101,0.043568,0.112291
-11.3924,148.101,0.0437284,0.113383
-7.59494,148.101,0.0438889,0.114475
-3.79747,148.101,0.0440493,0.115567
0,148.101,0.0442098,0.116659
-300,151.899,0.0321135,0.0321308
-296.203,151.899,0.032274,0.0332229
-292.405,151.899,0.0324344,0.0343151
-288.608,151.899,0.0325949,0.0354072
-284.81,151.899,0.0327553,0.0364993
-281.013,151.899,0.0329158,0.0375915
-277.215,151.899,0.0330762,0.0386836
-273.418,151.899,0.0332367,0.0397757
-269.62,151.899,0.0333971,0.0408679
-265.823,151.899,0.0335575,0.04196
-262.025,151.899,0.033718,0.0430521
-258.228,151.899,0.0338784,0.0441443
-254.43,151.899,0.0340389,0.0452364
-250.633,151.899,0.0341993,0.0463285
-246.835,151.899,0.0343598,0.0474206
-243.038,151.899,0.0345202,0.0485128
-239.241,151.899,0.0346807,0.0496049
-235.443,151.899,0.0348411,0.050697
-231.646,151.899,0.0350016,0.0517892
-227.848,151.899,0.035162,0.0528813
-224.051,151.899,0.0353224,0.0539734
-220.253,151.899,0.0354829,0.0550656
-216.456,151.899,0.0356433,0.0561577
-212.658,151.899,0.0358038,0.0572498
-208.861,151.899,0.0359642,0.0583419
-205.063,151.899,0.0361247,0.0594341
-201.266,151.899,0.0362851,0.0605262
-197.468,151.899,0.0364456,0.0616183
-193.671,151.899,0.036606,0.0627105
-189.873,151.899,0.0367665,0.0638026
-186.076,151.899,0.0369269,0.0648947
-182.278,151.899,0.0370873,0.0659869
-178.481,151.899,0.0372478,0.067079
-174.684,151.899,0.0374082,0.0681711
-170.886,151.899,0.0375687,0.0692633
-167.089,151.899,0.0377291,0.0703554
-163.291,151.899,0.0378896,0.0714475
-159.494,151.899,0.03805,0.0725396
-155.696,151.899,0.0382105,0.0736318
-151.899,151.899,0.0383709,0.0747239
-148.101,151.899,0.0385314,0.075816
-144.304,151.899,0.0386918,0.0769082
-140.506,151.899,0.0388522,0.0780003
-136.709,151.899,0.0390127,0.0790924
-132.911,151.899,0.0391731,0.0801846
-129.114,151.899,0.0393336,0.0812767
-125.316,151.899,0.039494,0.0823688
-121.519,151.899,0.0396545,0.0834609
-117.722,151.899,0.0398149,0.0845531
-113.924,151.899,0.0399754,0.0856452
-110.127,151.899,0.0401358,0.0867373
-106.329,151.899,0.0402963,0.0878295
-102.532,151.899,0.0404567,0.0889216
-98.7342,151.899,0.0406171,0.0900137
-94.9367,151.899,0.0407776,0.0911059
-91.1392,151.899,0.040938,0.092198
-87.3418,151.899,0.0410985,0.0932901
-83.5443,151.899,0.0412589,0.0943822
-79.7468,151.899,0.0414194,0.0954744
-75.9494,151.899,0.0415798,0.0965665
-72.1519,151.899,0.0417403,0.0976586
-68.3544,151.899,0.0419007,0.0987508
-64.557,151.899,0.0420612,0.0998429
-60.7595,151.899,0.0422216,0.100935
-56.962,151.899,0.042382,0.102027
-53.1646,151.899,0.0425425,0.103119
-49.3671,151.899,0.0427029,0.104211
-45.5696,151.899,0.0428634,0.105304
-41.7722,151.899,0.0430238,0.106396
-37.9747,151.899,0.0431843,0.107488
-34.1772,151.899,0.0433447,0.10858
-30.3797,151.899,0.0435052,0.109672
-26.5823,151.899,0.0436656,0.110764
-22.7848,151.899,0.043826,0.111856
-18.9873,151.899,0.0439865,0.112948
-15.1899,151.899,0.0441469,0.114041
-11.3924,151.899,0.0443074,0.115133
-7.59494,151.899,0.0444678,0.116225
-3.79747,151.899,0.0446283,0.117317
0,151.899,0.0447887,0.118409
-300,155.696,0.0326925,0.0338807
-296.203,155.696,0.0328529,0.0349728
-292.405,155.696,0.0330134,0.036065
-288.608,155.696,0.0331738,0.0371571
-284.81,155.696,0.0333343,0.0382492
-281.013,155.696,0.0334947,0.0393413
-277.215,155.696,0.0336552,0.0404335
-273.418,155.696,0.0338156,0.0415256
-269.62,155.696,0.0339761,0.0426177
-265.823,155.696,0.0341365,0.0437099
-262.025,155.696,0.0342969,0.044802
-258.228,155.696,0.0344574,0.0458941
-254.43,155.696,0.0346178,0.0469863
-250.633,155.696,0.0347783,0.0480784
-246.835,155.696,0.0349387,0.0491705
-243.038,155.696,0.0350992,0.0502626
-239.241,155.696,0.0352596,0.0513548
-235.443,155.696,0.0354201,0.0524469
-231.646,155.696,0.0355805,0.053539
-227.848,155.696,0.035741,0.0546312
-224.051,155.696,0.0359014,0.0557233
-220.253,155.696,0.0360618,0.0568154
-216.456,155.696,0.0362223,0.0579076
-212.658,155.696,0.0363827,0.0589997
-208.861,155.696,0.0365432,0.0600918
-205.063,155.696,0.0367036,0.061184
-201.266,155.696,0.0368641,0.0622761
-197.468,155.696,0.0370245,0.0633682
-193.671,155.696,0.037185,0.0644603
-189.873,155.696,0.0373454,0.0655525
-186.076,155.696,0.0375059,0.0666446
-182.278,155.696,0.0376663,0.0677367
-178.481,155.696,0.0378267,0.0688289
-174.684,155.696,0.0379872,0.069921
-170.886,155.696,0.0381476,0.0710131
-167.089,155.696,0.0383081,0.0721053
-163.291,155.696,0.0384685,0.0731974
-159.494,155.696,0.038629,0.0742895
-155.696,155.696,0.0387894,0.0753816
-151.899,155.696,0.0389499,0.0764738
-148.101,155.696,0.0391103,0.0775659
-144.304,155.696,0.0392708,0.078658
-140.506,155.696,0.0394312,0.0797502
-136.709,155.696,0.0395916,0.0808423
-132.911,155.696,0.0397521,0.0819344
-129.114,155.696,0.0399125,0.0830266
-125.316,155.696,0.040073,0.0841187
-121.519,155.696,0.0402334,0.0852108
-117.722,155.696,0.0403939,0.0863029
-113.924,155.696,0.0405543,0.0873951
-110.127,155.696,0.0407148,0.0884872
-106.329,155.696,0.0408752,0.0895793
-102.532,155.696,0.0410357,0.0906715
-98.7342,155.696,0.0411961,0.0917636
-94.9367,155.696,0.0413565,0.0928557
-91.1392,155.696,0.041517,0.0939479
-87.3418,155.696,0.0416774,0.09504
-83.5443,155.696,0.0418379,0.0961321
-79.7468,155.696,0.0419983,0.0972243
-75.9494,155.696,0.0421588,0.0983164
-72.1519,155.696,0.0423192,0.0994085
-68.3544,155.696,0.0424797,0.100501
-64.557,155.696,0.0426401,0.101593
-60.7595,155.696,0.0428006,0.102685
-56.962,155.696,0.042961,0.103777
-53.1646,155.696,0.0431214,0.104869
-49.3671,155.696,0.0432819,0.105961
-45.5696,155.696,0.0434423,0.107053
-41.7722,155.696,0.0436028,0.108146
-37.9747,155.696,0.0437632,0.109238
-34.1772,155.696,0.0439237,0.11033
-30.3797,155.696,0.0440841,0.111422
-26.5823,155.696,0.0442446,0.112514
-22.7848,155.696,0.044405,0.113606
-18.9873,155.696,0.0445654,0.114698
-15.1899,155.696,0.0447259,0.11579
-11.3924,155.696,0.0448863,0.116883
-7.59494,155.696,0.0450468,0.117975
-3.79747,155.696,0.0452072,0.119067
0,155.696,0.0453677,0.120159
-300,159.494,0.0332715,0.0356306
-296.203,159.494,0.0334319,0.0367227
-292.405,159.494,0.0335923,0.0378148
-288.608,159.494,0.0337528,0.038907
-284.81,159.494,0.0339132,0.0399991
-281.013,159.494,0.0340737,0.0410912
-277.215,159.494,0.0342341,0.0421833
-273.418,159.494,0.0343946,0.0432755
-269.62,159.494,0.034555,0.0443676
-265.823,159.494,0.0347155,0.0454597
-262.025,159.494,0.0348759,0.0465519
-258.228,159.494,0.0350363,0.047644
-254.43,159.494,0.0351968,0.0487361
-250.633,159.494,0.0353572,0.0498283
-246.835,159.494,0.0355177,0.0509204
-243.038,159.494,0.0356781,0.0520125
-239.241,159.494,0.0358386,0.0531047
-235.443,159.494,0.035999,0.0541968
-231.646,159.494,0.0361595,0.0552889
-227.848,159.494,0.0363199,0.056381
-224.051,159.494,0.0364804,0.0574732
-220.253,159.494,0.0366408,0.0585653
-216.456,159.494,0.0368012,0.0596574
-212.658,159.494,0.0369617,0.0607496
-208.861,159.494,0.0371221,0.0618417
-205.063,159.494,0.0372826,0.0629338
-201.266,159.494,0.037443,0.064026
-197.468,159.494,0.0376035,0.0651181
-193.671,159.494,0.0377639,0.0662102
-189.873,159.494,0.0379244,0.0673023
-186.076,159.494,0.0380848,0.0683945
-182.278,159.494,0.0382453,0.0694866
-178.481,159.494,0.0384057,0.0705787
-174.684,159.494,0.0385661,0.0716709
-170.886,159.494,0.0387266,0.072763
-167.089,159.494,0.038887,0.0738551
-163.291,159.494,0.0390475,0.0749473
-159.494,159.494,0.0392079,0.0760394
-155.696,159.494,0.0393684,0.0771315
-151.899,159.494,0.0395288,0.0782236
-148.101,159.494,0.0396893,0.0793158
-144.304,159.494,0.0398497,0.0804079
-140.506,159.494,0.0400102,0.0815
-136.709,159.494,0.0401706,0.0825922
-132.911,159.494,0.040331,0.0836843
-129.114,159.494,0.0404915,0.0847764
-125.316,159.494,0.0406519,0.0858686
-121.519,159.494,0.0408124,0.0869607
-117.722,159.494,0.0409728,0.0880528
-113.924,159.494,0.0411333,0.089145
-110.127,159.494,0.0412937,0.0902371
-106.329,159.494,0.0414542,0.0913292
-102.532,159.494,0.0416146,0.0924213
-98.7342,159.494,0.0417751,0.0935135
-94.9367,159.494,0.0419355,0.0946056
-91.1392,159.494,0.0420959,0.0956977
-87.3418,159.494,0.0422564,0.0967899
-83.5443,159.494,0.0424168,0.097882
-79.7468,159.494,0.0425773,0.0989741
-75.9494,159.494,0.0427377,0.100066
-72.1519,159.494,0.0428982,0.101158
-68.3544,159.494,0.0430586,0.102251
-64.557,159.494,0.0432191,0.103343
-60.7595,159.494,0.0433795,0.104435
-56.962,159.494,0.04354,0.105527
-53.1646,159.494,0.0437004,0.106619
-49.3671,159.494,0.0438608,0.107711
-45.5696,159.494,0.0440213,0.108803
-41.7722,159.494,0.0441817,0.109895
-37.9747,159.494,0.0443422,0.110988
-34.1772,159.494,0.0445026,0.11208
-30.3797,159.494,0.0446631,0.113172
-26.5823,159.494,0.0448235,0.114264
-22.7848,159.494,0.044984,0.115356
-18.9873,159.494,0.0451444,0.116448
-15.1899,159.494,0.0453048,0.11754
-11.3924,159.494,0.0454653,0.118632
-7.59494,159.494,0.0456257,0.119725
-3.79747,159.494,0.0457862,0.120817
0,159.494,0.0459466,0.121909
-300,163.291,0.0338504,0.0373804
-296.203,163.291,0.0340109,0.0384726
-292.405,163.291,0.0341713,0.0395647
-288.608,163.291,0.0343317,0.0406568
-284.81,163.291,0.0344922,0.041749
-281.013,163.291,0.0346526,0.0428411
-277.215,163.291,0.0348131,0.0439332
-273.418,163.291,0.0349735,0.0450254
-269.62,163.291,0.035134,0.0461175
-265.823,163.291,0.0352944,0.0472096
-262.025,163.291,0.0354549,0.0483017
-258.228,163.291,0.0356153,0.0493939
-254.43,163.291,0.0357757,0.050486
-250.633,163.291,0.0359362,0.0515781
-246.835,163.291,0.0360966,0.0526703
-243.038,163.291,0.0362571,0.0537624
-239.241,163.291,0.0364175,0.0548545
-235.443,163.291,0.036578,0.0559467
-231.646,163.291,0.0367384,0.0570388
-227.848,163.291,0.0368989,0.0581309
-224.051,163.291,0.0370593,0.059223
-220.253,163.291,0.0372198,0.0603152
-216.456,163.291,0.0373802,0.0614073
-212.658,163.291,0.0375406,0.0624994
-208.861,163.291,0.0377011,0.0635916
-205.063,163.291,0.0378615,0.0646837
-201.266,163.291,0.038022,0.0657758
-197.468,163.291,0.0381824,0.066868
-193.671,163.291,0.0383429,0.0679601
-189.873,163.291,0.0385033,0.0690522
-186.076,163.291,0.0386638,0.0701443
-182.278,163.291,0.0388242,0.0712365
-178.481,163.291,0.0389847,0.0723286
-174.684,163.291,0.0391451,0.0734207
-170.886,163.291,0.0393055,0.0745129
-167.089,163.291,0.039466,0.075605
-163.291,163.291,0.0396264,0.0766971
-159.494,163.291,0.0397869,0.0777893
-155.696,163.291,0.0399473,0.0788814
-151.899,163.291,0.0401078,0.0799735
-148.101,163.291,0.0402682,0.0810657
-144.304,163.291,0.0404287,0.0821578
-140.506,163.291,0.0405891,0.0832499
-136.709,163.291,0.0407496,0.084342
-132.911,163.291,0.04091,0.0854342
-129.114,163.291,0.0410704,0.0865263
-125.316,163.291,0.0412309,0.0876184
-121.519,163.291,0.0413913,0.0887106
-117.722,163.291,0.0415518,0.0898027
-113.924,163.291,0.0417122,0.0908948
-110.127,163.291,0.0418727,0.091987
-106.329,163.291,0.0420331,0.0930791
-102.532,163.291,0.0421936,0.0941712
-98.7342,163.291,0.042354,0.0952633
-94.9367,163.291,0.0425145,0.0963555
-91.1392,163.291,0.0426749,0.0974476
-87.3418,163.291,0.0428353,0.0985397
-83.5443,163.291,0.0429958,0.0996319
-79.7468,163.291,0.0431562,0.100724
-75.9494,163.291,0.0433167,0.101816
-72.1519,163.291,0.0434771,0.102908
-68.3544,163.291,0.0436376,0.104
-64.557,163.291,0.043798,0.105093
-60.7595,163.291,0.0439585,0.106185
-56.962,163.291,0.0441189,0.107277
-53.1646,163.291,0.0442793,0.108369
-49.3671,163.291,0.0444398,0.109461
-45.5696,163.291,0.0446002,0.110553
-41.7722,163.291,0.0447607,0.111645
-37.9747,163.291,0.0449211,0.112737
-34.1772,163.291,0.0450816,0.11383
-30.3797,163.291,0.045242,0.114922
-26.5823,163.291,0.0454025,0.116014
-22.7848,163.291,0.0455629,0.117106
-18.9873,163.291,0.0457234,0.118198
-15.1899,163.291,0.0458838,0.11929
-11.3924,163.291,0.0460442,0.120382
-7.59494,163.291,0.0462047,0.121474
-3.79747,163.291,0.0463651,0.122567
0,163.291,0.0465256,0.123659
-300,167.089,0.0344294,0.0391303
-296.203,167.089,0.0345898,0.0402224
-292.405,167.089,0.0347502,0.0413146
-288.608,167.089,0.0349107,0.0424067
-284.81,167.089,0.0350711,0.0434988
-281.013,167.089,0.0352316,0.044591
-277.215,167.089,0.035392,0.0456831
-273.418,167.089,0.0355525,0.0467752
-269.62,167.089,0.0357129,0.0478674
-265.823,167.089,0.0358734,0.0489595
-262.025,167.089,0.0360338,0.0500516
-258.228,167.089,0.0361943,0.0511437
-254.43,167.089,0.0363547,0.0522359
-250.633,167.089,0.0365151,0.053328
-246.835,167.089,0.0366756,0.0544201
-243.038,167.089,0.036836,0.0555123
-239.241,167.089,0.0369965,0.0566044
-235.443,167.089,0.0371569,0.0576965
-231.646,167.089,0.0373174,0.0587887
-227.848,167.089,0.0374778,0.0598808
-224.051,167.089,0.0376383,0.0609729
-220.253,167.089,0.0377987,0.0620651
-216.456,167.089,0.0379592,0.0631572
-212.658,167.089,0.0381196,0.0642493
-208.861,167.089,0.03828,0.0653414
-205.063,167.089,0.0384405,0.0664336
-201.266,167.089,0.0386009,0.0675257
-197.468,167.089,0.0387614,0.0686178
-193.671,167.089,0.0389218,0.06971
-189.873,167.089,0.0390823,0.0708021
-186.076,167.089,0.0392427,0.0718942
-182.278,167.089,0.0394032,0.0729864
-178.481,167.089,0.0395636,0.0740785
-174.684,167.089,0.0397241,0.0751706
-170.886,167.089,0.0398845,0.0762627
-167.089,167.089,0.0400449,0.0773549
-163.291,167.089,0.0402054,0.078447
-159.494,167.089,0.0403658,0.0795391
-155.696,167.089,0.0405263,0.0806313
-151.899,167.089,0.0406867,0.0817234
-148.101,167.089,0.0408472,0.0828155
-144.304,167.089,0.0410076,0.0839077
-140.506,167.089,0.0411681,0.0849998
-136.709,167.089,0.0413285,0.0860919
-132.911,167.089,0.041489,0.087184
-129.114,167.089,0.0416494,0.0882762
-125.316,167.089,0.0418098,0.0893683
-121.519,167.089,0.0419703,0.0904604
-117.722,167.089,0.0421307,0.0915526
-113.924,167.089,0.0422912,0.0926447
-110.127,167.089,0.0424516,0.0937368
-106.329,167.089,0.0426121,0.094829
-102.532,167.089,0.0427725,0.0959211
-98.7342,167.089,0.042933,0.0970132
-94.9367,167.089,0.0430934,0.0981054
-91.1392,167.089,0.0432539,0.0991975
-87.3418,167.089,0.0434143,0.10029
-83.5443,167.089,0.0435747,0.101382
-79.7468,167.089,0.0437352,0.102474
-75.9494,167.089,0.0438956,0.103566
-72.1519,167.089,0.0440561,0.104658
-68.3544,167.089,0.0442165,0.10575
-64.557,167.089,0.044377,0.106842
-60.7595,167.089,0.0445374,0.107935
-56.962,167.089,0.0446979,0.109027
-53.1646,167.089,0.0448583,0.110119
-49.3671,167.089,0.0450187,0.111211
-45.5696,167.089,0.0451792,0.112303
-41.7722,167.089,0.0453396,0.113395
-37.9747,167.089,0.0455001,0.114487
-34.1772,167.089,0.0456605,0.115579
-30.3797,167.089,0.045821,0.116672
-26.5823,167.089,0.0459814,0.117764
-22.7848,167.089,0.0461419,0.118856
-18.9873,167.089,0.0463023,0.119948
-15.1899,167.089,0.0464628,0.12104
-11.3924,167.089,0.0466232,0.122132
-7.59494,167.089,0.0467836,0.123224
-3.79747,167.089,0.0469441,0.124316
0,167.089,0.0471045,0.125409
-300,170.886,0.0350083,0.0408802
-296.203,170.886,0.0351688,0.0419723
-292.405,170.886,0.0353292,0.0430644
-288.608,170.886,0.0354896,0.0441566
-284.81,170.886,0.0356501,0.0452487
-281.013,170.886,0.0358105,0.0463408
-277.215,170.886,0.035971,0.047433
-273.418,170.886,0.0361314,0.0485251
-269.62,170.886,0.0362919,0.0496172
-265.823,170.886,0.0364523,0.0507094
-262.025,170.886,0.0366128,0.0518015
-258.228,170.886,0.0367732,0.0528936
-254.43,170.886,0.0369337,0.0539858
-250.633,170.886,0.0370941,0.0550779
-246.835,170.886,0.0372545,0.05617
-243.038,170.886,0.037415,0.0572621
-239.241,170.886,0.0375754,0.0583543
-235.443,170.886,0.0377359,0.0594464
-231.646,170.886,0.0378963,0.0605385
-227.848,170.886,0.0380568,0.0616307
-224.051,170.886,0.0382172,0.0627228
-220.253,170.886,0.0383777,0.0638149
-216.456,170.886,0.0385381,0.0649071
-212.658,170.886,0.0386986,0.0659992
-208.861,170.886,0.038859,0.0670913
-205.063,170.886,0.0390194,0.0681834
-201.266,170.886,0.0391799,0.0692756
-197.468,170.886,0.0393403,0.0703677
-193.671,170.886,0.0395008,0.0714598
-189.873,170.886,0.0396612,0.072552
-186.076,170.886,0.0398217,0.0736441
-182.278,170.886,0.0399821,0.0747362
-178.481,170.886,0.0401426,0.0758284
-174.684,170.886,0.040303,0.0769205
-170.886,170.886,0.0404635,0.0780126
-167.089,170.886,0.0406239,0.0791047
-163.291,170.886,0.0407843,0.0801969
-159.494,170.886,0.0409448,0.081289
-155.696,170.886,0.0411052,0.0823811
-151.899,170.886,0.0412657,0.0834733
-148.101,170.886,0.0414261,0.0845654
-144.304,170.886,0.0415866,0.0856575
-140.506,170.886,0.041747,0.0867497
-136.709,170.886,0.0419075,0.0878418
-132.911,170.886,0.0420679,0.0889339
-129.114,170.886,0.0422284,0.0900261
-125.316,170.886,0.0423888,0.0911182
-121.519,170.886,0.0425492,0.0922103
-117.722,170.886,0.0427097,0.0933024
-113.924,170.886,0.0428701,0.0943946
-110.127,170.886,0.0430306,0.0954867
-106.329,170.886,0.043191,0.0965788
-102.532,170.886,0.0433515,0.097671
-98.7342,170.886,0.0435119,0.0987631
-94.9367,170.886,0.0436724,0.0998552
-91.1392,170.886,0.0438328,0.100947
-87.3418,170.886,0.0439933,0.102039
-83.5443,170.886,0.0441537,0.103132
-79.7468,170.886,0.0443141,0.104224
-75.9494,170.886,0.0444746,0.105316
-72.1519,170.886,0.044635,0.106408
-68.3544,170.886,0.0447955,0.1075
-64.557,170.886,0.0449559,0.108592
-60.7595,170.886,0.0451164,0.109684
-56.962,170.886,0.0452768,0.110777
-53.1646,170.886,0.0454373,0.111869
-49.3671,170.886,0.0455977,0.112961
-45.5696,170.886,0.0457581,0.114053
-41.7722,170.886,0.0459186,0.115145
-37.9747,170.886,0.046079,0.116237
-34.1772,170.886,0.0462395,0.117329
-30.3797,170.886,0.0463999,0.118421
-26.5823,170.886,0.0465604,0.119514
-22.7848,170.886,0.0467208,0.120606
-18.9873,170.886,0.0468813,0.121698
-15.1899,170.886,0.0470417,0.12279
-11.3924,170.886,0.0472022,0.123882
-7.59494,170.886,0.0473626,0.124974
-3.79747,170.886,0.047523,0.126066
0,170.886,0.0476835,0.127158
-300,174.684,0.0355873,0.0426301
-296.203,174.684,0.0357477,0.0437222
-292.405,174.684,0.0359082,0.0448143
-288.608,174.684,0.0360686,0.0459065
-284.81,174.684,0.036229,0.0469986
-281.013,174.684,0.0363895,0.0480907
-277.215,174.684,0.0365499,0.0491828
-273.418,174.684,0.0367104,0.050275
-269.62,174.684,0.0368708,0.0513671
-265.823,174.684,0.0370313,0.0524592
-262.025,174.684,0.0371917,0.0535514
-258.228,174.684,0.0373522,0.0546435
-254.43,174.684,0.0375126,0.0557356
-250.633,174.684,0.0376731,0.0568278
-246.835,174.684,0.0378335,0.0579199
-243.038,174.684,0.0379939,0.059012
-239.241,174.684,0.0381544,0.0601041
-235.443,174.684,0.0383148,0.0611963
-231.646,174.684,0.0384753,0.0622884
-227.848,174.684,0.0386357,0.0633805
-224.051,174.684,0.0387962,0.0644727
-220.253,174.684,0.0389566,0.0655648
-216.456,174.684,0.0391171,0.0666569
-212.658,174.684,0.0392775,0.0677491
-208.861,174.684,0.039438,0.0688412
-205.063,174.684,0.0395984,0.0699333
-201.266,174.684,0.0397588,0.0710254
-197.468,174.684,0.0399193,0.0721176
-193.671,174.684,0.0400797,0.0732097
-189.873,174.684,0.0402402,0.0743018
-186.076,174.684,0.0404006,0.075394
-182.278,174.684,0.0405611,0.0764861
-178.481,174.684,0.0407215,0.0775782
-174.684,174.684,0.040882,0.0786704
-170.886,174.684,0.0410424,0.0797625
-167.089,174.684,0.0412029,0.0808546
-163.291,174.684,0.0413633,0.0819468
-159.494,174.684,0.0415237,0.0830389
-155.696,174.684,0.0416842,0.084131
-151.899,174.684,0.0418446,0.0852231
-148.101,174.684,0.0420051,0.0863153
-144.304,174.684,0.0421655,0.0874074
-140.506,174.684,0.042326,0.0884995
-136.709,174.684,0.0424864,0.0895917
-132.911,174.684,0.0426469,0.0906838
-129.114,174.684,0.0428073,0.0917759
-125.316,174.684,0.0429678,0.0928681
-121.519,174.684,0.0431282,0.0939602
-117.722,174.684,0.0432886,0.0950523
-113.924,174.684,0.0434491,0.0961444
-110.127,174.684,0.0436095,0.0972366
-106.329,174.684,0.04377,0.0983287
-102.532,174.684,0.0439304,0.0994208
-98.7342,174.684,0.0440909,0.100513
-94.9367,174.684,0.0442513,0.101605
-91.1392,174.684,0.0444118,0.102697
-87.3418,174.684,0.0445722,0.103789
-83.5443,174.684,0.0447326,0.104881
-79.7468,174.684,0.0448931,0.105974
-75.9494,174.684,0.0450535,0.107066
-72.1519,174.684,0.045214,0.108158
-68.3544,174.684,0.0453744,0.10925
-64.557,174.684,0.0455349,0.110342
-60.7595,174.684,0.0456953,0.111434
-56.962,174.684,0.0458558,0.112526
-53.1646,174.684,0.0460162,0.113619
-49.3671,174.684,0.0461767,0.114711
-45.5696,174.684,0.0463371,0.115803
-41.7722,174.684,0.0464975,0.116895
-37.9747,174.684,0.046658,0.117987
-34.1772,174.684,0.0468184,0.119079
-30.3797,174.684,0.0469789,0.120171
-26.5823,174.684,0.0471393,0.121263
-22.7848,174.684,0.0472998,0.122356
-18.9873,174.684,0.0474602,0.123448
-15.1899,174.684,0.0476207,0.12454
-11.3924,174.684,0.0477811,0.125632
-7.59494,174.684,0.0479416,0.126724
-3.79747,174.684,0.048102,0.127816
0,174.684,0.0482624,0.128908
-300,178.481,0.0361662,0.0443799
-296.203,178.481,0.0363267,0.0454721
-292.405,178.481,0.0364871,0.0465642
-288.608,178.481,0.0366476,0.0476563
-284.81,178.481,0.036808,0.0487485
-281.013,178.481,0.0369684,0.0498406
-277.215,178.481,0.0371289,0.0509327
-273.418,178.481,0.0372893,0.0520248
-269.62,178.481,0.0374498,0.053117
-265.823,178.481,0.0376102,0.0542091
-262.025,178.481,0.0377707,0.0553012
-258.228,178.481,0.0379311,0.0563934
-254.43,178.481,0.0380916,0.0574855
-250.633,178.481,0.038252,0.0585776
-246.835,178.481,0.0384125,0.0596698
-243.038,178.481,0.0385729,0.0607619
-239.241,178.481,0.0387333,0.061854
-235.443,178.481,0.0388938,0.0629461
-231.646,178.481,0.0390542,0.0640383
-227.848,178.481,0.0392147,0.0651304
-224.051,178.481,0.0393751,0.0662225
-220.253,178.481,0.0395356,0.0673147
-216.456,178.481,0.039696,0.0684068
-212.658,178.481,0.0398565,0.0694989
-208.861,178.481,0.0400169,0.0705911
-205.063,178.481,0.0401774,0.0716832
-201.266,178.481,0.0403378,0.0727753
-197.468,178.481,0.0404982,0.0738675
-193.671,178.481,0.0406587,0.0749596
-189.873,178.481,0.0408191,0.0760517
-186.076,178.481,0.0409796,0.0771438
-182.278,178.481,0.04114,0.078236
-178.481,178.481,0.0413005,0.0793281
-174.684,178.481,0.0414609,0.0804202
-170.886,178.481,0.0416214,0.0815124
-167.089,178.481,0.0417818,0.0826045
-163.291,178.481,0.0419423,0.0836966
-159.494,178.481,0.0421027,0.0847888
-155.696,178.481,0.0422631,0.0858809
-151.899,178.481,0.0424236,0.086973
-148.101,178.481,0.042584,0.0880651
-144.304,178.481,0.0427445,0.0891573
-140.506,178.481,0.0429049,0.0902494
-136.709,178.481,0.0430654,0.0913415
-132.911,178.481,0.0432258,0.0924337
-129.114,178.481,0.0433863,0.0935258
-125.316,178.481,0.0435467,0.0946179
-121.519,178.481,0.0437072,0.0957101
-117.722,178.481,0.0438676,0.0968022
-113.924,178.481,0.044028,0.0978943
-110.127,178.481,0.0441885,0.0989865
-106.329,178.481,0.0443489,0.100079
-102.532,178.481,0.0445094,0.101171
-98.7342,178.481,0.0446698,0.102263
-94.9367,178.481,0.0448303,0.103355
-91.1392,178.481,0.0449907,0.104447
-87.3418,178.481,0.0451512,0.105539
-83.5443,178.481,0.0453116,0.106631
-79.7468,178.481,0.045472,0.107723
-75.9494,178.481,0.0456325,0.108816
-72.1519,178.481,0.0457929,0.109908
-68.3544,178.481,0.0459534,0.111
-64.557,178.481,0.0461138,0.112092
-60.7595,178.481,0.0462743,0.113184
-56.962,178.481,0.0464347,0.114276
-53.1646,178.481,0.0465952,0.115368
-49.3671,178.481,0.0467556,0.116461
-45.5696,178.481,0.0469161,0.117553
-41.7722,178.481,0.0470765,0.118645
-37.9747,178.481,0.0472369,0.119737
-34.1772,178.481,0.0473974,0.120829
-30.3797,178.481,0.0475578,0.121921
-26.5823,178.481,0.0477183,0.123013
-22.7848,178.481,0.0478787,0.124105
-18.9873,178.481,0.0480392,0.125198
-15.1899,178.481,0.0481996,0.12629
-11.3924,178.481,0.0483601,0.127382
-7.59494,178.481,0.0485205,0.128474
-3.79747,178.481,0.048681,0.129566
0,178.481,0.0488414,0.130658
-300,182.278,0.0367452,0.0461298
-296.203,182.278,0.0369056,0.0472219
-292.405,182.278,0.0370661,0.0483141
-288.608,182.278,0.0372265,0.0494062
-284.81,182.278,0.037387,0.0504983
-281.013,182.278,0.0375474,0.0515905
-277.215,182.278,0.0377078,0.0526826
-273.418,182.278,0.0378683,0.0537747
-269.62,182.278,0.0380287,0.0548669
-265.823,182.278,0.0381892,0.055959
-262.025,182.278,0.0383496,0.0570511
-258.228,182.278,0.0385101,0.0581432
-254.43,182.278,0.0386705,0.0592354
-250.633,182.278,0.038831,0.0603275
-246.835,182.278,0.0389914,0.0614196
-243.038,182.278,0.0391519,0.0625118
-239.241,182.278,0.0393123,0.0636039
-235.443,182.278,0.0394727,0.064696
-231.646,182.278,0.0396332,0.0657882
-227.848,182.278,0.0397936,0.0668803
-224.051,182.278,0.0399541,0.0679724
-220.253,182.278,0.0401145,0.0690645
-216.456,182.278,0.040275,0.0701567
-212.658,182.278,0.0404354,0.0712488
-208.861,182.278,0.0405959,0.0723409
-205.063,182.278,0.0407563,0.0734331
-201.266,182.278,0.0409168,0.0745252
-197.468,182.278,0.0410772,0.0756173
-193.671,182.278,0.0412376,0.0767095
-189.873,182.278,0.0413981,0.0778016
-186.076,182.278,0.0415585,0.0788937
-182.278,182.278,0.041719,0.0799858
-178.481,182.278,0.0418794,0.081078
-174.684,182.278,0.0420399,0.0821701
-170.886,182.278,0.0422003,0.0832622
-167.089,182.278,0.0423608,0.0843544
-163.291,182.278,0.0425212,0.0854465
-159.494,182.278,0.0426817,0.0865386
-155.696,182.278,0.0428421,0.0876308
-151.899,182.278,0.0430025,0.0887229
-148.101,182.278,0.043163,0.089815
-144.304,182.278,0.0433234,0.0909072
-140.506,182.278,0.0434839,0.0919993
-136.709,182.278,0.0436443,0.0930914
-132.911,182.278,0.0438048,0.0941835
-129.114,182.278,0.0439652,0.0952757
-125.316,182.278,0.0441257,0.0963678
-121.519,182.278,0.0442861,0.0974599
-117.722,182.278,0.0444466,0.0985521
-113.924,182.278,0.044607,0.0996442
-110.127,182.278,0.0447674,0.100736
-106.329,182.278,0.0449279,0.101828
-102.532,182.278,0.0450883,0.102921
-98.7342,182.278,0.0452488,0.104013
-94.9367,182.278,0.0454092,0.105105
-91.1392,182.278,0.0455697,0.106197
-87.3418,182.278,0.0457301,0.107289
-83.5443,182.278,0.0458906,0.108381
-79.7468,182.278,0.046051,0.109473
-75.9494,182.278,0.0462114,0.110565
-72.1519,182.278,0.0463719,0.111658
-68.3544,182.278,0.0465323,0.11275
-64.557,182.278,0.0466928,0.113842
-60.7595,182.278,0.0468532,0.114934
-56.962,182.278,0.0470137,0.116026
-53.1646,182.278,0.0471741,0.117118
-49.3671,182.278,0.0473346,0.11821
-45.5696,182.278,0.047495,0.119303
-41.7722,182.278,0.0476555,0.120395
-37.9747,182.278,0.0478159,0.121487
-34.1772,182.278,0.0479763,0.122579
-30.3797,182.278,0.0481368,0.123671
-26.5823,182.278,0.0482972,0.124763
-22.7848,182.278,0.0484577,0.125855
-18.9873,182.278,0.0486181,0.126947
-15.1899,182.278,0.0487786,0.12804
-11.3924,182.278,0.048939,0.129132
-7.59494,182.278,0.0490995,0.130224
-3.79747,182.278,0.0492599,0.131316
0,182.278,0.0494204,0.132408
-300,186.076,0.0373241,0.0478797
-296.203,186.076,0.0374846,0.0489718
-292.405,186.076,0.037645,0.0500639
-288.608,186.076,0.0378055,0.0511561
-284.81,186.076,0.0379659,0.0522482
-281.013,186.076,0.0381264,0.0533403
-277.215,186.076,0.0382868,0.0544325
-273.418,186.076,0.0384472,0.0555246
-269.62,186.076,0.0386077,0.0566167
-265.823,186.076,0.0387681,0.0577089
-262.025,186.076,0.0389286,0.058801
-258.228,186.076,0.039089,0.0598931
-254.43,186.076,0.0392495,0.0609852
-250.633,186.076,0.0394099,0.0620774
-246.835,186.076,0.0395704,0.0631695
-243.038,186.076,0.0397308,0.0642616
-239.241,186.076,0.0398913,0.0653538
-235.443,186.076,0.0400517,0.0664459
-231.646,186.076,0.0402121,0.067538
-227.848,186.076,0.0403726,0.0686302
-224.051,186.076,0.040533,0.0697223
-220.253,186.076,0.0406935,0.0708144
-216.456,186.076,0.0408539,0.0719065
-212.658,186.076,0.0410144,0.0729987
-208.861,186.076,0.0411748,0.0740908
-205.063,186.076,0.0413353,0.0751829
-201.266,186.076,0.0414957,0.0762751
-197.468,186.076,0.0416562,0.0773672
-193.671,186.076,0.0418166,0.0784593
-189.873,186.076,0.041977,0.0795515
-186.076,186.076,0.0421375,0.0806436
-182.278,186.076,0.0422979,0.0817357
-178.481,186.076,0.0424584,0.0828279
-174.684,186.076,0.0426188,0.08392
-170.886,186.076,0.0427793,0.0850121
-167.089,186.076,0.0429397,0.0861042
-163.291,186.076,0.0431002,0.0871964
-159.494,186.076,0.0432606,0.0882885
-155.696,186.076,0.0434211,0.0893806
-151.899,186.076,0.0435815,0.0904728
-148.101,186.076,0.0437419,0.0915649
-144.304,186.076,0.0439024,0.092657
-140.506,186.076,0.0440628,0.0937492
-136.709,186.076,0.0442233,0.0948413
-132.911,186.076,0.0443837,0.0959334
-129.114,186.076,0.0445442,0.0970255
-125.316,186.076,0.0447046,0.0981177
-121.519,186.076,0.0448651,0.0992098
-117.722,186.076,0.0450255,0.100302
-113.924,186.076,0.0451859,0.101394
-110.127,186.076,0.0453464,0.102486
-106.329,186.076,0.0455068,0.103578
-102.532,186.076,0.0456673,0.10467
-98.7342,186.076,0.0458277,0.105763
-94.9367,186.076,0.0459882,0.106855
-91.1392,186.076,0.0461486,0.107947
-87.3418,186.076,0.0463091,0.109039
-83.5443,186.076,0.0464695,0.110131
-79.7468,186.076,0.04663,0.111223
-75.9494,186.076,0.0467904,0.112315
-72.1519,186.076,0.0469508,0.113408
-68.3544,186.076,0.0471113,0.1145
-64.557,186.076,0.0472717,0.115592
-60.7595,186.076,0.0474322,0.116684
-56.962,186.076,0.0475926,0.117776
-53.1646,186.076,0.0477531,0.118868
-49.3671,186.076,0.0479135,0.11996
-45.5696,186.076,0.048074,0.121052
-41.7722,186.076,0.0482344,0.122145
-37.9747,186.076,0.0483949,0.123237
-34.1772,186.076,0.0485553,0.124329
-30.3797,186.076,0.0487157,0.125421
-26.5823,186.076,0.0488762,0.126513
-22.7848,186.076,0.0490366,0.127605
-18.9873,186.076,0.0491971,0.128697
-15.1899,186.076,0.0493575,0.129789
-11.3924,186.076,0.049518,0.130882
-7.59494,186.076,0.0496784,0.131974
-3.79747,186.076,0.0498389,0.133066
0,186.076,0.0499993,0.134158
-300,189.873,0.0379031,0.0496296
-296.203,189.873,0.0380635,0.0507217
-292.405,189.873,0.038224,0.0518138
-288.608,189.873,0.0383844,0.0529059
-284.81,189.873,0.0385449,0.0539981
-281.013,189.873,0.0387053,0.0550902
-277.215,189.873,0.0388658,0.0561823
-273.418,189.873,0.0390262,0.0572745
-269.62,189.873,0.0391866,0.0583666
-265.823,189.873,0.0393471,0.0594587
-262.025,189.873,0.0395075,0.0605509
-258.228,189.873,0.039668,0.061643
-254.43,189.873,0.0398284,0.0627351
-250.633,189.873,0.0399889,0.0638272
-246.835,189.873,0.0401493,0.0649194
-243.038,189.873,0.0403098,0.0660115
-239.241,189.873,0.0404702,0.0671036
-235.443,189.873,0.0406307,0.0681958
-231.646,189.873,0.0407911,0.0692879
-227.848,189.873,0.0409515,0.07038
-224.051,189.873,0.041112,0.0714722
-220.253,189.873,0.0412724,0.0725643
-216.456,189.873,0.0414329,0.0736564
-212.658,189.873,0.0415933,0.0747486
-208.861,189.873,0.0417538,0.0758407
-205.063,189.873,0.0419142,0.0769328
-201.266,189.873,0.0420747,0.0780249
-197.468,189.873,0.0422351,0.0791171
-193.671,189.873,0.0423956,0.0802092
-189.873,189.873,0.042556,0.0813013
-186.076,189.873,0.0427164,0.0823935
-182.278,189.873,0.0428769,0.0834856
-178.481,189.873,0.0430373,0.0845777
-174.684,189.873,0.0431978,0.0856699
-170.886,189.873,0.0433582,0.086762
-167.089,189.873,0.0435187,0.0878541
-163.291,189.873,0.0436791,0.0889462
-159.494,189.873,0.0438396,0.0900384
-155.696,189.873,0.044,0.0911305
-151.899,189.873,0.0441605,0.0922226
-148.101,189.873,0.0443209,0.0933148
-144.304,189.873,0.0444813,0.0944069
-140.506,189.873,0.0446418,0.095499
-136.709,189.873,0.0448022,0.0965912
-132.911,189.873,0.0449627,0.0976833
-129.114,189.873,0.0451231,0.0987754
-125.316,189.873,0.0452836,0.0998676
-121.519,189.873,0.045444,0.10096
-117.722,189.873,0.0456045,0.102052
-113.924,189.873,0.0457649,0.103144
-110.127,189.873,0.0459253,0.104236
-106.329,189.873,0.0460858,0.105328
-102.532,189.873,0.0462462,0.10642
-98.7342,189.873,0.0464067,0.107512
-94.9367,189.873,0.0465671,0.108605
-91.1392,189.873,0.0467276,0.109697
-87.3418,189.873,0.046888,0.110789
-83.5443,189.873,0.0470485,0.111881
-79.7468,189.873,0.0472089,0.112973
-75.9494,189.873,0.0473694,0.114065
-72.1519,189.873,0.0475298,0.115157
-68.3544,189.873,0.0476902,0.11625
-64.557,189.873,0.0478507,0.117342
-60.7595,189.873,0.0480111,0.118434
-56.962,189.873,0.0481716,0.119526
-53.1646,189.873,0.048332,0.120618
-49.3671,189.873,0.0484925,0.12171
-45.5696,189.873,0.0486529,0.122802
-41.7722,189.873,0.0488134,0.123894
-37.9747,189.873,0.0489738,0.124987
-34.1772,189.873,0.0491343,0.126079
-30.3797,189.873,0.0492947,0.127171
-26.5823,189.873,0.0494551,0.128263
-22.7848,189.873,0.0496156,0.129355
-18.9873,189.873,0.049776,0.130447
-15.1899,189.873,0.0499365,0.131539
-11.3924,189.873,0.0500969,0.132631
-7.59494,189.873,0.0502574,0.133724
-3.79747,189.873,0.0504178,0.134816
0,189.873,0.0505783,0.135908
-300,193.671,0.038482,0.0513794
-296.203,193.671,0.0386425,0.0524716
-292.405,193.671,0.0388029,0.0535637
-288.608,193.671,0.0389634,0.0546558
-284.81,193.671,0.0391238,0.0557479
-281.013,193.671,0.0392843,0.0568401
-277.215,193.671,0.0394447,0.0579322
-273.418,193.671,0.0396052,0.0590243
-269.62,193.671,0.0397656,0.0601165
-265.823,193.671,0.039926,0.0612086
-262.025,193.671,0.0400865,0.0623007
-258.228,193.671,0.0402469,0.0633929
-254.43,193.671,0.0404074,0.064485
-250.633,193.671,0.0405678,0.0655771
-246.835,193.671,0.0407283,0.0666693
-243.038,193.671,0.0408887,0.0677614
-239.241,193.671,0.0410492,0.0688535
-235.443,193.671,0.0412096,0.0699456
-231.646,193.671,0.0413701,0.0710378
-227.848,193.671,0.0415305,0.0721299
-224.051,193.671,0.0416909,0.073222
-220.253,193.671,0.0418514,0.0743142
-216.456,193.671,0.0420118,0.0754063
-212.658,193.671,0.0421723,0.0764984
-208.861,193.671,0.0423327,0.0775906
-205.063,193.671,0.0424932,0.0786827
-201.266,193.671,0.0426536,0.0797748
-197.468,193.671,0.0428141,0.0808669
-193.671,193.671,0.0429745,0.0819591
-189.873,193.671,0.043135,0.0830512
-186.076,193.671,0.0432954,0.0841433
-182.278,193.671,0.0434558,0.0852355
-178.481,193.671,0.0436163,0.0863276
-174.684,193.671,0.0437767,0.0874197
-170.886,193.671,0.0439372,0.0885119
-167.089,193.671,0.0440976,0.089604
-163.291,193.671,0.0442581,0.0906961
-159.494,193.671,0.0444185,0.0917883
-155.696,193.671,0.044579,0.0928804
-151.899,193.671,0.0447394,0.0939725
-148.101,193.671,0.0448999,0.0950646
-144.304,193.671,0.0450603,0.0961568
-140.506,193.671,0.0452207,0.0972489
-136.709,193.671,0.0453812,0.098341
-132.911,193.671,0.0455416,0.0994332
-129.114,193.671,0.0457021,0.100525
-125.316,193.671,0.0458625,0.101617
-121.519,193.671,0.046023,0.10271
-117.722,193.671,0.0461834,0.103802
-113.924,193.671,0.0463439,0.104894
-110.127,193.671,0.0465043,0.105986
-106.329,193.671,0.0466647,0.107078
-102.532,193.671,0.0468252,0.10817
-98.7342,193.671,0.0469856,0.109262
-94.9367,193.671,0.0471461,0.110354
-91.1392,193.671,0.0473065,0.111447
-87.3418,193.671,0.047467,0.112539
-83.5443,193.671,0.0476274,0.113631
-79.7468,193.671,0.0477879,0.114723
-75.9494,193.671,0.0479483,0.115815
-72.1519,193.671,0.0481088,0.116907
-68.3544,193.671,0.0482692,0.117999
-64.557,193.671,0.0484296,0.119092
-60.7595,193.671,0.0485901,0.120184
-56.962,193.671,0.0487505,0.121276
-53.1646,193.671,0.048911,0.122368
-49.3671,193.671,0.0490714,0.12346
-45.5696,193.671,0.0492319,0.124552
-41.7722,193.671,0.0493923,0.125644
-37.9747,193.671,0.0495528,0.126736
-34.1772,193.671,0.0497132,0.127829
-30.3797,193.671,0.0498737,0.128921
-26.5823,193.671,0.0500341,0.130013
-22.7848,193.671,0.0501945,0.131105
-18.9873,193.671,0.050355,0.132197
-15.1899,193.671,0.0505154,0.133289
-11.3924,193.671,0.0506759,0.134381
-7.59494,193.671,0.0508363,0.135473
-3.79747,193.671,0.0509968,0.136566
0,193.671,0.0511572,0.137658
-300,197.468,0.039061,0.0531293
-296.203,197.468,0.0392214,0.0542214
-292.405,197.468,0.0393819,0.0553136
-288.608,197.468,0.0395423,0.0564057
-284.81,197.468,0.0397028,0.0574978
-281.013,197.468,0.0398632,0.05859
-277.215,197.468,0.0400237,0.0596821
-273.418,197.468,0.0401841,0.0607742
-269.62,197.468,0.0403446,0.0618663
-265.823,197.468,0.040505,0.0629585
-262.025,197.468,0.0406654,0.0640506
-258.228,197.468,0.0408259,0.0651427
-254.43,197.468,0.0409863,0.0662349
-250.633,197.468,0.0411468,0.067327
-246.835,197.468,0.0413072,0.0684191
-243.038,197.468,0.0414677,0.0695113
-239.241,197.468,0.0416281,0.0706034
-235.443,197.468,0.0417886,0.0716955
-231.646,197.468,0.041949,0.0727876
-227.848,197.468,0.0421095,0.0738798
-224.051,197.468,0.0422699,0.0749719
-220.253,197.468,0.0424303,0.076064
-216.456,197.468,0.0425908,0.0771562
-212.658,197.468,0.0427512,0.0782483
-208.861,197.468,0.0429117,0.0793404
-205.063,197.468,0.0430721,0.0804326
-201.266,197.468,0.0432326,0.0815247
-197.468,197.468,0.043393,0.0826168
-193.671,197.468,0.0435535,0.083709
-189.873,197.468,0.0437139,0.0848011
-186.076,197.468,0.0438744,0.0858932
-182.278,197.468,0.0440348,0.0869853
-178.481,197.468,0.0441952,0.0880775
-174.684,197.468,0.0443557,0.0891696
-170.886,197.468,0.0445161,0.0902617
-167.089,197.468,0.0446766,0.0913539
-163.291,197.468,0.044837,0.092446
-159.494,197.468,0.0449975,0.0935381
-155.696,197.468,0.0451579,0.0946303
-151.899,197.468,0.0453184,0.0957224
-148.101,197.468,0.0454788,0.0968145
-144.304,197.468,0.0456393,0.0979066
-140.506,197.468,0.0457997,0.0989988
-136.709,197.468,0.0459601,0.100091
-132.911,197.468,0.0461206,0.101183
-129.114,197.468,0.046281,0.102275
-125.316,197.468,0.0464415,0.103367
-121.519,197.468,0.0466019,0.104459
-117.722,197.468,0.0467624,0.105552
-113.924,197.468,0.0469228,0.106644
-110.127,197.468,0.0470833,0.107736
-106.329,197.468,0.0472437,0.108828
-102.532,197.468,0.0474041,0.10992
-98.7342,197.468,0.0475646,0.111012
-94.9367,197.468,0.047725,0.112104
-91.1392,197.468,0.0478855,0.113196
-87.3418,197.468,0.0480459,0.114289
-83.5443,197.468,0.0482064,0.115381
-79.7468,197.468,0.0483668,0.116473
-75.9494,197.468,0.0485273,0.117565
-72.1519,197.468,0.0486877,0.118657
-68.3544,197.468,0.0488482,0.119749
-64.557,197.468,0.0490086,0.120841
-60.7595,197.468,0.049169,0.121934
-56.962,197.468,0.0493295,0.123026
-53.1646,197.468,0.0494899,0.124118
-49.3671,197.468,0.0496504,0.12521
-45.5696,197.468,0.0498108,0.126302
-41.7722,197.468,0.0499713,0.127394
-37.9747,197.468,0.0501317,0.128486
-34.1772,197.468,0.0502922,0.129578
-30.3797,197.468,0.0504526,0.130671
-26.5823,197.468,0.0506131,0.131763
-22.7848,197.468,0.0507735,0.132855
-18.9873,197.468,0.0509339,0.133947
-15.1899,197.468,0.0510944,0.135039
-11.3924,197.468,0.0512548,0.136131
-7.59494,197.468,0.0514153,0.137223
-3.79747,197.468,0.0515757,0.138315
0,197.468,0.0517362,0.139408
-300,201.266,0.0396399,0.0548792
-296.203,201.266,0.0398004,0.0559713
-292.405,201.266,0.0399608,0.0570634
-288.608,201.266,0.0401213,0.0581556
-284.81,201.266,0.0402817,0.0592477
-281.013,201.266,0.0404422,0.0603398
-277.215,201.266,0.0406026,0.061432
-273.418,201.266,0.0407631,0.0625241
-269.62,201.266,0.0409235,0.0636162
-265.823,201.266,0.041084,0.0647083
-262.025,201.266,0.0412444,0.0658005
-258.228,201.266,0.0414048,0.0668926
-254.43,201.266,0.0415653,0.0679847
-250.633,201.266,0.0417257,0.0690769
-246.835,201.266,0.0418862,0.070169
-243.038,201.266,0.0420466,0.0712611
-239.241,201.266,0.0422071,0.0723533
-235.443,201.266,0.0423675,0.0734454
-231.646,201.266,0.042528,0.0745375
-227.848,201.266,0.0426884,0.0756297
-224.051,201.266,0.0428489,0.0767218
-220.253,201.266,0.0430093,0.0778139
-216.456,201.266,0.0431697,0.078906
-212.658,201.266,0.0433302,0.0799982
-208.861,201.266,0.0434906,0.0810903
-205.063,201.266,0.0436511,0.0821824
-201.266,201.266,0.0438115,0.0832746
-197.468,201.266,0.043972,0.0843667
-193.671,201.266,0.0441324,0.0854588
-189.873,201.266,0.0442929,0.086551
-186.076,201.266,0.0444533,0.0876431
-182.278,201.266,0.0446138,0.0887352
-178.481,201.266,0.0447742,0.0898273
-174.684,201.266,0.0449346,0.0909195
-170.886,201.266,0.0450951,0.0920116
-167.089,201.266,0.0452555,0.0931037
-163.291,201.266,0.045416,0.0941959
-159.494,201.266,0.0455764,0.095288
-155.696,201.266,0.0457369,0.0963801
-151.899,201.266,0.0458973,0.0974723
-148.101,201.266,0.0460578,0.0985644
-144.304,201.266,0.0462182,0.0996565
-140.506,201.266,0.0463786,0.100749
-136.709,201.266,0.0465391,0.101841
-132.911,201.266,0.0466995,0.102933
-129.114,201.266,0.04686,0.104025
-125.316,201.266,0.0470204,0.105117
-121.519,201.266,0.0471809,0.106209
-117.722,201.266,0.0473413,0.107301
-113.924,201.266,0.0475018,0.108394
-110.127,201.266,0.0476622,0.109486
-106.329,201.266,0.0478227,0.110578
-102.532,201.266,0.0479831,0.11167
-98.7342,201.266,0.0481435,0.112762
-94.9367,201.266,0.048304,0.113854
-91.1392,201.266,0.0484644,0.114946
-87.3418,201.266,0.0486249,0.116038
-83.5443,201.266,0.0487853,0.117131
-79.7468,201.266,0.0489458,0.118223
-75.9494,201.266,0.0491062,0.119315
-72.1519,201.266,0.0492667,0.120407
-68.3544,201.266,0.0494271,0.121499
-64.557,201.266,0.0495876,0.122591
-60.7595,201.266,0.049748,0.123683
-56.962,201.266,0.0499084,0.124776
-53.1646,201.266,0.0500689,0.125868
-49.3671,201.266,0.0502293,0.12696
-45.5696,201.266,0.0503898,0.128052
-41.7722,201.266,0.0505502,0.129144
-37.9747,201.266,0.0507107,0.130236
-34.1772,201.266,0.0508711,0.131328
-30.3797,201.266,0.0510316,0.13242
-26.5823,201.266,0.051192,0.133513
-22.7848,201.266,0.0513525,0.134605
-18.9873,201.266,0.0515129,0.135697
-15.1899,201.266,0.0516733,0.136789
-11.3924,201.266,0.0518338,0.137881
-7.59494,201.266,0.0519942,0.138973
-3.79747,201.266,0.0521547,0.140065
0,201.266,0.0523151,0.141157
-300,205.063,0.0402189,0.056629
-296.203,205.063,0.0403793,0.0577212
-292.405,205.063,0.0405398,0.0588133
-288.608,205.063,0.0407002,0.0599054
-284.81,205.063,0.0408607,0.0609976
-281.013,205.063,0.0410211,0.0620897
-277.215,205.063,0.0411816,0.0631818
-273.418,205.063,0.041342,0.064274
-269.62,205.063,0.0415025,0.0653661
-265.823,205.063,0.0416629,0.0664582
-262.025,205.063,0.0418234,0.0675504
-258.228,205.063,0.0419838,0.0686425
-254.43,205.063,0.0421442,0.0697346
-250.633,205.063,0.0423047,0.0708267
-246.835,205.063,0.0424651,0.0719189
-243.038,205.063,0.0426256,0.073011
-239.241,205.063,0.042786,0.0741031
-235.443,205.063,0.0429465,0.0751953
-231.646,205.063,0.0431069,0.0762874
-227.848,205.063,0.0432674,0.0773795
-224.051,205.063,0.0434278,0.0784717
-220.253,205.063,0.0435883,0.0795638
-216.456,205.063,0.0437487,0.0806559
-212.658,205.063,0.0439091,0.081748
-208.861,205.063,0.0440696,0.0828402
-205.063,205.063,0.04423,0.0839323
-201.266,205.063,0.0443905,0.0850244
-197.468,205.063,0.0445509,0.0861166
-193.671,205.063,0.0447114,0.0872087
-189.873,205.063,0.0448718,0.0883008
-186.076,205.063,0.0450323,0.089393
-182.278,205.063,0.0451927,0.0904851
-178.481,205.063,0.0453532,0.0915772
-174.684,205.063,0.0455136,0.0926694
-170.886,205.063,0.045674,0.0937615
-167.089,205.063,0.0458345,0.0948536
-163.291,205.063,0.0459949,0.0959457
-159.494,205.063,0.0461554,0.0970379
-155.696,205.063,0.0463158,0.09813
-151.899,205.063,0.0464763,0.0992221
-148.101,205.063,0.0466367,0.100314
-144.304,205.063,0.0467972,0.101406
-140.506,205.063,0.0469576,0.102499
-136.709,205.063,0.047118,0.103591
-132.911,205.063,0.0472785,0.104683
-129.114,205.063,0.0474389,0.105775
-125.316,205.063,0.0475994,0.106867
-121.519,205.063,0.0477598,0.107959
-117.722,205.063,0.0479203,0.109051
-113.924,205.063,0.0480807,0.110143
-110.127,205.063,0.0482412,0.111236
-106.329,205.063,0.0484016,0.112328
-102.532,205.063,0.0485621,0.11342
-98.7342,205.063,0.0487225,0.114512
-94.9367,205.063,0.0488829,0.115604
-91.1392,205.063,0.0490434,0.116696
-87.3418,205.063,0.0492038,0.117788
-83.5443,205.063,0.0493643,0.11888
-79.7468,205.063,0.0495247,0.119973
-75.9494,205.063,0.0496852,0.121065
-72.1519,205.063,0.0498456,0.122157
-68.3544,205.063,0.0500061,0.123249
-64.557,205.063,0.0501665,0.124341
-60.7595,205.063,0.050327,0.125433
-56.962,205.063,0.0504874,0.126525
-53.1646,205.063,0.0506478,0.127618
-49.3671,205.063,0.0508083,0.12871
-45.5696,205.063,0.0509687,0.129802
-41.7722,205.063,0.0511292,0.130894
-37.9747,205.063,0.0512896,0.131986
-34.1772,205.063,0.0514501,0.133078
-30.3797,205.063,0.0516105,0.13417
-26.5823,205.063,0.051771,0.135262
-22.7848,205.063,0.0519314,0.136355
-18.9873,205.063,0.0520919,0.137447
-15.1899,205.063,0.0522523,0.138539
-11.3924,205.063,0.0524127,0.139631
-7.59494,205.063,0.0525732,0.140723
-3.79747,205.063,0.0527336,0.141815
0,205.063,0.0528941,0.142907
-300,208.861,0.0407979,0.0583789
-296.203,208.861,0.0409583,0.0594711
-292.405,208.861,0.0411187,0.0605632
-288.608,208.861,0.0412792,0.0616553
-284.81,208.861,0.0414396,0.0627474
-281.013,208.861,0.0416001,0.0638396
-277.215,208.861,0.0417605,0.0649317
-273.418,208.861,0.041921,0.0660238
-269.62,208.861,0.0420814,0.067116
-265.823,208.861,0.0422419,0.0682081
-262.025,208.861,0.0424023,0.0693002
-258.228,208.861,0.0425628,0.0703924
-254.43,208.861,0.0427232,0.0714845
-250.633,208.861,0.0428836,0.0725766
-246.835,208.861,0.0430441,0.0736687
-243.038,208.861,0.0432045,0.0747609
-239.241,208.861,0.043365,0.075853
-235.443,208.861,0.0435254,0.0769451
-231.646,208.861,0.0436859,0.0780373
-227.848,208.861,0.0438463,0.0791294
-224.051,208.861,0.0440068,0.0802215
-220.253,208.861,0.0441672,0.0813137
-216.456,208.861,0.0443277,0.0824058
-212.658,208.861,0.0444881,0.0834979
-208.861,208.861,0.0446485,0.0845901
-205.063,208.861,0.044809,0.0856822
-201.266,208.861,0.0449694,0.0867743
-197.468,208.861,0.0451299,0.0878664
-193.671,208.861,0.0452903,0.0889586
-189.873,208.861,0.0454508,0.0900507
-186.076,208.861,0.0456112,0.0911428
-182.278,208.861,0.0457717,0.092235
-178.481,208.861,0.0459321,0.0933271
-174.684,208.861,0.0460926,0.0944192
-170.886,208.861,0.046253,0.0955114
-167.089,208.861,0.0464134,0.0966035
-163.291,208.861,0.0465739,0.0976956
-159.494,208.861,0.0467343,0.0987877
-155.696,208.861,0.0468948,0.0998799
-151.899,208.861,0.0470552,0.100972
-148.101,208.861,0.0472157,0.102064
-144.304,208.861,0.0473761,0.103156
-140.506,208.861,0.0475366,0.104248
-136.709,208.861,0.047697,0.105341
-132.911,208.861,0.0478574,0.106433
-129.114,208.861,0.0480179,0.107525
-125.316,208.861,0.0481783,0.108617
-121.519,208.861,0.0483388,0.109709
-117.722,208.861,0.0484992,0.110801
-113.924,208.861,0.0486597,0.111893
-110.127,208.861,0.0488201,0.112985
-106.329,208.861,0.0489806,0.114078
-102.532,208.861,0.049141,0.11517
-98.7342,208.861,0.0493015,0.116262
-94.9367,208.861,0.0494619,0.117354
-91.1392,208.861,0.0496223,0.118446
-87.3418,208.861,0.0497828,0.119538
-83.5443,208.861,0.0499432,0.12063
-79.7468,208.861,0.0501037,0.121722
-75.9494,208.861,0.0502641,0.122815
-72.1519,208.861,0.0504246,0.123907
-68.3544,208.861,0.050585,0.124999
-64.557,208.861,0.0507455,0.126091
-60.7595,208.861,0.0509059,0.127183
-56.962,208.861,0.0510664,0.128275
-53.1646,208.861,0.0512268,0.129367
-49.3671,208.861,0.0513872,0.13046
-45.5696,208.861,0.0515477,0.131552
-41.7722,208.861,0.0517081,0.132644
-37.9747,208.861,0.0518686,0.133736
-34.1772,208.861,0.052029,0.134828
-30.3797,208.861,0.0521895,0.13592
-26.5823,208.861,0.0523499,0.137012
-22.7848,208.861,0.0525104,0.138104
-18.9873,208.861,0.0526708,0.139197
-15.1899,208.861,0.0528313,0.140289
-11.3924,208.861,0.0529917,0.141381
-7.59494,208.861,0.0531521,0.142473
-3.79747,208.861,0.0533126,0.143565
0,208.861,0.053473,0.144657
-300,212.658,0.0413768,0.0601288
-296.203,212.658,0.0415373,0.0612209
-292.405,212.658,0.0416977,0.0623131
-288.608,212.658,0.0418581,0.0634052
-284.81,212.658,0.0420186,0.0644973
-281.013,212.658,0.042179,0.0655894
-277.215,212.658,0.0423395,0.0666816
-273.418,212.658,0.0424999,0.0677737
-269.62,212.658,0.0426604,0.0688658
-265.823,212.658,0.0428208,0.069958
-262.025,212.658,0.0429813,0.0710501
-258.228,212.658,0.0431417,0.0721422
-254.43,212.658,0.0433022,0.0732344
-250.633,212.658,0.0434626,0.0743265
-246.835,212.658,0.043623,0.0754186
-243.038,212.658,0.0437835,0.0765108
-239.241,212.658,0.0439439,0.0776029
-235.443,212.658,0.0441044,0.078695
-231.646,212.658,0.0442648,0.0797871
-227.848,212.658,0.0444253,0.0808793
-224.051,212.658,0.0445857,0.0819714
-220.253,212.658,0.0447462,0.0830635
-216.456,212.658,0.0449066,0.0841557
-212.658,212.658,0.0450671,0.0852478
-208.861,212.658,0.0452275,0.0863399
-205.063,212.658,0.0453879,0.0874321
-201.266,212.658,0.0455484,0.0885242
-197.468,212.658,0.0457088,0.0896163
-193.671,212.658,0.0458693,0.0907084
-189.873,212.658,0.0460297,0.0918006
-186.076,212.658,0.0461902,0.0928927
-182.278,212.658,0.0463506,0.0939848
-178.481,212.658,0.0465111,0.095077
-174.684,212.658,0.0466715,0.0961691
-170.886,212.658,0.0468319,0.0972612
-167.089,212.658,0.0469924,0.0983534
-163.291,212.658,0.0471528,0.0994455
-159.494,212.658,0.0473133,0.100538
-155.696,212.658,0.0474737,0.10163
-151.899,212.658,0.0476342,0.102722
-148.101,212.658,0.0477946,0.103814
-144.304,212.658,0.0479551,0.104906
-140.506,212.658,0.0481155,0.105998
-136.709,212.658,0.048276,0.10709
-132.911,212.658,0.0484364,0.108183
-129.114,212.658,0.0485968,0.109275
-125.316,212.658,0.0487573,0.110367
-121.519,212.658,0.0489177,0.111459
-117.722,212.658,0.0490782,0.112551
-113.924,212.658,0.0492386,0.113643
-110.127,212.658,0.0493991,0.114735
-106.329,212.658,0.0495595,0.115827
-102.532,212.658,0.04972,0.11692
-98.7342,212.658,0.0498804,0.118012
-94.9367,212.658,0.0500409,0.119104
-91.1392,212.658,0.0502013,0.120196
-87.3418,212.658,0.0503617,0.121288
-83.5443,212.658,0.0505222,0.12238
-79.7468,212.658,0.0506826,0.123472
-75.9494,212.658,0.0508431,0.124564
-72.1519,212.658,0.0510035,0.125657
-68.3544,212.658,0.051164,0.126749
-64.557,212.658,0.0513244,0.127841
-60.7595,212.658,0.0514849,0.128933
-56.962,212.658,0.0516453,0.130025
-53.1646,212.658,0.0518058,0.131117
-49.3671,212.658,0.0519662,0.132209
-45.5696,212.658,0.0521266,0.133302
-41.7722,212.658,0.0522871,0.134394
-37.9747,212.658,0.0524475,0.135486
-34.1772,212.658,0.052608,0.136578
-30.3797,212.658,0.0527684,0.13767
-26.5823,212.658,0.0529289,0.138762
-22.7848,212.658,0.0530893,0.139854
-18.9873,212.658,0.0532498,0.140946
-15.1899,212.658,0.0534102,0.142039
-11.3924,212.658,0.0535707,0.143131
-7.59494,212.658,0.0537311,0.144223
-3.79747,212.658,0.0538915,0.145315
0,212.658,0.054052,0.146407
-300,216.456,0.0419558,0.0618787
-296.203,216.456,0.0421162,0.0629708
-292.405,216.456,0.0422767,0.0640629
-288.608,216.456,0.0424371,0.0651551
-284.81,216.456,0.0425975,0.0662472
-281.013,216.456,0.042758,0.0673393
-277.215,216.456,0.0429184,0.0684315
-273.418,216.456,0.0430789,0.0695236
-269.62,216.456,0.0432393,0.0706157
-265.823,216.456,0.0433998,0.0717078
-262.025,216.456,0.0435602,0.0728
-258.228,216.456,0.0437207,0.0738921
-254.43,216.456,0.0438811,0.0749842
-250.633,216.456,0.0440416,0.0760764
-246.835,216.456,0.044202,0.0771685
-243.038,216.456,0.0443624,0.0782606
-239.241,216.456,0.0445229,0.0793528
-235.443,216.456,0.0446833,0.0804449
-231.646,216.456,0.0448438,0.081537
-227.848,216.456,0.0450042,0.0826291
-224.051,216.456,0.0451647,0.0837213
-220.253,216.456,0.0453251,0.0848134
-216.456,216.456,0.0454856,0.0859055
-212.658,216.456,0.045646,0.0869977
-208.861,216.456,0.0458065,0.0880898
-205.063,216.456,0.0459669,0.0891819
-201.266,216.456,0.0461273,0.0902741
-197.468,216.456,0.0462878,0.0913662
-193.671,216.456,0.0464482,0.0924583
-189.873,216.456,0.0466087,0.0935505
-186.076,216.456,0.0467691,0.0946426
-182.278,216.456,0.0469296,0.0957347
-178.481,216.456,0.04709,0.0968268
-174.684,216.456,0.0472505,0.097919
-170.886,216.456,0.0474109,0.0990111
-167.089,216.456,0.0475713,0.100103
-163.291,216.456,0.0477318,0.101195
-159.494,216.456,0.0478922,0.102287
-155.696,216.456,0.0480527,0.10338
-151.899,216.456,0.0482131,0.104472
-148.101,216.456,0.0483736,0.105564
-144.304,216.456,0.048534,0.106656
-140.506,216.456,0.0486945,0.107748
-136.709,216.456,0.0488549,0.10884
-132.911,216.456,0.0490154,0.109932
-129.114,216.456,0.0491758,0.111025
-125.316,216.456,0.0493362,0.112117
-121.519,216.456,0.0494967,0.113209
-117.722,216.456,0.0496571,0.114301
-113.924,216.456,0.0498176,0.115393
-110.127,216.456,0.049978,0.116485
-106.329,216.456,0.0501385,0.117577
-102.532,216.456,0.0502989,0.118669
-98.7342,216.456,0.0504594,0.119762
-94.9367,216.456,0.0506198,0.120854
-91.1392,216.456,0.0507803,0.121946
-87.3418,216.456,0.0509407,0.123038
-83.5443,216.456,0.0511011,0.12413
-79.7468,216.456,0.0512616,0.125222
-75.9494,216.456,0.051422,0.126314
-72.1519,216.456,0.0515825,0.127406
-68.3544,216.456,0.0517429,0.128499
-64.557,216.456,0.0519034,0.129591
-60.7595,216.456,0.0520638,0.130683
-56.962,216.456,0.0522243,0.131775
-53.1646,216.456,0.0523847,0.132867
-49.3671,216.456,0.0525452,0.133959
-45.5696,216.456,0.0527056,0.135051
-41.7722,216.456,0.052866,0.136144
-37.9747,216.456,0.0530265,0.137236
-34.1772,216.456,0.0531869,0.138328
-30.3797,216.456,0.0533474,0.13942
-26.5823,216.456,0.0535078,0.140512
-22.7848,216.456,0.0536683,0.141604
-18.9873,216.456,0.0538287,0.142696
-15.1899,216.456,0.0539892,0.143788
-11.3924,216.456,0.0541496,0.144881
-7.59494,216.456,0.0543101,0.145973
-3.79747,216.456,0.0544705,0.147065
0,216.456,0.0546309,0.148157
-300,220.253,0.0425347,0.0636285
-296.203,220.253,0.0426952,0.0647207
-292.405,220.253,0.0428556,0.0658128
-288.608,220.253,0.0430161,0.0669049
-284.81,220.253,0.0431765,0.0679971
-281.013,220.253,0.0433369,0.0690892
-277.215,220.253,0.0434974,0.0701813
-273.418,220.253,0.0436578,0.0712735
-269.62,220.253,0.0438183,0.0723656
-265.823,220.253,0.0439787,0.0734577
-262.025,220.253,0.0441392,0.0745498
-258.228,220.253,0.0442996,0.075642
-254.43,220.253,0.0444601,0.0767341
-250.633,220.253,0.0446205,0.0778262
-246.835,220.253,0.044781,0.0789184
-243.038,220.253,0.0449414,0.0800105
-239.241,220.253,0.0451018,0.0811026
-235.443,220.253,0.0452623,0.0821948
-231.646,220.253,0.0454227,0.0832869
-227.848,220.253,0.0455832,0.084379
-224.051,220.253,0.0457436,0.0854712
-220.253,220.253,0.0459041,0.0865633
-216.456,220.253,0.0460645,0.0876554
-212.658,220.253,0.046225,0.0887475
-208.861,220.253,0.0463854,0.0898397
-205.063,220.253,0.0465459,0.0909318
-201.266,220.253,0.0467063,0.0920239
-197.468,220.253,0.0468667,0.0931161
-193.671,220.253,0.0470272,0.0942082
-189.873,220.253,0.0471876,0.0953003
-186.076,220.253,0.0473481,0.0963925
-182.278,220.253,0.0475085,0.0974846
-178.481,220.253,0.047669,0.0985767
-174.684,220.253,0.0478294,0.0996688
-170.886,220.253,0.0479899,0.100761
-167.089,220.253,0.0481503,0.101853
-163.291,220.253,0.0483107,0.102945
-159.494,220.253,0.0484712,0.104037
-155.696,220.253,0.0486316,0.105129
-151.899,220.253,0.0487921,0.106222
-148.101,220.253,0.0489525,0.107314
-144.304,220.253,0.049113,0.108406
-140.506,220.253,0.0492734,0.109498
-136.709,220.253,0.0494339,0.11059
-132.911,220.253,0.0495943,0.111682
-129.114,220.253,0.0497548,0.112774
-125.316,220.253,0.0499152,0.113867
-121.519,220.253,0.0500756,0.114959
-117.722,220.253,0.0502361,0.116051
-113.924,220.253,0.0503965,0.117143
-110.127,220.253,0.050557,0.118235
-106.329,220.253,0.0507174,0.119327
-102.532,220.253,0.0508779,0.120419
-98.7342,220.253,0.0510383,0.121511
-94.9367,220.253,0.0511988,0.122604
-91.1392,220.253,0.0513592,0.123696
-87.3418,220.253,0.0515197,0.124788
-83.5443,220.253,0.0516801,0.12588
-79.7468,220.253,0.0518405,0.126972
-75.9494,220.253,0.052001,0.128064
-72.1519,220.253,0.0521614,0.129156
-68.3544,220.253,0.0523219,0.130248
-64.557,220.253,0.0524823,0.131341
-60.7595,220.253,0.0526428,0.132433
-56.962,220.253,0.0528032,0.133525
-53.1646,220.253,0.0529637,0.134617
-49.3671,220.253,0.0531241,0.135709
-45.5696,220.253,0.0532846,0.136801
-41.7722,220.253,0.053445,0.137893
-37.9747,220.253,0.0536054,0.138986
-34.1772,220.253,0.0537659,0.140078
-30.3797,220.253,0.0539263,0.14117
-26.5823,220.253,0.0540868,0.142262
-22.7848,220.253,0.0542472,0.143354
-18.9873,220.253,0.0544077,0.144446
-15.1899,220.253,0.0545681,0.145538
-11.3924,220.253,0.0547286,0.14663
-7.59494,220.253,0.054889,0.147723
-3.79747,220.253,0.0550495,0.148815
0,220.253,0.0552099,0.149907
-300,224.051,0.0431137,0.0653784
-296.203,224.051,0.0432741,0.0664705
-292.405,224.051,0.0434346,0.0675627
-288.608,224.051,0.043595,0.0686548
-284.81,224.051,0.0437555,0.0697469
-281.013,224.051,0.0439159,0.0708391
-277.215,224.051,0.0440763,0.0719312
-273.418,224.051,0.0442368,0.0730233
-269.62,224.051,0.0443972,0.0741155
-265.823,224.051,0.0445577,0.0752076
-262.025,224.051,0.0447181,0.0762997
-258.228,224.051,0.0448786,0.0773919
-254.43,224.051,0.045039,0.078484
-250.633,224.051,0.0451995,0.0795761
-246.835,224.051,0.0453599,0.0806682
-243.038,224.051,0.0455204,0.0817604
-239.241,224.051,0.0456808,0.0828525
-235.443,224.051,0.0458412,0.0839446
-231.646,224.051,0.0460017,0.0850368
-227.848,224.051,0.0461621,0.0861289
-224.051,224.051,0.0463226,0.087221
-220.253,224.051,0.046483,0.0883132
-216.456,224.051,0.0466435,0.0894053
-212.658,224.051,0.0468039,0.0904974
-208.861,224.051,0.0469644,0.0915895
-205.063,224.051,0.0471248,0.0926817
-201.266,224.051,0.0472853,0.0937738
-197.468,224.051,0.0474457,0.0948659
-193.671,224.051,0.0476061,0.0959581
-189.873,224.051,0.0477666,0.0970502
-186.076,224.051,0.047927,0.0981423
-182.278,224.051,0.0480875,0.0992345
-178.481,224.051,0.0482479,0.100327
-174.684,224.051,0.0484084,0.101419
-170.886,224.051,0.0485688,0.102511
-167.089,224.051,0.0487293,0.103603
-163.291,224.051,0.0488897,0.104695
-159.494,224.051,0.0490501,0.105787
-155.696,224.051,0.0492106,0.106879
-151.899,224.051,0.049371,0.107972
-148.101,224.051,0.0495315,0.109064
-144.304,224.051,0.0496919,0.110156
-140.506,224.051,0.0498524,0.111248
-136.709,224.051,0.0500128,0.11234
-132.911,224.051,0.0501733,0.113432
-129.114,224.051,0.0503337,0.114524
-125.316,224.051,0.0504942,0.115616
-121.519,224.051,0.0506546,0.116709
-117.722,224.051,0.050815,0.117801
-113.924,224.051,0.0509755,0.118893
-110.127,224.051,0.0511359,0.119985
-106.329,224.051,0.0512964,0.121077
-102.532,224.051,0.0514568,0.122169
-98.7342,224.051,0.0516173,0.123261
-94.9367,224.051,0.0517777,0.124353
-91.1392,224.051,0.0519382,0.125446
-87.3418,224.051,0.0520986,0.126538
-83.5443,224.051,0.0522591,0.12763
-79.7468,224.051,0.0524195,0.128722
-75.9494,224.051,0.0525799,0.129814
-72.1519,224.051,0.0527404,0.130906
-68.3544,224.051,0.0529008,0.131998
-64.557,224.051,0.0530613,0.133091
-60.7595,224.051,0.0532217,0.134183
-56.962,224.051,0.0533822,0.135275
-53.1646,224.051,0.0535426,0.136367
-49.3671,224.051,0.0537031,0.137459
-45.5696,224.051,0.0538635,0.138551
-41.7722,224.051,0.054024,0.139643
-37.9747,224.051,0.0541844,0.140735
-34.1772,224.051,0.0543448,0.141828
-30.3797,224.051,0.0545053,0.14292
-26.5823,224.051,0.0546657,0.144012
-22.7848,224.051,0.0548262,0.145104
-18.9873,224.051,0.0549866,0.146196
-15.1899,224.051,0.0551471,0.147288
-11.3924,224.051,0.0553075,0.14838
-7.59494,224.051,0.055468,0.149472
-3.79747,224.051,0.0556284,0.150565
0,224.051,0.0557889,0.151657
-300,227.848,0.0436926,0.0671283
-296.203,227.848,0.0438531,0.0682204
-292.405,227.848,0.0440135,0.0693126
-288.608,227.848,0.044174,0.0704047
-284.81,227.848,0.0443344,0.0714968
-281.013,227.848,0.0444949,0.0725889
-277.215,227.848,0.0446553,0.0736811
-273.418,227.848,0.0448157,0.0747732
-269.62,227.848,0.0449762,0.0758653
-265.823,227.848,0.0451366,0.0769575
-262.025,227.848,0.0452971,0.0780496
-258.228,227.848,0.0454575,0.0791417
-254.43,227.848,0.045618,0.0802339
-250.633,227.848,0.0457784,0.081326
-246.835,227.848,0.0459389,0.0824181
-243.038,227.848,0.0460993,0.0835102
-239.241,227.848,0.0462598,0.0846024
-235.443,227.848,0.0464202,0.0856945
-231.646,227.848,0.0465806,0.0867866
-227.848,227.848,0.0467411,0.0878788
-224.051,227.848,0.0469015,0.0889709
-220.253,227.848,0.047062,0.090063
-216.456,227.848,0.0472224,0.0911552
-212.658,227.848,0.0473829,0.0922473
-208.861,227.848,0.0475433,0.0933394
-205.063,227.848,0.0477038,0.0944316
-201.266,227.848,0.0478642,0.0955237
-197.468,227.848,0.0480246,0.0966158
-193.671,227.848,0.0481851,0.0977079
-189.873,227.848,0.0483455,0.0988001
-186.076,227.848,0.048506,0.0998922
-182.278,227.848,0.0486664,0.100984
-178.481,227.848,0.0488269,0.102076
-174.684,227.848,0.0489873,0.103169
-170.886,227.848,0.0491478,0.104261
-167.089,227.848,0.0493082,0.105353
-163.291,227.848,0.0494687,0.106445
-159.494,227.848,0.0496291,0.107537
-155.696,227.848,0.0497895,0.108629
-151.899,227.848,0.04995,0.109721
-148.101,227.848,0.0501104,0.110814
-144.304,227.848,0.0502709,0.111906
-140.506,227.848,0.0504313,0.112998
-136.709,227.848,0.0505918,0.11409
-132.911,227.848,0.0507522,0.115182
-129.114,227.848,0.0509127,0.116274
-125.316,227.848,0.0510731,0.117366
-121.519,227.848,0.0512336,0.118458
-117.722,227.848,0.051394,0.119551
-113.924,227.848,0.0515544,0.120643
-110.127,227.848,0.0517149,0.121735
-106.329,227.848,0.0518753,0.122827
-102.532,227.848,0.0520358,0.123919
-98.7342,227.848,0.0521962,0.125011
-94.9367,227.848,0.0523567,0.126103
-91.1392,227.848,0.0525171,0.127195
-87.3418,227.848,0.0526776,0.128288
-83.5443,227.848,0.052838,0.12938
-79.7468,227.848,0.0529985,0.130472
-75.9494,227.848,0.0531589,0.131564
-72.1519,227.848,0.0533193,0.132656
-68.3544,227.848,0.0534798,0.133748
-64.557,227.848,0.0536402,0.13484
-60.7595,227.848,0.0538007,0.135933
-56.962,227.848,0.0539611,0.137025
-53.1646,227.848,0.0541216,0.138117
-49.3671,227.848,0.054282,0.139209
-45.5696,227.848,0.0544425,0.140301
-41.7722,227.848,0.0546029,0.141393
-37.9747,227.848,0.0547634,0.142485
-34.1772,227.848,0.0549238,0.143577
-30.3797,227.848,0.0550842,0.14467
-26.5823,227.848,0.0552447,0.145762
-22.7848,227.848,0.0554051,0.146854
-18.9873,227.848,0.0555656,0.147946
-15.1899,227.848,0.055726,0.149038
-11.3924,227.848,0.0558865,0.15013
-7.59494,227.848,0.0560469,0.151222
-3.79747,227.848,0.0562074,0.152314
0,227.848,0.0563678,0.153407
-300,231.646,0.0442716,0.0688782
-296.203,231.646,0.044432,0.0699703
-292.405,231.646,0.0445925,0.0710624
-288.608,231.646,0.0447529,0.0721546
-284.81,231.646,0.0449134,0.0732467
-281.013,231.646,0.0450738,0.0743388
-277.215,231.646,0.0452343,0.0754309
-273.418,231.646,0.0453947,0.0765231
-269.62,231.646,0.0455551,0.0776152
-265.823,231.646,0.0457156,0.0787073
-262.025,231.646,0.045876,0.0797995
-258.228,231.646,0.0460365,0.0808916
-254.43,231.646,0.0461969,0.0819837
-250.633,231.646,0.0463574,0.0830759
-246.835,231.646,0.0465178,0.084168
-243.038,231.646,0.0466783,0.0852601
-239.241,231.646,0.0468387,0.0863523
-235.443,231.646,0.0469992,0.0874444
-231.646,231.646,0.0471596,0.0885365
-227.848,231.646,0.04732,0.0896286
-224.051,231.646,0.0474805,0.0907208
-220.253,231.646,0.0476409,0.0918129
-216.456,231.646,0.0478014,0.092905
-212.658,231.646,0.0479618,0.0939972
-208.861,231.646,0.0481223,0.0950893
-205.063,231.646,0.0482827,0.0961814
-201.266,231.646,0.0484432,0.0972736
-197.468,231.646,0.0486036,0.0983657
-193.671,231.646,0.048764,0.0994578
-189.873,231.646,0.0489245,0.10055
-186.076,231.646,0.0490849,0.101642
-182.278,231.646,0.0492454,0.102734
-178.481,231.646,0.0494058,0.103826
-174.684,231.646,0.0495663,0.104918
-170.886,231.646,0.0497267,0.106011
-167.089,231.646,0.0498872,0.107103
-163.291,231.646,0.0500476,0.108195
-159.494,231.646,0.0502081,0.109287
-155.696,231.646,0.0503685,0.110379
-151.899,231.646,0.0505289,0.111471
-148.101,231.646,0.0506894,0.112563
-144.304,231.646,0.0508498,0.113656
-140.506,231.646,0.0510103,0.114748
-136.709,231.646,0.0511707,0.11584
-132.911,231.646,0.0513312,0.116932
-129.114,231.646,0.0514916,0.118024
-125.316,231.646,0.0516521,0.119116
-121.519,231.646,0.0518125,0.120208
-117.722,231.646,0.051973,0.1213
-113.924,231.646,0.0521334,0.122393
-110.127,231.646,0.0522938,0.123485
-106.329,231.646,0.0524543,0.124577
-102.532,231.646,0.0526147,0.125669
-98.7342,231.646,0.0527752,0.126761
-94.9367,231.646,0.0529356,0.127853
-91.1392,231.646,0.0530961,0.128945
-87.3418,231.646,0.0532565,0.130037
-83.5443,231.646,0.053417,0.13113
-79.7468,231.646,0.0535774,0.132222
-75.9494,231.646,0.0537379,0.133314
-72.1519,231.646,0.0538983,0.134406
-68.3544,231.646,0.0540587,0.135498
-64.557,231.646,0.0542192,0.13659
-60.7595,231.646,0.0543796,0.137682
-56.962,231.646,0.0545401,0.138775
-53.1646,231.646,0.0547005,0.139867
-49.3671,231.646,0.054861,0.140959
-45.5696,231.646,0.0550214,0.142051
-41.7722,231.646,0.0551819,0.143143
-37.9747,231.646,0.0553423,0.144235
-34.1772,231.646,0.0555028,0.145327
-30.3797,231.646,0.0556632,0.146419
-26.5823,231.646,0.0558236,0.147512
-22.7848,231.646,0.0559841,0.148604
-18.9873,231.646,0.0561445,0.149696
-15.1899,231.646,0.056305,0.150788
-11.3924,231.646,0.0564654,0.15188
-7.59494,231.646,0.0566259,0.152972
-3.79747,231.646,0.0567863,0.154064
0,231.646,0.0569468,0.155156
-300,235.443,0.0448505,0.070628
-296.203,235.443,0.045011,0.0717202
-292.405,235.443,0.0451714,0.0728123
-288.608,235.443,0.0453319,0.0739044
-284.81,235.443,0.0454923,0.0749966
-281.013,235.443,0.0456528,0.0760887
-277.215,235.443,0.0458132,0.0771808
-273.418,235.443,0.0459737,0.078273
-269.62,235.443,0.0461341,0.0793651
-265.823,235.443,0.0462945,0.0804572
-262.025,235.443,0.046455,0.0815493
-258.228,235.443,0.0466154,0.0826415
-254.43,235.443,0.0467759,0.0837336
-250.633,235.443,0.0469363,0.0848257
-246.835,235.443,0.0470968,0.0859179
-243.038,235.443,0.0472572,0.08701
-239.241,235.443,0.0474177,0.0881021
-235.443,235.443,0.0475781,0.0891943
-231.646,235.443,0.0477386,0.0902864
-227.848,235.443,0.047899,0.0913785
-224.051,235.443,0.0480594,0.0924706
-220.253,235.443,0.0482199,0.0935628
-216.456,235.443,0.0483803,0.0946549
-212.658,235.443,0.0485408,0.095747
-208.861,235.443,0.0487012,0.0968392
-205.063,235.443,0.0488617,0.0979313
-201.266,235.443,0.0490221,0.0990234
-197.468,235.443,0.0491826,0.100116
-193.671,235.443,0.049343,0.101208
-189.873,235.443,0.0495034,0.1023
-186.076,235.443,0.0496639,0.103392
-182.278,235.443,0.0498243,0.104484
-178.481,235.443,0.0499848,0.105576
-174.684,235.443,0.0501452,0.106668
-170.886,235.443,0.0503057,0.10776
-167.089,235.443,0.0504661,0.108853
-163.291,235.443,0.0506266,0.109945
-159.494,235.443,0.050787,0.111037
-155.696,235.443,0.0509475,0.112129
-151.899,235.443,0.0511079,0.113221
-148.101,235.443,0.0512683,0.114313
-144.304,235.443,0.0514288,0.115405
-140.506,235.443,0.0515892,0.116498
-136.709,235.443,0.0517497,0.11759
-132.911,235.443,0.0519101,0.118682
-129.114,235.443,0.0520706,0.119774
-125.316,235.443,0.052231,0.120866
-121.519,235.443,0.0523915,0.121958
-117.722,235.443,0.0525519,0.12305
-113.924,235.443,0.0527124,0.124142
-110.127,235.443,0.0528728,0.125235
-106.329,235.443,0.0530332,0.126327
-102.532,235.443,0.0531937,0.127419
-98.7342,235.443,0.0533541,0.128511
-94.9367,235.443,0.0535146,0.129603
-91.1392,235.443,0.053675,0.130695
-87.3418,235.443,0.0538355,0.131787
-83.5443,235.443,0.0539959,0.132879
-79.7468,235.443,0.0541564,0.133972
-75.9494,235.443,0.0543168,0.135064
-72.1519,235.443,0.0544773,0.136156
-68.3544,235.443,0.0546377,0.137248
-64.557,235.443,0.0547981,0.13834
-60.7595,235.443,0.0549586,0.139432
-56.962,235.443,0.055119,0.140524
-53.1646,235.443,0.0552795,0.141617
-49.3671,235.443,0.0554399,0.142709
-45.5696,235.443,0.0556004,0.143801
-41.7722,235.443,0.0557608,0.144893
-37.9747,235.443,0.0559213,0.145985
-34.1772,235.443,0.0560817,0.147077
-30.3797,235.443,0.0562422,0.148169
-26.5823,235.443,0.0564026,0.149261
-22.7848,235.443,0.056563,0.150354
-18.9873,235.443,0.0567235,0.151446
-15.1899,235.443,0.0568839,0.152538
-11.3924,235.443,0.0570444,0.15363
-7.59494,235.443,0.0572048,0.154722
-3.79747,235.443,0.0573653,0.155814
0,235.443,0.0575257,0.156906
-300,239.241,0.0454295,0.0723779
-296.203,239.241,0.0455899,0.07347
-292.405,239.241,0.0457504,0.0745622
-288.608,239.241,0.0459108,0.0756543
-284.81,239.241,0.0460713,0.0767464
-281.013,239.241,0.0462317,0.0778386
-277.215,239.241,0.0463922,0.0789307
-273.418,239.241,0.0465526,0.0800228
-269.62,239.241,0.0467131,0.081115
-265.823,239.241,0.0468735,0.0822071
-262.025,239.241,0.0470339,0.0832992
-258.228,239.241,0.0471944,0.0843913
-254.43,239.241,0.0473548,0.0854835
-250.633,239.241,0.0475153,0.0865756
-246.835,239.241,0.0476757,0.0876677
-243.038,239.241,0.0478362,0.0887599
-239.241,239.241,0.0479966,0.089852
-235.443,239.241,0.0481571,0.0909441
-231.646,239.241,0.0483175,0.0920363
-227.848,239.241,0.0484779,0.0931284
-224.051,239.241,0.0486384,0.0942205
-220.253,239.241,0.0487988,0.0953127
-216.456,239.241,0.0489593,0.0964048
-212.658,239.241,0.0491197,0.0974969
-208.861,239.241,0.0492802,0.098589
-205.063,239.241,0.0494406,0.0996812
-201.266,239.241,0.0496011,0.100773
-197.468,239.241,0.0497615,0.101865
-193.671,239.241,0.049922,0.102958
-189.873,239.241,0.0500824,0.10405
-186.076,239.241,0.0502428,0.105142
-182.278,239.241,0.0504033,0.106234
-178.481,239.241,0.0505637,0.107326
-174.684,239.241,0.0507242,0.108418
-170.886,239.241,0.0508846,0.10951
-167.089,239.241,0.0510451,0.110602
-163.291,239.241,0.0512055,0.111695
-159.494,239.241,0.051366,0.112787
-155.696,239.241,0.0515264,0.113879
-151.899,239.241,0.0516869,0.114971
-148.101,239.241,0.0518473,0.116063
-144.304,239.241,0.0520077,0.117155
-140.506,239.241,0.0521682,0.118247
-136.709,239.241,0.0523286,0.11934
-132.911,239.241,0.0524891,0.120432
-129.114,239.241,0.0526495,0.121524
-125.316,239.241,0.05281,0.122616
-121.519,239.241,0.0529704,0.123708
-117.722,239.241,0.0531309,0.1248
-113.924,239.241,0.0532913,0.125892
-110.127,239.241,0.0534518,0.126984
-106.329,239.241,0.0536122,0.128077
-102.532,239.241,0.0537726,0.129169
-98.7342,239.241,0.0539331,0.130261
-94.9367,239.241,0.0540935,0.131353
-91.1392,239.241,0.054254,0.132445
-87.3418,239.241,0.0544144,0.133537
-83.5443,239.241,0.0545749,0.134629
-79.7468,239.241,0.0547353,0.135721
-75.9494,239.241,0.0548958,0.136814
-72.1519,239.241,0.0550562,0.137906
-68.3544,239.241,0.0552167,0.138998
-64.557,239.241,0.0553771,0.14009
-60.7595,239.241,0.0555375,0.141182
-56.962,239.241,0.055698,0.142274
-53.1646,239.241,0.0558584,0.143366
-49.3671,239.241,0.0560189,0.144459
-45.5696,239.241,0.0561793,0.145551
-41.7722,239.241,0.0563398,0.146643
-37.9747,239.241,0.0565002,0.147735
-34.1772,239.241,0.0566607,0.148827
-30.3797,239.241,0.0568211,0.149919
-26.5823,239.241,0.0569816,0.151011
-22.7848,239.241,0.057142,0.152103
-18.9873,239.241,0.0573024,0.153196
-15.1899,239.241,0.0574629,0.154288
-11.3924,239.241,0.0576233,0.15538
-7.59494,239.241,0.0577838,0.156472
-3.79747,239.241,0.0579442,0.157564
0,239.241,0.0581047,0.158656
-300,243.038,0.0460084,0.0741278
-296.203,243.038,0.0461689,0.0752199
-292.405,243.038,0.0463293,0.076312
-288.608,243.038,0.0464898,0.0774042
-284.81,243.038,0.0466502,0.0784963
-281.013,243.038,0.0468107,0.0795884
-277.215,243.038,0.0469711,0.0806806
-273.418,243.038,0.0471316,0.0817727
-269.62,243.038,0.047292,0.0828648
-265.823,243.038,0.0474525,0.083957
-262.025,243.038,0.0476129,0.0850491
-258.228,243.038,0.0477733,0.0861412
-254.43,243.038,0.0479338,0.0872334
-250.633,243.038,0.0480942,0.0883255
-246.835,243.038,0.0482547,0.0894176
-243.038,243.038,0.0484151,0.0905097
-239.241,243.038,0.0485756,0.0916019
-235.443,243.038,0.048736,0.092694
-231.646,243.038,0.0488965,0.0937861
-227.848,243.038,0.0490569,0.0948783
-224.051,243.038,0.0492173,0.0959704
-220.253,243.038,0.0493778,0.0970625
-216.456,243.038,0.0495382,0.0981547
-212.658,243.038,0.0496987,0.0992468
-208.861,243.038,0.0498591,0.100339
-205.063,243.038,0.0500196,0.101431
-201.266,243.038,0.05018,0.102523
-197.468,243.038,0.0503405,0.103615
-193.671,243.038,0.0505009,0.104707
-189.873,243.038,0.0506614,0.1058
-186.076,243.038,0.0508218,0.106892
-182.278,243.038,0.0509822,0.107984
-178.481,243.038,0.0511427,0.109076
-174.684,243.038,0.0513031,0.110168
-170.886,243.038,0.0514636,0.11126
-167.089,243.038,0.051624,0.112352
-163.291,243.038,0.0517845,0.113444
-159.494,243.038,0.0519449,0.114537
-155.696,243.038,0.0521054,0.115629
-151.899,243.038,0.0522658,0.116721
-148.101,243.038,0.0524263,0.117813
-144.304,243.038,0.0525867,0.118905
-140.506,243.038,0.0527471,0.119997
-136.709,243.038,0.0529076,0.121089
-132.911,243.038,0.053068,0.122182
-129.114,243.038,0.0532285,0.123274
-125.316,243.038,0.0533889,0.124366
-121.519,243.038,0.0535494,0.125458
-117.722,243.038,0.0537098,0.12655
-113.924,243.038,0.0538703,0.127642
-110.127,243.038,0.0540307,0.128734
-106.329,243.038,0.0541912,0.129826
-102.532,243.038,0.0543516,0.130919
-98.7342,243.038,0.054512,0.132011
-94.9367,243.038,0.0546725,0.133103
-91.1392,243.038,0.0548329,0.134195
-87.3418,243.038,0.0549934,0.135287
-83.5443,243.038,0.0551538,0.136379
-79.7468,243.038,0.0553143,0.137471
-75.9494,243.038,0.0554747,0.138563
-72.1519,243.038,0.0556352,0.139656
-68.3544,243.038,0.0557956,0.140748
-64.557,243.038,0.0559561,0.14184
-60.7595,243.038,0.0561165,0.142932
-56.962,243.038,0.0562769,0.144024
-53.1646,243.038,0.0564374,0.145116
-49.3671,243.038,0.0565978,0.146208
-45.5696,243.038,0.0567583,0.147301
-41.7722,243.038,0.0569187,0.148393
-37.9747,243.038,0.0570792,0.149485
-34.1772,243.038,0.0572396,0.150577
-30.3797,243.038,0.0574001,0.151669
-26.5823,243.038,0.0575605,0.152761
-22.7848,243.038,0.057721,0.153853
-18.9873,243.038,0.0578814,0.154945
-15.1899,243.038,0.0580418,0.156038
-11.3924,243.038,0.0582023,0.15713
-7.59494,243.038,0.0583627,0.158222
-3.79747,243.038,0.0585232,0.159314
0,243.038,0.0586836,0.160406
-300,246.835,0.0465874,0.0758777
-296.203,246.835,0.0467478,0.0769698
-292.405,246.835,0.0469083,0.0780619
-288.608,246.835,0.0470687,0.0791541
-284.81,246.835,0.0472292,0.0802462
-281.013,246.835,0.0473896,0.0813383
-277.215,246.835,0.0475501,0.0824304
-273.418,246.835,0.0477105,0.0835226
-269.62,246.835,0.047871,0.0846147
-265.823,246.835,0.0480314,0.0857068
-262.025,246.835,0.0481919,0.086799
-258.228,246.835,0.0483523,0.0878911
-254.43,246.835,0.0485127,0.0889832
-250.633,246.835,0.0486732,0.0900754
-246.835,246.835,0.0488336,0.0911675
-243.038,246.835,0.0489941,0.0922596
-239.241,246.835,0.0491545,0.0933517
-235.443,246.835,0.049315,0.0944439
-231.646,246.835,0.0494754,0.095536
-227.848,246.835,0.0496359,0.0966281
-224.051,246.835,0.0497963,0.0977203
-220.253,246.835,0.0499567,0.0988124
-216.456,246.835,0.0501172,0.0999045
-212.658,246.835,0.0502776,0.100997
-208.861,246.835,0.0504381,0.102089
-205.063,246.835,0.0505985,0.103181
-201.266,246.835,0.050759,0.104273
-197.468,246.835,0.0509194,0.105365
-193.671,246.835,0.0510799,0.106457
-189.873,246.835,0.0512403,0.107549
-186.076,246.835,0.0514008,0.108642
-182.278,246.835,0.0515612,0.109734
-178.481,246.835,0.0517216,0.110826
-174.684,246.835,0.0518821,0.111918
-170.886,246.835,0.0520425,0.11301
-167.089,246.835,0.052203,0.114102
-163.291,246.835,0.0523634,0.115194
-159.494,246.835,0.0525239,0.116286
-155.696,246.835,0.0526843,0.117379
-151.899,246.835,0.0528448,0.118471
-148.101,246.835,0.0530052,0.119563
-144.304,246.835,0.0531657,0.120655
-140.506,246.835,0.0533261,0.121747
-136.709,246.835,0.0534865,0.122839
-132.911,246.835,0.053647,0.123931
-129.114,246.835,0.0538074,0.125024
-125.316,246.835,0.0539679,0.126116
-121.519,246.835,0.0541283,0.127208
-117.722,246.835,0.0542888,0.1283
-113.924,246.835,0.0544492,0.129392
-110.127,246.835,0.0546097,0.130484
-106.329,246.835,0.0547701,0.131576
-102.532,246.835,0.0549306,0.132668
-98.7342,246.835,0.055091,0.133761
-94.9367,246.835,0.0552514,0.134853
-91.1392,246.835,0.0554119,0.135945
-87.3418,246.835,0.0555723,0.137037
-83.5443,246.835,0.0557328,0.138129
-79.7468,246.835,0.0558932,0.139221
-75.9494,246.835,0.0560537,0.140313
-72.1519,246.835,0.0562141,0.141405
-68.3544,246.835,0.0563746,0.142498
-64.557,246.835,0.056535,0.14359
-60.7595,246.835,0.0566955,0.144682
-56.962,246.835,0.0568559,0.145774
-53.1646,246.835,0.0570163,0.146866
-49.3671,246.835,0.0571768,0.147958
-45.5696,246.835,0.0573372,0.14905
-41.7722,246.835,0.0574977,0.150143
-37.9747,246.835,0.0576581,0.151235
-34.1772,246.835,0.0578186,0.152327
-30.3797,246.835,0.057979,0.153419
-26.5823,246.835,0.0581395,0.154511
-22.7848,246.835,0.0582999,0.155603
-18.9873,246.835,0.0584604,0.156695
-15.1899,246.835,0.0586208,0.157787
-11.3924,246.835,0.0587812,0.15888
-7.59494,246.835,0.0589417,0.159972
-3.79747,246.835,0.0591021,0.161064
0,246.835,0.0592626,0.162156
-300,250.633,0.0471664,0.0776275
-296.203,250.633,0.0473268,0.0787197
-292.405,250.633,0.0474872,0.0798118
-288.608,250.633,0.0476477,0.0809039
-284.81,250.633,0.0478081,0.0819961
-281.013,250.633,0.0479686,0.0830882
-277.215,250.633,0.048129,0.0841803
-273.418,250.633,0.0482895,0.0852724
-269.62,250.633,0.0484499,0.0863646
-265.823,250.633,0.0486104,0.0874567
-262.025,250.633,0.0487708,0.0885488
-258.228,250.633,0.0489313,0.089641
-254.43,250.633,0.0490917,0.0907331
-250.633,250.633,0.0492521,0.0918252
-246.835,250.633,0.0494126,0.0929174
-243.038,250.633,0.049573,0.0940095
-239.241,250.633,0.0497335,0.0951016
-235.443,250.633,0.0498939,0.0961937
-231.646,250.633,0.0500544,0.0972859
-227.848,250.633,0.0502148,0.098378
-224.051,250.633,0.0503753,0.0994701
-220.253,250.633,0.0505357,0.100562
-216.456,250.633,0.0506961,0.101654
-212.658,250.633,0.0508566,0.102747
-208.861,250.633,0.051017,0.103839
-205.063,250.633,0.0511775,0.104931
-201.266,250.633,0.0513379,0.106023
-197.468,250.633,0.0514984,0.107115
-193.671,250.633,0.0516588,0.108207
-189.873,250.633,0.0518193,0.109299
-186.076,250.633,0.0519797,0.110391
-182.278,250.633,0.0521402,0.111484
-178.481,250.633,0.0523006,0.112576
-174.684,250.633,0.052461,0.113668
-170.886,250.633,0.0526215,0.11476
-167.089,250.633,0.0527819,0.115852
-163.291,250.633,0.0529424,0.116944
-159.494,250.633,0.0531028,0.118036
-155.696,250.633,0.0532633,0.119128
-151.899,250.633,0.0534237,0.120221
-148.101,250.633,0.0535842,0.121313
-144.304,250.633,0.0537446,0.122405
-140.506,250.633,0.0539051,0.123497
-136.709,250.633,0.0540655,0.124589
-132.911,250.633,0.0542259,0.125681
-129.114,250.633,0.0543864,0.126773
-125.316,250.633,0.0545468,0.127866
-121.519,250.633,0.0547073,0.128958
-117.722,250.633,0.0548677,0.13005
-113.924,250.633,0.0550282,0.131142
-110.127,250.633,0.0551886,0.132234
-106.329,250.633,0.0553491,0.133326
-102.532,250.633,0.0555095,0.134418
-98.7342,250.633,0.05567,0.13551
-94.9367,250.633,0.0558304,0.136603
-91.1392,250.633,0.0559908,0.137695
-87.3418,250.633,0.0561513,0.138787
-83.5443,250.633,0.0563117,0.139879
-79.7468,250.633,0.0564722,0.140971
-75.9494,250.633,0.0566326,0.142063
-72.1519,250.633,0.0567931,0.143155
-68.3544,250.633,0.0569535,0.144247
-64.557,250.633,0.057114,0.14534
-60.7595,250.633,0.0572744,0.146432
-56.962,250.633,0.0574349,0.147524
-53.1646,250.633,0.0575953,0.148616
-49.3671,250.633,0.0577557,0.149708
-45.5696,250.633,0.0579162,0.1508
-41.7722,250.633,0.0580766,0.151892
-37.9747,250.633,0.0582371,0.152985
-34.1772,250.633,0.0583975,0.154077
-30.3797,250.633,0.058558,0.155169
-26.5823,250.633,0.0587184,0.156261
-22.7848,250.633,0.0588789,0.157353
-18.9873,250.633,0.0590393,0.158445
-15.1899,250.633,0.0591997,0.159537
-11.3924,250.633,0.0593602,0.160629
-7.59494,250.633,0.0595206,0.161722
-3.79747,250.633,0.0596811,0.162814
0,250.633,0.0598415,0.163906
-300,254.43,0.0477453,0.0793774
-296.203,254.43,0.0479058,0.0804695
-292.405,254.43,0.0480662,0.0815617
-288.608,254.43,0.0482266,0.0826538
-284.81,254.43,0.0483871,0.0837459
-281.013,254.43,0.0485475,0.0848381
-277.215,254.43,0.048708,0.0859302
-273.418,254.43,0.0488684,0.0870223
-269.62,254.43,0.0490289,0.0881144
-265.823,254.43,0.0491893,0.0892066
-262.025,254.43,0.0493498,0.0902987
-258.228,254.43,0.0495102,0.0913908
-254.43,254.43,0.0496706,0.092483
-250.633,254.43,0.0498311,0.0935751
-246.835,254.43,0.0499915,0.0946672
-243.038,254.43,0.050152,0.0957594
-239.241,254.43,0.0503124,0.0968515
-235.443,254.43,0.0504729,0.0979436
-231.646,254.43,0.0506333,0.0990358
-227.848,254.43,0.0507938,0.100128
-224.051,254.43,0.0509542,0.10122
-220.253,254.43,0.0511147,0.102312
-216.456,254.43,0.0512751,0.103404
-212.658,254.43,0.0514355,0.104496
-208.861,254.43,0.051596,0.105589
-205.063,254.43,0.0517564,0.106681
-201.266,254.43,0.0519169,0.107773
-197.468,254.43,0.0520773,0.108865
-193.671,254.43,0.0522378,0.109957
-189.873,254.43,0.0523982,0.111049
-186.076,254.43,0.0525587,0.112141
-182.278,254.43,0.0527191,0.113233
-178.481,254.43,0.0528796,0.114326
-174.684,254.43,0.05304,0.115418
-170.886,254.43,0.0532004,0.11651
-167.089,254.43,0.0533609,0.117602
-163.291,254.43,0.0535213,0.118694
-159.494,254.43,0.0536818,0.119786
-155.696,254.43,0.0538422,0.120878
-151.899,254.43,0.0540027,0.12197
-148.101,254.43,0.0541631,0.123063
-144.304,254.43,0.0543236,0.124155
-140.506,254.43,0.054484,0.125247
-136.709,254.43,0.0546445,0.126339
-132.911,254.43,0.0548049,0.127431
-129.114,254.43,0.0549653,0.128523
-125.316,254.43,0.0551258,0.129615
-121.519,254.43,0.0552862,0.130708
-117.722,254.43,0.0554467,0.1318
-113.924,254.43,0.0556071,0.132892
-110.127,254.43,0.0557676,0.133984
-106.329,254.43,0.055928,0.135076
-102.532,254.43,0.0560885,0.136168
-98.7342,254.43,0.0562489,0.13726
-94.9367,254.43,0.0564094,0.138352
-91.1392,254.43,0.0565698,0.139445
-87.3418,254.43,0.0567302,0.140537
-83.5443,254.43,0.0568907,0.141629
-79.7468,254.43,0.0570511,0.142721
-75.9494,254.43,0.0572116,0.143813
-72.1519,254.43,0.057372,0.144905
-68.3544,254.43,0.0575325,0.145997
-64.557,254.43,0.0576929,0.147089
-60.7595,254.43,0.0578534,0.148182
-56.962,254.43,0.0580138,0.149274
-53.1646,254.43,0.0581743,0.150366
-49.3671,254.43,0.0583347,0.151458
-45.5696,254.43,0.0584951,0.15255
-41.7722,254.43,0.0586556,0.153642
-37.9747,254.43,0.058816,0.154734
-34.1772,254.43,0.0589765,0.155827
-30.3797,254.43,0.0591369,0.156919
-26.5823,254.43,0.0592974,0.158011
-22.7848,254.43,0.0594578,0.159103
-18.9873,254.43,0.0596183,0.160195
-15.1899,254.43,0.0597787,0.161287
-11.3924,254.43,0.0599391,0.162379
-7.59494,254.43,0.0600996,0.163471
-3.79747,254.43,0.06026,0.164564
0,254.43,0.0604205,0.165656
-300,258.228,0.0483243,0.0811273
-296.203,258.228,0.0484847,0.0822194
-292.405,258.228,0.0486452,0.0833115
-288.608,258.228,0.0488056,0.0844037
-284.81,258.228,0.048966,0.0854958
-281.013,258.228,0.0491265,0.0865879
-277.215,258.228,0.0492869,0.0876801
-273.418,258.228,0.0494474,0.0887722
-269.62,258.228,0.0496078,0.0898643
-265.823,258.228,0.0497683,0.0909565
-262.025,258.228,0.0499287,0.0920486
-258.228,258.228,0.0500892,0.0931407
-254.43,258.228,0.0502496,0.0942328
-250.633,258.228,0.05041,0.095325
-246.835,258.228,0.0505705,0.0964171
-243.038,258.228,0.0507309,0.0975092
-239.241,258.228,0.0508914,0.0986014
-235.443,258.228,0.0510518,0.0996935
-231.646,258.228,0.0512123,0.100786
-227.848,258.228,0.0513727,0.101878
-224.051,258.228,0.0515332,0.10297
-220.253,258.228,0.0516936,0.104062
-216.456,258.228,0.0518541,0.105154
-212.658,258.228,0.0520145,0.106246
-208.861,258.228,0.0521749,0.107338
-205.063,258.228,0.0523354,0.108431
-201.266,258.228,0.0524958,0.109523
-197.468,258.228,0.0526563,0.110615
-193.671,258.228,0.0528167,0.111707
-189.873,258.228,0.0529772,0.112799
-186.076,258.228,0.0531376,0.113891
-182.278,258.228,0.0532981,0.114983
-178.481,258.228,0.0534585,0.116075
-174.684,258.228,0.053619,0.117168
-170.886,258.228,0.0537794,0.11826
-167.089,258.228,0.0539398,0.119352
-163.291,258.228,0.0541003,0.120444
-159.494,258.228,0.0542607,0.121536
-155.696,258.228,0.0544212,0.122628
-151.899,258.228,0.0545816,0.12372
-148.101,258.228,0.0547421,0.124812
-144.304,258.228,0.0549025,0.125905
-140.506,258.228,0.055063,0.126997
-136.709,258.228,0.0552234,0.128089
-132.911,258.228,0.0553839,0.129181
-129.114,258.228,0.0555443,0.130273
-125.316,258.228,0.0557047,0.131365
-121.519,258.228,0.0558652,0.132457
-117.722,258.228,0.0560256,0.13355
-113.924,258.228,0.0561861,0.134642
-110.127,258.228,0.0563465,0.135734
-106.329,258.228,0.056507,0.136826
-102.532,258.228,0.0566674,0.137918
-98.7342,258.228,0.0568279,0.13901
-94.9367,258.228,0.0569883,0.140102
-91.1392,258.228,0.0571488,0.141194
-87.3418,258.228,0.0573092,0.142287
-83.5443,258.228,0.0574696,0.143379
-79.7468,258.228,0.0576301,0.144471
-75.9494,258.228,0.0577905,0.145563
-72.1519,258.228,0.057951,0.146655
-68.3544,258.228,0.0581114,0.147747
-64.557,258.228,0.0582719,0.148839
-60.7595,258.228,0.0584323,0.149931
-56.962,258.228,0.0585928,0.151024
-53.1646,258.228,0.0587532,0.152116
-49.3671,258.228,0.0589137,0.153208
-45.5696,258.228,0.0590741,0.1543
-41.7722,258.228,0.0592345,0.155392
-37.9747,258.228,0.059395,0.156484
-34.1772,258.228,0.0595554,0.157576
-30.3797,258.228,0.0597159,0.158669
-26.5823,258.228,0.0598763,0.159761
-22.7848,258.228,0.0600368,0.160853
-18.9873,258.228,0.0601972,0.161945
-15.1899,258.228,0.0603577,0.163037
-11.3924,258.228,0.0605181,0.164129
-7.59494,258.228,0.0606785,0.165221
-3.79747,258.228,0.060839,0.166313
0,258.228,0.0609994,0.167406
-300,262.025,0.0489032,0.0828772
-296.203,262.025,0.0490637,0.0839693
-292.405,262.025,0.0492241,0.0850614
-288.608,262.025,0.0493846,0.0861535
-284.81,262.025,0.049545,0.0872457
-281.013,262.025,0.0497054,0.0883378
-277.215,262.025,0.0498659,0.0894299
-273.418,262.025,0.0500263,0.0905221
-269.62,262.025,0.0501868,0.0916142
-265.823,262.025,0.0503472,0.0927063
-262.025,262.025,0.0505077,0.0937985
-258.228,262.025,0.0506681,0.0948906
-254.43,262.025,0.0508286,0.0959827
-250.633,262.025,0.050989,0.0970748
-246.835,262.025,0.0511494,0.098167
-243.038,262.025,0.0513099,0.0992591
-239.241,262.025,0.0514703,0.100351
-235.443,262.025,0.0516308,0.101443
-231.646,262.025,0.0517912,0.102536
-227.848,262.025,0.0519517,0.103628
-224.051,262.025,0.0521121,0.10472
-220.253,262.025,0.0522726,0.105812
-216.456,262.025,0.052433,0.106904
-212.658,262.025,0.0525935,0.107996
-208.861,262.025,0.0527539,0.109088
-205.063,262.025,0.0529143,0.11018
-201.266,262.025,0.0530748,0.111273
-197.468,262.025,0.0532352,0.112365
-193.671,262.025,0.0533957,0.113457
-189.873,262.025,0.0535561,0.114549
-186.076,262.025,0.0537166,0.115641
-182.278,262.025,0.053877,0.116733
-178.481,262.025,0.0540375,0.117825
-174.684,262.025,0.0541979,0.118917
-170.886,262.025,0.0543584,0.12001
-167.089,262.025,0.0545188,0.121102
-163.291,262.025,0.0546792,0.122194
-159.494,262.025,0.0548397,0.123286
-155.696,262.025,0.0550001,0.124378
-151.899,262.025,0.0551606,0.12547
-148.101,262.025,0.055321,0.126562
-144.304,262.025,0.0554815,0.127654
-140.506,262.025,0.0556419,0.128747
-136.709,262.025,0.0558024,0.129839
-132.911,262.025,0.0559628,0.130931
-129.114,262.025,0.0561233,0.132023
-125.316,262.025,0.0562837,0.133115
-121.519,262.025,0.0564441,0.134207
-117.722,262.025,0.0566046,0.135299
-113.924,262.025,0.056765,0.136392
-110.127,262.025,0.0569255,0.137484
-106.329,262.025,0.0570859,0.138576
-102.532,262.025,0.0572464,0.139668
-98.7342,262.025,0.0574068,0.14076
-94.9367,262.025,0.0575673,0.141852
-91.1392,262.025,0.0577277,0.142944
-87.3418,262.025,0.0578882,0.144036
-83.5443,262.025,0.0580486,0.145129
-79.7468,262.025,0.058209,0.146221
-75.9494,262.025,0.0583695,0.147313
-72.1519,262.025,0.0585299,0.148405
-68.3544,262.025,0.0586904,0.149497
-64.557,262.025,0.0588508,0.150589
-60.7595,262.025,0.0590113,0.151681
-56.962,262.025,0.0591717,0.152773
-53.1646,262.025,0.0593322,0.153866
-49.3671,262.025,0.0594926,0.154958
-45.5696,262.025,0.059653,0.15605
-41.7722,262.025,0.0598135,0.157142
-37.9747,262.025,0.0599739,0.158234
-34.1772,262.025,0.0601344,0.159326
-30.3797,262.025,0.0602948,0.160418
-26.5823,262.025,0.0604553,0.161511
-22.7848,262.025,0.0606157,0.162603
-18.9873,262.025,0.0607762,0.163695
-15.1899,262.025,0.0609366,0.164787
-11.3924,262.025,0.0610971,0.165879
-7.59494,262.025,0.0612575,0.166971
-3.79747,262.025,0.0614179,0.168063
0,262.025,0.0615784,0.169155
-300,265.823,0.0494822,0.084627
-296.203,265.823,0.0496426,0.0857192
-292.405,265.823,0.0498031,0.0868113
-288.608,265.823,0.0499635,0.0879034
-284.81,265.823,0.0501239,0.0889955
-281.013,265.823,0.0502844,0.0900877
-277.215,265.823,0.0504448,0.0911798
-273.418,265.823,0.0506053,0.0922719
-269.62,265.823,0.0507657,0.0933641
-265.823,265.823,0.0509262,0.0944562
-262.025,265.823,0.0510866,0.0955483
-258.228,265.823,0.0512471,0.0966405
-254.43,265.823,0.0514075,0.0977326
-250.633,265.823,0.051568,0.0988247
-246.835,265.823,0.0517284,0.0999169
-243.038,265.823,0.0518888,0.101009
-239.241,265.823,0.0520493,0.102101
-235.443,265.823,0.0522097,0.103193
-231.646,265.823,0.0523702,0.104285
-227.848,265.823,0.0525306,0.105378
-224.051,265.823,0.0526911,0.10647
-220.253,265.823,0.0528515,0.107562
-216.456,265.823,0.053012,0.108654
-212.658,265.823,0.0531724,0.109746
-208.861,265.823,0.0533329,0.110838
-205.063,265.823,0.0534933,0.11193
-201.266,265.823,0.0536537,0.113022
-197.468,265.823,0.0538142,0.114115
-193.671,265.823,0.0539746,0.115207
-189.873,265.823,0.0541351,0.116299
-186.076,265.823,0.0542955,0.117391
-182.278,265.823,0.054456,0.118483
-178.481,265.823,0.0546164,0.119575
-174.684,265.823,0.0547769,0.120667
-170.886,265.823,0.0549373,0.121759
-167.089,265.823,0.0550978,0.122852
-163.291,265.823,0.0552582,0.123944
-159.494,265.823,0.0554186,0.125036
-155.696,265.823,0.0555791,0.126128
-151.899,265.823,0.0557395,0.12722
-148.101,265.823,0.0559,0.128312
-144.304,265.823,0.0560604,0.129404
-140.506,265.823,0.0562209,0.130497
-136.709,265.823,0.0563813,0.131589
-132.911,265.823,0.0565418,0.132681
-129.114,265.823,0.0567022,0.133773
-125.316,265.823,0.0568627,0.134865
-121.519,265.823,0.0570231,0.135957
-117.722,265.823,0.0571835,0.137049
-113.924,265.823,0.057344,0.138141
-110.127,265.823,0.0575044,0.139234
-106.329,265.823,0.0576649,0.140326
-102.532,265.823,0.0578253,0.141418
-98.7342,265.823,0.0579858,0.14251
-94.9367,265.823,0.0581462,0.143602
-91.1392,265.823,0.0583067,0.144694
-87.3418,265.823,0.0584671,0.145786
-83.5443,265.823,0.0586276,0.146878
-79.7468,265.823,0.058788,0.147971
-75.9494,265.823,0.0589484,0.149063
-72.1519,265.823,0.0591089,0.150155
-68.3544,265.823,0.0592693,0.151247
-64.557,265.823,0.0594298,0.152339
-60.7595,265.823,0.0595902,0.153431
-56.962,265.823,0.0597507,0.154523
-53.1646,265.823,0.0599111,0.155616
-49.3671,265.823,0.0600716,0.156708
-45.5696,265.823,0.060232,0.1578
-41.7722,265.823,0.0603924,0.158892
-37.9747,265.823,0.0605529,0.159984
-34.1772,265.823,0.0607133,0.161076
-30.3797,265.823,0.0608738,0.162168
-26.5823,265.823,0.0610342,0.16326
-22.7848,265.823,0.0611947,0.164353
-18.9873,265.823,0.0613551,0.165445
-15.1899,265.823,0.0615156,0.166537
-11.3924,265.823,0.061676,0.167629
-7.59494,265.823,0.0618365,0.168721
-3.79747,265.823,0.0619969,0.169813
0,265.823,0.0621573,0.170905
-300,269.62,0.0500611,0.0863769
-296.203,269.62,0.0502216,0.087469
-292.405,269.62,0.050382,0.0885612
-288.608,269.62,0.0505425,0.0896533
-284.81,269.62,0.0507029,0.0907454
-281.013,269.62,0.0508633,0.0918376
-277.215,269.62,0.0510238,0.0929297
-273.418,269.62,0.0511842,0.0940218
-269.62,269.62,0.0513447,0.0951139
-265.823,269.62,0.0515051,0.0962061
-262.025,269.62,0.0516656,0.0972982
-258.228,269.62,0.051826,0.0983903
-254.43,269.62,0.0519865,0.0994825
-250.633,269.62,0.0521469,0.100575
-246.835,269.62,0.0523074,0.101667
-243.038,269.62,0.0524678,0.102759
-239.241,269.62,0.0526282,0.103851
-235.443,269.62,0.0527887,0.104943
-231.646,269.62,0.0529491,0.106035
-227.848,269.62,0.0531096,0.107127
-224.051,269.62,0.05327,0.10822
-220.253,269.62,0.0534305,0.109312
-216.456,269.62,0.0535909,0.110404
-212.658,269.62,0.0537514,0.111496
-208.861,269.62,0.0539118,0.112588
-205.063,269.62,0.0540723,0.11368
-201.266,269.62,0.0542327,0.114772
-197.468,269.62,0.0543931,0.115864
-193.671,269.62,0.0545536,0.116957
-189.873,269.62,0.054714,0.118049
-186.076,269.62,0.0548745,0.119141
-182.278,269.62,0.0550349,0.120233
-178.481,269.62,0.0551954,0.121325
-174.684,269.62,0.0553558,0.122417
-170.886,269.62,0.0555163,0.123509
-167.089,269.62,0.0556767,0.124601
-163.291,269.62,0.0558372,0.125694
-159.494,269.62,0.0559976,0.126786
-155.696,269.62,0.056158,0.127878
-151.899,269.62,0.0563185,0.12897
-148.101,269.62,0.0564789,0.130062
-144.304,269.62,0.0566394,0.131154
-140.506,269.62,0.0567998,0.132246
-136.709,269.62,0.0569603,0.133339
-132.911,269.62,0.0571207,0.134431
-129.114,269.62,0.0572812,0.135523
-125.316,269.62,0.0574416,0.136615
-121.519,269.62,0.0576021,0.137707
-117.722,269.62,0.0577625,0.138799
-113.924,269.62,0.0579229,0.139891
-110.127,269.62,0.0580834,0.140983
-106.329,269.62,0.0582438,0.142076
-102.532,269.62,0.0584043,0.143168
-98.7342,269.62,0.0585647,0.14426
-94.9367,269.62,0.0587252,0.145352
-91.1392,269.62,0.0588856,0.146444
-87.3418,269.62,0.0590461,0.147536
-83.5443,269.62,0.0592065,0.148628
-79.7468,269.62,0.059367,0.14972
-75.9494,269.62,0.0595274,0.150813
-72.1519,269.62,0.0596878,0.151905
-68.3544,269.62,0.0598483,0.152997
-64.557,269.62,0.0600087,0.154089
-60.7595,269.62,0.0601692,0.155181
-56.962,269.62,0.0603296,0.156273
-53.1646,269.62,0.0604901,0.157365
-49.3671,269.62,0.0606505,0.158458
-45.5696,269.62,0.060811,0.15955
-41.7722,269.62,0.0609714,0.160642
-37.9747,269.62,0.0611318,0.161734
-34.1772,269.62,0.0612923,0.162826
-30.3797,269.62,0.0614527,0.163918
-26.5823,269.62,0.0616132,0.16501
-22.7848,269.62,0.0617736,0.166102
-18.9873,269.62,0.0619341,0.167195
-15.1899,269.62,0.0620945,0.168287
-11.3924,269.62,0.062255,0.169379
-7.59494,269.62,0.0624154,0.170471
-3.79747,269.62,0.0625759,0.171563
0,269.62,0.0627363,0.172655
-300,273.418,0.0506401,0.0881268
-296.203,273.418,0.0508005,0.0892189
-292.405,273.418,0.050961,0.090311
-288.608,273.418,0.0511214,0.0914032
-284.81,273.418,0.0512819,0.0924953
-281.013,273.418,0.0514423,0.0935874
-277.215,273.418,0.0516027,0.0946796
-273.418,273.418,0.0517632,0.0957717
-269.62,273.418,0.0519236,0.0968638
-265.823,273.418,0.0520841,0.0979559
-262.025,273.418,0.0522445,0.0990481
-258.228,273.418,0.052405,0.10014
-254.43,273.418,0.0525654,0.101232
-250.633,273.418,0.0527259,0.102324
-246.835,273.418,0.0528863,0.103417
-243.038,273.418,0.0530468,0.104509
-239.241,273.418,0.0532072,0.105601
-235.443,273.418,0.0533676,0.106693
-231.646,273.418,0.0535281,0.107785
-227.848,273.418,0.0536885,0.108877
-224.051,273.418,0.053849,0.109969
-220.253,273.418,0.0540094,0.111062
-216.456,273.418,0.0541699,0.112154
-212.658,273.418,0.0543303,0.113246
-208.861,273.418,0.0544908,0.114338
-205.063,273.418,0.0546512,0.11543
-201.266,273.418,0.0548117,0.116522
-197.468,273.418,0.0549721,0.117614
-193.671,273.418,0.0551325,0.118706
-189.873,273.418,0.055293,0.119799
-186.076,273.418,0.0554534,0.120891
-182.278,273.418,0.0556139,0.121983
-178.481,273.418,0.0557743,0.123075
-174.684,273.418,0.0559348,0.124167
-170.886,273.418,0.0560952,0.125259
-167.089,273.418,0.0562557,0.126351
-163.291,273.418,0.0564161,0.127443
-159.494,273.418,0.0565766,0.128536
-155.696,273.418,0.056737,0.129628
-151.899,273.418,0.0568974,0.13072
-148.101,273.418,0.0570579,0.131812
-144.304,273.418,0.0572183,0.132904
-140.506,273.418,0.0573788,0.133996
-136.709,273.418,0.0575392,0.135088
-132.911,273.418,0.0576997,0.136181
-129.114,273.418,0.0578601,0.137273
-125.316,273.418,0.0580206,0.138365
-121.519,273.418,0.058181,0.139457
-117.722,273.418,0.0583415,0.140549
-113.924,273.418,0.0585019,0.141641
-110.127,273.418,0.0586623,0.142733
-106.329,273.418,0.0588228,0.143825
-102.532,273.418,0.0589832,0.144918
-98.7342,273.418,0.0591437,0.14601
-94.9367,273.418,0.0593041,0.147102
-91.1392,273.418,0.0594646,0.148194
-87.3418,273.418,0.059625,0.149286
-83.5443,273.418,0.0597855,0.150378
-79.7468,273.418,0.0599459,0.15147
-75.9494,273.418,0.0601064,0.152562
-72.1519,273.418,0.0602668,0.153655
-68.3544,273.418,0.0604272,0.154747
-64.557,273.418,0.0605877,0.155839
-60.7595,273.418,0.0607481,0.156931
-56.962,273.418,0.0609086,0.158023
-53.1646,273.418,0.061069,0.159115
-49.3671,273.418,0.0612295,0.160207
-45.5696,273.418,0.0613899,0.1613
-41.7722,273.418,0.0615504,0.162392
-37.9747,273.418,0.0617108,0.163484
-34.1772,273.418,0.0618712,0.164576
-30.3797,273.418,0.0620317,0.165668
-26.5823,273.418,0.0621921,0.16676
-22.7848,273.418,0.0623526,0.167852
-18.9873,273.418,0.062513,0.168944
-15.1899,273.418,0.0626735,0.170037
-11.3924,273.418,0.0628339,0.171129
-7.59494,273.418,0.0629944,0.172221
-3.79747,273.418,0.0631548,0.173313
0,273.418,0.0633153,0.174405
-300,277.215,0.051219,0.0898766
-296.203,277.215,0.0513795,0.0909688
-292.405,277.215,0.0515399,0.0920609
-288.608,277.215,0.0517004,0.093153
-284.81,277.215,0.0518608,0.0942452
-281.013,277.215,0.0520213,0.0953373
-277.215,277.215,0.0521817,0.0964294
-273.418,277.215,0.0523421,0.0975216
-269.62,277.215,0.0525026,0.0986137
-265.823,277.215,0.052663,0.0997058
-262.025,277.215,0.0528235,0.100798
-258.228,277.215,0.0529839,0.10189
-254.43,277.215,0.0531444,0.102982
-250.633,277.215,0.0533048,0.104074
-246.835,277.215,0.0534653,0.105166
-243.038,277.215,0.0536257,0.106259
-239.241,277.215,0.0537862,0.107351
-235.443,277.215,0.0539466,0.108443
-231.646,277.215,0.054107,0.109535
-227.848,277.215,0.0542675,0.110627
-224.051,277.215,0.0544279,0.111719
-220.253,277.215,0.0545884,0.112811
-216.456,277.215,0.0547488,0.113904
-212.658,277.215,0.0549093,0.114996
-208.861,277.215,0.0550697,0.116088
-205.063,277.215,0.0552302,0.11718
-201.266,277.215,0.0553906,0.118272
-197.468,277.215,0.0555511,0.119364
-193.671,277.215,0.0557115,0.120456
-189.873,277.215,0.0558719,0.121548
-186.076,277.215,0.0560324,0.122641
-182.278,277.215,0.0561928,0.123733
-178.481,277.215,0.0563533,0.124825
-174.684,277.215,0.0565137,0.125917
-170.886,277.215,0.0566742,0.127009
-167.089,277.215,0.0568346,0.128101
-163.291,277.215,0.0569951,0.129193
-159.494,277.215,0.0571555,0.130285
-155.696,277.215,0.057316,0.131378
-151.899,277.215,0.0574764,0.13247
-148.101,277.215,0.0576368,0.133562
-144.304,277.215,0.0577973,0.134654
-140.506,277.215,0.0579577,0.135746
-136.709,277.215,0.0581182,0.136838
-132.911,277.215,0.0582786,0.13793
-129.114,277.215,0.0584391,0.139023
-125.316,277.215,0.0585995,0.140115
-121.519,277.215,0.05876,0.141207
-117.722,277.215,0.0589204,0.142299
-113.924,277.215,0.0590809,0.143391
-110.127,277.215,0.0592413,0.144483
-106.329,277.215,0.0594017,0.145575
-102.532,277.215,0.0595622,0.146667
-98.7342,277.215,0.0597226,0.14776
-94.9367,277.215,0.0598831,0.148852
-91.1392,277.215,0.0600435,0.149944
-87.3418,277.215,0.060204,0.151036
-83.5443,277.215,0.0603644,0.152128
-79.7468,277.215,0.0605249,0.15322
-75.9494,277.215,0.0606853,0.154312
-72.1519,277.215,0.0608457,0.155404
-68.3544,277.215,0.0610062,0.156497
-64.557,277.215,0.0611666,0.157589
-60.7595,277.215,0.0613271,0.158681
-56.962,277.215,0.0614875,0.159773
-53.1646,277.215,0.061648,0.160865
-49.3671,277.215,0.0618084,0.161957
-45.5696,277.215,0.0619689,0.163049
-41.7722,277.215,0.0621293,0.164142
-37.9747,277.215,0.0622898,0.165234
-34.1772,277.215,0.0624502,0.166326
-30.3797,277.215,0.0626106,0.167418
-26.5823,277.215,0.0627711,0.16851
-22.7848,277.215,0.0629315,0.169602
-18.9873,277.215,0.063092,0.170694
-15.1899,277.215,0.0632524,0.171786
-11.3924,277.215,0.0634129,0.172879
-7.59494,277.215,0.0635733,0.173971
-3.79747,277.215,0.0637338,0.175063
0,277.215,0.0638942,0.176155
-300,281.013,0.051798,0.0916265
-296.203,281.013,0.0519584,0.0927187
-292.405,281.013,0.0521189,0.0938108
-288.608,281.013,0.0522793,0.0949029
-284.81,281.013,0.0524398,0.095995
-281.013,281.013,0.0526002,0.0970872
-277.215,281.013,0.0527607,0.0981793
-273.418,281.013,0.0529211,0.0992714
-269.62,281.013,0.0530815,0.100364
-265.823,281.013,0.053242,0.101456
-262.025,281.013,0.0534024,0.102548
-258.228,281.013,0.0535629,0.10364
-254.43,281.013,0.0537233,0.104732
-250.633,281.013,0.0538838,0.105824
-246.835,281.013,0.0540442,0.106916
-243.038,281.013,0.0542047,0.108008
-239.241,281.013,0.0543651,0.109101
-235.443,281.013,0.0545256,0.110193
-231.646,281.013,0.054686,0.111285
-227.848,281.013,0.0548464,0.112377
-224.051,281.013,0.0550069,0.113469
-220.253,281.013,0.0551673,0.114561
-216.456,281.013,0.0553278,0.115653
-212.658,281.013,0.0554882,0.116746
-208.861,281.013,0.0556487,0.117838
-205.063,281.013,0.0558091,0.11893
-201.266,281.013,0.0559696,0.120022
-197.468,281.013,0.05613,0.121114
-193.671,281.013,0.0562905,0.122206
-189.873,281.013,0.0564509,0.123298
-186.076,281.013,0.0566113,0.12439
-182.278,281.013,0.0567718,0.125483
-178.481,281.013,0.0569322,0.126575
-174.684,281.013,0.0570927,0.127667
-170.886,281.013,0.0572531,0.128759
-167.089,281.013,0.0574136,0.129851
-163.291,281.013,0.057574,0.130943
-159.494,281.013,0.0577345,0.132035
-155.696,281.013,0.0578949,0.133127
-151.899,281.013,0.0580554,0.13422
-148.101,281.013,0.0582158,0.135312
-144.304,281.013,0.0583762,0.136404
-140.506,281.013,0.0585367,0.137496
-136.709,281.013,0.0586971,0.138588
-132.911,281.013,0.0588576,0.13968
-129.114,281.013,0.059018,0.140772
-125.316,281.013,0.0591785,0.141865
-121.519,281.013,0.0593389,0.142957
-117.722,281.013,0.0594994,0.144049
-113.924,281.013,0.0596598,0.145141
-110.127,281.013,0.0598203,0.146233
-106.329,281.013,0.0599807,0.147325
-102.532,281.013,0.0601411,0.148417
-98.7342,281.013,0.0603016,0.149509
-94.9367,281.013,0.060462,0.150602
-91.1392,281.013,0.0606225,0.151694
-87.3418,281.013,0.0607829,0.152786
-83.5443,281.013,0.0609434,0.153878
-79.7468,281.013,0.0611038,0.15497
-75.9494,281.013,0.0612643,0.156062
-72.1519,281.013,0.0614247,0.157154
-68.3544,281.013,0.0615851,0.158246
-64.557,281.013,0.0617456,0.159339
-60.7595,281.013,0.061906,0.160431
-56.962,281.013,0.0620665,0.161523
-53.1646,281.013,0.0622269,0.162615
-49.3671,281.013,0.0623874,0.163707
-45.5696,281.013,0.0625478,0.164799
-41.7722,281.013,0.0627083,0.165891
-37.9747,281.013,0.0628687,0.166984
-34.1772,281.013,0.0630292,0.168076
-30.3797,281.013,0.0631896,0.169168
-26.5823,281.013,0.06335,0.17026
-22.7848,281.013,0.0635105,0.171352
-18.9873,281.013,0.0636709,0.172444
-15.1899,281.013,0.0638314,0.173536
-11.3924,281.013,0.0639918,0.174628
-7.59494,281.013,0.0641523,0.175721
-3.79747,281.013,0.0643127,0.176813
0,281.013,0.0644732,0.177905
-300,284.81,0.0523769,0.0933764
-296.203,284.81,0.0525374,0.0944685
-292.405,284.81,0.0526978,0.0955607
-288.608,284.81,0.0528583,0.0966528
-284.81,284.81,0.0530187,0.0977449
-281.013,284.81,0.0531792,0.098837
-277.215,284.81,0.0533396,0.0999292
-273.418,284.81,0.0535001,0.101021
-269.62,284.81,0.0536605,0.102113
-265.823,284.81,0.0538209,0.103206
-262.025,284.81,0.0539814,0.104298
-258.228,284.81,0.0541418,0.10539
-254.43,284.81,0.0543023,0.106482
-250.633,284.81,0.0544627,0.107574
-246.835,284.81,0.0546232,0.108666
-243.038,284.81,0.0547836,0.109758
-239.241,284.81,0.0549441,0.11085
-235.443,284.81,0.0551045,0.111943
-231.646,284.81,0.055265,0.113035
-227.848,284.81,0.0554254,0.114127
-224.051,284.81,0.0555858,0.115219
-220.253,284.81,0.0557463,0.116311
-216.456,284.81,0.0559067,0.117403
-212.658,284.81,0.0560672,0.118495
-208.861,284.81,0.0562276,0.119588
-205.063,284.81,0.0563881,0.12068
-201.266,284.81,0.0565485,0.121772
-197.468,284.81,0.056709,0.122864
-193.671,284.81,0.0568694,0.123956
-189.873,284.81,0.0570299,0.125048
-186.076,284.81,0.0571903,0.12614
-182.278,284.81,0.0573507,0.127232
-178.481,284.81,0.0575112,0.128325
-174.684,284.81,0.0576716,0.129417
-170.886,284.81,0.0578321,0.130509
-167.089,284.81,0.0579925,0.131601
-163.291,284.81,0.058153,0.132693
-159.494,284.81,0.0583134,0.133785
-155.696,284.81,0.0584739,0.134877
-151.899,284.81,0.0586343,0.135969
-148.101,284.81,0.0587948,0.137062
-144.304,284.81,0.0589552,0.138154
-140.506,284.81,0.0591156,0.139246
-136.709,284.81,0.0592761,0.140338
-132.911,284.81,0.0594365,0.14143
-129.114,284.81,0.059597,0.142522
-125.316,284.81,0.0597574,0.143614
-121.519,284.81,0.0599179,0.144707
-117.722,284.81,0.0600783,0.145799
-113.924,284.81,0.0602388,0.146891
-110.127,284.81,0.0603992,0.147983
-106.329,284.81,0.0605597,0.149075
-102.532,284.81,0.0607201,0.150167
-98.7342,284.81,0.0608805,0.151259
-94.9367,284.81,0.061041,0.152351
-91.1392,284.81,0.0612014,0.153444
-87.3418,284.81,0.0613619,0.154536
-83.5443,284.81,0.0615223,0.155628
-79.7468,284.81,0.0616828,0.15672
-75.9494,284.81,0.0618432,0.157812
-72.1519,284.81,0.0620037,0.158904
-68.3544,284.81,0.0621641,0.159996
-64.557,284.81,0.0623245,0.161088
-60.7595,284.81,0.062485,0.162181
-56.962,284.81,0.0626454,0.163273
-53.1646,284.81,0.0628059,0.164365
-49.3671,284.81,0.0629663,0.165457
-45.5696,284.81,0.0631268,0.166549
-41.7722,284.81,0.0632872,0.167641
-37.9747,284.81,0.0634477,0.168733
-34.1772,284.81,0.0636081,0.169826
-30.3797,284.81,0.0637686,0.170918
-26.5823,284.81,0.063929,0.17201
-22.7848,284.81,0.0640894,0.173102
-18.9873,284.81,0.0642499,0.174194
-15.1899,284.81,0.0644103,0.175286
-11.3924,284.81,0.0645708,0.176378
-7.59494,284.81,0.0647312,0.17747
-3.79747,284.81,0.0648917,0.178563
0,284.81,0.0650521,0.179655
-300,288.608,0.0529559,0.0951263
-296.203,288.608,0.0531163,0.0962184
-292.405,288.608,0.0532768,0.0973105
-288.608,288.608,0.0534372,0.0984027
-284.81,288.608,0.0535977,0.0994948
-281.013,288.608,0.0537581,0.100587
-277.215,288.608,0.0539186,0.101679
-273.418,288.608,0.054079,0.102771
-269.62,288.608,0.0542395,0.103863
-265.823,288.608,0.0543999,0.104955
-262.025,288.608,0.0545603,0.106048
-258.228,288.608,0.0547208,0.10714
-254.43,288.608,0.0548812,0.108232
-250.633,288.608,0.0550417,0.109324
-246.835,288.608,0.0552021,0.110416
-243.038,288.608,0.0553626,0.111508
-239.241,288.608,0.055523,0.1126
-235.443,288.608,0.0556835,0.113692
-231.646,288.608,0.0558439,0.114785
-227.848,288.608,0.0560044,0.115877
-224.051,288.608,0.0561648,0.116969
-220.253,288.608,0.0563252,0.118061
-216.456,288.608,0.0564857,0.119153
-212.658,288.608,0.0566461,0.120245
-208.861,288.608,0.0568066,0.121337
-205.063,288.608,0.056967,0.12243
-201.266,288.608,0.0571275,0.123522
-197.468,288.608,0.0572879,0.124614
-193.671,288.608,0.0574484,0.125706
-189.873,288.608,0.0576088,0.126798
-186.076,288.608,0.0577693,0.12789
-182.278,288.608,0.0579297,0.128982
-178.481,288.608,0.0580901,0.130074
-174.684,288.608,0.0582506,0.131167
-170.886,288.608,0.058411,0.132259
-167.089,288.608,0.0585715,0.133351
-163.291,288.608,0.0587319,0.134443
-159.494,288.608,0.0588924,0.135535
-155.696,288.608,0.0590528,0.136627
-151.899,288.608,0.0592133,0.137719
-148.101,288.608,0.0593737,0.138811
-144.304,288.608,0.0595342,0.139904
-140.506,288.608,0.0596946,0.140996
-136.709,288.608,0.059855,0.142088
-132.911,288.608,0.0600155,0.14318
-129.114,288.608,0.0601759,0.144272
-125.316,288.608,0.0603364,0.145364
-121.519,288.608,0.0604968,0.146456
-117.722,288.608,0.0606573,0.147549
-113.924,288.608,0.0608177,0.148641
-110.127,288.608,0.0609782,0.149733
-106.329,288.608,0.0611386,0.150825
-102.532,288.608,0.061299,0.151917
-98.7342,288.608,0.0614595,0.153009
-94.9367,288.608,0.0616199,0.154101
-91.1392,288.608,0.0617804,0.155193
-87.3418,288.608,0.0619408,0.156286
-83.5443,288.608,0.0621013,0.157378
-79.7468,288.608,0.0622617,0.15847
-75.9494,288.608,0.0624222,0.159562
-72.1519,288.608,0.0625826,0.160654
-68.3544,288.608,0.0627431,0.161746
-64.557,288.608,0.0629035,0.162838
-60.7595,288.608,0.0630639,0.16393
-56.962,288.608,0.0632244,0.165023
-53.1646,288.608,0.0633848,0.166115
-49.3671,288.608,0.0635453,0.167207
-45.5696,288.608,0.0637057,0.168299
-41.7722,288.608,0.0638662,0.169391
-37.9747,288.608,0.0640266,0.170483
-34.1772,288.608,0.0641871,0.171575
-30.3797,288.608,0.0643475,0.172668
-26.5823,288.608,0.064508,0.17376
-22.7848,288.608,0.0646684,0.174852
-18.9873,288.608,0.0648288,0.175944
-15.1899,288.608,0.0649893,0.177036
-11.3924,288.608,0.0651497,0.178128
-7.59494,288.608,0.0653102,0.17922
-3.79747,288.608,0.0654706,0.180312
0,288.608,0.0656311,0.181405
-300,292.405,0.0535348,0.0968761
-296.203,292.405,0.0536953,0.0979683
-292.405,292.405,0.0538557,0.0990604
-288.608,292.405,0.0540162,0.100153
-284.81,292.405,0.0541766,0.101245
-281.013,292.405,0.0543371,0.102337
-277.215,292.405,0.0544975,0.103429
-273.418,292.405,0.054658,0.104521
-269.62,292.405,0.0548184,0.105613
-265.823,292.405,0.0549789,0.106705
-262.025,292.405,0.0551393,0.107797
-258.228,292.405,0.0552997,0.10889
-254.43,292.405,0.0554602,0.109982
-250.633,292.405,0.0556206,0.111074
-246.835,292.405,0.0557811,0.112166
-243.038,292.405,0.0559415,0.113258
-239.241,292.405,0.056102,0.11435
-235.443,292.405,0.0562624,0.115442
-231.646,292.405,0.0564229,0.116534
-227.848,292.405,0.0565833,0.117627
-224.051,292.405,0.0567438,0.118719
-220.253,292.405,0.0569042,0.119811
-216.456,292.405,0.0570646,0.120903
-212.658,292.405,0.0572251,0.121995
-208.861,292.405,0.0573855,0.123087
-205.063,292.405,0.057546,0.124179
-201.266,292.405,0.0577064,0.125272
-197.468,292.405,0.0578669,0.126364
-193.671,292.405,0.0580273,0.127456
-189.873,292.405,0.0581878,0.128548
-186.076,292.405,0.0583482,0.12964
-182.278,292.405,0.0585087,0.130732
-178.481,292.405,0.0586691,0.131824
-174.684,292.405,0.0588295,0.132916
-170.886,292.405,0.05899,0.134009
-167.089,292.405,0.0591504,0.135101
-163.291,292.405,0.0593109,0.136193
-159.494,292.405,0.0594713,0.137285
-155.696,292.405,0.0596318,0.138377
-151.899,292.405,0.0597922,0.139469
-148.101,292.405,0.0599527,0.140561
-144.304,292.405,0.0601131,0.141653
-140.506,292.405,0.0602736,0.142746
-136.709,292.405,0.060434,0.143838
-132.911,292.405,0.0605944,0.14493
-129.114,292.405,0.0607549,0.146022
-125.316,292.405,0.0609153,0.147114
-121.519,292.405,0.0610758,0.148206
-117.722,292.405,0.0612362,0.149298
-113.924,292.405,0.0613967,0.150391
-110.127,292.405,0.0615571,0.151483
-106.329,292.405,0.0617176,0.152575
-102.532,292.405,0.061878,0.153667
-98.7342,292.405,0.0620384,0.154759
-94.9367,292.405,0.0621989,0.155851
-91.1392,292.405,0.0623593,0.156943
-87.3418,292.405,0.0625198,0.158035
-83.5443,292.405,0.0626802,0.159128
-79.7468,292.405,0.0628407,0.16022
-75.9494,292.405,0.0630011,0.161312
-72.1519,292.405,0.0631616,0.162404
-68.3544,292.405,0.063322,0.163496
-64.557,292.405,0.0634825,0.164588
-60.7595,292.405,0.0636429,0.16568
-56.962,292.405,0.0638033,0.166772
-53.1646,292.405,0.0639638,0.167865
-49.3671,292.405,0.0641242,0.168957
-45.5696,292.405,0.0642847,0.170049
-41.7722,292.405,0.0644451,0.171141
-37.9747,292.405,0.0646056,0.172233
-34.1772,292.405,0.064766,0.173325
-30.3797,292.405,0.0649265,0.174417
-26.5823,292.405,0.0650869,0.17551
-22.7848,292.405,0.0652474,0.176602
-18.9873,292.405,0.0654078,0.177694
-15.1899,292.405,0.0655682,0.178786
-11.3924,292.405,0.0657287,0.179878
-7.59494,292.405,0.0658891,0.18097
-3.79747,292.405,0.0660496,0.182062
0,292.405,0.06621,0.183154
-300,296.203,0.0541138,0.098626
-296.203,296.203,0.0542742,0.0997181
-292.405,296.203,0.0544347,0.10081
-288.608,296.203,0.0545951,0.101902
-284.81,296.203,0.0547556,0.102995
-281.013,296.203,0.054916,0.104087
-277.215,296.203,0.0550765,0.105179
-273.418,296.203,0.0552369,0.106271
-269.62,296.203,0.0553974,0.107363
-265.823,296.203,0.0555578,0.108455
-262.025,296.203,0.0557183,0.109547
-258.228,296.203,0.0558787,0.110639
-254.43,296.203,0.0560391,0.111732
-250.633,296.203,0.0561996,0.112824
-246.835,296.203,0.05636,0.113916
-243.038,296.203,0.0565205,0.115008
-239.241,296.203,0.0566809,0.1161
-235.443,296.203,0.0568414,0.117192
-231.646,296.203,0.0570018,0.118284
-227.848,296.203,0.0571623,0.119376
-224.051,296.203,0.0573227,0.120469
-220.253,296.203,0.0574832,0.121561
-216.456,296.203,0.0576436,0.122653
-212.658,296.203,0.057804,0.123745
-208.861,296.203,0.0579645,0.124837
-205.063,296.203,0.0581249,0.125929
-201.266,296.203,0.0582854,0.127021
-197.468,296.203,0.0584458,0.128114
-193.671,296.203,0.0586063,0.129206
-189.873,296.203,0.0587667,0.130298
-186.076,296.203,0.0589272,0.13139
-182.278,296.203,0.0590876,0.132482
-178.481,296.203,0.0592481,0.133574
-174.684,296.203,0.0594085,0.134666
-170.886,296.203,0.0595689,0.135758
-167.089,296.203,0.0597294,0.136851
-163.291,296.203,0.0598898,0.137943
-159.494,296.203,0.0600503,0.139035
-155.696,296.203,0.0602107,0.140127
-151.899,296.203,0.0603712,0.141219
-148.101,296.203,0.0605316,0.142311
-144.304,296.203,0.0606921,0.143403
-140.506,296.203,0.0608525,0.144495
-136.709,296.203,0.061013,0.145588
-132.911,296.203,0.0611734,0.14668
-129.114,296.203,0.0613338,0.147772
-125.316,296.203,0.0614943,0.148864
-121.519,296.203,0.0616547,0.149956
-117.722,296.203,0.0618152,0.151048
-113.924,296.203,0.0619756,0.15214
-110.127,296.203,0.0621361,0.153233
-106.329,296.203,0.0622965,0.154325
-102.532,296.203,0.062457,0.155417
-98.7342,296.203,0.0626174,0.156509
-94.9367,296.203,0.0627778,0.157601
-91.1392,296.203,0.0629383,0.158693
-87.3418,296.203,0.0630987,0.159785
-83.5443,296.203,0.0632592,0.160877
-79.7468,296.203,0.0634196,0.16197
-75.9494,296.203,0.0635801,0.163062
-72.1519,296.203,0.0637405,0.164154
-68.3544,296.203,0.063901,0.165246
-64.557,296.203,0.0640614,0.166338
-60.7595,296.203,0.0642219,0.16743
-56.962,296.203,0.0643823,0.168522
-53.1646,296.203,0.0645427,0.169614
-49.3671,296.203,0.0647032,0.170707
-45.5696,296.203,0.0648636,0.171799
-41.7722,296.203,0.0650241,0.172891
-37.9747,296.203,0.0651845,0.173983
-34.1772,296.203,0.065345,0.175075
-30.3797,296.203,0.0655054,0.176167
-26.5823,296.203,0.0656659,0.177259
-22.7848,296.203,0.0658263,0.178352
-18.9873,296.203,0.0659868,0.179444
-15.1899,296.203,0.0661472,0.180536
-11.3924,296.203,0.0663076,0.181628
-7.59494,296.203,0.0664681,0.18272
-3.79747,296.203,0.0666285,0.183812
0,296.203,0.066789,0.184904
-300,300,0.0546928,0.100376
-296.203,300,0.0548532,0.101468
-292.405,300,0.0550136,0.10256
-288.608,300,0.0551741,0.103652
-284.81,300,0.0553345,0.104744
-281.013,300,0.055495,0.105837
-277.215,300,0.0556554,0.106929
-273.418,300,0.0558159,0.108021
-269.62,300,0.0559763,0.109113
-265.823,300,0.0561368,0.110205
-262.025,300,0.0562972,0.111297
-258.228,300,0.0564577,0.112389
-254.43,300,0.0566181,0.113481
-250.633,300,0.0567785,0.114574
-246.835,300,0.056939,0.115666
-243.038,300,0.0570994,0.116758
-239.241,300,0.0572599,0.11785
-235.443,300,0.0574203,0.118942
-231.646,300,0.0575808,0.120034
-227.848,300,0.0577412,0.121126
-224.051,300,0.0579017,0.122218
-220.253,300,0.0580621,0.123311
-216.456,300,0.0582226,0.124403
-212.658,300,0.058383,0.125495
-208.861,300,0.0585434,0.126587
-205.063,300,0.0587039,0.127679
-201.266,300,0.0588643,0.128771
-197.468,300,0.0590248,0.129863
-193.671,300,0.0591852,0.130956
-189.873,300,0.0593457,0.132048
-186.076,300,0.0595061,0.13314
-182.278,300,0.0596666,0.134232
-178.481,300,0.059827,0.135324
-174.684,300,0.0599875,0.136416
-170.886,300,0.0601479,0.137508
-167.089,300,0.0603083,0.1386
-163.291,300,0.0604688,0.139693
-159.494,300,0.0606292,0.140785
-155.696,300,0.0607897,0.141877
-151.899,300,0.0609501,0.142969
-148.101,300,0.0611106,0.144061
-144.304,300,0.061271,0.145153
-140.506,300,0.0614315,0.146245
-136.709,300,0.0615919,0.147337
-132.911,300,0.0617524,0.14843
-129.114,300,0.0619128,0.149522
-125.316,300,0.0620732,0.150614
-121.519,300,0.0622337,0.151706
-117.722,300,0.0623941,0.152798
-113.924,300,0.0625546,0.15389
-110.127,300,0.062715,0.154982
-106.329,300,0.0628755,0.156075
-102.532,300,0.0630359,0.157167
-98.7342,300,0.0631964,0.158259
-94.9367,300,0.0633568,0.159351
-91.1392,300,0.0635172,0.160443
-87.3418,300,0.0636777,0.161535
-83.5443,300,0.0638381,0.162627
-79.7468,300,0.0639986,0.163719
-75.9494,300,0.064159,0.164812
-72.1519,300,0.0643195,0.165904
-68.3544,300,0.0644799,0.166996
-64.557,300,0.0646404,0.168088
-60.7595,300,0.0648008,0.16918
-56.962,300,0.0649613,0.170272
-53.1646,300,0.0651217,0.171364
-49.3671,300,0.0652821,0.172456
-45.5696,300,0.0654426,0.173549
-41.7722,300,0.065603,0.174641
-37.9747,300,0.0657635,0.175733
-34.1772,300,0.0659239,0.176825
-30.3797,300,0.0660844,0.177917
-26.5823,300,0.0662448,0.179009
-22.7848,300,0.0664053,0.180101
-18.9873,300,0.0665657,0.181194
-15.1899,300,0.0667262,0.182286
-11.3924,300,0.0668866,0.183378
-7.59494,300,0.067047,0.18447
-3.79747,300,0.0672075,0.185562
0,300,0.0673679,0.186654
