Id,Iq,Phi_d_pred,Phi_q_pred
-300,0,0.00651492,-0.0347074
-296.203,0,0.00656616,-0.034249
-292.405,0,0.00661739,-0.0337905
-288.608,0,0.00668312,-0.0332841
-284.81,0,0.00675314,-0.0327634
-281.013,0,0.00682316,-0.0322428
-277.215,0,0.00689318,-0.0317221
-273.418,0,0.0069632,-0.0312014
-269.62,0,0.00703322,-0.0306808
-265.823,0,0.00710324,-0.0301601
-262.025,0,0.00719063,-0.0296439
-258.228,0,0.00728881,-0.0291304
-254.43,0,0.00738698,-0.028617
-250.633,0,0.00748516,-0.0281035
-246.835,0,0.00758324,-0.0275939
-243.038,0,0.00768117,-0.0270899
-239.241,0,0.00777911,-0.0265858
-235.443,0,0.00787705,-0.0260818
-231.646,0,0.00797499,-0.0255777
-227.848,0,0.00807293,-0.0250737
-224.051,0,0.00817086,-0.0245696
-220.253,0,0.0082688,-0.0240656
-216.456,0,0.00836674,-0.0235615
-212.658,0,0.00846468,-0.0230575
-208.861,0,0.00856262,-0.0225534
-205.063,0,0.00866056,-0.0220494
-201.266,0,0.00875849,-0.0215453
-197.468,0,0.00885643,-0.0210412
-193.671,0,0.00894462,-0.0205596
-189.873,0,0.00903145,-0.0200811
-186.076,0,0.00911827,-0.0196026
-182.278,0,0.0092051,-0.0191241
-178.481,0,0.00929193,-0.0186456
-174.684,0,0.00937976,-0.0181624
-170.886,0,0.00947022,-0.017667
-167.089,0,0.00956068,-0.0171716
-163.291,0,0.00965115,-0.0166762
-159.494,0,0.00974756,-0.0161611
-155.696,0,0.00984598,-0.0156395
-151.899,0,0.0099444,-0.0151179
-148.101,0,0.0100289,-0.0146223
-144.304,0,0.0100769,-0.0141948
-140.506,0,0.0101249,-0.0137672
-136.709,0,0.0101728,-0.0133397
-132.911,0,0.0102208,-0.0129122
-129.114,0,0.0102688,-0.0124846
-125.316,0,0.0103168,-0.0120571
-121.519,0,0.0103647,-0.0116296
-117.722,0,0.0104127,-0.011202
-113.924,0,0.0104607,-0.0107745
-110.127,0,0.0105087,-0.010347
-106.329,0,0.0105568,-0.00991863
-102.532,0,0.0106164,-0.00944255
-98.7342,0,0.0106759,-0.00896645
-94.9367,0,0.0107355,-0.00849036
-91.1392,0,0.010795,-0.00801428
-87.3418,0,0.0108546,-0.00753819
-83.5443,0,0.0109152,-0.00705741
-79.7468,0,0.0110006,-0.00647822
-75.9494,0,0.0111149,-0.00578018
-72.1519,0,0.0112321,-0.00507286
-68.3544,0,0.0113693,-0.00430251
-64.557,0,0.0115293,-0.00345207
-60.7595,0,0.0117371,-0.00239838
-56.962,0,0.0119988,-0.00109879
-53.1646,0,0.0123301,0.000508082
-49.3671,0,0.0127491,0.00248835
-45.5696,0,0.0131351,0.00446338
-41.7722,0,0.0134799,0.00668003
-37.9747,0,0.0138254,0.00888446
-34.1772,0,0.0141607,0.0110525
-30.3797,0,0.0144791,0.0132027
-26.5823,0,0.014895,0.0162769
-22.7848,0,0.0153531,0.0195793
-18.9873,0,0.0158455,0.0231233
-15.1899,0,0.0163908,0.0271387
-11.3924,0,0.0171606,0.0322755
-7.59494,0,0.0179971,0.0377777
-3.79747,0,0.0188469,0.0433246
0,0,0.0197011,0.0488856
-300,3.79747,0.00729982,-0.0324155
-296.203,3.79747,0.00737687,-0.0320024
-292.405,3.79747,0.00742926,-0.031546
-288.608,3.79747,0.00748434,-0.0310748
-284.81,3.79747,0.00755436,-0.0305542
-281.013,3.79747,0.00762438,-0.0300335
-277.215,3.79747,0.0076944,-0.0295128
-273.418,3.79747,0.00776442,-0.0289922
-269.62,3.79747,0.00783445,-0.0284715
-265.823,3.79747,0.00790447,-0.0279509
-262.025,3.79747,0.00797449,-0.0274302
-258.228,3.79747,0.00806999,-0.0269161
-254.43,3.79747,0.00816817,-0.0264026
-250.633,3.79747,0.00826635,-0.0258891
-246.835,3.79747,0.00836452,-0.0253756
-243.038,3.79747,0.0084627,-0.0248621
-239.241,3.79747,0.00856085,-0.0243493
-235.443,3.79747,0.00865879,-0.0238453
-231.646,3.79747,0.00875673,-0.0233412
-227.848,3.79747,0.00885467,-0.0228372
-224.051,3.79747,0.00895261,-0.0223331
-220.253,3.79747,0.00905055,-0.021829
-216.456,3.79747,0.00914848,-0.021325
-212.658,3.79747,0.00924642,-0.0208209
-208.861,3.79747,0.00934436,-0.0203169
-205.063,3.79747,0.0094423,-0.0198128
-201.266,3.79747,0.00954024,-0.0193088
-197.468,3.79747,0.00963818,-0.0188047
-193.671,3.79747,0.00972746,-0.0183206
-189.873,3.79747,0.00981428,-0.0178421
-186.076,3.79747,0.00990111,-0.0173636
-182.278,3.79747,0.00998793,-0.0168851
-178.481,3.79747,0.0100748,-0.0164066
-174.684,3.79747,0.010163,-0.0159215
-170.886,3.79747,0.0102535,-0.0154261
-167.089,3.79747,0.0103439,-0.0149306
-163.291,3.79747,0.0104404,-0.0144154
-159.494,3.79747,0.0105388,-0.0138938
-155.696,3.79747,0.0106373,-0.0133722
-151.899,3.79747,0.0107357,-0.0128506
-148.101,3.79747,0.0108341,-0.012329
-144.304,3.79747,0.010906,-0.0118568
-140.506,3.79747,0.010954,-0.0114292
-136.709,3.79747,0.011002,-0.0110017
-132.911,3.79747,0.01105,-0.0105742
-129.114,3.79747,0.0110979,-0.0101466
-125.316,3.79747,0.0111459,-0.00971909
-121.519,3.79747,0.0111939,-0.00929157
-117.722,3.79747,0.0112419,-0.00886403
-113.924,3.79747,0.0112898,-0.00843651
-110.127,3.79747,0.0113444,-0.00798114
-106.329,3.79747,0.011404,-0.00750505
-102.532,3.79747,0.0114635,-0.00702897
-98.7342,3.79747,0.0115231,-0.00655287
-94.9367,3.79747,0.0115889,-0.00606165
-91.1392,3.79747,0.0116549,-0.00557016
-87.3418,3.79747,0.0117209,-0.00507866
-83.5443,3.79747,0.0118143,-0.00446954
-79.7468,3.79747,0.0119307,-0.00376469
-75.9494,3.79747,0.0120679,-0.00299434
-72.1519,3.79747,0.0122208,-0.00217074
-68.3544,3.79747,0.0123989,-0.00125347
-64.557,3.79747,0.0126098,-0.000183272
-60.7595,3.79747,0.0128767,0.001139
-56.962,3.79747,0.0132418,0.00288497
-53.1646,3.79747,0.0136642,0.00488743
-49.3671,3.79747,0.0140629,0.00678289
-45.5696,3.79747,0.0144243,0.00891368
-41.7722,3.79747,0.0147685,0.0111419
-37.9747,3.79747,0.0151095,0.0133318
-34.1772,3.79747,0.0154412,0.0155382
-30.3797,3.79747,0.015786,0.0179284
-26.5823,3.79747,0.01623,0.0211567
-22.7848,3.79747,0.0167198,0.024657
-18.9873,3.79747,0.0172663,0.0286656
-15.1899,3.79747,0.0180414,0.033846
-11.3924,3.79747,0.0188841,0.0393692
-7.59494,3.79747,0.0197384,0.0449307
-3.79747,3.79747,0.0205926,0.0504923
0,3.79747,0.0214293,0.0559656
-300,7.59494,0.00806753,-0.0300935
-296.203,7.59494,0.00814457,-0.0296803
-292.405,7.59494,0.00822162,-0.0292672
-288.608,7.59494,0.00829237,-0.028843
-284.81,7.59494,0.00835558,-0.0283449
-281.013,7.59494,0.0084256,-0.0278242
-277.215,7.59494,0.00849562,-0.0273036
-273.418,7.59494,0.00856565,-0.0267829
-269.62,7.59494,0.00863567,-0.0262623
-265.823,7.59494,0.00870569,-0.0257416
-262.025,7.59494,0.00877571,-0.0252209
-258.228,7.59494,0.00885118,-0.0247017
-254.43,7.59494,0.00894936,-0.0241882
-250.633,7.59494,0.00904753,-0.0236747
-246.835,7.59494,0.00914571,-0.0231612
-243.038,7.59494,0.00924389,-0.0226478
-239.241,7.59494,0.00934206,-0.0221343
-235.443,7.59494,0.00944023,-0.0216208
-231.646,7.59494,0.00953841,-0.0211073
-227.848,7.59494,0.00963642,-0.0206006
-224.051,7.59494,0.00973436,-0.0200966
-220.253,7.59494,0.00983229,-0.0195925
-216.456,7.59494,0.00993023,-0.0190885
-212.658,7.59494,0.0100282,-0.0185844
-208.861,7.59494,0.0101261,-0.0180803
-205.063,7.59494,0.010224,-0.0175763
-201.266,7.59494,0.010322,-0.0170722
-197.468,7.59494,0.0104199,-0.0165682
-193.671,7.59494,0.0105103,-0.0160815
-189.873,7.59494,0.0105971,-0.0156031
-186.076,7.59494,0.0106839,-0.0151246
-182.278,7.59494,0.0107708,-0.0146461
-178.481,7.59494,0.0108576,-0.0141676
-174.684,7.59494,0.0109462,-0.0136806
-170.886,7.59494,0.0110367,-0.0131852
-167.089,7.59494,0.0111333,-0.0126696
-163.291,7.59494,0.0112317,-0.012148
-159.494,7.59494,0.0113301,-0.0116264
-155.696,7.59494,0.0114285,-0.0111048
-151.899,7.59494,0.011527,-0.0105832
-148.101,7.59494,0.0116254,-0.0100616
-144.304,7.59494,0.0117238,-0.00953999
-140.506,7.59494,0.0117832,-0.00909125
-136.709,7.59494,0.0118311,-0.00866371
-132.911,7.59494,0.0118791,-0.00823617
-129.114,7.59494,0.0119271,-0.00780864
-125.316,7.59494,0.0119751,-0.00738112
-121.519,7.59494,0.012023,-0.00695358
-117.722,7.59494,0.0120725,-0.00651974
-113.924,7.59494,0.0121336,-0.00603996
-110.127,7.59494,0.0121996,-0.00554846
-106.329,7.59494,0.0122656,-0.00505696
-102.532,7.59494,0.0123315,-0.00456546
-98.7342,7.59494,0.0123975,-0.00407395
-94.9367,7.59494,0.0124635,-0.00358245
-91.1392,7.59494,0.0125294,-0.00309095
-87.3418,7.59494,0.0126293,-0.00245651
-83.5443,7.59494,0.0127665,-0.00168616
-79.7468,7.59494,0.0129142,-0.000880368
-75.9494,7.59494,0.0130871,1.12235e-05
-72.1519,7.59494,0.0132686,0.000945144
-68.3544,7.59494,0.0134827,0.00203257
-64.557,7.59494,0.0137546,0.0033768
-60.7595,7.59494,0.0141589,0.00529288
-56.962,7.59494,0.0145794,0.00728652
-53.1646,7.59494,0.0149781,0.00918197
-49.3671,7.59494,0.0153699,0.0111206
-45.5696,7.59494,0.0157134,0.013364
-41.7722,7.59494,0.0160659,0.0156473
-37.9747,7.59494,0.0164059,0.0178999
-34.1772,7.59494,0.0167333,0.0201212
-30.3797,7.59494,0.017107,0.022734
-26.5823,7.59494,0.0175947,0.0262012
-22.7848,7.59494,0.0181524,0.0302429
-18.9873,7.59494,0.0189222,0.0354165
-15.1899,7.59494,0.0197756,0.0409753
-11.3924,7.59494,0.0206298,0.0465368
-7.59494,7.59494,0.0214841,0.0520984
-3.79747,7.59494,0.0222796,0.0573676
0,7.59494,0.0230147,0.0623111
-300,11.3924,0.00883522,-0.0277714
-296.203,11.3924,0.00891227,-0.0273583
-292.405,11.3924,0.00898933,-0.0269451
-288.608,11.3924,0.00906638,-0.026532
-284.81,11.3924,0.00914483,-0.0261146
-281.013,11.3924,0.00922682,-0.025615
-277.215,11.3924,0.00929684,-0.0250943
-273.418,11.3924,0.00936687,-0.0245737
-269.62,11.3924,0.00943688,-0.024053
-265.823,11.3924,0.00950691,-0.0235323
-262.025,11.3924,0.00957693,-0.0230117
-258.228,11.3924,0.00964695,-0.022491
-254.43,11.3924,0.00973054,-0.0219738
-250.633,11.3924,0.00982871,-0.0214603
-246.835,11.3924,0.00992689,-0.0209469
-243.038,11.3924,0.0100251,-0.0204334
-239.241,11.3924,0.0101232,-0.0199199
-235.443,11.3924,0.0102214,-0.0194064
-231.646,11.3924,0.0103196,-0.018893
-227.848,11.3924,0.0104178,-0.0183795
-224.051,11.3924,0.0105159,-0.017866
-220.253,11.3924,0.010614,-0.017356
-216.456,11.3924,0.010712,-0.0168519
-212.658,11.3924,0.0108099,-0.0163479
-208.861,11.3924,0.0109079,-0.0158438
-205.063,11.3924,0.0110058,-0.0153398
-201.266,11.3924,0.0111037,-0.0148357
-197.468,11.3924,0.0112017,-0.0143317
-193.671,11.3924,0.0112931,-0.0138425
-189.873,11.3924,0.01138,-0.013364
-186.076,11.3924,0.0114668,-0.0128855
-182.278,11.3924,0.0115536,-0.012407
-178.481,11.3924,0.0116404,-0.0119285
-174.684,11.3924,0.0117295,-0.0114396
-170.886,11.3924,0.0118261,-0.0109239
-167.089,11.3924,0.0119246,-0.0104023
-163.291,11.3924,0.012023,-0.00988067
-159.494,11.3924,0.0121214,-0.00935906
-155.696,11.3924,0.0122198,-0.00883745
-151.899,11.3924,0.0123182,-0.00831584
-148.101,11.3924,0.0124167,-0.00779424
-144.304,11.3924,0.0125151,-0.00727264
-140.506,11.3924,0.0126123,-0.00675326
-136.709,11.3924,0.0126603,-0.00632572
-132.911,11.3924,0.0127083,-0.0058982
-129.114,11.3924,0.0127594,-0.00546299
-125.316,11.3924,0.0128138,-0.00502004
-121.519,11.3924,0.0128762,-0.00454376
-117.722,11.3924,0.0129422,-0.00405226
-113.924,11.3924,0.0130081,-0.00356076
-110.127,11.3924,0.0130741,-0.00306926
-106.329,11.3924,0.0131401,-0.00257776
-102.532,11.3924,0.0132061,-0.00208626
-98.7342,11.3924,0.013272,-0.00159475
-94.9367,11.3924,0.01334,-0.00109539
-91.1392,11.3924,0.0134651,-0.000377992
-87.3418,11.3924,0.0136076,0.00040998
-83.5443,11.3924,0.0137805,0.00130158
-79.7468,11.3924,0.0139534,0.00219318
-75.9494,11.3924,0.0141435,0.00316933
-72.1519,11.3924,0.0143556,0.00424841
-68.3544,11.3924,0.0146503,0.0056858
-64.557,11.3924,0.015076,0.00770078
-60.7595,11.3924,0.0154946,0.0096856
-56.962,11.3924,0.0158933,0.0115811
-53.1646,11.3924,0.016292,0.0134765
-49.3671,11.3924,0.0166683,0.015612
-45.5696,11.3924,0.0170268,0.0179255
-41.7722,11.3924,0.0173649,0.0202282
-37.9747,11.3924,0.017698,0.0224828
-34.1772,11.3924,0.0180283,0.0247269
-30.3797,11.3924,0.0184717,0.0277785
-26.5823,11.3924,0.0190416,0.0318456
-22.7848,11.3924,0.0198128,0.0370198
-18.9873,11.3924,0.0206671,0.0425813
-15.1899,11.3924,0.0215213,0.0481429
-11.3924,11.3924,0.0223755,0.0537044
-7.59494,11.3924,0.0231298,0.0587684
-3.79747,11.3924,0.0238492,0.0635637
0,11.3924,0.0245018,0.0679447
-300,15.1899,0.00960759,-0.0254621
-296.203,15.1899,0.00968245,-0.025043
-292.405,15.1899,0.00975731,-0.0246238
-288.608,15.1899,0.00983408,-0.02421
-284.81,15.1899,0.00991114,-0.0237968
-281.013,15.1899,0.00999813,-0.0233532
-277.215,15.1899,0.0100949,-0.0228795
-273.418,15.1899,0.0101681,-0.0223644
-269.62,15.1899,0.0102381,-0.0218437
-265.823,15.1899,0.0103081,-0.0213231
-262.025,15.1899,0.0103782,-0.0208024
-258.228,15.1899,0.0104482,-0.0202818
-254.43,15.1899,0.0105182,-0.0197611
-250.633,15.1899,0.0106099,-0.019246
-246.835,15.1899,0.0107081,-0.0187325
-243.038,15.1899,0.0108063,-0.018219
-239.241,15.1899,0.0109044,-0.0177055
-235.443,15.1899,0.0110026,-0.0171921
-231.646,15.1899,0.0111008,-0.0166786
-227.848,15.1899,0.011199,-0.0161651
-224.051,15.1899,0.0112971,-0.0156516
-220.253,15.1899,0.0113953,-0.0151381
-216.456,15.1899,0.0114935,-0.0146247
-212.658,15.1899,0.0115917,-0.0141113
-208.861,15.1899,0.0116896,-0.0136073
-205.063,15.1899,0.0117875,-0.0131032
-201.266,15.1899,0.0118855,-0.0125992
-197.468,15.1899,0.0119834,-0.0120951
-193.671,15.1899,0.012076,-0.0116035
-189.873,15.1899,0.0121628,-0.011125
-186.076,15.1899,0.0122496,-0.0106465
-182.278,15.1899,0.0123364,-0.010168
-178.481,15.1899,0.0124233,-0.0096895
-174.684,15.1899,0.012519,-0.00917811
-170.886,15.1899,0.0126174,-0.0086565
-167.089,15.1899,0.0127158,-0.0081349
-163.291,15.1899,0.0128143,-0.0076133
-159.494,15.1899,0.0129127,-0.0070917
-155.696,15.1899,0.0130111,-0.00657009
-151.899,15.1899,0.0131095,-0.00604849
-148.101,15.1899,0.0132079,-0.00552688
-144.304,15.1899,0.0133112,-0.00499363
-140.506,15.1899,0.0134161,-0.00445661
-136.709,15.1899,0.0135072,-0.00394526
-132.911,15.1899,0.0135616,-0.00350232
-129.114,15.1899,0.0136188,-0.00304756
-125.316,15.1899,0.0136847,-0.00255606
-121.519,15.1899,0.0137507,-0.00206456
-117.722,15.1899,0.0138167,-0.00157306
-113.924,15.1899,0.0138827,-0.00108156
-110.127,15.1899,0.0139486,-0.00059005
-106.329,15.1899,0.0140146,-9.85612e-05
-102.532,15.1899,0.0140806,0.000392939
-98.7342,15.1899,0.0141803,0.00100233
-94.9367,15.1899,0.014303,0.00170905
-91.1392,15.1899,0.0144739,0.00259195
-87.3418,15.1899,0.0146468,0.00348354
-83.5443,15.1899,0.0148219,0.00438583
-79.7468,15.1899,0.0150203,0.00540269
-75.9494,15.1899,0.0152284,0.00646427
-72.1519,15.1899,0.0155665,0.0080875
-68.3544,15.1899,0.0159931,0.0101087
-64.557,15.1899,0.0164097,0.0120847
-60.7595,15.1899,0.0168084,0.0139801
-56.962,15.1899,0.0172119,0.0158968
-53.1646,15.1899,0.0176278,0.0178812
-49.3671,15.1899,0.017988,0.0202009
-45.5696,15.1899,0.0183263,0.0225074
-41.7722,15.1899,0.0186646,0.0248242
-37.9747,15.1899,0.0189928,0.0270864
-34.1772,15.1899,0.0193818,0.0296431
-30.3797,15.1899,0.0199371,0.0334809
-26.5823,15.1899,0.0207043,0.0386259
-22.7848,15.1899,0.0215585,0.0441874
-18.9873,15.1899,0.0224128,0.049749
-15.1899,15.1899,0.0232401,0.0551766
-11.3924,15.1899,0.0239801,0.0601693
-7.59494,15.1899,0.0246838,0.0648153
-3.79747,15.1899,0.0252716,0.068954
0,15.1899,0.0258295,0.0729641
-300,18.9873,0.0103818,-0.0231713
-296.203,18.9873,0.0104591,-0.0227456
-292.405,18.9873,0.010534,-0.0223265
-288.608,18.9873,0.0106089,-0.0219073
-284.81,18.9873,0.0106837,-0.0214882
-281.013,18.9873,0.0107586,-0.021069
-277.215,18.9873,0.0108519,-0.0205932
-273.418,18.9873,0.0109482,-0.0201181
-269.62,18.9873,0.0110393,-0.0196345
-265.823,18.9873,0.0111093,-0.0191138
-262.025,18.9873,0.0111794,-0.0185932
-258.228,18.9873,0.0112494,-0.0180725
-254.43,18.9873,0.0113194,-0.0175518
-250.633,18.9873,0.0113911,-0.0170316
-246.835,18.9873,0.0114893,-0.0165181
-243.038,18.9873,0.0115874,-0.0160046
-239.241,18.9873,0.0116856,-0.0154912
-235.443,18.9873,0.0117838,-0.0149777
-231.646,18.9873,0.011882,-0.0144642
-227.848,18.9873,0.0119801,-0.0139507
-224.051,18.9873,0.0120783,-0.0134373
-220.253,18.9873,0.0121765,-0.0129238
-216.456,18.9873,0.0122747,-0.0124103
-212.658,18.9873,0.0123728,-0.0118968
-208.861,18.9873,0.012471,-0.0113833
-205.063,18.9873,0.0125692,-0.0108699
-201.266,18.9873,0.0126672,-0.0103627
-197.468,18.9873,0.0127652,-0.00985861
-193.671,18.9873,0.0128588,-0.00936443
-189.873,18.9873,0.0129456,-0.00888593
-186.076,18.9873,0.0130324,-0.00840744
-182.278,18.9873,0.0131193,-0.00792895
-178.481,18.9873,0.0132124,-0.0074296
-174.684,18.9873,0.0133103,-0.00691075
-170.886,18.9873,0.0134087,-0.00638913
-167.089,18.9873,0.0135071,-0.00586753
-163.291,18.9873,0.0136056,-0.00534572
-159.494,18.9873,0.0137105,-0.0048087
-155.696,18.9873,0.0138153,-0.00427169
-151.899,18.9873,0.0139202,-0.00373467
-148.101,18.9873,0.014025,-0.00319765
-144.304,18.9873,0.0141299,-0.00266063
-140.506,18.9873,0.0142347,-0.00212362
-136.709,18.9873,0.0143396,-0.00158661
-132.911,18.9873,0.0144273,-0.00105985
-129.114,18.9873,0.0144933,-0.000568351
-125.316,18.9873,0.0145593,-7.68511e-05
-121.519,18.9873,0.0146252,0.000414655
-117.722,18.9873,0.0146912,0.00090615
-113.924,18.9873,0.0147572,0.00139764
-110.127,18.9873,0.0148232,0.00188914
-106.329,18.9873,0.0149112,0.00244988
-102.532,18.9873,0.0150205,0.00310009
-98.7342,18.9873,0.0151736,0.00391005
-94.9367,18.9873,0.0153402,0.00477391
-91.1392,18.9873,0.0155131,0.00566551
-87.3418,18.9873,0.0156957,0.00660497
-83.5443,18.9873,0.0158971,0.00763604
-79.7468,18.9873,0.0161083,0.00870777
-75.9494,18.9873,0.0164836,0.0104954
-72.1519,18.9873,0.0169103,0.0125166
-68.3544,18.9873,0.0173249,0.0144838
-64.557,18.9873,0.0177239,0.0163806
-60.7595,18.9873,0.018141,0.0183583
-56.962,18.9873,0.018558,0.0203359
-53.1646,18.9873,0.0189492,0.0224761
-49.3671,18.9873,0.0192876,0.0247865
-45.5696,18.9873,0.0196262,0.0271042
-41.7722,18.9873,0.0199597,0.0294105
-37.9747,18.9873,0.0203481,0.0320056
-34.1772,18.9873,0.0208531,0.0352693
-30.3797,18.9873,0.0215958,0.040232
-26.5823,18.9873,0.02245,0.0457935
-22.7848,18.9873,0.0233042,0.0513551
-18.9873,18.9873,0.0240903,0.0565775
-15.1899,18.9873,0.0248268,0.0615381
-11.3924,18.9873,0.0254539,0.0658246
-7.59494,18.9873,0.0260414,0.0699618
-3.79747,18.9873,0.0265881,0.0739329
0,18.9873,0.0269862,0.0773411
-300,22.7848,0.0111044,-0.0210118
-296.203,22.7848,0.0112332,-0.0204554
-292.405,22.7848,0.0113107,-0.0200291
-288.608,22.7848,0.0113856,-0.01961
-284.81,22.7848,0.0114604,-0.0191908
-281.013,22.7848,0.0115353,-0.0187717
-277.215,22.7848,0.0116174,-0.0183301
-273.418,22.7848,0.011712,-0.0178504
-269.62,22.7848,0.0118066,-0.0173707
-265.823,22.7848,0.0119012,-0.0168911
-262.025,22.7848,0.0119816,-0.0163863
-258.228,22.7848,0.0120506,-0.0158632
-254.43,22.7848,0.0121206,-0.0153426
-250.633,22.7848,0.0121907,-0.0148219
-246.835,22.7848,0.0122704,-0.0143037
-243.038,22.7848,0.0123686,-0.0137903
-239.241,22.7848,0.0124668,-0.0132768
-235.443,22.7848,0.012565,-0.0127633
-231.646,22.7848,0.0126632,-0.0122498
-227.848,22.7848,0.0127613,-0.0117363
-224.051,22.7848,0.0128595,-0.0112229
-220.253,22.7848,0.0129577,-0.0107094
-216.456,22.7848,0.0130559,-0.0101959
-212.658,22.7848,0.013154,-0.00968245
-208.861,22.7848,0.0132522,-0.00916896
-205.063,22.7848,0.0133504,-0.00865549
-201.266,22.7848,0.0134486,-0.00814201
-197.468,22.7848,0.0135467,-0.00762854
-193.671,22.7848,0.0136416,-0.00712539
-189.873,22.7848,0.0137285,-0.0066469
-186.076,22.7848,0.0138153,-0.0061684
-182.278,22.7848,0.0139085,-0.0056688
-178.481,22.7848,0.0140051,-0.00515995
-174.684,22.7848,0.0141097,-0.00462379
-170.886,22.7848,0.0142146,-0.00408676
-167.089,22.7848,0.0143194,-0.00354974
-163.291,22.7848,0.0144243,-0.00301273
-159.494,22.7848,0.0145291,-0.00247571
-155.696,22.7848,0.014634,-0.00193869
-151.899,22.7848,0.0147388,-0.00140168
-148.101,22.7848,0.0148437,-0.000864669
-144.304,22.7848,0.0149485,-0.000327642
-140.506,22.7848,0.0150575,0.000226687
-136.709,22.7848,0.0151739,0.00081226
-132.911,22.7848,0.0152903,0.00139783
-129.114,22.7848,0.0153678,0.00191085
-125.316,22.7848,0.0154338,0.00240236
-121.519,22.7848,0.0154998,0.00289386
-117.722,22.7848,0.0155658,0.00338535
-113.924,22.7848,0.015653,0.00394361
-110.127,22.7848,0.0157419,0.00450743
-106.329,22.7848,0.0158859,0.00528327
-102.532,22.7848,0.0160443,0.00611123
-98.7342,22.7848,0.0162065,0.00695587
-94.9367,22.7848,0.0163794,0.00784747
-91.1392,22.7848,0.0165725,0.00883832
-87.3418,22.7848,0.0167739,0.00986939
-83.5443,22.7848,0.0170141,0.0110586
-79.7468,22.7848,0.0174008,0.0129033
-75.9494,22.7848,0.0178274,0.0149245
-72.1519,22.7848,0.0182401,0.0168829
-68.3544,22.7848,0.018653,0.0188421
-64.557,22.7848,0.01907,0.0208197
-60.7595,22.7848,0.0194871,0.0227973
-56.962,22.7848,0.0199041,0.024775
-53.1646,22.7848,0.020249,0.0270657
-49.3671,22.7848,0.0205875,0.0293834
-45.5696,22.7848,0.0209272,0.0317093
-41.7722,22.7848,0.021324,0.0343436
-37.9747,22.7848,0.0218366,0.0377058
-34.1772,22.7848,0.0224872,0.0418381
-30.3797,22.7848,0.0233415,0.0473996
-26.5823,22.7848,0.0241957,0.0529612
-22.7848,22.7848,0.0249406,0.0579783
-18.9873,22.7848,0.0256362,0.0626952
-15.1899,22.7848,0.0262237,0.0668324
-11.3924,22.7848,0.0267865,0.0708603
-7.59494,22.7848,0.0272221,0.0744027
-3.79747,22.7848,0.0276118,0.0777746
0,22.7848,0.0279859,0.081068
-300,26.5823,0.0117879,-0.0189521
-296.203,26.5823,0.0119261,-0.0183717
-292.405,26.5823,0.0120646,-0.017791
-288.608,26.5823,0.0121623,-0.0173126
-284.81,26.5823,0.0122371,-0.0168935
-281.013,26.5823,0.012312,-0.0164743
-277.215,26.5823,0.0123868,-0.0160552
-273.418,26.5823,0.0124775,-0.0155874
-269.62,26.5823,0.0125721,-0.0151077
-265.823,26.5823,0.0126667,-0.014628
-262.025,26.5823,0.0127613,-0.0141483
-258.228,26.5823,0.0128559,-0.0136686
-254.43,26.5823,0.012929,-0.0131512
-250.633,26.5823,0.0129961,-0.0126231
-246.835,26.5823,0.0130632,-0.0120951
-243.038,26.5823,0.0131498,-0.0115759
-239.241,26.5823,0.013248,-0.0110624
-235.443,26.5823,0.0133462,-0.0105489
-231.646,26.5823,0.0134443,-0.0100355
-227.848,26.5823,0.0135425,-0.00952198
-224.051,26.5823,0.0136407,-0.0090085
-220.253,26.5823,0.0137389,-0.00849503
-216.456,26.5823,0.013837,-0.00798155
-212.658,26.5823,0.0139352,-0.00746807
-208.861,26.5823,0.0140334,-0.00695459
-205.063,26.5823,0.0141316,-0.00644111
-201.266,26.5823,0.0142297,-0.00592764
-197.468,26.5823,0.0143279,-0.00541416
-193.671,26.5823,0.0144274,-0.00489738
-189.873,26.5823,0.0145209,-0.00439406
-186.076,26.5823,0.0146209,-0.00386936
-182.278,26.5823,0.0147221,-0.00334895
-178.481,26.5823,0.0148235,-0.00282781
-174.684,26.5823,0.0149284,-0.0022908
-170.886,26.5823,0.0150332,-0.00175377
-167.089,26.5823,0.0151381,-0.00121676
-163.291,26.5823,0.0152429,-0.000679738
-159.494,26.5823,0.0153478,-0.000142723
-155.696,26.5823,0.0154526,0.000394292
-151.899,26.5823,0.0155575,0.000931319
-148.101,26.5823,0.0156623,0.00146832
-144.304,26.5823,0.0157777,0.00204968
-140.506,26.5823,0.0158941,0.00263527
-136.709,26.5823,0.0160106,0.00322082
-132.911,26.5823,0.016127,0.0038064
-129.114,26.5823,0.0162424,0.00439004
-125.316,26.5823,0.0163083,0.00488155
-121.519,26.5823,0.0163947,0.00543733
-117.722,26.5823,0.0164837,0.00600116
-113.924,26.5823,0.0165982,0.00665649
-110.127,26.5823,0.0167566,0.00748444
-106.329,26.5823,0.016915,0.0083124
-102.532,26.5823,0.0170733,0.00914036
-98.7342,26.5823,0.0172488,0.0100449
-94.9367,26.5823,0.0174493,0.0110717
-91.1392,26.5823,0.0176506,0.0121027
-87.3418,26.5823,0.0179258,0.0134431
-83.5443,26.5823,0.0183179,0.0153112
-79.7468,26.5823,0.0187445,0.0173325
-75.9494,26.5823,0.019165,0.0193258
-72.1519,26.5823,0.0195821,0.0213035
-68.3544,26.5823,0.0199991,0.0232811
-64.557,26.5823,0.0204161,0.0252588
-60.7595,26.5823,0.0208332,0.0272364
-56.962,26.5823,0.0212103,0.0293448
-53.1646,26.5823,0.0215489,0.0316625
-49.3671,26.5823,0.0218877,0.033982
-45.5696,26.5823,0.0223105,0.0367392
-41.7722,26.5823,0.022824,0.0401016
-37.9747,26.5823,0.0234569,0.0441758
-34.1772,26.5823,0.0242329,0.0490057
-30.3797,26.5823,0.0250509,0.0543865
-26.5823,26.5823,0.0257908,0.0593792
-22.7848,26.5823,0.0263809,0.063592
-18.9873,26.5823,0.0269352,0.0675823
-15.1899,26.5823,0.0274581,0.0714629
-11.3924,26.5823,0.0278477,0.0748347
-7.59494,26.5823,0.0282199,0.0781202
-3.79747,26.5823,0.0285799,0.0813546
0,26.5823,0.0289129,0.0844683
-300,30.3797,0.0124843,-0.0168771
-296.203,30.3797,0.0126094,-0.0163122
-292.405,30.3797,0.0127479,-0.0157315
-288.608,30.3797,0.0128863,-0.0151508
-284.81,30.3797,0.0129977,-0.0146384
-281.013,30.3797,0.0130887,-0.0141769
-277.215,30.3797,0.0131635,-0.0137578
-273.418,30.3797,0.013243,-0.0133244
-269.62,30.3797,0.0133376,-0.0128447
-265.823,30.3797,0.0134322,-0.012365
-262.025,30.3797,0.0135268,-0.0118853
-258.228,30.3797,0.0136214,-0.0114056
-254.43,30.3797,0.0137161,-0.0109259
-250.633,30.3797,0.0138094,-0.010444
-246.835,30.3797,0.0138765,-0.00991601
-243.038,30.3797,0.0139435,-0.009388
-239.241,30.3797,0.0140366,-0.00886661
-235.443,30.3797,0.0141318,-0.00834578
-231.646,30.3797,0.0142271,-0.00782493
-227.848,30.3797,0.0143237,-0.0073076
-224.051,30.3797,0.0144219,-0.00679412
-220.253,30.3797,0.01452,-0.00628065
-216.456,30.3797,0.0146182,-0.00576717
-212.658,30.3797,0.0147164,-0.00525369
-208.861,30.3797,0.0148196,-0.00472807
-205.063,30.3797,0.0149242,-0.00419917
-201.266,30.3797,0.0150288,-0.00367029
-197.468,30.3797,0.0151335,-0.0031414
-193.671,30.3797,0.015237,-0.00261487
-189.873,30.3797,0.0153371,-0.00208993
-186.076,30.3797,0.0154385,-0.00156042
-182.278,30.3797,0.01554,-0.00103092
-178.481,30.3797,0.0156421,-0.000498469
-174.684,30.3797,0.015747,4.21955e-05
-170.886,30.3797,0.0158519,0.000579222
-167.089,30.3797,0.0159567,0.00111623
-163.291,30.3797,0.0160616,0.00165325
-159.494,30.3797,0.0161664,0.00219027
-155.696,30.3797,0.0162713,0.00272728
-151.899,30.3797,0.0163815,0.00328713
-148.101,30.3797,0.016498,0.00387269
-144.304,30.3797,0.0166144,0.00445826
-140.506,30.3797,0.0167308,0.00504384
-136.709,30.3797,0.0168472,0.00562941
-132.911,30.3797,0.0169636,0.00621499
-129.114,30.3797,0.0170997,0.00686236
-125.316,30.3797,0.0172255,0.00749487
-121.519,30.3797,0.0173291,0.00810853
-117.722,30.3797,0.0174689,0.00885766
-113.924,30.3797,0.0176273,0.00968561
-110.127,30.3797,0.0177856,0.0105136
-106.329,30.3797,0.017944,0.0113415
-102.532,30.3797,0.0181247,0.0122739
-98.7342,30.3797,0.0183261,0.013305
-94.9367,30.3797,0.01855,0.0144238
-91.1392,30.3797,0.0188376,0.0158276
-87.3418,30.3797,0.019235,0.0177192
-83.5443,30.3797,0.0196664,0.0197615
-79.7468,30.3797,0.0200941,0.0217873
-75.9494,30.3797,0.0205111,0.0237649
-72.1519,30.3797,0.0209282,0.0257426
-68.3544,30.3797,0.0213452,0.0277202
-64.557,30.3797,0.0217623,0.0297015
-60.7595,30.3797,0.0221613,0.0316898
-56.962,30.3797,0.0225103,0.0339417
-53.1646,30.3797,0.0228533,0.036276
-49.3671,30.3797,0.0233023,0.0391662
-45.5696,30.3797,0.0238115,0.0424974
-41.7722,30.3797,0.0244335,0.04652
-37.9747,30.3797,0.0251877,0.0511788
-34.1772,30.3797,0.0258733,0.055661
-30.3797,30.3797,0.0265258,0.0602738
-26.5823,30.3797,0.027084,0.0643044
-22.7848,30.3797,0.0276353,0.0682846
-18.9873,30.3797,0.0280837,0.0718949
-15.1899,30.3797,0.0284173,0.0750316
-11.3924,30.3797,0.0287352,0.0781064
-7.59494,30.3797,0.0290625,0.0812171
-3.79747,30.3797,0.0293784,0.0842797
0,30.3797,0.0296457,0.087021
-300,34.1772,0.0131807,-0.0148021
-296.203,34.1772,0.0133056,-0.0142374
-292.405,34.1772,0.0134312,-0.0136721
-288.608,34.1772,0.0135696,-0.0130914
-284.81,34.1772,0.0137081,-0.0125107
-281.013,34.1772,0.0138254,-0.0119845
-277.215,34.1772,0.0139257,-0.0114986
-273.418,34.1772,0.0140151,-0.0110413
-269.62,34.1772,0.0141031,-0.0105817
-265.823,34.1772,0.0141977,-0.010102
-262.025,34.1772,0.0142923,-0.00962226
-258.228,34.1772,0.014387,-0.00914257
-254.43,34.1772,0.0144816,-0.00866287
-250.633,34.1772,0.0145762,-0.00818319
-246.835,34.1772,0.0146708,-0.00770349
-243.038,34.1772,0.0147569,-0.00720888
-239.241,34.1772,0.0148299,-0.0066824
-235.443,34.1772,0.0149251,-0.00616157
-231.646,34.1772,0.0150204,-0.00564073
-227.848,34.1772,0.0151159,-0.00511918
-224.051,34.1772,0.0152175,-0.00458293
-220.253,34.1772,0.0153192,-0.00404669
-216.456,34.1772,0.0154208,-0.00351043
-212.658,34.1772,0.0155236,-0.00297695
-208.861,34.1772,0.0156282,-0.00244806
-205.063,34.1772,0.0157328,-0.00191917
-201.266,34.1772,0.0158374,-0.00139029
-197.468,34.1772,0.015942,-0.000861393
-193.671,34.1772,0.0160533,-0.000310637
-189.873,34.1772,0.0161548,0.000219021
-186.076,34.1772,0.0162562,0.000748519
-182.278,34.1772,0.0163577,0.00127802
-178.481,34.1772,0.0164602,0.00181237
-174.684,34.1772,0.0165653,0.00235881
-170.886,34.1772,0.0166703,0.00290525
-167.089,34.1772,0.0167754,0.00344923
-163.291,34.1772,0.0168802,0.00398624
-159.494,34.1772,0.0169854,0.00452455
-155.696,34.1772,0.0171018,0.00511014
-151.899,34.1772,0.0172182,0.0056957
-148.101,34.1772,0.0173346,0.00628127
-144.304,34.1772,0.017451,0.00686685
-140.506,34.1772,0.0175675,0.00745242
-136.709,34.1772,0.0177027,0.00809732
-132.911,34.1772,0.0178421,0.00875522
-129.114,34.1772,0.017991,0.00944512
-125.316,34.1772,0.0181661,0.0102243
-121.519,34.1772,0.0183396,0.0110588
-117.722,34.1772,0.018498,0.0118868
-113.924,34.1772,0.0186563,0.0127148
-110.127,34.1772,0.0188176,0.0135571
-106.329,34.1772,0.0190015,0.0145073
-102.532,34.1772,0.0192029,0.0155384
-98.7342,34.1772,0.0194566,0.0167855
-94.9367,34.1772,0.0197493,0.018212
-91.1392,34.1772,0.0201522,0.0201271
-87.3418,34.1772,0.0205976,0.0222323
-83.5443,34.1772,0.0210232,0.0242487
-79.7468,34.1772,0.0214402,0.0262263
-75.9494,34.1772,0.0218573,0.028204
-72.1519,34.1772,0.0222743,0.0301816
-68.3544,34.1772,0.0226915,0.0321667
-64.557,34.1772,0.0230921,0.0341612
-60.7595,34.1772,0.0234716,0.0362208
-56.962,34.1772,0.0238407,0.0386762
-53.1646,34.1772,0.0242949,0.0416038
-49.3671,34.1772,0.0247989,0.0448933
-45.5696,34.1772,0.0253803,0.0487285
-41.7722,34.1772,0.0260616,0.0530398
-37.9747,34.1772,0.0266767,0.0570347
-34.1772,34.1772,0.027227,0.0610047
-30.3797,34.1772,0.0277534,0.0648899
-26.5823,34.1772,0.0282202,0.0685648
-22.7848,34.1772,0.0285668,0.071762
-18.9873,34.1772,0.0288848,0.0748368
-15.1899,34.1772,0.0292044,0.0779182
-11.3924,34.1772,0.0295353,0.0810433
-7.59494,34.1772,0.0298419,0.0840666
-3.79747,34.1772,0.0301185,0.086913
0,34.1772,0.0303724,0.0894927
-300,37.9747,0.0138771,-0.0127271
-296.203,37.9747,0.014002,-0.0121625
-292.405,37.9747,0.0141269,-0.0115978
-288.608,37.9747,0.0142529,-0.0110319
-284.81,37.9747,0.0143914,-0.0104512
-281.013,37.9747,0.0145265,-0.00988707
-277.215,37.9747,0.0146471,-0.0093545
-273.418,37.9747,0.0147496,-0.00886401
-269.62,37.9747,0.0148518,-0.00837227
-265.823,37.9747,0.0149632,-0.00783892
-262.025,37.9747,0.0150579,-0.00735922
-258.228,37.9747,0.0151525,-0.00687954
-254.43,37.9747,0.0152471,-0.00639984
-250.633,37.9747,0.0153417,-0.00592015
-246.835,37.9747,0.0154363,-0.00544045
-243.038,37.9747,0.0155328,-0.00495598
-239.241,37.9747,0.0156336,-0.00446059
-235.443,37.9747,0.0157332,-0.00394184
-231.646,37.9747,0.0158349,-0.00340559
-227.848,37.9747,0.0159365,-0.00286934
-224.051,37.9747,0.0160382,-0.00233309
-220.253,37.9747,0.0161398,-0.00179684
-216.456,37.9747,0.0162415,-0.0012606
-212.658,37.9747,0.0163431,-0.000724345
-208.861,37.9747,0.0164448,-0.000188095
-205.063,37.9747,0.0165464,0.000348154
-201.266,37.9747,0.0166481,0.000884398
-197.468,37.9747,0.0167573,0.00144073
-193.671,37.9747,0.0168698,0.0019958
-189.873,37.9747,0.0169725,0.00252796
-186.076,37.9747,0.0170739,0.00305746
-182.278,37.9747,0.0171754,0.00358696
-178.481,37.9747,0.0172782,0.00412321
-174.684,37.9747,0.0173833,0.00466965
-170.886,37.9747,0.0174884,0.00521609
-167.089,37.9747,0.0175935,0.00576253
-163.291,37.9747,0.0177053,0.0063373
-159.494,37.9747,0.017822,0.00693229
-155.696,37.9747,0.0179384,0.00751872
-151.899,37.9747,0.0180549,0.00810428
-148.101,37.9747,0.0181713,0.00868985
-144.304,37.9747,0.0183058,0.00933228
-140.506,37.9747,0.0184452,0.00999017
-136.709,37.9747,0.0185888,0.0106623
-132.911,37.9747,0.0187639,0.0114414
-129.114,37.9747,0.0189393,0.0122221
-125.316,37.9747,0.0191481,0.0131441
-121.519,37.9747,0.0193569,0.0140662
-117.722,37.9747,0.019527,0.0149159
-113.924,37.9747,0.0196958,0.0157949
-110.127,37.9747,0.0198783,0.0167406
-106.329,37.9747,0.0200933,0.017825
-102.532,37.9747,0.0203633,0.0191475
-98.7342,37.9747,0.0206611,0.0205965
-94.9367,37.9747,0.0210819,0.0225916
-91.1392,37.9747,0.0215287,0.0247032
-87.3418,37.9747,0.0219523,0.0267101
-83.5443,37.9747,0.0223693,0.0286878
-79.7468,37.9747,0.0227863,0.0306654
-75.9494,37.9747,0.0232034,0.0326431
-72.1519,37.9747,0.0236207,0.0346318
-68.3544,37.9747,0.024023,0.0366325
-64.557,37.9747,0.0244168,0.038602
-60.7595,37.9747,0.0248317,0.0411054
-56.962,37.9747,0.0252589,0.0439231
-53.1646,37.9747,0.0257161,0.046974
-49.3671,37.9747,0.0262646,0.050659
-45.5696,37.9747,0.0268588,0.0545659
-41.7722,37.9747,0.0273761,0.0581847
-37.9747,37.9747,0.0278415,0.0614615
-34.1772,37.9747,0.0283012,0.0650031
-30.3797,37.9747,0.0286892,0.0683766
-26.5823,37.9747,0.0290343,0.0715671
-22.7848,37.9747,0.0293522,0.0746419
-18.9873,37.9747,0.0296773,0.0777444
-15.1899,37.9747,0.0300082,0.0808694
-11.3924,37.9747,0.0303054,0.0838535
-7.59494,37.9747,0.0305895,0.0867832
-3.79747,37.9747,0.0308488,0.0894322
0,37.9747,0.0310977,0.0919455
-300,41.7722,0.0145735,-0.0106521
-296.203,41.7722,0.0146984,-0.0100875
-292.405,41.7722,0.0148233,-0.00952282
-288.608,41.7722,0.0149483,-0.00895818
-284.81,41.7722,0.0150747,-0.00839179
-281.013,41.7722,0.0152097,-0.00782818
-277.215,41.7722,0.0153442,-0.00726726
-273.418,41.7722,0.0154649,-0.00673437
-269.62,41.7722,0.0155734,-0.0062296
-265.823,41.7722,0.0156851,-0.00570694
-262.025,41.7722,0.015807,-0.00515106
-258.228,41.7722,0.0159215,-0.00460768
-254.43,41.7722,0.0160223,-0.00411228
-250.633,41.7722,0.0161232,-0.00361689
-246.835,41.7722,0.0162241,-0.00312149
-243.038,41.7722,0.0163249,-0.0026261
-239.241,41.7722,0.0164258,-0.0021307
-235.443,41.7722,0.0165267,-0.0016353
-231.646,41.7722,0.0166439,-0.00113526
-227.848,41.7722,0.0167572,-0.000619503
-224.051,41.7722,0.0168588,-8.32591e-05
-220.253,41.7722,0.0169605,0.000452991
-216.456,41.7722,0.0170621,0.000989234
-212.658,41.7722,0.0171638,0.00152548
-208.861,41.7722,0.0172654,0.00206174
-205.063,41.7722,0.0173671,0.00259798
-201.266,41.7722,0.0174755,0.00315661
-197.468,41.7722,0.0175852,0.00371903
-193.671,41.7722,0.0176948,0.00428145
-189.873,41.7722,0.0177955,0.00482349
-186.076,41.7722,0.017894,0.00536035
-182.278,41.7722,0.017993,0.0058959
-178.481,41.7722,0.0180963,0.00643404
-174.684,41.7722,0.0182014,0.00698048
-170.886,41.7722,0.0183081,0.00753374
-167.089,41.7722,0.0184248,0.00812873
-163.291,41.7722,0.0185414,0.00872372
-159.494,41.7722,0.0186581,0.00931871
-155.696,41.7722,0.0187748,0.00991371
-151.899,41.7722,0.0189087,0.0105631
-148.101,41.7722,0.0190482,0.0112251
-144.304,41.7722,0.0191876,0.011883
-140.506,41.7722,0.0193617,0.0126585
-136.709,41.7722,0.0195367,0.0134377
-132.911,41.7722,0.0197217,0.0142586
-129.114,41.7722,0.0199305,0.0151806
-125.316,41.7722,0.0201393,0.0161026
-121.519,41.7722,0.0203511,0.0170393
-117.722,41.7722,0.020575,0.0180376
-113.924,41.7722,0.0207593,0.0189928
-110.127,41.7722,0.0209986,0.0201775
-106.329,41.7722,0.0212699,0.0215095
-102.532,41.7722,0.0215866,0.0230423
-98.7342,41.7722,0.0220131,0.0250624
-94.9367,41.7722,0.0224599,0.027174
-91.1392,41.7722,0.0228813,0.0291716
-87.3418,41.7722,0.0232984,0.0311492
-83.5443,41.7722,0.0237154,0.0331268
-79.7468,41.7722,0.0241324,0.0351045
-75.9494,41.7722,0.0245499,0.0370969
-72.1519,41.7722,0.0249538,0.0391038
-68.3544,41.7722,0.0253266,0.0409963
-64.557,41.7722,0.0257347,0.0431848
-60.7595,41.7722,0.0261252,0.0458615
-56.962,41.7722,0.0265354,0.0486578
-53.1646,41.7722,0.0270189,0.0520209
-49.3671,41.7722,0.0275295,0.0555985
-45.5696,41.7722,0.0279995,0.0589869
-41.7722,41.7722,0.0284369,0.0621004
-37.9747,41.7722,0.0288097,0.064963
-34.1772,41.7722,0.0291608,0.0681685
-30.3797,41.7722,0.0295018,0.0713723
-26.5823,41.7722,0.0298197,0.0744471
-22.7848,41.7722,0.0301502,0.0775705
-18.9873,41.7722,0.0304811,0.0806956
-15.1899,41.7722,0.0307689,0.0836403
-11.3924,41.7722,0.031053,0.08657
-7.59494,41.7722,0.0313241,0.0893559
-3.79747,41.7722,0.031574,0.0918852
0,41.7722,0.0318229,0.0943984
-300,45.5696,0.0152699,-0.00857712
-296.203,45.5696,0.0153948,-0.00801247
-292.405,45.5696,0.0155197,-0.00744783
-288.608,45.5696,0.0156447,-0.00688318
-284.81,45.5696,0.0157696,-0.00631854
-281.013,45.5696,0.0158929,-0.0057693
-277.215,45.5696,0.0160274,-0.00520837
-273.418,45.5696,0.016167,-0.0046345
-269.62,45.5696,0.0162942,-0.00408549
-265.823,45.5696,0.0164149,-0.00355066
-262.025,45.5696,0.0165424,-0.00298129
-258.228,45.5696,0.0166706,-0.00240963
-254.43,45.5696,0.0167987,-0.00183796
-250.633,45.5696,0.0169149,-0.00128953
-246.835,45.5696,0.0170162,-0.000791611
-243.038,45.5696,0.0171171,-0.000296213
-239.241,45.5696,0.017218,0.00019918
-235.443,45.5696,0.0173188,0.000694579
-231.646,45.5696,0.0174213,0.00119043
-227.848,45.5696,0.0175429,0.00169172
-224.051,45.5696,0.0176644,0.00219303
-220.253,45.5696,0.0177812,0.00270283
-216.456,45.5696,0.0178828,0.00323907
-212.658,45.5696,0.0179845,0.00377532
-208.861,45.5696,0.0180861,0.00431157
-205.063,45.5696,0.0181946,0.00487045
-201.266,45.5696,0.0183042,0.00543288
-197.468,45.5696,0.0184139,0.0059953
-193.671,45.5696,0.0185235,0.00655772
-189.873,45.5696,0.0186253,0.00710226
-186.076,45.5696,0.0187238,0.00763912
-182.278,45.5696,0.0188223,0.00817598
-178.481,45.5696,0.0189231,0.00872339
-174.684,45.5696,0.0190332,0.00931102
-170.886,45.5696,0.0191469,0.00991337
-167.089,45.5696,0.0192609,0.0105152
-163.291,45.5696,0.0193775,0.0111101
-159.494,45.5696,0.0195107,0.011757
-155.696,45.5696,0.0196504,0.0124244
-151.899,45.5696,0.01979,0.0130917
-148.101,45.5696,0.019959,0.0138588
-144.304,45.5696,0.0201343,0.0146474
-140.506,45.5696,0.0203096,0.015434
-136.709,45.5696,0.020504,0.0162951
-132.911,45.5696,0.0207129,0.0172171
-129.114,45.5696,0.0209217,0.0181391
-125.316,45.5696,0.0211393,0.0191041
-121.519,45.5696,0.0213699,0.0201328
-117.722,45.5696,0.0216093,0.0211999
-113.924,45.5696,0.0219053,0.0225396
-110.127,45.5696,0.0221766,0.0238715
-106.329,45.5696,0.0225217,0.0255306
-102.532,45.5696,0.0229443,0.0275332
-98.7342,45.5696,0.0233911,0.0296448
-94.9367,45.5696,0.0238104,0.031633
-91.1392,45.5696,0.0242275,0.0336106
-87.3418,45.5696,0.0246445,0.0355883
-83.5443,45.5696,0.0250588,0.0375572
-79.7468,45.5696,0.0254202,0.0393638
-75.9494,45.5696,0.0257633,0.0411642
-72.1519,45.5696,0.0261041,0.0429569
-68.3544,45.5696,0.0265265,0.0451625
-64.557,45.5696,0.0269264,0.0475322
-60.7595,45.5696,0.027268,0.049996
-56.962,45.5696,0.0276875,0.0530482
-53.1646,45.5696,0.0281493,0.0564313
-49.3671,45.5696,0.0285974,0.0596423
-45.5696,45.5696,0.0289789,0.0625337
-41.7722,45.5696,0.0293245,0.0652918
-37.9747,45.5696,0.0296356,0.0679363
-34.1772,45.5696,0.0299745,0.071153
-30.3797,45.5696,0.0302922,0.0742716
-26.5823,45.5696,0.0306231,0.0773967
-22.7848,45.5696,0.0309482,0.0804975
-18.9873,45.5696,0.0312323,0.0834272
-15.1899,45.5696,0.0315165,0.0863569
-11.3924,45.5696,0.0317969,0.0892458
-7.59494,45.5696,0.0320504,0.0918226
-3.79747,45.5696,0.0322969,0.0943265
0,45.5696,0.0325194,0.0967138
-300,49.3671,0.0159663,-0.00650213
-296.203,49.3671,0.0160912,-0.00593749
-292.405,49.3671,0.0162166,-0.00537161
-288.608,49.3671,0.0163478,-0.00479126
-284.81,49.3671,0.016479,-0.00421091
-281.013,49.3671,0.0166097,-0.00363305
-277.215,49.3671,0.0167361,-0.00308511
-273.418,49.3671,0.0168769,-0.00250841
-269.62,49.3671,0.0170177,-0.0019317
-265.823,49.3671,0.017145,-0.00138235
-262.025,49.3671,0.0172778,-0.000811049
-258.228,49.3671,0.0174087,-0.000232957
-254.43,49.3671,0.0175369,0.000338708
-250.633,49.3671,0.0176651,0.000910374
-246.835,49.3671,0.0177933,0.00148204
-243.038,49.3671,0.0179082,0.00202815
-239.241,49.3671,0.0180101,0.00252907
-235.443,49.3671,0.018111,0.00302446
-231.646,49.3671,0.0182119,0.00351986
-227.848,49.3671,0.0183203,0.00401742
-224.051,49.3671,0.0184419,0.00451871
-220.253,49.3671,0.0185634,0.00502001
-216.456,49.3671,0.018685,0.00552131
-212.658,49.3671,0.0188051,0.00602516
-208.861,49.3671,0.0189137,0.0065843
-205.063,49.3671,0.0190233,0.00714671
-201.266,49.3671,0.0191329,0.00770913
-197.468,49.3671,0.0192425,0.00827157
-193.671,49.3671,0.0193522,0.00883398
-189.873,49.3671,0.0194551,0.00938104
-186.076,49.3671,0.0195536,0.00991789
-182.278,49.3671,0.019655,0.0104671
-178.481,49.3671,0.0197677,0.0110649
-174.684,49.3671,0.0198815,0.0116673
-170.886,49.3671,0.0199952,0.0122696
-167.089,49.3671,0.0201246,0.0129214
-163.291,49.3671,0.0202613,0.0135961
-159.494,49.3671,0.020398,0.0142708
-155.696,49.3671,0.0205588,0.0150275
-151.899,49.3671,0.0207312,0.0158234
-148.101,49.3671,0.0209064,0.0166121
-144.304,49.3671,0.0210817,0.0174006
-140.506,49.3671,0.0212859,0.0183114
-136.709,49.3671,0.021495,0.0192428
-132.911,49.3671,0.021704,0.0201743
-129.114,49.3671,0.0219294,0.0211784
-125.316,49.3671,0.0221639,0.0222265
-121.519,49.3671,0.0224292,0.0233956
-117.722,49.3671,0.0227369,0.0247604
-113.924,49.3671,0.0230705,0.0262398
-110.127,49.3671,0.0234567,0.0280188
-106.329,49.3671,0.0238754,0.0300041
-102.532,49.3671,0.0243222,0.0321157
-98.7342,49.3671,0.0247283,0.0340585
-94.9367,49.3671,0.0251167,0.0359443
-91.1392,49.3671,0.0254772,0.0377338
-87.3418,49.3671,0.0258318,0.0395027
-83.5443,49.3671,0.0261868,0.0412843
-79.7468,49.3671,0.0265315,0.0430909
-75.9494,49.3671,0.0268788,0.0449119
-72.1519,49.3671,0.0272495,0.0468902
-68.3544,49.3671,0.0276216,0.0489195
-64.557,49.3671,0.0279426,0.0511368
-60.7595,49.3671,0.0283116,0.0539035
-56.962,49.3671,0.0287532,0.0571553
-53.1646,49.3671,0.0291481,0.0601045
-49.3671,49.3671,0.0295209,0.0629671
-45.5696,49.3671,0.0298321,0.0655927
-41.7722,49.3671,0.0301416,0.068212
-37.9747,49.3671,0.0304495,0.0709223
-34.1772,49.3671,0.0307729,0.0740686
-30.3797,49.3671,0.0310972,0.0772183
-26.5823,49.3671,0.0314117,0.0802844
-22.7848,49.3671,0.0316958,0.0832141
-18.9873,49.3671,0.03198,0.0861438
-15.1899,49.3671,0.0322641,0.0890735
-11.3924,49.3671,0.0325148,0.0917009
-7.59494,49.3671,0.0327478,0.0941388
-3.79747,49.3671,0.032967,0.0965251
0,49.3671,0.0330985,0.0985582
-300,53.1646,0.0166773,-0.00439045
-296.203,53.1646,0.0168085,-0.0038101
-292.405,53.1646,0.0169397,-0.00322976
-288.608,53.1646,0.0170709,-0.00264942
-284.81,53.1646,0.0172021,-0.00206907
-281.013,53.1646,0.0173333,-0.00148872
-277.215,53.1646,0.0174598,-0.000931336
-273.418,53.1646,0.0175868,-0.0003823
-269.62,53.1646,0.0177276,0.00019441
-265.823,53.1646,0.0178684,0.000771119
-262.025,53.1646,0.0179959,0.0013208
-258.228,53.1646,0.0181382,0.00192302
-254.43,53.1646,0.018275,0.00251539
-250.633,53.1646,0.0184032,0.00308706
-246.835,53.1646,0.0185314,0.00365873
-243.038,53.1646,0.0186596,0.00423039
-239.241,53.1646,0.0187878,0.00480205
-235.443,53.1646,0.0189015,0.0053458
-231.646,53.1646,0.019004,0.00584975
-227.848,53.1646,0.0191049,0.00634515
-224.051,53.1646,0.0192193,0.00684439
-220.253,53.1646,0.0193409,0.0073457
-216.456,53.1646,0.0194624,0.007847
-212.658,53.1646,0.019591,0.00837146
-208.861,53.1646,0.0197205,0.00889895
-205.063,53.1646,0.01985,0.00942646
-201.266,53.1646,0.0199616,0.00998541
-197.468,53.1646,0.0200712,0.0105478
-193.671,53.1646,0.0201809,0.0111102
-189.873,53.1646,0.0202849,0.0116598
-186.076,53.1646,0.0203927,0.012236
-182.278,53.1646,0.0205028,0.0128214
-178.481,53.1646,0.020616,0.0134212
-174.684,53.1646,0.0207446,0.0140705
-170.886,53.1646,0.0208813,0.0147452
-167.089,53.1646,0.021018,0.0154198
-163.291,53.1646,0.0211736,0.0161587
-159.494,53.1646,0.0213459,0.0169546
-155.696,53.1646,0.0215183,0.0177506
-151.899,53.1646,0.0216907,0.0185465
-148.101,53.1646,0.0218676,0.0193618
-144.304,53.1646,0.0220737,0.0203007
-140.506,53.1646,0.0222798,0.0212395
-136.709,53.1646,0.0224907,0.0222016
-132.911,53.1646,0.0227225,0.0232473
-129.114,53.1646,0.0229574,0.0243053
-125.316,53.1646,0.0232523,0.0256087
-121.519,53.1646,0.0235577,0.0269672
-117.722,53.1646,0.023899,0.0284816
-113.924,53.1646,0.024307,0.0303147
-110.127,53.1646,0.0247459,0.0322953
-106.329,53.1646,0.0251745,0.0343313
-102.532,53.1646,0.0255347,0.0361195
-98.7342,53.1646,0.0258893,0.0378884
-94.9367,53.1646,0.0262439,0.0396573
-91.1392,53.1646,0.0265984,0.0414262
-87.3418,53.1646,0.0269359,0.0431181
-83.5443,53.1646,0.0272397,0.0447525
-79.7468,53.1646,0.0275551,0.0464613
-75.9494,53.1646,0.0279137,0.0484002
-72.1519,53.1646,0.0282477,0.0502718
-68.3544,53.1646,0.0285778,0.0521689
-64.557,53.1646,0.0289265,0.0547295
-60.7595,53.1646,0.0293156,0.0576713
-56.962,53.1646,0.0296902,0.0605378
-53.1646,53.1646,0.0300302,0.0632743
-49.3671,53.1646,0.0303397,0.0658936
-45.5696,53.1646,0.0306492,0.0685129
-41.7722,53.1646,0.0309489,0.071088
-37.9747,53.1646,0.0312544,0.0738628
-34.1772,53.1646,0.0315787,0.0770125
-30.3797,53.1646,0.0318781,0.0800583
-26.5823,53.1646,0.0321593,0.083001
-22.7848,53.1646,0.0324373,0.0858987
-18.9873,53.1646,0.0327049,0.0887429
-15.1899,53.1646,0.0329644,0.0914966
-11.3924,53.1646,0.0331987,0.0939512
-7.59494,53.1646,0.0333946,0.0962517
-3.79747,53.1646,0.0335367,0.0983367
0,53.1646,0.0336738,0.100399
-300,56.962,0.0174004,-0.00224862
-296.203,56.962,0.0175316,-0.00166826
-292.405,56.962,0.0176627,-0.00108792
-288.608,56.962,0.0177939,-0.000507576
-284.81,56.962,0.0179251,7.2776e-05
-281.013,56.962,0.0180563,0.000653116
-277.215,56.962,0.0181865,0.00122841
-273.418,56.962,0.01831,0.00177038
-269.62,56.962,0.0184375,0.0023205
-265.823,56.962,0.0185783,0.00289721
-262.025,56.962,0.0187191,0.00347392
-258.228,56.962,0.0188526,0.00404298
-254.43,56.962,0.0189985,0.00465707
-250.633,56.962,0.0191414,0.00526373
-246.835,56.962,0.0192695,0.00583539
-243.038,56.962,0.0193977,0.00640706
-239.241,56.962,0.0195259,0.00697873
-235.443,56.962,0.0196541,0.00755039
-231.646,56.962,0.0197823,0.00812206
-227.848,56.962,0.0198947,0.00866346
-224.051,56.962,0.0199979,0.00917042
-220.253,56.962,0.0201183,0.00967137
-216.456,56.962,0.020247,0.0101961
-212.658,56.962,0.0203765,0.0107236
-208.861,56.962,0.020506,0.0112511
-205.063,56.962,0.0206355,0.0117786
-201.266,56.962,0.020765,0.0123061
-197.468,56.962,0.0208945,0.0128336
-193.671,56.962,0.0210138,0.0134043
-189.873,56.962,0.0211305,0.0140049
-186.076,56.962,0.0212405,0.0145904
-182.278,56.962,0.0213648,0.0152203
-178.481,56.962,0.0215013,0.0158942
-174.684,56.962,0.021638,0.0165689
-170.886,56.962,0.0217883,0.01729
-167.089,56.962,0.0219607,0.0180859
-163.291,56.962,0.0221331,0.0188818
-159.494,56.962,0.0223054,0.0196777
-155.696,56.962,0.0224778,0.0204737
-151.899,56.962,0.0226643,0.0213292
-148.101,56.962,0.0228704,0.022268
-144.304,56.962,0.0230765,0.0232068
-140.506,56.962,0.0232997,0.0242295
-136.709,56.962,0.0235309,0.0252914
-132.911,56.962,0.0237836,0.0264369
-129.114,56.962,0.0240562,0.0277044
-125.316,56.962,0.0243371,0.0290138
-121.519,56.962,0.0246472,0.0304528
-117.722,56.962,0.0250551,0.0323089
-113.924,56.962,0.0254618,0.0341811
-110.127,56.962,0.0258948,0.0361709
-106.329,56.962,0.0263014,0.038043
-102.532,56.962,0.0266559,0.0398118
-98.7342,56.962,0.0269925,0.0414913
-94.9367,56.962,0.0273011,0.0430662
-91.1392,56.962,0.0275995,0.0446145
-87.3418,56.962,0.0278937,0.04622
-83.5443,56.962,0.0282194,0.0479719
-79.7468,56.962,0.0285322,0.0497388
-75.9494,56.962,0.0288481,0.0515285
-72.1519,56.962,0.0291655,0.0533717
-68.3544,56.962,0.0295236,0.0555276
-64.557,56.962,0.029855,0.0580991
-60.7595,56.962,0.0302282,0.0609559
-56.962,56.962,0.0305377,0.0635752
-53.1646,56.962,0.0308473,0.0661945
-49.3671,56.962,0.0311596,0.0688248
-45.5696,56.962,0.0314553,0.0713811
-41.7722,56.962,0.0317497,0.0739316
-37.9747,56.962,0.0320602,0.0768067
-34.1772,56.962,0.0323495,0.0798102
-30.3797,56.962,0.0326113,0.0826825
-26.5823,56.962,0.0328742,0.0855477
-22.7848,56.962,0.0331419,0.0883919
-18.9873,56.962,0.0334095,0.0912361
-15.1899,56.962,0.0336439,0.0937425
-11.3924,56.962,0.0338221,0.0959782
-7.59494,56.962,0.0339792,0.098135
-3.79747,56.962,0.0341235,0.100229
0,56.962,0.0342774,0.102355
-300,60.7595,0.0181546,-0.000124247
-296.203,60.7595,0.0182659,0.000467231
-292.405,60.7595,0.0183858,0.00105393
-288.608,60.7595,0.018517,0.00163427
-284.81,60.7595,0.0186482,0.00221462
-281.013,60.7595,0.0187794,0.00279497
-277.215,60.7595,0.0189106,0.00337531
-273.418,60.7595,0.0190366,0.00393013
-269.62,60.7595,0.0191601,0.00447209
-265.823,60.7595,0.0192882,0.00502331
-262.025,60.7595,0.019429,0.00560002
-258.228,60.7595,0.0195698,0.00617673
-254.43,60.7595,0.0197129,0.00677705
-250.633,60.7595,0.0198589,0.00739113
-246.835,60.7595,0.0200048,0.00800521
-243.038,60.7595,0.0201359,0.00858374
-239.241,60.7595,0.0202641,0.00915541
-235.443,60.7595,0.0203922,0.00972707
-231.646,60.7595,0.0205204,0.0102987
-227.848,60.7595,0.0206486,0.0108704
-224.051,60.7595,0.0207768,0.0114421
-220.253,60.7595,0.0209029,0.0120207
-216.456,60.7595,0.0210324,0.0125482
-212.658,60.7595,0.0211619,0.0130757
-208.861,60.7595,0.0212915,0.0136032
-205.063,60.7595,0.021421,0.0141307
-201.266,60.7595,0.0215505,0.0146582
-197.468,60.7595,0.0216908,0.0152304
-193.671,60.7595,0.0218319,0.0158063
-189.873,60.7595,0.0219819,0.0164184
-186.076,60.7595,0.0221247,0.0170591
-182.278,60.7595,0.022258,0.017718
-178.481,60.7595,0.0224031,0.0184213
-174.684,60.7595,0.0225755,0.0192172
-170.886,60.7595,0.0227479,0.0200131
-167.089,60.7595,0.0229202,0.020809
-163.291,60.7595,0.0230926,0.0216049
-159.494,60.7595,0.023265,0.0224008
-155.696,60.7595,0.0234609,0.0232966
-151.899,60.7595,0.023667,0.0242354
-148.101,60.7595,0.0238726,0.0251854
-144.304,60.7595,0.0240768,0.0261642
-140.506,60.7595,0.0242811,0.0271429
-136.709,60.7595,0.0245334,0.0283119
-132.911,60.7595,0.0248076,0.0295913
-129.114,60.7595,0.025095,0.0309299
-125.316,60.7595,0.0253763,0.0322698
-121.519,60.7595,0.0257565,0.0340514
-117.722,60.7595,0.0261523,0.0359014
-113.924,60.7595,0.0265776,0.0378846
-110.127,60.7595,0.0269756,0.0397418
-106.329,60.7595,0.0273247,0.0413912
-102.532,60.7595,0.0276559,0.0429918
-98.7342,60.7595,0.0279541,0.0445356
-94.9367,60.7595,0.0282523,0.0460795
-91.1392,60.7595,0.0285379,0.0476505
-87.3418,60.7595,0.0288263,0.0492664
-83.5443,60.7595,0.0291364,0.0510231
-79.7468,60.7595,0.0294377,0.0527526
-75.9494,60.7595,0.0297349,0.0545073
-72.1519,60.7595,0.0300568,0.0563671
-68.3544,60.7595,0.0303953,0.0585398
-64.557,60.7595,0.0307335,0.0612518
-60.7595,60.7595,0.0310453,0.0638761
-56.962,60.7595,0.0313549,0.0664954
-53.1646,60.7595,0.0316674,0.0691236
-49.3671,60.7595,0.0319618,0.0716742
-45.5696,60.7595,0.0322561,0.0742247
-41.7722,60.7595,0.0325384,0.0767148
-37.9747,60.7595,0.0327946,0.0794255
-34.1772,60.7595,0.0330561,0.0822966
-30.3797,60.7595,0.0333177,0.0851677
-26.5823,60.7595,0.0335793,0.0880389
-22.7848,60.7595,0.0338464,0.0908851
-18.9873,60.7595,0.0340755,0.0934844
-15.1899,60.7595,0.0342517,0.0957147
-11.3924,60.7595,0.0344209,0.097926
-7.59494,60.7595,0.0345813,0.100086
-3.79747,60.7595,0.0347482,0.102263
0,60.7595,0.0349004,0.104379
-300,64.557,0.0189154,0.0019964
-296.203,64.557,0.0190267,0.00258788
-292.405,64.557,0.0191381,0.00317936
-288.608,64.557,0.0192495,0.00377085
-284.81,64.557,0.0193712,0.00435647
-281.013,64.557,0.0195024,0.00493681
-277.215,64.557,0.0196336,0.00551716
-273.418,64.557,0.0197633,0.00608987
-269.62,64.557,0.0198868,0.00663184
-265.823,64.557,0.0200103,0.0071738
-262.025,64.557,0.0201389,0.00772612
-258.228,64.557,0.0202797,0.00830283
-254.43,64.557,0.0204234,0.00888902
-250.633,64.557,0.0205732,0.00951111
-246.835,64.557,0.0207192,0.0101252
-243.038,64.557,0.0208652,0.0107393
-239.241,64.557,0.0210022,0.0113321
-235.443,64.557,0.0211304,0.0119037
-231.646,64.557,0.0212586,0.0124754
-227.848,64.557,0.0213867,0.0130471
-224.051,64.557,0.0215247,0.0136553
-220.253,64.557,0.0216636,0.0142671
-216.456,64.557,0.021816,0.0148955
-212.658,64.557,0.0219474,0.0154279
-208.861,64.557,0.0220769,0.0159554
-205.063,64.557,0.022212,0.0165061
-201.266,64.557,0.0223532,0.017082
-197.468,64.557,0.0225062,0.0176987
-193.671,64.557,0.022669,0.0183493
-189.873,64.557,0.0228293,0.018995
-186.076,64.557,0.0229827,0.0196333
-182.278,64.557,0.023168,0.0203875
-178.481,64.557,0.0233553,0.0211572
-174.684,64.557,0.023535,0.0219403
-170.886,64.557,0.0237074,0.0227362
-167.089,64.557,0.0238797,0.0235321
-163.291,64.557,0.0240382,0.0242878
-159.494,64.557,0.0242193,0.0251537
-155.696,64.557,0.0244011,0.0260225
-151.899,64.557,0.0245953,0.0269523
-148.101,64.557,0.0247996,0.0279311
-144.304,64.557,0.0250165,0.0289591
-140.506,64.557,0.0252847,0.0301988
-136.709,64.557,0.0255309,0.0313825
-132.911,64.557,0.0257897,0.0326278
-129.114,64.557,0.0260673,0.0339562
-125.316,64.557,0.0264557,0.0357736
-121.519,64.557,0.0268515,0.0376236
-117.722,64.557,0.0272484,0.0395051
-113.924,64.557,0.0275875,0.0411248
-110.127,64.557,0.0279267,0.0427445
-106.329,64.557,0.0282658,0.0443643
-102.532,64.557,0.0286049,0.045984
-98.7342,64.557,0.0288926,0.0474614
-94.9367,64.557,0.0291452,0.0489239
-91.1392,64.557,0.0294329,0.0505534
-87.3418,64.557,0.0297252,0.0522456
-83.5443,64.557,0.0300031,0.0538915
-79.7468,64.557,0.0302701,0.0555045
-75.9494,64.557,0.030576,0.0572223
-72.1519,64.557,0.0309157,0.0591559
-68.3544,64.557,0.0312385,0.0615468
-64.557,64.557,0.0315529,0.0641769
-60.7595,64.557,0.0318693,0.0668227
-56.962,64.557,0.0321738,0.0694167
-53.1646,64.557,0.0324648,0.0719498
-49.3671,64.557,0.0327431,0.0744166
-45.5696,64.557,0.0329986,0.0767879
-41.7722,64.557,0.0332417,0.0791077
-37.9747,64.557,0.033501,0.0819107
-34.1772,64.557,0.0337625,0.0847818
-30.3797,64.557,0.0340241,0.0876529
-26.5823,64.557,0.0342836,0.0905165
-22.7848,64.557,0.0345047,0.0931953
-18.9873,64.557,0.0346873,0.0954795
-15.1899,64.557,0.0348685,0.0977352
-11.3924,64.557,0.0350523,0.0999914
-7.59494,64.557,0.035215,0.10215
-3.79747,64.557,0.0353306,0.104126
0,64.557,0.0354435,0.106089
-300,68.3544,0.0196762,0.00411704
-296.203,68.3544,0.0197876,0.00470852
-292.405,68.3544,0.0198989,0.0053
-288.608,68.3544,0.0200103,0.00589149
-284.81,68.3544,0.0201216,0.00648297
-281.013,68.3544,0.020233,0.00707445
-277.215,68.3544,0.0203567,0.00765901
-273.418,68.3544,0.0204879,0.00823936
-269.62,68.3544,0.0206134,0.0087916
-265.823,68.3544,0.0207369,0.00933355
-262.025,68.3544,0.0208604,0.00987552
-258.228,68.3544,0.0209896,0.0104289
-254.43,68.3544,0.0211304,0.0110056
-250.633,68.3544,0.0212835,0.0116228
-246.835,68.3544,0.0214336,0.0122452
-243.038,68.3544,0.0215796,0.0128593
-239.241,68.3544,0.0217255,0.0134733
-235.443,68.3544,0.0218685,0.0140804
-231.646,68.3544,0.0219967,0.0146521
-227.848,68.3544,0.0221348,0.0152607
-224.051,68.3544,0.0222737,0.0158725
-220.253,68.3544,0.0224126,0.0164842
-216.456,68.3544,0.0225515,0.017096
-212.658,68.3544,0.0227076,0.0177143
-208.861,68.3544,0.0228742,0.018357
-205.063,68.3544,0.0230267,0.0189718
-201.266,68.3544,0.0231896,0.0196224
-197.468,68.3544,0.0233524,0.020273
-193.671,68.3544,0.0235152,0.0209235
-189.873,68.3544,0.0237091,0.0216878
-186.076,68.3544,0.023894,0.0224385
-182.278,68.3544,0.0240796,0.0231948
-178.481,68.3544,0.0242463,0.0239025
-174.684,68.3544,0.02441,0.024601
-170.886,68.3544,0.0245737,0.0252994
-167.089,68.3544,0.0247466,0.0260345
-163.291,68.3544,0.0249358,0.0268903
-159.494,68.3544,0.0251189,0.0277649
-155.696,68.3544,0.0253181,0.0287192
-151.899,68.3544,0.0255223,0.029698
-148.101,68.3544,0.0257372,0.0307344
-144.304,68.3544,0.0259753,0.0318784
-140.506,68.3544,0.0262172,0.0330475
-136.709,68.3544,0.0264796,0.0343089
-132.911,68.3544,0.0267651,0.0356721
-129.114,68.3544,0.0271336,0.0374275
-125.316,68.3544,0.0274979,0.0391765
-121.519,68.3544,0.0278504,0.0408584
-117.722,68.3544,0.0281896,0.0424781
-113.924,68.3544,0.0285287,0.0440978
-110.127,68.3544,0.0288678,0.0457176
-106.329,68.3544,0.0291748,0.0472167
-102.532,68.3544,0.0294672,0.0486606
-98.7342,68.3544,0.0297728,0.0502244
-94.9367,68.3544,0.0300528,0.0517955
-91.1392,68.3544,0.0303112,0.0533881
-87.3418,68.3544,0.0305661,0.0549794
-83.5443,68.3544,0.0308165,0.0564844
-79.7468,68.3544,0.0311103,0.0581332
-75.9494,68.3544,0.0313929,0.0598226
-72.1519,68.3544,0.0317385,0.0618725
-68.3544,68.3544,0.03206,0.0644801
-64.557,68.3544,0.0323843,0.0671525
-60.7595,68.3544,0.0326671,0.0696411
-56.962,68.3544,0.0329454,0.0721079
-53.1646,68.3544,0.0332157,0.0745411
-49.3671,68.3544,0.0334588,0.076861
-45.5696,68.3544,0.0337019,0.0791808
-41.7722,68.3544,0.0339458,0.0815247
-37.9747,68.3544,0.0342074,0.0843959
-34.1772,68.3544,0.0344689,0.087267
-30.3797,68.3544,0.0347127,0.0900734
-26.5823,68.3544,0.0349361,0.0928127
-22.7848,68.3544,0.0351353,0.0952899
-18.9873,68.3544,0.0353289,0.0975916
-15.1899,68.3544,0.0355196,0.0998804
-11.3924,68.3544,0.0356482,0.101904
-7.59494,68.3544,0.0357609,0.10387
-3.79747,68.3544,0.0358736,0.105836
0,68.3544,0.0359534,0.107692
-300,72.1519,0.0204261,0.00621023
-296.203,72.1519,0.0205484,0.00682916
-292.405,72.1519,0.0206598,0.00742064
-288.608,72.1519,0.0207711,0.00801212
-284.81,72.1519,0.0208825,0.00860361
-281.013,72.1519,0.0209938,0.00919509
-277.215,72.1519,0.0211052,0.00978657
-273.418,72.1519,0.0212165,0.0103781
-269.62,72.1519,0.0213401,0.0109513
-265.823,72.1519,0.0214636,0.0114933
-262.025,72.1519,0.0215871,0.0120353
-258.228,72.1519,0.0217105,0.0125772
-254.43,72.1519,0.0218403,0.0131317
-250.633,72.1519,0.021981,0.0137085
-246.835,72.1519,0.0221437,0.0143565
-243.038,72.1519,0.0222939,0.0149792
-239.241,72.1519,0.0224399,0.0155933
-235.443,72.1519,0.0225858,0.0162074
-231.646,72.1519,0.0227418,0.0168589
-227.848,72.1519,0.0228838,0.0174779
-224.051,72.1519,0.0230227,0.0180896
-220.253,72.1519,0.0231616,0.0187014
-216.456,72.1519,0.0233067,0.0193378
-212.658,72.1519,0.0234685,0.0200291
-208.861,72.1519,0.0236606,0.0207653
-205.063,72.1519,0.0238488,0.0214827
-201.266,72.1519,0.0240357,0.0221967
-197.468,72.1519,0.0242221,0.0229335
-193.671,72.1519,0.0243957,0.0236362
-189.873,72.1519,0.0245692,0.0243387
-186.076,72.1519,0.0247304,0.0250182
-182.278,72.1519,0.0248927,0.0257054
-178.481,72.1519,0.0250564,0.0264038
-174.684,72.1519,0.0252201,0.0271023
-170.886,72.1519,0.0254029,0.0278768
-167.089,72.1519,0.0256019,0.0287153
-163.291,72.1519,0.0258061,0.0295795
-159.494,72.1519,0.0259979,0.0304209
-155.696,72.1519,0.0261898,0.031285
-151.899,72.1519,0.0264225,0.0323931
-148.101,72.1519,0.0266616,0.0335434
-144.304,72.1519,0.0269071,0.0347286
-140.506,72.1519,0.0271478,0.0359202
-136.709,72.1519,0.0274161,0.0372455
-132.911,72.1519,0.0277694,0.0389461
-129.114,72.1519,0.0281097,0.0405755
-125.316,72.1519,0.0284524,0.0422117
-121.519,72.1519,0.0287916,0.0438314
-117.722,72.1519,0.0291307,0.0454511
-113.924,72.1519,0.0294354,0.0469413
-110.127,72.1519,0.0297277,0.0483852
-106.329,72.1519,0.0300203,0.0498334
-102.532,72.1519,0.0303243,0.0513963
-98.7342,72.1519,0.0306012,0.0528876
-94.9367,72.1519,0.0308856,0.0544671
-91.1392,72.1519,0.0311368,0.0560217
-87.3418,72.1519,0.0313834,0.0574927
-83.5443,72.1519,0.0316392,0.0589674
-79.7468,72.1519,0.0319011,0.0605428
-75.9494,72.1519,0.0322428,0.0625791
-72.1519,72.1519,0.032587,0.0647803
-68.3544,72.1519,0.0328844,0.0673396
-64.557,72.1519,0.0331573,0.0698044
-60.7595,72.1519,0.0334296,0.072268
-56.962,72.1519,0.0336759,0.0746142
-53.1646,72.1519,0.033919,0.076934
-49.3671,72.1519,0.0341621,0.0792539
-45.5696,72.1519,0.0344052,0.0815737
-41.7722,72.1519,0.0346522,0.0840099
-37.9747,72.1519,0.0349138,0.0868811
-34.1772,72.1519,0.0351437,0.0896398
-30.3797,72.1519,0.0353852,0.0924516
-26.5823,72.1519,0.0356041,0.0951223
-22.7848,72.1519,0.0357878,0.0974415
-18.9873,72.1519,0.0359521,0.0996207
-15.1899,72.1519,0.0360785,0.101648
-11.3924,72.1519,0.0361912,0.103614
-7.59494,72.1519,0.0362852,0.105527
-3.79747,72.1519,0.0363539,0.10735
0,72.1519,0.0364312,0.1092
-300,75.9494,0.0211669,0.00828061
-296.203,75.9494,0.0212914,0.0089052
-292.405,75.9494,0.0214155,0.00952849
-288.608,75.9494,0.0215319,0.0101328
-284.81,75.9494,0.0216433,0.0107242
-281.013,75.9494,0.0217547,0.0113157
-277.215,75.9494,0.021866,0.0119072
-273.418,75.9494,0.0219774,0.0124987
-269.62,75.9494,0.0220887,0.0130902
-265.823,75.9494,0.0221939,0.013651
-262.025,75.9494,0.0223137,0.014195
-258.228,75.9494,0.0224372,0.014737
-254.43,75.9494,0.0225607,0.0152789
-250.633,75.9494,0.0226909,0.0158345
-246.835,75.9494,0.0228412,0.0164421
-243.038,75.9494,0.0230039,0.0170902
-239.241,75.9494,0.0231543,0.0177133
-235.443,75.9494,0.0233104,0.0183651
-231.646,75.9494,0.023467,0.0190193
-227.848,75.9494,0.0236237,0.0196735
-224.051,75.9494,0.0237732,0.020313
-220.253,75.9494,0.0239318,0.0209982
-216.456,75.9494,0.0241021,0.0217232
-212.658,75.9494,0.0242615,0.0224159
-208.861,75.9494,0.0244188,0.0230855
-205.063,75.9494,0.0246099,0.0238322
-201.266,75.9494,0.024809,0.0246017
-197.468,75.9494,0.0250081,0.0253712
-193.671,75.9494,0.0252043,0.0261332
-189.873,75.9494,0.0253779,0.0268359
-186.076,75.9494,0.0255402,0.0275174
-182.278,75.9494,0.0257027,0.0282067
-178.481,75.9494,0.0258664,0.0289052
-174.684,75.9494,0.0260592,0.0297191
-170.886,75.9494,0.0262331,0.0304735
-167.089,75.9494,0.0264116,0.0312546
-163.291,75.9494,0.0265996,0.0320826
-159.494,75.9494,0.0268205,0.0330395
-155.696,75.9494,0.0270722,0.0341143
-151.899,75.9494,0.027311,0.0351677
-148.101,75.9494,0.0275433,0.0362374
-144.304,75.9494,0.0277743,0.0373977
-140.506,75.9494,0.0280569,0.0387862
-136.709,75.9494,0.0283836,0.0403573
-132.911,75.9494,0.0287168,0.0419513
-129.114,75.9494,0.0290544,0.043565
-125.316,75.9494,0.0293936,0.0451847
-121.519,75.9494,0.0296959,0.046666
-117.722,75.9494,0.0299883,0.0481099
-113.924,75.9494,0.0302792,0.0495487
-110.127,75.9494,0.0305551,0.0509404
-106.329,75.9494,0.0308419,0.0524549
-102.532,75.9494,0.0311139,0.0539302
-98.7342,75.9494,0.031399,0.0555103
-94.9367,75.9494,0.0316796,0.0570302
-91.1392,75.9494,0.0319257,0.0583797
-87.3418,75.9494,0.0321649,0.0597747
-83.5443,75.9494,0.0324191,0.061291
-79.7468,75.9494,0.0327361,0.0632238
-75.9494,75.9494,0.0330697,0.065231
-72.1519,75.9494,0.033393,0.0675046
-68.3544,75.9494,0.0336681,0.0699788
-64.557,75.9494,0.0339243,0.072375
-60.7595,75.9494,0.0341619,0.0746935
-56.962,75.9494,0.0343996,0.077012
-53.1646,75.9494,0.0346372,0.0793305
-49.3671,75.9494,0.0348748,0.081649
-45.5696,75.9494,0.0351124,0.0839676
-41.7722,75.9494,0.0353536,0.0864769
-37.9747,75.9494,0.0355923,0.0892765
-34.1772,75.9494,0.0358468,0.0921364
-30.3797,75.9494,0.0360701,0.0948769
-26.5823,75.9494,0.0362354,0.097163
-22.7848,75.9494,0.0363764,0.0993171
-18.9873,75.9494,0.0365087,0.101392
-15.1899,75.9494,0.0366036,0.103308
-11.3924,75.9494,0.0366884,0.105191
-7.59494,75.9494,0.0367681,0.107053
-3.79747,75.9494,0.0368519,0.108925
0,75.9494,0.0369359,0.110795
-300,79.7468,0.0219047,0.0103434
-296.203,79.7468,0.0220327,0.0109769
-292.405,79.7468,0.0221568,0.0116002
-288.608,79.7468,0.0222808,0.0122235
-284.81,79.7468,0.0224041,0.0128449
-281.013,79.7468,0.0225155,0.0134364
-277.215,79.7468,0.0226268,0.0140279
-273.418,79.7468,0.0227382,0.0146193
-269.62,79.7468,0.0228496,0.0152108
-265.823,79.7468,0.0229583,0.0157895
-262.025,79.7468,0.023062,0.0163426
-258.228,79.7468,0.0231656,0.0168957
-254.43,79.7468,0.0232873,0.0174387
-250.633,79.7468,0.0234108,0.0179807
-246.835,79.7468,0.0235416,0.0185374
-243.038,79.7468,0.0237014,0.0191758
-239.241,79.7468,0.0238743,0.0198621
-235.443,79.7468,0.0240356,0.0205256
-231.646,79.7468,0.0241923,0.0211797
-227.848,79.7468,0.0243472,0.0218397
-224.051,79.7468,0.0245118,0.0225372
-220.253,79.7468,0.0246737,0.0232281
-216.456,79.7468,0.0248206,0.0238831
-212.658,79.7468,0.024983,0.0245912
-208.861,79.7468,0.0251608,0.0253519
-205.063,79.7468,0.0253569,0.0261382
-201.266,79.7468,0.0255618,0.0269369
-197.468,79.7468,0.0257668,0.0277356
-193.671,79.7468,0.0259665,0.0285082
-189.873,79.7468,0.0261655,0.0292778
-186.076,79.7468,0.02635,0.0300166
-182.278,79.7468,0.0264911,0.0306376
-178.481,79.7468,0.0266623,0.0313829
-174.684,79.7468,0.0268345,0.0321334
-170.886,79.7468,0.0270138,0.0329189
-167.089,79.7468,0.0272014,0.0337443
-163.291,79.7468,0.0274279,0.0347324
-159.494,79.7468,0.0276518,0.0357139
-155.696,79.7468,0.0278816,0.0367343
-151.899,79.7468,0.0281205,0.0378013
-148.101,79.7468,0.0283702,0.0389154
-144.304,79.7468,0.0286701,0.0402349
-140.506,79.7468,0.0289948,0.0417508
-136.709,79.7468,0.0293239,0.0433271
-132.911,79.7468,0.0296565,0.0449183
-129.114,79.7468,0.0299564,0.0463906
-125.316,79.7468,0.0302488,0.0478345
-121.519,79.7468,0.0305382,0.0492676
-117.722,79.7468,0.0308138,0.0506518
-113.924,79.7468,0.0310645,0.0519644
-110.127,79.7468,0.0313538,0.0534951
-106.329,79.7468,0.0316266,0.0549728
-102.532,79.7468,0.0319132,0.0565602
-98.7342,79.7468,0.0321782,0.0579905
-94.9367,79.7468,0.0324122,0.0592274
-91.1392,79.7468,0.0326665,0.0605498
-87.3418,79.7468,0.0329141,0.061961
-83.5443,79.7468,0.0332208,0.0638285
-79.7468,79.7468,0.0335578,0.0658492
-75.9494,79.7468,0.0338748,0.0678599
-72.1519,79.7468,0.0341797,0.0701299
-68.3544,79.7468,0.0344161,0.0724513
-64.557,79.7468,0.0346519,0.0747716
-60.7595,79.7468,0.0348877,0.0770918
-56.962,79.7468,0.0351254,0.0794103
-53.1646,79.7468,0.035363,0.0817288
-49.3671,79.7468,0.0356006,0.0840474
-45.5696,79.7468,0.0358291,0.0863407
-41.7722,79.7468,0.0360752,0.0889691
-37.9747,79.7468,0.0363241,0.0918269
-34.1772,79.7468,0.03652,0.09447
-30.3797,79.7468,0.0366824,0.0968714
-26.5823,79.7468,0.036808,0.0989807
-22.7848,79.7468,0.0369221,0.101049
-18.9873,79.7468,0.0370141,0.102999
-15.1899,79.7468,0.0371073,0.104908
-11.3924,79.7468,0.037191,0.106781
-7.59494,79.7468,0.0372747,0.108653
-3.79747,79.7468,0.0373449,0.110483
0,79.7468,0.0373691,0.112158
-300,83.5443,0.0226329,0.0123841
-296.203,83.5443,0.022774,0.0130486
-292.405,83.5443,0.0228981,0.0136719
-288.608,83.5443,0.0230221,0.0142952
-284.81,83.5443,0.0231462,0.0149184
-281.013,83.5443,0.0232702,0.0155417
-277.215,83.5443,0.0233877,0.0161485
-273.418,83.5443,0.023499,0.01674
-269.62,83.5443,0.0236104,0.0173315
-265.823,83.5443,0.0237217,0.0179229
-262.025,83.5443,0.0238264,0.0184812
-258.228,83.5443,0.0239301,0.0190343
-254.43,83.5443,0.0240337,0.0195874
-250.633,83.5443,0.0241375,0.0201404
-246.835,83.5443,0.0242597,0.0206786
-243.038,83.5443,0.0243846,0.0212263
-239.241,83.5443,0.0245346,0.0218446
-235.443,83.5443,0.0246953,0.0225007
-231.646,83.5443,0.0248647,0.0232078
-227.848,83.5443,0.0250294,0.0239053
-224.051,83.5443,0.0251941,0.0246027
-220.253,83.5443,0.0253697,0.0253377
-216.456,83.5443,0.0255653,0.0261408
-212.658,83.5443,0.0257463,0.0269093
-208.861,83.5443,0.0259241,0.02767
-205.063,83.5443,0.0261019,0.0284307
-201.266,83.5443,0.0263058,0.029228
-197.468,83.5443,0.0265107,0.0300267
-193.671,83.5443,0.0266917,0.0307479
-189.873,83.5443,0.0268707,0.0314627
-186.076,83.5443,0.0270472,0.0321793
-182.278,83.5443,0.0272432,0.0329865
-178.481,83.5443,0.0274329,0.0337782
-174.684,83.5443,0.0275951,0.0345115
-170.886,83.5443,0.0277748,0.0353197
-167.089,83.5443,0.0279932,0.0362739
-163.291,83.5443,0.0282116,0.0372281
-159.494,83.5443,0.028435,0.0382157
-155.696,83.5443,0.0286699,0.0392618
-151.899,83.5443,0.0289161,0.0403586
-148.101,83.5443,0.0292276,0.0417258
-144.304,83.5443,0.0295683,0.0432137
-140.506,83.5443,0.0299152,0.0447306
-136.709,83.5443,0.0302169,0.0461153
-132.911,83.5443,0.0305093,0.0475592
-129.114,83.5443,0.0307971,0.0489866
-125.316,83.5443,0.0310728,0.0503708
-121.519,83.5443,0.0313216,0.0516662
-117.722,83.5443,0.031576,0.0530034
-113.924,83.5443,0.0318654,0.0545341
-110.127,83.5443,0.0321393,0.0560154
-106.329,83.5443,0.0324217,0.0575583
-102.532,83.5443,0.0326528,0.058832
-98.7342,83.5443,0.0328708,0.0599984
-94.9367,83.5443,0.0331185,0.0612921
-91.1392,83.5443,0.0333769,0.0626677
-87.3418,83.5443,0.0337023,0.0644522
-83.5443,83.5443,0.0340364,0.0664267
-79.7468,83.5443,0.0343471,0.0683353
-75.9494,83.5443,0.0346467,0.0703577
-72.1519,83.5443,0.0349105,0.0725252
-68.3544,83.5443,0.0351463,0.0748455
-64.557,83.5443,0.035382,0.0771658
-60.7595,83.5443,0.0356178,0.0794861
-56.962,83.5443,0.0358536,0.0818063
-53.1646,83.5443,0.0360841,0.0841099
-49.3671,83.5443,0.0363179,0.0864326
-45.5696,83.5443,0.0365656,0.0888037
-41.7722,83.5443,0.0367962,0.0914422
-37.9747,83.5443,0.0369767,0.0940349
-34.1772,83.5443,0.0371423,0.0965608
-30.3797,83.5443,0.0372536,0.0986337
-26.5823,83.5443,0.0373622,0.100702
-22.7848,83.5443,0.0374702,0.102751
-18.9873,83.5443,0.0375474,0.104659
-15.1899,83.5443,0.0376288,0.106534
-11.3924,83.5443,0.037706,0.10839
-7.59494,83.5443,0.0377493,0.11013
-3.79747,83.5443,0.0377656,0.111773
0,83.5443,0.0377826,0.113412
-300,87.3418,0.0233282,0.0143488
-296.203,87.3418,0.0234752,0.0150276
-292.405,87.3418,0.0236141,0.0156853
-288.608,87.3418,0.0237515,0.0163395
-284.81,87.3418,0.0238875,0.0169901
-281.013,87.3418,0.0240115,0.0176134
-277.215,87.3418,0.0241355,0.0182367
-273.418,87.3418,0.0242596,0.01886
-269.62,87.3418,0.0243712,0.0194521
-265.823,87.3418,0.0244826,0.0200436
-262.025,87.3418,0.0245827,0.0205952
-258.228,87.3418,0.0246632,0.0210783
-254.43,87.3418,0.0247437,0.0215613
-250.633,87.3418,0.0248242,0.0220444
-246.835,87.3418,0.0249166,0.0225655
-243.038,87.3418,0.0250171,0.0231119
-239.241,87.3418,0.0251792,0.0238004
-235.443,87.3418,0.0253606,0.0245319
-231.646,87.3418,0.0255421,0.0252634
-227.848,87.3418,0.0257181,0.0259928
-224.051,87.3418,0.0259136,0.026796
-220.253,87.3418,0.0261092,0.0275991
-216.456,87.3418,0.0263048,0.0284022
-212.658,87.3418,0.0265003,0.0292054
-208.861,87.3418,0.0266874,0.0299881
-205.063,87.3418,0.0268409,0.0306704
-201.266,87.3418,0.0269995,0.0313566
-197.468,87.3418,0.0271785,0.0320714
-193.671,87.3418,0.0273575,0.0327862
-189.873,87.3418,0.0275562,0.0335753
-186.076,87.3418,0.0277398,0.0343352
-182.278,87.3418,0.0279138,0.0350785
-178.481,87.3418,0.0280887,0.0358273
-174.684,87.3418,0.0283068,0.0367376
-170.886,87.3418,0.0285385,0.0377162
-167.089,87.3418,0.0287587,0.0386718
-163.291,87.3418,0.0289843,0.0396565
-159.494,87.3418,0.0292237,0.0407116
-155.696,87.3418,0.0294729,0.0418109
-151.899,87.3418,0.029799,0.0432284
-148.101,87.3418,0.0301347,0.0446897
-144.304,87.3418,0.0304412,0.0460433
-140.506,87.3418,0.0307374,0.0473861
-136.709,87.3418,0.0310372,0.0487706
-132.911,87.3418,0.0313257,0.0501146
-129.114,87.3418,0.0315834,0.0513947
-125.316,87.3418,0.0318193,0.0526473
-121.519,87.3418,0.0320876,0.0540424
-117.722,87.3418,0.0323769,0.0555732
-113.924,87.3418,0.0326527,0.0570626
-110.127,87.3418,0.0328934,0.0584156
-106.329,87.3418,0.0331041,0.0595744
-102.532,87.3418,0.0333238,0.0607482
-98.7342,87.3418,0.0335716,0.0620418
-94.9367,87.3418,0.0338283,0.0634055
-91.1392,87.3418,0.0341439,0.0651144
-87.3418,87.3418,0.0344895,0.0670331
-83.5443,87.3418,0.0348172,0.0688773
-79.7468,87.3418,0.0350954,0.0707013
-75.9494,87.3418,0.0353851,0.0727154
-72.1519,87.3418,0.0356407,0.0749194
-68.3544,87.3418,0.0358764,0.0772397
-64.557,87.3418,0.0361122,0.0795599
-60.7595,87.3418,0.0363507,0.081891
-56.962,87.3418,0.0365723,0.0841704
-53.1646,87.3418,0.036815,0.086532
-49.3671,87.3418,0.0370378,0.0888107
-45.5696,87.3418,0.0372551,0.0910665
-41.7722,87.3418,0.0374349,0.0935978
-37.9747,87.3418,0.0375871,0.0960895
-34.1772,87.3418,0.0377189,0.0983404
-30.3797,87.3418,0.0378375,0.100438
-26.5823,87.3418,0.0379562,0.102535
-22.7848,87.3418,0.0380285,0.104432
-18.9873,87.3418,0.0380914,0.106292
-15.1899,87.3418,0.0381485,0.108096
-11.3924,87.3418,0.0381665,0.109756
-7.59494,87.3418,0.0381778,0.111395
-3.79747,87.3418,0.0381891,0.113034
0,87.3418,0.0382008,0.114667
-300,91.1392,0.0240234,0.0163136
-296.203,91.1392,0.0241705,0.0169923
-292.405,91.1392,0.0243128,0.017659
-288.608,91.1392,0.0244503,0.0183132
-284.81,91.1392,0.0245877,0.0189674
-281.013,91.1392,0.0247252,0.0196216
-277.215,91.1392,0.0248476,0.0202297
-273.418,91.1392,0.0249616,0.0208126
-269.62,91.1392,0.025063,0.0213662
-265.823,91.1392,0.025158,0.0219042
-262.025,91.1392,0.0252459,0.0224243
-258.228,91.1392,0.0253281,0.0229159
-254.43,91.1392,0.0254086,0.0233989
-250.633,91.1392,0.0255081,0.0239422
-246.835,91.1392,0.0256277,0.0245507
-243.038,91.1392,0.0257542,0.0251849
-239.241,91.1392,0.0258845,0.0258306
-235.443,91.1392,0.0260465,0.0265591
-231.646,91.1392,0.026248,0.0274023
-227.848,91.1392,0.0264525,0.0282439
-224.051,91.1392,0.0266531,0.0290574
-220.253,91.1392,0.0268487,0.0298605
-216.456,91.1392,0.0270197,0.0305842
-212.658,91.1392,0.0271893,0.0313035
-208.861,91.1392,0.027359,0.0320227
-205.063,91.1392,0.027526,0.0327358
-201.266,91.1392,0.0276779,0.0334126
-197.468,91.1392,0.027832,0.0340635
-193.671,91.1392,0.0280224,0.0348229
-189.873,91.1392,0.0282142,0.035588
-186.076,91.1392,0.0284043,0.0363683
-182.278,91.1392,0.0285915,0.0371543
-178.481,91.1392,0.0288226,0.0380995
-174.684,91.1392,0.0290633,0.0390913
-170.886,91.1392,0.029304,0.0400831
-167.089,91.1392,0.0295483,0.0410992
-163.291,91.1392,0.0298011,0.0421811
-159.494,91.1392,0.0300531,0.0432917
-155.696,91.1392,0.0303683,0.0446721
-151.899,91.1392,0.0306736,0.0460188
-148.101,91.1392,0.0309789,0.0473655
-144.304,91.1392,0.0312596,0.0486464
-140.506,91.1392,0.0315481,0.0499904
-136.709,91.1392,0.0318156,0.0512649
-132.911,91.1392,0.0320642,0.0524773
-129.114,91.1392,0.0323175,0.0537051
-125.316,91.1392,0.0326117,0.055102
-121.519,91.1392,0.0328931,0.0565928
-117.722,91.1392,0.0331402,0.0579951
-113.924,91.1392,0.0333486,0.0591982
-110.127,91.1392,0.0335554,0.0603169
-106.329,91.1392,0.0337768,0.0614979
-102.532,91.1392,0.0340246,0.0627915
-98.7342,91.1392,0.0342798,0.0641433
-94.9367,91.1392,0.0345855,0.0657767
-91.1392,91.1392,0.0349232,0.0676616
-87.3418,91.1392,0.0352259,0.0694005
-83.5443,91.1392,0.0355279,0.0711365
-79.7468,91.1392,0.0358338,0.073059
-75.9494,91.1392,0.0361228,0.0750703
-72.1519,91.1392,0.0363708,0.0773135
-68.3544,91.1392,0.0366167,0.0796714
-64.557,91.1392,0.0368361,0.0819368
-60.7595,91.1392,0.0370545,0.0842308
-56.962,91.1392,0.0372673,0.0864979
-53.1646,91.1392,0.037482,0.0887573
-49.3671,91.1392,0.0376891,0.0909871
-45.5696,91.1392,0.0378636,0.0931249
-41.7722,91.1392,0.0380198,0.0956417
-37.9747,91.1392,0.0381665,0.0980474
-34.1772,91.1392,0.0382871,0.100147
-30.3797,91.1392,0.0384067,0.102235
-26.5823,91.1392,0.0384836,0.104147
-22.7848,91.1392,0.0385459,0.105998
-18.9873,91.1392,0.0385725,0.10773
-15.1899,91.1392,0.038582,0.109378
-11.3924,91.1392,0.038597,0.111021
-7.59494,91.1392,0.0386118,0.112663
-3.79747,91.1392,0.0386225,0.114296
0,91.1392,0.0386214,0.11579
-300,94.9367,0.0247324,0.018309
-296.203,94.9367,0.0248657,0.0189571
-292.405,94.9367,0.0249895,0.0195655
-288.608,94.9367,0.0251036,0.0201483
-284.81,94.9367,0.0252176,0.0207312
-281.013,94.9367,0.0253316,0.0213141
-277.215,94.9367,0.0254457,0.0218969
-273.418,94.9367,0.0255597,0.0224798
-269.62,94.9367,0.0256738,0.0230627
-265.823,94.9367,0.0257878,0.0236456
-262.025,94.9367,0.0259019,0.0242284
-258.228,94.9367,0.0259992,0.0247728
-254.43,94.9367,0.0261145,0.0253654
-250.633,94.9367,0.0262403,0.0259969
-246.835,94.9367,0.0263668,0.026631
-243.038,94.9367,0.0264934,0.0272651
-239.241,94.9367,0.0266484,0.0279957
-235.443,94.9367,0.0268196,0.0287778
-231.646,94.9367,0.0270116,0.0296064
-227.848,94.9367,0.0271874,0.0303697
-224.051,94.9367,0.0273621,0.0311295
-220.253,94.9367,0.0275232,0.0318672
-216.456,94.9367,0.0276832,0.0325947
-212.658,94.9367,0.0278597,0.0333197
-208.861,94.9367,0.0280193,0.0339938
-205.063,94.9367,0.0281741,0.0346536
-201.266,94.9367,0.0283355,0.0353389
-197.468,94.9367,0.0285044,0.0360748
-193.671,94.9367,0.0286923,0.0368368
-189.873,94.9367,0.0288906,0.0376337
-186.076,94.9367,0.0291137,0.0385289
-182.278,94.9367,0.029343,0.0394653
-178.481,94.9367,0.0295837,0.040457
-174.684,94.9367,0.0298243,0.0414488
-170.886,94.9367,0.0300691,0.0424679
-167.089,94.9367,0.0303203,0.0435321
-163.291,94.9367,0.030573,0.0446079
-159.494,94.9367,0.0308962,0.0459822
-155.696,94.9367,0.0312125,0.0473478
-151.899,94.9367,0.0315077,0.0486586
-148.101,94.9367,0.0317706,0.0498662
-144.304,94.9367,0.0320409,0.0511502
-140.506,94.9367,0.0322896,0.0523627
-136.709,94.9367,0.0325382,0.0535751
-132.911,94.9367,0.032795,0.0548138
-129.114,94.9367,0.0330833,0.0561883
-125.316,94.9367,0.0333747,0.057615
-121.519,94.9367,0.0336205,0.0588686
-117.722,94.9367,0.0338279,0.0599642
-113.924,94.9367,0.0340274,0.0610768
-110.127,94.9367,0.0342438,0.0622593
-106.329,94.9367,0.0344858,0.0635481
-102.532,94.9367,0.0347337,0.0648831
-98.7342,94.9367,0.0350232,0.0664325
-94.9367,94.9367,0.0353324,0.0681878
-91.1392,94.9367,0.0356344,0.0699238
-87.3418,94.9367,0.0359364,0.0716598
-83.5443,94.9367,0.0362351,0.0734677
-79.7468,94.9367,0.0365383,0.0754195
-75.9494,94.9367,0.036838,0.0774275
-72.1519,94.9367,0.0370529,0.0796475
-68.3544,94.9367,0.0372557,0.0818916
-64.557,94.9367,0.0374731,0.084167
-60.7595,94.9367,0.0376878,0.0864264
-56.962,94.9367,0.0379053,0.0886964
-53.1646,94.9367,0.0380903,0.0908589
-49.3671,94.9367,0.0382601,0.0929682
-45.5696,94.9367,0.0384269,0.0951654
-41.7722,94.9367,0.0385831,0.0976822
-37.9747,94.9367,0.0387023,0.0998058
-34.1772,94.9367,0.0388098,0.101856
-30.3797,94.9367,0.0388948,0.103813
-26.5823,94.9367,0.038936,0.105601
-22.7848,94.9367,0.0389458,0.107277
-18.9873,94.9367,0.0389487,0.108932
-15.1899,94.9367,0.0389545,0.110584
-11.3924,94.9367,0.0389696,0.112226
-7.59494,94.9367,0.0389839,0.11386
-3.79747,94.9367,0.0389869,0.115362
0,94.9367,0.0389908,0.116861
-300,98.7342,0.0253961,0.0201419
-296.203,98.7342,0.0254953,0.0206946
-292.405,98.7342,0.0255945,0.0212472
-288.608,98.7342,0.0257017,0.0218156
-284.81,98.7342,0.0258157,0.0223984
-281.013,98.7342,0.0259298,0.0229813
-277.215,98.7342,0.0260438,0.0235642
-273.418,98.7342,0.0261579,0.024147
-269.62,98.7342,0.0262719,0.0247299
-265.823,98.7342,0.0263915,0.0253304
-262.025,98.7342,0.0265288,0.0259871
-258.228,98.7342,0.0266817,0.0266926
-254.43,98.7342,0.0268364,0.027411
-250.633,98.7342,0.0269755,0.0280715
-246.835,98.7342,0.0271299,0.0287923
-243.038,98.7342,0.0272876,0.0295319
-239.241,98.7342,0.0274192,0.0301908
-235.443,98.7342,0.0275508,0.0308492
-231.646,98.7342,0.0277067,0.0315784
-227.848,98.7342,0.0278806,0.0323313
-224.051,98.7342,0.028063,0.0330976
-220.253,98.7342,0.0282268,0.0338126
-216.456,98.7342,0.0283719,0.0344923
-212.658,98.7342,0.0285104,0.0351613
-208.861,98.7342,0.0286489,0.0358303
-205.063,98.7342,0.0288157,0.0365483
-201.266,98.7342,0.0289993,0.0373187
-197.468,98.7342,0.029185,0.0380998
-193.671,98.7342,0.0293718,0.0388944
-189.873,98.7342,0.0296207,0.0398695
-186.076,98.7342,0.0298636,0.0408324
-182.278,98.7342,0.030104,0.0418228
-178.481,98.7342,0.0303253,0.0427415
-174.684,98.7342,0.0305492,0.0436834
-170.886,98.7342,0.0307937,0.0447247
-167.089,98.7342,0.0310546,0.0458354
-163.291,98.7342,0.031379,0.0472149
-159.494,98.7342,0.0316916,0.0485524
-155.696,98.7342,0.0319981,0.0498677
-151.899,98.7342,0.0322601,0.0510343
-148.101,98.7342,0.0325149,0.052248
-144.304,98.7342,0.0327636,0.0534605
-140.506,98.7342,0.033002,0.0546334
-136.709,98.7342,0.0332567,0.0558611
-132.911,98.7342,0.0335468,0.0572424
-129.114,98.7342,0.0338192,0.0585961
-125.316,98.7342,0.034058,0.0598008
-121.519,98.7342,0.0342714,0.0607962
-117.722,98.7342,0.0344943,0.0618678
-113.924,98.7342,0.0347261,0.0630336
-110.127,98.7342,0.0349681,0.0643224
-106.329,98.7342,0.0352165,0.0656533
-102.532,98.7342,0.0354612,0.067032
-98.7342,98.7342,0.0357408,0.0687068
-94.9367,98.7342,0.0360258,0.0704262
-91.1392,98.7342,0.0363109,0.0721456
-87.3418,98.7342,0.036596,0.073865
-83.5443,98.7342,0.0368959,0.0758108
-79.7468,98.7342,0.0371882,0.0777397
-75.9494,98.7342,0.0374627,0.0796259
-72.1519,98.7342,0.0376789,0.0818361
-68.3544,98.7342,0.0378937,0.0840955
-64.557,98.7342,0.0381189,0.0863968
-60.7595,98.7342,0.0383164,0.0886125
-56.962,98.7342,0.0384862,0.0907218
-53.1646,98.7342,0.0386559,0.0928312
-49.3671,98.7342,0.0388256,0.0949405
-45.5696,98.7342,0.0389824,0.0971751
-41.7722,98.7342,0.0391118,0.099443
-37.9747,98.7342,0.0392152,0.101477
-34.1772,98.7342,0.0393023,0.103454
-30.3797,98.7342,0.0393232,0.105169
-26.5823,98.7342,0.0393242,0.106824
-22.7848,98.7342,0.0393252,0.108479
-18.9873,98.7342,0.0393262,0.110133
-15.1899,98.7342,0.0393277,0.111788
-11.3924,98.7342,0.0393411,0.11342
-7.59494,98.7342,0.0393433,0.114919
-3.79747,98.7342,0.0393351,0.116385
0,98.7342,0.0393174,0.117765
-300,102.532,0.0260165,0.0218596
-296.203,102.532,0.0261288,0.0224402
-292.405,102.532,0.0262334,0.0230046
-288.608,102.532,0.0263287,0.0235474
-284.81,102.532,0.0264183,0.0240755
-281.013,102.532,0.0265279,0.0246485
-277.215,102.532,0.026642,0.0252314
-273.418,102.532,0.0267608,0.0258294
-269.62,102.532,0.0268981,0.026486
-265.823,102.532,0.0270361,0.0271452
-262.025,102.532,0.0271954,0.0278751
-258.228,102.532,0.0273546,0.028605
-254.43,102.532,0.0275354,0.0294113
-250.633,102.532,0.0277013,0.0301735
-246.835,102.532,0.0278478,0.030866
-243.038,102.532,0.0279965,0.0315432
-239.241,102.532,0.0281453,0.0322204
-235.443,102.532,0.0282897,0.0328914
-231.646,102.532,0.0284203,0.0335352
-227.848,102.532,0.0285591,0.0342052
-224.051,102.532,0.0287103,0.0348949
-220.253,102.532,0.0288694,0.0355969
-216.456,102.532,0.0290284,0.036299
-212.658,102.532,0.0291738,0.0369789
-208.861,102.532,0.0293363,0.037735
-205.063,102.532,0.0295051,0.0385137
-201.266,102.532,0.0296776,0.0393107
-197.468,102.532,0.0298806,0.040203
-193.671,102.532,0.0301212,0.0411833
-189.873,102.532,0.0303493,0.042095
-186.076,102.532,0.0305756,0.0430051
-182.278,102.532,0.0307949,0.0439166
-178.481,102.532,0.031021,0.044869
-174.684,102.532,0.031267,0.0459173
-170.886,102.532,0.0315374,0.047068
-167.089,102.532,0.0318484,0.0483994
-163.291,102.532,0.0321548,0.0497148
-159.494,102.532,0.0324594,0.0510241
-155.696,102.532,0.0326898,0.0520807
-151.899,102.532,0.0329441,0.0532693
-148.101,102.532,0.0331937,0.0544465
-144.304,102.532,0.0334488,0.0556419
-140.506,102.532,0.0337202,0.0569149
-136.709,102.532,0.0340043,0.0582737
-132.911,102.532,0.0342586,0.0595576
-129.114,102.532,0.0344904,0.0606803
-125.316,102.532,0.0347011,0.0616525
-121.519,102.532,0.034924,0.0627241
-117.722,102.532,0.0351682,0.0638786
-113.924,102.532,0.0354165,0.0651034
-110.127,102.532,0.0356479,0.0663352
-106.329,102.532,0.0358528,0.0675732
-102.532,102.532,0.0361263,0.069201
-98.7342,102.532,0.0364099,0.0709158
-94.9367,102.532,0.0366859,0.0726065
-91.1392,102.532,0.0369687,0.074323
-87.3418,102.532,0.0372679,0.0761906
-83.5443,102.532,0.0375522,0.0780849
-79.7468,102.532,0.0378284,0.0799474
-75.9494,102.532,0.0381006,0.0819598
-72.1519,102.532,0.0383462,0.084099
-68.3544,102.532,0.038543,0.0863184
-64.557,102.532,0.0387268,0.0884877
-60.7595,102.532,0.0388946,0.0905954
-56.962,102.532,0.0390598,0.0926941
-53.1646,102.532,0.0392184,0.0947683
-49.3671,102.532,0.039377,0.0968426
-45.5696,102.532,0.0395213,0.0990801
-41.7722,102.532,0.0396205,0.101098
-37.9747,102.532,0.0396836,0.102988
-34.1772,102.532,0.0397028,0.104716
-30.3797,102.532,0.0397038,0.106371
-26.5823,102.532,0.0397048,0.108026
-22.7848,102.532,0.0397058,0.10968
-18.9873,102.532,0.0397068,0.111335
-15.1899,102.532,0.039703,0.112965
-11.3924,102.532,0.0396884,0.114435
-7.59494,102.532,0.0396735,0.115863
-3.79747,102.532,0.0396547,0.117245
0,102.532,0.039637,0.118625
-300,106.329,0.0266342,0.0235721
-296.203,106.329,0.0267465,0.0241526
-292.405,106.329,0.0268588,0.0247332
-288.608,106.329,0.0269708,0.0253128
-284.81,106.329,0.0270607,0.0258418
-281.013,106.329,0.0271543,0.0263825
-277.215,106.329,0.0272673,0.026985
-273.418,106.329,0.0274046,0.0276416
-269.62,106.329,0.0275497,0.0283277
-265.823,106.329,0.027709,0.0290576
-262.025,106.329,0.0278562,0.0297538
-258.228,106.329,0.0280278,0.0305195
-254.43,106.329,0.028201,0.0312864
-250.633,106.329,0.0283741,0.0320533
-246.835,106.329,0.0285473,0.0328202
-243.038,106.329,0.0286914,0.0334941
-239.241,106.329,0.0288168,0.0341071
-235.443,106.329,0.0289423,0.03472
-231.646,106.329,0.0290677,0.035333
-227.848,106.329,0.029214,0.0360099
-224.051,106.329,0.0293601,0.0366905
-220.253,106.329,0.0295119,0.0373812
-216.456,106.329,0.0296733,0.0380914
-212.658,106.329,0.0298627,0.0389031
-208.861,106.329,0.0300385,0.0396932
-205.063,106.329,0.0302125,0.0404977
-201.266,106.329,0.0304303,0.041447
-197.468,106.329,0.0306298,0.0423251
-193.671,106.329,0.0308292,0.0432032
-189.873,106.329,0.0310361,0.0441173
-186.076,106.329,0.0312665,0.0450807
-182.278,106.329,0.0314943,0.0460616
-178.481,106.329,0.0317404,0.0471099
-174.684,106.329,0.0320051,0.0482465
-170.886,106.329,0.0323115,0.0495618
-167.089,106.329,0.0326179,0.0508771
-163.291,106.329,0.032892,0.052085
-159.494,106.329,0.0331071,0.0530836
-155.696,106.329,0.0333457,0.0542036
-151.899,106.329,0.033596,0.0553832
-148.101,106.329,0.0338578,0.056601
-144.304,106.329,0.0341474,0.0579213
-140.506,106.329,0.0344245,0.0592104
-136.709,106.329,0.0346935,0.060517
-132.911,106.329,0.0349223,0.0615543
-129.114,106.329,0.0351219,0.0625083
-125.316,106.329,0.0353252,0.0635511
-121.519,106.329,0.0355513,0.0646922
-117.722,106.329,0.0357867,0.0658704
-113.924,106.329,0.0360063,0.0669849
-110.127,106.329,0.036226,0.0681364
-106.329,106.329,0.036498,0.0696518
-102.532,106.329,0.036774,0.0713425
-98.7342,106.329,0.0370546,0.0730508
-94.9367,106.329,0.03735,0.0748038
-91.1392,106.329,0.0376349,0.076541
-87.3418,106.329,0.0379215,0.078447
-83.5443,106.329,0.0382254,0.0804121
-79.7468,106.329,0.0384943,0.0822584
-75.9494,106.329,0.0387295,0.0842784
-72.1519,106.329,0.0389558,0.0863551
-68.3544,106.329,0.0391498,0.0883734
-64.557,106.329,0.0393121,0.0904613
-60.7595,106.329,0.0394707,0.0925356
-56.962,106.329,0.0396292,0.0946098
-53.1646,106.329,0.0397878,0.0966841
-49.3671,106.329,0.0399464,0.0987583
-45.5696,106.329,0.040035,0.100691
-41.7722,106.329,0.0400743,0.102521
-37.9747,106.329,0.0400891,0.104269
-34.1772,106.329,0.0400834,0.105918
-30.3797,106.329,0.0400844,0.107573
-26.5823,106.329,0.0400854,0.109227
-22.7848,106.329,0.0400837,0.110874
-18.9873,106.329,0.0400706,0.112472
-15.1899,106.329,0.0400491,0.113951
-11.3924,106.329,0.0400223,0.115347
-7.59494,106.329,0.0400036,0.116732
-3.79747,106.329,0.0399849,0.118118
0,106.329,0.0399765,0.119547
-300,110.127,0.0272697,0.025295
-296.203,110.127,0.0273775,0.0258729
-292.405,110.127,0.0274854,0.0264508
-288.608,110.127,0.0275964,0.0270388
-284.81,110.127,0.0277212,0.027674
-281.013,110.127,0.0278424,0.0282938
-277.215,110.127,0.0279575,0.0289034
-273.418,110.127,0.02806,0.0294659
-269.62,110.127,0.028189,0.0301051
-265.823,110.127,0.0283622,0.030872
-262.025,110.127,0.0285353,0.0316389
-258.228,110.127,0.0287085,0.0324058
-254.43,110.127,0.0288591,0.0331039
-250.633,110.127,0.0290054,0.0337892
-246.835,110.127,0.0291518,0.0344744
-243.038,110.127,0.0292981,0.0351597
-239.241,110.127,0.0294445,0.0358449
-235.443,110.127,0.0295813,0.0365065
-231.646,110.127,0.0297116,0.0371433
-227.848,110.127,0.0298447,0.0377798
-224.051,110.127,0.0299934,0.0384641
-220.253,110.127,0.0301528,0.0391875
-216.456,110.127,0.0303456,0.0400033
-212.658,110.127,0.0305443,0.0408294
-208.861,110.127,0.0307396,0.0416632
-205.063,110.127,0.0309447,0.0425467
-201.266,110.127,0.0311442,0.0434248
-197.468,110.127,0.0313437,0.0443029
-193.671,110.127,0.0315461,0.0451956
-189.873,110.127,0.0317612,0.0461496
-186.076,110.127,0.031987,0.0471683
-182.278,110.127,0.0322182,0.0482037
-178.481,110.127,0.0324864,0.0493986
-174.684,110.127,0.0327825,0.0507198
-170.886,110.127,0.033054,0.0519457
-167.089,110.127,0.0332999,0.053052
-163.291,110.127,0.0335141,0.0540468
-159.494,110.127,0.0337473,0.0551379
-155.696,110.127,0.034005,0.0563422
-151.899,110.127,0.0342667,0.05756
-148.101,110.127,0.0345567,0.0588797
-144.304,110.127,0.0348231,0.0601194
-140.506,110.127,0.0350748,0.0613847
-136.709,110.127,0.0352881,0.0623715
-132.911,110.127,0.0354897,0.0633228
-129.114,110.127,0.035701,0.0643541
-125.316,110.127,0.0359231,0.0654662
-121.519,110.127,0.0361346,0.0665517
-117.722,110.127,0.0363378,0.067601
-113.924,110.127,0.0365511,0.0687301
-110.127,110.127,0.0368263,0.0701413
-106.329,110.127,0.0371405,0.0717888
-102.532,110.127,0.0374396,0.0735391
-98.7342,110.127,0.0377434,0.0753212
-94.9367,110.127,0.0380254,0.0770333
-91.1392,110.127,0.038312,0.0788946
-87.3418,110.127,0.0385833,0.0807567
-83.5443,110.127,0.0388513,0.0826036
-79.7468,110.127,0.0391128,0.0844585
-75.9494,110.127,0.0393361,0.0865243
-72.1519,110.127,0.0395231,0.088452
-68.3544,110.127,0.0397092,0.090377
-64.557,110.127,0.0398834,0.0923826
-60.7595,110.127,0.0400498,0.0944798
-56.962,110.127,0.0402193,0.0965848
-53.1646,110.127,0.0403757,0.0986396
-49.3671,110.127,0.0404613,0.100327
-45.5696,110.127,0.0404876,0.10208
-41.7722,110.127,0.0405071,0.103853
-37.9747,110.127,0.0405025,0.105504
-34.1772,110.127,0.0404977,0.107155
-30.3797,110.127,0.0404923,0.108805
-26.5823,110.127,0.040474,0.110415
-22.7848,110.127,0.0404541,0.112005
-18.9873,110.127,0.0404284,0.11345
-15.1899,110.127,0.0403962,0.114844
-11.3924,110.127,0.0403647,0.116237
-7.59494,110.127,0.0403526,0.117656
-3.79747,110.127,0.0403436,0.119089
0,110.127,0.0403459,0.120571
-300,113.924,0.0279092,0.0270195
-296.203,113.924,0.0280255,0.0276096
-292.405,113.924,0.0281644,0.0282673
-288.608,113.924,0.0283029,0.0289236
-284.81,113.924,0.0284106,0.0294811
-281.013,113.924,0.0285171,0.0300543
-277.215,113.924,0.0286318,0.0306629
-273.418,113.924,0.0287769,0.0313779
-269.62,113.924,0.0289187,0.0320857
-265.823,113.924,0.029037,0.0327232
-262.025,113.924,0.0291662,0.0333736
-258.228,113.924,0.0293125,0.0340588
-254.43,113.924,0.0294589,0.034744
-250.633,113.924,0.0296052,0.0354293
-246.835,113.924,0.0297516,0.0361145
-243.038,113.924,0.0298979,0.0367998
-239.241,113.924,0.0300443,0.037485
-235.443,113.924,0.0301906,0.0381703
-231.646,113.924,0.0303344,0.038849
-227.848,113.924,0.030468,0.0395024
-224.051,113.924,0.0306406,0.0402902
-220.253,113.924,0.0308223,0.041098
-216.456,113.924,0.0309908,0.0418558
-212.658,113.924,0.0311976,0.0427124
-208.861,113.924,0.0314209,0.0436122
-205.063,113.924,0.0316442,0.0445121
-201.266,113.924,0.0318574,0.0454021
-197.468,113.924,0.0320576,0.0462807
-193.671,113.924,0.0322712,0.0472301
-189.873,113.924,0.0324799,0.0481969
-186.076,113.924,0.0327014,0.0492233
-182.278,113.924,0.0329649,0.0504488
-178.481,113.924,0.0332545,0.051733
-174.684,113.924,0.0335062,0.0528937
-170.886,113.924,0.0337379,0.0539978
-167.089,113.924,0.0339404,0.0549991
-163.291,113.924,0.0341607,0.0560788
-159.494,113.924,0.034414,0.0573013
-155.696,113.924,0.0346807,0.0585371
-151.899,113.924,0.0349398,0.059782
-148.101,113.924,0.035185,0.0609906
-144.304,113.924,0.0354249,0.0621861
-140.506,113.924,0.0356396,0.0631769
-136.709,113.924,0.0358411,0.0641283
-132.911,113.924,0.0360456,0.0651263
-129.114,113.924,0.0362462,0.0661352
-125.316,113.924,0.0364592,0.0671949
-121.519,113.924,0.0366644,0.0682161
-117.722,113.924,0.0368795,0.0693337
-113.924,113.924,0.0371473,0.0706944
-110.127,113.924,0.0374833,0.0724029
-106.329,113.924,0.0378272,0.0741503
-102.532,113.924,0.0381403,0.0758619
-98.7342,113.924,0.0384047,0.0775229
-94.9367,113.924,0.0386686,0.0792304
-91.1392,113.924,0.0389421,0.0810973
-87.3418,113.924,0.0392184,0.0829705
-83.5443,113.924,0.0394857,0.0848072
-79.7468,113.924,0.0397169,0.0866676
-75.9494,113.924,0.0399072,0.0886016
-72.1519,113.924,0.0401203,0.0906022
-68.3544,113.924,0.0403355,0.0926091
-64.557,113.924,0.0405507,0.0946161
-60.7595,113.924,0.0407245,0.09668
-56.962,113.924,0.0408307,0.098558
-53.1646,113.924,0.0409096,0.10025
-49.3671,113.924,0.0409734,0.101834
-45.5696,113.924,0.0409847,0.103587
-41.7722,113.924,0.0409733,0.105235
-37.9747,113.924,0.0409568,0.106855
-34.1772,113.924,0.0409327,0.108446
-30.3797,113.924,0.0409069,0.110032
-26.5823,113.924,0.0408787,0.111593
-22.7848,113.924,0.04084,0.11299
-18.9873,113.924,0.0408006,0.114378
-15.1899,113.924,0.0407643,0.115784
-11.3924,113.924,0.0407365,0.117221
-7.59494,113.924,0.0407318,0.118694
-3.79747,113.924,0.0407338,0.120182
0,113.924,0.0407345,0.121604
-300,117.722,0.0285611,0.0288246
-296.203,117.722,0.0286714,0.0293894
-292.405,117.722,0.0287817,0.0299542
-288.608,117.722,0.0288957,0.0305324
-284.81,117.722,0.0290208,0.0311502
-281.013,117.722,0.0291734,0.031867
-277.215,117.722,0.0293138,0.0325369
-273.418,117.722,0.029451,0.0331965
-269.62,117.722,0.0295861,0.033852
-265.823,117.722,0.0297049,0.0344794
-262.025,117.722,0.0298236,0.0351068
-258.228,117.722,0.0299424,0.0357343
-254.43,117.722,0.0300748,0.0363936
-250.633,117.722,0.0302155,0.0370756
-246.835,117.722,0.0303563,0.0377575
-243.038,117.722,0.0304978,0.0384399
-239.241,117.722,0.0306441,0.0391251
-235.443,117.722,0.0307905,0.0398104
-231.646,117.722,0.0309368,0.0404956
-227.848,117.722,0.0311163,0.0413081
-224.051,117.722,0.0312838,0.0420829
-220.253,117.722,0.0314629,0.0428947
-216.456,117.722,0.0316717,0.043791
-212.658,117.722,0.0318753,0.044662
-208.861,117.722,0.0320935,0.0455543
-205.063,117.722,0.0323169,0.0464542
-201.266,117.722,0.0325379,0.0473471
-197.468,117.722,0.0327458,0.0482493
-193.671,117.722,0.0329584,0.0492034
-189.873,117.722,0.0331781,0.0502036
-186.076,117.722,0.0334466,0.0514239
-182.278,117.722,0.0336855,0.0525925
-178.481,117.722,0.0339343,0.0537615
-174.684,117.722,0.0341811,0.0548966
-170.886,117.722,0.0343977,0.0559348
-167.089,117.722,0.0346184,0.0570268
-163.291,117.722,0.034848,0.0582175
-159.494,117.722,0.0350831,0.0594333
-155.696,117.722,0.0353176,0.0606447
-151.899,117.722,0.0355521,0.0618561
-148.101,117.722,0.0357754,0.0629872
-144.304,117.722,0.0359911,0.0639824
-140.506,117.722,0.0361867,0.0649143
-136.709,117.722,0.0363624,0.065793
-132.911,117.722,0.0365701,0.0668214
-129.114,117.722,0.0367851,0.0678787
-125.316,117.722,0.036998,0.0689205
-121.519,117.722,0.0372261,0.0700553
-117.722,117.722,0.0375116,0.0714263
-113.924,117.722,0.0378701,0.0731513
-110.127,117.722,0.0381989,0.0748476
-106.329,117.722,0.038497,0.0764476
-102.532,117.722,0.0387932,0.0780404
-98.7342,117.722,0.0390662,0.0796741
-94.9367,117.722,0.0393425,0.0815306
-91.1392,117.722,0.0396144,0.0833901
-87.3418,117.722,0.0398783,0.0852224
-83.5443,117.722,0.0401261,0.0869803
-79.7468,117.722,0.0403521,0.0889127
-75.9494,117.722,0.0405548,0.0908978
-72.1519,117.722,0.0407582,0.092884
-68.3544,117.722,0.0409745,0.094892
-64.557,117.722,0.0411461,0.0967393
-60.7595,117.722,0.0412764,0.098451
-56.962,117.722,0.0413521,0.100162
-53.1646,117.722,0.0414157,0.10173
-49.3671,117.722,0.0414698,0.103343
-45.5696,117.722,0.0414646,0.105019
-41.7722,117.722,0.041437,0.106608
-37.9747,117.722,0.0414057,0.108184
-34.1772,117.722,0.0413743,0.109761
-30.3797,117.722,0.0413345,0.111277
-26.5823,117.722,0.0412703,0.112599
-22.7848,117.722,0.0412093,0.113934
-18.9873,117.722,0.0411684,0.115346
-15.1899,117.722,0.0411314,0.116779
-11.3924,117.722,0.0411062,0.118254
-7.59494,117.722,0.0410865,0.119714
-3.79747,117.722,0.0410775,0.12115
0,117.722,0.0410691,0.122468
-300,121.519,0.0291386,0.0304144
-296.203,121.519,0.0292499,0.030981
-292.405,121.519,0.0293716,0.0315864
-288.608,121.519,0.0295039,0.0322375
-284.81,121.519,0.029638,0.0328953
-281.013,121.519,0.0297782,0.0335644
-277.215,121.519,0.0299154,0.034224
-273.418,121.519,0.0300527,0.0348837
-269.62,121.519,0.0301899,0.0355433
-265.823,121.519,0.0303271,0.0362029
-262.025,121.519,0.0304575,0.0368475
-258.228,121.519,0.0305817,0.0374783
-254.43,121.519,0.0307058,0.0381092
-250.633,121.519,0.0308254,0.0387371
-246.835,121.519,0.0309624,0.039407
-243.038,121.519,0.0311049,0.0400896
-239.241,121.519,0.0312474,0.0407722
-235.443,121.519,0.0313973,0.0414826
-231.646,121.519,0.0315597,0.0422381
-227.848,121.519,0.0317194,0.0429842
-224.051,121.519,0.0319166,0.0438673
-220.253,121.519,0.0321456,0.0448507
-216.456,121.519,0.0323566,0.0457595
-212.658,121.519,0.0325599,0.0466297
-208.861,121.519,0.0327612,0.047489
-205.063,121.519,0.0329652,0.0483294
-201.266,121.519,0.0331827,0.0492237
-197.468,121.519,0.0334066,0.0501432
-193.671,121.519,0.0336304,0.0511114
-189.873,121.519,0.033899,0.052297
-186.076,121.519,0.0341635,0.0534784
-182.278,121.519,0.0344145,0.0546525
-178.481,121.519,0.0346492,0.0557862
-174.684,121.519,0.0348656,0.0568511
-170.886,121.519,0.035082,0.0579547
-167.089,121.519,0.0353203,0.0591733
-163.291,121.519,0.0355454,0.0603647
-159.494,121.519,0.0357713,0.0615771
-155.696,121.519,0.0359996,0.0627954
-151.899,121.519,0.0362076,0.0638383
-148.101,121.519,0.0364022,0.0648247
-144.304,121.519,0.0365594,0.065669
-140.506,121.519,0.0367317,0.0665568
-136.709,121.519,0.0369328,0.0676056
-132.911,121.519,0.0371494,0.0686634
-129.114,121.519,0.0373747,0.0697444
-125.316,121.519,0.0376245,0.0709525
-121.519,121.519,0.0379069,0.0723122
-117.722,121.519,0.0382279,0.0738909
-113.924,121.519,0.0385342,0.0754815
-110.127,121.519,0.0388395,0.0770695
-106.329,121.519,0.0391449,0.0786575
-102.532,121.519,0.0394424,0.0802498
-98.7342,121.519,0.0397352,0.0819408
-94.9367,121.519,0.0400029,0.0837884
-91.1392,121.519,0.0402826,0.0856802
-87.3418,121.519,0.0405287,0.0874382
-83.5443,121.519,0.0407739,0.0891926
-79.7468,121.519,0.0409925,0.0912016
-75.9494,121.519,0.0412132,0.093218
-72.1519,121.519,0.0414096,0.0951548
-68.3544,121.519,0.0415401,0.0968663
-64.557,121.519,0.0416705,0.0985778
-60.7595,121.519,0.0417934,0.100205
-56.962,121.519,0.0418925,0.101709
-53.1646,121.519,0.0419562,0.103277
-49.3671,121.519,0.0419806,0.104843
-45.5696,121.519,0.0419463,0.106414
-41.7722,121.519,0.0419119,0.107985
-37.9747,121.519,0.0418775,0.109556
-34.1772,121.519,0.041826,0.111015
-30.3797,121.519,0.0417574,0.112329
-26.5823,121.519,0.0417096,0.113721
-22.7848,121.519,0.0416661,0.115133
-18.9873,121.519,0.0416194,0.116546
-15.1899,121.519,0.0415726,0.117959
-11.3924,121.519,0.0415259,0.119372
-7.59494,121.519,0.0414804,0.120779
-3.79747,121.519,0.0414422,0.12203
0,121.519,0.0414067,0.123249
-300,125.316,0.0296732,0.0319063
-296.203,125.316,0.0298099,0.0325514
-292.405,125.316,0.0299558,0.0332288
-288.608,125.316,0.0300928,0.0338916
-284.81,125.316,0.0302371,0.0345741
-281.013,125.316,0.0303799,0.0352516
-277.215,125.316,0.0305171,0.0359112
-273.418,125.316,0.0306543,0.0365708
-269.62,125.316,0.0307916,0.0372304
-265.823,125.316,0.0309288,0.0378901
-262.025,125.316,0.031066,0.0385497
-258.228,125.316,0.0312033,0.0392093
-254.43,125.316,0.0313286,0.0398427
-250.633,125.316,0.0314527,0.0404736
-246.835,125.316,0.0315769,0.0411044
-243.038,125.316,0.0316942,0.0417096
-239.241,125.316,0.0318404,0.0423891
-235.443,125.316,0.032001,0.0431323
-231.646,125.316,0.0321657,0.0439006
-227.848,125.316,0.0323843,0.0448575
-224.051,125.316,0.032603,0.0458144
-220.253,125.316,0.0328228,0.0467743
-216.456,125.316,0.0330495,0.0477223
-212.658,125.316,0.0332554,0.0485725
-208.861,125.316,0.0334348,0.0493581
-205.063,125.316,0.0336216,0.0501913
-201.266,125.316,0.0338216,0.0510544
-197.468,125.316,0.0340353,0.0519716
-193.671,125.316,0.0343291,0.053205
-189.873,125.316,0.0346144,0.0544341
-186.076,125.316,0.034873,0.0556162
-182.278,125.316,0.0351077,0.0567541
-178.481,125.316,0.0353131,0.0578337
-174.684,125.316,0.0355263,0.0589391
-170.886,125.316,0.0357541,0.0600829
-167.089,125.316,0.0360007,0.0613133
-163.291,125.316,0.0362506,0.0625677
-159.494,125.316,0.0364859,0.0637615
-155.696,125.316,0.0366881,0.0647354
-151.899,125.316,0.0368668,0.0656482
-148.101,125.316,0.037019,0.0664822
-144.304,125.316,0.0371745,0.0673434
-140.506,125.316,0.0373706,0.0684082
-136.709,125.316,0.0375732,0.069494
-132.911,125.316,0.0377822,0.0706086
-129.114,125.316,0.0380003,0.0717948
-125.316,125.316,0.0382432,0.0730618
-121.519,125.316,0.0385304,0.0744927
-117.722,125.316,0.0388382,0.0760839
-113.924,125.316,0.0391512,0.0776849
-110.127,125.316,0.0394638,0.0792831
-106.329,125.316,0.0397598,0.0808426
-102.532,125.316,0.0400539,0.0824291
-98.7342,125.316,0.0403888,0.0842918
-94.9367,125.316,0.0406809,0.0861244
-91.1392,125.316,0.0409431,0.0879204
-87.3418,125.316,0.0412038,0.0897
-83.5443,125.316,0.0414497,0.0915381
-79.7468,125.316,0.0416575,0.0935177
-75.9494,125.316,0.0418036,0.0952818
-72.1519,125.316,0.041934,0.0969933
-68.3544,125.316,0.0420645,0.0987048
-64.557,125.316,0.042187,0.100329
-60.7595,125.316,0.0422984,0.101817
-56.962,125.316,0.0423996,0.103268
-53.1646,125.316,0.0424812,0.104756
-49.3671,125.316,0.0424873,0.106293
-45.5696,125.316,0.0424655,0.107894
-41.7722,125.316,0.0424375,0.109465
-37.9747,125.316,0.0423844,0.110904
-34.1772,125.316,0.0423305,0.112273
-30.3797,125.316,0.0422727,0.113633
-26.5823,125.316,0.0422241,0.11504
-22.7848,125.316,0.0421763,0.11645
-18.9873,125.316,0.0421284,0.11786
-15.1899,125.316,0.0420805,0.119271
-11.3924,125.316,0.0420326,0.120681
-7.59494,125.316,0.0419611,0.121911
-3.79747,125.316,0.0418913,0.123047
0,125.316,0.0418304,0.124194
-300,129.114,0.0302258,0.033481
-296.203,129.114,0.0303717,0.0341584
-292.405,129.114,0.0305184,0.0348378
-288.608,129.114,0.0306751,0.0355415
-284.81,129.114,0.0308317,0.0362453
-281.013,129.114,0.0309805,0.0369355
-277.215,129.114,0.0311188,0.0375983
-273.418,129.114,0.031256,0.038258
-269.62,129.114,0.0313932,0.0389176
-265.823,129.114,0.0315304,0.0395772
-262.025,129.114,0.0316677,0.0402368
-258.228,129.114,0.0318053,0.0408977
-254.43,129.114,0.0319406,0.0415482
-250.633,129.114,0.0320615,0.0421507
-246.835,129.114,0.0321743,0.0427368
-243.038,129.114,0.0323127,0.043417
-239.241,129.114,0.0324615,0.0441376
-235.443,129.114,0.0326401,0.0449659
-231.646,129.114,0.0328662,0.0459391
-227.848,129.114,0.0330917,0.0469094
-224.051,129.114,0.0333187,0.0478619
-220.253,129.114,0.0335239,0.0487517
-216.456,129.114,0.0337247,0.049612
-212.658,129.114,0.0339041,0.0503775
-208.861,129.114,0.0340915,0.0511812
-205.063,129.114,0.0342748,0.0520126
-201.266,129.114,0.0344792,0.0529462
-197.468,129.114,0.0347572,0.0541663
-193.671,129.114,0.0350368,0.0553869
-189.873,129.114,0.0353158,0.0566049
-186.076,129.114,0.0355694,0.0577608
-182.278,129.114,0.0357885,0.0588482
-178.481,129.114,0.0359922,0.059907
-174.684,129.114,0.0361972,0.0609986
-170.886,129.114,0.0364391,0.0622307
-167.089,129.114,0.0366858,0.0634693
-163.291,129.114,0.0369289,0.0646538
-159.494,129.114,0.0371288,0.0655269
-155.696,129.114,0.0373256,0.0664567
-151.899,129.114,0.0374839,0.0672993
-148.101,129.114,0.0376446,0.0681783
-144.304,129.114,0.037842,0.0692586
-140.506,129.114,0.0380411,0.0703418
-136.709,129.114,0.0382426,0.0714318
-132.911,129.114,0.0384488,0.0725745
-129.114,129.114,0.0386582,0.0737537
-125.316,129.114,0.0389167,0.0751667
-121.519,129.114,0.0391979,0.0767497
-117.722,129.114,0.0394838,0.0783104
-113.924,129.114,0.039759,0.0798465
-110.127,129.114,0.0400342,0.0813825
-106.329,129.114,0.0403534,0.0830207
-102.532,129.114,0.0406903,0.0848394
-98.7342,129.114,0.0410118,0.0866212
-94.9367,129.114,0.0413283,0.0883875
-91.1392,129.114,0.0415974,0.090148
-87.3418,129.114,0.0418471,0.0918932
-83.5443,129.114,0.0420451,0.0936641
-79.7468,129.114,0.0421842,0.0953915
-75.9494,129.114,0.0423215,0.0971118
-72.1519,129.114,0.0424613,0.0988387
-68.3544,129.114,0.0426,0.100493
-64.557,129.114,0.0427234,0.102016
-60.7595,129.114,0.0428414,0.103508
-56.962,129.114,0.0429512,0.104961
-53.1646,129.114,0.0430481,0.106355
-49.3671,129.114,0.0430569,0.107897
-45.5696,129.114,0.0430139,0.109403
-41.7722,129.114,0.0429511,0.110812
-37.9747,129.114,0.0428924,0.11217
-34.1772,129.114,0.0428412,0.113563
-30.3797,129.114,0.0427933,0.114974
-26.5823,129.114,0.0427455,0.116384
-22.7848,129.114,0.0426976,0.117794
-18.9873,129.114,0.0426497,0.119204
-15.1899,129.114,0.0425981,0.120598
-11.3924,129.114,0.0425214,0.121837
-7.59494,129.114,0.0424447,0.123002
-3.79747,129.114,0.0423725,0.124148
0,129.114,0.0423053,0.125277
-300,132.911,0.0307598,0.0350593
-296.203,132.911,0.0309151,0.0357534
-292.405,132.911,0.031082,0.0364786
-288.608,132.911,0.0312489,0.0372038
-284.81,132.911,0.0314158,0.037929
-281.013,132.911,0.0315823,0.0386539
-277.215,132.911,0.0317402,0.039362
-273.418,132.911,0.0318883,0.0400481
-269.62,132.911,0.0320302,0.0407235
-265.823,132.911,0.0321687,0.041386
-262.025,132.911,0.0322923,0.0419945
-258.228,132.911,0.0324119,0.0425977
-254.43,132.911,0.0325314,0.0432009
-250.633,132.911,0.0326524,0.0438095
-246.835,132.911,0.032808,0.0445452
-243.038,132.911,0.03296,0.0452843
-239.241,132.911,0.0331617,0.0461856
-235.443,132.911,0.0333787,0.0471164
-231.646,132.911,0.0335809,0.0480056
-227.848,132.911,0.0337627,0.0488305
-224.051,132.911,0.0339454,0.0496472
-220.253,132.911,0.0341257,0.0504692
-216.456,132.911,0.0343028,0.051279
-212.658,132.911,0.0344805,0.0520721
-208.861,132.911,0.0346647,0.0528949
-205.063,132.911,0.0348843,0.0538718
-201.266,132.911,0.035162,0.0551032
-197.468,132.911,0.0354368,0.056328
-193.671,132.911,0.0357209,0.0575598
-189.873,132.911,0.0359949,0.0587556
-186.076,132.911,0.0362364,0.0598424
-182.278,132.911,0.0364317,0.0608029
-178.481,132.911,0.036643,0.0619087
-174.684,132.911,0.0368843,0.0631354
-170.886,132.911,0.0371259,0.0643792
-167.089,132.911,0.0373482,0.0654536
-163.291,132.911,0.0375513,0.0663129
-159.494,132.911,0.0377466,0.067192
-155.696,132.911,0.0379301,0.0680778
-151.899,132.911,0.0381097,0.0689809
-148.101,132.911,0.0383169,0.0700728
-144.304,132.911,0.0385179,0.0711443
-140.506,132.911,0.0387243,0.0722337
-136.709,132.911,0.0389091,0.0733013
-132.911,132.911,0.0391196,0.0744898
-129.114,132.911,0.0393618,0.075857
-125.316,132.911,0.0396126,0.0773573
-121.519,132.911,0.0398647,0.0788998
-117.722,132.911,0.0401146,0.0804408
-113.924,132.911,0.0404093,0.0820681
-110.127,132.911,0.0407302,0.0837214
-106.329,132.911,0.0410483,0.0854284
-102.532,132.911,0.0413419,0.087155
-98.7342,132.911,0.0416338,0.0888771
-94.9367,132.911,0.0419218,0.0905879
-91.1392,132.911,0.0421841,0.0922529
-87.3418,132.911,0.0423925,0.0938034
-83.5443,132.911,0.0425738,0.0955408
-79.7468,132.911,0.0427304,0.0973086
-75.9494,132.911,0.042887,0.0990764
-72.1519,132.911,0.0430289,0.100721
-68.3544,132.911,0.0431561,0.102254
-64.557,132.911,0.043281,0.103754
-60.7595,132.911,0.0433959,0.105208
-56.962,132.911,0.0434945,0.106604
-53.1646,132.911,0.0435743,0.107936
-49.3671,132.911,0.0435685,0.109268
-45.5696,132.911,0.0435231,0.110739
-41.7722,132.911,0.0434668,0.112112
-37.9747,132.911,0.0434187,0.113522
-34.1772,132.911,0.0433706,0.114932
-30.3797,132.911,0.0433226,0.116341
-26.5823,132.911,0.0432745,0.117751
-22.7848,132.911,0.0432265,0.119161
-18.9873,132.911,0.0431651,0.120512
-15.1899,132.911,0.0430866,0.121778
-11.3924,132.911,0.0430073,0.122935
-7.59494,132.911,0.0429283,0.124093
-3.79747,132.911,0.0428536,0.125249
0,132.911,0.0427868,0.126379
-300,136.709,0.0313212,0.0367765
-296.203,136.709,0.0314881,0.0375017
-292.405,136.709,0.031655,0.0382269
-288.608,136.709,0.0318219,0.0389521
-284.81,136.709,0.0319855,0.0396731
-281.013,136.709,0.0321465,0.0403907
-277.215,136.709,0.0323064,0.0411051
-273.418,136.709,0.0324474,0.0417542
-269.62,136.709,0.0325791,0.0423682
-265.823,136.709,0.032708,0.04298
-262.025,136.709,0.0328321,0.0435879
-258.228,136.709,0.0329562,0.0441958
-254.43,136.709,0.0330921,0.04485
-250.633,136.709,0.0332594,0.0456113
-246.835,136.709,0.0334534,0.0464378
-243.038,136.709,0.0336748,0.047377
-239.241,136.709,0.0338563,0.048195
-235.443,136.709,0.0340132,0.04896
-231.646,136.709,0.0341758,0.0497376
-227.848,136.709,0.03434,0.0505192
-224.051,136.709,0.0345043,0.0513007
-220.253,136.709,0.0346792,0.0521177
-216.456,136.709,0.0348641,0.0529746
-212.658,136.709,0.0350335,0.0537435
-208.861,136.709,0.0352597,0.0547442
-205.063,136.709,0.035549,0.0560003
-201.266,136.709,0.0358313,0.0572344
-197.468,136.709,0.0361147,0.0584729
-193.671,136.709,0.0363766,0.059652
-189.873,136.709,0.0366083,0.0606998
-186.076,136.709,0.0368194,0.0616695
-182.278,136.709,0.037061,0.062807
-178.481,136.709,0.0373027,0.0640148
-174.684,136.709,0.0375266,0.0651691
-170.886,136.709,0.0377399,0.0662184
-167.089,136.709,0.0379226,0.0670407
-163.291,136.709,0.0381331,0.067938
-159.494,136.709,0.0383238,0.068852
-155.696,136.709,0.0385085,0.069744
-151.899,136.709,0.0387346,0.0708555
-148.101,136.709,0.0389344,0.0718639
-144.304,136.709,0.0391345,0.0728895
-140.506,136.709,0.039323,0.0739662
-136.709,136.709,0.0395253,0.0751348
-132.911,136.709,0.0397587,0.076461
-129.114,136.709,0.0400113,0.077935
-125.316,136.709,0.040272,0.0794884
-121.519,136.709,0.0405647,0.0811251
-117.722,136.709,0.040866,0.0827869
-113.924,136.709,0.0411566,0.0844185
-110.127,136.709,0.0414265,0.0859723
-106.329,136.709,0.0417148,0.0876933
-102.532,136.709,0.0419987,0.0894107
-98.7342,136.709,0.0422817,0.0911182
-94.9367,136.709,0.0425376,0.0926952
-91.1392,136.709,0.0427663,0.0942021
-87.3418,136.709,0.0429559,0.0957917
-83.5443,136.709,0.0431186,0.0975499
-79.7468,136.709,0.0432934,0.0993142
-75.9494,136.709,0.0434467,0.100928
-72.1519,136.709,0.043575,0.102474
-68.3544,136.709,0.0436993,0.103972
-64.557,136.709,0.0437991,0.105375
-60.7595,136.709,0.0438849,0.106718
-56.962,136.709,0.0439535,0.107982
-53.1646,136.709,0.0440296,0.109284
-49.3671,136.709,0.0440477,0.110701
-45.5696,136.709,0.0440398,0.112058
-41.7722,136.709,0.0439932,0.113472
-37.9747,136.709,0.0439467,0.114886
-34.1772,136.709,0.0439001,0.1163
-30.3797,136.709,0.0438535,0.117714
-26.5823,136.709,0.0438069,0.119128
-22.7848,136.709,0.043737,0.120441
-18.9873,136.709,0.0436593,0.121719
-15.1899,136.709,0.0435809,0.122901
-11.3924,136.709,0.0435017,0.124058
-7.59494,136.709,0.0434224,0.125216
-3.79747,136.709,0.0433432,0.126373
0,136.709,0.0432773,0.127508
-300,140.506,0.03188,0.0385065
-296.203,140.506,0.032041,0.0392241
-292.405,140.506,0.032202,0.0399417
-288.608,140.506,0.032363,0.0406593
-284.81,140.506,0.032524,0.041377
-281.013,140.506,0.0326708,0.042041
-277.215,140.506,0.0328132,0.0426886
-273.418,140.506,0.0329474,0.0433104
-269.62,140.506,0.0330791,0.0439244
-265.823,140.506,0.0332108,0.0445384
-262.025,140.506,0.0333438,0.0451587
-258.228,140.506,0.0335132,0.0458742
-254.43,140.506,0.0336834,0.0466125
-250.633,140.506,0.0338749,0.0474456
-246.835,140.506,0.0340531,0.0482524
-243.038,140.506,0.0342244,0.0490394
-239.241,140.506,0.0344032,0.0498432
-235.443,140.506,0.0345835,0.0506502
-231.646,140.506,0.0347562,0.0514454
-227.848,140.506,0.0349205,0.0522269
-224.051,140.506,0.0350872,0.0530247
-220.253,140.506,0.0352584,0.0538524
-216.456,140.506,0.0354325,0.0546862
-212.658,140.506,0.0356397,0.0556211
-208.861,140.506,0.0359152,0.056834
-205.063,140.506,0.0361934,0.0580554
-201.266,140.506,0.036485,0.0593211
-197.468,140.506,0.0367475,0.0604862
-193.671,140.506,0.0369752,0.0615226
-189.873,140.506,0.0371919,0.0625274
-186.076,140.506,0.0374422,0.0636744
-182.278,140.506,0.0376864,0.0648092
-178.481,140.506,0.0379134,0.065936
-174.684,140.506,0.0381332,0.0669884
-170.886,140.506,0.0383414,0.0679157
-167.089,140.506,0.0385432,0.068788
-163.291,140.506,0.0387208,0.0696217
-159.494,140.506,0.0388917,0.0704638
-155.696,140.506,0.0390986,0.0715023
-151.899,140.506,0.0392899,0.0725101
-148.101,140.506,0.039482,0.07353
-144.304,140.506,0.039677,0.0745826
-140.506,140.506,0.0398821,0.0757039
-136.709,140.506,0.0401255,0.0770319
-132.911,140.506,0.0403938,0.0784802
-129.114,140.506,0.040686,0.0801064
-125.316,140.506,0.0409882,0.0817627
-121.519,140.506,0.041287,0.0834093
-117.722,140.506,0.0415843,0.0850503
-113.924,140.506,0.0418454,0.0865645
-110.127,140.506,0.0421145,0.0882174
-106.329,140.506,0.0424074,0.089996
-102.532,140.506,0.042671,0.0916437
-98.7342,140.506,0.042919,0.0932063
-94.9367,140.506,0.0431441,0.0946848
-91.1392,140.506,0.043368,0.0961624
-87.3418,140.506,0.0435417,0.0978103
-83.5443,140.506,0.0436894,0.0995338
-79.7468,140.506,0.0438267,0.101128
-75.9494,140.506,0.0439492,0.102625
-72.1519,140.506,0.044062,0.104059
-68.3544,140.506,0.0441701,0.105439
-64.557,140.506,0.0442539,0.106774
-60.7595,140.506,0.0443256,0.108038
-56.962,140.506,0.0444118,0.109357
-53.1646,140.506,0.0444913,0.110714
-49.3671,140.506,0.0445111,0.112071
-45.5696,140.506,0.0445307,0.113428
-41.7722,140.506,0.04451,0.114803
-37.9747,140.506,0.0444634,0.116217
-34.1772,140.506,0.0444168,0.117632
-30.3797,140.506,0.0443684,0.119038
-26.5823,140.506,0.0442907,0.120316
-22.7848,140.506,0.044213,0.121595
-18.9873,140.506,0.0441363,0.122813
-15.1899,140.506,0.0440604,0.123981
-11.3924,140.506,0.0439846,0.125148
-7.59494,140.506,0.0439087,0.126315
-3.79747,140.506,0.0438329,0.127483
0,140.506,0.0437663,0.128632
-300,144.304,0.0324186,0.0402104
-296.203,144.304,0.0325796,0.040928
-292.405,144.304,0.0327397,0.041642
-288.608,144.304,0.0328821,0.0422897
-284.81,144.304,0.0330242,0.0429363
-281.013,144.304,0.0331601,0.0435626
-277.215,144.304,0.0332961,0.0441889
-273.418,144.304,0.033428,0.0448026
-269.62,144.304,0.0335565,0.0454102
-265.823,144.304,0.0337047,0.0460452
-262.025,144.304,0.0338827,0.0467749
-258.228,144.304,0.0340608,0.0475066
-254.43,144.304,0.034249,0.0483127
-250.633,144.304,0.0344313,0.0491047
-246.835,144.304,0.0346086,0.0499053
-243.038,144.304,0.0347887,0.0507122
-239.241,144.304,0.0349689,0.0515192
-235.443,144.304,0.035149,0.0523262
-231.646,144.304,0.0353292,0.0531331
-227.848,144.304,0.0355084,0.0539472
-224.051,144.304,0.0356748,0.0547612
-220.253,144.304,0.0358403,0.0555747
-216.456,144.304,0.0360603,0.0566028
-212.658,144.304,0.0363067,0.0577351
-208.861,144.304,0.0365673,0.058909
-205.063,144.304,0.0368635,0.0601852
-201.266,144.304,0.0371091,0.0612814
-197.468,144.304,0.0373387,0.0623215
-193.671,144.304,0.0375676,0.0633587
-189.873,144.304,0.0378115,0.0644716
-186.076,144.304,0.0380487,0.0655873
-182.278,144.304,0.0383008,0.0667628
-178.481,144.304,0.0385335,0.0678247
-174.684,144.304,0.0387586,0.0687926
-170.886,144.304,0.0389434,0.0695892
-167.089,144.304,0.0391039,0.0703309
-163.291,144.304,0.0392549,0.0711152
-159.494,144.304,0.0394436,0.0721294
-155.696,144.304,0.0396357,0.0731493
-151.899,144.304,0.0398221,0.0741498
-148.101,144.304,0.0400122,0.0751811
-144.304,144.304,0.040216,0.0762948
-140.506,144.304,0.0404794,0.0776346
-136.709,144.304,0.0407529,0.0790491
-132.911,144.304,0.0410602,0.0806691
-129.114,144.304,0.0413648,0.0823106
-125.316,144.304,0.0416693,0.0839522
-121.519,144.304,0.0419559,0.0855438
-117.722,144.304,0.0422395,0.0871069
-113.924,144.304,0.0425315,0.0887369
-110.127,144.304,0.0428123,0.090456
-106.329,144.304,0.0430596,0.0920663
-102.532,144.304,0.0432921,0.0936316
-98.7342,144.304,0.043506,0.0951333
-94.9367,144.304,0.0437252,0.0966151
-91.1392,144.304,0.0439472,0.098084
-87.3418,144.304,0.0441068,0.0997304
-83.5443,144.304,0.0442276,0.101272
-79.7468,144.304,0.0443397,0.102745
-75.9494,144.304,0.0444417,0.104169
-72.1519,144.304,0.0445274,0.105508
-68.3544,144.304,0.0446102,0.106805
-64.557,144.304,0.0446982,0.108119
-60.7595,144.304,0.0448,0.10948
-56.962,144.304,0.0448938,0.110807
-53.1646,144.304,0.0449501,0.112078
-49.3671,144.304,0.04497,0.113435
-45.5696,144.304,0.0449898,0.114792
-41.7722,144.304,0.0450096,0.116149
-37.9747,144.304,0.0449802,0.117549
-34.1772,144.304,0.0449221,0.118913
-30.3797,144.304,0.0448444,0.120191
-26.5823,144.304,0.0447667,0.12147
-22.7848,144.304,0.0446894,0.122719
-18.9873,144.304,0.0446136,0.123886
-15.1899,144.304,0.0445377,0.125054
-11.3924,144.304,0.0444619,0.126221
-7.59494,144.304,0.044386,0.127388
-3.79747,144.304,0.0443102,0.128556
0,144.304,0.04424,0.129711
-300,148.101,0.0329403,0.0418419
-296.203,148.101,0.0330806,0.0424719
-292.405,148.101,0.0332208,0.0431019
-288.608,148.101,0.0333611,0.043732
-284.81,148.101,0.0335014,0.044362
-281.013,148.101,0.0336416,0.044992
-277.215,148.101,0.0337859,0.0456418
-273.418,148.101,0.0339453,0.0463076
-269.62,148.101,0.0341004,0.0469434
-265.823,148.101,0.034273,0.0476511
-262.025,148.101,0.0344448,0.0483885
-258.228,148.101,0.0346281,0.049181
-254.43,148.101,0.0348178,0.0499877
-250.633,148.101,0.0350095,0.0507989
-246.835,148.101,0.0352012,0.0516102
-243.038,148.101,0.0353928,0.0524214
-239.241,148.101,0.0355745,0.0532304
-235.443,148.101,0.0357534,0.0540265
-231.646,148.101,0.0359345,0.0548486
-227.848,148.101,0.0361194,0.0556812
-224.051,148.101,0.0363066,0.0565179
-220.253,148.101,0.036564,0.0576658
-216.456,148.101,0.0368193,0.0588367
-212.658,148.101,0.0370808,0.0600189
-208.861,148.101,0.0373393,0.0611863
-205.063,148.101,0.0375502,0.0621874
-201.266,148.101,0.0377605,0.0631855
-197.468,148.101,0.0379713,0.0641644
-193.671,148.101,0.0382125,0.0652963
-189.873,148.101,0.0384562,0.0664526
-186.076,148.101,0.0386961,0.0675757
-182.278,148.101,0.0389343,0.0686419
-178.481,148.101,0.0391281,0.0695155
-174.684,148.101,0.0393002,0.0702999
-170.886,148.101,0.0394615,0.071036
-167.089,148.101,0.0396074,0.0717512
-163.291,148.101,0.0397932,0.0727614
-159.494,148.101,0.0399729,0.0737575
-155.696,148.101,0.0401539,0.0747438
-151.899,148.101,0.0403412,0.075759
-148.101,148.101,0.0405567,0.0768882
-144.304,148.101,0.04081,0.0781905
-140.506,148.101,0.041084,0.0795911
-136.709,148.101,0.0413931,0.081192
-132.911,148.101,0.0417066,0.0828298
-129.114,148.101,0.042028,0.0844886
-125.316,148.101,0.0423334,0.0860981
-121.519,148.101,0.0426306,0.087676
-117.722,148.101,0.0429178,0.0892213
-113.924,148.101,0.0431666,0.0907914
-110.127,148.101,0.0434138,0.0924017
-106.329,148.101,0.0436477,0.0939611
-102.532,148.101,0.043878,0.0955071
-98.7342,148.101,0.0440923,0.0969936
-94.9367,148.101,0.0442868,0.0984173
-91.1392,148.101,0.044463,0.0998905
-87.3418,148.101,0.0446114,0.101386
-83.5443,148.101,0.0447268,0.102862
-79.7468,148.101,0.0448312,0.104259
-75.9494,148.101,0.044924,0.105603
-72.1519,148.101,0.0450088,0.106912
-68.3544,148.101,0.0450952,0.108247
-64.557,148.101,0.0451875,0.109619
-60.7595,148.101,0.0452734,0.110932
-56.962,148.101,0.0453483,0.112139
-53.1646,148.101,0.045409,0.113442
-49.3671,148.101,0.0454288,0.114799
-45.5696,148.101,0.0454487,0.116156
-41.7722,148.101,0.0454685,0.117513
-37.9747,148.101,0.0454661,0.118776
-34.1772,148.101,0.045398,0.120067
-30.3797,148.101,0.0453203,0.121345
-26.5823,148.101,0.0452426,0.122624
-22.7848,148.101,0.0451667,0.123792
-18.9873,148.101,0.0450909,0.12496
-15.1899,148.101,0.045015,0.126127
-11.3924,148.101,0.0449392,0.127294
-7.59494,148.101,0.0448633,0.128462
-3.79747,148.101,0.0447875,0.129629
0,148.101,0.0446956,0.130727
-300,151.899,0.0334391,0.0432741
-296.203,151.899,0.0335865,0.0439223
-292.405,151.899,0.0337268,0.0445523
-288.608,151.899,0.0338677,0.0451852
-284.81,151.899,0.034013,0.0458402
-281.013,151.899,0.0341727,0.0464996
-277.215,151.899,0.0343247,0.0471321
-273.418,151.899,0.0344887,0.0478107
-269.62,151.899,0.0346406,0.0484643
-265.823,151.899,0.0348239,0.0492568
-262.025,151.899,0.0350144,0.0500654
-258.228,151.899,0.0352061,0.0508767
-254.43,151.899,0.0353978,0.0516879
-250.633,151.899,0.0355895,0.0524992
-246.835,151.899,0.0357872,0.0533197
-243.038,151.899,0.0359812,0.0541237
-239.241,151.899,0.036177,0.0549395
-235.443,151.899,0.0363773,0.0557854
-231.646,151.899,0.0365669,0.0566238
-227.848,151.899,0.036754,0.0574605
-224.051,151.899,0.0370278,0.0586623
-220.253,151.899,0.0373182,0.0599317
-216.456,151.899,0.0376024,0.061143
-212.658,151.899,0.037853,0.0622595
-208.861,151.899,0.0380528,0.0632263
-205.063,151.899,0.038228,0.0641118
-201.266,151.899,0.0384262,0.0650813
-197.468,151.899,0.0386521,0.0661722
-193.671,151.899,0.038897,0.0673476
-189.873,151.899,0.0391268,0.0683878
-186.076,151.899,0.0393325,0.069356
-182.278,151.899,0.0395291,0.0702443
-178.481,151.899,0.0396975,0.0710264
-174.684,151.899,0.0398482,0.0717452
-170.886,151.899,0.0399945,0.0724841
-167.089,151.899,0.0401641,0.0733764
-163.291,151.899,0.0403305,0.0743499
-159.494,151.899,0.0404954,0.0753285
-155.696,151.899,0.0406789,0.0763455
-151.899,151.899,0.0408893,0.0774583
-148.101,151.899,0.0411303,0.0787172
-144.304,151.899,0.0414152,0.0801331
-140.506,151.899,0.0417221,0.0817166
-136.709,151.899,0.0420549,0.0834003
-132.911,151.899,0.0423928,0.085095
-129.114,151.899,0.0426991,0.086668
-125.316,151.899,0.0430053,0.0882411
-121.519,151.899,0.0432496,0.0896451
-117.722,151.899,0.0434949,0.0911173
-113.924,151.899,0.0437491,0.0927218
-110.127,151.899,0.0439854,0.0942606
-106.329,151.899,0.0442083,0.0957622
-102.532,151.899,0.0444166,0.0972324
-98.7342,151.899,0.0446074,0.0986448
-94.9367,151.899,0.0447982,0.100057
-91.1392,151.899,0.0449531,0.101513
-87.3418,151.899,0.0450961,0.102968
-83.5443,151.899,0.0451987,0.104332
-79.7468,151.899,0.0453027,0.105694
-75.9494,151.899,0.0453901,0.107016
-72.1519,151.899,0.0454873,0.10839
-68.3544,151.899,0.0455845,0.109765
-64.557,151.899,0.0456741,0.111078
-60.7595,151.899,0.0457506,0.112286
-56.962,151.899,0.0458271,0.113493
-53.1646,151.899,0.0458549,0.1148
-49.3671,151.899,0.0458777,0.116156
-45.5696,151.899,0.0459075,0.11752
-41.7722,151.899,0.0458949,0.11874
-37.9747,151.899,0.045882,0.11996
-34.1772,151.899,0.0458575,0.121199
-30.3797,151.899,0.0457963,0.122499
-26.5823,151.899,0.0457199,0.123698
-22.7848,151.899,0.045644,0.124866
-18.9873,151.899,0.0455682,0.126033
-15.1899,151.899,0.0454924,0.1272
-11.3924,151.899,0.0454068,0.128333
-7.59494,151.899,0.0453122,0.129434
-3.79747,151.899,0.0452175,0.130535
0,151.899,0.0451238,0.131639
-300,155.696,0.0339323,0.0446774
-296.203,155.696,0.0340859,0.0453609
-292.405,155.696,0.0342417,0.04604
-288.608,155.696,0.0343953,0.0466771
-284.81,155.696,0.0345473,0.0473096
-281.013,155.696,0.0346975,0.0479372
-277.215,155.696,0.0348455,0.0485788
-273.418,155.696,0.0350156,0.0493138
-269.62,155.696,0.0352111,0.0501432
-265.823,155.696,0.0354028,0.0509544
-262.025,155.696,0.0355993,0.051775
-258.228,155.696,0.0358024,0.0526089
-254.43,155.696,0.0359972,0.0534156
-250.633,155.696,0.0361912,0.0542196
-246.835,155.696,0.0363852,0.0550236
-243.038,155.696,0.0365831,0.0558531
-239.241,155.696,0.0367834,0.056699
-235.443,155.696,0.0369836,0.0575449
-231.646,155.696,0.0371896,0.0584139
-227.848,155.696,0.0374835,0.0596549
-224.051,155.696,0.0377958,0.0610044
-220.253,155.696,0.038074,0.0621987
-216.456,155.696,0.0383176,0.0632646
-212.658,155.696,0.0385133,0.0641768
-208.861,155.696,0.038707,0.0650839
-205.063,155.696,0.0388972,0.0660395
-201.266,155.696,0.0391053,0.0670846
-197.468,155.696,0.0393248,0.0681722
-193.671,155.696,0.0395281,0.0691347
-189.873,155.696,0.0397233,0.0700732
-186.076,155.696,0.0399149,0.0709536
-182.278,155.696,0.0400891,0.0717258
-178.481,155.696,0.0402276,0.07244
-174.684,155.696,0.0403652,0.0731643
-170.886,155.696,0.040543,0.0740333
-167.089,155.696,0.0407372,0.0750015
-163.291,155.696,0.0409251,0.0760021
-159.494,155.696,0.0411004,0.0769991
-155.696,155.696,0.0412753,0.078055
-151.899,155.696,0.0415123,0.079327
-148.101,155.696,0.0417945,0.0807383
-144.304,155.696,0.0421163,0.0823425
-140.506,155.696,0.0424495,0.0840358
-136.709,155.696,0.0427728,0.0856909
-132.911,155.696,0.0430734,0.0872592
-129.114,155.696,0.0433343,0.0887046
-125.316,155.696,0.0435751,0.0900886
-121.519,155.696,0.0438158,0.0914692
-117.722,155.696,0.0440511,0.0929662
-113.924,155.696,0.0442765,0.0944687
-110.127,155.696,0.044502,0.0959713
-106.329,155.696,0.0447211,0.0974539
-102.532,155.696,0.0449214,0.0988698
-98.7342,155.696,0.0451187,0.100285
-94.9367,155.696,0.0452906,0.101612
-91.1392,155.696,0.0454283,0.103057
-87.3418,155.696,0.0455579,0.104408
-83.5443,155.696,0.0456581,0.10573
-79.7468,155.696,0.0457511,0.107118
-75.9494,155.696,0.0458524,0.108508
-72.1519,155.696,0.0459614,0.109894
-68.3544,155.696,0.0460618,0.111215
-64.557,155.696,0.0461383,0.112423
-60.7595,155.696,0.0462148,0.11363
-56.962,155.696,0.0462913,0.114838
-53.1646,155.696,0.0463079,0.116168
-49.3671,155.696,0.0463075,0.11747
-45.5696,155.696,0.046296,0.118687
-41.7722,155.696,0.0463027,0.119919
-37.9747,155.696,0.0462979,0.121143
-34.1772,155.696,0.0462849,0.122362
-30.3797,155.696,0.0462491,0.123573
-26.5823,155.696,0.0461899,0.124762
-22.7848,155.696,0.04612,0.125934
-18.9873,155.696,0.0460253,0.127036
-15.1899,155.696,0.0459305,0.128149
-11.3924,155.696,0.0458357,0.129263
-7.59494,155.696,0.0457409,0.130377
-3.79747,155.696,0.0456461,0.13149
0,155.696,0.0455524,0.1326
-300,159.494,0.0344352,0.0461023
-296.203,159.494,0.0345969,0.0467848
-292.405,159.494,0.0347598,0.0474606
-288.608,159.494,0.0349178,0.0481084
-284.81,159.494,0.0350467,0.0486764
-281.013,159.494,0.0352024,0.0493467
-277.215,159.494,0.0354002,0.0501734
-273.418,159.494,0.0356052,0.0510265
-269.62,159.494,0.0358145,0.0518882
-265.823,159.494,0.0360132,0.0527074
-262.025,159.494,0.0362072,0.0535115
-258.228,159.494,0.0364013,0.0543155
-254.43,159.494,0.0365953,0.0551195
-250.633,159.494,0.0367893,0.0559235
-246.835,159.494,0.0369892,0.0567668
-243.038,159.494,0.0371895,0.0576127
-239.241,159.494,0.0373897,0.0584586
-235.443,159.494,0.0376035,0.0593595
-231.646,159.494,0.0379047,0.060633
-227.848,159.494,0.0382246,0.0619829
-224.051,159.494,0.0384979,0.0631494
-220.253,159.494,0.0387432,0.0641903
-216.456,159.494,0.0389333,0.0650888
-212.658,159.494,0.0391149,0.0659743
-208.861,159.494,0.0393211,0.0669558
-205.063,159.494,0.0395317,0.0679634
-201.266,159.494,0.0397276,0.0689009
-197.468,159.494,0.0399322,0.0698684
-193.671,159.494,0.0401369,0.0708457
-189.873,159.494,0.0403073,0.0716836
-186.076,159.494,0.0404606,0.0723987
-182.278,159.494,0.0406187,0.0731391
-178.481,159.494,0.0407604,0.0738524
-174.684,159.494,0.0409361,0.0747295
-170.886,159.494,0.041119,0.0756537
-167.089,159.494,0.0413073,0.0766199
-163.291,159.494,0.041498,0.0776292
-159.494,159.494,0.0416888,0.0786803
-155.696,159.494,0.0419555,0.0800163
-151.899,159.494,0.0422417,0.0814593
-148.101,159.494,0.0425532,0.0830141
-144.304,159.494,0.0428864,0.0847074
-140.506,159.494,0.0432007,0.0863278
-136.709,159.494,0.0434805,0.0878316
-132.911,159.494,0.0437213,0.0892156
-129.114,159.494,0.0439476,0.0905564
-125.316,159.494,0.044174,0.0918971
-121.519,159.494,0.0443962,0.0932767
-117.722,159.494,0.0446181,0.0947469
-113.924,159.494,0.0448388,0.0962185
-110.127,159.494,0.0450361,0.0976733
-106.329,159.494,0.0452237,0.0990955
-102.532,159.494,0.0454134,0.100495
-98.7342,159.494,0.0456014,0.101775
-94.9367,159.494,0.0457532,0.103126
-91.1392,159.494,0.0458939,0.104506
-87.3418,159.494,0.0460164,0.105822
-83.5443,159.494,0.046126,0.107189
-79.7468,159.494,0.04622,0.108584
-75.9494,159.494,0.0463141,0.109978
-72.1519,159.494,0.0464008,0.111304
-68.3544,159.494,0.0464891,0.112523
-64.557,159.494,0.0465774,0.113743
-60.7595,159.494,0.0466658,0.114962
-56.962,159.494,0.04675,0.11619
-53.1646,159.494,0.0467408,0.117452
-49.3671,159.494,0.0467174,0.118658
-45.5696,159.494,0.0466939,0.119865
-41.7722,159.494,0.0466724,0.121073
-37.9747,159.494,0.0466791,0.122305
-34.1772,159.494,0.0466867,0.123526
-30.3797,159.494,0.0466777,0.124614
-26.5823,159.494,0.0466129,0.125729
-22.7848,159.494,0.046536,0.126866
-18.9873,159.494,0.0464539,0.127996
-15.1899,159.494,0.046359,0.12911
-11.3924,159.494,0.0462642,0.130224
-7.59494,159.494,0.0461694,0.131338
-3.79747,159.494,0.0460746,0.132451
0,159.494,0.045981,0.13356
-300,163.291,0.0349428,0.0474806
-296.203,163.291,0.0351053,0.0481587
-292.405,163.291,0.0352513,0.0487916
-288.608,163.291,0.0354065,0.0494418
-284.81,163.291,0.0355936,0.050207
-281.013,163.291,0.0357996,0.0510621
-277.215,163.291,0.0360096,0.0519226
-273.418,163.291,0.0362118,0.0527584
-269.62,163.291,0.0364139,0.0535943
-265.823,163.291,0.0366113,0.0544114
-262.025,163.291,0.0368053,0.0552154
-258.228,163.291,0.0369993,0.0560194
-254.43,163.291,0.037195,0.0568346
-250.633,163.291,0.0373953,0.0576805
-246.835,163.291,0.0375956,0.0585263
-243.038,163.291,0.0377958,0.0593722
-239.241,163.291,0.0380215,0.0603233
-235.443,163.291,0.0383291,0.061635
-231.646,163.291,0.0386252,0.0629156
-227.848,163.291,0.0388736,0.0639996
-224.051,163.291,0.0391006,0.0650049
-220.253,163.291,0.0392967,0.0659119
-216.456,163.291,0.0394962,0.0668321
-212.658,163.291,0.03972,0.0678467
-208.861,163.291,0.039922,0.0687971
-205.063,163.291,0.0401243,0.0697005
-201.266,163.291,0.0403379,0.0706358
-197.468,163.291,0.04054,0.0715487
-193.671,163.291,0.0407224,0.0724374
-189.873,163.291,0.0408943,0.0732114
-186.076,163.291,0.0410524,0.0739489
-182.278,163.291,0.0411908,0.0746247
-178.481,163.291,0.04135,0.0754429
-174.684,163.291,0.0415105,0.0763116
-170.886,163.291,0.0416816,0.0772096
-167.089,163.291,0.0418631,0.0782276
-163.291,163.291,0.0420983,0.079378
-159.494,163.291,0.0423911,0.0807378
-155.696,163.291,0.0427013,0.0821938
-151.899,163.291,0.0430051,0.083706
-148.101,163.291,0.0433234,0.085379
-144.304,163.291,0.0436283,0.0869633
-140.506,163.291,0.0438546,0.088304
-136.709,163.291,0.0440809,0.0896447
-132.911,163.291,0.0443072,0.0909854
-129.114,163.291,0.0445335,0.0923261
-125.316,163.291,0.04475,0.0936298
-121.519,163.291,0.0449704,0.0950759
-117.722,163.291,0.0451912,0.0965427
-113.924,163.291,0.0453988,0.0979695
-110.127,163.291,0.0456065,0.0993963
-106.329,163.291,0.0457895,0.100771
-102.532,163.291,0.0459495,0.101993
-98.7342,163.291,0.0461153,0.103281
-94.9367,163.291,0.0462303,0.104624
-91.1392,163.291,0.0463483,0.105947
-87.3418,163.291,0.0464855,0.107288
-83.5443,163.291,0.0465949,0.108655
-79.7468,163.291,0.046689,0.110049
-75.9494,163.291,0.0467745,0.111372
-72.1519,163.291,0.0468487,0.1126
-68.3544,163.291,0.0469229,0.113827
-64.557,163.291,0.0470041,0.115051
-60.7595,163.291,0.0470925,0.11627
-56.962,163.291,0.0471352,0.117394
-53.1646,163.291,0.0471236,0.118613
-49.3671,163.291,0.0471141,0.119846
-45.5696,163.291,0.0471046,0.121079
-41.7722,163.291,0.0470833,0.122291
-37.9747,163.291,0.0470441,0.123447
-34.1772,163.291,0.0470272,0.12452
-30.3797,163.291,0.0470196,0.125589
-26.5823,163.291,0.0470121,0.126658
-22.7848,163.291,0.0469428,0.127799
-18.9873,163.291,0.046866,0.128936
-15.1899,163.291,0.0467876,0.130071
-11.3924,163.291,0.0466928,0.131185
-7.59494,163.291,0.046598,0.132298
-3.79747,163.291,0.0465031,0.133412
0,163.291,0.0464095,0.134521
-300,167.089,0.0354229,0.0487879
-296.203,167.089,0.0355689,0.0494208
-292.405,167.089,0.03573,0.0501111
-288.608,167.089,0.0359399,0.0509841
-284.81,167.089,0.0361628,0.0518794
-281.013,167.089,0.0363818,0.0527557
-277.215,167.089,0.0365876,0.0535964
-273.418,167.089,0.0367928,0.0544356
-269.62,167.089,0.0369981,0.0552748
-265.823,167.089,0.0372015,0.0561068
-262.025,167.089,0.0373986,0.0569142
-258.228,167.089,0.0375994,0.0577463
-254.43,167.089,0.0378014,0.0585941
-250.633,167.089,0.0380016,0.05944
-246.835,167.089,0.0382035,0.060293
-243.038,167.089,0.0384476,0.0613423
-239.241,167.089,0.0387275,0.062569
-235.443,167.089,0.0389923,0.0637579
-231.646,167.089,0.0392317,0.0648189
-227.848,167.089,0.0394562,0.0658166
-224.051,167.089,0.0396523,0.0667236
-220.253,167.089,0.0398582,0.0676686
-216.456,167.089,0.0400855,0.0686728
-212.658,167.089,0.0403051,0.0696161
-208.861,167.089,0.0405161,0.070509
-205.063,167.089,0.040725,0.0714148
-201.266,167.089,0.0409195,0.0722917
-197.468,167.089,0.0411126,0.0731851
-193.671,167.089,0.0413103,0.0740077
-189.873,167.089,0.04146,0.0746695
-186.076,167.089,0.0415978,0.0753504
-182.278,167.089,0.0417664,0.0761711
-178.481,167.089,0.0419334,0.0770419
-174.684,167.089,0.0420949,0.0779178
-170.886,167.089,0.0422855,0.0789203
-167.089,167.089,0.0425189,0.0800952
-163.291,167.089,0.0428011,0.0814399
-159.494,167.089,0.0431132,0.0828977
-155.696,167.089,0.0434304,0.0843901
-151.899,167.089,0.0437546,0.0860146
-148.101,167.089,0.0439926,0.087389
-144.304,167.089,0.0442142,0.0887331
-140.506,167.089,0.0444405,0.0900738
-136.709,167.089,0.0446668,0.0914145
-132.911,167.089,0.0448931,0.0927552
-129.114,167.089,0.0451081,0.0940533
-125.316,167.089,0.0453228,0.0954049
-121.519,167.089,0.0455394,0.096859
-117.722,167.089,0.045747,0.0982858
-113.924,167.089,0.0459546,0.0997126
-110.127,167.089,0.0461489,0.101055
-106.329,167.089,0.0463288,0.102286
-102.532,167.089,0.0465049,0.103537
-98.7342,167.089,0.0466385,0.104822
-94.9367,167.089,0.0467544,0.106144
-91.1392,167.089,0.0468703,0.107465
-87.3418,167.089,0.0469862,0.108787
-83.5443,167.089,0.0470843,0.11014
-79.7468,167.089,0.0471494,0.111441
-75.9494,167.089,0.0472231,0.112668
-72.1519,167.089,0.0472973,0.113895
-68.3544,167.089,0.0473722,0.11513
-64.557,167.089,0.0474403,0.116341
-60.7595,167.089,0.0474839,0.117445
-56.962,167.089,0.0475149,0.118596
-53.1646,167.089,0.0475053,0.119829
-49.3671,167.089,0.0474825,0.121013
-45.5696,167.089,0.0474552,0.122181
-41.7722,167.089,0.0474278,0.123348
-37.9747,167.089,0.0474017,0.124447
-34.1772,167.089,0.0473764,0.125503
-30.3797,167.089,0.0473539,0.12656
-26.5823,167.089,0.0473464,0.127629
-22.7848,167.089,0.0473286,0.128718
-18.9873,167.089,0.0472693,0.129867
-15.1899,167.089,0.0471959,0.131006
-11.3924,167.089,0.0471191,0.132143
-7.59494,167.089,0.0470265,0.133259
-3.79747,167.089,0.0469317,0.134373
0,167.089,0.0468381,0.135482
-300,170.886,0.0358864,0.05005
-296.203,170.886,0.036067,0.0508056
-292.405,170.886,0.0362842,0.0517091
-288.608,170.886,0.0364996,0.0526073
-284.81,170.886,0.0367157,0.0535011
-281.013,170.886,0.0369347,0.0543775
-277.215,170.886,0.0371537,0.0552539
-273.418,170.886,0.0373612,0.0560991
-269.62,170.886,0.0375665,0.0569383
-265.823,170.886,0.0377717,0.0577774
-262.025,170.886,0.0379754,0.058626
-258.228,170.886,0.0381788,0.0594754
-254.43,170.886,0.0383895,0.0603664
-250.633,170.886,0.0385941,0.0612525
-246.835,170.886,0.0388127,0.0622276
-243.038,170.886,0.0390738,0.063393
-239.241,170.886,0.0393413,0.0645831
-235.443,170.886,0.0395792,0.065625
-231.646,170.886,0.0398049,0.0666195
-227.848,170.886,0.0400199,0.0675569
-224.051,170.886,0.0402539,0.0685698
-220.253,170.886,0.0404795,0.0695638
-216.456,170.886,0.0406842,0.0704215
-212.658,170.886,0.0408732,0.0712541
-208.861,170.886,0.0410708,0.072134
-205.063,170.886,0.0412663,0.0730082
-201.266,170.886,0.041461,0.0738857
-197.468,170.886,0.0416494,0.0746455
-193.671,170.886,0.04183,0.0753893
-189.873,170.886,0.0419839,0.076076
-186.076,170.886,0.0421674,0.0768985
-182.278,170.886,0.0423484,0.0777697
-178.481,170.886,0.0425442,0.0787228
-174.684,170.886,0.0427583,0.0797671
-170.886,170.886,0.0430015,0.0809397
-167.089,170.886,0.0432586,0.082213
-163.291,170.886,0.0435315,0.0835936
-159.494,170.886,0.0438082,0.0849789
-155.696,170.886,0.0440947,0.0864763
-151.899,170.886,0.0443296,0.0878067
-148.101,170.886,0.0445667,0.0891439
-144.304,170.886,0.0448029,0.0905009
-140.506,170.886,0.0450264,0.0918436
-136.709,170.886,0.0452527,0.0931843
-132.911,170.886,0.0454662,0.0944768
-129.114,170.886,0.0456765,0.0957569
-125.316,170.886,0.0458875,0.0971752
-121.519,170.886,0.0460952,0.098602
-117.722,170.886,0.0463013,0.100022
-113.924,170.886,0.0464918,0.101315
-110.127,170.886,0.0466838,0.102595
-106.329,170.886,0.0468619,0.10385
-102.532,170.886,0.0470289,0.105035
-98.7342,170.886,0.0471626,0.106342
-94.9367,170.886,0.0472785,0.107664
-91.1392,170.886,0.0473944,0.108985
-87.3418,170.886,0.0475103,0.110307
-83.5443,170.886,0.0476019,0.111597
-79.7468,170.886,0.0476676,0.112826
-75.9494,170.886,0.0477277,0.114052
-72.1519,170.886,0.0477818,0.115276
-68.3544,170.886,0.0478184,0.116426
-64.557,170.886,0.0478523,0.117524
-60.7595,170.886,0.0478899,0.118609
-56.962,170.886,0.0478733,0.119727
-53.1646,170.886,0.047846,0.120895
-49.3671,170.886,0.0478186,0.122062
-45.5696,170.886,0.0477912,0.12323
-41.7722,170.886,0.0477646,0.124359
-37.9747,170.886,0.0477393,0.125415
-34.1772,170.886,0.047714,0.126471
-30.3797,170.886,0.0476887,0.127527
-26.5823,170.886,0.0476661,0.128585
-22.7848,170.886,0.0476675,0.129663
-18.9873,170.886,0.0476446,0.130779
-15.1899,170.886,0.0475925,0.131932
-11.3924,170.886,0.0475239,0.133074
-7.59494,170.886,0.047449,0.134212
-3.79747,170.886,0.0473602,0.135334
0,170.886,0.0472666,0.136443
-300,174.684,0.0364084,0.0515214
-296.203,174.684,0.0366238,0.0524196
-292.405,174.684,0.0368393,0.0533178
-288.608,174.684,0.0370547,0.054216
-284.81,174.684,0.0372701,0.0551142
-281.013,174.684,0.0374877,0.0559993
-277.215,174.684,0.0377067,0.0568756
-273.418,174.684,0.0379257,0.057752
-269.62,174.684,0.0381357,0.0586072
-265.823,174.684,0.0383492,0.0595081
-262.025,174.684,0.0385517,0.0603996
-258.228,174.684,0.0387505,0.0612756
-254.43,174.684,0.0389302,0.0620759
-250.633,174.684,0.0391405,0.0630217
-246.835,174.684,0.0394081,0.0642117
-243.038,174.684,0.0396751,0.0653996
-239.241,174.684,0.0399191,0.0664271
-235.443,174.684,0.040161,0.0674454
-231.646,174.684,0.0403811,0.0684019
-227.848,174.684,0.0406159,0.0694204
-224.051,174.684,0.0408371,0.0703926
-220.253,174.684,0.0410179,0.0711599
-216.456,174.684,0.041193,0.0719499
-212.658,174.684,0.041375,0.0727659
-208.861,174.684,0.0415557,0.0735741
-205.063,174.684,0.0417561,0.0744581
-201.266,174.684,0.041957,0.0752604
-197.468,174.684,0.0421499,0.076038
-193.671,174.684,0.0423273,0.0767781
-189.873,174.684,0.0425337,0.0776445
-186.076,174.684,0.0427592,0.078583
-182.278,174.684,0.0429814,0.079558
-178.481,174.684,0.0432432,0.0806746
-174.684,174.684,0.0434747,0.0817673
-170.886,174.684,0.0437106,0.0829541
-167.089,174.684,0.0439809,0.0843268
-163.291,174.684,0.044242,0.0856703
-159.494,174.684,0.0444558,0.0869607
-155.696,174.684,0.0446664,0.0882506
-151.899,174.684,0.0448913,0.0895585
-148.101,174.684,0.0451264,0.0908895
-144.304,174.684,0.0453716,0.0922506
-140.506,174.684,0.045609,0.0936087
-136.709,174.684,0.0458243,0.0949002
-132.911,174.684,0.0460346,0.0961803
-129.114,174.684,0.0462357,0.0974915
-125.316,174.684,0.0464433,0.0989183
-121.519,174.684,0.0466339,0.100258
-117.722,174.684,0.0468388,0.101591
-113.924,174.684,0.0470414,0.10293
-110.127,174.684,0.0472122,0.104164
-106.329,174.684,0.0473795,0.10535
-102.532,174.684,0.0475338,0.106554
-98.7342,174.684,0.0476714,0.107887
-94.9367,174.684,0.047809,0.109221
-91.1392,174.684,0.0479339,0.110557
-87.3418,174.684,0.0480438,0.111812
-83.5443,174.684,0.0481206,0.113021
-79.7468,174.684,0.0481864,0.114249
-75.9494,174.684,0.0482521,0.115478
-72.1519,174.684,0.0482854,0.116588
-68.3544,174.684,0.0482915,0.117618
-64.557,174.684,0.048295,0.118638
-60.7595,174.684,0.0482986,0.119659
-56.962,174.684,0.0482298,0.120777
-53.1646,174.684,0.048182,0.121944
-49.3671,174.684,0.0481546,0.123111
-45.5696,174.684,0.0481274,0.124272
-41.7722,174.684,0.0481021,0.125327
-37.9747,174.684,0.0480769,0.126383
-34.1772,174.684,0.0480516,0.127439
-30.3797,174.684,0.0480263,0.128495
-26.5823,174.684,0.0480011,0.12955
-22.7848,174.684,0.0479758,0.130606
-18.9873,174.684,0.0479749,0.131682
-15.1899,174.684,0.0479446,0.132824
-11.3924,174.684,0.0479033,0.133987
-7.59494,174.684,0.0478471,0.13514
-3.79747,174.684,0.0477785,0.136282
0,174.684,0.0476952,0.137403
-300,178.481,0.0369593,0.0531192
-296.203,178.481,0.0371789,0.0540283
-292.405,178.481,0.0373943,0.0549265
-288.608,178.481,0.0376098,0.0558247
-284.81,178.481,0.0378252,0.0567229
-281.013,178.481,0.03804,0.0576199
-277.215,178.481,0.0382492,0.0584791
-273.418,178.481,0.03847,0.0594124
-269.62,178.481,0.0386891,0.0603518
-265.823,178.481,0.0389005,0.0612719
-262.025,178.481,0.039082,0.0620796
-258.228,178.481,0.0392468,0.0628201
-254.43,178.481,0.0394748,0.0638404
-250.633,178.481,0.0397475,0.0650391
-246.835,178.481,0.040027,0.066222
-243.038,178.481,0.0402779,0.0672612
-239.241,178.481,0.0405243,0.0682979
-235.443,178.481,0.0407475,0.0692662
-231.646,178.481,0.0409647,0.0702282
-227.848,178.481,0.0411612,0.0711175
-224.051,178.481,0.0413146,0.0718088
-220.253,178.481,0.0414734,0.0725329
-216.456,178.481,0.0416463,0.073313
-212.658,178.481,0.041827,0.0741212
-208.861,178.481,0.0420375,0.0750407
-205.063,178.481,0.0422393,0.0758469
-201.266,178.481,0.0424338,0.0766289
-197.468,178.481,0.042631,0.0774315
-193.671,178.481,0.0428633,0.078376
-189.873,178.481,0.0430909,0.079321
-186.076,178.481,0.0433467,0.0803746
-182.278,178.481,0.0436144,0.0814624
-178.481,178.481,0.0438798,0.0825526
-174.684,178.481,0.0441314,0.0836597
-170.886,178.481,0.0444141,0.0850342
-167.089,178.481,0.0446324,0.0862278
-163.291,178.481,0.044841,0.0874809
-159.494,178.481,0.0450549,0.0887804
-155.696,178.481,0.0452664,0.090075
-151.899,178.481,0.0454773,0.0913649
-148.101,178.481,0.045695,0.0926567
-144.304,178.481,0.0459244,0.09397
-140.506,178.481,0.0461574,0.0952852
-136.709,178.481,0.0463801,0.096584
-132.911,178.481,0.0465852,0.0978295
-129.114,178.481,0.0467768,0.099166
-125.316,178.481,0.0469809,0.100534
-121.519,178.481,0.0471914,0.101896
-117.722,178.481,0.0473938,0.103243
-113.924,178.481,0.0475729,0.104502
-110.127,178.481,0.0477451,0.105696
-106.329,178.481,0.0479133,0.106837
-102.532,178.481,0.0480551,0.108145
-98.7342,178.481,0.0481927,0.109478
-94.9367,178.481,0.0483303,0.110812
-91.1392,178.481,0.0484569,0.112061
-87.3418,178.481,0.0485662,0.113229
-83.5443,178.481,0.0486394,0.114444
-79.7468,178.481,0.0486926,0.115623
-75.9494,178.481,0.0487108,0.116649
-72.1519,178.481,0.048729,0.117675
-68.3544,178.481,0.0487337,0.118696
-64.557,178.481,0.0487373,0.119717
-60.7595,178.481,0.0487408,0.120737
-56.962,178.481,0.0486555,0.121878
-53.1646,178.481,0.0485623,0.12303
-49.3671,178.481,0.0484986,0.124167
-45.5696,178.481,0.048465,0.125239
-41.7722,178.481,0.0484397,0.126295
-37.9747,178.481,0.0484144,0.127351
-34.1772,178.481,0.0483892,0.128407
-30.3797,178.481,0.0483639,0.129463
-26.5823,178.481,0.0483386,0.130518
-22.7848,178.481,0.0483134,0.131574
-18.9873,178.481,0.0482881,0.13263
-15.1899,178.481,0.0482823,0.133702
-11.3924,178.481,0.0482413,0.134864
-7.59494,178.481,0.0481999,0.136027
-3.79747,178.481,0.0481505,0.137185
0,178.481,0.0480933,0.138332
-300,182.278,0.0374978,0.0546846
-296.203,182.278,0.0377242,0.0556115
-292.405,182.278,0.0379428,0.0565235
-288.608,182.278,0.0381484,0.0574046
-284.81,182.278,0.0383609,0.0583216
-281.013,182.278,0.0385712,0.0592475
-277.215,182.278,0.038788,0.0602004
-273.418,182.278,0.039007,0.0611398
-269.62,182.278,0.0392072,0.0620028
-265.823,182.278,0.0393874,0.0627876
-262.025,182.278,0.0395635,0.0635652
-258.228,182.278,0.0398263,0.0646881
-254.43,182.278,0.0401142,0.0659124
-250.633,182.278,0.0403859,0.067056
-246.835,182.278,0.0406419,0.0681163
-243.038,182.278,0.0408792,0.0691282
-239.241,182.278,0.0410821,0.0700345
-235.443,182.278,0.0412774,0.0709237
-231.646,182.278,0.0414433,0.071709
-227.848,182.278,0.0415917,0.0723791
-224.051,182.278,0.0417491,0.0730959
-220.253,182.278,0.0419176,0.0738601
-216.456,182.278,0.04211,0.0747128
-212.658,182.278,0.0423221,0.0756381
-208.861,182.278,0.0425216,0.0764334
-205.063,182.278,0.0427262,0.0772397
-201.266,182.278,0.042943,0.0780917
-197.468,182.278,0.043182,0.0790649
-193.671,182.278,0.0434125,0.0800423
-189.873,182.278,0.0436732,0.0811134
-186.076,182.278,0.0439378,0.0821938
-182.278,182.278,0.0442054,0.0832817
-178.481,182.278,0.0444742,0.0843841
-174.684,182.278,0.0447391,0.0855762
-170.886,182.278,0.0449594,0.0866969
-167.089,182.278,0.0451809,0.0879193
-163.291,182.278,0.0453984,0.0892193
-159.494,182.278,0.0456124,0.0905188
-155.696,182.278,0.0458264,0.0918183
-151.899,182.278,0.0460369,0.0931046
-148.101,182.278,0.0462489,0.0943814
-144.304,182.278,0.046463,0.0956475
-140.506,182.278,0.0466682,0.0968863
-136.709,182.278,0.0468791,0.0981094
-132.911,182.278,0.0471058,0.0994702
-129.114,182.278,0.0473319,0.100837
-125.316,182.278,0.0475634,0.10226
-121.519,182.278,0.0477551,0.103569
-117.722,182.278,0.0479421,0.104861
-113.924,182.278,0.0481138,0.106049
-110.127,182.278,0.0482819,0.10719
-106.329,182.278,0.0484388,0.108402
-102.532,182.278,0.0485764,0.109736
-98.7342,182.278,0.048714,0.111069
-94.9367,182.278,0.0488402,0.112315
-91.1392,182.278,0.0489563,0.113482
-87.3418,182.278,0.0490543,0.114583
-83.5443,182.278,0.0491072,0.115672
-79.7468,182.278,0.0491254,0.116698
-75.9494,182.278,0.0491436,0.117724
-72.1519,182.278,0.0491618,0.11875
-68.3544,182.278,0.049176,0.119774
-64.557,182.278,0.0491795,0.120795
-60.7595,182.278,0.0491766,0.121824
-56.962,182.278,0.0490812,0.122978
-53.1646,182.278,0.0489857,0.124132
-49.3671,182.278,0.048908,0.12522
-45.5696,182.278,0.0488466,0.126245
-41.7722,182.278,0.0487852,0.12727
-37.9747,182.278,0.048752,0.128319
-34.1772,182.278,0.0487267,0.129375
-30.3797,182.278,0.0487015,0.130431
-26.5823,182.278,0.0486762,0.131486
-22.7848,182.278,0.0486509,0.132542
-18.9873,182.278,0.0486257,0.133598
-15.1899,182.278,0.0486004,0.134654
-11.3924,182.278,0.0485794,0.135742
-7.59494,182.278,0.048538,0.136905
-3.79747,182.278,0.0484966,0.138068
0,182.278,0.0484533,0.139224
-300,186.076,0.0380206,0.0562225
-296.203,186.076,0.0382383,0.0571427
-292.405,186.076,0.0384594,0.0580964
-288.608,186.076,0.038678,0.0590431
-284.81,186.076,0.0388949,0.0600001
-281.013,186.076,0.0391104,0.060961
-277.215,186.076,0.0393118,0.0618629
-273.418,186.076,0.0394944,0.062667
-269.62,186.076,0.0396872,0.0634731
-265.823,186.076,0.039891,0.064315
-262.025,186.076,0.0401825,0.0655319
-258.228,186.076,0.0404733,0.066764
-254.43,186.076,0.0407358,0.0678701
-250.633,186.076,0.0409864,0.0689166
-246.835,186.076,0.0412022,0.0698498
-243.038,186.076,0.0413871,0.0706917
-239.241,186.076,0.0415574,0.07151
-235.443,186.076,0.0417204,0.0722793
-231.646,186.076,0.0418688,0.0729494
-227.848,186.076,0.042025,0.0736598
-224.051,186.076,0.0421969,0.0744381
-220.253,186.076,0.0423945,0.0753102
-216.456,186.076,0.0426066,0.0762356
-212.658,186.076,0.0428039,0.07702
-208.861,186.076,0.0430329,0.0778835
-205.063,186.076,0.0432421,0.0787169
-201.266,186.076,0.0434778,0.0796849
-197.468,186.076,0.0437418,0.0807816
-193.671,186.076,0.0440075,0.081871
-189.873,186.076,0.0442682,0.0829421
-186.076,186.076,0.0445289,0.0840132
-182.278,186.076,0.0447838,0.0850646
-178.481,186.076,0.045022,0.0861146
-174.684,186.076,0.0452363,0.0871534
-170.886,186.076,0.0454624,0.0883503
-167.089,186.076,0.0457008,0.0896529
-163.291,186.076,0.0459393,0.0909555
-159.494,186.076,0.0461698,0.0922572
-155.696,186.076,0.0463715,0.0935102
-151.899,186.076,0.0465768,0.0947764
-148.101,186.076,0.0467804,0.0960285
-144.304,186.076,0.046975,0.0972305
-140.506,186.076,0.0471776,0.0984529
-136.709,186.076,0.0473967,0.0997393
-132.911,186.076,0.0476279,0.101116
-129.114,186.076,0.0478556,0.102479
-125.316,186.076,0.0480606,0.103798
-121.519,186.076,0.0482656,0.105118
-117.722,186.076,0.0484466,0.106328
-113.924,186.076,0.04862,0.10748
-110.127,186.076,0.0487935,0.108632
-106.329,186.076,0.0489397,0.109955
-102.532,186.076,0.0490827,0.111298
-98.7342,186.076,0.0492039,0.112514
-94.9367,186.076,0.0493067,0.113624
-91.1392,186.076,0.0494086,0.114732
-87.3418,186.076,0.049475,0.115741
-83.5443,186.076,0.0495138,0.116758
-79.7468,186.076,0.0495526,0.117775
-75.9494,186.076,0.0495765,0.118799
-72.1519,186.076,0.0495947,0.119825
-68.3544,186.076,0.0496129,0.120851
-64.557,186.076,0.0496218,0.121873
-60.7595,186.076,0.0496023,0.122925
-56.962,186.076,0.0495068,0.124079
-53.1646,186.076,0.0494119,0.125207
-49.3671,186.076,0.0493186,0.12625
-45.5696,186.076,0.0492565,0.127275
-41.7722,186.076,0.0491951,0.1283
-37.9747,186.076,0.0491337,0.129325
-34.1772,186.076,0.0490723,0.13035
-30.3797,186.076,0.0490391,0.131399
-26.5823,186.076,0.0490138,0.132454
-22.7848,186.076,0.0489885,0.13351
-18.9873,186.076,0.0489632,0.134566
-15.1899,186.076,0.048938,0.135622
-11.3924,186.076,0.0489127,0.136677
-7.59494,186.076,0.0488761,0.137783
-3.79747,186.076,0.0488347,0.138946
0,186.076,0.0487962,0.140107
-300,189.873,0.0385388,0.0578181
-296.203,189.873,0.0387574,0.0587648
-292.405,189.873,0.0389768,0.0597174
-288.608,189.873,0.0392014,0.0607039
-284.81,189.873,0.0394104,0.0616257
-281.013,189.873,0.0396158,0.0625141
-277.215,189.873,0.0398049,0.0633364
-273.418,189.873,0.0399944,0.0641568
-269.62,189.873,0.0402058,0.0650359
-265.823,189.873,0.0404981,0.0662646
-262.025,189.873,0.0407991,0.0675296
-258.228,189.873,0.0410644,0.0686249
-254.43,189.873,0.0413051,0.0696151
-250.633,189.873,0.0415022,0.0704826
-246.835,189.873,0.0416671,0.0712781
-243.038,189.873,0.0418384,0.0721022
-239.241,189.873,0.0419975,0.0728496
-235.443,189.873,0.042147,0.073524
-231.646,189.873,0.0423091,0.0742553
-227.848,189.873,0.0424789,0.0750263
-224.051,189.873,0.042679,0.0759077
-220.253,189.873,0.0428885,0.0768258
-216.456,189.873,0.04309,0.0776122
-212.658,189.873,0.0433265,0.0784916
-208.861,189.873,0.0435374,0.0793328
-205.063,189.873,0.0437758,0.0803219
-201.266,189.873,0.0440568,0.0814685
-197.468,189.873,0.0443393,0.0826193
-193.671,189.873,0.0446025,0.0836997
-189.873,189.873,0.0448605,0.0847623
-186.076,189.873,0.045071,0.0856717
-182.278,189.873,0.0452961,0.0866718
-178.481,189.873,0.0455151,0.0876778
-174.684,189.873,0.0457368,0.0887853
-170.886,189.873,0.0459779,0.0900936
-167.089,189.873,0.0462263,0.0914292
-163.291,189.873,0.0464614,0.0927171
-159.494,189.873,0.0466888,0.0939804
-155.696,189.873,0.0469049,0.0951907
-151.899,189.873,0.0471034,0.0963737
-148.101,189.873,0.0472895,0.0975575
-144.304,189.873,0.0475098,0.0989047
-140.506,189.873,0.0477264,0.100129
-136.709,189.873,0.0479586,0.101513
-132.911,189.873,0.0481571,0.102784
-129.114,189.873,0.0483557,0.104055
-125.316,189.873,0.0485534,0.105336
-121.519,189.873,0.0487506,0.106577
-117.722,189.873,0.0489328,0.107729
-113.924,189.873,0.0491114,0.108881
-110.127,189.873,0.0492701,0.110108
-106.329,189.873,0.0493945,0.111385
-102.532,189.873,0.0495065,0.112566
-98.7342,189.873,0.0496094,0.113676
-94.9367,189.873,0.0497096,0.114773
-91.1392,189.873,0.0497838,0.115748
-87.3418,189.873,0.0498382,0.116757
-83.5443,189.873,0.0498827,0.117783
-79.7468,189.873,0.0499271,0.11881
-75.9494,189.873,0.0499715,0.119836
-72.1519,189.873,0.0500079,0.120867
-68.3544,189.873,0.0500318,0.121902
-64.557,189.873,0.0500553,0.122938
-60.7595,189.873,0.0500252,0.124021
-56.962,189.873,0.0499325,0.12518
-53.1646,189.873,0.0498391,0.126227
-49.3671,189.873,0.0497458,0.12727
-45.5696,189.873,0.0496664,0.128305
-41.7722,189.873,0.049605,0.12933
-37.9747,189.873,0.0495436,0.130354
-34.1772,189.873,0.0494822,0.131379
-30.3797,189.873,0.0494208,0.132404
-26.5823,189.873,0.0493594,0.133429
-22.7848,189.873,0.0493261,0.134478
-18.9873,189.873,0.0493008,0.135534
-15.1899,189.873,0.0492756,0.13659
-11.3924,189.873,0.0492503,0.137645
-7.59494,189.873,0.0492261,0.138704
-3.79747,189.873,0.049178,0.139839
0,189.873,0.0491431,0.141011
-300,193.671,0.039047,0.0594097
-296.203,193.671,0.0392648,0.0603683
-292.405,193.671,0.0394694,0.0612771
-288.608,193.671,0.0396929,0.0622177
-284.81,193.671,0.0398933,0.0630694
-281.013,193.671,0.0400931,0.0639186
-277.215,193.671,0.0402928,0.0647679
-273.418,193.671,0.0405196,0.0657427
-269.62,193.671,0.0408079,0.0669714
-265.823,193.671,0.0410956,0.068186
-262.025,193.671,0.0413485,0.0692271
-258.228,193.671,0.0415947,0.0702387
-254.43,193.671,0.0417679,0.07103
-250.633,193.671,0.0419471,0.0718644
-246.835,193.671,0.0421204,0.0727004
-243.038,193.671,0.0422768,0.0734284
-239.241,193.671,0.0424325,0.074127
-235.443,193.671,0.0425932,0.0748509
-231.646,193.671,0.0427613,0.0756174
-227.848,193.671,0.0429541,0.0764788
-224.051,193.671,0.0431585,0.0773829
-220.253,193.671,0.0433843,0.0782305
-216.456,193.671,0.0436201,0.0790997
-212.658,193.671,0.0438364,0.079978
-208.861,193.671,0.0440893,0.0810045
-205.063,193.671,0.0443718,0.0821553
-201.266,193.671,0.0446543,0.0833061
-197.468,193.671,0.0449367,0.0844569
-193.671,193.671,0.0451539,0.0853824
-189.873,193.671,0.0453593,0.0862739
-186.076,193.671,0.0455825,0.0872633
-182.278,193.671,0.0458056,0.0882852
-178.481,193.671,0.0460421,0.0893885
-174.684,193.671,0.0462822,0.090626
-170.886,193.671,0.0465118,0.0918976
-167.089,193.671,0.0467393,0.0931609
-163.291,193.671,0.046956,0.0943746
-159.494,193.671,0.0471663,0.0955582
-155.696,193.671,0.0473766,0.0967419
-151.899,193.671,0.0476029,0.0980164
-148.101,193.671,0.0478371,0.0992966
-144.304,193.671,0.0480652,0.100532
-140.506,193.671,0.0482771,0.10186
-136.709,193.671,0.048473,0.103132
-132.911,193.671,0.0486715,0.104403
-129.114,193.671,0.0488701,0.105674
-125.316,193.671,0.0490639,0.106873
-121.519,193.671,0.0492405,0.108002
-117.722,193.671,0.0493976,0.109092
-113.924,193.671,0.0495597,0.110186
-110.127,193.671,0.0496962,0.111441
-106.329,193.671,0.0498092,0.112617
-102.532,193.671,0.049912,0.113727
-98.7342,193.671,0.0500034,0.114783
-94.9367,193.671,0.0500775,0.115757
-91.1392,193.671,0.0501503,0.116734
-87.3418,193.671,0.0501947,0.117761
-83.5443,193.671,0.0502392,0.118787
-79.7468,193.671,0.0502836,0.119814
-75.9494,193.671,0.050328,0.12084
-72.1519,193.671,0.0503725,0.121867
-68.3544,193.671,0.0504158,0.122894
-64.557,193.671,0.0504397,0.12393
-60.7595,193.671,0.0503995,0.125038
-56.962,193.671,0.0503114,0.126125
-53.1646,193.671,0.050224,0.127178
-49.3671,193.671,0.0501366,0.12823
-45.5696,193.671,0.0500492,0.129283
-41.7722,193.671,0.0499922,0.130318
-37.9747,193.671,0.0499363,0.131353
-34.1772,193.671,0.0498804,0.132388
-30.3797,193.671,0.0498245,0.133423
-26.5823,193.671,0.0497687,0.134458
-22.7848,193.671,0.0497079,0.135484
-18.9873,193.671,0.0496465,0.136509
-15.1899,193.671,0.0496149,0.137563
-11.3924,193.671,0.0495937,0.138631
-7.59494,193.671,0.0495725,0.139699
-3.79747,193.671,0.0495513,0.140766
0,193.671,0.0494899,0.141915
-300,197.468,0.0395353,0.0609389
-296.203,197.468,0.0397588,0.0618795
-292.405,197.468,0.0399701,0.0627729
-288.608,197.468,0.0401699,0.0636221
-284.81,197.468,0.0403673,0.0644616
-281.013,197.468,0.0405569,0.0652673
-277.215,197.468,0.0407962,0.066288
-273.418,197.468,0.0410901,0.0675552
-269.62,197.468,0.0413846,0.0688124
-265.823,197.468,0.0416324,0.069828
-262.025,197.468,0.0418454,0.0707467
-258.228,197.468,0.0420219,0.0715577
-254.43,197.468,0.0422055,0.0724089
-250.633,197.468,0.0423931,0.0732849
-246.835,197.468,0.0425622,0.0740311
-243.038,197.468,0.042717,0.0747272
-239.241,197.468,0.0428694,0.0754253
-235.443,197.468,0.0430324,0.076178
-231.646,197.468,0.0432241,0.0770359
-227.848,197.468,0.0434463,0.0779822
-224.051,197.468,0.0436785,0.0788487
-220.253,197.468,0.0439144,0.0797262
-216.456,197.468,0.0441354,0.0806232
-212.658,197.468,0.0444043,0.0816914
-208.861,197.468,0.0446868,0.0828422
-205.063,197.468,0.0449706,0.0839957
-201.266,197.468,0.0452284,0.0850562
-197.468,197.468,0.0454627,0.0860407
-193.671,197.468,0.0456797,0.0869706
-189.873,197.468,0.0458928,0.0879231
-186.076,197.468,0.0461108,0.088932
-182.278,197.468,0.0463378,0.0900146
-178.481,197.468,0.0465624,0.0911133
-174.684,197.468,0.0467897,0.0923414
-170.886,197.468,0.0470072,0.0935585
-167.089,197.468,0.0472175,0.0947421
-163.291,197.468,0.0474278,0.0959258
-159.494,197.468,0.0476473,0.0971616
-155.696,197.468,0.0478835,0.0984937
-151.899,197.468,0.0481141,0.0997099
-148.101,197.468,0.0483555,0.100945
-144.304,197.468,0.0485739,0.102208
-140.506,197.468,0.0487872,0.103477
-136.709,197.468,0.0489899,0.104749
-132.911,197.468,0.049186,0.106021
-129.114,197.468,0.0493734,0.107188
-125.316,197.468,0.0495432,0.108302
-121.519,197.468,0.0497006,0.109352
-117.722,197.468,0.049852,0.110401
-113.924,197.468,0.0499796,0.111548
-110.127,197.468,0.0500929,0.112695
-106.329,197.468,0.0502072,0.113789
-102.532,197.468,0.0502971,0.114792
-98.7342,197.468,0.0503712,0.115767
-94.9367,197.468,0.0504454,0.116741
-91.1392,197.468,0.0505068,0.117738
-87.3418,197.468,0.0505513,0.118765
-83.5443,197.468,0.0505957,0.119791
-79.7468,197.468,0.0506401,0.120818
-75.9494,197.468,0.0506846,0.121844
-72.1519,197.468,0.050729,0.122871
-68.3544,197.468,0.0507734,0.123897
-64.557,197.468,0.0508179,0.124924
-60.7595,197.468,0.0507746,0.126009
-56.962,197.468,0.0506872,0.127061
-53.1646,197.468,0.0505998,0.128114
-49.3671,197.468,0.0505124,0.129167
-45.5696,197.468,0.050425,0.130219
-41.7722,197.468,0.0503543,0.131262
-37.9747,197.468,0.0502984,0.132297
-34.1772,197.468,0.0502426,0.133332
-30.3797,197.468,0.0501867,0.134367
-26.5823,197.468,0.0501308,0.135402
-22.7848,197.468,0.0500782,0.136446
-18.9873,197.468,0.0500263,0.137493
-15.1899,197.468,0.0499744,0.138539
-11.3924,197.468,0.0499224,0.139586
-7.59494,197.468,0.0499028,0.14066
-3.79747,197.468,0.0498859,0.141736
0,197.468,0.0498597,0.142828
-300,201.266,0.0400583,0.0625128
-296.203,201.266,0.0402393,0.0632943
-292.405,201.266,0.0404288,0.0641
-288.608,201.266,0.0406184,0.0649058
-284.81,201.266,0.0408082,0.0657206
-281.013,201.266,0.0410644,0.0668145
-277.215,201.266,0.0413583,0.0680816
-273.418,201.266,0.0416522,0.0693488
-269.62,201.266,0.041883,0.0703479
-265.823,201.266,0.0420922,0.0712463
-262.025,201.266,0.042274,0.0720761
-258.228,201.266,0.0424661,0.0729655
-254.43,201.266,0.0426556,0.0738466
-250.633,201.266,0.0428162,0.0745559
-246.835,201.266,0.0429766,0.0752639
-243.038,201.266,0.043139,0.0759823
-239.241,201.266,0.0433044,0.0767417
-235.443,201.266,0.0434942,0.077593
-231.646,201.266,0.04374,0.0785959
-227.848,201.266,0.043975,0.079484
-224.051,201.266,0.0442091,0.0803576
-220.253,201.266,0.0444545,0.0813295
-216.456,201.266,0.0447387,0.0824381
-212.658,201.266,0.0450192,0.0835712
-208.861,201.266,0.0452888,0.0846688
-205.063,201.266,0.0455201,0.0856462
-201.266,201.266,0.0457507,0.0866214
-197.468,201.266,0.0459825,0.0876135
-193.671,201.266,0.0461878,0.0885363
-189.873,201.266,0.046407,0.0895548
-186.076,201.266,0.0466266,0.0906094
-182.278,201.266,0.0468439,0.0916718
-178.481,201.266,0.0470583,0.0927579
-174.684,201.266,0.0472686,0.093926
-170.886,201.266,0.0474789,0.0951097
-167.089,201.266,0.0476916,0.0963069
-163.291,201.266,0.0479267,0.0976313
-159.494,201.266,0.0481639,0.0989301
-155.696,201.266,0.0483929,0.100129
-151.899,201.266,0.048617,0.101314
-148.101,201.266,0.0488333,0.102566
-144.304,201.266,0.0490505,0.103834
-140.506,201.266,0.0492677,0.105102
-136.709,201.266,0.0494681,0.106306
-132.911,201.266,0.0496489,0.107422
-129.114,201.266,0.0498273,0.10854
-125.316,201.266,0.0499904,0.109625
-121.519,201.266,0.0501471,0.110685
-117.722,201.266,0.0503049,0.11173
-113.924,201.266,0.0504153,0.112847
-110.127,201.266,0.0505072,0.113911
-106.329,201.266,0.0505709,0.114843
-102.532,201.266,0.0506513,0.115795
-98.7342,201.266,0.0507369,0.116754
-94.9367,201.266,0.0508132,0.117725
-91.1392,201.266,0.0508633,0.118742
-87.3418,201.266,0.0509078,0.119768
-83.5443,201.266,0.0509522,0.120795
-79.7468,201.266,0.0509966,0.121822
-75.9494,201.266,0.0510411,0.122848
-72.1519,201.266,0.0510855,0.123875
-68.3544,201.266,0.05113,0.124901
-64.557,201.266,0.0511746,0.125913
-60.7595,201.266,0.0511377,0.126951
-56.962,201.266,0.051063,0.127998
-53.1646,201.266,0.0509756,0.12905
-49.3671,201.266,0.0508882,0.130103
-45.5696,201.266,0.0508008,0.131155
-41.7722,201.266,0.0507165,0.132206
-37.9747,201.266,0.0506606,0.133241
-34.1772,201.266,0.0506056,0.134278
-30.3797,201.266,0.0505537,0.135325
-26.5823,201.266,0.0505018,0.136372
-22.7848,201.266,0.0504499,0.137418
-18.9873,201.266,0.050398,0.138465
-15.1899,201.266,0.0503461,0.139511
-11.3924,201.266,0.0502942,0.140558
-7.59494,201.266,0.0502423,0.141605
-3.79747,201.266,0.0501953,0.142655
0,201.266,0.0501808,0.143728
-300,205.063,0.0405539,0.0639362
-296.203,205.063,0.0407313,0.0647041
-292.405,205.063,0.0409016,0.0654516
-288.608,205.063,0.0410941,0.0662898
-284.81,205.063,0.0413478,0.0673886
-281.013,205.063,0.0416298,0.0686184
-277.215,205.063,0.0419009,0.0698244
-273.418,205.063,0.042125,0.0708195
-269.62,205.063,0.0423265,0.0717231
-265.823,205.063,0.0425165,0.0725814
-262.025,205.063,0.0427134,0.073488
-258.228,205.063,0.0428957,0.074314
-254.43,205.063,0.0430619,0.0750526
-250.633,205.063,0.0432247,0.0757731
-246.835,205.063,0.0433857,0.076484
-243.038,205.063,0.043565,0.0772821
-239.241,205.063,0.043786,0.0782048
-235.443,205.063,0.0440505,0.0792726
-231.646,205.063,0.0442999,0.0802188
-227.848,205.063,0.0445451,0.0811257
-224.051,205.063,0.0448023,0.0821207
-220.253,205.063,0.0450645,0.08315
-216.456,205.063,0.0453332,0.0842324
-212.658,205.063,0.0455678,0.0852201
-208.861,205.063,0.0457984,0.0861953
-205.063,205.063,0.046031,0.0871809
-201.266,205.063,0.0462637,0.0881816
-197.468,205.063,0.0464829,0.0891496
-193.671,205.063,0.0466967,0.0901532
-189.873,205.063,0.0469111,0.0911877
-186.076,205.063,0.0471154,0.0921806
-182.278,205.063,0.0473229,0.0932282
-178.481,205.063,0.0475315,0.0943122
-174.684,205.063,0.0477404,0.0954772
-170.886,205.063,0.047971,0.0967765
-167.089,205.063,0.0482136,0.0981492
-163.291,205.063,0.0484426,0.0993488
-159.494,205.063,0.0486716,0.100547
-155.696,205.063,0.0488767,0.101678
-151.899,205.063,0.0490926,0.102924
-148.101,205.063,0.0493033,0.104172
-144.304,205.063,0.0495001,0.105378
-140.506,205.063,0.0496949,0.106557
-136.709,205.063,0.0498846,0.10767
-132.911,205.063,0.0500744,0.108783
-129.114,205.063,0.0502628,0.109895
-125.316,205.063,0.0504268,0.110951
-121.519,205.063,0.0505931,0.112008
-117.722,205.063,0.0507247,0.113035
-113.924,205.063,0.0508236,0.114044
-110.127,205.063,0.0508969,0.114968
-106.329,205.063,0.0509607,0.1159
-102.532,205.063,0.0510244,0.116832
-98.7342,205.063,0.0510882,0.117763
-94.9367,205.063,0.0511671,0.118731
-91.1392,205.063,0.0512199,0.119746
-87.3418,205.063,0.0512643,0.120772
-83.5443,205.063,0.0513087,0.121799
-79.7468,205.063,0.0513532,0.122826
-75.9494,205.063,0.0513976,0.123852
-72.1519,205.063,0.051442,0.124879
-68.3544,205.063,0.0514865,0.125905
-64.557,205.063,0.0515258,0.126845
-60.7595,205.063,0.0514823,0.127897
-56.962,205.063,0.0514191,0.128942
-53.1646,205.063,0.0513514,0.129986
-49.3671,205.063,0.051264,0.131039
-45.5696,205.063,0.0511766,0.132091
-41.7722,205.063,0.0510917,0.133151
-37.9747,205.063,0.0510293,0.134204
-34.1772,205.063,0.0509774,0.135251
-30.3797,205.063,0.0509255,0.136297
-26.5823,205.063,0.0508736,0.137344
-22.7848,205.063,0.0508217,0.13839
-18.9873,205.063,0.0507698,0.139437
-15.1899,205.063,0.0507178,0.140484
-11.3924,205.063,0.0506659,0.14153
-7.59494,205.063,0.050614,0.142577
-3.79747,205.063,0.0505621,0.143623
0,205.063,0.0505129,0.144667
-300,208.861,0.0410316,0.0653039
-296.203,208.861,0.041213,0.0660933
-292.405,208.861,0.0414122,0.0669602
-288.608,208.861,0.041674,0.0680965
-284.81,208.861,0.0419385,0.0692812
-281.013,208.861,0.0421916,0.070434
-277.215,208.861,0.0423992,0.0713796
-273.418,208.861,0.042583,0.0722394
-269.62,208.861,0.042763,0.0731078
-265.823,208.861,0.0429503,0.0739897
-262.025,208.861,0.0431195,0.0747469
-258.228,208.861,0.0432924,0.0754996
-254.43,208.861,0.043474,0.0762812
-250.633,208.861,0.0436546,0.077061
-246.835,208.861,0.0438527,0.0779189
-243.038,208.861,0.0441047,0.0789323
-239.241,208.861,0.0443718,0.0800154
-235.443,208.861,0.0446186,0.0809359
-231.646,208.861,0.0448526,0.0817936
-227.848,208.861,0.0451119,0.0827804
-224.051,208.861,0.045374,0.0838093
-220.253,208.861,0.0456154,0.0847939
-216.456,208.861,0.045846,0.0857691
-212.658,208.861,0.0460766,0.0867443
-208.861,208.861,0.046312,0.087744
-205.063,208.861,0.0465382,0.0887249
-201.266,208.861,0.0467578,0.089688
-197.468,208.861,0.0469812,0.0907315
-193.671,208.861,0.0471812,0.0916992
-189.873,208.861,0.0473811,0.092667
-186.076,208.861,0.0475878,0.0937059
-182.278,208.861,0.0477953,0.0947535
-178.481,208.861,0.0480182,0.0959435
-174.684,208.861,0.0482559,0.097272
-170.886,208.861,0.0484924,0.098569
-167.089,208.861,0.0487214,0.0997675
-163.291,208.861,0.0489402,0.100937
-159.494,208.861,0.0491376,0.102045
-155.696,208.861,0.0493341,0.103228
-151.899,208.861,0.0495308,0.104433
-148.101,208.861,0.0497276,0.105639
-144.304,208.861,0.0499217,0.106808
-140.506,208.861,0.0501114,0.107921
-136.709,208.861,0.0503012,0.109034
-132.911,208.861,0.0504909,0.110147
-129.114,208.861,0.0506735,0.11123
-125.316,208.861,0.0508486,0.112282
-121.519,208.861,0.0510016,0.113248
-117.722,208.861,0.0511093,0.11417
-113.924,208.861,0.0511946,0.115116
-110.127,208.861,0.051277,0.116033
-106.329,208.861,0.0513504,0.116957
-102.532,208.861,0.0514141,0.117889
-98.7342,208.861,0.0514779,0.118821
-94.9367,208.861,0.0515295,0.119773
-91.1392,208.861,0.051562,0.120769
-87.3418,208.861,0.0516177,0.121781
-83.5443,208.861,0.0516652,0.122803
-79.7468,208.861,0.0517097,0.123829
-75.9494,208.861,0.0517541,0.124856
-72.1519,208.861,0.0517986,0.125883
-68.3544,208.861,0.0518438,0.126844
-64.557,208.861,0.0518684,0.127791
-60.7595,208.861,0.0518249,0.128843
-56.962,208.861,0.0517675,0.12989
-53.1646,208.861,0.0517006,0.130934
-49.3671,208.861,0.0516371,0.131988
-45.5696,208.861,0.0515606,0.133052
-41.7722,208.861,0.0514771,0.134116
-37.9747,208.861,0.051401,0.135176
-34.1772,208.861,0.0513491,0.136223
-30.3797,208.861,0.0512972,0.137269
-26.5823,208.861,0.0512453,0.138316
-22.7848,208.861,0.0511934,0.139363
-18.9873,208.861,0.0511415,0.140409
-15.1899,208.861,0.0510896,0.141456
-11.3924,208.861,0.0510369,0.142501
-7.59494,208.861,0.0509797,0.143539
-3.79747,208.861,0.0509224,0.144577
0,208.861,0.0508679,0.145611
-300,212.658,0.0415155,0.066716
-296.203,212.658,0.0417187,0.0676006
-292.405,212.658,0.0419701,0.0687201
-288.608,212.658,0.0422262,0.0698817
-284.81,212.658,0.0424682,0.0710024
-281.013,212.658,0.0426614,0.071908
-277.215,212.658,0.0428527,0.0728005
-273.418,212.658,0.0430371,0.0737119
-269.62,212.658,0.0432308,0.0746193
-265.823,212.658,0.0434071,0.0753853
-262.025,212.658,0.0435835,0.0761513
-258.228,212.658,0.0437599,0.0769173
-254.43,212.658,0.0439363,0.0776833
-250.633,212.658,0.0441656,0.0786322
-246.835,212.658,0.0444142,0.0796462
-243.038,212.658,0.0446633,0.0806616
-239.241,212.658,0.0449048,0.0815679
-235.443,212.658,0.0451588,0.0824746
-231.646,212.658,0.0454206,0.0834451
-227.848,212.658,0.0456707,0.0844294
-224.051,212.658,0.0458937,0.0853429
-220.253,212.658,0.0461235,0.0863151
-216.456,212.658,0.0463489,0.0872707
-212.658,212.658,0.046581,0.0882625
-208.861,212.658,0.0467996,0.0892182
-205.063,212.658,0.0470144,0.0901561
-201.266,212.658,0.0472357,0.0911808
-197.468,212.658,0.0474477,0.0921939
-193.671,212.658,0.0476476,0.0931617
-189.873,212.658,0.0478527,0.0941835
-186.076,212.658,0.0480669,0.0952703
-182.278,212.658,0.0483003,0.0964696
-178.481,212.658,0.0485465,0.097814
-174.684,212.658,0.0487739,0.098982
-170.886,212.658,0.0490002,0.100186
-167.089,212.658,0.0491964,0.101291
-163.291,212.658,0.0493753,0.102347
-159.494,212.658,0.0495616,0.103489
-155.696,212.658,0.0497584,0.104694
-151.899,212.658,0.0499551,0.1059
-148.101,212.658,0.0501485,0.10706
-144.304,212.658,0.0503382,0.108173
-140.506,212.658,0.050528,0.109286
-136.709,212.658,0.0507177,0.110398
-132.911,212.658,0.0509075,0.111511
-129.114,212.658,0.0510833,0.112566
-125.316,212.658,0.0512396,0.113527
-121.519,212.658,0.0513594,0.114324
-117.722,212.658,0.0514654,0.115208
-113.924,212.658,0.0515487,0.116181
-110.127,212.658,0.0516365,0.11711
-106.329,212.658,0.0517263,0.118024
-102.532,212.658,0.0518039,0.118946
-98.7342,212.658,0.0518676,0.119878
-94.9367,212.658,0.0519178,0.120833
-91.1392,212.658,0.0519464,0.121827
-87.3418,212.658,0.0519749,0.12282
-83.5443,212.658,0.0520126,0.123819
-79.7468,212.658,0.0520662,0.124833
-75.9494,212.658,0.0521106,0.12586
-72.1519,212.658,0.0521555,0.126852
-68.3544,212.658,0.0522013,0.127767
-64.557,212.658,0.052211,0.128737
-60.7595,212.658,0.0521675,0.129789
-56.962,212.658,0.0521158,0.130839
-53.1646,212.658,0.0520514,0.131889
-49.3671,212.658,0.0519913,0.132953
-45.5696,212.658,0.0519312,0.134017
-41.7722,212.658,0.0518625,0.135081
-37.9747,212.658,0.0517791,0.136145
-34.1772,212.658,0.0517209,0.137195
-30.3797,212.658,0.0516683,0.13824
-26.5823,212.658,0.0516111,0.139278
-22.7848,212.658,0.0515539,0.140316
-18.9873,212.658,0.0514966,0.141354
-15.1899,212.658,0.0514394,0.142392
-11.3924,212.658,0.0513822,0.14343
-7.59494,212.658,0.051325,0.144467
-3.79747,212.658,0.0512678,0.145505
0,212.658,0.0512133,0.146539
-300,216.456,0.042013,0.0682126
-296.203,216.456,0.0422545,0.0693104
-292.405,216.456,0.0424939,0.0704221
-288.608,216.456,0.0427377,0.0715548
-284.81,216.456,0.0429438,0.0725075
-281.013,216.456,0.0431557,0.0734831
-277.215,216.456,0.0433532,0.0744466
-273.418,216.456,0.0435319,0.0753037
-269.62,216.456,0.0437083,0.0760697
-265.823,216.456,0.0438847,0.0768357
-262.025,216.456,0.0440611,0.0776017
-258.228,216.456,0.0442552,0.0784153
-254.43,216.456,0.044496,0.0794004
-250.633,216.456,0.0447379,0.0803937
-246.835,216.456,0.044983,0.0813948
-243.038,216.456,0.0452205,0.0822783
-239.241,216.456,0.045483,0.0832089
-235.443,216.456,0.045737,0.0841551
-231.646,216.456,0.0459467,0.0850059
-227.848,216.456,0.0461625,0.0858763
-224.051,216.456,0.046387,0.0868083
-220.253,216.456,0.0466141,0.0877727
-216.456,216.456,0.0468423,0.0887558
-212.658,216.456,0.0470505,0.089663
-208.861,216.456,0.0472574,0.0905642
-205.063,216.456,0.0474783,0.0915849
-201.266,216.456,0.0477052,0.0926546
-197.468,216.456,0.0479141,0.0936564
-193.671,216.456,0.0481176,0.0946612
-189.873,216.456,0.0483498,0.0958523
-186.076,216.456,0.0485924,0.0971038
-182.278,216.456,0.0488274,0.0982879
-178.481,216.456,0.0490556,0.0994336
-174.684,216.456,0.0492572,0.100522
-170.886,216.456,0.0494333,0.101584
-167.089,216.456,0.0496106,0.102643
-163.291,216.456,0.0497933,0.103762
-159.494,216.456,0.0499859,0.104955
-155.696,216.456,0.0501827,0.106161
-151.899,216.456,0.0503753,0.107311
-148.101,216.456,0.050565,0.108424
-144.304,216.456,0.0507548,0.109537
-140.506,216.456,0.0509445,0.11065
-136.709,216.456,0.0511343,0.111763
-132.911,216.456,0.051318,0.112851
-129.114,216.456,0.0514661,0.113775
-125.316,216.456,0.0515844,0.114565
-121.519,216.456,0.0517027,0.115356
-117.722,216.456,0.0518053,0.116247
-113.924,216.456,0.0518964,0.117225
-110.127,216.456,0.0519887,0.118189
-106.329,216.456,0.0520784,0.119104
-102.532,216.456,0.0521682,0.120018
-98.7342,216.456,0.0522519,0.120937
-94.9367,216.456,0.0523061,0.121893
-91.1392,216.456,0.0523346,0.122886
-87.3418,216.456,0.0523632,0.12388
-83.5443,216.456,0.0523918,0.124873
-79.7468,216.456,0.0524203,0.125867
-75.9494,216.456,0.0524632,0.126865
-72.1519,216.456,0.052513,0.127775
-68.3544,216.456,0.0525588,0.12869
-64.557,216.456,0.0525535,0.129683
-60.7595,216.456,0.05251,0.130735
-56.962,216.456,0.0524656,0.131791
-53.1646,216.456,0.0524055,0.132855
-49.3671,216.456,0.0523449,0.133918
-45.5696,216.456,0.0522793,0.134973
-41.7722,216.456,0.0522136,0.136028
-37.9747,216.456,0.0521473,0.137083
-34.1772,216.456,0.0520708,0.138131
-30.3797,216.456,0.0520136,0.139169
-26.5823,216.456,0.0519564,0.140207
-22.7848,216.456,0.0518992,0.141245
-18.9873,216.456,0.051842,0.142282
-15.1899,216.456,0.0517848,0.14332
-11.3924,216.456,0.0517276,0.144358
-7.59494,216.456,0.0516704,0.145396
-3.79747,216.456,0.0516132,0.146434
0,216.456,0.0515587,0.147468
-300,220.253,0.0425539,0.0699707
-296.203,220.253,0.0428066,0.0711321
-292.405,220.253,0.0430462,0.0722552
-288.608,220.253,0.0432521,0.0731982
-284.81,220.253,0.0434718,0.0742178
-281.013,220.253,0.0436606,0.0751495
-277.215,220.253,0.043835,0.075976
-273.418,220.253,0.0440094,0.0767541
-269.62,220.253,0.0441858,0.0775201
-265.823,220.253,0.0443671,0.0782977
-262.025,220.253,0.0445794,0.0791617
-258.228,220.253,0.0448135,0.0801194
-254.43,220.253,0.0450554,0.0811126
-250.633,220.253,0.0452973,0.0821059
-246.835,220.253,0.0455418,0.0830164
-243.038,220.253,0.0458111,0.083956
-239.241,220.253,0.0460424,0.0848197
-235.443,220.253,0.0462518,0.0856494
-231.646,220.253,0.046463,0.0865083
-227.848,220.253,0.0466778,0.0873968
-224.051,220.253,0.0468917,0.0882981
-220.253,220.253,0.0470975,0.0891908
-216.456,220.253,0.0472984,0.0900804
-212.658,220.253,0.0475004,0.0909722
-208.861,220.253,0.0477209,0.0919891
-205.063,220.253,0.0479478,0.0930588
-201.266,220.253,0.0481747,0.0941285
-197.468,220.253,0.0484004,0.0952428
-193.671,220.253,0.0486398,0.0964757
-189.873,220.253,0.0488831,0.0977236
-186.076,220.253,0.0490983,0.0987446
-182.278,220.253,0.0493077,0.0998263
-178.481,220.253,0.0494953,0.100857
-174.684,220.253,0.049673,0.101871
-170.886,220.253,0.0498491,0.102932
-167.089,220.253,0.0500281,0.104042
-163.291,220.253,0.0502138,0.105217
-159.494,220.253,0.0504102,0.106422
-155.696,220.253,0.0506021,0.107562
-151.899,220.253,0.0507918,0.108675
-148.101,220.253,0.0509816,0.109788
-144.304,220.253,0.0511713,0.110901
-140.506,220.253,0.0513611,0.112014
-136.709,220.253,0.0515508,0.113127
-132.911,220.253,0.051691,0.114016
-129.114,220.253,0.0518094,0.114807
-125.316,220.253,0.0519277,0.115598
-121.519,220.253,0.0520461,0.116388
-117.722,220.253,0.05215,0.11727
-113.924,220.253,0.052236,0.118264
-110.127,220.253,0.0523274,0.119242
-106.329,220.253,0.0524254,0.120187
-102.532,220.253,0.0525203,0.121098
-98.7342,220.253,0.0526101,0.122012
-94.9367,220.253,0.0526772,0.122961
-91.1392,220.253,0.052716,0.123949
-87.3418,220.253,0.0527515,0.124939
-83.5443,220.253,0.05278,0.125933
-79.7468,220.253,0.0528086,0.126926
-75.9494,220.253,0.0528382,0.127835
-72.1519,220.253,0.0528682,0.128717
-68.3544,220.253,0.0529159,0.129612
-64.557,220.253,0.0528894,0.130619
-60.7595,220.253,0.0528407,0.131665
-56.962,220.253,0.0527979,0.132728
-53.1646,220.253,0.0527371,0.133785
-49.3671,220.253,0.0526715,0.13484
-45.5696,220.253,0.0526058,0.135895
-41.7722,220.253,0.0525402,0.13695
-37.9747,220.253,0.0524746,0.138005
-34.1772,220.253,0.052409,0.13906
-30.3797,220.253,0.052359,0.140098
-26.5823,220.253,0.0523018,0.141135
-22.7848,220.253,0.0522446,0.142173
-18.9873,220.253,0.0521874,0.143211
-15.1899,220.253,0.0521301,0.144249
-11.3924,220.253,0.0520729,0.145287
-7.59494,220.253,0.0520157,0.146324
-3.79747,220.253,0.0519585,0.147362
0,220.253,0.0519041,0.148396
-300,224.051,0.0431144,0.0718289
-296.203,224.051,0.0433555,0.0729506
-292.405,224.051,0.0435646,0.0739124
-288.608,224.051,0.0437858,0.074945
-284.81,224.051,0.0439675,0.0758478
-281.013,224.051,0.044139,0.0766437
-277.215,224.051,0.0443106,0.0774385
-273.418,224.051,0.0444856,0.0781992
-269.62,224.051,0.044686,0.0790215
-265.823,224.051,0.0448957,0.0798778
-262.025,224.051,0.0451311,0.0808384
-258.228,224.051,0.04537,0.0818204
-254.43,224.051,0.0456096,0.0828015
-250.633,224.051,0.0458715,0.083761
-246.835,224.051,0.0461183,0.0846417
-243.038,224.051,0.0463433,0.085489
-239.241,224.051,0.046545,0.0862797
-235.443,224.051,0.0467485,0.0870857
-231.646,224.051,0.046953,0.0879004
-227.848,224.051,0.0471664,0.0887984
-224.051,224.051,0.0473693,0.0896787
-220.253,224.051,0.0475722,0.0905589
-216.456,224.051,0.0477747,0.0914404
-212.658,224.051,0.0479884,0.0924381
-208.861,224.051,0.0482093,0.0934971
-205.063,224.051,0.0484414,0.0946205
-201.266,224.051,0.0486913,0.0958491
-197.468,224.051,0.0489311,0.0971083
-193.671,224.051,0.049145,0.0981931
-189.873,224.051,0.0493518,0.0991901
-186.076,224.051,0.0495546,0.100204
-182.278,224.051,0.0497327,0.101208
-178.481,224.051,0.0499109,0.102211
-174.684,224.051,0.0500888,0.103219
-170.886,224.051,0.0502664,0.104305
-167.089,224.051,0.05045,0.105491
-163.291,224.051,0.0506378,0.106683
-159.494,224.051,0.0508289,0.107813
-155.696,224.051,0.0510186,0.108926
-151.899,224.051,0.0512084,0.110039
-148.101,224.051,0.0513981,0.111152
-144.304,224.051,0.0515879,0.112265
-140.506,224.051,0.0517776,0.113378
-136.709,224.051,0.051916,0.114258
-132.911,224.051,0.0520344,0.115049
-129.114,224.051,0.0521527,0.115839
-125.316,224.051,0.0522711,0.11663
-121.519,224.051,0.0523894,0.117421
-117.722,224.051,0.0524947,0.118293
-113.924,224.051,0.0525808,0.119288
-110.127,224.051,0.0526668,0.120282
-106.329,224.051,0.0527585,0.121259
-102.532,224.051,0.0528589,0.122186
-98.7342,224.051,0.0529622,0.123092
-94.9367,224.051,0.0530329,0.12404
-91.1392,224.051,0.0530824,0.125019
-87.3418,224.051,0.0531209,0.126007
-83.5443,224.051,0.0531534,0.126987
-79.7468,224.051,0.0531848,0.127912
-75.9494,224.051,0.0532085,0.128785
-72.1519,224.051,0.0532322,0.129657
-68.3544,224.051,0.0532559,0.13053
-64.557,224.051,0.053199,0.131527
-60.7595,224.051,0.0531592,0.132584
-56.962,224.051,0.0531164,0.133648
-53.1646,224.051,0.0530637,0.134707
-49.3671,224.051,0.052998,0.135762
-45.5696,224.051,0.0529324,0.136817
-41.7722,224.051,0.0528668,0.137872
-37.9747,224.051,0.0528011,0.138927
-34.1772,224.051,0.0527355,0.139982
-30.3797,224.051,0.0526885,0.141027
-26.5823,224.051,0.0526471,0.142064
-22.7848,224.051,0.0525899,0.143102
-18.9873,224.051,0.0525327,0.14414
-15.1899,224.051,0.0524755,0.145177
-11.3924,224.051,0.0524183,0.146215
-7.59494,224.051,0.0523611,0.147253
-3.79747,224.051,0.0523039,0.148291
0,224.051,0.0522495,0.149325
-300,227.848,0.0436648,0.0736467
-296.203,227.848,0.0438794,0.0746383
-292.405,227.848,0.044093,0.0756468
-288.608,227.848,0.0442714,0.0765154
-284.81,227.848,0.0444429,0.0773113
-281.013,227.848,0.0446083,0.0780841
-277.215,227.848,0.0447925,0.0788813
-273.418,227.848,0.0450022,0.0797376
-269.62,227.848,0.0452103,0.0805873
-265.823,227.848,0.0454392,0.0815217
-262.025,227.848,0.0456823,0.0825133
-258.228,227.848,0.0459474,0.0835691
-254.43,227.848,0.046191,0.0844661
-250.633,227.848,0.0464093,0.085248
-246.835,227.848,0.0466262,0.0860641
-243.038,227.848,0.0468173,0.0868137
-239.241,227.848,0.0470204,0.0876175
-235.443,227.848,0.0472239,0.0884235
-231.646,227.848,0.0474333,0.0892995
-227.848,227.848,0.0476383,0.0901743
-224.051,227.848,0.0478434,0.0910492
-220.253,227.848,0.0480463,0.0919293
-216.456,227.848,0.0482617,0.0929149
-212.658,227.848,0.0484882,0.0939838
-208.861,227.848,0.0487346,0.0951908
-205.063,227.848,0.0489805,0.0964308
-201.266,227.848,0.049223,0.0976833
-197.468,227.848,0.0494242,0.0986728
-193.671,227.848,0.0496254,0.0996622
-189.873,227.848,0.0498072,0.100597
-186.076,227.848,0.049979,0.10157
-182.278,227.848,0.0501515,0.102566
-178.481,227.848,0.0503265,0.103565
-174.684,227.848,0.0505047,0.104569
-170.886,227.848,0.0506883,0.105754
-167.089,227.848,0.0508719,0.10694
-163.291,227.848,0.0510562,0.108062
-159.494,227.848,0.0512454,0.109178
-155.696,227.848,0.0514352,0.110291
-151.899,227.848,0.0516249,0.111403
-148.101,227.848,0.0518147,0.112516
-144.304,227.848,0.0519987,0.113605
-140.506,227.848,0.0521379,0.114486
-136.709,227.848,0.0522593,0.11529
-132.911,227.848,0.0523777,0.116081
-129.114,227.848,0.052496,0.116872
-125.316,227.848,0.0526144,0.117662
-121.519,227.848,0.0527327,0.118453
-117.722,227.848,0.0528395,0.119317
-113.924,227.848,0.0529255,0.120311
-110.127,227.848,0.0530115,0.121306
-106.329,227.848,0.0530974,0.1223
-102.532,227.848,0.0531837,0.123265
-98.7342,227.848,0.0532808,0.124165
-94.9367,227.848,0.0533556,0.1251
-91.1392,227.848,0.0534129,0.12606
-87.3418,227.848,0.0534563,0.12703
-83.5443,227.848,0.0534892,0.127986
-79.7468,227.848,0.0535231,0.128854
-75.9494,227.848,0.053557,0.129721
-72.1519,227.848,0.0535905,0.130589
-68.3544,227.848,0.0536075,0.131472
-64.557,227.848,0.0535419,0.132481
-60.7595,227.848,0.0534858,0.133519
-56.962,227.848,0.0534349,0.134567
-53.1646,227.848,0.0533902,0.13563
-49.3671,227.848,0.0533246,0.136685
-45.5696,227.848,0.053259,0.13774
-41.7722,227.848,0.0531933,0.138795
-37.9747,227.848,0.0531277,0.13985
-34.1772,227.848,0.0530621,0.140905
-30.3797,227.848,0.0530008,0.141957
-26.5823,227.848,0.0529683,0.142994
-22.7848,227.848,0.0529353,0.14403
-18.9873,227.848,0.0528781,0.145068
-15.1899,227.848,0.0528209,0.146106
-11.3924,227.848,0.0527636,0.147144
-7.59494,227.848,0.0527064,0.148182
-3.79747,227.848,0.0526492,0.149219
0,227.848,0.0525949,0.150253
-300,231.646,0.0441936,0.0753647
-296.203,231.646,0.0444002,0.0763487
-292.405,231.646,0.0445753,0.0771831
-288.608,231.646,0.0447361,0.0779381
-284.81,231.646,0.0449045,0.0787086
-281.013,231.646,0.045105,0.0795787
-277.215,231.646,0.0453083,0.0804152
-273.418,231.646,0.0455149,0.0812579
-269.62,231.646,0.0457468,0.0821867
-265.823,231.646,0.0460046,0.0832088
-262.025,231.646,0.0462624,0.0842308
-258.228,231.646,0.0464727,0.0850255
-254.43,231.646,0.0466871,0.0857933
-250.633,231.646,0.0469087,0.0866242
-246.835,231.646,0.0470975,0.0873699
-243.038,231.646,0.0472924,0.0881493
-239.241,231.646,0.047498,0.0889664
-235.443,231.646,0.047699,0.0898032
-231.646,231.646,0.047904,0.090678
-227.848,231.646,0.0481091,0.0915529
-224.051,231.646,0.0483142,0.0924285
-220.253,231.646,0.0485321,0.0934103
-216.456,231.646,0.0487738,0.0945699
-212.658,231.646,0.0490123,0.0957622
-208.861,231.646,0.0492532,0.0969691
-205.063,231.646,0.0494843,0.0980918
-201.266,231.646,0.0497081,0.0991585
-197.468,231.646,0.0499069,0.100141
-193.671,231.646,0.0500766,0.101041
-189.873,231.646,0.0502468,0.101961
-186.076,231.646,0.0504194,0.102956
-182.278,231.646,0.0505919,0.103952
-178.481,231.646,0.0507644,0.104948
-174.684,231.646,0.050943,0.106045
-170.886,231.646,0.0511211,0.107215
-167.089,231.646,0.0512921,0.108301
-163.291,231.646,0.0514739,0.109419
-159.494,231.646,0.051662,0.110542
-155.696,231.646,0.0518517,0.111655
-151.899,231.646,0.0520415,0.112768
-148.101,231.646,0.0522163,0.113816
-144.304,231.646,0.0523549,0.114695
-140.506,231.646,0.0524843,0.115532
-136.709,231.646,0.0526027,0.116322
-132.911,231.646,0.052721,0.117113
-129.114,231.646,0.0528394,0.117904
-125.316,231.646,0.0529577,0.118695
-121.519,231.646,0.0530705,0.119474
-117.722,231.646,0.0531728,0.12032
-113.924,231.646,0.053253,0.121304
-110.127,231.646,0.0533333,0.122288
-106.329,231.646,0.0534136,0.123272
-102.532,231.646,0.0534939,0.124256
-98.7342,231.646,0.0535821,0.125208
-94.9367,231.646,0.0536521,0.126151
-91.1392,231.646,0.053715,0.127108
-87.3418,231.646,0.0537779,0.128064
-83.5443,231.646,0.0538256,0.128928
-79.7468,231.646,0.0538595,0.129796
-75.9494,231.646,0.0538934,0.130663
-72.1519,231.646,0.0539274,0.131531
-68.3544,231.646,0.0539397,0.132432
-64.557,231.646,0.0538843,0.133436
-60.7595,231.646,0.0538251,0.134462
-56.962,231.646,0.0537726,0.13551
-53.1646,231.646,0.05372,0.136558
-49.3671,231.646,0.0536512,0.137607
-45.5696,231.646,0.0535855,0.138662
-41.7722,231.646,0.0535199,0.139717
-37.9747,231.646,0.0534543,0.140772
-34.1772,231.646,0.0533887,0.141827
-30.3797,231.646,0.053323,0.142882
-26.5823,231.646,0.0532807,0.143924
-22.7848,231.646,0.0532482,0.144961
-18.9873,231.646,0.0532157,0.145997
-15.1899,231.646,0.0531662,0.147034
-11.3924,231.646,0.053109,0.148072
-7.59494,231.646,0.0530518,0.14911
-3.79747,231.646,0.0529946,0.150148
0,231.646,0.0529403,0.151182
-300,235.443,0.0447074,0.0770506
-296.203,235.443,0.0448639,0.0777921
-292.405,235.443,0.0450149,0.0785094
-288.608,235.443,0.0452057,0.0793347
-284.81,235.443,0.0453978,0.0801673
-281.013,235.443,0.0455917,0.0809895
-277.215,235.443,0.0458113,0.0818634
-273.418,235.443,0.0460593,0.0828365
-269.62,235.443,0.0463171,0.0838586
-265.823,235.443,0.0465526,0.0848133
-262.025,235.443,0.0467589,0.0856008
-258.228,235.443,0.046965,0.0863385
-254.43,235.443,0.0471913,0.0871844
-250.633,235.443,0.0473801,0.0879301
-246.835,235.443,0.047572,0.0886937
-243.038,235.443,0.0477703,0.0895027
-239.241,235.443,0.0479647,0.0903069
-235.443,235.443,0.0481697,0.0911818
-231.646,235.443,0.0483748,0.0920566
-227.848,235.443,0.0485809,0.09294
-224.051,235.443,0.0487984,0.0939581
-220.253,235.443,0.0490362,0.0951293
-216.456,235.443,0.0492797,0.0963337
-212.658,235.443,0.0495193,0.0974957
-208.861,235.443,0.0497441,0.0985215
-205.063,235.443,0.0499719,0.0995807
-201.266,235.443,0.0501763,0.100586
-197.468,235.443,0.050346,0.101486
-193.671,235.443,0.0505157,0.102386
-189.873,235.443,0.0506872,0.103347
-186.076,235.443,0.0508597,0.104343
-182.278,235.443,0.0510322,0.105339
-178.481,235.443,0.0512102,0.106425
-174.684,235.443,0.0513877,0.107508
-170.886,235.443,0.0515592,0.108582
-167.089,235.443,0.0517303,0.109669
-163.291,235.443,0.051913,0.11079
-159.494,235.443,0.0520957,0.111912
-155.696,235.443,0.0522798,0.113026
-151.899,235.443,0.0524405,0.114031
-148.101,235.443,0.0525736,0.114904
-144.304,235.443,0.052705,0.115755
-140.506,235.443,0.0528223,0.116553
-136.709,235.443,0.052935,0.117332
-132.911,235.443,0.0530478,0.118112
-129.114,235.443,0.0531605,0.118891
-125.316,235.443,0.0532733,0.119671
-121.519,235.443,0.0533861,0.12045
-117.722,235.443,0.0534889,0.121292
-113.924,235.443,0.0535692,0.122276
-110.127,235.443,0.0536495,0.12326
-106.329,235.443,0.0537297,0.124244
-102.532,235.443,0.05381,0.125228
-98.7342,235.443,0.0538903,0.126212
-94.9367,235.443,0.0539486,0.127203
-91.1392,235.443,0.0540115,0.128159
-87.3418,235.443,0.0540753,0.129042
-83.5443,235.443,0.0541395,0.129886
-79.7468,235.443,0.0541959,0.130737
-75.9494,235.443,0.0542298,0.131605
-72.1519,235.443,0.0542638,0.132473
-68.3544,235.443,0.0542611,0.133397
-64.557,235.443,0.0542058,0.134401
-60.7595,235.443,0.0541506,0.135407
-56.962,235.443,0.0541093,0.136453
-53.1646,235.443,0.0540593,0.137501
-49.3671,235.443,0.054001,0.138547
-45.5696,235.443,0.0539239,0.139586
-41.7722,235.443,0.0538465,0.14064
-37.9747,235.443,0.0537809,0.141695
-34.1772,235.443,0.0537152,0.14275
-30.3797,235.443,0.0536496,0.143805
-26.5823,235.443,0.053593,0.144855
-22.7848,235.443,0.0535605,0.145891
-18.9873,235.443,0.053528,0.146927
-15.1899,235.443,0.0534955,0.147964
-11.3924,235.443,0.0534544,0.149001
-7.59494,235.443,0.0533971,0.150039
-3.79747,235.443,0.0533399,0.151076
0,235.443,0.0532857,0.15211
-300,239.241,0.0451172,0.0782506
-296.203,239.241,0.0452944,0.0790351
-292.405,239.241,0.0454866,0.0798678
-288.608,239.241,0.0456788,0.0807004
-284.81,239.241,0.0458919,0.0815945
-281.013,239.241,0.0461251,0.0825197
-277.215,239.241,0.0463718,0.0834864
-273.418,239.241,0.0466185,0.0844748
-269.62,239.241,0.0468379,0.0853808
-265.823,239.241,0.047045,0.086176
-262.025,239.241,0.0472428,0.0868838
-258.228,239.241,0.0474738,0.0877445
-254.43,239.241,0.0476626,0.0884903
-250.633,239.241,0.0478518,0.0892385
-246.835,239.241,0.0480504,0.0900532
-243.038,239.241,0.0482389,0.0908453
-239.241,239.241,0.0484354,0.0916855
-235.443,239.241,0.0486342,0.092542
-231.646,239.241,0.0488312,0.0934294
-227.848,239.241,0.0490563,0.0945001
-224.051,239.241,0.0492998,0.0957044
-220.253,239.241,0.0495433,0.0969088
-216.456,239.241,0.0497727,0.0979575
-212.658,239.241,0.0499988,0.0989697
-208.861,239.241,0.0502293,0.100027
-205.063,239.241,0.0504273,0.100997
-201.266,239.241,0.050615,0.101937
-197.468,239.241,0.0507851,0.102831
-193.671,239.241,0.050955,0.103737
-189.873,239.241,0.0511275,0.104733
-186.076,239.241,0.0513,0.105729
-182.278,239.241,0.0514774,0.106805
-178.481,239.241,0.0516526,0.107858
-174.684,239.241,0.0518256,0.108882
-170.886,239.241,0.0519972,0.109949
-167.089,239.241,0.0521696,0.11104
-163.291,239.241,0.0523524,0.112161
-159.494,239.241,0.0525263,0.113256
-155.696,239.241,0.0526738,0.114236
-151.899,239.241,0.0528008,0.115096
-148.101,239.241,0.0529233,0.115933
-144.304,239.241,0.0530434,0.116761
-140.506,239.241,0.0531512,0.117537
-136.709,239.241,0.053259,0.118313
-132.911,239.241,0.0533668,0.11909
-129.114,239.241,0.0534761,0.119867
-125.316,239.241,0.0535888,0.120646
-121.519,239.241,0.0537016,0.121426
-117.722,239.241,0.0538051,0.122264
-113.924,239.241,0.0538853,0.123248
-110.127,239.241,0.0539656,0.124232
-106.329,239.241,0.0540459,0.125216
-102.532,239.241,0.0541262,0.1262
-98.7342,239.241,0.0542065,0.127184
-94.9367,239.241,0.0542512,0.12823
-91.1392,239.241,0.0543086,0.129167
-87.3418,239.241,0.0543728,0.130012
-83.5443,239.241,0.0544371,0.130857
-79.7468,239.241,0.0545013,0.131702
-75.9494,239.241,0.0545604,0.132551
-72.1519,239.241,0.0546002,0.133415
-68.3544,239.241,0.0545826,0.134361
-64.557,239.241,0.0545272,0.135366
-60.7595,239.241,0.0544718,0.136371
-56.962,239.241,0.0544246,0.1374
-53.1646,239.241,0.0543833,0.138446
-49.3671,239.241,0.054342,0.139493
-45.5696,239.241,0.0542746,0.140533
-41.7722,239.241,0.0541975,0.141572
-37.9747,239.241,0.0541154,0.142617
-34.1772,239.241,0.0540418,0.143672
-30.3797,239.241,0.0539762,0.144727
-26.5823,239.241,0.0539105,0.145782
-22.7848,239.241,0.0538728,0.146821
-18.9873,239.241,0.0538403,0.147858
-15.1899,239.241,0.0538078,0.148894
-11.3924,239.241,0.0537753,0.149931
-7.59494,239.241,0.0537425,0.150967
-3.79747,239.241,0.0536853,0.152005
0,239.241,0.0536311,0.153039
-300,243.038,0.0455754,0.0795682
-296.203,243.038,0.0457675,0.0804009
-292.405,243.038,0.0459857,0.08131
-288.608,243.038,0.0462059,0.0822247
-284.81,243.038,0.0464389,0.083176
-281.013,243.038,0.0466843,0.0841362
-277.215,243.038,0.0469037,0.0850423
-273.418,243.038,0.0471232,0.0859483
-269.62,243.038,0.0473311,0.0867512
-265.823,243.038,0.0475285,0.0874575
-262.025,243.038,0.0477564,0.0883047
-258.228,243.038,0.0479452,0.0890504
-254.43,243.038,0.0481339,0.0897961
-250.633,243.038,0.0483305,0.0906038
-246.835,243.038,0.0485191,0.0913959
-243.038,243.038,0.0486948,0.0921712
-239.241,243.038,0.0488729,0.0929723
-235.443,243.038,0.0490873,0.0939639
-231.646,243.038,0.04932,0.0950752
-227.848,243.038,0.0495634,0.0962795
-224.051,243.038,0.0498009,0.0974175
-220.253,243.038,0.0500261,0.0984192
-216.456,243.038,0.0502512,0.099421
-212.658,243.038,0.0504673,0.100437
-208.861,243.038,0.0506663,0.101405
-205.063,243.038,0.0508653,0.102373
-201.266,243.038,0.0510528,0.103302
-197.468,243.038,0.0512237,0.104184
-193.671,243.038,0.0513954,0.105124
-189.873,243.038,0.0515679,0.10612
-186.076,243.038,0.0517445,0.107184
-182.278,243.038,0.0519175,0.108207
-178.481,243.038,0.0520856,0.109221
-174.684,243.038,0.0522532,0.110235
-170.886,243.038,0.0524197,0.111285
-167.089,243.038,0.0525872,0.112366
-163.291,243.038,0.0527515,0.113421
-159.494,243.038,0.052899,0.114401
-155.696,243.038,0.0530233,0.115269
-151.899,243.038,0.0531448,0.116113
-148.101,243.038,0.0532673,0.116951
-144.304,243.038,0.0533806,0.11775
-140.506,243.038,0.0534884,0.118526
-136.709,243.038,0.0535962,0.119302
-132.911,243.038,0.053704,0.120079
-129.114,243.038,0.0538119,0.120855
-125.316,243.038,0.0539197,0.121632
-121.519,243.038,0.0540275,0.122408
-117.722,243.038,0.0541267,0.123239
-113.924,243.038,0.054202,0.12422
-110.127,243.038,0.0542818,0.125204
-106.329,243.038,0.054362,0.126188
-102.532,243.038,0.0544423,0.127172
-98.7342,243.038,0.0545226,0.128156
-94.9367,243.038,0.0545695,0.129187
-91.1392,243.038,0.0546084,0.130131
-87.3418,243.038,0.0546704,0.130982
-83.5443,243.038,0.0547346,0.131827
-79.7468,243.038,0.0547989,0.132672
-75.9494,243.038,0.0548631,0.133517
-72.1519,243.038,0.0549223,0.134366
-68.3544,243.038,0.0549035,0.135327
-64.557,243.038,0.0548487,0.136331
-60.7595,243.038,0.0547933,0.137336
-56.962,243.038,0.0547399,0.138346
-53.1646,243.038,0.0546986,0.139393
-49.3671,243.038,0.0546573,0.140439
-45.5696,243.038,0.0546083,0.141483
-41.7722,243.038,0.0545425,0.14252
-37.9747,243.038,0.0544711,0.143559
-34.1772,243.038,0.054394,0.144598
-30.3797,243.038,0.0543062,0.14565
-26.5823,243.038,0.0542371,0.146705
-22.7848,243.038,0.0541851,0.147752
-18.9873,243.038,0.0541526,0.148788
-15.1899,243.038,0.0541201,0.149825
-11.3924,243.038,0.0540876,0.150861
-7.59494,243.038,0.0540551,0.151898
-3.79747,243.038,0.0540226,0.152934
0,243.038,0.0539765,0.153967
-300,246.835,0.0460796,0.0810255
-296.203,246.835,0.0462998,0.0819402
-292.405,246.835,0.0465199,0.082855
-288.608,246.835,0.0467543,0.0838223
-284.81,246.835,0.0469707,0.0847093
-281.013,246.835,0.047189,0.0856098
-277.215,246.835,0.0474084,0.0865158
-273.418,246.835,0.0476173,0.0873265
-269.62,246.835,0.0478157,0.0880379
-265.823,246.835,0.0480389,0.0888649
-262.025,246.835,0.0482277,0.0896106
-258.228,246.835,0.0484191,0.0903697
-254.43,246.835,0.0486024,0.0911318
-250.633,246.835,0.0487728,0.0918741
-246.835,246.835,0.0489449,0.0926306
-243.038,246.835,0.0491402,0.0935284
-239.241,246.835,0.0493568,0.0945665
-235.443,246.835,0.0495838,0.0956521
-231.646,246.835,0.0498271,0.0968547
-227.848,246.835,0.0500543,0.0978792
-224.051,246.835,0.0502794,0.098881
-220.253,246.835,0.0505046,0.0998828
-216.456,246.835,0.0507051,0.100845
-212.658,246.835,0.0509041,0.101814
-208.861,246.835,0.0511031,0.102782
-205.063,246.835,0.0513021,0.10375
-201.266,246.835,0.0514867,0.104669
-197.468,246.835,0.0516554,0.105539
-193.671,246.835,0.0518249,0.1065
-189.873,246.835,0.0519939,0.107502
-186.076,246.835,0.0521615,0.108515
-182.278,246.835,0.0523292,0.109528
-178.481,246.835,0.0524968,0.110541
-174.684,246.835,0.0526644,0.111555
-170.886,246.835,0.0528311,0.112599
-167.089,246.835,0.0529768,0.113585
-163.291,246.835,0.0531242,0.114566
-159.494,246.835,0.053248,0.115431
-155.696,246.835,0.0533684,0.11628
-151.899,246.835,0.0534889,0.117129
-148.101,246.835,0.05361,0.117962
-144.304,246.835,0.0537178,0.118739
-140.506,246.835,0.0538256,0.119515
-136.709,246.835,0.0539334,0.120292
-132.911,246.835,0.0540412,0.121068
-129.114,246.835,0.0541491,0.121844
-125.316,246.835,0.0542569,0.122621
-121.519,246.835,0.0543647,0.123397
-117.722,246.835,0.0544647,0.124223
-113.924,246.835,0.05454,0.125204
-110.127,246.835,0.0546153,0.126185
-106.329,246.835,0.0546905,0.127167
-102.532,246.835,0.0547658,0.128148
-98.7342,246.835,0.0548411,0.129129
-94.9367,246.835,0.0548885,0.130074
-91.1392,246.835,0.0549263,0.131024
-87.3418,246.835,0.0549699,0.131947
-83.5443,246.835,0.0550322,0.132798
-79.7468,246.835,0.0550964,0.133642
-75.9494,246.835,0.0551607,0.134487
-72.1519,246.835,0.0552249,0.135332
-68.3544,246.835,0.0552029,0.136306
-64.557,246.835,0.0551612,0.137302
-60.7595,246.835,0.0551148,0.138301
-56.962,246.835,0.0550594,0.139305
-53.1646,246.835,0.0550138,0.140339
-49.3671,246.835,0.0549725,0.141386
-45.5696,246.835,0.0549312,0.142432
-41.7722,246.835,0.0548691,0.143471
-37.9747,246.835,0.0548032,0.144508
-34.1772,246.835,0.0547374,0.145546
-30.3797,246.835,0.0546676,0.146584
-26.5823,246.835,0.0545864,0.147628
-22.7848,246.835,0.054498,0.148682
-18.9873,246.835,0.054465,0.149719
-15.1899,246.835,0.0544325,0.150755
-11.3924,246.835,0.0544,0.151792
-7.59494,246.835,0.0543675,0.152828
-3.79747,246.835,0.0543349,0.153864
0,246.835,0.0543056,0.154897
-300,250.633,0.0466138,0.0825705
-296.203,250.633,0.046834,0.0834853
-292.405,250.633,0.0470546,0.0844145
-288.608,250.633,0.0472572,0.0852832
-284.81,250.633,0.0474743,0.0861772
-281.013,250.633,0.0476937,0.0870832
-277.215,250.633,0.0479034,0.0879017
-273.418,250.633,0.048103,0.0886182
-269.62,250.633,0.048326,0.0894413
-265.823,250.633,0.04851,0.0901702
-262.025,250.633,0.0486851,0.0908909
-258.228,250.633,0.0488542,0.0916048
-254.43,250.633,0.0490246,0.0923471
-250.633,250.633,0.0492074,0.0931598
-246.835,250.633,0.0494167,0.0941454
-243.038,250.633,0.049637,0.0952073
-239.241,250.633,0.0498574,0.0962691
-235.443,250.633,0.0500825,0.0973392
-231.646,250.633,0.0503076,0.098341
-227.848,250.633,0.0505328,0.0993427
-224.051,250.633,0.0507463,0.100311
-220.253,250.633,0.0509429,0.101254
-216.456,250.633,0.0511373,0.102212
-212.658,250.633,0.0513308,0.103167
-208.861,250.633,0.0515244,0.104123
-205.063,250.633,0.051718,0.105078
-201.266,250.633,0.0518943,0.105975
-197.468,250.633,0.0520637,0.106892
-193.671,250.633,0.0522333,0.107851
-189.873,250.633,0.0524043,0.108836
-186.076,250.633,0.0525727,0.109835
-182.278,250.633,0.0527404,0.110848
-178.481,250.633,0.052908,0.111862
-174.684,250.633,0.0530742,0.112868
-170.886,250.633,0.053213,0.113782
-167.089,250.633,0.0533505,0.114733
-163.291,250.633,0.0534727,0.115593
-159.494,250.633,0.0535931,0.116442
-155.696,250.633,0.0537136,0.117291
-151.899,250.633,0.053834,0.11814
-148.101,250.633,0.0539472,0.118952
-144.304,250.633,0.054055,0.119728
-140.506,250.633,0.0541628,0.120504
-136.709,250.633,0.0542706,0.121281
-132.911,250.633,0.0543784,0.122057
-129.114,250.633,0.0544863,0.122833
-125.316,250.633,0.0545941,0.12361
-121.519,250.633,0.0547019,0.124386
-117.722,250.633,0.0548027,0.125207
-113.924,250.633,0.054878,0.126188
-110.127,250.633,0.0549533,0.127169
-106.329,250.633,0.0550286,0.128151
-102.532,250.633,0.0551038,0.129132
-98.7342,250.633,0.0551786,0.130053
-94.9367,250.633,0.055231,0.130965
-91.1392,250.633,0.0552627,0.131914
-87.3418,250.633,0.0552945,0.132863
-83.5443,250.633,0.0553365,0.133764
-79.7468,250.633,0.055394,0.134613
-75.9494,250.633,0.0554582,0.135458
-72.1519,250.633,0.0555154,0.136313
-68.3544,250.633,0.0554903,0.137295
-64.557,250.633,0.0554605,0.138281
-60.7595,250.633,0.0554189,0.139277
-56.962,250.633,0.0553772,0.140273
-53.1646,250.633,0.0553291,0.141286
-49.3671,250.633,0.0552878,0.142332
-45.5696,250.633,0.0552465,0.143379
-41.7722,250.633,0.0551957,0.144422
-37.9747,250.633,0.0551299,0.145459
-34.1772,250.633,0.055064,0.146497
-30.3797,250.633,0.0549982,0.147534
-26.5823,250.633,0.0549323,0.148572
-22.7848,250.633,0.054864,0.149609
-18.9873,250.633,0.0547952,0.15065
-15.1899,250.633,0.0547448,0.151686
-11.3924,250.633,0.0547123,0.152722
-7.59494,250.633,0.0546798,0.153758
-3.79747,250.633,0.0546473,0.154795
0,250.633,0.054618,0.155827
-300,254.43,0.0471432,0.0841018
-296.203,254.43,0.0473436,0.0849738
-292.405,254.43,0.047545,0.0858498
-288.608,254.43,0.0477595,0.0867447
-284.81,254.43,0.047979,0.0876507
-281.013,254.43,0.0481895,0.088477
-277.215,254.43,0.0483903,0.0891985
-273.418,254.43,0.0486046,0.0899983
-269.62,254.43,0.0487635,0.0906515
-265.823,254.43,0.0489408,0.0913837
-262.025,254.43,0.0491074,0.0920861
-258.228,254.43,0.0492821,0.0928511
-254.43,254.43,0.0494782,0.0937366
-250.633,254.43,0.049697,0.0947862
-246.835,254.43,0.0499173,0.0958481
-243.038,254.43,0.0501376,0.0969099
-239.241,254.43,0.0503504,0.0978661
-235.443,254.43,0.0505582,0.0988
-231.646,254.43,0.0507762,0.0997815
-227.848,254.43,0.0509698,0.100697
-224.051,254.43,0.0511599,0.101615
-220.253,254.43,0.0513534,0.102571
-216.456,254.43,0.051547,0.103526
-212.658,254.43,0.0517406,0.104482
-208.861,254.43,0.0519341,0.105437
-205.063,254.43,0.0521277,0.106393
-201.266,254.43,0.0523008,0.10728
-197.468,254.43,0.052469,0.10822
-193.671,254.43,0.0526399,0.109205
-189.873,254.43,0.0528109,0.110191
-186.076,254.43,0.0529818,0.111176
-182.278,254.43,0.0531516,0.112168
-178.481,254.43,0.0533091,0.113137
-174.684,254.43,0.0534486,0.114025
-170.886,254.43,0.0535876,0.114932
-167.089,254.43,0.0537032,0.115772
-163.291,254.43,0.0538178,0.116603
-159.494,254.43,0.0539383,0.117452
-155.696,254.43,0.0540587,0.118302
-151.899,254.43,0.0541791,0.11915
-148.101,254.43,0.0542848,0.119938
-144.304,254.43,0.0543922,0.120717
-140.506,254.43,0.0545,0.121493
-136.709,254.43,0.0546078,0.12227
-132.911,254.43,0.0547156,0.123046
-129.114,254.43,0.0548234,0.123822
-125.316,254.43,0.0549313,0.124599
-121.519,254.43,0.0550391,0.125375
-117.722,254.43,0.0551407,0.126191
-113.924,254.43,0.055216,0.127172
-110.127,254.43,0.0552913,0.128153
-106.329,254.43,0.0553666,0.129135
-102.532,254.43,0.0554416,0.130085
-98.7342,254.43,0.0555158,0.130959
-94.9367,254.43,0.0555767,0.131857
-91.1392,254.43,0.0556084,0.132806
-87.3418,254.43,0.0556402,0.133754
-83.5443,254.43,0.0556719,0.134703
-79.7468,254.43,0.0557185,0.135583
-75.9494,254.43,0.0557754,0.136431
-72.1519,254.43,0.0558116,0.137308
-68.3544,254.43,0.0557804,0.138289
-64.557,254.43,0.0557493,0.139271
-60.7595,254.43,0.0557182,0.140256
-56.962,254.43,0.0556766,0.141252
-53.1646,254.43,0.0556349,0.142248
-49.3671,254.43,0.0556031,0.143279
-45.5696,254.43,0.0555618,0.144325
-41.7722,254.43,0.0555205,0.145372
-37.9747,254.43,0.0554565,0.14641
-34.1772,254.43,0.0553906,0.147447
-30.3797,254.43,0.0553248,0.148485
-26.5823,254.43,0.0552589,0.149522
-22.7848,254.43,0.0551931,0.15056
-18.9873,254.43,0.0551309,0.151595
-15.1899,254.43,0.0550941,0.152618
-11.3924,254.43,0.0550381,0.153653
-7.59494,254.43,0.0549921,0.154689
-3.79747,254.43,0.0549596,0.155725
0,254.43,0.0549304,0.156757
-300,258.228,0.0476325,0.0855331
-296.203,258.228,0.047834,0.0864091
-292.405,258.228,0.0480448,0.0873122
-288.608,258.228,0.0482642,0.0882182
-284.81,258.228,0.0484733,0.0890459
-281.013,258.228,0.0486567,0.0897224
-277.215,258.228,0.048863,0.0905007
-273.418,258.228,0.0490201,0.0911467
-269.62,258.228,0.0491965,0.0918765
-265.823,258.228,0.0493616,0.0925748
-262.025,258.228,0.0495504,0.0934155
-258.228,258.228,0.0497577,0.0943711
-254.43,258.228,0.0499728,0.095416
-250.633,258.228,0.0501876,0.096464
-246.835,258.228,0.0503962,0.0974438
-243.038,258.228,0.0506006,0.0983585
-239.241,258.228,0.0508075,0.0992902
-235.443,258.228,0.0510053,0.100196
-231.646,258.228,0.0511872,0.101067
-227.848,258.228,0.051376,0.101974
-224.051,258.228,0.0515696,0.10293
-220.253,258.228,0.0517632,0.103885
-216.456,258.228,0.0519568,0.104841
-212.658,258.228,0.0521503,0.105796
-208.861,258.228,0.0523439,0.106752
-205.063,258.228,0.0525347,0.107672
-201.266,258.228,0.0527046,0.108589
-197.468,258.228,0.0528756,0.109574
-193.671,258.228,0.0530465,0.11056
-189.873,258.228,0.0532174,0.111545
-186.076,258.228,0.0533884,0.11253
-182.278,258.228,0.0535405,0.113432
-178.481,258.228,0.0536833,0.114294
-174.684,258.228,0.053823,0.115182
-170.886,258.228,0.0539398,0.115968
-167.089,258.228,0.0540535,0.116797
-163.291,258.228,0.0541672,0.117627
-159.494,258.228,0.0542834,0.118463
-155.696,258.228,0.0544039,0.119312
-151.899,258.228,0.0545174,0.120133
-148.101,258.228,0.0546232,0.120921
-144.304,258.228,0.0547294,0.121706
-140.506,258.228,0.0548372,0.122482
-136.709,258.228,0.054945,0.123259
-132.911,258.228,0.0550528,0.124035
-129.114,258.228,0.0551606,0.124812
-125.316,258.228,0.0552685,0.125588
-121.519,258.228,0.0553763,0.126364
-117.722,258.228,0.0554787,0.127175
-113.924,258.228,0.055554,0.128156
-110.127,258.228,0.0556293,0.129137
-106.329,258.228,0.0557046,0.130117
-102.532,258.228,0.0557788,0.130991
-98.7342,258.228,0.0558531,0.131866
-94.9367,258.228,0.0559224,0.132748
-91.1392,258.228,0.0559541,0.133697
-87.3418,258.228,0.0559858,0.134646
-83.5443,258.228,0.0560176,0.135594
-79.7468,258.228,0.0560529,0.136526
-75.9494,258.228,0.0561005,0.137402
-72.1519,258.228,0.0561208,0.138305
-68.3544,258.228,0.0560897,0.139286
-64.557,258.228,0.0560585,0.140267
-60.7595,258.228,0.0560274,0.141248
-56.962,258.228,0.0559918,0.142233
-53.1646,258.228,0.0559441,0.143228
-49.3671,258.228,0.0559005,0.144235
-45.5696,258.228,0.0558699,0.145275
-41.7722,258.228,0.0558358,0.146318
-37.9747,258.228,0.0557831,0.147361
-34.1772,258.228,0.0557173,0.148398
-30.3797,258.228,0.0556514,0.149436
-26.5823,258.228,0.0555856,0.150473
-22.7848,258.228,0.0555197,0.151511
-18.9873,258.228,0.0554539,0.152548
-15.1899,258.228,0.0554105,0.153573
-11.3924,258.228,0.0553776,0.154592
-7.59494,258.228,0.0553363,0.155621
-3.79747,258.228,0.0552809,0.156656
0,258.228,0.0552427,0.157688
-300,262.025,0.048123,0.0869684
-296.203,262.025,0.0483304,0.0878779
-292.405,262.025,0.0485365,0.0887484
-288.608,262.025,0.0487306,0.0895432
-284.81,262.025,0.0489151,0.0902248
-281.013,262.025,0.0491215,0.0910031
-277.215,262.025,0.0492844,0.0916707
-273.418,262.025,0.0494484,0.0923614
-269.62,262.025,0.0496225,0.0931316
-265.823,262.025,0.0498131,0.0940008
-262.025,262.025,0.050018,0.0949683
-258.228,262.025,0.050231,0.0960018
-254.43,262.025,0.0504458,0.0970498
-250.633,262.025,0.0506462,0.0979394
-246.835,262.025,0.0508499,0.0988487
-243.038,262.025,0.0510567,0.0997804
-239.241,262.025,0.0512401,0.100645
-235.443,262.025,0.0514155,0.101488
-231.646,262.025,0.0515927,0.102338
-227.848,262.025,0.0517858,0.103289
-224.051,262.025,0.0519794,0.104244
-220.253,262.025,0.0521729,0.1052
-216.456,262.025,0.0523665,0.106155
-212.658,262.025,0.0525601,0.107111
-208.861,262.025,0.0527491,0.108007
-205.063,262.025,0.0529403,0.108958
-201.266,262.025,0.0531112,0.109943
-197.468,262.025,0.0532821,0.110928
-193.671,262.025,0.0534531,0.111914
-189.873,262.025,0.053624,0.112899
-186.076,262.025,0.0537674,0.113763
-182.278,262.025,0.0539103,0.114624
-178.481,262.025,0.0540531,0.115485
-174.684,262.025,0.0541731,0.116228
-170.886,262.025,0.05429,0.116994
-167.089,262.025,0.0544037,0.117823
-163.291,262.025,0.0545174,0.118653
-159.494,262.025,0.0546311,0.119482
-155.696,262.025,0.054749,0.120323
-151.899,262.025,0.0548558,0.121115
-148.101,262.025,0.0549615,0.121903
-144.304,262.025,0.0550673,0.122691
-140.506,262.025,0.0551744,0.123472
-136.709,262.025,0.0552822,0.124248
-132.911,262.025,0.05539,0.125024
-129.114,262.025,0.0554978,0.125801
-125.316,262.025,0.0556057,0.126577
-121.519,262.025,0.0557135,0.127353
-117.722,262.025,0.0558167,0.128158
-113.924,262.025,0.055892,0.12914
-110.127,262.025,0.0559673,0.130121
-106.329,262.025,0.0560418,0.131024
-102.532,262.025,0.0561161,0.131898
-98.7342,262.025,0.0561903,0.132772
-94.9367,262.025,0.0562646,0.133646
-91.1392,262.025,0.0562998,0.134588
-87.3418,262.025,0.0563315,0.135537
-83.5443,262.025,0.0563632,0.136486
-79.7468,262.025,0.056395,0.137434
-75.9494,262.025,0.0564349,0.138345
-72.1519,262.025,0.0564306,0.1393
-68.3544,262.025,0.0563989,0.140283
-64.557,262.025,0.0563677,0.141264
-60.7595,262.025,0.0563366,0.142245
-56.962,262.025,0.0563054,0.143226
-53.1646,262.025,0.05627,0.144211
-49.3671,262.025,0.0562223,0.145206
-45.5696,262.025,0.0561877,0.14624
-41.7722,262.025,0.0561546,0.147278
-37.9747,262.025,0.0561215,0.148316
-34.1772,262.025,0.0560511,0.149351
-30.3797,262.025,0.055978,0.150386
-26.5823,262.025,0.0559122,0.151424
-22.7848,262.025,0.0558463,0.152461
-18.9873,262.025,0.0557805,0.153499
-15.1899,262.025,0.0557231,0.154531
-11.3924,262.025,0.0556901,0.15555
-7.59494,262.025,0.0556572,0.15657
-3.79747,262.025,0.0556222,0.157591
0,262.025,0.0555809,0.15862
-300,265.823,0.0485945,0.0883627
-296.203,265.823,0.0487921,0.089231
-292.405,265.823,0.0489838,0.0900311
-288.608,265.823,0.0491639,0.0907052
-284.81,265.823,0.0493647,0.091471
-281.013,265.823,0.049529,0.0921527
-277.215,265.823,0.049693,0.0928643
-273.418,265.823,0.0498786,0.0937034
-269.62,265.823,0.0500704,0.0945781
-265.823,265.823,0.0502773,0.095563
-262.025,265.823,0.0504892,0.0965877
-258.228,265.823,0.0506964,0.0975524
-254.43,265.823,0.0508962,0.098435
-250.633,265.823,0.0510991,0.099339
-246.835,265.823,0.0512995,0.100252
-243.038,265.823,0.0514749,0.101095
-239.241,265.823,0.0516503,0.101937
-235.443,265.823,0.0518257,0.102779
-231.646,265.823,0.0520049,0.103661
-227.848,265.823,0.0521956,0.104603
-224.051,265.823,0.0523891,0.105559
-220.253,265.823,0.0525827,0.106514
-216.456,265.823,0.0527763,0.10747
-212.658,265.823,0.0529635,0.108342
-208.861,265.823,0.0531551,0.109286
-205.063,265.823,0.0533468,0.110312
-201.266,265.823,0.0535178,0.111297
-197.468,265.823,0.0536887,0.112283
-193.671,265.823,0.0538515,0.113232
-189.873,265.823,0.0539943,0.114093
-186.076,265.823,0.0541372,0.114954
-182.278,265.823,0.0542801,0.115815
-178.481,265.823,0.0543996,0.116556
-174.684,265.823,0.0545186,0.117295
-170.886,265.823,0.0546376,0.118034
-167.089,265.823,0.0547538,0.11885
-163.291,265.823,0.0548677,0.119679
-159.494,265.823,0.0549814,0.120508
-155.696,265.823,0.0550901,0.121315
-151.899,265.823,0.0551942,0.122098
-148.101,265.823,0.0552999,0.122886
-144.304,265.823,0.0554057,0.123674
-140.506,265.823,0.0555116,0.124461
-136.709,265.823,0.0556194,0.125237
-132.911,265.823,0.0557272,0.126013
-129.114,265.823,0.055835,0.12679
-125.316,265.823,0.0559429,0.127566
-121.519,265.823,0.0560507,0.128342
-117.722,265.823,0.0561548,0.129142
-113.924,265.823,0.05623,0.130124
-110.127,265.823,0.0563049,0.131056
-106.329,265.823,0.0563791,0.13193
-102.532,265.823,0.0564534,0.132804
-98.7342,265.823,0.0565276,0.133678
-94.9367,265.823,0.0566019,0.134552
-91.1392,265.823,0.0566455,0.13548
-87.3418,265.823,0.0566772,0.136428
-83.5443,265.823,0.0567089,0.137377
-79.7468,265.823,0.0567407,0.138326
-75.9494,265.823,0.0567724,0.139274
-72.1519,265.823,0.0567501,0.140267
-68.3544,265.823,0.0567084,0.141279
-64.557,265.823,0.0566769,0.142261
-60.7595,265.823,0.0566458,0.143242
-56.962,265.823,0.0566146,0.144223
-53.1646,265.823,0.0565835,0.145204
-49.3671,265.823,0.0565483,0.146189
-45.5696,265.823,0.0565081,0.147206
-41.7722,265.823,0.0564749,0.148244
-37.9747,265.823,0.0564418,0.149282
-34.1772,265.823,0.056397,0.150316
-30.3797,265.823,0.0563362,0.151348
-26.5823,265.823,0.0562632,0.152383
-22.7848,265.823,0.0561901,0.153418
-18.9873,265.823,0.0561171,0.154453
-15.1899,265.823,0.056044,0.155488
-11.3924,265.823,0.0560027,0.156509
-7.59494,265.823,0.0559697,0.157528
-3.79747,265.823,0.0559368,0.158547
0,265.823,0.0559072,0.159562
-300,269.62,0.0490286,0.0896791
-296.203,269.62,0.0492191,0.0904785
-292.405,269.62,0.0494004,0.0911577
-288.608,269.62,0.0496037,0.0919365
-284.81,269.62,0.0497762,0.092652
-281.013,269.62,0.0499496,0.0934311
-277.215,269.62,0.0501377,0.0942916
-273.418,269.62,0.050332,0.0951874
-269.62,269.62,0.0505366,0.0961576
-265.823,269.62,0.0507467,0.0971654
-262.025,269.62,0.0509465,0.098048
-258.228,269.62,0.0511463,0.0989306
-254.43,269.62,0.0513484,0.0998292
-250.633,269.62,0.0515344,0.100702
-246.835,269.62,0.0517098,0.101544
-243.038,269.62,0.0518852,0.102386
-239.241,269.62,0.0520606,0.103229
-235.443,269.62,0.0522385,0.104098
-231.646,269.62,0.0524193,0.104996
-227.848,269.62,0.0526053,0.105918
-224.051,269.62,0.0527989,0.106873
-220.253,269.62,0.052991,0.107809
-216.456,269.62,0.0531779,0.108678
-212.658,269.62,0.0533702,0.109632
-208.861,269.62,0.0535635,0.110618
-205.063,269.62,0.0537534,0.111666
-201.266,269.62,0.0539244,0.112652
-197.468,269.62,0.0540784,0.113562
-193.671,269.62,0.0542213,0.114423
-189.873,269.62,0.0543642,0.115284
-186.076,269.62,0.054507,0.116145
-182.278,269.62,0.054626,0.116884
-178.481,269.62,0.054745,0.117623
-174.684,269.62,0.054864,0.118361
-170.886,269.62,0.054983,0.1191
-167.089,269.62,0.0551002,0.119896
-163.291,269.62,0.0552165,0.12071
-159.494,269.62,0.0553316,0.121534
-155.696,269.62,0.0554345,0.122316
-151.899,269.62,0.0555355,0.123089
-148.101,269.62,0.0556383,0.123868
-144.304,269.62,0.055744,0.124656
-140.506,269.62,0.0558498,0.125444
-136.709,269.62,0.0559566,0.126226
-132.911,269.62,0.0560644,0.127002
-129.114,269.62,0.0561722,0.127779
-125.316,269.62,0.0562801,0.128555
-121.519,269.62,0.0563879,0.129332
-117.722,269.62,0.0564928,0.130126
-113.924,269.62,0.0565679,0.131088
-110.127,269.62,0.0566421,0.131962
-106.329,269.62,0.0567164,0.132836
-102.532,269.62,0.0567906,0.13371
-98.7342,269.62,0.0568649,0.134584
-94.9367,269.62,0.0569391,0.135458
-91.1392,269.62,0.0569911,0.136371
-87.3418,269.62,0.0570229,0.13732
-83.5443,269.62,0.0570546,0.138269
-79.7468,269.62,0.0570863,0.139217
-75.9494,269.62,0.0571181,0.140166
-72.1519,269.62,0.0570695,0.141233
-68.3544,269.62,0.0570278,0.142246
-64.557,269.62,0.0569861,0.143258
-60.7595,269.62,0.056955,0.144239
-56.962,269.62,0.0569238,0.14522
-53.1646,269.62,0.0568927,0.146201
-49.3671,269.62,0.0568616,0.147182
-45.5696,269.62,0.0568284,0.148172
-41.7722,269.62,0.0567952,0.14921
-37.9747,269.62,0.0567621,0.150249
-34.1772,269.62,0.0567271,0.151286
-30.3797,269.62,0.0566715,0.152316
-26.5823,269.62,0.0566158,0.153346
-22.7848,269.62,0.0565483,0.15438
-18.9873,269.62,0.0564753,0.155415
-15.1899,269.62,0.0564022,0.15645
-11.3924,269.62,0.0563411,0.157478
-7.59494,269.62,0.0563013,0.158494
-3.79747,269.62,0.0562614,0.15951
0,269.62,0.0562251,0.160522
-300,273.418,0.0494544,0.0909258
-296.203,273.418,0.0496368,0.0916101
-292.405,273.418,0.0498434,0.0924058
-288.608,273.418,0.0500378,0.0932269
-284.81,273.418,0.0502151,0.0940427
-281.013,273.418,0.0503967,0.0948799
-277.215,273.418,0.0505936,0.0957966
-273.418,273.418,0.0507959,0.0967523
-269.62,273.418,0.0509967,0.097661
-265.823,273.418,0.0511965,0.0985436
-262.025,273.418,0.0513963,0.0994262
-258.228,273.418,0.0515938,0.100308
-254.43,273.418,0.0517692,0.101151
-250.633,273.418,0.0519446,0.101993
-246.835,273.418,0.05212,0.102836
-243.038,273.418,0.0522954,0.103678
-239.241,273.418,0.0524722,0.104535
-235.443,273.418,0.052653,0.105433
-231.646,273.418,0.0528337,0.106331
-227.848,273.418,0.0530151,0.107232
-224.051,273.418,0.0532054,0.108145
-220.253,273.418,0.0533926,0.109017
-216.456,273.418,0.0535852,0.109979
-212.658,273.418,0.0537779,0.110941
-208.861,273.418,0.0539729,0.111981
-205.063,273.418,0.05416,0.113021
-201.266,273.418,0.0543054,0.113893
-197.468,273.418,0.0544482,0.114754
-193.671,273.418,0.0545911,0.115615
-189.873,273.418,0.0547335,0.116473
-186.076,273.418,0.0548525,0.117212
-182.278,273.418,0.0549715,0.11795
-178.481,273.418,0.0550905,0.118689
-174.684,273.418,0.0552095,0.119428
-170.886,273.418,0.0553285,0.120166
-167.089,273.418,0.0554458,0.120956
-163.291,273.418,0.0555628,0.121757
-159.494,273.418,0.0556754,0.122552
-155.696,273.418,0.0557787,0.123317
-151.899,273.418,0.05588,0.12409
-148.101,273.418,0.055981,0.124864
-144.304,273.418,0.0560824,0.125639
-140.506,273.418,0.0561882,0.126427
-136.709,273.418,0.0562939,0.127215
-132.911,273.418,0.0564016,0.127992
-129.114,273.418,0.0565094,0.128768
-125.316,273.418,0.0566173,0.129544
-121.519,273.418,0.0567251,0.130321
-117.722,273.418,0.0568308,0.13111
-113.924,273.418,0.0569051,0.131994
-110.127,273.418,0.0569794,0.132868
-106.329,273.418,0.0570536,0.133742
-102.532,273.418,0.0571279,0.134616
-98.7342,273.418,0.0572021,0.13549
-94.9367,273.418,0.0572764,0.136364
-91.1392,273.418,0.0573368,0.137263
-87.3418,273.418,0.0573685,0.138211
-83.5443,273.418,0.0574003,0.13916
-79.7468,273.418,0.057432,0.140109
-75.9494,273.418,0.0574563,0.141069
-72.1519,273.418,0.0573987,0.142154
-68.3544,273.418,0.0573472,0.143212
-64.557,273.418,0.0573055,0.144225
-60.7595,273.418,0.0572642,0.145236
-56.962,273.418,0.057233,0.146217
-53.1646,273.418,0.0572019,0.147198
-49.3671,273.418,0.0571708,0.148179
-45.5696,273.418,0.0571396,0.14916
-41.7722,273.418,0.0571156,0.150176
-37.9747,273.418,0.0570824,0.151215
-34.1772,273.418,0.0570493,0.152253
-30.3797,273.418,0.0570016,0.153286
-26.5823,273.418,0.056946,0.154316
-22.7848,273.418,0.0568903,0.155346
-18.9873,273.418,0.0568335,0.156376
-15.1899,273.418,0.0567604,0.157411
-11.3924,273.418,0.0566874,0.158446
-7.59494,273.418,0.0566439,0.159465
-3.79747,273.418,0.0566041,0.160481
0,273.418,0.0565678,0.161493
-300,277.215,0.0498744,0.0920685
-296.203,277.215,0.0500982,0.0929541
-292.405,277.215,0.0503071,0.0938493
-288.608,277.215,0.0504805,0.0946542
-284.81,277.215,0.0506557,0.0954681
-281.013,277.215,0.0508552,0.0964059
-277.215,277.215,0.0510531,0.0973238
-273.418,277.215,0.0512467,0.0981566
-269.62,277.215,0.0514465,0.0990392
-265.823,277.215,0.0516464,0.0999218
-262.025,277.215,0.0518286,0.100758
-258.228,277.215,0.052004,0.1016
-254.43,277.215,0.0521794,0.102442
-250.633,277.215,0.0523548,0.103285
-246.835,277.215,0.0525302,0.104127
-243.038,277.215,0.0527059,0.104973
-239.241,277.215,0.0528866,0.105871
-235.443,277.215,0.0530674,0.106769
-231.646,277.215,0.0532481,0.107667
-227.848,277.215,0.0534238,0.108498
-224.051,277.215,0.0536076,0.109363
-220.253,277.215,0.0538003,0.110326
-216.456,277.215,0.053993,0.111288
-212.658,277.215,0.0541865,0.112277
-208.861,277.215,0.054376,0.113317
-205.063,277.215,0.0545323,0.114223
-201.266,277.215,0.0546752,0.115084
-197.468,277.215,0.054818,0.115945
-193.671,277.215,0.0549599,0.116801
-189.873,277.215,0.0550789,0.11754
-186.076,277.215,0.0551979,0.118278
-182.278,277.215,0.0553169,0.119017
-178.481,277.215,0.0554359,0.119756
-174.684,277.215,0.0555549,0.120494
-170.886,277.215,0.0556739,0.121233
-167.089,277.215,0.0557915,0.122016
-163.291,277.215,0.0559085,0.122818
-159.494,277.215,0.0560157,0.123577
-155.696,277.215,0.0561196,0.124331
-151.899,277.215,0.0562229,0.125096
-148.101,277.215,0.0563254,0.125864
-144.304,277.215,0.0564264,0.126638
-140.506,277.215,0.0565274,0.127412
-136.709,277.215,0.0566323,0.128197
-132.911,277.215,0.0567388,0.128981
-129.114,277.215,0.0568466,0.129757
-125.316,277.215,0.0569545,0.130533
-121.519,277.215,0.0570623,0.13131
-117.722,277.215,0.0571658,0.132041
-113.924,277.215,0.0572424,0.1329
-110.127,277.215,0.0573166,0.133774
-106.329,277.215,0.0573909,0.134648
-102.532,277.215,0.0574652,0.135522
-98.7342,277.215,0.0575394,0.136396
-94.9367,277.215,0.0576137,0.13727
-91.1392,277.215,0.0576825,0.138154
-87.3418,277.215,0.0577142,0.139103
-83.5443,277.215,0.057746,0.140051
-79.7468,277.215,0.0577777,0.141
-75.9494,277.215,0.0577871,0.141983
-72.1519,277.215,0.0577295,0.143069
-68.3544,277.215,0.0576719,0.144154
-64.557,277.215,0.0576249,0.145191
-60.7595,277.215,0.0575832,0.146204
-56.962,277.215,0.0575422,0.147214
-53.1646,277.215,0.0575111,0.148195
-49.3671,277.215,0.05748,0.149176
-45.5696,277.215,0.0574488,0.150157
-41.7722,277.215,0.0574244,0.151158
-37.9747,277.215,0.0574028,0.152181
-34.1772,277.215,0.0573696,0.153219
-30.3797,277.215,0.0573318,0.154256
-26.5823,277.215,0.0572761,0.155286
-22.7848,277.215,0.0572205,0.156316
-18.9873,277.215,0.0571648,0.157346
-15.1899,277.215,0.0571092,0.158376
-11.3924,277.215,0.0570456,0.159408
-7.59494,277.215,0.0569866,0.160435
-3.79747,277.215,0.0569468,0.161451
0,277.215,0.0569105,0.162463
-300,281.013,0.0503612,0.0935501
-296.203,281.013,0.0505764,0.0944718
-292.405,281.013,0.050746,0.0952658
-288.608,281.013,0.050918,0.096079
-284.81,281.013,0.0511168,0.0970152
-281.013,281.013,0.0513059,0.0978379
-277.215,281.013,0.0514968,0.0986522
-273.418,281.013,0.0516966,0.0995348
-269.62,281.013,0.0518951,0.100414
-265.823,281.013,0.0520634,0.101207
-262.025,281.013,0.0522388,0.102049
-258.228,281.013,0.0524142,0.102892
-254.43,281.013,0.0525896,0.103734
-250.633,281.013,0.052765,0.104576
-246.835,281.013,0.0529404,0.105419
-243.038,281.013,0.0531203,0.106308
-239.241,281.013,0.0533011,0.107206
-235.443,281.013,0.0534813,0.108098
-231.646,281.013,0.0536555,0.10891
-227.848,281.013,0.0538314,0.109749
-224.051,281.013,0.0540154,0.110673
-220.253,281.013,0.0542081,0.111635
-216.456,281.013,0.0544008,0.112597
-212.658,281.013,0.0545809,0.113575
-208.861,281.013,0.0547486,0.114518
-205.063,281.013,0.0549021,0.115414
-201.266,281.013,0.055045,0.116275
-197.468,281.013,0.0551864,0.117129
-193.671,281.013,0.0553054,0.117867
-189.873,281.013,0.0554244,0.118606
-186.076,281.013,0.0555434,0.119345
-182.278,281.013,0.0556624,0.120083
-178.481,281.013,0.0557814,0.120822
-174.684,281.013,0.0559004,0.121561
-170.886,281.013,0.0560194,0.122299
-167.089,281.013,0.0561371,0.123077
-163.291,281.013,0.0562512,0.123865
-159.494,281.013,0.0563555,0.124612
-155.696,281.013,0.0564598,0.125358
-151.899,281.013,0.0565638,0.12611
-148.101,281.013,0.0566672,0.126875
-144.304,281.013,0.0567705,0.12764
-140.506,281.013,0.0568718,0.128412
-136.709,281.013,0.0569728,0.129186
-132.911,281.013,0.0570764,0.129968
-129.114,281.013,0.0571838,0.130746
-125.316,281.013,0.0572916,0.131522
-121.519,281.013,0.0573971,0.132273
-117.722,281.013,0.0574982,0.132978
-113.924,281.013,0.0575797,0.133806
-110.127,281.013,0.0576539,0.13468
-106.329,281.013,0.0577282,0.135555
-102.532,281.013,0.0578024,0.136429
-98.7342,281.013,0.0578767,0.137303
-94.9367,281.013,0.0579509,0.138177
-91.1392,281.013,0.0580252,0.139051
-87.3418,281.013,0.0580599,0.139994
-83.5443,281.013,0.0580916,0.140943
-79.7468,281.013,0.0581234,0.141891
-75.9494,281.013,0.0581178,0.142897
-72.1519,281.013,0.0580602,0.143983
-68.3544,281.013,0.0580026,0.145069
-64.557,281.013,0.057945,0.146154
-60.7595,281.013,0.0579027,0.14717
-56.962,281.013,0.057861,0.148182
-53.1646,281.013,0.0578203,0.149192
-49.3671,281.013,0.0577892,0.150173
-45.5696,281.013,0.057758,0.151154
-41.7722,281.013,0.0577299,0.152144
-37.9747,281.013,0.0577114,0.153162
-34.1772,281.013,0.0576899,0.154185
-30.3797,281.013,0.0576568,0.155224
-26.5823,281.013,0.0576063,0.156255
-22.7848,281.013,0.0575506,0.157285
-18.9873,281.013,0.057495,0.158315
-15.1899,281.013,0.0574393,0.159345
-11.3924,281.013,0.0573837,0.160376
-7.59494,281.013,0.057328,0.161406
-3.79747,281.013,0.0572894,0.162422
0,281.013,0.0572532,0.163433
-300,284.81,0.0508418,0.0950834
-296.203,284.81,0.0510115,0.0958773
-292.405,284.81,0.0511861,0.0967116
-288.608,284.81,0.0513731,0.0975661
-284.81,284.81,0.051559,0.098353
-281.013,284.81,0.0517477,0.0991552
-277.215,284.81,0.0519466,0.10003
-273.418,284.81,0.0521307,0.100868
-269.62,284.81,0.052299,0.101662
-265.823,284.81,0.0524737,0.102499
-262.025,284.81,0.0526491,0.103341
-258.228,284.81,0.0528245,0.104183
-254.43,284.81,0.0529999,0.105026
-250.633,284.81,0.0531753,0.105868
-246.835,284.81,0.053354,0.106746
-243.038,284.81,0.0535348,0.107644
-239.241,284.81,0.0537131,0.10851
-235.443,284.81,0.0538873,0.109322
-231.646,284.81,0.054064,0.110174
-227.848,284.81,0.0542438,0.111079
-224.051,284.81,0.0544237,0.111984
-220.253,284.81,0.0546159,0.112944
-216.456,284.81,0.0547858,0.113832
-212.658,284.81,0.0549535,0.114775
-208.861,284.81,0.0551212,0.115719
-205.063,284.81,0.0552719,0.116606
-201.266,284.81,0.0554128,0.117457
-197.468,284.81,0.0555318,0.118195
-193.671,284.81,0.0556508,0.118934
-189.873,284.81,0.0557698,0.119673
-186.076,284.81,0.0558888,0.120411
-182.278,284.81,0.0560078,0.12115
-178.481,284.81,0.0561268,0.121889
-174.684,284.81,0.0562458,0.122627
-170.886,284.81,0.0563648,0.123366
-167.089,284.81,0.0564828,0.124137
-163.291,284.81,0.056591,0.1249
-159.494,284.81,0.0566953,0.125647
-155.696,284.81,0.0567997,0.126393
-151.899,284.81,0.056904,0.127139
-148.101,284.81,0.0570081,0.127889
-144.304,284.81,0.0571114,0.128654
-140.506,284.81,0.0572147,0.129419
-136.709,284.81,0.0573172,0.130187
-132.911,284.81,0.0574182,0.13096
-129.114,284.81,0.057521,0.131735
-125.316,284.81,0.0576283,0.132506
-121.519,284.81,0.0577294,0.13321
-117.722,284.81,0.0578305,0.133915
-113.924,284.81,0.0579169,0.134713
-110.127,284.81,0.0579912,0.135587
-106.329,284.81,0.0580654,0.136461
-102.532,284.81,0.0581397,0.137335
-98.7342,284.81,0.0582139,0.138209
-94.9367,284.81,0.0582882,0.139083
-91.1392,284.81,0.0583624,0.139957
-87.3418,284.81,0.0584056,0.140886
-83.5443,284.81,0.0584373,0.141834
-79.7468,284.81,0.058469,0.142783
-75.9494,284.81,0.0584485,0.143812
-72.1519,284.81,0.0583909,0.144897
-68.3544,284.81,0.0583333,0.145983
-64.557,284.81,0.0582758,0.147069
-60.7595,284.81,0.0582221,0.148136
-56.962,284.81,0.0581804,0.149149
-53.1646,284.81,0.0581387,0.150161
-49.3671,284.81,0.0580984,0.15117
-45.5696,284.81,0.0580672,0.152151
-41.7722,284.81,0.0580361,0.153132
-37.9747,284.81,0.0580169,0.154148
-34.1772,284.81,0.0579985,0.155167
-30.3797,284.81,0.0579771,0.15619
-26.5823,284.81,0.0579364,0.157225
-22.7848,284.81,0.0578808,0.158255
-18.9873,284.81,0.0578251,0.159285
-15.1899,284.81,0.0577695,0.160315
-11.3924,284.81,0.0577138,0.161345
-7.59494,284.81,0.0576582,0.162375
-3.79747,284.81,0.0576211,0.163395
0,284.81,0.0575959,0.164404
-300,288.608,0.051277,0.0964889
-296.203,288.608,0.0514541,0.0973441
-292.405,288.608,0.0516262,0.0980813
-288.608,288.608,0.0518121,0.0988682
-284.81,288.608,0.0519988,0.0996596
-281.013,288.608,0.0521967,0.100526
-277.215,288.608,0.0523663,0.101323
-273.418,288.608,0.0525346,0.102116
-269.62,288.608,0.0527085,0.102948
-265.823,288.608,0.0528839,0.10379
-262.025,288.608,0.0530593,0.104633
-258.228,288.608,0.0532347,0.105475
-254.43,288.608,0.0534101,0.106317
-250.633,288.608,0.0535877,0.107183
-246.835,288.608,0.0537684,0.108081
-243.038,288.608,0.0539448,0.108922
-239.241,288.608,0.0541191,0.109734
-235.443,288.608,0.0542965,0.110599
-231.646,288.608,0.0544764,0.111504
-227.848,288.608,0.0546563,0.112409
-224.051,288.608,0.0548319,0.113295
-220.253,288.608,0.0549914,0.114113
-216.456,288.608,0.0551584,0.115032
-212.658,288.608,0.0553261,0.115976
-208.861,288.608,0.0554938,0.116919
-205.063,288.608,0.0556393,0.117784
-201.266,288.608,0.0557583,0.118523
-197.468,288.608,0.0558773,0.119262
-193.671,288.608,0.0559963,0.12
-189.873,288.608,0.0561153,0.120739
-186.076,288.608,0.0562343,0.121478
-182.278,288.608,0.0563533,0.122216
-178.481,288.608,0.0564723,0.122955
-174.684,288.608,0.0565913,0.123694
-170.886,288.608,0.0567103,0.124433
-167.089,288.608,0.0568265,0.125189
-163.291,288.608,0.0569308,0.125935
-159.494,288.608,0.0570351,0.126681
-155.696,288.608,0.0571395,0.127428
-151.899,288.608,0.0572438,0.128174
-148.101,288.608,0.0573481,0.12892
-144.304,288.608,0.0574523,0.129668
-140.506,288.608,0.0575556,0.130433
-136.709,288.608,0.057659,0.131197
-132.911,288.608,0.0577623,0.131962
-129.114,288.608,0.0578636,0.132735
-125.316,288.608,0.0579615,0.133445
-121.519,288.608,0.0580617,0.134148
-117.722,288.608,0.0581629,0.134852
-113.924,288.608,0.0582542,0.135619
-110.127,288.608,0.0583284,0.136493
-106.329,288.608,0.0584027,0.137367
-102.532,288.608,0.0584769,0.138241
-98.7342,288.608,0.0585512,0.139115
-94.9367,288.608,0.0586255,0.139989
-91.1392,288.608,0.0586997,0.140863
-87.3418,288.608,0.0587513,0.141777
-83.5443,288.608,0.058783,0.142726
-79.7468,288.608,0.0588147,0.143674
-75.9494,288.608,0.0587792,0.144726
-72.1519,288.608,0.0587217,0.145812
-68.3544,288.608,0.0586641,0.146897
-64.557,288.608,0.0586065,0.147983
-60.7595,288.608,0.0585489,0.149069
-56.962,288.608,0.0584998,0.150115
-53.1646,288.608,0.0584581,0.151128
-49.3671,288.608,0.0584164,0.15214
-45.5696,288.608,0.0583764,0.153148
-41.7722,288.608,0.0583453,0.154129
-37.9747,288.608,0.0583224,0.155134
-34.1772,288.608,0.0583039,0.156153
-30.3797,288.608,0.0582855,0.157172
-26.5823,288.608,0.0582643,0.158194
-22.7848,288.608,0.0582109,0.159225
-18.9873,288.608,0.0581553,0.160255
-15.1899,288.608,0.0580996,0.161285
-11.3924,288.608,0.058044,0.162315
-7.59494,288.608,0.0579883,0.163345
-3.79747,288.608,0.0579405,0.164371
0,288.608,0.0579188,0.165379
-300,292.405,0.0517137,0.0978828
-296.203,292.405,0.0518793,0.0985964
-292.405,292.405,0.0520652,0.0993833
-288.608,292.405,0.0522511,0.10017
-284.81,292.405,0.0524336,0.100984
-281.013,292.405,0.0526019,0.101778
-277.215,292.405,0.0527702,0.102571
-273.418,292.405,0.0529433,0.103397
-269.62,292.405,0.0531187,0.104239
-265.823,292.405,0.0532941,0.105082
-262.025,292.405,0.0534695,0.105924
-258.228,292.405,0.0536449,0.106767
-254.43,292.405,0.0538214,0.10762
-250.633,292.405,0.0540021,0.108518
-246.835,292.405,0.0541766,0.109334
-243.038,292.405,0.0543508,0.110146
-239.241,292.405,0.0545291,0.111024
-235.443,292.405,0.0547089,0.111929
-231.646,292.405,0.0548888,0.112834
-227.848,292.405,0.0550557,0.113683
-224.051,292.405,0.0552076,0.114466
-220.253,292.405,0.0553633,0.115289
-216.456,292.405,0.055531,0.116233
-212.658,292.405,0.0556987,0.117176
-208.861,292.405,0.0558635,0.118105
-205.063,292.405,0.0559847,0.118851
-201.266,292.405,0.0561037,0.11959
-197.468,292.405,0.0562227,0.120328
-193.671,292.405,0.0563417,0.121067
-189.873,292.405,0.0564607,0.121806
-186.076,292.405,0.0565797,0.122544
-182.278,292.405,0.0566987,0.123283
-178.481,292.405,0.0568177,0.124022
-174.684,292.405,0.0569367,0.12476
-170.886,292.405,0.0570557,0.125499
-167.089,292.405,0.0571663,0.126224
-163.291,292.405,0.0572706,0.12697
-159.494,292.405,0.057375,0.127716
-155.696,292.405,0.0574793,0.128463
-151.899,292.405,0.0575836,0.129209
-148.101,292.405,0.0576879,0.129955
-144.304,292.405,0.0577922,0.130701
-140.506,292.405,0.0578965,0.131447
-136.709,292.405,0.0579999,0.132211
-132.911,292.405,0.0581032,0.132976
-129.114,292.405,0.0582033,0.133704
-125.316,292.405,0.0583001,0.134401
-121.519,292.405,0.0583977,0.135096
-117.722,292.405,0.0584953,0.13579
-113.924,292.405,0.0585915,0.136525
-110.127,292.405,0.0586657,0.137399
-106.329,292.405,0.05874,0.138273
-102.532,292.405,0.0588142,0.139147
-98.7342,292.405,0.0588885,0.140021
-94.9367,292.405,0.0589627,0.140895
-91.1392,292.405,0.059037,0.141769
-87.3418,292.405,0.0590969,0.142668
-83.5443,292.405,0.0591287,0.143617
-79.7468,292.405,0.0591604,0.144566
-75.9494,292.405,0.05911,0.14564
-72.1519,292.405,0.0590524,0.146726
-68.3544,292.405,0.0589948,0.147812
-64.557,292.405,0.0589372,0.148897
-60.7595,292.405,0.0588796,0.149983
-56.962,292.405,0.0588221,0.151069
-53.1646,292.405,0.0587775,0.152094
-49.3671,292.405,0.0587358,0.153107
-45.5696,292.405,0.0586942,0.154119
-41.7722,292.405,0.0586545,0.155126
-37.9747,292.405,0.0586279,0.15612
-34.1772,292.405,0.0586094,0.157139
-30.3797,292.405,0.058591,0.158157
-26.5823,292.405,0.0585726,0.159176
-22.7848,292.405,0.0585411,0.160195
-18.9873,292.405,0.0584854,0.161225
-15.1899,292.405,0.0584298,0.162255
-11.3924,292.405,0.0583741,0.163285
-7.59494,292.405,0.0583185,0.164315
-3.79747,292.405,0.0582628,0.165345
0,292.405,0.0582383,0.166354
-300,296.203,0.0521372,0.0991289
-296.203,296.203,0.0523183,0.0998985
-292.405,296.203,0.0525042,0.100685
-288.608,296.203,0.0526692,0.101439
-284.81,296.203,0.0528375,0.102232
-281.013,296.203,0.0530058,0.103025
-277.215,296.203,0.0531781,0.103846
-273.418,296.203,0.0533535,0.104689
-269.62,296.203,0.0535289,0.105531
-265.823,296.203,0.0537043,0.106373
-262.025,296.203,0.0538797,0.107216
-258.228,296.203,0.0540551,0.108058
-254.43,296.203,0.0542342,0.108934
-250.633,296.203,0.0544084,0.109746
-246.835,296.203,0.0545826,0.110558
-243.038,296.203,0.0547616,0.111449
-239.241,296.203,0.0549415,0.112354
-235.443,296.203,0.0551214,0.113259
-231.646,296.203,0.0552796,0.11407
-227.848,296.203,0.0554315,0.114853
-224.051,296.203,0.0555834,0.115636
-220.253,296.203,0.0557376,0.116498
-216.456,296.203,0.0559036,0.117433
-212.658,296.203,0.0560679,0.118359
-208.861,296.203,0.0562112,0.119179
-205.063,296.203,0.0563302,0.119917
-201.266,296.203,0.0564492,0.120656
-197.468,296.203,0.0565682,0.121395
-193.671,296.203,0.0566872,0.122133
-189.873,296.203,0.0568062,0.122872
-186.076,296.203,0.0569252,0.123611
-182.278,296.203,0.0570442,0.12435
-178.481,296.203,0.0571632,0.125088
-174.684,296.203,0.0572822,0.125827
-170.886,296.203,0.0574003,0.126562
-167.089,296.203,0.0575061,0.127259
-163.291,296.203,0.0576104,0.128005
-159.494,296.203,0.0577148,0.128751
-155.696,296.203,0.0578191,0.129497
-151.899,296.203,0.0579234,0.130244
-148.101,296.203,0.0580277,0.13099
-144.304,296.203,0.058132,0.131736
-140.506,296.203,0.0582363,0.132482
-136.709,296.203,0.0583406,0.133228
-132.911,296.203,0.0584426,0.133972
-129.114,296.203,0.0585399,0.134668
-125.316,296.203,0.0586372,0.135363
-121.519,296.203,0.0587359,0.136053
-117.722,296.203,0.0588339,0.136746
-113.924,296.203,0.0589315,0.13744
-110.127,296.203,0.059003,0.138305
-106.329,296.203,0.0590772,0.139179
-102.532,296.203,0.0591515,0.140053
-98.7342,296.203,0.0592257,0.140927
-94.9367,296.203,0.0593,0.141801
-91.1392,296.203,0.0593742,0.142675
-87.3418,296.203,0.0594426,0.14356
-83.5443,296.203,0.0594743,0.144508
-79.7468,296.203,0.0594983,0.145469
-75.9494,296.203,0.0594407,0.146555
-72.1519,296.203,0.0593831,0.14764
-68.3544,296.203,0.0593255,0.148726
-64.557,296.203,0.0592679,0.149812
-60.7595,296.203,0.0592104,0.150898
-56.962,296.203,0.0591528,0.151983
-53.1646,296.203,0.059097,0.153061
-49.3671,296.203,0.0590553,0.154073
-45.5696,296.203,0.0590136,0.155086
-41.7722,296.203,0.0589719,0.156098
-37.9747,296.203,0.0589333,0.157106
-34.1772,296.203,0.0589149,0.158125
-30.3797,296.203,0.0588965,0.159143
-26.5823,296.203,0.058878,0.160162
-22.7848,296.203,0.0588574,0.16118
-18.9873,296.203,0.0588156,0.162194
-15.1899,296.203,0.05876,0.163224
-11.3924,296.203,0.0587043,0.164254
-7.59494,296.203,0.0586487,0.165284
-3.79747,296.203,0.058593,0.166314
0,296.203,0.0585578,0.16733
-300,300,0.0525714,0.100414
-296.203,300,0.0527471,0.101174
-292.405,300,0.0529048,0.101894
-288.608,300,0.0530731,0.102687
-284.81,300,0.0532414,0.10348
-281.013,300,0.053413,0.104296
-277.215,300,0.0535884,0.105138
-273.418,300,0.0537638,0.10598
-269.62,300,0.0539391,0.106823
-265.823,300,0.0541145,0.107665
-262.025,300,0.0542899,0.108507
-258.228,300,0.0544659,0.109346
-254.43,300,0.0546402,0.110158
-250.633,300,0.0548144,0.110971
-246.835,300,0.0549942,0.111874
-243.038,300,0.055174,0.112779
-239.241,300,0.0553516,0.113674
-235.443,300,0.0555035,0.114457
-231.646,300,0.0556554,0.11524
-227.848,300,0.0558072,0.116023
-224.051,300,0.0559603,0.116848
-220.253,300,0.0561149,0.117724
-216.456,300,0.0562723,0.118614
-212.658,300,0.0564161,0.119435
-208.861,300,0.0565566,0.120245
-205.063,300,0.0566756,0.120984
-201.266,300,0.0567946,0.121723
-197.468,300,0.0569136,0.122461
-193.671,300,0.0570326,0.1232
-189.873,300,0.0571516,0.123939
-186.076,300,0.0572706,0.124677
-182.278,300,0.0573896,0.125416
-178.481,300,0.0575086,0.126155
-174.684,300,0.0576276,0.126893
-170.886,300,0.0577399,0.127603
-167.089,300,0.0578459,0.128294
-163.291,300,0.0579503,0.12904
-159.494,300,0.0580546,0.129786
-155.696,300,0.0581589,0.130532
-151.899,300,0.0582632,0.131279
-148.101,300,0.0583675,0.132025
-144.304,300,0.0584718,0.132771
-140.506,300,0.0585761,0.133517
-136.709,300,0.0586804,0.134263
-132.911,300,0.0587788,0.134941
-129.114,300,0.0588764,0.135631
-125.316,300,0.0589737,0.136327
-121.519,300,0.059071,0.137022
-117.722,300,0.0591709,0.137708
-113.924,300,0.0592701,0.138396
-110.127,300,0.0593458,0.139228
-106.329,300,0.0594165,0.140091
-102.532,300,0.0594887,0.140959
-98.7342,300,0.059563,0.141834
-94.9367,300,0.0596372,0.142708
-91.1392,300,0.0597115,0.143582
-87.3418,300,0.0597857,0.144456
-83.5443,300,0.05982,0.1454
-79.7468,300,0.059829,0.146383
-75.9494,300,0.0597714,0.147469
-72.1519,300,0.0597138,0.148555
-68.3544,300,0.0596563,0.149641
-64.557,300,0.0595987,0.150726
-60.7595,300,0.0595411,0.151812
-56.962,300,0.0594835,0.152898
-53.1646,300,0.0594259,0.153983
-49.3671,300,0.0593747,0.15504
-45.5696,300,0.059333,0.156052
-41.7722,300,0.0592913,0.157065
-37.9747,300,0.0592509,0.158081
-34.1772,300,0.0592204,0.15911
-30.3797,300,0.0592019,0.160129
-26.5823,300,0.0591835,0.161148
-22.7848,300,0.0591651,0.162167
-18.9873,300,0.0591317,0.16318
-15.1899,300,0.0590901,0.164194
-11.3924,300,0.0590345,0.165224
-7.59494,300,0.0589788,0.166254
-3.79747,300,0.0589232,0.167284
0,300,0.0588773,0.168306
