Id,Iq,Phi_d_pred,Phi_q_pred
-300,0,0.00593966,-0.0359721
-296.203,0,0.00603847,-0.0354444
-292.405,0,0.00614376,-0.0349023
-288.608,0,0.00625215,-0.034353
-284.81,0,0.00636629,-0.0337803
-281.013,0,0.00647481,-0.0332025
-277.215,0,0.00658334,-0.0326247
-273.418,0,0.00670088,-0.0320334
-269.62,0,0.0068211,-0.031451
-265.823,0,0.00694139,-0.0308795
-262.025,0,0.00706162,-0.0303085
-258.228,0,0.00718185,-0.0297376
-254.43,0,0.00730208,-0.0291666
-250.633,0,0.00742057,-0.0286009
-246.835,0,0.00753772,-0.0280392
-243.038,0,0.00765531,-0.0274774
-239.241,0,0.00777333,-0.0269155
-235.443,0,0.00789637,-0.0263323
-231.646,0,0.00801961,-0.0257397
-227.848,0,0.00814136,-0.0251541
-224.051,0,0.00826309,-0.0245691
-220.253,0,0.00838482,-0.0239841
-216.456,0,0.00851205,-0.0234002
-212.658,0,0.0086407,-0.0228173
-208.861,0,0.00877031,-0.0222501
-205.063,0,0.00888056,-0.0217354
-201.266,0,0.00896537,-0.021287
-197.468,0,0.00905036,-0.0208388
-193.671,0,0.00913613,-0.0203924
-189.873,0,0.00921417,-0.0199724
-186.076,0,0.00929221,-0.0195523
-182.278,0,0.00937026,-0.0191322
-178.481,0,0.00944993,-0.0187043
-174.684,0,0.00953108,-0.0182684
-170.886,0,0.00961102,-0.017819
-167.089,0,0.00969096,-0.0173696
-163.291,0,0.0097709,-0.0169202
-159.494,0,0.00986345,-0.0164338
-155.696,0,0.00995842,-0.0159403
-151.899,0,0.0100532,-0.0154694
-148.101,0,0.0101478,-0.0150025
-144.304,0,0.0102402,-0.0145586
-140.506,0,0.0103324,-0.0141256
-136.709,0,0.0104187,-0.013676
-132.911,0,0.0105037,-0.0132228
-129.114,0,0.0105885,-0.0127685
-125.316,0,0.0106621,-0.0123145
-121.519,0,0.0107104,-0.0119354
-117.722,0,0.0107557,-0.0115777
-113.924,0,0.0108011,-0.0112201
-110.127,0,0.0108611,-0.0108048
-106.329,0,0.010927,-0.0103609
-102.532,0,0.0110187,-0.00982535
-98.7342,0,0.0111045,-0.00931135
-94.9367,0,0.0111957,-0.00878543
-91.1392,0,0.0113315,-0.00809775
-87.3418,0,0.0114695,-0.00740167
-83.5443,0,0.0116302,-0.00660555
-79.7468,0,0.0118055,-0.00574443
-75.9494,0,0.0119931,-0.00482875
-72.1519,0,0.0121808,-0.003914
-68.3544,0,0.0123686,-0.00299954
-64.557,0,0.0125957,-0.00194538
-60.7595,0,0.0128871,-0.000623763
-56.962,0,0.0131777,0.000686153
-53.1646,0,0.0135525,0.00229193
-49.3671,0,0.0139789,0.00407568
-45.5696,0,0.0144754,0.00618135
-41.7722,0,0.0150099,0.0086687
-37.9747,0,0.0155801,0.0114296
-34.1772,0,0.01618,0.0143879
-30.3797,0,0.0168146,0.0175816
-26.5823,0,0.0174045,0.0211272
-22.7848,0,0.017977,0.0247815
-18.9873,0,0.0186085,0.0291893
-15.1899,0,0.0192356,0.0336279
-11.3924,0,0.0198962,0.0382666
-7.59494,0,0.0205561,0.0430662
-3.79747,0,0.0212047,0.0478307
0,0,0.0218874,0.0528399
-300,3.79747,0.00670586,-0.0336831
-296.203,3.79747,0.00679782,-0.033181
-292.405,3.79747,0.00689686,-0.0326525
-288.608,3.79747,0.00700215,-0.0321104
-284.81,3.79747,0.00710744,-0.0315684
-281.013,3.79747,0.00721914,-0.0310113
-277.215,3.79747,0.00732838,-0.0304342
-273.418,3.79747,0.00744286,-0.0298474
-269.62,3.79747,0.00756098,-0.0292576
-265.823,3.79747,0.00767929,-0.0286752
-262.025,3.79747,0.00779951,-0.0281042
-258.228,3.79747,0.00791974,-0.0275332
-254.43,3.79747,0.00803997,-0.0269622
-250.633,3.79747,0.00815803,-0.0263978
-246.835,3.79747,0.00827517,-0.0258362
-243.038,3.79747,0.00839232,-0.0252745
-239.241,3.79747,0.00851025,-0.0247126
-235.443,3.79747,0.00862827,-0.0241508
-231.646,3.79747,0.00875065,-0.0235731
-227.848,3.79747,0.00887317,-0.0229854
-224.051,3.79747,0.0089949,-0.0224004
-220.253,3.79747,0.00911663,-0.0218153
-216.456,3.79747,0.00923835,-0.0212303
-212.658,3.79747,0.00936464,-0.0206463
-208.861,3.79747,0.00949325,-0.0200627
-205.063,3.79747,0.00961651,-0.0194993
-201.266,3.79747,0.00972452,-0.0189944
-197.468,3.79747,0.00980874,-0.0185476
-193.671,3.79747,0.00989281,-0.0181064
-189.873,3.79747,0.00997085,-0.0176864
-186.076,3.79747,0.0100489,-0.0172663
-182.278,3.79747,0.010127,-0.0168459
-178.481,3.79747,0.0102082,-0.0164106
-174.684,3.79747,0.0102893,-0.0159742
-170.886,3.79747,0.0103693,-0.0155248
-167.089,3.79747,0.0104492,-0.0150754
-163.291,3.79747,0.0105317,-0.0146185
-159.494,3.79747,0.0106267,-0.014125
-155.696,3.79747,0.0107217,-0.0136315
-151.899,3.79747,0.0108166,-0.0131389
-148.101,3.79747,0.0109106,-0.0126776
-144.304,3.79747,0.0110028,-0.0122284
-140.506,3.79747,0.011095,-0.0117883
-136.709,3.79747,0.0111833,-0.0113445
-132.911,3.79747,0.0112683,-0.0108913
-129.114,3.79747,0.0113533,-0.010438
-125.316,3.79747,0.011435,-0.00997215
-121.519,3.79747,0.0114902,-0.00957402
-117.722,3.79747,0.0115356,-0.00920233
-113.924,3.79747,0.0116062,-0.00875291
-110.127,3.79747,0.0116721,-0.00830904
-106.329,3.79747,0.0117653,-0.00776838
-102.532,3.79747,0.0118683,-0.00719565
-98.7342,3.79747,0.0119904,-0.00656327
-94.9367,3.79747,0.012135,-0.0058445
-91.1392,3.79747,0.012273,-0.00514842
-87.3418,3.79747,0.0124123,-0.0044463
-83.5443,3.79747,0.0125775,-0.00363052
-79.7468,3.79747,0.0127582,-0.00274534
-75.9494,3.79747,0.0129458,-0.00182964
-72.1519,3.79747,0.0131334,-0.000913963
-68.3544,3.79747,0.0133451,8.77696e-05
-64.557,3.79747,0.0136338,0.00139922
-60.7595,3.79747,0.0139252,0.00272139
-56.962,3.79747,0.0142914,0.00429053
-53.1646,3.79747,0.0147178,0.00607427
-49.3671,3.79747,0.0152084,0.00807333
-45.5696,3.79747,0.0157357,0.0103522
-41.7722,3.79747,0.0162957,0.0130087
-37.9747,3.79747,0.0169244,0.0160453
-34.1772,3.79747,0.0175621,0.0191383
-30.3797,3.79747,0.01814,0.0226429
-26.5823,3.79747,0.0187115,0.0262883
-22.7848,3.79747,0.0193206,0.0303773
-18.9873,3.79747,0.0199474,0.0348104
-15.1899,3.79747,0.0205806,0.0393532
-11.3924,3.79747,0.0212213,0.0440695
-7.59494,3.79747,0.0218686,0.0488608
-3.79747,3.79747,0.022546,0.0538205
0,3.79747,0.0231948,0.0585433
-300,7.59494,0.00747401,-0.0313864
-296.203,7.59494,0.00755752,-0.0309182
-292.405,7.59494,0.00765597,-0.0303898
-288.608,7.59494,0.00775525,-0.0298606
-284.81,7.59494,0.00786054,-0.0293185
-281.013,7.59494,0.00796583,-0.0287765
-277.215,7.59494,0.00807112,-0.0282344
-273.418,7.59494,0.00818484,-0.0276614
-269.62,7.59494,0.00830255,-0.0270751
-265.823,7.59494,0.00842024,-0.026489
-262.025,7.59494,0.00853792,-0.0259029
-258.228,7.59494,0.00865764,-0.0253289
-254.43,7.59494,0.00877786,-0.0247579
-250.633,7.59494,0.00889548,-0.0241948
-246.835,7.59494,0.00901263,-0.0236332
-243.038,7.59494,0.00912977,-0.0230715
-239.241,7.59494,0.00924718,-0.0225098
-235.443,7.59494,0.00936519,-0.0219479
-231.646,7.59494,0.00948321,-0.021386
-227.848,7.59494,0.00960266,-0.0208214
-224.051,7.59494,0.0097267,-0.0202316
-220.253,7.59494,0.00984843,-0.0196465
-216.456,7.59494,0.00997016,-0.0190615
-212.658,7.59494,0.0100919,-0.0184765
-208.861,7.59494,0.0102172,-0.0178923
-205.063,7.59494,0.0103427,-0.0173193
-201.266,7.59494,0.0104599,-0.0167746
-197.468,7.59494,0.0105679,-0.0162549
-193.671,7.59494,0.0106495,-0.0158204
-189.873,7.59494,0.0107275,-0.0154004
-186.076,7.59494,0.0108056,-0.0149803
-182.278,7.59494,0.0108853,-0.0145521
-178.481,7.59494,0.0109666,-0.0141166
-174.684,7.59494,0.0110482,-0.0136784
-170.886,7.59494,0.0111287,-0.0132276
-167.089,7.59494,0.0112091,-0.0127769
-163.291,7.59494,0.0112971,-0.012304
-159.494,7.59494,0.0113926,-0.0118091
-155.696,7.59494,0.0114881,-0.0113143
-151.899,7.59494,0.0115834,-0.0108206
-148.101,7.59494,0.0116766,-0.0103483
-144.304,7.59494,0.0117702,-0.00989328
-140.506,7.59494,0.0118628,-0.00944264
-136.709,7.59494,0.0119537,-0.0089977
-132.911,7.59494,0.0120392,-0.00854308
-129.114,7.59494,0.0121247,-0.00808844
-125.316,7.59494,0.0122072,-0.00762581
-121.519,7.59494,0.0122774,-0.00720345
-117.722,7.59494,0.0123563,-0.00671036
-113.924,7.59494,0.0124261,-0.00624378
-110.127,7.59494,0.0125294,-0.00566206
-106.329,7.59494,0.0126435,-0.00505207
-102.532,7.59494,0.0127961,-0.00431106
-98.7342,7.59494,0.0129459,-0.00357466
-94.9367,7.59494,0.013088,-0.00286296
-91.1392,7.59494,0.0132265,-0.00216544
-87.3418,7.59494,0.0133722,-0.00143615
-83.5443,7.59494,0.0135379,-0.000618898
-79.7468,7.59494,0.0137245,0.000291788
-75.9494,7.59494,0.0139126,0.00120893
-72.1519,7.59494,0.0141125,0.00216811
-68.3544,7.59494,0.0143964,0.00346569
-64.557,7.59494,0.0146881,0.00479045
-60.7595,7.59494,0.0150566,0.00637119
-56.962,7.59494,0.0154737,0.00812182
-53.1646,7.59494,0.0159547,0.0100883
-49.3671,7.59494,0.0165016,0.0122738
-45.5696,7.59494,0.0170873,0.014837
-41.7722,7.59494,0.0176871,0.0177464
-37.9747,7.59494,0.0183123,0.0207983
-34.1772,7.59494,0.0188899,0.0241985
-30.3797,7.59494,0.0194699,0.02788
-26.5823,7.59494,0.0200465,0.0316012
-22.7848,7.59494,0.0206725,0.0360279
-18.9873,7.59494,0.0212644,0.0404107
-15.1899,7.59494,0.0218999,0.0451087
-11.3924,7.59494,0.0225458,0.0499274
-7.59494,7.59494,0.0232165,0.0548296
-3.79747,7.59494,0.0238581,0.0595053
0,7.59494,0.0244459,0.0638354
-300,11.3924,0.00826045,-0.029044
-296.203,11.3924,0.00832997,-0.0286114
-292.405,11.3924,0.00841873,-0.028119
-288.608,11.3924,0.00851767,-0.0275892
-284.81,11.3924,0.00861766,-0.027058
-281.013,11.3924,0.00872343,-0.0265147
-277.215,11.3924,0.00882921,-0.0259713
-273.418,11.3924,0.0089346,-0.0254313
-269.62,11.3924,0.00904902,-0.0248753
-265.823,11.3924,0.00916856,-0.0242891
-262.025,11.3924,0.00928676,-0.0237017
-258.228,11.3924,0.00940494,-0.0231143
-254.43,11.3924,0.00952401,-0.0225321
-250.633,11.3924,0.0096417,-0.0219691
-246.835,11.3924,0.00975935,-0.0214061
-243.038,11.3924,0.00987701,-0.0208431
-239.241,11.3924,0.00999465,-0.0202801
-235.443,11.3924,0.0101129,-0.019717
-231.646,11.3924,0.0102314,-0.0191538
-227.848,11.3924,0.0103497,-0.0185952
-224.051,11.3924,0.0104661,-0.0180401
-220.253,11.3924,0.0105908,-0.0174491
-216.456,11.3924,0.0107153,-0.0168582
-212.658,11.3924,0.0108375,-0.0162718
-208.861,11.3924,0.0109598,-0.0156855
-205.063,11.3924,0.011083,-0.0151053
-201.266,11.3924,0.0112007,-0.0145595
-197.468,11.3924,0.0113183,-0.0140136
-193.671,11.3924,0.0114242,-0.0135064
-189.873,11.3924,0.0115019,-0.0130723
-186.076,11.3924,0.0115804,-0.0126467
-182.278,11.3924,0.0116622,-0.01221
-178.481,11.3924,0.0117439,-0.0117734
-174.684,11.3924,0.0118255,-0.0113346
-170.886,11.3924,0.0119059,-0.0108839
-167.089,11.3924,0.0119864,-0.0104331
-163.291,11.3924,0.0120794,-0.00994563
-159.494,11.3924,0.0121749,-0.00945079
-155.696,11.3924,0.0122704,-0.00895593
-151.899,11.3924,0.0123643,-0.00847232
-148.101,11.3924,0.0124573,-0.00799533
-144.304,11.3924,0.0125506,-0.00752769
-140.506,11.3924,0.0126442,-0.00707244
-136.709,11.3924,0.0127372,-0.00662047
-132.911,11.3924,0.0128226,-0.00616191
-129.114,11.3924,0.0129081,-0.00570728
-125.316,11.3924,0.0129933,-0.00524079
-121.519,11.3924,0.0130983,-0.00469789
-117.722,11.3924,0.0132017,-0.00415066
-113.924,11.3924,0.0133093,-0.00355561
-110.127,11.3924,0.0134235,-0.00293748
-106.329,11.3924,0.0136027,-0.00209618
-102.532,11.3924,0.0137616,-0.00131431
-98.7342,11.3924,0.0139058,-0.000582823
-94.9367,11.3924,0.0140482,0.000138957
-91.1392,11.3924,0.0141867,0.000836492
-87.3418,11.3924,0.0143383,0.00159149
-83.5443,11.3924,0.0145079,0.00242634
-79.7468,11.3924,0.014696,0.0033435
-75.9494,11.3924,0.0148841,0.00426064
-72.1519,11.3924,0.0151624,0.00554051
-68.3544,11.3924,0.0154591,0.00688196
-64.557,11.3924,0.015837,0.00849446
-60.7595,11.3924,0.0162314,0.0101694
-56.962,11.3924,0.0167337,0.0122084
-53.1646,11.3924,0.0173028,0.014466
-49.3671,11.3924,0.0178723,0.0167724
-45.5696,11.3924,0.0184583,0.0194965
-41.7722,11.3924,0.0190597,0.0224549
-37.9747,11.3924,0.019642,0.025801
-34.1772,11.3924,0.0202262,0.0294583
-30.3797,11.3924,0.0207971,0.0331378
-26.5823,11.3924,0.0213818,0.0371896
-22.7848,11.3924,0.0219572,0.0415019
-18.9873,11.3924,0.0225775,0.0461424
-15.1899,11.3924,0.0232171,0.0509439
-11.3924,11.3924,0.0238868,0.0558366
-7.59494,11.3924,0.0245129,0.0604263
-3.79747,11.3924,0.0250905,0.064714
0,11.3924,0.0256589,0.0688449
-300,15.1899,0.00906732,-0.0266484
-296.203,15.1899,0.00913684,-0.0262157
-292.405,15.1899,0.00920636,-0.0257831
-288.608,15.1899,0.00929487,-0.0252801
-284.81,15.1899,0.00939381,-0.0247504
-281.013,15.1899,0.00949403,-0.0242185
-277.215,15.1899,0.0095998,-0.0236752
-273.418,15.1899,0.00970497,-0.0231371
-269.62,15.1899,0.00981552,-0.02259
-265.823,15.1899,0.00992897,-0.0220362
-262.025,15.1899,0.0100467,-0.0214721
-258.228,15.1899,0.0101649,-0.0208847
-254.43,15.1899,0.0102827,-0.0202987
-250.633,15.1899,0.010398,-0.0197217
-246.835,15.1899,0.0105151,-0.0191556
-243.038,15.1899,0.0106327,-0.0185927
-239.241,15.1899,0.0107504,-0.0180297
-235.443,15.1899,0.0108681,-0.0174667
-231.646,15.1899,0.0109866,-0.0169035
-227.848,15.1899,0.011105,-0.0163438
-224.051,15.1899,0.0112231,-0.015787
-220.253,15.1899,0.0113384,-0.0152338
-216.456,15.1899,0.0114607,-0.0146513
-212.658,15.1899,0.0115854,-0.0140601
-208.861,15.1899,0.0117099,-0.0134692
-205.063,15.1899,0.0118322,-0.0128829
-201.266,15.1899,0.0119442,-0.0123372
-197.468,15.1899,0.0120619,-0.0117913
-193.671,15.1899,0.0121701,-0.0112812
-189.873,15.1899,0.0122768,-0.0107785
-186.076,15.1899,0.0123592,-0.0103279
-182.278,15.1899,0.0124402,-0.00987827
-178.481,15.1899,0.0125212,-0.00943013
-174.684,15.1899,0.0126027,-0.00899092
-170.886,15.1899,0.0126832,-0.00854018
-167.089,15.1899,0.0127661,-0.00808215
-163.291,15.1899,0.0128616,-0.0075873
-159.494,15.1899,0.0129571,-0.00709245
-155.696,15.1899,0.0130521,-0.006601
-151.899,15.1899,0.0131452,-0.00612401
-148.101,15.1899,0.0132382,-0.00564701
-144.304,15.1899,0.0133312,-0.00517002
-140.506,15.1899,0.0134246,-0.00470705
-136.709,15.1899,0.0135182,-0.00425181
-132.911,15.1899,0.013606,-0.00378284
-129.114,15.1899,0.0137019,-0.0032901
-125.316,15.1899,0.0138312,-0.00268278
-121.519,15.1899,0.0139486,-0.00210229
-117.722,15.1899,0.0140805,-0.00146472
-113.924,15.1899,0.0142192,-0.000777081
-110.127,15.1899,0.0144034,8.16701e-05
-106.329,15.1899,0.0145738,0.00090164
-102.532,15.1899,0.0147215,0.00164859
-98.7342,15.1899,0.0148658,0.00238009
-94.9367,15.1899,0.0150085,0.00310536
-91.1392,15.1899,0.015147,0.00381287
-87.3418,15.1899,0.0153044,0.00460602
-83.5443,15.1899,0.0154794,0.00547804
-79.7468,15.1899,0.0156675,0.00639547
-75.9494,15.1899,0.0159284,0.00761535
-72.1519,15.1899,0.0162395,0.00900488
-68.3544,15.1899,0.0166174,0.0106174
-64.557,15.1899,0.0170378,0.0123665
-60.7595,15.1899,0.0175353,0.0143935
-56.962,15.1899,0.0181044,0.0166567
-53.1646,15.1899,0.0186575,0.0188658
-49.3671,15.1899,0.0192233,0.0213021
-45.5696,15.1899,0.019806,0.0240907
-41.7722,15.1899,0.0204009,0.0274851
-37.9747,15.1899,0.0209808,0.031026
-34.1772,15.1899,0.0215466,0.0346735
-30.3797,15.1899,0.0220751,0.0382853
-26.5823,15.1899,0.0226506,0.0426005
-22.7848,15.1899,0.0232528,0.0471632
-18.9873,15.1899,0.0238874,0.0519518
-15.1899,15.1899,0.0245568,0.0568423
-11.3924,15.1899,0.0251635,0.0613248
-7.59494,15.1899,0.0257351,0.0655925
-3.79747,15.1899,0.0262843,0.0696235
0,15.1899,0.0267677,0.073468
-300,18.9873,0.00987705,-0.0242631
-296.203,18.9873,0.00994371,-0.0238201
-292.405,18.9873,0.0100132,-0.0233875
-288.608,18.9873,0.0100891,-0.0229289
-284.81,18.9873,0.0101741,-0.0224335
-281.013,18.9873,0.01027,-0.0219115
-277.215,18.9873,0.0103704,-0.0213791
-273.418,18.9873,0.0104753,-0.0208429
-269.62,18.9873,0.0105832,-0.020302
-265.823,18.9873,0.0106966,-0.0197483
-262.025,18.9873,0.01081,-0.0191945
-258.228,18.9873,0.0109235,-0.0186407
-254.43,18.9873,0.0110422,-0.0180705
-250.633,18.9873,0.0111575,-0.0174935
-246.835,18.9873,0.0112728,-0.0169165
-243.038,18.9873,0.0113885,-0.0163422
-239.241,18.9873,0.0115062,-0.0157792
-235.443,18.9873,0.0116238,-0.0152163
-231.646,18.9873,0.0117418,-0.0146532
-227.848,18.9873,0.0118602,-0.0140923
-224.051,18.9873,0.0119784,-0.0135355
-220.253,18.9873,0.0120967,-0.0129805
-216.456,18.9873,0.0122108,-0.0124274
-212.658,18.9873,0.0123306,-0.0118535
-208.861,18.9873,0.0124553,-0.0112623
-205.063,18.9873,0.01258,-0.010671
-201.266,18.9873,0.0126954,-0.0101112
-197.468,18.9873,0.0128055,-0.00956904
-193.671,18.9873,0.012912,-0.00906527
-189.873,18.9873,0.0130195,-0.00856045
-186.076,18.9873,0.0131303,-0.00804064
-182.278,18.9873,0.013218,-0.00757294
-178.481,18.9873,0.0133005,-0.00711897
-174.684,18.9873,0.0133811,-0.00666584
-170.886,18.9873,0.0134607,-0.00619966
-167.089,18.9873,0.0135484,-0.00572382
-163.291,18.9873,0.0136439,-0.00522896
-159.494,18.9873,0.0137394,-0.00473411
-155.696,18.9873,0.013833,-0.00425269
-151.899,18.9873,0.013926,-0.0037757
-148.101,18.9873,0.0140191,-0.0032987
-144.304,18.9873,0.0141121,-0.00282171
-140.506,18.9873,0.0142051,-0.00234472
-136.709,18.9873,0.0143017,-0.00187716
-132.911,18.9873,0.0144224,-0.00131456
-129.114,18.9873,0.014557,-0.000673781
-125.316,18.9873,0.0146853,-7.56763e-05
-121.519,18.9873,0.0148198,0.00057002
-117.722,18.9873,0.0149948,0.00135647
-113.924,18.9873,0.0152034,0.0022582
-110.127,18.9873,0.0153766,0.00308551
-106.329,18.9873,0.0155363,0.00387565
-102.532,18.9873,0.0156814,0.0046115
-98.7342,18.9873,0.0158257,0.005343
-94.9367,18.9873,0.0159688,0.00606964
-91.1392,18.9873,0.0161072,0.00677717
-87.3418,18.9873,0.0162705,0.00759677
-83.5443,18.9873,0.016451,0.00849605
-79.7468,18.9873,0.0166944,0.00967383
-75.9494,18.9873,0.0170305,0.0111619
-72.1519,18.9873,0.0174512,0.012912
-68.3544,18.9873,0.0178719,0.0146621
-64.557,18.9873,0.0183344,0.0165621
-60.7595,18.9873,0.0188872,0.0187836
-56.962,18.9873,0.0194392,0.0209941
-53.1646,18.9873,0.0199846,0.0232029
-49.3671,18.9873,0.0205772,0.0259243
-45.5696,18.9873,0.0211559,0.0291173
-41.7722,18.9873,0.0217337,0.0326304
-37.9747,18.9873,0.0222726,0.0361291
-34.1772,18.9873,0.0227891,0.0396696
-30.3797,18.9873,0.0233436,0.0436847
-26.5823,18.9873,0.0239321,0.0481516
-22.7848,18.9873,0.0245577,0.0529596
-18.9873,18.9873,0.0252173,0.0578024
-15.1899,18.9873,0.0258077,0.0621884
-11.3924,18.9873,0.0263753,0.0664391
-7.59494,18.9873,0.026875,0.0702886
-3.79747,18.9873,0.0273623,0.0741175
0,18.9873,0.0278092,0.0776408
-300,22.7848,0.0106874,-0.0220038
-296.203,22.7848,0.0107616,-0.021504
-292.405,22.7848,0.0108288,-0.0210234
-288.608,22.7848,0.0108896,-0.0205592
-284.81,22.7848,0.0109726,-0.0200718
-281.013,22.7848,0.0110576,-0.0195764
-277.215,22.7848,0.0111461,-0.0190726
-273.418,22.7848,0.0112457,-0.0185486
-269.62,22.7848,0.0113508,-0.0180141
-265.823,22.7848,0.0114643,-0.0174603
-262.025,22.7848,0.0115777,-0.0169066
-258.228,22.7848,0.0116911,-0.0163528
-254.43,22.7848,0.0118038,-0.0158037
-250.633,22.7848,0.0119152,-0.0152611
-246.835,22.7848,0.0120323,-0.0146883
-243.038,22.7848,0.0121475,-0.0141114
-239.241,22.7848,0.0122628,-0.0135344
-235.443,22.7848,0.0123796,-0.0129658
-231.646,22.7848,0.0124972,-0.0124028
-227.848,22.7848,0.0126155,-0.0118407
-224.051,22.7848,0.0127337,-0.011284
-220.253,22.7848,0.0128519,-0.0107273
-216.456,22.7848,0.0129691,-0.0101741
-212.658,22.7848,0.0130831,-0.00962101
-208.861,22.7848,0.0132005,-0.00905577
-205.063,22.7848,0.0133252,-0.00846452
-201.266,22.7848,0.013444,-0.00789352
-197.468,22.7848,0.0135552,-0.00734821
-193.671,22.7848,0.0136541,-0.00684929
-189.873,22.7848,0.0137616,-0.00634016
-186.076,22.7848,0.0138724,-0.00582035
-182.278,22.7848,0.0139832,-0.00530056
-178.481,22.7848,0.0140733,-0.00482725
-174.684,22.7848,0.0141593,-0.0043588
-170.886,22.7848,0.01424,-0.00388942
-167.089,22.7848,0.0143319,-0.00338622
-163.291,22.7848,0.0144264,-0.00287531
-159.494,22.7848,0.0145208,-0.00238139
-155.696,22.7848,0.0146139,-0.00190439
-151.899,22.7848,0.0147069,-0.0014274
-148.101,22.7848,0.0147999,-0.000950394
-144.304,22.7848,0.0148985,-0.000456087
-140.506,22.7848,0.0150056,6.50745e-05
-136.709,22.7848,0.0151351,0.00065886
-132.911,22.7848,0.015277,0.00127942
-129.114,22.7848,0.0154116,0.0019204
-125.316,22.7848,0.0155588,0.0026038
-121.519,22.7848,0.0157549,0.00346263
-117.722,22.7848,0.0159635,0.00436435
-113.924,22.7848,0.0161625,0.00523933
-110.127,22.7848,0.01634,0.00606193
-106.329,22.7848,0.0164971,0.00684292
-102.532,22.7848,0.0166414,0.00757441
-98.7342,22.7848,0.0167856,0.0083059
-94.9367,22.7848,0.016929,0.00903393
-91.1392,22.7848,0.0170709,0.00975678
-87.3418,22.7848,0.0172367,0.0105893
-83.5443,22.7848,0.017482,0.011766
-79.7468,22.7848,0.0178647,0.0134147
-75.9494,22.7848,0.0182854,0.015193
-72.1519,22.7848,0.0186963,0.0169276
-68.3544,22.7848,0.0191184,0.0186859
-64.557,22.7848,0.0196679,0.0208954
-60.7595,22.7848,0.0202207,0.0231169
-56.962,22.7848,0.020764,0.0253104
-53.1646,22.7848,0.0213394,0.0278452
-49.3671,22.7848,0.0219184,0.030866
-45.5696,22.7848,0.0224687,0.0341889
-41.7722,22.7848,0.0229996,0.0375805
-37.9747,22.7848,0.023508,0.0410873
-34.1772,22.7848,0.0240362,0.0447602
-30.3797,22.7848,0.024612,0.0490958
-26.5823,22.7848,0.0252297,0.0539523
-22.7848,22.7848,0.0258666,0.0586931
-18.9873,22.7848,0.026452,0.063052
-15.1899,22.7848,0.0269931,0.0672041
-11.3924,22.7848,0.0274637,0.0709441
-7.59494,22.7848,0.027956,0.0747794
-3.79747,22.7848,0.0283659,0.0781285
0,22.7848,0.0286808,0.080842
-300,26.5823,0.0114667,-0.0198213
-296.203,26.5823,0.0115521,-0.0192886
-292.405,26.5823,0.0116322,-0.018775
-288.608,26.5823,0.0117051,-0.0182817
-284.81,26.5823,0.0117814,-0.0177687
-281.013,26.5823,0.0118596,-0.0172278
-277.215,26.5823,0.0119411,-0.0167194
-273.418,26.5823,0.012025,-0.016234
-269.62,26.5823,0.0121207,-0.015721
-265.823,26.5823,0.0122319,-0.0151724
-262.025,26.5823,0.0123453,-0.0146186
-258.228,26.5823,0.0124588,-0.0140649
-254.43,26.5823,0.0125711,-0.0135173
-250.633,26.5823,0.0126826,-0.0129748
-246.835,26.5823,0.012794,-0.0124322
-243.038,26.5823,0.0129071,-0.0118832
-239.241,26.5823,0.0130223,-0.0113062
-235.443,26.5823,0.0131376,-0.0107292
-231.646,26.5823,0.013253,-0.0101524
-227.848,26.5823,0.0133708,-0.00958934
-224.051,26.5823,0.013489,-0.00903255
-220.253,26.5823,0.0136072,-0.00847584
-216.456,26.5823,0.0137255,-0.00792093
-212.658,26.5823,0.0138415,-0.00736776
-208.861,26.5823,0.0139554,-0.00681465
-205.063,26.5823,0.0140704,-0.00625801
-201.266,26.5823,0.0141923,-0.00567624
-197.468,26.5823,0.0143019,-0.0051373
-193.671,26.5823,0.0144012,-0.00463661
-189.873,26.5823,0.014503,-0.00412326
-186.076,26.5823,0.014614,-0.00360098
-182.278,26.5823,0.0147253,-0.00308026
-178.481,26.5823,0.014836,-0.00256047
-174.684,26.5823,0.0149277,-0.00207855
-170.886,26.5823,0.0150133,-0.0015951
-167.089,26.5823,0.015111,-0.0010754
-163.291,26.5823,0.0152087,-0.000555702
-159.494,26.5823,0.015303,-5.49748e-05
-155.696,26.5823,0.0153951,0.000438086
-151.899,26.5823,0.0154958,0.000946087
-148.101,26.5823,0.0156029,0.00146725
-144.304,26.5823,0.0157101,0.00198839
-140.506,26.5823,0.0158456,0.00260487
-136.709,26.5823,0.0159877,0.00324334
-132.911,26.5823,0.0161299,0.00387809
-129.114,26.5823,0.0162982,0.00462878
-125.316,26.5823,0.0165133,0.00554954
-121.519,26.5823,0.0167231,0.00646739
-117.722,26.5823,0.0169247,0.00735149
-113.924,26.5823,0.0171096,0.008187
-110.127,26.5823,0.0172944,0.00902252
-106.329,26.5823,0.0174571,0.00980582
-102.532,26.5823,0.0176013,0.0105373
-98.7342,26.5823,0.0177455,0.0112688
-94.9367,26.5823,0.0178893,0.0119982
-91.1392,26.5823,0.0180698,0.0128569
-87.3418,26.5823,0.0183085,0.0139869
-83.5443,26.5823,0.0186908,0.0156361
-79.7468,26.5823,0.0191002,0.0173799
-75.9494,26.5823,0.0195097,0.0191236
-72.1519,26.5823,0.0199222,0.0208777
-68.3544,26.5823,0.0204487,0.0230072
-64.557,26.5823,0.0210014,0.0252287
-60.7595,26.5823,0.0215494,0.0274395
-56.962,26.5823,0.0221071,0.0299186
-53.1646,26.5823,0.0226763,0.0327035
-49.3671,26.5823,0.0231886,0.0357585
-45.5696,26.5823,0.0237212,0.0390293
-41.7722,26.5823,0.0242282,0.0424974
-37.9747,26.5823,0.024751,0.0461413
-34.1772,26.5823,0.0252985,0.0500933
-30.3797,26.5823,0.0258994,0.054901
-26.5823,26.5823,0.0265102,0.0595494
-22.7848,26.5823,0.0270863,0.0638699
-18.9873,26.5823,0.0275822,0.0678458
-15.1899,26.5823,0.0280562,0.0716211
-11.3924,26.5823,0.0285271,0.0753531
-7.59494,26.5823,0.0289066,0.0785341
-3.79747,26.5823,0.0292272,0.0813004
0,26.5823,0.0295685,0.0840707
-300,30.3797,0.0122205,-0.0176971
-296.203,30.3797,0.0123147,-0.0171467
-292.405,30.3797,0.0124042,-0.0166055
-288.608,30.3797,0.0124834,-0.0160956
-284.81,30.3797,0.012562,-0.0155877
-281.013,30.3797,0.0126516,-0.0150263
-277.215,30.3797,0.0127446,-0.0144512
-273.418,30.3797,0.0128312,-0.0139024
-269.62,30.3797,0.0129071,-0.0133885
-265.823,30.3797,0.0129995,-0.0128845
-262.025,30.3797,0.013113,-0.0123307
-258.228,30.3797,0.0132264,-0.0117769
-254.43,30.3797,0.0133385,-0.011231
-250.633,30.3797,0.0134499,-0.0106884
-246.835,30.3797,0.0135614,-0.0101459
-243.038,30.3797,0.0136728,-0.00960333
-239.241,30.3797,0.0137843,-0.00906079
-235.443,30.3797,0.0138971,-0.00850104
-231.646,30.3797,0.0140124,-0.00792405
-227.848,30.3797,0.0141277,-0.00734706
-224.051,30.3797,0.0142442,-0.00678104
-220.253,30.3797,0.0143624,-0.00622433
-216.456,30.3797,0.0144806,-0.00566772
-212.658,30.3797,0.0145991,-0.00511452
-208.861,30.3797,0.0147138,-0.00456139
-205.063,30.3797,0.0148278,-0.00400827
-201.266,30.3797,0.0149417,-0.00345516
-197.468,30.3797,0.0150485,-0.00292639
-193.671,30.3797,0.0151491,-0.00241888
-189.873,30.3797,0.0152507,-0.00190601
-186.076,30.3797,0.0153547,-0.00138713
-182.278,30.3797,0.0154648,-0.000865084
-178.481,30.3797,0.0155769,-0.000342517
-174.684,30.3797,0.0156878,0.000183
-170.886,30.3797,0.0157865,0.000699444
-167.089,30.3797,0.0158842,0.00121913
-163.291,30.3797,0.0159808,0.00173103
-159.494,30.3797,0.0160862,0.00226473
-155.696,30.3797,0.016195,0.00280914
-151.899,30.3797,0.0163038,0.00335355
-148.101,30.3797,0.0164126,0.00389796
-144.304,30.3797,0.016556,0.00454818
-140.506,30.3797,0.0166983,0.00518727
-136.709,30.3797,0.0168404,0.00582576
-132.911,30.3797,0.0170378,0.00665542
-129.114,30.3797,0.0172674,0.00762353
-125.316,30.3797,0.0174782,0.00852954
-121.519,30.3797,0.0176797,0.00942274
-117.722,30.3797,0.0178635,0.0102712
-113.924,30.3797,0.0180481,0.0111083
-110.127,30.3797,0.0182323,0.0119418
-106.329,30.3797,0.018405,0.012733
-102.532,30.3797,0.0185501,0.013466
-98.7342,30.3797,0.0187342,0.0143258
-94.9367,30.3797,0.0189194,0.0151983
-91.1392,30.3797,0.0191352,0.0162323
-87.3418,30.3797,0.0195042,0.0178185
-83.5443,30.3797,0.0199137,0.0195622
-79.7468,30.3797,0.0203232,0.021306
-75.9494,30.3797,0.0207326,0.0230497
-72.1519,30.3797,0.0212294,0.025094
-68.3544,30.3797,0.0217822,0.0273405
-64.557,30.3797,0.0223374,0.0295709
-60.7595,30.3797,0.0228713,0.032022
-56.962,30.3797,0.0234137,0.0345867
-53.1646,30.3797,0.0239253,0.0374697
-49.3671,30.3797,0.0244331,0.0405578
-45.5696,30.3797,0.0249449,0.0438785
-41.7722,30.3797,0.0254671,0.0475164
-37.9747,30.3797,0.0259874,0.0511482
-34.1772,30.3797,0.0265636,0.055705
-30.3797,30.3797,0.0271528,0.060345
-26.5823,30.3797,0.0276951,0.0645869
-22.7848,30.3797,0.0281711,0.0684868
-18.9873,30.3797,0.0286342,0.072242
-15.1899,30.3797,0.0290863,0.0758735
-11.3924,30.3797,0.0294377,0.0789007
-7.59494,30.3797,0.0297619,0.0816695
-3.79747,30.3797,0.0300944,0.0844324
0,30.3797,0.0304376,0.0871937
-300,34.1772,0.0129744,-0.0155729
-296.203,34.1772,0.0130685,-0.0150225
-292.405,34.1772,0.0131626,-0.014472
-288.608,34.1772,0.0132559,-0.0139241
-284.81,34.1772,0.0133346,-0.0134162
-281.013,34.1772,0.0134164,-0.0128912
-277.215,34.1772,0.0135093,-0.0123161
-273.418,34.1772,0.0136017,-0.0117517
-269.62,34.1772,0.0136939,-0.011191
-265.823,34.1772,0.0137875,-0.010628
-262.025,34.1772,0.0138898,-0.0100536
-258.228,34.1772,0.0139941,-0.009489
-254.43,34.1772,0.0141058,-0.00894465
-250.633,34.1772,0.0142173,-0.0084021
-246.835,34.1772,0.0143287,-0.00785955
-243.038,34.1772,0.0144402,-0.00731699
-239.241,34.1772,0.0145516,-0.00677443
-235.443,34.1772,0.0146631,-0.00623189
-231.646,34.1772,0.0147745,-0.00568933
-227.848,34.1772,0.0148872,-0.00511889
-224.051,34.1772,0.0150024,-0.00454636
-220.253,34.1772,0.0151184,-0.00397697
-216.456,34.1772,0.0152359,-0.00341612
-212.658,34.1772,0.0153542,-0.00286132
-208.861,34.1772,0.0154722,-0.00230813
-205.063,34.1772,0.0155861,-0.00175501
-201.266,34.1772,0.0157001,-0.0012019
-197.468,34.1772,0.0158002,-0.000697384
-193.671,34.1772,0.015897,-0.000201161
-189.873,34.1772,0.0159986,0.000311718
-186.076,34.1772,0.0161016,0.000828162
-182.278,34.1772,0.0162065,0.001349
-178.481,34.1772,0.0163155,0.00187081
-174.684,34.1772,0.0164267,0.00239754
-170.886,34.1772,0.0165476,0.00296716
-167.089,34.1772,0.0166699,0.00355314
-163.291,34.1772,0.0167787,0.00409755
-159.494,34.1772,0.0168875,0.00464196
-155.696,34.1772,0.0169963,0.00518637
-151.899,34.1772,0.0171108,0.00574956
-148.101,34.1772,0.0172541,0.00640873
-144.304,34.1772,0.0173974,0.0070679
-140.506,34.1772,0.0175407,0.00772709
-136.709,34.1772,0.0177569,0.00863766
-132.911,34.1772,0.0179935,0.00960581
-129.114,34.1772,0.0182211,0.0105535
-125.316,34.1772,0.0184255,0.0114561
-121.519,34.1772,0.0186103,0.0122988
-117.722,34.1772,0.0187938,0.0131524
-113.924,34.1772,0.0189778,0.0139991
-110.127,34.1772,0.0191732,0.0148711
-106.329,34.1772,0.0193825,0.0157784
-102.532,34.1772,0.0195823,0.0166639
-98.7342,34.1772,0.0197678,0.0175383
-94.9367,34.1772,0.019974,0.0185313
-91.1392,34.1772,0.0203259,0.0200393
-87.3418,34.1772,0.0207271,0.0217446
-83.5443,34.1772,0.0211366,0.0234883
-79.7468,34.1772,0.0215461,0.0252321
-75.9494,34.1772,0.022033,0.0272425
-72.1519,34.1772,0.0225633,0.0294103
-68.3544,34.1772,0.0231162,0.0316955
-64.557,34.1772,0.0236272,0.0341064
-60.7595,34.1772,0.0241513,0.0365811
-56.962,34.1772,0.0246586,0.0392606
-53.1646,34.1772,0.0251456,0.0421205
-49.3671,34.1772,0.0256553,0.0453639
-45.5696,34.1772,0.0261781,0.0488496
-41.7722,34.1772,0.0266951,0.0524741
-37.9747,34.1772,0.0272213,0.0564601
-34.1772,34.1772,0.0277718,0.0610513
-30.3797,34.1772,0.0282811,0.0651522
-26.5823,34.1772,0.0287477,0.0690336
-22.7848,34.1772,0.0291984,0.0727978
-18.9873,34.1772,0.0296282,0.0762853
-15.1899,34.1772,0.0299597,0.0792009
-11.3924,34.1772,0.0302754,0.0819305
-7.59494,34.1772,0.0305865,0.0846473
-3.79747,34.1772,0.0309109,0.0873665
0,34.1772,0.0311729,0.0896356
-300,37.9747,0.0137159,-0.013482
-296.203,37.9747,0.0138203,-0.0129037
-292.405,37.9747,0.0139165,-0.0123478
-288.608,37.9747,0.0140106,-0.0117974
-284.81,37.9747,0.0141033,-0.0112524
-281.013,37.9747,0.0141857,-0.0107368
-277.215,37.9747,0.0142741,-0.010181
-273.418,37.9747,0.0143665,-0.00961559
-269.62,37.9747,0.0144587,-0.00905485
-265.823,37.9747,0.0145509,-0.00849413
-262.025,37.9747,0.0146515,-0.00791923
-258.228,37.9747,0.014757,-0.00733881
-254.43,37.9747,0.0148681,-0.00676231
-250.633,37.9747,0.0149857,-0.00616932
-246.835,37.9747,0.015098,-0.00558747
-243.038,37.9747,0.0152075,-0.00503065
-239.241,37.9747,0.015319,-0.00448809
-235.443,37.9747,0.0154304,-0.00394555
-231.646,37.9747,0.0155419,-0.00340299
-227.848,37.9747,0.0156533,-0.00286044
-224.051,37.9747,0.0157619,-0.0023169
-220.253,37.9747,0.0158773,-0.00174723
-216.456,37.9747,0.0159934,-0.00117784
-212.658,37.9747,0.0161095,-0.000608793
-208.861,37.9747,0.0162278,-5.49274e-05
-205.063,37.9747,0.0163445,0.000498244
-201.266,37.9747,0.0164585,0.00105136
-197.468,37.9747,0.0165642,0.00157712
-193.671,37.9747,0.0166526,0.00204368
-189.873,37.9747,0.0167464,0.00252944
-186.076,37.9747,0.0168485,0.00304345
-182.278,37.9747,0.0169533,0.00356429
-178.481,37.9747,0.0170596,0.00408969
-174.684,37.9747,0.0171822,0.00466606
-170.886,37.9747,0.017319,0.00528695
-167.089,37.9747,0.0174537,0.00589217
-163.291,37.9747,0.0175775,0.00646986
-159.494,37.9747,0.0176886,0.00701879
-155.696,37.9747,0.0178093,0.00760253
-151.899,37.9747,0.0179527,0.00826171
-148.101,37.9747,0.018096,0.00892089
-144.304,37.9747,0.0182458,0.00960321
-140.506,37.9747,0.0184749,0.0105628
-136.709,37.9747,0.0187149,0.0115613
-132.911,37.9747,0.018944,0.0125248
-129.114,37.9747,0.0191692,0.0134715
-125.316,37.9747,0.0193563,0.0143154
-121.519,37.9747,0.0195411,0.0151687
-117.722,37.9747,0.0197455,0.0160964
-113.924,37.9747,0.0199693,0.0170796
-110.127,37.9747,0.0201926,0.0180492
-106.329,37.9747,0.0203995,0.0189495
-102.532,37.9747,0.0206075,0.0198627
-98.7342,37.9747,0.0208307,0.0208998
-94.9367,37.9747,0.0211565,0.022301
-91.1392,37.9747,0.0215436,0.0239409
-87.3418,37.9747,0.02195,0.0256707
-83.5443,37.9747,0.0223595,0.0274145
-79.7468,37.9747,0.0228369,0.0293919
-75.9494,37.9747,0.0233459,0.0314825
-72.1519,37.9747,0.0238721,0.0337386
-68.3544,37.9747,0.0243832,0.0361648
-64.557,37.9747,0.0248881,0.0385594
-60.7595,37.9747,0.0253867,0.0411797
-56.962,37.9747,0.0258749,0.0438359
-53.1646,37.9747,0.0263645,0.0468895
-49.3671,37.9747,0.026875,0.0502193
-45.5696,37.9747,0.0273995,0.0537733
-41.7722,37.9747,0.0278787,0.0573486
-37.9747,37.9747,0.0283812,0.0616746
-34.1772,37.9747,0.0288609,0.0656932
-30.3797,37.9747,0.029299,0.0694574
-26.5823,37.9747,0.0297231,0.073103
-22.7848,37.9747,0.030119,0.0764197
-18.9873,37.9747,0.0304291,0.0792551
-15.1899,37.9747,0.0307187,0.0819239
-11.3924,37.9747,0.0310317,0.0846725
-7.59494,37.9747,0.0313411,0.087354
-3.79747,37.9747,0.0315974,0.0896407
0,37.9747,0.0318346,0.0917162
-300,41.7722,0.0144232,-0.0114839
-296.203,41.7722,0.0145276,-0.0109056
-292.405,41.7722,0.014632,-0.0103273
-288.608,41.7722,0.0147364,-0.00974908
-284.81,41.7722,0.0148408,-0.00917082
-281.013,41.7722,0.0149428,-0.00860189
-277.215,41.7722,0.0150388,-0.00804585
-273.418,41.7722,0.0151313,-0.00747948
-269.62,41.7722,0.0152235,-0.00691874
-265.823,41.7722,0.0153157,-0.00635802
-262.025,41.7722,0.0154131,-0.00578843
-258.228,41.7722,0.0155153,-0.00521213
-254.43,41.7722,0.0156195,-0.00464472
-250.633,41.7722,0.0157287,-0.0040729
-246.835,41.7722,0.0158466,-0.00348052
-243.038,41.7722,0.0159704,-0.00287449
-239.241,41.7722,0.0160847,-0.00228835
-235.443,41.7722,0.016197,-0.0017065
-231.646,41.7722,0.0163093,-0.00112466
-227.848,41.7722,0.0164207,-0.000574107
-224.051,41.7722,0.0165318,-3.3152e-05
-220.253,41.7722,0.0166419,0.000503228
-216.456,41.7722,0.0167523,0.00105188
-212.658,41.7722,0.0168684,0.00162128
-208.861,41.7722,0.0169848,0.00218746
-205.063,41.7722,0.0171015,0.0027513
-201.266,41.7722,0.0172172,0.0033065
-197.468,41.7722,0.0173249,0.00384008
-193.671,41.7722,0.0174167,0.00431818
-189.873,41.7722,0.017505,0.00478475
-186.076,41.7722,0.0175997,0.0052724
-182.278,41.7722,0.0177174,0.00583563
-178.481,41.7722,0.0178357,0.00640018
-174.684,41.7722,0.0179597,0.0069903
-170.886,41.7722,0.0180901,0.00760055
-167.089,41.7722,0.0182242,0.0082014
-163.291,41.7722,0.0183583,0.00880223
-159.494,41.7722,0.0185023,0.00944449
-155.696,41.7722,0.0186481,0.0101084
-151.899,41.7722,0.0187938,0.0107723
-148.101,41.7722,0.0189573,0.0115018
-144.304,41.7722,0.0191931,0.0124846
-140.506,41.7722,0.0194362,0.013493
-136.709,41.7722,0.0196667,0.014461
-132.911,41.7722,0.0198958,0.0154245
-129.114,41.7722,0.0200984,0.0163103
-125.316,41.7722,0.0203193,0.017264
-121.519,41.7722,0.0205442,0.0182513
-117.722,41.7722,0.0207675,0.0192488
-113.924,41.7722,0.0209909,0.0202464
-110.127,41.7722,0.0212098,0.0212119
-106.329,41.7722,0.0214172,0.0221284
-102.532,41.7722,0.0216649,0.0232287
-98.7342,41.7722,0.0220121,0.0246677
-94.9367,41.7722,0.0223728,0.0261968
-91.1392,41.7722,0.0227635,0.0278531
-87.3418,41.7722,0.023173,0.0295968
-83.5443,41.7722,0.023638,0.0315326
-79.7468,41.7722,0.0241239,0.0335497
-75.9494,41.7722,0.0246281,0.0357817
-72.1519,41.7722,0.0251392,0.0382079
-68.3544,41.7722,0.0256361,0.0405521
-64.557,41.7722,0.0261133,0.0430867
-60.7595,41.7722,0.0265967,0.0456461
-56.962,41.7722,0.027079,0.0484468
-53.1646,41.7722,0.0275751,0.0516365
-49.3671,41.7722,0.0280746,0.0550456
-45.5696,41.7722,0.0285065,0.0582994
-41.7722,41.7722,0.0289362,0.0619389
-37.9747,41.7722,0.0293625,0.065875
-34.1772,41.7722,0.0297845,0.069559
-30.3797,41.7722,0.0301906,0.0731182
-26.5823,41.7722,0.0305677,0.0763394
-22.7848,41.7722,0.0308702,0.0791849
-18.9873,41.7722,0.0311594,0.0819371
-15.1899,41.7722,0.0314572,0.0846082
-11.3924,41.7722,0.0317584,0.0872545
-7.59494,41.7722,0.0320161,0.0895851
-3.79747,41.7722,0.0322611,0.0917237
0,41.7722,0.03252,0.0938868
-300,45.5696,0.0151454,-0.00945377
-296.203,45.5696,0.0152382,-0.00890021
-292.405,45.5696,0.0153393,-0.00832918
-288.608,45.5696,0.0154437,-0.00775092
-284.81,45.5696,0.0155481,-0.00717267
-281.013,45.5696,0.0156525,-0.00659442
-277.215,45.5696,0.0157535,-0.00602926
-273.418,45.5696,0.0158601,-0.00543945
-269.62,45.5696,0.0159649,-0.00484605
-265.823,45.5696,0.0160675,-0.0042573
-262.025,45.5696,0.0161721,-0.00366497
-258.228,45.5696,0.0162767,-0.00308319
-254.43,45.5696,0.0163775,-0.00251845
-250.633,45.5696,0.016482,-0.00195086
-246.835,45.5696,0.0165912,-0.00137904
-243.038,45.5696,0.0167014,-0.000804766
-239.241,45.5696,0.0168252,-0.000198734
-235.443,45.5696,0.016949,0.000407304
-231.646,45.5696,0.0170715,0.00101077
-227.848,45.5696,0.0171838,0.00159261
-224.051,45.5696,0.017296,0.00217376
-220.253,45.5696,0.0174078,0.00274644
-216.456,45.5696,0.0175197,0.00331925
-212.658,45.5696,0.0176305,0.00386326
-208.861,45.5696,0.0177434,0.00441987
-205.063,45.5696,0.0178601,0.00498371
-201.266,45.5696,0.0179786,0.00555694
-197.468,45.5696,0.018083,0.00609429
-193.671,45.5696,0.0181869,0.00661283
-189.873,45.5696,0.0182887,0.00712311
-186.076,45.5696,0.0183905,0.00763337
-182.278,45.5696,0.018494,0.00814784
-178.481,45.5696,0.018611,0.00870477
-174.684,45.5696,0.0187382,0.00929946
-170.886,45.5696,0.018866,0.00990543
-167.089,45.5696,0.0189947,0.0105106
-163.291,45.5696,0.0191527,0.0111908
-159.494,45.5696,0.0193214,0.0119067
-155.696,45.5696,0.0194847,0.0126101
-151.899,45.5696,0.0196693,0.0134119
-148.101,45.5696,0.0199076,0.0143993
-144.304,45.5696,0.0201534,0.015413
-140.506,45.5696,0.0203893,0.0163971
-136.709,45.5696,0.0206198,0.0173649
-132.911,45.5696,0.0208702,0.0184043
-129.114,45.5696,0.02111,0.0194063
-125.316,45.5696,0.0213426,0.0203803
-121.519,45.5696,0.021568,0.0213747
-117.722,45.5696,0.0217898,0.0223926
-113.924,45.5696,0.0220131,0.0233902
-110.127,45.5696,0.0222283,0.0243605
-106.329,45.5696,0.0224883,0.0255351
-102.532,45.5696,0.0228301,0.0269614
-98.7342,45.5696,0.023196,0.0284665
-94.9367,45.5696,0.0235901,0.0300958
-91.1392,45.5696,0.0239805,0.0317603
-87.3418,45.5696,0.0244166,0.0336021
-83.5443,45.5696,0.0249054,0.0356305
-79.7468,45.5696,0.0253841,0.0378248
-75.9494,45.5696,0.0258907,0.040225
-72.1519,45.5696,0.0263806,0.0425387
-68.3544,45.5696,0.0268398,0.0449633
-64.557,45.5696,0.0273023,0.0474528
-60.7595,45.5696,0.0277604,0.049993
-56.962,45.5696,0.0282186,0.0528763
-53.1646,45.5696,0.0286627,0.0559536
-49.3671,45.5696,0.0290739,0.0590889
-45.5696,45.5696,0.0294395,0.0621347
-41.7722,45.5696,0.0298527,0.0659384
-37.9747,45.5696,0.0302498,0.0695708
-34.1772,45.5696,0.0306442,0.0730356
-30.3797,45.5696,0.0310029,0.0761979
-26.5823,45.5696,0.0312915,0.0790004
-22.7848,45.5696,0.0315833,0.081842
-18.9873,45.5696,0.0318744,0.0845379
-15.1899,45.5696,0.0321726,0.0871293
-11.3924,45.5696,0.0324374,0.0895162
-7.59494,45.5696,0.0326944,0.0917411
-3.79747,45.5696,0.0329381,0.0938585
0,45.5696,0.03314,0.0958022
-300,49.3671,0.0158796,-0.00739827
-296.203,49.3671,0.0159724,-0.00684472
-292.405,49.3671,0.0160652,-0.00629117
-288.608,49.3671,0.0161581,-0.00573761
-284.81,49.3671,0.0162554,-0.00517451
-281.013,49.3671,0.0163598,-0.00459624
-277.215,49.3671,0.0164642,-0.004018
-273.418,49.3671,0.0165644,-0.00345826
-269.62,49.3671,0.0166769,-0.00284927
-265.823,49.3671,0.0167855,-0.00224822
-262.025,49.3671,0.016888,-0.00165945
-258.228,49.3671,0.016999,-0.00106061
-254.43,49.3671,0.0171101,-0.000467829
-250.633,49.3671,0.0172212,0.000124942
-246.835,49.3671,0.0173363,0.00072062
-243.038,49.3671,0.0174537,0.00131481
-239.241,49.3671,0.0175629,0.00188663
-235.443,49.3671,0.01768,0.00247703
-231.646,49.3671,0.0178037,0.00308306
-227.848,49.3671,0.0179275,0.0036891
-224.051,49.3671,0.0180513,0.00429512
-220.253,49.3671,0.0181701,0.00488353
-216.456,49.3671,0.0182819,0.00545622
-212.658,49.3671,0.0183939,0.00602943
-208.861,49.3671,0.018506,0.00660313
-205.063,49.3671,0.018619,0.00717482
-201.266,49.3671,0.0187487,0.00780975
-197.468,49.3671,0.0188652,0.00839504
-193.671,49.3671,0.0189792,0.0089646
-189.873,49.3671,0.0190799,0.00947789
-186.076,49.3671,0.019181,0.00998277
-182.278,49.3671,0.0192828,0.0104899
-178.481,49.3671,0.0193896,0.0110111
-174.684,49.3671,0.019516,0.0116029
-170.886,49.3671,0.0196437,0.0122088
-167.089,49.3671,0.0198014,0.0129144
-163.291,49.3671,0.0199639,0.0136352
-159.494,49.3671,0.0201386,0.0143723
-155.696,49.3671,0.0203599,0.0152739
-151.899,49.3671,0.0206179,0.0163058
-148.101,49.3671,0.0208638,0.0173195
-144.304,49.3671,0.0211179,0.0183587
-140.506,49.3671,0.0213912,0.0194573
-136.709,49.3671,0.0216456,0.0205061
-132.911,49.3671,0.0218928,0.0215369
-129.114,49.3671,0.0221304,0.0225305
-125.316,49.3671,0.0223631,0.0235045
-121.519,49.3671,0.0225927,0.024487
-117.722,49.3671,0.0228148,0.0255025
-113.924,49.3671,0.0230361,0.0265271
-110.127,49.3671,0.0233143,0.02778
-106.329,49.3671,0.0236497,0.0292208
-102.532,49.3671,0.0240023,0.0307154
-98.7342,49.3671,0.0243788,0.032266
-94.9367,49.3671,0.0247644,0.0338669
-91.1392,49.3671,0.0251984,0.0356826
-87.3418,49.3671,0.0256826,0.0377567
-83.5443,49.3671,0.026139,0.039882
-79.7468,49.3671,0.0266076,0.0421286
-75.9494,49.3671,0.0270695,0.0443415
-72.1519,49.3671,0.027503,0.0466424
-68.3544,49.3671,0.0279514,0.0490349
-64.557,49.3671,0.0284054,0.051562
-60.7595,49.3671,0.0288467,0.0541374
-56.962,49.3671,0.0292452,0.056906
-53.1646,49.3671,0.0296003,0.0597044
-49.3671,49.3671,0.0299422,0.0625906
-45.5696,49.3671,0.0303274,0.0658996
-41.7722,49.3671,0.0307074,0.0695144
-37.9747,49.3671,0.0310805,0.0728612
-34.1772,49.3671,0.0314075,0.075917
-30.3797,49.3671,0.0317075,0.0787927
-26.5823,49.3671,0.0319975,0.0816583
-22.7848,49.3671,0.0322859,0.084415
-18.9873,49.3671,0.0325863,0.0870147
-15.1899,49.3671,0.0328572,0.089429
-11.3924,49.3671,0.0331206,0.0917436
-7.59494,49.3671,0.0333274,0.0937139
-3.79747,49.3671,0.0334948,0.0955416
0,49.3671,0.0336298,0.0972638
-300,53.1646,0.0166137,-0.00534278
-296.203,53.1646,0.0167066,-0.00478923
-292.405,53.1646,0.0167994,-0.00423568
-288.608,53.1646,0.0168922,-0.00368213
-284.81,53.1646,0.016985,-0.00312857
-281.013,53.1646,0.0170779,-0.00257502
-277.215,53.1646,0.0171714,-0.00202064
-273.418,53.1646,0.0172754,-0.00145132
-269.62,53.1646,0.0173812,-0.000868074
-265.823,53.1646,0.0174937,-0.00025907
-262.025,53.1646,0.017606,0.000349614
-258.228,53.1646,0.0177137,0.000941299
-254.43,53.1646,0.0178248,0.00153407
-250.633,53.1646,0.0179359,0.00212685
-246.835,53.1646,0.0180469,0.00271963
-243.038,53.1646,0.0181623,0.00331504
-239.241,53.1646,0.0182818,0.00391501
-235.443,53.1646,0.0184013,0.00451498
-231.646,53.1646,0.0185211,0.00511543
-227.848,53.1646,0.0186552,0.00574961
-224.051,53.1646,0.0187823,0.00636486
-220.253,53.1646,0.0189057,0.00696435
-216.456,53.1646,0.019029,0.00756121
-212.658,53.1646,0.0191522,0.00815805
-208.861,53.1646,0.0192783,0.00876639
-205.063,53.1646,0.0194052,0.00938145
-201.266,53.1646,0.0195322,0.00999275
-197.468,53.1646,0.0196483,0.0105666
-193.671,53.1646,0.0197669,0.0111687
-189.873,53.1646,0.0198742,0.0117437
-186.076,53.1646,0.0199755,0.0122995
-182.278,53.1646,0.0200735,0.0128251
-178.481,53.1646,0.0201829,0.0133659
-174.684,53.1646,0.0203013,0.0139316
-170.886,53.1646,0.0204575,0.014632
-167.089,53.1646,0.0206199,0.0153529
-163.291,53.1646,0.0207994,0.016135
-159.494,53.1646,0.0210228,0.017071
-155.696,53.1646,0.021283,0.0181101
-151.899,53.1646,0.0215739,0.0192452
-148.101,53.1646,0.0218825,0.0204368
-144.304,53.1646,0.0221565,0.0215376
-140.506,53.1646,0.0224145,0.0225951
-136.709,53.1646,0.0226653,0.0236329
-132.911,53.1646,0.0229154,0.0246694
-129.114,53.1646,0.0231509,0.0256547
-125.316,53.1646,0.0233835,0.0266288
-121.519,53.1646,0.0236161,0.0276028
-117.722,53.1646,0.0238401,0.0286106
-113.924,53.1646,0.0241408,0.0299661
-110.127,53.1646,0.024462,0.0313894
-106.329,53.1646,0.0247924,0.032841
-102.532,53.1646,0.0251436,0.0343447
-98.7342,53.1646,0.0254971,0.0358582
-94.9367,53.1646,0.0259101,0.0375738
-91.1392,53.1646,0.0263912,0.0396615
-87.3418,53.1646,0.0268467,0.0417884
-83.5443,53.1646,0.0272863,0.0439051
-79.7468,53.1646,0.0277416,0.0460899
-75.9494,53.1646,0.0281745,0.0483634
-72.1519,53.1646,0.0286005,0.050622
-68.3544,53.1646,0.0290444,0.053096
-64.557,53.1646,0.0294452,0.0554449
-60.7595,53.1646,0.0297883,0.0577264
-56.962,53.1646,0.0301162,0.0602665
-53.1646,53.1646,0.0304428,0.0630662
-49.3671,53.1646,0.0307917,0.0661218
-45.5696,53.1646,0.0311521,0.0693206
-41.7722,53.1646,0.031488,0.0725495
-37.9747,53.1646,0.0318121,0.0756361
-34.1772,53.1646,0.0321269,0.078602
-30.3797,53.1646,0.0324083,0.0814589
-26.5823,53.1646,0.0327,0.0842885
-22.7848,53.1646,0.0329892,0.0868445
-18.9873,53.1646,0.0332597,0.08928
-15.1899,53.1646,0.0334914,0.0915404
-11.3924,53.1646,0.0336795,0.0934491
-7.59494,53.1646,0.0338247,0.095227
-3.79747,53.1646,0.033947,0.0968991
0,53.1646,0.0340611,0.0984759
-300,56.962,0.0173277,-0.00333032
-296.203,56.962,0.0174366,-0.00274352
-292.405,56.962,0.0175335,-0.00218019
-288.608,56.962,0.0176264,-0.00162663
-284.81,56.962,0.0177192,-0.0010731
-281.013,56.962,0.017812,-0.000519538
-277.215,56.962,0.0179048,3.32718e-05
-273.418,56.962,0.0179971,0.00057692
-269.62,56.962,0.0180886,0.00111996
-265.823,56.962,0.018198,0.0017221
-262.025,56.962,0.0183105,0.00233111
-258.228,56.962,0.0184242,0.00293478
-254.43,56.962,0.0185395,0.00353597
-250.633,56.962,0.0186505,0.00412875
-246.835,56.962,0.0187616,0.00472153
-243.038,56.962,0.0188727,0.00531429
-239.241,56.962,0.0189883,0.00590947
-235.443,56.962,0.0191079,0.00650943
-231.646,56.962,0.0192274,0.0071094
-227.848,56.962,0.0193469,0.00770937
-224.051,56.962,0.0194726,0.00831601
-220.253,56.962,0.0196059,0.00893967
-216.456,56.962,0.0197523,0.00960071
-212.658,56.962,0.0198987,0.0102619
-208.861,56.962,0.0200443,0.0109214
-205.063,56.962,0.0201836,0.0115673
-201.266,56.962,0.0203201,0.0121996
-197.468,56.962,0.0204349,0.0127704
-193.671,56.962,0.0205492,0.0133401
-189.873,56.962,0.0206598,0.0139081
-186.076,56.962,0.020761,0.0144639
-182.278,56.962,0.0208623,0.0150196
-178.481,56.962,0.0209857,0.0156363
-174.684,56.962,0.0211399,0.0163485
-170.886,56.962,0.0212921,0.0170653
-167.089,56.962,0.0214742,0.0178864
-163.291,56.962,0.0217001,0.018852
-159.494,56.962,0.0219853,0.020003
-155.696,56.962,0.0222883,0.0212014
-151.899,56.962,0.022596,0.022396
-148.101,56.962,0.0228971,0.0235623
-144.304,56.962,0.0231802,0.0246772
-140.506,56.962,0.0234326,0.0257188
-136.709,56.962,0.0236834,0.0267565
-132.911,56.962,0.0239341,0.0277943
-129.114,56.962,0.0241709,0.0287779
-125.316,56.962,0.0244009,0.0297423
-121.519,56.962,0.0246218,0.0306827
-117.722,56.962,0.0249066,0.0319382
-113.924,56.962,0.0252102,0.0333129
-110.127,56.962,0.0255234,0.0347172
-106.329,56.962,0.025857,0.0361963
-102.532,56.962,0.0262165,0.0377578
-98.7342,56.962,0.0266005,0.0393814
-94.9367,56.962,0.0270616,0.0414746
-91.1392,56.962,0.0275341,0.0436358
-87.3418,56.962,0.0279703,0.0457002
-83.5443,56.962,0.0284145,0.0478385
-79.7468,56.962,0.0288419,0.0500487
-75.9494,56.962,0.0292573,0.0522531
-72.1519,56.962,0.0296636,0.0545728
-68.3544,56.962,0.0300125,0.0567087
-64.557,56.962,0.0303154,0.0586566
-60.7595,56.962,0.0306245,0.0608495
-56.962,56.962,0.0309249,0.0634206
-53.1646,56.962,0.0312461,0.066274
-49.3671,56.962,0.0315708,0.0691616
-45.5696,56.962,0.0318931,0.0722684
-41.7722,56.962,0.032219,0.0753398
-37.9747,56.962,0.0325354,0.0783737
-34.1772,56.962,0.0328156,0.0812369
-30.3797,56.962,0.033092,0.0840738
-26.5823,56.962,0.0333647,0.0866043
-22.7848,56.962,0.0336223,0.0889833
-18.9873,56.962,0.0338318,0.0911496
-15.1899,56.962,0.0340117,0.0931481
-11.3924,56.962,0.0341446,0.0948807
-7.59494,56.962,0.0342629,0.0965215
-3.79747,56.962,0.0343754,0.0980954
0,56.962,0.0344817,0.0995945
-300,60.7595,0.0180206,-0.00128137
-296.203,60.7595,0.0181301,-0.000723194
-292.405,60.7595,0.0182414,-0.000149404
-288.608,60.7595,0.0183528,0.00043309
-284.81,60.7595,0.0184512,0.000985775
-281.013,60.7595,0.0185462,0.00153595
-277.215,60.7595,0.018639,0.00208888
-273.418,60.7595,0.0187313,0.00263254
-269.62,60.7595,0.0188236,0.00317619
-265.823,60.7595,0.0189206,0.0037437
-262.025,60.7595,0.0190215,0.00432704
-258.228,60.7595,0.0191265,0.00491125
-254.43,60.7595,0.0192446,0.00551852
-250.633,60.7595,0.019363,0.00612606
-246.835,60.7595,0.0194763,0.00672343
-243.038,60.7595,0.0195874,0.0073162
-239.241,60.7595,0.0196985,0.00790898
-235.443,60.7595,0.0198144,0.00850389
-231.646,60.7595,0.0199339,0.00910386
-227.848,60.7595,0.0200546,0.00969808
-224.051,60.7595,0.0201861,0.0103244
-220.253,60.7595,0.0203176,0.0109494
-216.456,60.7595,0.0204633,0.0116089
-212.658,60.7595,0.0206098,0.0122701
-208.861,60.7595,0.0207582,0.0129401
-205.063,60.7595,0.0209078,0.0136141
-201.266,60.7595,0.0210522,0.0142698
-197.468,60.7595,0.0211884,0.0148936
-193.671,60.7595,0.0213247,0.0155173
-189.873,60.7595,0.0214515,0.016118
-186.076,60.7595,0.0215459,0.0166416
-182.278,60.7595,0.0216634,0.0172356
-178.481,60.7595,0.0218142,0.0179532
-174.684,60.7595,0.0219708,0.0187007
-170.886,60.7595,0.022171,0.0195865
-167.089,60.7595,0.0224332,0.0206534
-163.291,60.7595,0.0227214,0.0218117
-159.494,60.7595,0.02303,0.0230362
-155.696,60.7595,0.0233386,0.0242607
-151.899,60.7595,0.023637,0.0254572
-148.101,60.7595,0.0239176,0.026587
-144.304,60.7595,0.0241896,0.0276829
-140.506,60.7595,0.0244487,0.0287421
-136.709,60.7595,0.0246741,0.029721
-132.911,60.7595,0.0248947,0.0306882
-129.114,60.7595,0.025105,0.0316112
-125.316,60.7595,0.025332,0.0325913
-121.519,60.7595,0.0256201,0.0338206
-117.722,60.7595,0.025929,0.0351432
-113.924,60.7595,0.0262504,0.0365769
-110.127,60.7595,0.026577,0.0380309
-106.329,60.7595,0.0269393,0.039615
-102.532,60.7595,0.0273077,0.0412665
-98.7342,60.7595,0.0277492,0.0432929
-94.9367,60.7595,0.0281971,0.0453623
-91.1392,60.7595,0.028633,0.0474471
-87.3418,60.7595,0.0290764,0.049538
-83.5443,60.7595,0.0295104,0.0517324
-79.7468,60.7595,0.0299117,0.0538743
-75.9494,60.7595,0.0302399,0.0558732
-72.1519,60.7595,0.0305458,0.0578275
-68.3544,60.7595,0.0308265,0.0596379
-64.557,60.7595,0.0311054,0.0614433
-60.7595,60.7595,0.0314014,0.0637354
-56.962,60.7595,0.0317059,0.0664792
-53.1646,60.7595,0.0319848,0.0691221
-49.3671,60.7595,0.0322983,0.0719783
-45.5696,60.7595,0.0326254,0.0750943
-41.7722,60.7595,0.0329222,0.0780877
-37.9747,60.7595,0.0331973,0.0809529
-34.1772,60.7595,0.0334708,0.0837807
-30.3797,60.7595,0.0337367,0.0863173
-26.5823,60.7595,0.0339707,0.0886432
-22.7848,60.7595,0.0341632,0.0907521
-18.9873,60.7595,0.0343449,0.0928119
-15.1899,60.7595,0.0344725,0.0945361
-11.3924,60.7595,0.0345862,0.0961481
-7.59494,60.7595,0.0346959,0.0977081
-3.79747,60.7595,0.0348045,0.0992474
0,60.7595,0.0348972,0.100707
-300,64.557,0.0187144,0.000778167
-296.203,64.557,0.0188247,0.00133841
-292.405,64.557,0.0189319,0.00188973
-288.608,64.557,0.019036,0.00243705
-284.81,64.557,0.0191542,0.00302994
-281.013,64.557,0.0192664,0.00361366
-277.215,64.557,0.0193627,0.00416107
-273.418,64.557,0.0194583,0.0046995
-269.62,64.557,0.019554,0.00523794
-265.823,64.557,0.0196491,0.00577671
-262.025,64.557,0.0197527,0.00636777
-258.228,64.557,0.0198526,0.00693935
-254.43,64.557,0.0199571,0.00751769
-250.633,64.557,0.020065,0.00810226
-246.835,64.557,0.0201834,0.0087098
-243.038,64.557,0.0203017,0.00931734
-239.241,64.557,0.0204132,0.00991089
-235.443,64.557,0.0205287,0.0105161
-231.646,64.557,0.020657,0.0111388
-227.848,64.557,0.0207885,0.0117652
-224.051,64.557,0.02092,0.0123916
-220.253,64.557,0.0210515,0.0130172
-216.456,64.557,0.021183,0.0136394
-212.658,64.557,0.0213214,0.0142807
-208.861,64.557,0.0214708,0.0149548
-205.063,64.557,0.0216202,0.0156289
-201.266,64.557,0.0217625,0.0162789
-197.468,64.557,0.0218985,0.0169038
-193.671,64.557,0.0220347,0.0175275
-189.873,64.557,0.022171,0.0181513
-186.076,64.557,0.0223173,0.0188164
-182.278,64.557,0.0224733,0.0195253
-178.481,64.557,0.0226609,0.0203391
-174.684,64.557,0.0229221,0.021397
-170.886,64.557,0.0231813,0.0224795
-167.089,64.557,0.0234657,0.0236504
-163.291,64.557,0.0237607,0.0248371
-159.494,64.557,0.0240496,0.0260038
-155.696,64.557,0.0243374,0.0271721
-151.899,64.557,0.0246051,0.0282806
-148.101,64.557,0.0248546,0.0293362
-144.304,64.557,0.0251013,0.0303704
-140.506,64.557,0.0253507,0.0313985
-136.709,64.557,0.0255946,0.0324134
-132.911,64.557,0.0258194,0.0333845
-129.114,64.557,0.0260586,0.0344061
-125.316,64.557,0.0263459,0.0356259
-121.519,64.557,0.0266539,0.0369356
-117.722,64.557,0.0269914,0.0383546
-113.924,64.557,0.0273168,0.0398255
-110.127,64.557,0.0276742,0.0414216
-106.329,64.557,0.0280257,0.0431023
-102.532,64.557,0.0284503,0.045107
-98.7342,64.557,0.0288619,0.0470803
-94.9367,64.557,0.0292927,0.0491399
-91.1392,64.557,0.029714,0.0511543
-87.3418,64.557,0.0301508,0.0533076
-83.5443,64.557,0.0305044,0.0552449
-79.7468,64.557,0.0307942,0.0570764
-75.9494,64.557,0.0310534,0.0588057
-72.1519,64.557,0.0313202,0.0605395
-68.3544,64.557,0.0315869,0.0622733
-64.557,64.557,0.0318758,0.0641968
-60.7595,64.557,0.032149,0.0665461
-56.962,64.557,0.0324057,0.0690928
-53.1646,64.557,0.0326967,0.0718505
-49.3671,64.557,0.0329967,0.0748348
-45.5696,64.557,0.0332936,0.0777979
-41.7722,64.557,0.0335774,0.0806513
-37.9747,64.557,0.0338455,0.0834215
-34.1772,64.557,0.034091,0.0859509
-30.3797,64.557,0.0342935,0.0881782
-26.5823,64.557,0.0344886,0.0903263
-22.7848,64.557,0.0346732,0.0924031
-18.9873,64.557,0.0347986,0.0941365
-15.1899,64.557,0.0349088,0.0957521
-11.3924,64.557,0.0350164,0.0973334
-7.59494,64.557,0.0351273,0.0989004
-3.79747,64.557,0.0352189,0.100357
0,64.557,0.0353119,0.101801
-300,68.3544,0.0194186,0.0028704
-296.203,68.3544,0.019517,0.00339345
-292.405,68.3544,0.0196281,0.00395627
-288.608,68.3544,0.0197336,0.00450266
-284.81,68.3544,0.0198391,0.00504906
-281.013,68.3544,0.0199484,0.00561575
-277.215,68.3544,0.0200665,0.00620826
-273.418,68.3544,0.0201771,0.0067796
-269.62,68.3544,0.0202727,0.00731804
-265.823,68.3544,0.0203683,0.00785648
-262.025,68.3544,0.020468,0.00841745
-258.228,68.3544,0.0205731,0.00899535
-254.43,68.3544,0.0206774,0.00956729
-250.633,68.3544,0.0207853,0.0101473
-246.835,68.3544,0.0208932,0.0107272
-243.038,68.3544,0.0210081,0.0113275
-239.241,68.3544,0.0211375,0.0119592
-235.443,68.3544,0.021267,0.0125926
-231.646,68.3544,0.0213909,0.0132157
-227.848,68.3544,0.0215197,0.0138368
-224.051,68.3544,0.0216513,0.014463
-220.253,68.3544,0.0217829,0.0150892
-216.456,68.3544,0.0219145,0.0157111
-212.658,68.3544,0.0220483,0.0163418
-208.861,68.3544,0.0221831,0.0169763
-205.063,68.3544,0.0223312,0.0176461
-201.266,68.3544,0.0224724,0.0182882
-197.468,68.3544,0.0226085,0.018914
-193.671,68.3544,0.0227447,0.0195378
-189.873,68.3544,0.0229035,0.0202374
-186.076,68.3544,0.0230915,0.0210263
-182.278,68.3544,0.0233315,0.02199
-178.481,68.3544,0.023599,0.0230552
-174.684,68.3544,0.0238546,0.0240992
-170.886,68.3544,0.0241382,0.0252455
-167.089,68.3544,0.0244246,0.0264286
-163.291,68.3544,0.0247072,0.027602
-159.494,68.3544,0.0249906,0.0287661
-155.696,68.3544,0.0252511,0.0298497
-151.899,68.3544,0.0254914,0.0308766
-148.101,68.3544,0.0257359,0.0319163
-144.304,68.3544,0.0259804,0.0329559
-140.506,68.3544,0.0262264,0.0339917
-136.709,68.3544,0.0264758,0.0350197
-132.911,68.3544,0.0267619,0.0361689
-129.114,68.3544,0.0270628,0.0374062
-125.316,68.3544,0.0273749,0.0387242
-121.519,68.3544,0.0277234,0.0401711
-117.722,68.3544,0.0280681,0.0416059
-113.924,68.3544,0.0284202,0.0431777
-110.127,68.3544,0.0287689,0.044899
-106.329,68.3544,0.0291678,0.0467969
-102.532,68.3544,0.0295682,0.0487221
-98.7342,68.3544,0.0299668,0.0507203
-94.9367,68.3544,0.0303752,0.052734
-91.1392,68.3544,0.0307377,0.0546288
-87.3418,68.3544,0.0310391,0.056452
-83.5443,68.3544,0.0313089,0.0581254
-79.7468,68.3544,0.0315499,0.0596678
-75.9494,68.3544,0.0318155,0.0614173
-72.1519,68.3544,0.0320791,0.0631581
-68.3544,68.3544,0.0323168,0.0647895
-64.557,68.3544,0.0325756,0.0667365
-60.7595,68.3544,0.0328036,0.0689815
-56.962,68.3544,0.0330676,0.0716591
-53.1646,68.3544,0.0333589,0.0744346
-49.3671,68.3544,0.033656,0.0774876
-45.5696,68.3544,0.0339591,0.080356
-41.7722,68.3544,0.0342212,0.0830277
-37.9747,68.3544,0.0344264,0.0854647
-34.1772,68.3544,0.0346262,0.0877273
-30.3797,68.3544,0.0348289,0.0899358
-26.5823,68.3544,0.0350088,0.0919982
-22.7848,68.3544,0.0351404,0.0937756
-18.9873,68.3544,0.0352427,0.0953461
-15.1899,68.3544,0.0353555,0.0969792
-11.3924,68.3544,0.035473,0.0986089
-7.59494,68.3544,0.0355718,0.100086
-3.79747,68.3544,0.0356759,0.101579
0,68.3544,0.0357446,0.102935
-300,72.1519,0.0201092,0.00492926
-296.203,72.1519,0.0202027,0.00543162
-292.405,72.1519,0.0203101,0.00598136
-288.608,72.1519,0.0204264,0.00655948
-284.81,72.1519,0.0205353,0.00711559
-281.013,72.1519,0.0206408,0.007662
-277.215,72.1519,0.0207442,0.00820597
-273.418,72.1519,0.0208599,0.00878473
-269.62,72.1519,0.0209774,0.00936815
-265.823,72.1519,0.0210871,0.00993657
-262.025,72.1519,0.0211822,0.0104721
-258.228,72.1519,0.0212875,0.0110512
-254.43,72.1519,0.0213919,0.0116261
-250.633,72.1519,0.0215094,0.0122364
-246.835,72.1519,0.0216303,0.0128527
-243.038,72.1519,0.0217505,0.0134623
-239.241,72.1519,0.0218708,0.0140719
-235.443,72.1519,0.0219911,0.0146814
-231.646,72.1519,0.0221168,0.0153041
-227.848,72.1519,0.022243,0.0159308
-224.051,72.1519,0.022372,0.0165512
-220.253,72.1519,0.0225036,0.0171774
-216.456,72.1519,0.0226359,0.0178027
-212.658,72.1519,0.0227706,0.0184372
-208.861,72.1519,0.0229054,0.0190717
-205.063,72.1519,0.0230402,0.0197062
-201.266,72.1519,0.0231702,0.020317
-197.468,72.1519,0.0233056,0.0209382
-193.671,72.1519,0.0234841,0.0217001
-189.873,72.1519,0.023677,0.0225052
-186.076,72.1519,0.0239048,0.0234242
-182.278,72.1519,0.0241689,0.0244643
-178.481,72.1519,0.0244291,0.0255061
-174.684,72.1519,0.0247111,0.0266383
-170.886,72.1519,0.0250009,0.0278006
-167.089,72.1519,0.0252897,0.0289646
-163.291,72.1519,0.0255792,0.0301493
-159.494,72.1519,0.0258614,0.0313088
-155.696,72.1519,0.0261035,0.0323563
-151.899,72.1519,0.0263479,0.0333919
-148.101,72.1519,0.0265963,0.0344399
-144.304,72.1519,0.0268513,0.0355078
-140.506,72.1519,0.0271061,0.0365755
-136.709,72.1519,0.0274049,0.0377945
-132.911,72.1519,0.0277238,0.0390738
-129.114,72.1519,0.0280592,0.0404413
-125.316,72.1519,0.0284236,0.0419205
-121.519,72.1519,0.0287775,0.0433807
-117.722,72.1519,0.029138,0.0449394
-113.924,72.1519,0.0294843,0.0465969
-110.127,72.1519,0.0298772,0.0484632
-106.329,72.1519,0.0302721,0.0503623
-102.532,72.1519,0.03065,0.0522521
-98.7342,72.1519,0.0309917,0.0540532
-94.9367,72.1519,0.0313072,0.0558041
-91.1392,72.1519,0.0315729,0.0574802
-87.3418,72.1519,0.0318138,0.0590527
-83.5443,72.1519,0.0320412,0.0606002
-79.7468,72.1519,0.0322755,0.0621666
-75.9494,72.1519,0.0325114,0.0637631
-72.1519,72.1519,0.0327318,0.0653158
-68.3544,72.1519,0.0329603,0.0669723
-64.557,72.1519,0.0331926,0.0688867
-60.7595,72.1519,0.0334418,0.0714385
-56.962,72.1519,0.0337513,0.0742829
-53.1646,72.1519,0.034036,0.0771547
-49.3671,72.1519,0.0343311,0.0800516
-45.5696,72.1519,0.034566,0.0825945
-41.7722,72.1519,0.034757,0.0849334
-37.9747,72.1519,0.0349579,0.087274
-34.1772,72.1519,0.0351686,0.089544
-30.3797,72.1519,0.0353423,0.0915739
-26.5823,72.1519,0.0354704,0.0933761
-22.7848,72.1519,0.0355873,0.0949905
-18.9873,72.1519,0.0357124,0.0966587
-15.1899,72.1519,0.0358443,0.0983443
-11.3924,72.1519,0.0359679,0.0999392
-7.59494,72.1519,0.0360613,0.101437
-3.79747,72.1519,0.036125,0.102797
0,72.1519,0.0361818,0.104138
-300,75.9494,0.0208046,0.00701084
-296.203,75.9494,0.0208987,0.007515
-292.405,75.9494,0.0209929,0.00801917
-288.608,75.9494,0.0210952,0.00854859
-284.81,75.9494,0.0212084,0.0091157
-281.013,75.9494,0.0213225,0.00968674
-277.215,75.9494,0.0214366,0.0102578
-273.418,75.9494,0.0215471,0.0108118
-269.62,75.9494,0.0216533,0.0113612
-265.823,75.9494,0.0217708,0.0119446
-262.025,75.9494,0.0218878,0.0125234
-258.228,75.9494,0.0220105,0.0131332
-254.43,75.9494,0.0221325,0.0137656
-250.633,75.9494,0.0222524,0.0143779
-246.835,75.9494,0.0223727,0.0149875
-243.038,75.9494,0.022493,0.0155971
-239.241,75.9494,0.0226133,0.0162066
-235.443,75.9494,0.0227336,0.0168162
-231.646,75.9494,0.0228539,0.0174258
-227.848,75.9494,0.0229742,0.0180354
-224.051,75.9494,0.0230951,0.0186446
-220.253,75.9494,0.0232243,0.0192655
-216.456,75.9494,0.0233582,0.0198981
-212.658,75.9494,0.0234765,0.0204884
-208.861,75.9494,0.0235939,0.0210761
-205.063,75.9494,0.0237141,0.0216722
-201.266,75.9494,0.02386,0.022337
-197.468,75.9494,0.0240322,0.0230904
-193.671,75.9494,0.0242332,0.0239283
-189.873,75.9494,0.0244667,0.0248668
-186.076,75.9494,0.0247238,0.0258842
-182.278,75.9494,0.0249879,0.0269243
-178.481,75.9494,0.0252741,0.0280473
-174.684,75.9494,0.0255635,0.0292088
-170.886,75.9494,0.0258533,0.0303711
-167.089,75.9494,0.0261431,0.0315335
-163.291,75.9494,0.0264295,0.0326841
-159.494,75.9494,0.0266759,0.0337264
-155.696,75.9494,0.0269308,0.0347912
-151.899,75.9494,0.0271879,0.0358604
-148.101,75.9494,0.0274389,0.0369187
-144.304,75.9494,0.0276849,0.0379594
-140.506,75.9494,0.0280054,0.0392504
-136.709,75.9494,0.0283418,0.0406113
-132.911,75.9494,0.0286824,0.0420224
-129.114,75.9494,0.0290682,0.0435506
-125.316,75.9494,0.0294539,0.0450806
-121.519,75.9494,0.0298144,0.0466806
-117.722,75.9494,0.0301616,0.0482585
-113.924,75.9494,0.0305433,0.0500157
-110.127,75.9494,0.0309348,0.0518994
-106.329,75.9494,0.0312681,0.0536333
-102.532,75.9494,0.03156,0.0551923
-98.7342,75.9494,0.0318304,0.0567706
-94.9367,75.9494,0.0320736,0.0583476
-91.1392,75.9494,0.0322904,0.0598167
-87.3418,75.9494,0.0325015,0.0612973
-83.5443,75.9494,0.032701,0.0627331
-79.7468,75.9494,0.0329216,0.0642826
-75.9494,75.9494,0.0331458,0.0658325
-72.1519,75.9494,0.0333624,0.0673861
-68.3544,75.9494,0.0335987,0.0690726
-64.557,75.9494,0.0338565,0.0712234
-60.7595,75.9494,0.0341411,0.0740534
-56.962,75.9494,0.0344207,0.0768645
-53.1646,75.9494,0.0346715,0.0795953
-49.3671,75.9494,0.0348941,0.0821511
-45.5696,75.9494,0.0350865,0.0844791
-41.7722,75.9494,0.0352897,0.0868207
-37.9747,75.9494,0.035502,0.0891007
-34.1772,75.9494,0.0356748,0.0911402
-30.3797,75.9494,0.0358186,0.0930084
-26.5823,75.9494,0.0359532,0.094729
-22.7848,75.9494,0.0360964,0.0964226
-18.9873,75.9494,0.0362431,0.0981645
-15.1899,75.9494,0.0363536,0.0997617
-11.3924,75.9494,0.0364306,0.101247
-7.59494,75.9494,0.0364891,0.102634
-3.79747,75.9494,0.0365529,0.103994
0,75.9494,0.0366209,0.10538
-300,79.7468,0.0215005,0.0091266
-296.203,79.7468,0.0215659,0.00952997
-292.405,79.7468,0.0216512,0.0100047
-288.608,79.7468,0.0217404,0.0104925
-284.81,79.7468,0.0218445,0.0110277
-281.013,79.7468,0.0219494,0.011566
-277.215,79.7468,0.0220595,0.012123
-273.418,79.7468,0.0221735,0.0126924
-269.62,79.7468,0.0222873,0.0132534
-265.823,79.7468,0.0224113,0.0138511
-262.025,79.7468,0.0225431,0.0144756
-258.228,79.7468,0.0226729,0.0150901
-254.43,79.7468,0.0228085,0.0157413
-250.633,79.7468,0.0229434,0.0163833
-246.835,79.7468,0.0230679,0.0170003
-243.038,79.7468,0.0231916,0.0176162
-239.241,79.7468,0.0233129,0.0182284
-235.443,79.7468,0.0234342,0.0188406
-231.646,79.7468,0.0235422,0.0194163
-227.848,79.7468,0.0236472,0.0199834
-224.051,79.7468,0.0237521,0.0205504
-220.253,79.7468,0.0238555,0.0211141
-216.456,79.7468,0.023961,0.0216739
-212.658,79.7468,0.0240899,0.0222963
-208.861,79.7468,0.0242459,0.0229989
-205.063,79.7468,0.0244093,0.0237265
-201.266,79.7468,0.0245824,0.0244827
-197.468,79.7468,0.0247829,0.0253273
-193.671,79.7468,0.0250091,0.026258
-189.873,79.7468,0.0252506,0.0272319
-186.076,79.7468,0.0255131,0.0282661
-182.278,79.7468,0.025801,0.0293909
-178.481,79.7468,0.026097,0.0305445
-174.684,79.7468,0.0263894,0.0317084
-170.886,79.7468,0.02668,0.0328741
-167.089,79.7468,0.02697,0.0340364
-163.291,79.7468,0.0272287,0.0350891
-159.494,79.7468,0.02748,0.0361301
-155.696,79.7468,0.0277255,0.037177
-151.899,79.7468,0.0279723,0.0382265
-148.101,79.7468,0.0282353,0.0393148
-144.304,79.7468,0.0285715,0.0406532
-140.506,79.7468,0.0289134,0.0419955
-136.709,79.7468,0.0292637,0.0434349
-132.911,79.7468,0.0296511,0.044998
-129.114,79.7468,0.0300328,0.0466029
-125.316,79.7468,0.0303858,0.0481633
-121.519,79.7468,0.0307429,0.0497356
-117.722,79.7468,0.031124,0.0514284
-113.924,79.7468,0.031481,0.0530963
-110.127,79.7468,0.0317949,0.0547187
-106.329,79.7468,0.0320729,0.056225
-102.532,79.7468,0.0323026,0.0576006
-98.7342,79.7468,0.0325106,0.0589982
-94.9367,79.7468,0.0327202,0.0604741
-91.1392,79.7468,0.0329302,0.0618906
-87.3418,79.7468,0.0331318,0.0632987
-83.5443,79.7468,0.0333453,0.0647275
-79.7468,79.7468,0.0335782,0.0663048
-75.9494,79.7468,0.0337933,0.0678526
-72.1519,79.7468,0.0340122,0.0694491
-68.3544,79.7468,0.0342785,0.0713526
-64.557,79.7468,0.034539,0.0737685
-60.7595,79.7468,0.0347892,0.0765243
-56.962,79.7468,0.0350037,0.0790598
-53.1646,79.7468,0.0352228,0.0816523
-49.3671,79.7468,0.0354188,0.0840593
-45.5696,79.7468,0.0356253,0.0864174
-41.7722,79.7468,0.0358438,0.0886658
-37.9747,79.7468,0.0360302,0.0907721
-34.1772,79.7468,0.0361857,0.092707
-30.3797,79.7468,0.0363336,0.0945028
-26.5823,79.7468,0.0364831,0.0962436
-22.7848,79.7468,0.0366264,0.0979603
-18.9873,79.7468,0.0367228,0.0995445
-15.1899,79.7468,0.0368089,0.10107
-11.3924,79.7468,0.0368783,0.102523
-7.59494,79.7468,0.0369492,0.103933
-3.79747,79.7468,0.0370239,0.105327
0,79.7468,0.037088,0.106693
-300,83.5443,0.0222122,0.0112929
-296.203,83.5443,0.0222731,0.0116853
-292.405,83.5443,0.0223372,0.0120844
-288.608,83.5443,0.0224144,0.0125303
-284.81,83.5443,0.0224997,0.013005
-281.013,83.5443,0.0225958,0.0135138
-277.215,83.5443,0.0227007,0.0140524
-273.418,83.5443,0.0228181,0.0146318
-269.62,83.5443,0.0229379,0.0152142
-265.823,83.5443,0.0230634,0.0158131
-262.025,83.5443,0.0231882,0.0164039
-258.228,83.5443,0.0233114,0.0169939
-254.43,83.5443,0.0234482,0.0176259
-250.633,83.5443,0.023584,0.0182676
-246.835,83.5443,0.0237109,0.0188858
-243.038,83.5443,0.0238278,0.0194778
-239.241,83.5443,0.0239362,0.0200501
-235.443,83.5443,0.0240446,0.0206224
-231.646,83.5443,0.024153,0.0211947
-227.848,83.5443,0.0242585,0.0217627
-224.051,83.5443,0.0243635,0.0223298
-220.253,83.5443,0.0244924,0.0229712
-216.456,83.5443,0.0246324,0.0236504
-212.658,83.5443,0.0247758,0.0243206
-208.861,83.5443,0.0249345,0.0250406
-205.063,83.5443,0.0251171,0.0258364
-201.266,83.5443,0.0253244,0.0267033
-197.468,83.5443,0.025558,0.0276593
-193.671,83.5443,0.0257941,0.0286236
-189.873,83.5443,0.0260322,0.0295925
-186.076,83.5443,0.0263053,0.0306776
-182.278,83.5443,0.026598,0.0318226
-178.481,83.5443,0.026894,0.0329762
-174.684,83.5443,0.0271885,0.0341396
-170.886,83.5443,0.0274797,0.0353059
-167.089,83.5443,0.027744,0.0363804
-163.291,83.5443,0.0279989,0.0374176
-159.494,83.5443,0.0282527,0.038456
-155.696,83.5443,0.0285014,0.0395128
-151.899,83.5443,0.0287693,0.0406347
-148.101,83.5443,0.0290975,0.0419647
-144.304,83.5443,0.0294227,0.0432811
-140.506,83.5443,0.02976,0.0446684
-136.709,83.5443,0.0301436,0.0462205
-132.911,83.5443,0.0305157,0.0478138
-129.114,83.5443,0.0308688,0.0493709
-125.316,83.5443,0.0311932,0.0508497
-121.519,83.5443,0.031546,0.0524484
-117.722,83.5443,0.0319,0.0540494
-113.924,83.5443,0.032223,0.0555989
-110.127,83.5443,0.0324684,0.0569702
-106.329,83.5443,0.0326993,0.0583036
-102.532,83.5443,0.0328978,0.0595275
-98.7342,83.5443,0.0330911,0.0609043
-94.9367,83.5443,0.0333066,0.0623746
-91.1392,83.5443,0.0335345,0.0638142
-87.3418,83.5443,0.033747,0.065215
-83.5443,83.5443,0.0339547,0.0666425
-79.7468,83.5443,0.0341797,0.0682192
-75.9494,83.5443,0.0344097,0.0698719
-72.1519,83.5443,0.0346431,0.0715782
-68.3544,83.5443,0.0348982,0.0735036
-64.557,83.5443,0.0351275,0.0760319
-60.7595,83.5443,0.0353461,0.0785902
-56.962,83.5443,0.0355609,0.0810681
-53.1646,83.5443,0.0357691,0.0835759
-49.3671,83.5443,0.0359726,0.0859863
-45.5696,83.5443,0.03619,0.088296
-41.7722,83.5443,0.0363853,0.0904116
-37.9747,83.5443,0.0365487,0.0923943
-34.1772,83.5443,0.0367068,0.0942874
-30.3797,83.5443,0.0368598,0.0960718
-26.5823,83.5443,0.0369993,0.0977787
-22.7848,83.5443,0.037116,0.0994304
-18.9873,83.5443,0.0372077,0.10097
-15.1899,83.5443,0.0372817,0.10245
-11.3924,83.5443,0.0373461,0.103839
-7.59494,83.5443,0.0374109,0.105228
-3.79747,83.5443,0.0374713,0.106588
0,83.5443,0.0375329,0.10796
-300,87.3418,0.0229867,0.0134511
-296.203,87.3418,0.0230351,0.0138388
-292.405,87.3418,0.0230886,0.0142406
-288.608,87.3418,0.023142,0.0146425
-284.81,87.3418,0.0232047,0.0150745
-281.013,87.3418,0.0232928,0.0155934
-277.215,87.3418,0.0233912,0.0161443
-273.418,87.3418,0.0234985,0.0166919
-269.62,87.3418,0.0235982,0.0172127
-265.823,87.3418,0.023698,0.0177312
-262.025,87.3418,0.023799,0.0182466
-258.228,87.3418,0.0239071,0.0187778
-254.43,87.3418,0.0240142,0.0193077
-250.633,87.3418,0.0241317,0.0198927
-246.835,87.3418,0.0242662,0.0205325
-243.038,87.3418,0.0243994,0.0211689
-239.241,87.3418,0.0245278,0.0217918
-235.443,87.3418,0.0246448,0.0223848
-231.646,87.3418,0.0247531,0.0229571
-227.848,87.3418,0.0248925,0.0236227
-224.051,87.3418,0.0250386,0.0243092
-220.253,87.3418,0.025187,0.025005
-216.456,87.3418,0.0253346,0.025699
-212.658,87.3418,0.0254908,0.0264348
-208.861,87.3418,0.0256801,0.0272589
-205.063,87.3418,0.0258905,0.0281477
-201.266,87.3418,0.0261158,0.0290837
-197.468,87.3418,0.0263431,0.0300249
-193.671,87.3418,0.0265791,0.0309892
-189.873,87.3418,0.0268439,0.0320543
-186.076,87.3418,0.0271249,0.0331694
-182.278,87.3418,0.0274061,0.0342836
-178.481,87.3418,0.0276937,0.0354166
-174.684,87.3418,0.0279916,0.0365913
-170.886,87.3418,0.0282689,0.037702
-167.089,87.3418,0.0285199,0.0387284
-163.291,87.3418,0.0287678,0.0397457
-159.494,87.3418,0.0290157,0.040763
-155.696,87.3418,0.0292899,0.0419052
-151.899,87.3418,0.0296106,0.0432131
-148.101,87.3418,0.0299312,0.044521
-144.304,87.3418,0.0302545,0.0458604
-140.506,87.3418,0.0306189,0.0473737
-136.709,87.3418,0.0309523,0.0489172
-132.911,87.3418,0.0312699,0.0503785
-129.114,87.3418,0.0315853,0.0518027
-125.316,87.3418,0.0319285,0.0533536
-121.519,87.3418,0.0322738,0.054909
-117.722,87.3418,0.0325717,0.0563679
-113.924,87.3418,0.0328359,0.0577248
-110.127,87.3418,0.0330758,0.0590128
-106.329,87.3418,0.0332637,0.060092
-102.532,87.3418,0.0334516,0.0612686
-98.7342,87.3418,0.0336743,0.0627879
-94.9367,87.3418,0.033899,0.0642674
-91.1392,87.3418,0.0341147,0.0656335
-87.3418,87.3418,0.0343321,0.0670948
-83.5443,87.3418,0.0345547,0.0686334
-79.7468,87.3418,0.0347824,0.0702403
-75.9494,87.3418,0.0349946,0.0717925
-72.1519,87.3418,0.0352331,0.0735984
-68.3544,87.3418,0.0354568,0.0755586
-64.557,87.3418,0.035661,0.078128
-60.7595,87.3418,0.0358741,0.0806312
-56.962,87.3418,0.0361067,0.0831307
-53.1646,87.3418,0.0363217,0.0855732
-49.3671,87.3418,0.0365445,0.0880113
-45.5696,87.3418,0.0367568,0.0902044
-41.7722,87.3418,0.0369371,0.0922043
-37.9747,87.3418,0.0370999,0.094165
-34.1772,87.3418,0.0372509,0.09597
-30.3797,87.3418,0.0373965,0.0977357
-26.5823,87.3418,0.0375053,0.0993519
-22.7848,87.3418,0.0375899,0.100869
-18.9873,87.3418,0.0376612,0.102336
-15.1899,87.3418,0.0377288,0.103721
-11.3924,87.3418,0.037796,0.105115
-7.59494,87.3418,0.0378609,0.106524
-3.79747,87.3418,0.0379236,0.107912
0,87.3418,0.037984,0.109279
-300,91.1392,0.0237946,0.0156849
-296.203,91.1392,0.0238416,0.0160687
-292.405,91.1392,0.0238964,0.0164764
-288.608,91.1392,0.0239498,0.0168825
-284.81,91.1392,0.0239933,0.0172619
-281.013,91.1392,0.0240368,0.0176413
-277.215,91.1392,0.0240979,0.0180824
-273.418,91.1392,0.024179,0.0185871
-269.62,91.1392,0.02426,0.0190885
-265.823,91.1392,0.02434,0.0195829
-262.025,91.1392,0.0244193,0.0200615
-258.228,91.1392,0.0244997,0.0205418
-254.43,91.1392,0.0245912,0.0210453
-250.633,91.1392,0.0246968,0.0215746
-246.835,91.1392,0.0248129,0.0221544
-243.038,91.1392,0.0249485,0.0227975
-239.241,91.1392,0.0250838,0.0234408
-235.443,91.1392,0.0252471,0.02417
-231.646,91.1392,0.0254104,0.0248993
-227.848,91.1392,0.0255728,0.0256266
-224.051,91.1392,0.0257236,0.0263284
-220.253,91.1392,0.025872,0.0270242
-216.456,91.1392,0.0260461,0.0278052
-212.658,91.1392,0.0262471,0.0286784
-208.861,91.1392,0.0264648,0.0296123
-205.063,91.1392,0.0266999,0.0305779
-201.266,91.1392,0.0269281,0.0315223
-197.468,91.1392,0.0271569,0.0324691
-193.671,91.1392,0.0274081,0.0334968
-189.873,91.1392,0.0276773,0.0345856
-186.076,91.1392,0.0279493,0.0356785
-182.278,91.1392,0.0282234,0.0367728
-178.481,91.1392,0.0284975,0.0378672
-174.684,91.1392,0.0287532,0.038918
-170.886,91.1392,0.0290033,0.0399386
-167.089,91.1392,0.0292539,0.0409552
-163.291,91.1392,0.0295018,0.0419725
-159.494,91.1392,0.0297984,0.0431585
-155.696,91.1392,0.0301203,0.0444538
-151.899,91.1392,0.0304356,0.0457495
-148.101,91.1392,0.0307392,0.0470217
-144.304,91.1392,0.0310584,0.0484059
-140.506,91.1392,0.0313764,0.049909
-136.709,91.1392,0.0316911,0.0514003
-132.911,91.1392,0.0319677,0.0527305
-129.114,91.1392,0.0322729,0.0541642
-125.316,91.1392,0.0326014,0.0556639
-121.519,91.1392,0.03289,0.0570869
-117.722,91.1392,0.0331625,0.0584482
-113.924,91.1392,0.0334051,0.0596545
-110.127,91.1392,0.0336208,0.0607426
-106.329,91.1392,0.0338184,0.0618296
-102.532,91.1392,0.034023,0.0631771
-98.7342,91.1392,0.0342541,0.0646793
-94.9367,91.1392,0.0344951,0.0661484
-91.1392,91.1392,0.0347246,0.0676223
-87.3418,91.1392,0.0349171,0.0689897
-83.5443,91.1392,0.035132,0.0705404
-79.7468,91.1392,0.0353419,0.0720863
-75.9494,91.1392,0.0355442,0.073657
-72.1519,91.1392,0.0357665,0.0755059
-68.3544,91.1392,0.0359571,0.0776419
-64.557,91.1392,0.0362017,0.0802867
-60.7595,91.1392,0.0364549,0.0828007
-56.962,91.1392,0.0366763,0.0852305
-53.1646,91.1392,0.0369164,0.0877335
-49.3671,91.1392,0.0371481,0.0900668
-45.5696,91.1392,0.0373405,0.092135
-41.7722,91.1392,0.0375018,0.0940234
-37.9747,91.1392,0.0376511,0.0958839
-34.1772,91.1392,0.0377885,0.0976552
-30.3797,91.1392,0.0378914,0.0992761
-26.5823,91.1392,0.0379712,0.10077
-22.7848,91.1392,0.0380361,0.102232
-18.9873,91.1392,0.038103,0.103652
-15.1899,91.1392,0.0381579,0.105051
-11.3924,91.1392,0.0382176,0.106453
-7.59494,91.1392,0.0382826,0.10786
-3.79747,91.1392,0.0383372,0.109239
0,91.1392,0.0383941,0.110599
-300,94.9367,0.0245706,0.017904
-296.203,94.9367,0.0246008,0.0182194
-292.405,94.9367,0.0246493,0.0186015
-288.608,94.9367,0.0246979,0.0189836
-284.81,94.9367,0.0247464,0.0193658
-281.013,94.9367,0.0247923,0.0197465
-277.215,94.9367,0.0248357,0.0201259
-273.418,94.9367,0.0248887,0.0205378
-269.62,94.9367,0.024963,0.0210188
-265.823,94.9367,0.0250366,0.0214929
-262.025,94.9367,0.0251093,0.0219505
-258.228,94.9367,0.025182,0.0224082
-254.43,94.9367,0.0252587,0.0228778
-250.633,94.9367,0.0253378,0.0233545
-246.835,94.9367,0.0254387,0.0239039
-243.038,94.9367,0.025586,0.0245921
-239.241,94.9367,0.0257377,0.0253077
-235.443,94.9367,0.0258964,0.0260431
-231.646,94.9367,0.0260529,0.0267723
-227.848,94.9367,0.0262105,0.0275051
-224.051,94.9367,0.0263753,0.0282572
-220.253,94.9367,0.0265761,0.0291205
-216.456,94.9367,0.0268064,0.0300778
-212.658,94.9367,0.02705,0.0310835
-208.861,94.9367,0.0272823,0.0320691
-205.063,94.9367,0.027502,0.0330072
-201.266,94.9367,0.0277238,0.033928
-197.468,94.9367,0.02797,0.034933
-193.671,94.9367,0.0282238,0.0359698
-189.873,94.9367,0.0284861,0.0370394
-186.076,94.9367,0.0287485,0.038109
-182.278,94.9367,0.0290118,0.0391758
-178.481,94.9367,0.0292636,0.0402037
-174.684,94.9367,0.0295033,0.0412022
-170.886,94.9367,0.0297341,0.0421688
-167.089,94.9367,0.0299694,0.0431447
-163.291,94.9367,0.0302765,0.0443665
-159.494,94.9367,0.0305919,0.0456324
-155.696,94.9367,0.0308929,0.0468563
-151.899,94.9367,0.0311796,0.0480701
-148.101,94.9367,0.0314873,0.0494083
-144.304,94.9367,0.0318058,0.0509061
-140.506,94.9367,0.0321027,0.0523444
-136.709,94.9367,0.0323657,0.0536558
-132.911,94.9367,0.0326351,0.0549682
-129.114,94.9367,0.0329373,0.0564395
-125.316,94.9367,0.0332096,0.0578156
-121.519,94.9367,0.0334902,0.0591967
-117.722,94.9367,0.0337207,0.0603184
-113.924,94.9367,0.033929,0.0613555
-110.127,94.9367,0.0341412,0.0624152
-106.329,94.9367,0.0343606,0.0636411
-102.532,94.9367,0.0346337,0.0651842
-98.7342,94.9367,0.0349031,0.0667488
-94.9367,94.9367,0.0351137,0.0681335
-91.1392,94.9367,0.0353131,0.0695067
-87.3418,94.9367,0.0354959,0.0708816
-83.5443,94.9367,0.0356958,0.0723926
-79.7468,94.9367,0.0359022,0.0739777
-75.9494,94.9367,0.0360986,0.0756392
-72.1519,94.9367,0.0362826,0.0773901
-68.3544,94.9367,0.0365337,0.080023
-64.557,94.9367,0.036803,0.0826476
-60.7595,94.9367,0.0370374,0.084966
-56.962,94.9367,0.0372892,0.0874967
-53.1646,94.9367,0.0375155,0.0898906
-49.3671,94.9367,0.0377068,0.0920278
-45.5696,94.9367,0.037863,0.0938912
-41.7722,94.9367,0.0380274,0.0957629
-37.9747,94.9367,0.0381661,0.0975336
-34.1772,94.9367,0.0382639,0.0991696
-30.3797,94.9367,0.0383401,0.10068
-26.5823,94.9367,0.0384085,0.102134
-22.7848,94.9367,0.0384704,0.103578
-18.9873,94.9367,0.0385244,0.104975
-15.1899,94.9367,0.038575,0.106365
-11.3924,94.9367,0.0386358,0.107783
-7.59494,94.9367,0.0386954,0.109199
-3.79747,94.9367,0.0387434,0.110551
0,94.9367,0.0387907,0.111883
-300,98.7342,0.0253184,0.0200567
-296.203,98.7342,0.0253498,0.020374
-292.405,98.7342,0.0253814,0.0206921
-288.608,98.7342,0.0254313,0.021077
-284.81,98.7342,0.0254799,0.0214592
-281.013,98.7342,0.0255284,0.0218413
-277.215,98.7342,0.025577,0.0222235
-273.418,98.7342,0.0256251,0.0226041
-269.62,98.7342,0.0256749,0.0229893
-265.823,98.7342,0.0257483,0.0234548
-262.025,98.7342,0.0258235,0.0239138
-258.228,98.7342,0.0258972,0.024372
-254.43,98.7342,0.0259916,0.024892
-250.633,98.7342,0.0261002,0.0254526
-246.835,98.7342,0.0262095,0.0260181
-243.038,98.7342,0.0263366,0.0266469
-239.241,98.7342,0.0264644,0.0272776
-235.443,98.7342,0.0266003,0.0279406
-231.646,98.7342,0.0267586,0.028676
-227.848,98.7342,0.0269173,0.0294165
-224.051,98.7342,0.0271151,0.0302869
-220.253,98.7342,0.02733,0.0312151
-216.456,98.7342,0.0275709,0.0322325
-212.658,98.7342,0.0278114,0.0332481
-208.861,98.7342,0.0280456,0.0342499
-205.063,98.7342,0.0282678,0.03521
-201.266,98.7342,0.028512,0.0362323
-197.468,98.7342,0.0287648,0.0372678
-193.671,98.7342,0.0290242,0.0383227
-189.873,98.7342,0.0292903,0.0393988
-186.076,98.7342,0.0295553,0.0404734
-182.278,98.7342,0.029803,0.0414996
-178.481,98.7342,0.0300388,0.0424807
-174.684,98.7342,0.0302541,0.0434133
-170.886,98.7342,0.0304714,0.0443547
-167.089,98.7342,0.0307615,0.0455376
-163.291,98.7342,0.03105,0.0467113
-159.494,98.7342,0.0313462,0.0479121
-155.696,98.7342,0.031633,0.0490876
-151.899,98.7342,0.0319307,0.050374
-148.101,98.7342,0.0322236,0.0517968
-144.304,98.7342,0.0325035,0.053208
-140.506,98.7342,0.0327566,0.0545209
-136.709,98.7342,0.0330067,0.0557885
-132.911,98.7342,0.0332997,0.0572448
-129.114,98.7342,0.0335828,0.0586325
-125.316,98.7342,0.0338446,0.0599076
-121.519,98.7342,0.0340463,0.0609495
-117.722,98.7342,0.034254,0.0619909
-113.924,98.7342,0.0344909,0.0630923
-110.127,98.7342,0.0347357,0.0643594
-106.329,98.7342,0.0350028,0.0657946
-102.532,98.7342,0.0352599,0.0672622
-98.7342,98.7342,0.0354879,0.0687169
-94.9367,98.7342,0.0356947,0.070066
-91.1392,98.7342,0.0358693,0.0713348
-87.3418,98.7342,0.0360704,0.0727737
-83.5443,98.7342,0.0362828,0.0744208
-79.7468,98.7342,0.0364587,0.0759208
-75.9494,98.7342,0.0366339,0.0775679
-72.1519,98.7342,0.0368647,0.0797808
-68.3544,98.7342,0.0371478,0.0825685
-64.557,98.7342,0.0373923,0.0848992
-60.7595,98.7342,0.0376377,0.0872018
-56.962,98.7342,0.0378569,0.0896769
-53.1646,98.7342,0.0380466,0.0918235
-49.3671,98.7342,0.0382119,0.0937896
-45.5696,98.7342,0.0383721,0.0956805
-41.7722,98.7342,0.0385103,0.097378
-37.9747,98.7342,0.0386056,0.0990304
-34.1772,98.7342,0.0386869,0.10059
-30.3797,98.7342,0.038762,0.10208
-26.5823,98.7342,0.0388209,0.103499
-22.7848,98.7342,0.0388794,0.104914
-18.9873,98.7342,0.0389391,0.106326
-15.1899,98.7342,0.0390036,0.107753
-11.3924,98.7342,0.0390664,0.109156
-7.59494,98.7342,0.0391133,0.110488
-3.79747,98.7342,0.0391492,0.11182
0,98.7342,0.039182,0.113186
-300,102.532,0.0260158,0.0221014
-296.203,102.532,0.0260605,0.0224508
-292.405,102.532,0.0261052,0.0228002
-288.608,102.532,0.0261438,0.0231347
-284.81,102.532,0.026202,0.0235346
-281.013,102.532,0.0262549,0.0239236
-277.215,102.532,0.0263079,0.0243127
-273.418,102.532,0.0263582,0.0246935
-269.62,102.532,0.0264045,0.0250636
-265.823,102.532,0.0264595,0.0254619
-262.025,102.532,0.0265562,0.0259798
-258.228,102.532,0.0266697,0.0265518
-254.43,102.532,0.0267833,0.0271239
-250.633,102.532,0.0268944,0.0276889
-246.835,102.532,0.0269976,0.0282324
-243.038,102.532,0.0271095,0.0288061
-239.241,102.532,0.0272305,0.0294101
-235.443,102.532,0.0273515,0.0300142
-231.646,102.532,0.0274835,0.0306546
-227.848,102.532,0.027655,0.031448
-224.051,102.532,0.0278674,0.0323715
-220.253,102.532,0.028103,0.0333738
-216.456,102.532,0.0283389,0.0343769
-212.658,102.532,0.02858,0.0353945
-208.861,102.532,0.0288155,0.0363986
-205.063,102.532,0.0290588,0.0374322
-201.266,102.532,0.0293092,0.0384903
-197.468,102.532,0.0295602,0.0395359
-193.671,102.532,0.0298284,0.0406202
-189.873,102.532,0.030093,0.0417008
-186.076,102.532,0.0303374,0.0427249
-182.278,102.532,0.0305752,0.0437236
-178.481,102.532,0.0307987,0.0446577
-174.684,102.532,0.0310051,0.0455705
-170.886,102.532,0.0312869,0.0467254
-167.089,102.532,0.0315675,0.047879
-163.291,102.532,0.0318323,0.0489919
-159.494,102.532,0.0320947,0.0500924
-155.696,102.532,0.0323681,0.0512591
-151.899,102.532,0.0326756,0.0526452
-148.101,102.532,0.0329449,0.0540117
-144.304,102.532,0.0331999,0.0553207
-140.506,102.532,0.0334497,0.0565789
-136.709,102.532,0.0337627,0.0580703
-132.911,102.532,0.0340325,0.0593972
-129.114,102.532,0.034278,0.060578
-125.316,102.532,0.0344947,0.0616543
-121.519,102.532,0.0347248,0.0627757
-117.722,102.532,0.0349669,0.0639752
-113.924,102.532,0.035202,0.0652589
-110.127,102.532,0.0354241,0.0664876
-106.329,102.532,0.0356323,0.0677823
-102.532,102.532,0.0358519,0.0692665
-98.7342,102.532,0.0360389,0.070548
-94.9367,102.532,0.0362268,0.0718618
-91.1392,102.532,0.0364208,0.0732571
-87.3418,102.532,0.036653,0.0748851
-83.5443,102.532,0.0368228,0.076331
-79.7468,102.532,0.036982,0.0778106
-75.9494,102.532,0.0372171,0.0798106
-72.1519,102.532,0.0374893,0.0823741
-68.3544,102.532,0.0377109,0.0847367
-64.557,102.532,0.0379517,0.0869735
-60.7595,102.532,0.0381851,0.0893746
-56.962,102.532,0.0383774,0.09158
-53.1646,102.532,0.0385488,0.0936286
-49.3671,102.532,0.0387122,0.0955562
-45.5696,102.532,0.0388605,0.0973291
-41.7722,102.532,0.038968,0.098934
-37.9747,102.532,0.0390404,0.100542
-34.1772,102.532,0.0391001,0.102011
-30.3797,102.532,0.0391675,0.103479
-26.5823,102.532,0.0392344,0.104889
-22.7848,102.532,0.0393049,0.106335
-18.9873,102.532,0.0393683,0.107752
-15.1899,102.532,0.0394216,0.109095
-11.3924,102.532,0.0394738,0.110433
-7.59494,102.532,0.0395078,0.111749
-3.79747,102.532,0.0395429,0.113121
0,102.532,0.0395762,0.114492
-300,106.329,0.0266719,0.0240922
-296.203,106.329,0.0267248,0.0244382
-292.405,106.329,0.0267748,0.024788
-288.608,106.329,0.0268228,0.0251478
-284.81,106.329,0.0268707,0.0255076
-281.013,106.329,0.0269404,0.0259399
-277.215,106.329,0.0270058,0.02636
-273.418,106.329,0.0270682,0.0267732
-269.62,106.329,0.0271552,0.0272583
-265.823,106.329,0.0272328,0.0277053
-262.025,106.329,0.0273228,0.0281954
-258.228,106.329,0.0274108,0.0286792
-254.43,106.329,0.0275192,0.0292293
-250.633,106.329,0.0276277,0.0297797
-246.835,106.329,0.0277341,0.0303256
-243.038,106.329,0.0278401,0.0308723
-239.241,106.329,0.0279604,0.031474
-235.443,106.329,0.0280995,0.0321381
-231.646,106.329,0.0282856,0.0329553
-227.848,106.329,0.0284864,0.0338162
-224.051,106.329,0.0286913,0.034707
-220.253,106.329,0.0289063,0.0356337
-216.456,106.329,0.0291383,0.0366074
-212.658,106.329,0.0293801,0.0376075
-208.861,106.329,0.0296407,0.0386733
-205.063,106.329,0.0298912,0.0397098
-201.266,106.329,0.030136,0.0407343
-197.468,106.329,0.0303822,0.0417633
-193.671,106.329,0.0306414,0.0428183
-189.873,106.329,0.0309005,0.0438672
-186.076,106.329,0.0311339,0.0448492
-182.278,106.329,0.0313526,0.0457855
-178.481,106.329,0.0315822,0.0467576
-174.684,106.329,0.0318588,0.0479097
-170.886,106.329,0.0321246,0.0490292
-167.089,106.329,0.0323717,0.0501014
-163.291,106.329,0.0326239,0.0511811
-159.494,106.329,0.0328848,0.0522915
-155.696,106.329,0.0331617,0.0535742
-151.899,106.329,0.0334439,0.0549197
-148.101,106.329,0.0337253,0.0562695
-144.304,106.329,0.0339731,0.0574978
-140.506,106.329,0.0342663,0.0588992
-136.709,106.329,0.0345481,0.0602313
-132.911,106.329,0.0347941,0.0613813
-129.114,106.329,0.0350315,0.0625011
-125.316,106.329,0.0352765,0.0636999
-121.519,106.329,0.0355099,0.0648787
-117.722,106.329,0.0357175,0.0660555
-113.924,106.329,0.0359049,0.0672277
-110.127,106.329,0.0360911,0.0684266
-106.329,106.329,0.0362599,0.0697488
-102.532,106.329,0.0364327,0.0709931
-98.7342,106.329,0.0366272,0.0723897
-94.9367,106.329,0.036835,0.073827
-91.1392,106.329,0.0370405,0.0753314
-87.3418,106.329,0.0372009,0.0767707
-83.5443,106.329,0.0373563,0.0782039
-79.7468,106.329,0.0375632,0.0799796
-75.9494,106.329,0.0378334,0.0821447
-72.1519,106.329,0.0380503,0.0845819
-68.3544,106.329,0.0382819,0.0869014
-64.557,106.329,0.0385242,0.0891158
-60.7595,106.329,0.038727,0.0914088
-56.962,106.329,0.0389266,0.0935133
-53.1646,106.329,0.0390912,0.0954428
-49.3671,106.329,0.0392397,0.0973051
-45.5696,106.329,0.0393534,0.0989637
-41.7722,106.329,0.0394332,0.100513
-37.9747,106.329,0.0394865,0.102029
-34.1772,106.329,0.0395522,0.103522
-30.3797,106.329,0.0396247,0.104944
-26.5823,106.329,0.0396849,0.10633
-22.7848,106.329,0.0397388,0.107698
-18.9873,106.329,0.0397911,0.109046
-15.1899,106.329,0.0398336,0.11037
-11.3924,106.329,0.0398741,0.111705
-7.59494,106.329,0.039907,0.113075
-3.79747,106.329,0.0399429,0.11445
0,106.329,0.0399829,0.115845
-300,110.127,0.027331,0.0260362
-296.203,110.127,0.0274002,0.0264235
-292.405,110.127,0.0274691,0.0268103
-288.608,110.127,0.0275247,0.0271639
-284.81,110.127,0.0275662,0.0274926
-281.013,110.127,0.0276197,0.0278513
-277.215,110.127,0.0277173,0.028343
-273.418,110.127,0.0278139,0.0288372
-269.62,110.127,0.0279042,0.0293213
-265.823,110.127,0.0279905,0.0297889
-262.025,110.127,0.0280733,0.0302487
-258.228,110.127,0.0281648,0.0307439
-254.43,110.127,0.028256,0.0312384
-250.633,110.127,0.0283586,0.0317674
-246.835,110.127,0.0284713,0.032327
-243.038,110.127,0.0285841,0.0328867
-239.241,110.127,0.028743,0.0335903
-235.443,110.127,0.0289389,0.0344165
-231.646,110.127,0.0291559,0.0353158
-227.848,110.127,0.0293784,0.0362342
-224.051,110.127,0.0295967,0.037144
-220.253,110.127,0.0298032,0.0380313
-216.456,110.127,0.0300047,0.0389192
-212.658,110.127,0.030244,0.039928
-208.861,110.127,0.0304926,0.0409691
-205.063,110.127,0.0307296,0.0419725
-201.266,110.127,0.0309745,0.042997
-197.468,110.127,0.0312206,0.0440262
-193.671,110.127,0.0314552,0.0450187
-189.873,110.127,0.0316796,0.0459677
-186.076,110.127,0.0319034,0.0469174
-182.278,110.127,0.0321434,0.0479322
-178.481,110.127,0.0324106,0.0490434
-174.684,110.127,0.0326758,0.0501512
-170.886,110.127,0.0329442,0.0512664
-167.089,110.127,0.0332097,0.0523652
-163.291,110.127,0.0334865,0.0534887
-159.494,110.127,0.0337754,0.0547252
-155.696,110.127,0.0340459,0.0560285
-151.899,110.127,0.034289,0.0572528
-148.101,110.127,0.034526,0.0584341
-144.304,110.127,0.034787,0.0597492
-140.506,110.127,0.0350867,0.0611161
-136.709,110.127,0.0353326,0.0622663
-132.911,110.127,0.0355802,0.0634561
-129.114,110.127,0.0358029,0.064584
-125.316,110.127,0.0360099,0.0656872
-121.519,110.127,0.0362126,0.0668189
-117.722,110.127,0.0363848,0.067931
-113.924,110.127,0.0365495,0.0690833
-110.127,110.127,0.0367135,0.0702791
-106.329,110.127,0.0368676,0.0715153
-102.532,110.127,0.0370332,0.0728591
-98.7342,110.127,0.0372281,0.0742813
-94.9367,110.127,0.0374038,0.0756685
-91.1392,110.127,0.0375738,0.0771345
-87.3418,110.127,0.0377474,0.0786139
-83.5443,110.127,0.0379678,0.0802447
-79.7468,110.127,0.0382289,0.082281
-75.9494,110.127,0.0384569,0.0843426
-72.1519,110.127,0.0386569,0.0868359
-68.3544,110.127,0.0388882,0.0891003
-64.557,110.127,0.0391146,0.0913145
-60.7595,110.127,0.0393235,0.0934326
-56.962,110.127,0.0395218,0.0954304
-53.1646,110.127,0.0396885,0.097337
-49.3671,110.127,0.0398106,0.0990851
-45.5696,110.127,0.0398894,0.100661
-41.7722,110.127,0.0399682,0.102199
-37.9747,110.127,0.0400203,0.103662
-34.1772,110.127,0.0400512,0.105014
-30.3797,110.127,0.0401008,0.106374
-26.5823,110.127,0.0401477,0.107699
-22.7848,110.127,0.0401912,0.109023
-18.9873,110.127,0.0402244,0.110332
-15.1899,110.127,0.0402628,0.111675
-11.3924,110.127,0.0403041,0.113084
-7.59494,110.127,0.0403282,0.114462
-3.79747,110.127,0.0403569,0.115838
0,110.127,0.040385,0.117198
-300,113.924,0.0279453,0.0278718
-296.203,113.924,0.0280047,0.028233
-292.405,113.924,0.0280638,0.028592
-288.608,113.924,0.0281418,0.0290045
-284.81,113.924,0.0282314,0.0294509
-281.013,113.924,0.028318,0.0298939
-277.215,113.924,0.028403,0.0303358
-273.418,113.924,0.02851,0.0308483
-269.62,113.924,0.0286127,0.0313463
-265.823,113.924,0.0287109,0.031825
-262.025,113.924,0.0288015,0.0322881
-258.228,113.924,0.0288921,0.0327585
-254.43,113.924,0.0289888,0.0332556
-250.633,113.924,0.0290855,0.0337527
-246.835,113.924,0.0291848,0.0342582
-243.038,113.924,0.0293513,0.0349829
-239.241,113.924,0.0295337,0.0357587
-235.443,113.924,0.0297575,0.036684
-231.646,113.924,0.0299833,0.0376189
-227.848,113.924,0.0302047,0.0385428
-224.051,113.924,0.030425,0.0394637
-220.253,113.924,0.0306412,0.0403772
-216.456,113.924,0.0308775,0.0413651
-212.658,113.924,0.031123,0.0423878
-208.861,113.924,0.0313658,0.0434106
-205.063,113.924,0.031588,0.0443698
-201.266,113.924,0.0318106,0.0453306
-197.468,113.924,0.0320423,0.0463233
-193.671,113.924,0.0322532,0.0472791
-189.873,113.924,0.0324703,0.0482229
-186.076,113.924,0.03271,0.0492309
-182.278,113.924,0.0329838,0.0503269
-178.481,113.924,0.0332501,0.0513986
-174.684,113.924,0.0335246,0.0525005
-170.886,113.924,0.0338043,0.0536055
-167.089,113.924,0.0340705,0.0546828
-163.291,113.924,0.0343458,0.0558516
-159.494,113.924,0.0346133,0.0571428
-155.696,113.924,0.0348826,0.0584198
-151.899,113.924,0.0351467,0.0596373
-148.101,113.924,0.0354203,0.0609053
-144.304,113.924,0.0356752,0.0621205
-140.506,113.924,0.0359112,0.0633142
-136.709,113.924,0.0361138,0.0644024
-132.911,113.924,0.0363234,0.0654903
-129.114,113.924,0.0365141,0.0665229
-125.316,113.924,0.0366941,0.0675733
-121.519,113.924,0.0368831,0.0687206
-117.722,113.924,0.0370409,0.0698489
-113.924,113.924,0.0371843,0.0709588
-110.127,113.924,0.0373363,0.0720973
-106.329,113.924,0.0375118,0.0734235
-102.532,113.924,0.0376663,0.0747847
-98.7342,113.924,0.0378384,0.0761492
-94.9367,113.924,0.0379967,0.0775175
-91.1392,113.924,0.0381854,0.0790586
-87.3418,113.924,0.0384157,0.0807217
-83.5443,113.924,0.0386568,0.0824688
-79.7468,113.924,0.0388935,0.0843563
-75.9494,113.924,0.0391046,0.0866613
-72.1519,113.924,0.0393135,0.0891126
-68.3544,113.924,0.0395347,0.0912735
-64.557,113.924,0.0397509,0.0934183
-60.7595,113.924,0.0399378,0.0954546
-56.962,113.924,0.0401369,0.0974557
-53.1646,113.924,0.0403018,0.0992827
-49.3671,113.924,0.0404026,0.100888
-45.5696,113.924,0.0404691,0.102423
-41.7722,113.924,0.0405261,0.103836
-37.9747,113.924,0.0405622,0.105198
-34.1772,113.924,0.0405882,0.106502
-30.3797,113.924,0.0406268,0.107822
-26.5823,113.924,0.0406583,0.10912
-22.7848,113.924,0.040689,0.110416
-18.9873,113.924,0.0407233,0.11176
-15.1899,113.924,0.0407659,0.113173
-11.3924,113.924,0.040801,0.114577
-7.59494,113.924,0.0408214,0.115946
-3.79747,113.924,0.040837,0.117274
0,113.924,0.0408387,0.118555
-300,117.722,0.0285768,0.0297461
-296.203,117.722,0.0286644,0.0301848
-292.405,117.722,0.0287547,0.0306329
-288.608,117.722,0.028845,0.031081
-284.81,117.722,0.0289353,0.0315291
-281.013,117.722,0.0290256,0.0319772
-277.215,117.722,0.0291151,0.0324244
-273.418,117.722,0.0292005,0.0328671
-269.62,117.722,0.0293072,0.0333789
-265.823,117.722,0.0294125,0.0338733
-262.025,117.722,0.0295176,0.0343666
-258.228,117.722,0.0296168,0.0348457
-254.43,117.722,0.0297178,0.0353441
-250.633,117.722,0.0298219,0.0358614
-246.835,117.722,0.0299785,0.0365567
-243.038,117.722,0.0301436,0.0372805
-239.241,117.722,0.03035,0.0381396
-235.443,117.722,0.0305732,0.0390558
-231.646,117.722,0.0308044,0.0400059
-227.848,117.722,0.0310355,0.040956
-224.051,117.722,0.0312667,0.041906
-220.253,117.722,0.031518,0.0429261
-216.456,117.722,0.0317632,0.0439403
-212.658,117.722,0.0319964,0.0449238
-208.861,117.722,0.0322182,0.0458714
-205.063,117.722,0.0324292,0.0467698
-201.266,117.722,0.0326406,0.0476845
-197.468,117.722,0.0328443,0.0485822
-193.671,117.722,0.0330576,0.0495114
-189.873,117.722,0.033308,0.0505616
-186.076,117.722,0.0335701,0.0516141
-182.278,117.722,0.0338457,0.0527008
-178.481,117.722,0.0341287,0.0538058
-174.684,117.722,0.0343911,0.054877
-170.886,117.722,0.0346367,0.0559038
-167.089,117.722,0.0349152,0.057071
-163.291,117.722,0.0352061,0.058401
-159.494,117.722,0.0354946,0.0596959
-155.696,117.722,0.0357572,0.0608743
-151.899,117.722,0.0360232,0.0620523
-148.101,117.722,0.0362856,0.0632433
-144.304,117.722,0.0365062,0.0643576
-140.506,117.722,0.0367002,0.0654389
-136.709,117.722,0.0368638,0.0664331
-132.911,117.722,0.037019,0.0674055
-129.114,117.722,0.0372002,0.0684883
-125.316,117.722,0.0373834,0.0696201
-121.519,117.722,0.0375353,0.0707049
-117.722,117.722,0.0376686,0.0717266
-113.924,117.722,0.0378205,0.0728027
-110.127,117.722,0.0379934,0.0739803
-106.329,117.722,0.0381815,0.0753341
-102.532,117.722,0.0383468,0.0767191
-98.7342,117.722,0.0384974,0.0780245
-94.9367,117.722,0.0386815,0.0795632
-91.1392,117.722,0.0388928,0.0811987
-87.3418,117.722,0.0390972,0.082812
-83.5443,117.722,0.039314,0.0844966
-79.7468,117.722,0.0395644,0.0864618
-75.9494,117.722,0.0397717,0.0890467
-72.1519,117.722,0.0399807,0.0913433
-68.3544,117.722,0.0401972,0.0933746
-64.557,117.722,0.0404178,0.0955707
-60.7595,117.722,0.0406185,0.0976096
-56.962,117.722,0.0407621,0.0994336
-53.1646,117.722,0.0408499,0.10103
-49.3671,117.722,0.0409358,0.102583
-45.5696,117.722,0.0410058,0.104056
-41.7722,117.722,0.0410688,0.105434
-37.9747,117.722,0.0411168,0.106757
-34.1772,117.722,0.0411407,0.108053
-30.3797,117.722,0.04116,0.109348
-26.5823,117.722,0.0411944,0.110663
-22.7848,117.722,0.0412339,0.112009
-18.9873,117.722,0.0412761,0.113403
-15.1899,117.722,0.0413195,0.114825
-11.3924,117.722,0.0413394,0.116174
-7.59494,117.722,0.0413271,0.117426
-3.79747,117.722,0.041311,0.118665
0,117.722,0.0412909,0.119895
-300,121.519,0.0292749,0.0318164
-296.203,121.519,0.0293676,0.0322599
-292.405,121.519,0.0294626,0.0327227
-288.608,121.519,0.0295549,0.0331776
-284.81,121.519,0.0296462,0.0336297
-281.013,121.519,0.0297339,0.0340692
-277.215,121.519,0.0298211,0.0345068
-273.418,121.519,0.0299111,0.0349542
-269.62,121.519,0.0299981,0.0353983
-265.823,121.519,0.0301078,0.0359103
-262.025,121.519,0.0302184,0.0364186
-258.228,121.519,0.0303274,0.0369226
-254.43,121.519,0.030451,0.0374774
-250.633,121.519,0.0306201,0.038198
-246.835,121.519,0.0308037,0.0389743
-243.038,121.519,0.0309988,0.0397921
-239.241,121.519,0.0311971,0.0406222
-235.443,121.519,0.0314043,0.0414796
-231.646,121.519,0.0316317,0.0424144
-227.848,121.519,0.031858,0.0433493
-224.051,121.519,0.0320907,0.0443149
-220.253,121.519,0.0323362,0.045312
-216.456,121.519,0.0325836,0.0462891
-212.658,121.519,0.0328373,0.0472592
-208.861,121.519,0.0330662,0.0481782
-205.063,121.519,0.0332769,0.0490573
-201.266,121.519,0.0334676,0.0499031
-197.468,121.519,0.0336619,0.0507802
-193.671,121.519,0.0339293,0.0518879
-189.873,121.519,0.0341813,0.0529542
-186.076,121.519,0.0344237,0.0539627
-182.278,121.519,0.0346544,0.0549359
-178.481,121.519,0.0348862,0.0559187
-174.684,121.519,0.0351275,0.0569616
-170.886,121.519,0.0354241,0.0581808
-167.089,121.519,0.0357339,0.059511
-163.291,121.519,0.036021,0.0607968
-159.494,121.519,0.0362843,0.0620007
-155.696,121.519,0.036533,0.0631214
-151.899,121.519,0.0367773,0.0641919
-148.101,121.519,0.0370353,0.0653107
-144.304,121.519,0.0372612,0.0663676
-140.506,121.519,0.0374279,0.067356
-136.709,121.519,0.0375855,0.0683545
-132.911,121.519,0.0377533,0.0694618
-129.114,121.519,0.0379135,0.070589
-125.316,121.519,0.0380331,0.0715223
-121.519,121.519,0.0381404,0.072414
-117.722,121.519,0.0382993,0.0734932
-113.924,121.519,0.0384896,0.0746775
-110.127,121.519,0.0386701,0.0759131
-106.329,121.519,0.0388474,0.0772435
-102.532,121.519,0.0389982,0.078565
-98.7342,121.519,0.0391932,0.0800658
-94.9367,121.519,0.0394025,0.0817204
-91.1392,121.519,0.0395961,0.0833072
-87.3418,121.519,0.0397788,0.084799
-83.5443,121.519,0.0399983,0.08657
-79.7468,121.519,0.0402478,0.0887591
-75.9494,121.519,0.0404458,0.091343
-72.1519,121.519,0.0406884,0.0935963
-68.3544,121.519,0.0409537,0.0957973
-64.557,121.519,0.0411238,0.0977675
-60.7595,121.519,0.0412561,0.0995874
-56.962,121.519,0.0413445,0.10121
-53.1646,121.519,0.0414249,0.102772
-49.3671,121.519,0.0415269,0.104356
-45.5696,121.519,0.0416206,0.1058
-41.7722,121.519,0.0416657,0.107083
-37.9747,121.519,0.0416834,0.108389
-34.1772,121.519,0.0416923,0.109676
-30.3797,121.519,0.0417114,0.110958
-26.5823,121.519,0.0417374,0.112277
-22.7848,121.519,0.0417751,0.113662
-18.9873,121.519,0.0417985,0.115001
-15.1899,121.519,0.0417991,0.116261
-11.3924,121.519,0.0417791,0.11749
-7.59494,121.519,0.0417591,0.118718
-3.79747,121.519,0.0417446,0.119973
0,121.519,0.0417321,0.121238
-300,125.316,0.0298951,0.0336706
-296.203,125.316,0.0299957,0.0341291
-292.405,125.316,0.030109,0.0346409
-288.608,125.316,0.0302214,0.0351516
-284.81,125.316,0.0303325,0.0356586
-281.013,125.316,0.0304377,0.0361489
-277.215,125.316,0.0305393,0.0366293
-273.418,125.316,0.0306409,0.0371096
-269.62,125.316,0.0307408,0.037583
-265.823,125.316,0.0308351,0.0380362
-262.025,125.316,0.0309464,0.0385521
-258.228,125.316,0.0310878,0.0391635
-254.43,125.316,0.0312489,0.0398407
-250.633,125.316,0.031425,0.0405763
-246.835,125.316,0.0316152,0.0413708
-243.038,125.316,0.0318041,0.0421695
-239.241,125.316,0.0319967,0.0429817
-235.443,125.316,0.0321857,0.0437797
-231.646,125.316,0.0323731,0.0445735
-227.848,125.316,0.0326172,0.0455177
-224.051,125.316,0.0328824,0.0465075
-220.253,125.316,0.0331475,0.0474972
-216.456,125.316,0.0334096,0.0484839
-212.658,125.316,0.0336526,0.0494502
-208.861,125.316,0.0338684,0.0503603
-205.063,125.316,0.0340621,0.0512111
-201.266,125.316,0.0342729,0.0521135
-197.468,125.316,0.0345196,0.0531527
-193.671,125.316,0.0347301,0.0540989
-189.873,125.316,0.0349506,0.0550873
-186.076,125.316,0.0351754,0.0560744
-182.278,125.316,0.0354062,0.0570561
-178.481,125.316,0.0356557,0.058111
-174.684,125.316,0.0359485,0.0593212
-170.886,125.316,0.0362452,0.0605812
-167.089,125.316,0.0364994,0.061802
-163.291,125.316,0.0367313,0.0629174
-159.494,125.316,0.0369505,0.0639195
-155.696,125.316,0.037185,0.0649439
-151.899,125.316,0.0374338,0.0660408
-148.101,125.316,0.0376478,0.0670584
-144.304,125.316,0.037868,0.0681072
-140.506,125.316,0.0380803,0.0692264
-136.709,125.316,0.038268,0.0703457
-132.911,125.316,0.0384109,0.0713849
-129.114,125.316,0.0385203,0.0722354
-125.316,125.316,0.0386702,0.073209
-121.519,125.316,0.0388433,0.0743012
-117.722,125.316,0.0390187,0.0754491
-113.924,125.316,0.0391833,0.0766121
-110.127,125.316,0.039321,0.0777969
-106.329,125.316,0.0394851,0.0790976
-102.532,125.316,0.0396774,0.0805727
-98.7342,125.316,0.0398924,0.0822093
-94.9367,125.316,0.0400893,0.0837577
-91.1392,125.316,0.0402813,0.0852549
-87.3418,125.316,0.0404794,0.0868596
-83.5443,125.316,0.0407278,0.0887977
-79.7468,125.316,0.0409628,0.0912668
-75.9494,125.316,0.0411738,0.0937721
-72.1519,125.316,0.0414306,0.0959114
-68.3544,125.316,0.0416095,0.0978902
-64.557,125.316,0.0417277,0.0997177
-60.7595,125.316,0.0418262,0.101386
-56.962,125.316,0.0419285,0.103021
-53.1646,125.316,0.0420314,0.10463
-49.3671,125.316,0.0421143,0.106101
-45.5696,125.316,0.0421828,0.107381
-41.7722,125.316,0.0422409,0.108652
-37.9747,125.316,0.0422578,0.109946
-34.1772,125.316,0.0422612,0.111253
-30.3797,125.316,0.0422659,0.112566
-26.5823,125.316,0.0422495,0.113837
-22.7848,125.316,0.0422286,0.115071
-18.9873,125.316,0.0422316,0.116318
-15.1899,125.316,0.0422339,0.117564
-11.3924,125.316,0.0422174,0.118801
-7.59494,125.316,0.0421972,0.120052
-3.79747,125.316,0.0421741,0.121296
0,125.316,0.0421509,0.122541
-300,129.114,0.030488,0.0354356
-296.203,129.114,0.0305982,0.0359163
-292.405,129.114,0.0307074,0.0364064
-288.608,129.114,0.0308225,0.036925
-284.81,129.114,0.0309376,0.0374435
-281.013,129.114,0.0310527,0.0379621
-277.215,129.114,0.0311678,0.0384806
-273.418,129.114,0.0312829,0.0389992
-269.62,129.114,0.0313973,0.0395132
-265.823,129.114,0.0315119,0.0400251
-262.025,129.114,0.031655,0.0406389
-258.228,129.114,0.0318239,0.0413473
-254.43,129.114,0.0320135,0.0421222
-250.633,129.114,0.0322013,0.0428879
-246.835,129.114,0.0323845,0.0436412
-243.038,129.114,0.0325809,0.0444191
-239.241,129.114,0.0327912,0.0452145
-235.443,129.114,0.0329988,0.0460075
-231.646,129.114,0.0332259,0.0468628
-227.848,129.114,0.0334644,0.0477671
-224.051,129.114,0.0337135,0.0487067
-220.253,129.114,0.0339572,0.0496658
-216.456,129.114,0.0341945,0.0506304
-212.658,129.114,0.0344321,0.0515921
-208.861,129.114,0.0346396,0.0524648
-205.063,129.114,0.0348321,0.0533222
-201.266,129.114,0.0350731,0.0543521
-197.468,129.114,0.0352966,0.0553396
-193.671,129.114,0.0355053,0.0562865
-189.873,129.114,0.0357209,0.0572489
-186.076,129.114,0.0359429,0.0582542
-182.278,129.114,0.0361805,0.0592788
-178.481,129.114,0.0364365,0.0603848
-174.684,129.114,0.0366872,0.0614977
-170.886,129.114,0.0369343,0.0626506
-167.089,129.114,0.0371564,0.0637283
-163.291,129.114,0.0373671,0.0646977
-159.494,129.114,0.037591,0.0656906
-155.696,129.114,0.0378181,0.0667343
-151.899,129.114,0.0380311,0.0677552
-148.101,129.114,0.0382511,0.068853
-144.304,129.114,0.0384637,0.0699378
-140.506,129.114,0.0386548,0.0709924
-136.709,129.114,0.0388123,0.0719954
-132.911,129.114,0.0389704,0.072933
-129.114,129.114,0.0391291,0.0739011
-125.316,129.114,0.039297,0.0749249
-121.519,129.114,0.0394733,0.0760395
-117.722,129.114,0.03964,0.0771927
-113.924,129.114,0.0397951,0.0783516
-110.127,129.114,0.0399688,0.079657
-106.329,129.114,0.0401697,0.0811123
-102.532,129.114,0.0403823,0.0827156
-98.7342,129.114,0.0405913,0.0842561
-94.9367,129.114,0.040799,0.0857614
-91.1392,129.114,0.0410041,0.0873003
-87.3418,129.114,0.0412513,0.089216
-83.5443,129.114,0.0415148,0.0913327
-79.7468,129.114,0.0417384,0.0937912
-75.9494,129.114,0.0419186,0.0960517
-72.1519,129.114,0.0420885,0.0979051
-68.3544,129.114,0.0422135,0.099839
-64.557,129.114,0.0423381,0.101639
-60.7595,129.114,0.0424534,0.10332
-56.962,129.114,0.0425473,0.104906
-53.1646,129.114,0.0426129,0.10635
-49.3671,129.114,0.0426781,0.10768
-45.5696,129.114,0.0427474,0.108954
-41.7722,129.114,0.0428082,0.110203
-37.9747,129.114,0.0428286,0.111466
-34.1772,129.114,0.0427941,0.112715
-30.3797,129.114,0.0427568,0.11393
-26.5823,129.114,0.0427284,0.115162
-22.7848,129.114,0.0426944,0.116386
-18.9873,129.114,0.0426586,0.117602
-15.1899,129.114,0.0426291,0.118848
-11.3924,129.114,0.0426088,0.120079
-7.59494,129.114,0.0425928,0.121321
-3.79747,129.114,0.0425741,0.122566
0,129.114,0.0425508,0.12381
-300,132.911,0.0310663,0.0371715
-296.203,132.911,0.0311849,0.0376688
-292.405,132.911,0.0312934,0.0381459
-288.608,132.911,0.0314104,0.038666
-284.81,132.911,0.031528,0.0391895
-281.013,132.911,0.0316456,0.039713
-277.215,132.911,0.0317637,0.0402367
-273.418,132.911,0.0318811,0.0407573
-269.62,132.911,0.0320066,0.0413028
-265.823,132.911,0.0321632,0.0419507
-262.025,132.911,0.0323345,0.0426433
-258.228,132.911,0.0325304,0.0433925
-254.43,132.911,0.032729,0.0441591
-250.633,132.911,0.0329325,0.0449284
-246.835,132.911,0.0331392,0.0456951
-243.038,132.911,0.0333507,0.0464822
-239.241,132.911,0.03357,0.0472981
-235.443,132.911,0.0338106,0.0481804
-231.646,132.911,0.0340488,0.0490683
-227.848,132.911,0.0342673,0.0499348
-224.051,132.911,0.0344815,0.0508309
-220.253,132.911,0.034708,0.0517539
-216.456,132.911,0.0349427,0.0527055
-212.658,132.911,0.0351622,0.0536217
-208.861,132.911,0.0353835,0.054556
-205.063,132.911,0.0356124,0.0555481
-201.266,132.911,0.0358251,0.056509
-197.468,132.911,0.0360226,0.057424
-193.671,132.911,0.0362309,0.0583688
-189.873,132.911,0.0364468,0.0593505
-186.076,132.911,0.0366663,0.0603488
-182.278,132.911,0.0368989,0.0614033
-178.481,132.911,0.0371327,0.0624553
-174.684,132.911,0.0373542,0.0634582
-170.886,132.911,0.0375831,0.0645341
-167.089,132.911,0.0377804,0.0654657
-163.291,132.911,0.0379881,0.0664074
-159.494,132.911,0.0381927,0.0674213
-155.696,132.911,0.0383987,0.0684821
-151.899,132.911,0.0385959,0.0695158
-148.101,132.911,0.0388048,0.0705823
-144.304,132.911,0.0389894,0.0715822
-140.506,132.911,0.039167,0.0725785
-136.709,132.911,0.0393579,0.0735921
-132.911,132.911,0.039529,0.0745144
-129.114,132.911,0.0397089,0.0754847
-125.316,132.911,0.0398924,0.0765504
-121.519,132.911,0.0400648,0.0777042
-117.722,132.911,0.0402417,0.0788855
-113.924,132.911,0.0404151,0.0801304
-110.127,132.911,0.0406319,0.0816081
-106.329,132.911,0.0408481,0.0831338
-102.532,132.911,0.0410651,0.0846731
-98.7342,132.911,0.041283,0.0862105
-94.9367,132.911,0.0415148,0.0877864
-91.1392,132.911,0.0417507,0.0895374
-87.3418,132.911,0.0420198,0.0915887
-83.5443,132.911,0.0422733,0.0938221
-79.7468,132.911,0.042444,0.0961033
-75.9494,132.911,0.0426026,0.0981379
-72.1519,132.911,0.0427701,0.100016
-68.3544,132.911,0.0428835,0.101865
-64.557,132.911,0.0429834,0.103587
-60.7595,132.911,0.0430632,0.105147
-56.962,132.911,0.0431348,0.106606
-53.1646,132.911,0.0431876,0.10796
-49.3671,132.911,0.0432465,0.109221
-45.5696,132.911,0.0433093,0.11047
-41.7722,132.911,0.0433459,0.111653
-37.9747,132.911,0.043358,0.112847
-34.1772,132.911,0.0433034,0.114018
-30.3797,132.911,0.0432442,0.115227
-26.5823,132.911,0.0431865,0.116436
-22.7848,132.911,0.0431418,0.117666
-18.9873,132.911,0.0431059,0.118913
-15.1899,132.911,0.0430552,0.120126
-11.3924,132.911,0.0430145,0.121359
-7.59494,132.911,0.0429803,0.12259
-3.79747,132.911,0.0429551,0.12383
0,132.911,0.0429284,0.125025
-300,136.709,0.03162,0.0388453
-296.203,136.709,0.0317401,0.0393419
-292.405,136.709,0.0318577,0.0398347
-288.608,136.709,0.0319735,0.0403369
-284.81,136.709,0.0320952,0.0408669
-281.013,136.709,0.0322168,0.0413969
-277.215,136.709,0.0323438,0.0419305
-273.418,136.709,0.0324911,0.0425213
-269.62,136.709,0.0326677,0.0432018
-265.823,136.709,0.0328502,0.0439058
-262.025,136.709,0.0330429,0.0446305
-258.228,136.709,0.033243,0.0453649
-254.43,136.709,0.0334453,0.046106
-250.633,136.709,0.0336648,0.046902
-246.835,136.709,0.0338707,0.0476775
-243.038,136.709,0.0340739,0.0484414
-239.241,136.709,0.0342974,0.0492705
-235.443,136.709,0.0345235,0.050128
-231.646,136.709,0.0347376,0.050992
-227.848,136.709,0.0349588,0.051879
-224.051,136.709,0.0351735,0.0527726
-220.253,136.709,0.0353869,0.0536747
-216.456,136.709,0.0355921,0.0545613
-212.658,136.709,0.0358055,0.0555024
-208.861,136.709,0.036029,0.0564812
-205.063,136.709,0.0362525,0.0574721
-201.266,136.709,0.036464,0.0584247
-197.468,136.709,0.0366704,0.0593551
-193.671,136.709,0.0368753,0.0603124
-189.873,136.709,0.0370897,0.0613308
-186.076,136.709,0.0373128,0.0623694
-182.278,136.709,0.0375299,0.0633601
-178.481,136.709,0.037742,0.0642842
-174.684,136.709,0.0379578,0.0652706
-170.886,136.709,0.0381558,0.0661962
-167.089,136.709,0.0383471,0.0671534
-163.291,136.709,0.0385395,0.0681593
-159.494,136.709,0.0387306,0.0691566
-155.696,136.709,0.0389314,0.070205
-151.899,136.709,0.0391196,0.0712068
-148.101,136.709,0.0393,0.0722001
-144.304,136.709,0.0394913,0.0732222
-140.506,136.709,0.0396765,0.0741411
-136.709,136.709,0.0398527,0.0750563
-132.911,136.709,0.0400158,0.0759515
-129.114,136.709,0.0402108,0.0770333
-125.316,136.709,0.0404208,0.0782347
-121.519,136.709,0.0406385,0.0794467
-117.722,136.709,0.0408395,0.0806975
-113.924,136.709,0.0410514,0.0820815
-110.127,136.709,0.0412604,0.0835079
-106.329,136.709,0.0415128,0.0851262
-102.532,136.709,0.0417529,0.0866813
-98.7342,136.709,0.0419698,0.0882432
-94.9367,136.709,0.0421863,0.0898605
-91.1392,136.709,0.0424383,0.0917697
-87.3418,136.709,0.0426956,0.0938573
-83.5443,136.709,0.0428996,0.0959776
-79.7468,136.709,0.0430573,0.0981974
-75.9494,136.709,0.0432254,0.10016
-72.1519,136.709,0.0433793,0.101959
-68.3544,136.709,0.0434751,0.103662
-64.557,136.709,0.0435413,0.105253
-60.7595,136.709,0.0435969,0.106748
-56.962,136.709,0.043678,0.108147
-53.1646,136.709,0.0437432,0.109461
-49.3671,136.709,0.0437914,0.110664
-45.5696,136.709,0.04382,0.11182
-41.7722,136.709,0.0438352,0.112957
-37.9747,136.709,0.043828,0.114095
-34.1772,136.709,0.0437923,0.115295
-30.3797,136.709,0.0437356,0.116514
-26.5823,136.709,0.0436858,0.117762
-22.7848,136.709,0.0436383,0.119008
-18.9873,136.709,0.0435934,0.120245
-15.1899,136.709,0.0435178,0.121435
-11.3924,136.709,0.0434605,0.122642
-7.59494,136.709,0.0434094,0.123838
-3.79747,136.709,0.0433552,0.125023
0,136.709,0.0433075,0.126191
-300,140.506,0.0321785,0.040511
-296.203,140.506,0.0323016,0.041011
-292.405,140.506,0.032434,0.0415194
-288.608,140.506,0.0325603,0.0420163
-284.81,140.506,0.0326914,0.0425525
-281.013,140.506,0.0328234,0.0430924
-277.215,140.506,0.0329789,0.0437104
-273.418,140.506,0.0331523,0.0443804
-269.62,140.506,0.0333507,0.0451101
-265.823,140.506,0.0335456,0.0458347
-262.025,140.506,0.0337359,0.0465453
-258.228,140.506,0.0339264,0.0472559
-254.43,140.506,0.0341169,0.0479664
-250.633,140.506,0.0343084,0.048682
-246.835,140.506,0.0345121,0.0494458
-243.038,140.506,0.0347204,0.0502491
-239.241,140.506,0.034939,0.0511003
-235.443,140.506,0.0351466,0.0519547
-231.646,140.506,0.0353557,0.0528169
-227.848,140.506,0.035562,0.053678
-224.051,140.506,0.0357651,0.0545509
-220.253,140.506,0.0359579,0.0554199
-216.456,140.506,0.0361713,0.0563748
-212.658,140.506,0.036396,0.0573652
-208.861,140.506,0.0366278,0.058356
-205.063,140.506,0.0368495,0.0593119
-201.266,140.506,0.0370629,0.0602494
-197.468,140.506,0.0372892,0.0612867
-193.671,140.506,0.0374989,0.0622561
-189.873,140.506,0.0377145,0.0632518
-186.076,140.506,0.0379304,0.0642459
-182.278,140.506,0.0381418,0.0652043
-178.481,140.506,0.0383357,0.0660564
-174.684,140.506,0.0384951,0.0668839
-170.886,140.506,0.038672,0.0678391
-167.089,140.506,0.0388612,0.0688418
-163.291,140.506,0.0390645,0.0698971
-159.494,140.506,0.0392595,0.0709095
-155.696,140.506,0.0394383,0.0718702
-151.899,140.506,0.0396195,0.0728716
-148.101,140.506,0.0397995,0.0738267
-144.304,140.506,0.0399873,0.074759
-140.506,140.506,0.0401612,0.0756176
-136.709,140.506,0.0403311,0.076502
-132.911,140.506,0.0405559,0.0776533
-129.114,140.506,0.0407847,0.0788647
-125.316,140.506,0.0409985,0.080053
-121.519,140.506,0.0412364,0.0813668
-117.722,140.506,0.0414781,0.0826633
-113.924,140.506,0.0417352,0.0840672
-110.127,140.506,0.0419864,0.0856616
-106.329,140.506,0.0422197,0.0871902
-102.532,140.506,0.0424325,0.0887044
-98.7342,140.506,0.0426566,0.0903115
-94.9367,140.506,0.0428783,0.0919975
-91.1392,140.506,0.0431092,0.093993
-87.3418,140.506,0.04335,0.0959927
-83.5443,140.506,0.0435281,0.0981096
-79.7468,140.506,0.0436653,0.100202
-75.9494,140.506,0.043809,0.102033
-72.1519,140.506,0.0439095,0.10365
-68.3544,140.506,0.0439833,0.105248
-64.557,140.506,0.0440462,0.106779
-60.7595,140.506,0.0441018,0.108226
-56.962,140.506,0.0441329,0.109509
-53.1646,140.506,0.0441738,0.110716
-49.3671,140.506,0.0441956,0.111835
-45.5696,140.506,0.0442153,0.112976
-41.7722,140.506,0.0442434,0.114128
-37.9747,140.506,0.04426,0.115329
-34.1772,140.506,0.0442611,0.116594
-30.3797,140.506,0.0442361,0.117852
-26.5823,140.506,0.044194,0.119112
-22.7848,140.506,0.0441518,0.120373
-18.9873,140.506,0.0440996,0.121611
-15.1899,140.506,0.0440199,0.122782
-11.3924,140.506,0.0439353,0.123926
-7.59494,140.506,0.0438596,0.125074
-3.79747,140.506,0.0437807,0.126205
0,140.506,0.0437119,0.127345
-300,144.304,0.0327404,0.0421587
-296.203,144.304,0.0328696,0.0426625
-292.405,144.304,0.0329987,0.0431693
-288.608,144.304,0.0331275,0.043675
-284.81,144.304,0.0332494,0.0441808
-281.013,144.304,0.0334,0.0447745
-277.215,144.304,0.0335783,0.0454392
-273.418,144.304,0.0337712,0.0461603
-269.62,144.304,0.0339658,0.0468799
-265.823,144.304,0.0341604,0.0475994
-262.025,144.304,0.034355,0.0483189
-258.228,144.304,0.0345473,0.0490336
-254.43,144.304,0.0347269,0.0497212
-250.633,144.304,0.0349081,0.0504202
-246.835,144.304,0.0351061,0.0511936
-243.038,144.304,0.0353173,0.0520494
-239.241,144.304,0.0355115,0.0528744
-235.443,144.304,0.0357079,0.0536978
-231.646,144.304,0.035908,0.0545606
-227.848,144.304,0.0361046,0.0554211
-224.051,144.304,0.0362991,0.0562718
-220.253,144.304,0.0365193,0.0572378
-216.456,144.304,0.0367606,0.0582649
-212.658,144.304,0.0369891,0.0592242
-208.861,144.304,0.037209,0.0601585
-205.063,144.304,0.037418,0.0610808
-201.266,144.304,0.0376373,0.0620673
-197.468,144.304,0.0378537,0.063045
-193.671,144.304,0.0380644,0.0640097
-189.873,144.304,0.0382869,0.065009
-186.076,144.304,0.0384976,0.0659643
-182.278,144.304,0.0386747,0.0668654
-178.481,144.304,0.0388111,0.0675725
-174.684,144.304,0.0389909,0.0685305
-170.886,144.304,0.0391811,0.0695219
-167.089,144.304,0.0393798,0.0705442
-163.291,144.304,0.0395749,0.0715799
-159.494,144.304,0.039747,0.0725406
-155.696,144.304,0.0399272,0.0735298
-151.899,144.304,0.0401182,0.0744679
-148.101,144.304,0.0403171,0.0754089
-144.304,144.304,0.040512,0.076303
-140.506,144.304,0.040702,0.0772139
-136.709,144.304,0.0409272,0.0783403
-132.911,144.304,0.0411769,0.0795754
-129.114,144.304,0.041424,0.0808687
-125.316,144.304,0.0416744,0.0821963
-121.519,144.304,0.0419294,0.0834943
-117.722,144.304,0.0421657,0.0847408
-113.924,144.304,0.0424167,0.08615
-110.127,144.304,0.0426751,0.087745
-106.329,144.304,0.0429047,0.0893052
-102.532,144.304,0.0431171,0.0907834
-98.7342,144.304,0.0433231,0.0923863
-94.9367,144.304,0.0435421,0.0942199
-91.1392,144.304,0.0437844,0.0961753
-87.3418,144.304,0.0440055,0.098104
-83.5443,144.304,0.0441428,0.10012
-79.7468,144.304,0.0442463,0.102006
-75.9494,144.304,0.0443438,0.103616
-72.1519,144.304,0.0444056,0.10521
-68.3544,144.304,0.0444543,0.106754
-64.557,144.304,0.0444882,0.108185
-60.7595,144.304,0.0445125,0.109489
-56.962,144.304,0.0445401,0.110728
-53.1646,144.304,0.0445786,0.111881
-49.3671,144.304,0.0446182,0.113039
-45.5696,144.304,0.0446445,0.114186
-41.7722,144.304,0.0446682,0.115386
-37.9747,144.304,0.0446943,0.116628
-34.1772,144.304,0.0446953,0.117893
-30.3797,144.304,0.0446964,0.119157
-26.5823,144.304,0.0446678,0.120423
-22.7848,144.304,0.0446321,0.121677
-18.9873,144.304,0.0445581,0.122857
-15.1899,144.304,0.0444626,0.123993
-11.3924,144.304,0.0443599,0.125093
-7.59494,144.304,0.04427,0.126202
-3.79747,144.304,0.044195,0.127341
0,144.304,0.0441201,0.128479
-300,148.101,0.0332405,0.0436687
-296.203,148.101,0.0333613,0.0441486
-292.405,148.101,0.0334753,0.0446092
-288.608,148.101,0.0336162,0.0451347
-284.81,148.101,0.0337735,0.0457114
-281.013,148.101,0.0339558,0.0463919
-277.215,148.101,0.0341486,0.047113
-273.418,148.101,0.0343417,0.0478345
-269.62,148.101,0.0345361,0.0485547
-265.823,148.101,0.0347204,0.049253
-262.025,148.101,0.0349044,0.0499507
-258.228,148.101,0.0350771,0.0506225
-254.43,148.101,0.0352592,0.0513221
-250.633,148.101,0.035459,0.0521114
-246.835,148.101,0.0356477,0.0529037
-243.038,148.101,0.0358413,0.0537179
-239.241,148.101,0.0360396,0.0545724
-235.443,148.101,0.0362395,0.0554222
-231.646,148.101,0.0364486,0.0562898
-227.848,148.101,0.0366571,0.057171
-224.051,148.101,0.0368822,0.0581381
-220.253,148.101,0.0370985,0.0590615
-216.456,148.101,0.037318,0.0599985
-212.658,148.101,0.0375501,0.0609605
-208.861,148.101,0.0377658,0.0618791
-205.063,148.101,0.0379807,0.0628405
-201.266,148.101,0.0381913,0.0638016
-197.468,148.101,0.0383977,0.0647421
-193.671,148.101,0.0386271,0.0657589
-189.873,148.101,0.0388168,0.0667158
-186.076,148.101,0.0389835,0.0675844
-182.278,148.101,0.0391305,0.0683679
-178.481,148.101,0.0393049,0.0692369
-174.684,148.101,0.0394928,0.0702018
-170.886,148.101,0.0396965,0.0712188
-167.089,148.101,0.0398999,0.0722538
-163.291,148.101,0.0400888,0.0732337
-159.494,148.101,0.0402761,0.0742143
-155.696,148.101,0.0404684,0.0751618
-151.899,148.101,0.0406719,0.0761395
-148.101,148.101,0.0408752,0.0770547
-144.304,148.101,0.0410953,0.0780415
-140.506,148.101,0.0413483,0.0791982
-136.709,148.101,0.0416054,0.0804461
-132.911,148.101,0.041856,0.0817227
-129.114,148.101,0.0421119,0.08306
-125.316,148.101,0.0423477,0.0842947
-121.519,148.101,0.0425718,0.0854591
-117.722,148.101,0.0428262,0.0867958
-113.924,148.101,0.0430967,0.0884013
-110.127,148.101,0.0433471,0.0899433
-106.329,148.101,0.0435775,0.091349
-102.532,148.101,0.043793,0.0928758
-98.7342,148.101,0.0440086,0.0945963
-94.9367,148.101,0.0442453,0.0964439
-91.1392,148.101,0.0444774,0.0982308
-87.3418,148.101,0.0446238,0.0999935
-83.5443,148.101,0.0447075,0.101904
-79.7468,148.101,0.0447832,0.103598
-75.9494,148.101,0.0448704,0.105169
-72.1519,148.101,0.0449095,0.106733
-68.3544,148.101,0.0449273,0.108159
-64.557,148.101,0.0449383,0.109464
-60.7595,148.101,0.0449426,0.110701
-56.962,148.101,0.0449516,0.111911
-53.1646,148.101,0.0449855,0.113117
-49.3671,148.101,0.0450412,0.11429
-45.5696,148.101,0.0451056,0.115513
-41.7722,148.101,0.0451472,0.116747
-37.9747,148.101,0.0451631,0.117976
-34.1772,148.101,0.0451511,0.119228
-30.3797,148.101,0.045148,0.120484
-26.5823,148.101,0.0451224,0.121691
-22.7848,148.101,0.0450674,0.12289
-18.9873,148.101,0.044967,0.124003
-15.1899,148.101,0.0448632,0.12511
-11.3924,148.101,0.0447691,0.126222
-7.59494,148.101,0.0446738,0.127321
-3.79747,148.101,0.0445851,0.128427
0,148.101,0.0445047,0.12955
-300,151.899,0.0337067,0.0450789
-296.203,151.899,0.0338333,0.0455496
-292.405,151.899,0.0339827,0.046097
-288.608,151.899,0.0341469,0.0466918
-284.81,151.899,0.0343305,0.0473539
-281.013,151.899,0.0345205,0.0480559
-277.215,151.899,0.0347042,0.0487575
-273.418,151.899,0.0348899,0.0494604
-269.62,151.899,0.0350685,0.0501431
-265.823,151.899,0.0352385,0.0508056
-262.025,151.899,0.0354183,0.0514915
-258.228,151.899,0.0356066,0.0522082
-254.43,151.899,0.0357966,0.0529851
-250.633,151.899,0.0359959,0.053817
-246.835,151.899,0.0361916,0.054646
-243.038,151.899,0.0363884,0.0554774
-239.241,151.899,0.0365877,0.0563117
-235.443,151.899,0.036787,0.0571548
-231.646,151.899,0.0369715,0.0579584
-227.848,151.899,0.0371753,0.0588555
-224.051,151.899,0.0373946,0.0597764
-220.253,151.899,0.0376332,0.0607345
-216.456,151.899,0.03789,0.0617349
-212.658,151.899,0.0381216,0.0627005
-208.861,151.899,0.0383478,0.0636771
-205.063,151.899,0.0385771,0.0646769
-201.266,151.899,0.0387784,0.0655942
-197.468,151.899,0.0389861,0.0666047
-193.671,151.899,0.0391736,0.0675522
-189.873,151.899,0.0393459,0.0684407
-186.076,151.899,0.0394921,0.0692233
-182.278,151.899,0.0396479,0.0700479
-178.481,151.899,0.0398312,0.0709753
-174.684,151.899,0.0400301,0.0719849
-170.886,151.899,0.0402256,0.0729689
-167.089,151.899,0.0404299,0.0739893
-163.291,151.899,0.0406307,0.0749811
-159.494,151.899,0.0408368,0.0759394
-155.696,151.899,0.0410611,0.076961
-151.899,151.899,0.0412857,0.0779597
-148.101,151.899,0.0415232,0.0790142
-144.304,151.899,0.0417741,0.0801441
-140.506,151.899,0.0420238,0.0813276
-136.709,151.899,0.0422732,0.0826206
-132.911,151.899,0.042532,0.0839472
-129.114,151.899,0.0427651,0.0851286
-125.316,151.899,0.0430051,0.0863274
-121.519,151.899,0.0432573,0.0876299
-117.722,151.899,0.0434876,0.0890077
-113.924,151.899,0.0437271,0.0905859
-110.127,151.899,0.0439503,0.091981
-106.329,151.899,0.0441779,0.093432
-102.532,151.899,0.0444298,0.095059
-98.7342,151.899,0.044663,0.0967205
-94.9367,151.899,0.0448776,0.0983929
-91.1392,151.899,0.0450413,0.0999039
-87.3418,151.899,0.0451613,0.10169
-83.5443,151.899,0.0452365,0.103539
-79.7468,151.899,0.0453207,0.105176
-75.9494,151.899,0.0453789,0.106674
-72.1519,151.899,0.0453894,0.10813
-68.3544,151.899,0.0453855,0.109417
-64.557,151.899,0.045386,0.110655
-60.7595,151.899,0.0453879,0.111897
-56.962,151.899,0.0453951,0.11312
-53.1646,151.899,0.0454138,0.114377
-49.3671,151.899,0.0454569,0.115609
-45.5696,151.899,0.0455196,0.116853
-41.7722,151.899,0.0455874,0.118093
-37.9747,151.899,0.0456411,0.119334
-34.1772,151.899,0.0456223,0.120553
-30.3797,151.899,0.0455945,0.12175
-26.5823,151.899,0.0455528,0.122903
-22.7848,151.899,0.0454872,0.124038
-18.9873,151.899,0.0453766,0.125128
-15.1899,151.899,0.045266,0.126218
-11.3924,151.899,0.0451553,0.127308
-7.59494,151.899,0.0450512,0.128394
-3.79747,151.899,0.0449578,0.129483
0,151.899,0.0448836,0.130605
-300,155.696,0.0342465,0.0465962
-296.203,155.696,0.0344023,0.047158
-292.405,155.696,0.0345703,0.0477568
-288.608,155.696,0.0347542,0.0484236
-284.81,155.696,0.0349402,0.0490986
-281.013,155.696,0.0351191,0.0497588
-277.215,155.696,0.0352848,0.0504169
-273.418,155.696,0.0354537,0.0510803
-269.62,155.696,0.0356337,0.0517671
-265.823,155.696,0.0358146,0.0524569
-262.025,155.696,0.035997,0.0531866
-258.228,155.696,0.0361811,0.0539697
-254.43,155.696,0.0363728,0.0547841
-250.633,155.696,0.0365705,0.055611
-246.835,155.696,0.0367689,0.0564376
-243.038,155.696,0.0369497,0.057211
-239.241,155.696,0.0371308,0.0579854
-235.443,155.696,0.0373248,0.0588157
-231.646,155.696,0.0375357,0.0597012
-227.848,155.696,0.0377794,0.0606584
-224.051,155.696,0.0380278,0.0616205
-220.253,155.696,0.0382818,0.0626111
-216.456,155.696,0.0385293,0.0636222
-212.658,155.696,0.0387527,0.064593
-208.861,155.696,0.0389629,0.0655513
-205.063,155.696,0.0391587,0.0664999
-201.266,155.696,0.0393605,0.0675027
-197.468,155.696,0.0395443,0.0684327
-193.671,155.696,0.0397054,0.0692954
-189.873,155.696,0.0398621,0.0701086
-186.076,155.696,0.0400315,0.070971
-182.278,155.696,0.0402038,0.0718673
-178.481,155.696,0.0403855,0.0728004
-174.684,155.696,0.0405836,0.0737958
-170.886,155.696,0.0407869,0.0748103
-167.089,155.696,0.0409752,0.075735
-163.291,155.696,0.0411857,0.0766996
-159.494,155.696,0.0414241,0.0777743
-155.696,155.696,0.0416609,0.0788244
-151.899,155.696,0.0419008,0.0799017
-148.101,155.696,0.0421398,0.0809851
-144.304,155.696,0.042403,0.0822553
-140.506,155.696,0.0426728,0.0835455
-136.709,155.696,0.0429178,0.084756
-132.911,155.696,0.0431653,0.085968
-129.114,155.696,0.0434194,0.087226
-125.316,155.696,0.0436452,0.0884234
-121.519,155.696,0.0438745,0.0897291
-117.722,155.696,0.0440992,0.0911495
-113.924,155.696,0.0443016,0.0925508
-110.127,155.696,0.0445309,0.0940075
-106.329,155.696,0.0447761,0.0956127
-102.532,155.696,0.0450133,0.0970938
-98.7342,155.696,0.0452297,0.0985709
-94.9367,155.696,0.0454188,0.10004
-91.1392,155.696,0.045582,0.101613
-87.3418,155.696,0.045693,0.103396
-83.5443,155.696,0.0457644,0.105119
-79.7468,155.696,0.0458162,0.106661
-75.9494,155.696,0.0458505,0.108058
-72.1519,155.696,0.0458457,0.109373
-68.3544,155.696,0.045841,0.110622
-64.557,155.696,0.0458432,0.111883
-60.7595,155.696,0.0458538,0.113147
-56.962,155.696,0.0458677,0.114408
-53.1646,155.696,0.0458825,0.115681
-49.3671,155.696,0.0459045,0.116963
-45.5696,155.696,0.045955,0.118212
-41.7722,155.696,0.0459982,0.11941
-37.9747,155.696,0.0460357,0.120576
-34.1772,155.696,0.0460292,0.121724
-30.3797,155.696,0.0459888,0.122869
-26.5823,155.696,0.045945,0.124016
-22.7848,155.696,0.0458846,0.125139
-18.9873,155.696,0.0457789,0.126232
-15.1899,155.696,0.0456683,0.127322
-11.3924,155.696,0.0455577,0.128411
-7.59494,155.696,0.045447,0.129501
-3.79747,155.696,0.0453439,0.130587
0,155.696,0.0452624,0.131696
-300,159.494,0.0348545,0.04826
-296.203,159.494,0.0350255,0.0488779
-292.405,159.494,0.0351996,0.0495246
-288.608,159.494,0.0353577,0.0501292
-284.81,159.494,0.0355179,0.0507425
-281.013,159.494,0.0356852,0.0513727
-277.215,159.494,0.035859,0.0520354
-273.418,159.494,0.036034,0.0527116
-269.62,159.494,0.0362136,0.0534325
-265.823,159.494,0.0363837,0.0541609
-262.025,159.494,0.0365702,0.0549463
-258.228,159.494,0.0367655,0.0557633
-254.43,159.494,0.0369463,0.0565366
-250.633,159.494,0.037127,0.05731
-246.835,159.494,0.0373057,0.0580825
-243.038,159.494,0.0374949,0.0588856
-239.241,159.494,0.0377055,0.0597558
-235.443,159.494,0.0379368,0.0606709
-231.646,159.494,0.0381672,0.0615623
-227.848,159.494,0.0384101,0.0625062
-224.051,159.494,0.0386579,0.0635033
-220.253,159.494,0.0389149,0.0645466
-216.456,159.494,0.0391466,0.065546
-212.658,159.494,0.0393349,0.0664735
-208.861,159.494,0.0395244,0.0674257
-205.063,159.494,0.0397063,0.068353
-201.266,159.494,0.0398897,0.069283
-197.468,159.494,0.0400723,0.0702148
-193.671,159.494,0.0402349,0.0710456
-189.873,159.494,0.0403955,0.0718714
-186.076,159.494,0.0405645,0.0727496
-182.278,159.494,0.0407249,0.073595
-178.481,159.494,0.0409158,0.0745467
-174.684,159.494,0.0411087,0.0755024
-170.886,159.494,0.0413081,0.0764502
-167.089,159.494,0.0415286,0.0774497
-163.291,159.494,0.041773,0.0785658
-159.494,159.494,0.0420095,0.0796369
-155.696,159.494,0.0422474,0.0807148
-151.899,159.494,0.0424828,0.0817765
-148.101,159.494,0.042775,0.0831463
-144.304,159.494,0.043046,0.0843983
-140.506,159.494,0.0432903,0.0855386
-136.709,159.494,0.0435346,0.0867694
-132.911,159.494,0.0437831,0.0880296
-129.114,159.494,0.0439908,0.0891608
-125.316,159.494,0.0442286,0.0904851
-121.519,159.494,0.044439,0.0917509
-117.722,159.494,0.0446697,0.0931616
-113.924,159.494,0.0449126,0.0946673
-110.127,159.494,0.045149,0.0962068
-106.329,159.494,0.0453583,0.0975826
-102.532,159.494,0.0455477,0.0988619
-98.7342,159.494,0.0457554,0.100254
-94.9367,159.494,0.0459639,0.101714
-91.1392,159.494,0.0461259,0.103309
-87.3418,159.494,0.0461984,0.104961
-83.5443,159.494,0.0462326,0.106563
-79.7468,159.494,0.046266,0.107998
-75.9494,159.494,0.0462917,0.109292
-72.1519,159.494,0.0462919,0.110567
-68.3544,159.494,0.0462945,0.111851
-64.557,159.494,0.0463001,0.113168
-60.7595,159.494,0.0463152,0.114423
-56.962,159.494,0.0463279,0.115678
-53.1646,159.494,0.0463424,0.116965
-49.3671,159.494,0.0463527,0.118215
-45.5696,159.494,0.0463607,0.119413
-41.7722,159.494,0.0463744,0.120548
-37.9747,159.494,0.0463933,0.121676
-34.1772,159.494,0.0463836,0.122825
-30.3797,159.494,0.046372,0.123972
-26.5823,159.494,0.0463313,0.125117
-22.7848,159.494,0.0462609,0.126225
-18.9873,159.494,0.0461722,0.127315
-15.1899,159.494,0.0460559,0.128402
-11.3924,159.494,0.045947,0.129488
-7.59494,159.494,0.0458384,0.130573
-3.79747,159.494,0.0457228,0.131649
0,159.494,0.0456154,0.132698
-300,163.291,0.035414,0.0498327
-296.203,163.291,0.0355782,0.050456
-292.405,163.291,0.0357429,0.0510807
-288.608,163.291,0.0359166,0.0517275
-284.81,163.291,0.036083,0.0523516
-281.013,163.291,0.0362606,0.0530099
-277.215,163.291,0.0364313,0.0536799
-273.418,163.291,0.0366008,0.054413
-269.62,163.291,0.0367666,0.0551284
-265.823,163.291,0.0369367,0.0558655
-262.025,163.291,0.0371136,0.0566313
-258.228,163.291,0.0372918,0.0574035
-254.43,163.291,0.03747,0.0581758
-250.633,163.291,0.0376573,0.0589736
-246.835,163.291,0.0378484,0.0597812
-243.038,163.291,0.0380699,0.0606512
-239.241,163.291,0.0382993,0.0615613
-235.443,163.291,0.0385294,0.0624647
-231.646,163.291,0.0387674,0.0633952
-227.848,163.291,0.0390136,0.064387
-224.051,163.291,0.039258,0.0653797
-220.253,163.291,0.0394628,0.0663365
-216.456,163.291,0.0396841,0.0673728
-212.658,163.291,0.039867,0.0682811
-208.861,163.291,0.0400565,0.0692241
-205.063,163.291,0.040251,0.0701913
-201.266,163.291,0.0404438,0.0711534
-197.468,163.291,0.0406046,0.0719853
-193.671,163.291,0.0407576,0.0727759
-189.873,163.291,0.0409326,0.0736411
-186.076,163.291,0.0410891,0.0744178
-182.278,163.291,0.0412758,0.0753415
-178.481,163.291,0.0414639,0.0762595
-174.684,163.291,0.0416555,0.0771962
-170.886,163.291,0.0419009,0.078283
-167.089,163.291,0.0421556,0.07943
-163.291,163.291,0.0423973,0.0805326
-159.494,163.291,0.042613,0.0815175
-155.696,163.291,0.0428555,0.0826202
-151.899,163.291,0.0431396,0.0839167
-148.101,163.291,0.0434023,0.0851286
-144.304,163.291,0.0436613,0.0863374
-140.506,163.291,0.0439084,0.0875303
-136.709,163.291,0.0441351,0.0887433
-132.911,163.291,0.0443463,0.0899197
-129.114,163.291,0.0445659,0.0911951
-125.316,163.291,0.044779,0.0924748
-121.519,163.291,0.0450155,0.0938313
-117.722,163.291,0.0452573,0.0952905
-113.924,163.291,0.0454795,0.0967545
-110.127,163.291,0.0456798,0.0980676
-106.329,163.291,0.0458631,0.0992602
-102.532,163.291,0.0460717,0.100592
-98.7342,163.291,0.0462864,0.101979
-94.9367,163.291,0.0464893,0.103405
-91.1392,163.291,0.0466184,0.104821
-87.3418,163.291,0.0466629,0.106401
-83.5443,163.291,0.0466915,0.107912
-79.7468,163.291,0.0467166,0.109268
-75.9494,163.291,0.0467338,0.110449
-72.1519,163.291,0.0467304,0.111779
-68.3544,163.291,0.0467367,0.113095
-64.557,163.291,0.0467447,0.114378
-60.7595,163.291,0.0467576,0.11563
-56.962,163.291,0.0467675,0.116917
-53.1646,163.291,0.0467684,0.118149
-49.3671,163.291,0.0467563,0.119319
-45.5696,163.291,0.0467442,0.120489
-41.7722,163.291,0.0467525,0.121634
-37.9747,163.291,0.0467618,0.122772
-34.1772,163.291,0.0467447,0.123921
-30.3797,163.291,0.0467299,0.125057
-26.5823,163.291,0.0467151,0.126193
-22.7848,163.291,0.0466237,0.127268
-18.9873,163.291,0.0465365,0.128346
-15.1899,163.291,0.0464316,0.129422
-11.3924,163.291,0.046312,0.130499
-7.59494,163.291,0.0461907,0.131559
-3.79747,163.291,0.0460754,0.132612
0,163.291,0.0459646,0.133676
-300,167.089,0.0359593,0.0513937
-296.203,167.089,0.0361354,0.052045
-292.405,167.089,0.0363132,0.0527067
-288.608,167.089,0.0364947,0.0533937
-284.81,167.089,0.0366636,0.0540563
-281.013,167.089,0.0368067,0.0546827
-277.215,167.089,0.0369547,0.0553256
-273.418,167.089,0.0371103,0.0560001
-269.62,167.089,0.0372803,0.0567369
-265.823,167.089,0.0374562,0.0574973
-262.025,167.089,0.0376343,0.0582691
-258.228,167.089,0.0378136,0.0590502
-254.43,167.089,0.0379866,0.0598137
-250.633,167.089,0.0381697,0.0605709
-246.835,167.089,0.0384025,0.061474
-243.038,167.089,0.0386277,0.0623711
-239.241,167.089,0.038855,0.0632705
-235.443,167.089,0.039093,0.064207
-231.646,167.089,0.0393366,0.0651746
-227.848,167.089,0.0395633,0.0661621
-224.051,167.089,0.0398071,0.0672412
-220.253,167.089,0.0400234,0.0682454
-216.456,167.089,0.0402153,0.069159
-212.658,167.089,0.0403994,0.0700675
-208.861,167.089,0.0406028,0.0710633
-205.063,167.089,0.0408054,0.0720568
-201.266,167.089,0.040978,0.072917
-197.468,167.089,0.0411392,0.0736972
-193.671,167.089,0.0413127,0.0745286
-189.873,167.089,0.0414718,0.075305
-186.076,167.089,0.041636,0.0761083
-182.278,167.089,0.041855,0.0771513
-178.481,167.089,0.042086,0.0781879
-174.684,167.089,0.0423328,0.0792715
-170.886,167.089,0.0425713,0.0803726
-167.089,167.089,0.0427958,0.0814098
-163.291,167.089,0.0430117,0.0824124
-159.494,167.089,0.0432411,0.083466
-155.696,167.089,0.0434948,0.0845939
-151.899,167.089,0.0437546,0.0858093
-148.101,167.089,0.0440145,0.0870411
-144.304,167.089,0.0442562,0.0882188
-140.506,167.089,0.0444787,0.0893714
-136.709,167.089,0.0447008,0.0906073
-132.911,167.089,0.0449328,0.0919148
-129.114,167.089,0.0451464,0.0932114
-125.316,167.089,0.0453732,0.0945507
-121.519,167.089,0.0455851,0.0958635
-117.722,167.089,0.0458086,0.0972783
-113.924,167.089,0.0460065,0.0985296
-110.127,167.089,0.046184,0.0997312
-106.329,167.089,0.0463706,0.100969
-102.532,167.089,0.0465847,0.102327
-98.7342,167.089,0.0467901,0.103688
-94.9367,167.089,0.0469359,0.104858
-91.1392,167.089,0.0470285,0.106236
-87.3418,167.089,0.0470718,0.107801
-83.5443,167.089,0.0471103,0.109166
-79.7468,167.089,0.0471288,0.110427
-75.9494,167.089,0.0471547,0.111672
-72.1519,167.089,0.0471587,0.113001
-68.3544,167.089,0.0471664,0.114312
-64.557,167.089,0.0471761,0.115574
-60.7595,167.089,0.0471811,0.116824
-56.962,167.089,0.0471775,0.118026
-53.1646,167.089,0.0471641,0.119206
-49.3671,167.089,0.0471443,0.120364
-45.5696,167.089,0.0471275,0.121521
-41.7722,167.089,0.0471207,0.122668
-37.9747,167.089,0.0471292,0.123795
-34.1772,167.089,0.0471036,0.12495
-30.3797,167.089,0.0470853,0.126104
-26.5823,167.089,0.0470634,0.127235
-22.7848,167.089,0.0470141,0.128323
-18.9873,167.089,0.0469237,0.129408
-15.1899,167.089,0.0468301,0.130487
-11.3924,167.089,0.0467024,0.131534
-7.59494,167.089,0.0465767,0.132586
-3.79747,167.089,0.0464513,0.133639
0,167.089,0.0463321,0.134696
-300,170.886,0.0365288,0.0530479
-296.203,170.886,0.0367071,0.0537142
-292.405,170.886,0.0368743,0.0543635
-288.608,170.886,0.0370261,0.0550064
-284.81,170.886,0.0371677,0.0556334
-281.013,170.886,0.0373064,0.0562498
-277.215,170.886,0.0374435,0.0568603
-273.418,170.886,0.0375978,0.0575361
-269.62,170.886,0.0377596,0.0582663
-265.823,170.886,0.0379257,0.0590096
-262.025,170.886,0.0380906,0.0597469
-258.228,170.886,0.0382621,0.0604772
-254.43,170.886,0.0384512,0.0612303
-250.633,170.886,0.0386924,0.0621475
-246.835,170.886,0.0389165,0.0630305
-243.038,170.886,0.0391489,0.0639437
-239.241,170.886,0.0393943,0.0649247
-235.443,170.886,0.0396386,0.0659411
-231.646,170.886,0.0398973,0.0670461
-227.848,170.886,0.0401584,0.0681773
-224.051,170.886,0.0403648,0.06912
-220.253,170.886,0.0405476,0.0699801
-216.456,170.886,0.040752,0.0709352
-212.658,170.886,0.0409461,0.0718861
-208.861,170.886,0.041166,0.0729104
-205.063,170.886,0.0413563,0.0738089
-201.266,170.886,0.0415233,0.0746067
-197.468,170.886,0.0416951,0.0754234
-193.671,170.886,0.0418601,0.0762071
-189.873,170.886,0.042041,0.0770463
-186.076,170.886,0.0422559,0.0780318
-182.278,170.886,0.0425145,0.0792123
-178.481,170.886,0.0427621,0.0802895
-174.684,170.886,0.0429865,0.0813144
-170.886,170.886,0.043181,0.0822606
-167.089,170.886,0.0433821,0.0832055
-163.291,170.886,0.0435954,0.0841833
-159.494,170.886,0.0438372,0.085245
-155.696,170.886,0.044099,0.0864339
-151.899,170.886,0.0443561,0.0876738
-148.101,170.886,0.0445909,0.0888643
-144.304,170.886,0.0448206,0.0900653
-140.506,170.886,0.0450505,0.0912732
-136.709,170.886,0.045264,0.0925133
-132.911,170.886,0.045503,0.0939252
-129.114,170.886,0.0457157,0.0952263
-125.316,170.886,0.0459326,0.0965448
-121.519,170.886,0.0461344,0.0978254
-117.722,170.886,0.046329,0.0989981
-113.924,170.886,0.0465199,0.100157
-110.127,170.886,0.0466983,0.101343
-106.329,170.886,0.0468898,0.102636
-102.532,170.886,0.0470602,0.103903
-98.7342,170.886,0.0472017,0.105053
-94.9367,170.886,0.0473243,0.106234
-91.1392,170.886,0.0474137,0.107629
-87.3418,170.886,0.0474603,0.109134
-83.5443,170.886,0.0475127,0.110418
-79.7468,170.886,0.0475534,0.111663
-75.9494,170.886,0.0475759,0.112912
-72.1519,170.886,0.0475832,0.114216
-68.3544,170.886,0.04758,0.115456
-64.557,170.886,0.047564,0.116649
-60.7595,170.886,0.0475487,0.117853
-56.962,170.886,0.0475419,0.119047
-53.1646,170.886,0.0475359,0.12023
-49.3671,170.886,0.0475337,0.121402
-45.5696,170.886,0.0475166,0.122568
-41.7722,170.886,0.0474995,0.123734
-37.9747,170.886,0.0475059,0.124871
-34.1772,170.886,0.0474856,0.12603
-30.3797,170.886,0.0474609,0.127193
-26.5823,170.886,0.0474212,0.12832
-22.7848,170.886,0.0473768,0.12941
-18.9873,170.886,0.047321,0.130477
-15.1899,170.886,0.0472266,0.13153
-11.3924,170.886,0.0471185,0.132579
-7.59494,170.886,0.0469834,0.133627
-3.79747,170.886,0.0468498,0.134677
0,170.886,0.0467243,0.13573
-300,174.684,0.0370646,0.0546112
-296.203,174.684,0.0372215,0.0552529
-292.405,174.684,0.0373616,0.0558718
-288.608,174.684,0.0375016,0.05649
-284.81,174.684,0.0376314,0.0570906
-281.013,174.684,0.0377602,0.0576892
-277.215,174.684,0.0378943,0.0583072
-273.418,174.684,0.0380282,0.0589199
-269.62,174.684,0.0381771,0.0595875
-265.823,174.684,0.0383439,0.0603049
-262.025,174.684,0.038523,0.061039
-258.228,174.684,0.0387341,0.0618498
-254.43,174.684,0.0389766,0.0627681
-250.633,174.684,0.0392104,0.063679
-246.835,174.684,0.0394587,0.0646466
-243.038,174.684,0.039711,0.0656926
-239.241,174.684,0.0399609,0.0667618
-235.443,174.684,0.0402259,0.0679041
-231.646,174.684,0.0404869,0.0690295
-227.848,174.684,0.0406975,0.0699709
-224.051,174.684,0.0408904,0.0708415
-220.253,174.684,0.0410921,0.0717652
-216.456,174.684,0.0413178,0.0727863
-212.658,174.684,0.0415221,0.0737401
-208.861,174.684,0.0417126,0.0746337
-205.063,174.684,0.0418756,0.0754042
-201.266,174.684,0.0420652,0.0762642
-197.468,174.684,0.0422562,0.077133
-193.671,174.684,0.0424455,0.0779906
-189.873,174.684,0.0426663,0.0789738
-186.076,174.684,0.0429063,0.0800898
-182.278,174.684,0.0431364,0.0811738
-178.481,174.684,0.0433393,0.0821176
-174.684,174.684,0.0435426,0.0830388
-170.886,174.684,0.043758,0.0839841
-167.089,174.684,0.0439571,0.0848642
-163.291,174.684,0.0441966,0.085937
-159.494,174.684,0.0444522,0.0871139
-155.696,174.684,0.0446885,0.0882685
-151.899,174.684,0.0449252,0.089498
-148.101,174.684,0.0451622,0.0907459
-144.304,174.684,0.0453746,0.0919192
-140.506,174.684,0.0456095,0.0931849
-136.709,174.684,0.0458399,0.0945666
-132.911,174.684,0.0460523,0.0958726
-129.114,174.684,0.0462544,0.0971515
-125.316,174.684,0.0464442,0.098335
-121.519,174.684,0.0466329,0.0994478
-117.722,174.684,0.0468193,0.100591
-113.924,174.684,0.0470033,0.101728
-110.127,174.684,0.047182,0.102887
-106.329,174.684,0.0473462,0.104104
-102.532,174.684,0.0474864,0.105234
-98.7342,174.684,0.0476184,0.106369
-94.9367,174.684,0.0477271,0.107609
-91.1392,174.684,0.0477996,0.109061
-87.3418,174.684,0.0478466,0.110451
-83.5443,174.684,0.0479002,0.11172
-79.7468,174.684,0.04796,0.11294
-75.9494,174.684,0.0479942,0.114142
-72.1519,174.684,0.0479808,0.115326
-68.3544,174.684,0.0479596,0.116506
-64.557,174.684,0.0479437,0.11771
-60.7595,174.684,0.0479281,0.118915
-56.962,174.684,0.047919,0.120112
-53.1646,174.684,0.0479131,0.121292
-49.3671,174.684,0.0479079,0.122463
-45.5696,174.684,0.0479031,0.123633
-41.7722,174.684,0.0478989,0.124805
-37.9747,174.684,0.0478952,0.125954
-34.1772,174.684,0.0478736,0.127111
-30.3797,174.684,0.0478449,0.128274
-26.5823,174.684,0.0477835,0.12938
-22.7848,174.684,0.0477158,0.130446
-18.9873,174.684,0.0476629,0.131501
-15.1899,174.684,0.0475988,0.132563
-11.3924,174.684,0.0475117,0.133619
-7.59494,174.684,0.0473989,0.13467
-3.79747,174.684,0.0472679,0.135722
0,174.684,0.0471325,0.136767
-300,178.481,0.0375371,0.0559905
-296.203,178.481,0.0376614,0.0565741
-292.405,178.481,0.0377893,0.0571687
-288.608,178.481,0.0379164,0.0577609
-284.81,178.481,0.0380346,0.0583253
-281.013,178.481,0.0381601,0.0589216
-277.215,178.481,0.0383008,0.0595648
-273.418,178.481,0.03845,0.0602103
-269.62,178.481,0.0386075,0.0608755
-265.823,178.481,0.0387905,0.0616061
-262.025,178.481,0.0390182,0.0624671
-258.228,178.481,0.0392721,0.0634152
-254.43,178.481,0.0395267,0.0643834
-250.633,178.481,0.0397831,0.065429
-246.835,178.481,0.0400285,0.066488
-243.038,178.481,0.0402895,0.0676166
-239.241,178.481,0.0405486,0.0687393
-235.443,178.481,0.0407991,0.0698085
-231.646,178.481,0.0410203,0.0707612
-227.848,178.481,0.0412291,0.0716914
-224.051,178.481,0.0414545,0.0726747
-220.253,178.481,0.041682,0.0736794
-216.456,178.481,0.0418899,0.0746335
-212.658,178.481,0.0420625,0.0754504
-208.861,178.481,0.0422349,0.0762274
-205.063,178.481,0.0424238,0.0770772
-201.266,178.481,0.042627,0.0779843
-197.468,178.481,0.0428236,0.0788637
-193.671,178.481,0.0430243,0.0798046
-189.873,178.481,0.0432523,0.0808433
-186.076,178.481,0.0434861,0.0819139
-182.278,178.481,0.0437012,0.0828943
-178.481,178.481,0.0439159,0.0838527
-174.684,178.481,0.0441163,0.0847249
-170.886,178.481,0.0443163,0.0855684
-167.089,178.481,0.0445534,0.0866235
-163.291,178.481,0.044794,0.0877568
-159.494,178.481,0.0450225,0.0888855
-155.696,178.481,0.0452512,0.0901026
-151.899,178.481,0.0454797,0.0913278
-148.101,178.481,0.0457106,0.0925834
-144.304,178.481,0.0459295,0.0938336
-140.506,178.481,0.0461532,0.095131
-136.709,178.481,0.0463682,0.096441
-132.911,178.481,0.0465621,0.0976754
-129.114,178.481,0.0467434,0.0988136
-125.316,178.481,0.0469215,0.0998679
-121.519,178.481,0.047114,0.10102
-117.722,178.481,0.0472979,0.102154
-113.924,178.481,0.0474657,0.103244
-110.127,178.481,0.0476295,0.104329
-106.329,178.481,0.0477777,0.105444
-102.532,178.481,0.0479104,0.106567
-98.7342,178.481,0.0480455,0.107715
-94.9367,178.481,0.0481529,0.109032
-91.1392,178.481,0.0482074,0.110402
-87.3418,178.481,0.0482366,0.111759
-83.5443,178.481,0.0482848,0.11303
-79.7468,178.481,0.0483226,0.114161
-75.9494,178.481,0.0483603,0.11526
-72.1519,178.481,0.0483703,0.116384
-68.3544,178.481,0.0483499,0.117582
-64.557,178.481,0.0483295,0.11878
-60.7595,178.481,0.0483091,0.119978
-56.962,178.481,0.0482961,0.121176
-53.1646,178.481,0.0482903,0.122355
-49.3671,178.481,0.0482851,0.123525
-45.5696,178.481,0.0482798,0.124695
-41.7722,178.481,0.0482746,0.125865
-37.9747,178.481,0.0482758,0.127033
-34.1772,178.481,0.0482651,0.128193
-30.3797,178.481,0.0482268,0.129321
-26.5823,178.481,0.0481518,0.13039
-22.7848,178.481,0.0480768,0.131458
-18.9873,178.481,0.0480034,0.132526
-15.1899,178.481,0.0479458,0.133584
-11.3924,178.481,0.0478766,0.134653
-7.59494,178.481,0.0477938,0.135715
-3.79747,178.481,0.0476626,0.136738
0,178.481,0.0475213,0.137733
-300,182.278,0.0379721,0.0573302
-296.203,182.278,0.0380842,0.0578713
-292.405,182.278,0.0381953,0.058411
-288.608,182.278,0.0383049,0.0589483
-284.81,182.278,0.0384303,0.0595425
-281.013,182.278,0.0385798,0.0602003
-277.215,182.278,0.0387355,0.060867
-273.418,182.278,0.0389025,0.0615429
-269.62,182.278,0.0390964,0.0622788
-265.823,182.278,0.0393224,0.0631304
-262.025,182.278,0.0395898,0.0641268
-258.228,182.278,0.0398539,0.0651625
-254.43,182.278,0.0400873,0.0661857
-250.633,182.278,0.0403411,0.0672757
-246.835,182.278,0.0406015,0.0683945
-243.038,182.278,0.0408723,0.0695357
-239.241,182.278,0.0411198,0.0705878
-235.443,182.278,0.0413598,0.0716199
-231.646,182.278,0.0415758,0.0725729
-227.848,182.278,0.041789,0.0735097
-224.051,182.278,0.0420184,0.0745065
-220.253,182.278,0.0422393,0.0754795
-216.456,182.278,0.042427,0.0763345
-212.658,182.278,0.0425955,0.0770966
-208.861,182.278,0.0427748,0.0778994
-205.063,182.278,0.0429646,0.0787533
-201.266,182.278,0.0431716,0.0796663
-197.468,182.278,0.043386,0.0806199
-193.671,182.278,0.0436033,0.0815817
-189.873,182.278,0.0438228,0.0825465
-186.076,182.278,0.0440447,0.0835818
-182.278,182.278,0.0442687,0.0846078
-178.481,182.278,0.044456,0.0854042
-174.684,182.278,0.0446529,0.0862531
-170.886,182.278,0.04489,0.0873103
-167.089,182.278,0.0451099,0.0883575
-163.291,182.278,0.0453384,0.0894796
-159.494,182.278,0.0455635,0.0906424
-155.696,182.278,0.0457925,0.0918939
-151.899,182.278,0.0460293,0.0931636
-148.101,182.278,0.0462577,0.0944647
-144.304,182.278,0.0464763,0.0957671
-140.506,182.278,0.0466871,0.0970139
-136.709,182.278,0.0468874,0.0982407
-132.911,182.278,0.0470675,0.0993599
-129.114,182.278,0.0472408,0.100394
-125.316,182.278,0.0474084,0.101434
-121.519,182.278,0.0475717,0.102518
-117.722,182.278,0.0477255,0.103549
-113.924,182.278,0.0478872,0.104605
-110.127,182.278,0.0480454,0.105678
-106.329,182.278,0.0481931,0.106758
-102.532,182.278,0.0483388,0.107921
-98.7342,182.278,0.0484765,0.10909
-94.9367,182.278,0.0485706,0.110384
-91.1392,182.278,0.0486148,0.111708
-87.3418,182.278,0.0486251,0.112965
-83.5443,182.278,0.0486348,0.114172
-79.7468,182.278,0.0486619,0.115299
-75.9494,182.278,0.0486999,0.116413
-72.1519,182.278,0.0487516,0.11747
-68.3544,182.278,0.0487403,0.118658
-64.557,182.278,0.0487199,0.119856
-60.7595,182.278,0.0486994,0.121054
-56.962,182.278,0.0486801,0.122251
-53.1646,182.278,0.0486699,0.123421
-49.3671,182.278,0.0486623,0.124587
-45.5696,182.278,0.048657,0.125758
-41.7722,182.278,0.0486518,0.126928
-37.9747,182.278,0.0486439,0.128085
-34.1772,182.278,0.0486281,0.129218
-30.3797,182.278,0.0485989,0.13034
-26.5823,182.278,0.0485272,0.131417
-22.7848,182.278,0.0484554,0.132494
-18.9873,182.278,0.048381,0.133561
-15.1899,182.278,0.0483025,0.134613
-11.3924,182.278,0.0482255,0.135647
-7.59494,182.278,0.04814,0.136674
-3.79747,182.278,0.0480344,0.137676
0,182.278,0.0478927,0.13867
-300,186.076,0.0383685,0.0585584
-296.203,186.076,0.0384806,0.0590996
-292.405,186.076,0.0385977,0.0596527
-288.608,186.076,0.0387398,0.060272
-284.81,186.076,0.0388866,0.0609115
-281.013,186.076,0.0390445,0.0615661
-277.215,186.076,0.0392169,0.0622465
-273.418,186.076,0.0394185,0.063012
-269.62,186.076,0.0396587,0.0639111
-265.823,186.076,0.0399128,0.064882
-262.025,186.076,0.0401461,0.0658723
-258.228,186.076,0.040398,0.0669511
-254.43,186.076,0.0406651,0.0680642
-250.633,186.076,0.0409415,0.0692215
-246.835,186.076,0.0411947,0.0703185
-243.038,186.076,0.0414436,0.0713997
-239.241,186.076,0.0416939,0.0724645
-235.443,186.076,0.0419125,0.0734191
-231.646,186.076,0.0421286,0.0743633
-227.848,186.076,0.0423347,0.075284
-224.051,186.076,0.0425485,0.0762238
-220.253,186.076,0.0427773,0.0771786
-216.456,186.076,0.0429671,0.0780014
-212.658,186.076,0.0431457,0.0788008
-208.861,186.076,0.0433335,0.0796299
-205.063,186.076,0.0435397,0.0805136
-201.266,186.076,0.0437438,0.0814116
-197.468,186.076,0.0439452,0.0822992
-193.671,186.076,0.0441368,0.0831417
-189.873,186.076,0.044359,0.0841771
-186.076,186.076,0.0445855,0.0852163
-182.278,186.076,0.0447778,0.0860383
-178.481,186.076,0.0449773,0.0869103
-174.684,186.076,0.0451975,0.0879313
-170.886,186.076,0.0454135,0.0889561
-167.089,186.076,0.0456429,0.0900791
-163.291,186.076,0.0458898,0.0912757
-159.494,186.076,0.0461283,0.0925293
-155.696,186.076,0.0463626,0.0937739
-151.899,186.076,0.0466076,0.0951382
-148.101,186.076,0.0468254,0.0964485
-144.304,186.076,0.0470134,0.097644
-140.506,186.076,0.0471936,0.0987336
-136.709,186.076,0.0473661,0.0998104
-132.911,186.076,0.0475281,0.100804
-129.114,186.076,0.0476886,0.101831
-125.316,186.076,0.0478367,0.102799
-121.519,186.076,0.0479876,0.10383
-117.722,186.076,0.0481389,0.104864
-113.924,186.076,0.0482905,0.105901
-110.127,186.076,0.0484509,0.107003
-106.329,186.076,0.0486136,0.108125
-102.532,186.076,0.0487706,0.109302
-98.7342,186.076,0.0489038,0.110448
-94.9367,186.076,0.0489644,0.111613
-91.1392,186.076,0.0489812,0.112848
-87.3418,186.076,0.0489872,0.114074
-83.5443,186.076,0.0489967,0.115282
-79.7468,186.076,0.0490158,0.116424
-75.9494,186.076,0.049041,0.117572
-72.1519,186.076,0.0491007,0.118597
-68.3544,186.076,0.0491219,0.119745
-64.557,186.076,0.0491102,0.120932
-60.7595,186.076,0.0490898,0.12213
-56.962,186.076,0.0490694,0.123329
-53.1646,186.076,0.0490579,0.1245
-49.3671,186.076,0.0490519,0.125673
-45.5696,186.076,0.049046,0.126847
-41.7722,186.076,0.049034,0.127988
-37.9747,186.076,0.0490252,0.129133
-34.1772,186.076,0.0490004,0.130284
-30.3797,186.076,0.0489579,0.131372
-26.5823,186.076,0.0489035,0.13244
-22.7848,186.076,0.0488256,0.133491
-18.9873,186.076,0.0487418,0.134528
-15.1899,186.076,0.048658,0.135565
-11.3924,186.076,0.0485699,0.13658
-7.59494,186.076,0.0484759,0.137596
-3.79747,186.076,0.0483867,0.138605
0,186.076,0.0482697,0.139608
-300,189.873,0.0387689,0.0597895
-296.203,189.873,0.0389008,0.0603696
-292.405,189.873,0.0390421,0.0609872
-288.608,189.873,0.0392078,0.0616584
-284.81,189.873,0.0393752,0.062332
-281.013,189.873,0.0395535,0.0630359
-277.215,189.873,0.0397594,0.0638166
-273.418,189.873,0.0400089,0.0647669
-269.62,189.873,0.0402447,0.0657246
-265.823,189.873,0.0404982,0.066765
-262.025,189.873,0.0407524,0.0678164
-258.228,189.873,0.0410088,0.0689009
-254.43,189.873,0.0412661,0.0700188
-250.633,189.873,0.0415166,0.0711122
-246.835,189.873,0.0417702,0.0722177
-243.038,189.873,0.042022,0.0732863
-239.241,189.873,0.0422438,0.0742494
-235.443,189.873,0.0424356,0.0751139
-231.646,189.873,0.0426458,0.0760416
-227.848,189.873,0.0428844,0.077041
-224.051,189.873,0.0431129,0.0779912
-220.253,189.873,0.0433319,0.0789
-216.456,189.873,0.0435108,0.0796688
-212.658,189.873,0.0437083,0.0805266
-208.861,189.873,0.043911,0.0814138
-205.063,189.873,0.0440928,0.0822221
-201.266,189.873,0.0442625,0.0829587
-197.468,189.873,0.0444509,0.0837859
-193.671,189.873,0.044663,0.0847356
-189.873,189.873,0.0448816,0.0857393
-186.076,189.873,0.0450869,0.0866311
-182.278,189.873,0.0452896,0.0875319
-178.481,189.873,0.0454974,0.0885253
-174.684,189.873,0.0457168,0.0895764
-170.886,189.873,0.0459624,0.0907601
-167.089,189.873,0.0462062,0.0919475
-163.291,189.873,0.0464468,0.0931442
-159.494,189.873,0.0466852,0.094381
-155.696,189.873,0.0469233,0.0956832
-151.899,189.873,0.0471443,0.0969959
-148.101,189.873,0.0473195,0.0981159
-144.304,189.873,0.0474795,0.0991205
-140.506,189.873,0.0476443,0.100168
-136.709,189.873,0.0478081,0.101163
-132.911,189.873,0.047956,0.102142
-129.114,189.873,0.0481035,0.10312
-125.316,189.873,0.0482526,0.104111
-121.519,189.873,0.0484035,0.105142
-117.722,189.873,0.0485497,0.10618
-113.924,189.873,0.0487037,0.107248
-110.127,189.873,0.0488639,0.108356
-106.329,189.873,0.049027,0.10949
-102.532,189.873,0.0491749,0.110611
-98.7342,189.873,0.0492722,0.11162
-94.9367,189.873,0.0493288,0.112739
-91.1392,189.873,0.0493434,0.113957
-87.3418,189.873,0.0493494,0.115183
-83.5443,189.873,0.0493586,0.116394
-79.7468,189.873,0.0493789,0.11757
-75.9494,189.873,0.0494034,0.118691
-72.1519,189.873,0.0494482,0.119741
-68.3544,189.873,0.0494828,0.120866
-64.557,189.873,0.0494962,0.122045
-60.7595,189.873,0.0494884,0.123243
-56.962,189.873,0.0494764,0.124446
-53.1646,189.873,0.0494649,0.125628
-49.3671,189.873,0.0494549,0.126783
-45.5696,189.873,0.0494372,0.127905
-41.7722,189.873,0.0494194,0.129027
-37.9747,189.873,0.0494017,0.130149
-34.1772,189.873,0.049364,0.131289
-30.3797,189.873,0.0493027,0.132355
-26.5823,189.873,0.0492388,0.133397
-22.7848,189.873,0.0491749,0.134439
-18.9873,189.873,0.0490964,0.135473
-15.1899,189.873,0.0490069,0.136483
-11.3924,189.873,0.0489175,0.137493
-7.59494,189.873,0.048824,0.138506
-3.79747,189.873,0.048723,0.139527
0,189.873,0.0486334,0.140537
-300,193.671,0.0392116,0.0611128
-296.203,193.671,0.0393746,0.061768
-292.405,193.671,0.0395417,0.0624405
-288.608,193.671,0.0397088,0.063113
-284.81,193.671,0.039905,0.0638566
-281.013,193.671,0.0401187,0.0646842
-277.215,193.671,0.0403528,0.0656269
-273.418,193.671,0.0406247,0.0667123
-269.62,193.671,0.0408954,0.0678122
-265.823,193.671,0.0411432,0.0688544
-262.025,193.671,0.0413835,0.0698852
-258.228,193.671,0.0416122,0.0708992
-254.43,193.671,0.0418532,0.0719755
-250.633,193.671,0.0420972,0.0730345
-246.835,193.671,0.0423316,0.0740539
-243.038,193.671,0.0425708,0.0750636
-239.241,193.671,0.0427747,0.0759499
-235.443,193.671,0.0430043,0.0769273
-231.646,193.671,0.0432303,0.0778878
-227.848,193.671,0.0434404,0.0787811
-224.051,193.671,0.0436611,0.0797106
-220.253,193.671,0.0438681,0.0805479
-216.456,193.671,0.0440686,0.0814082
-212.658,193.671,0.0442431,0.0821961
-208.861,193.671,0.044403,0.0829032
-205.063,193.671,0.0445603,0.0835749
-201.266,193.671,0.0447533,0.0844068
-197.468,193.671,0.0449707,0.0853506
-193.671,193.671,0.0451801,0.0862725
-189.873,193.671,0.0453881,0.0871895
-186.076,193.671,0.0455862,0.0881268
-182.278,193.671,0.0457933,0.0891195
-178.481,193.671,0.0460255,0.0902277
-174.684,193.671,0.0462621,0.0913714
-170.886,193.671,0.0465047,0.0925567
-167.089,193.671,0.0467435,0.0936947
-163.291,193.671,0.0469773,0.094898
-159.494,193.671,0.0472049,0.0961201
-155.696,193.671,0.0474202,0.0973695
-151.899,193.671,0.0476055,0.0984916
-148.101,193.671,0.0477655,0.0994961
-144.304,193.671,0.0479288,0.100533
-140.506,193.671,0.0480822,0.101482
-136.709,193.671,0.0482259,0.102449
-132.911,193.671,0.0483719,0.103455
-129.114,193.671,0.0485182,0.104406
-125.316,193.671,0.048667,0.105417
-121.519,193.671,0.0488139,0.106456
-117.722,193.671,0.0489656,0.107505
-113.924,193.671,0.0491218,0.108603
-110.127,193.671,0.0492688,0.109682
-106.329,193.671,0.0494052,0.110747
-102.532,193.671,0.0495289,0.111726
-98.7342,193.671,0.0496138,0.112725
-94.9367,193.671,0.0496823,0.113854
-91.1392,193.671,0.0497131,0.115083
-87.3418,193.671,0.0497187,0.116311
-83.5443,193.671,0.0497291,0.117563
-79.7468,193.671,0.0497525,0.118733
-75.9494,193.671,0.0497837,0.119848
-72.1519,193.671,0.049831,0.120905
-68.3544,193.671,0.0498605,0.122022
-64.557,193.671,0.0498779,0.123201
-60.7595,193.671,0.0498815,0.124373
-56.962,193.671,0.0498683,0.125553
-53.1646,193.671,0.0498491,0.126676
-49.3671,193.671,0.0498342,0.127795
-45.5696,193.671,0.0498165,0.128917
-41.7722,193.671,0.0497987,0.130039
-37.9747,193.671,0.0497764,0.131147
-34.1772,193.671,0.049727,0.132254
-30.3797,193.671,0.0496418,0.13331
-26.5823,193.671,0.0495734,0.134345
-22.7848,193.671,0.049505,0.135368
-18.9873,193.671,0.0494358,0.136384
-15.1899,193.671,0.0493548,0.137396
-11.3924,193.671,0.0492653,0.138406
-7.59494,193.671,0.0491758,0.139416
-3.79747,193.671,0.049074,0.140435
0,193.671,0.0489705,0.141458
-300,197.468,0.0397085,0.0625501
-296.203,197.468,0.0398807,0.0632261
-292.405,197.468,0.0400563,0.0639041
-288.608,197.468,0.0402678,0.0647259
-284.81,197.468,0.0404865,0.0656041
-281.013,197.468,0.0407392,0.0666356
-277.215,197.468,0.041018,0.0677639
-273.418,197.468,0.0412891,0.0688713
-269.62,197.468,0.0415292,0.0698975
-265.823,197.468,0.0417664,0.0709245
-262.025,197.468,0.0419984,0.0719455
-258.228,197.468,0.0422402,0.0730081
-254.43,197.468,0.0424752,0.074026
-250.633,197.468,0.0427143,0.0750446
-246.835,197.468,0.0429284,0.0759671
-243.038,197.468,0.0431117,0.076785
-239.241,197.468,0.0433229,0.0776963
-235.443,197.468,0.0435306,0.0785977
-231.646,197.468,0.0437487,0.079517
-227.848,197.468,0.04397,0.0804462
-224.051,197.468,0.04416,0.0812297
-220.253,197.468,0.0443701,0.082099
-216.456,197.468,0.0445475,0.082847
-212.658,197.468,0.0447067,0.0835358
-208.861,197.468,0.0448654,0.0841973
-205.063,197.468,0.0450545,0.0850137
-201.266,197.468,0.0452687,0.0859442
-197.468,197.468,0.0454762,0.0868266
-193.671,197.468,0.0456665,0.0877017
-189.873,197.468,0.0458638,0.0886446
-186.076,197.468,0.0460991,0.0897782
-182.278,197.468,0.0463272,0.0908565
-178.481,197.468,0.0465527,0.0919299
-174.684,197.468,0.0467874,0.0930845
-170.886,197.468,0.0470175,0.0941966
-167.089,197.468,0.0472512,0.0953557
-163.291,197.468,0.0474728,0.0965514
-159.494,197.468,0.0476862,0.0977624
-155.696,197.468,0.0478736,0.0988374
-151.899,197.468,0.0480515,0.0998718
-148.101,197.468,0.0482078,0.100876
-144.304,197.468,0.0483551,0.101811
-140.506,197.468,0.0485025,0.102742
-136.709,197.468,0.0486461,0.103761
-132.911,197.468,0.0487899,0.104742
-129.114,197.468,0.0489352,0.105697
-125.316,197.468,0.0490833,0.10675
-121.519,197.468,0.0492326,0.107805
-117.722,197.468,0.0493783,0.108838
-113.924,197.468,0.0495087,0.10986
-110.127,197.468,0.0496445,0.110911
-106.329,197.468,0.0497756,0.111946
-102.532,197.468,0.0498815,0.112848
-98.7342,197.468,0.0499696,0.113863
-94.9367,197.468,0.0500427,0.114994
-91.1392,197.468,0.0500811,0.116232
-87.3418,197.468,0.0500967,0.117515
-83.5443,197.468,0.0501137,0.118772
-79.7468,197.468,0.0501338,0.119913
-75.9494,197.468,0.0501651,0.121007
-72.1519,197.468,0.0502068,0.12205
-68.3544,197.468,0.0502398,0.123122
-64.557,197.468,0.0502429,0.124297
-60.7595,197.468,0.0502473,0.125441
-56.962,197.468,0.0502356,0.12658
-53.1646,197.468,0.050216,0.127704
-49.3671,197.468,0.0502022,0.128821
-45.5696,197.468,0.0501867,0.129918
-41.7722,197.468,0.0501652,0.131013
-37.9747,197.468,0.0501399,0.132113
-34.1772,197.468,0.0500823,0.133202
-30.3797,197.468,0.049985,0.134269
-26.5823,197.468,0.0499113,0.135278
-22.7848,197.468,0.0498375,0.136287
-18.9873,197.468,0.0497638,0.137296
-15.1899,197.468,0.0496927,0.138308
-11.3924,197.468,0.0496135,0.13932
-7.59494,197.468,0.0495237,0.140329
-3.79747,197.468,0.0494342,0.14134
0,197.468,0.049324,0.142363
-300,201.266,0.0402284,0.0640116
-296.203,201.266,0.0404272,0.0648044
-292.405,201.266,0.0406445,0.0656662
-288.608,201.266,0.0408729,0.0666087
-284.81,201.266,0.0411348,0.0676894
-281.013,201.266,0.0414036,0.0687931
-277.215,201.266,0.0416672,0.0698825
-273.418,201.266,0.0419056,0.0709032
-269.62,201.266,0.0421323,0.0718953
-265.823,201.266,0.0423793,0.0729618
-262.025,201.266,0.0426278,0.0740161
-258.228,201.266,0.0428532,0.0749834
-254.43,201.266,0.0430588,0.0758923
-250.633,201.266,0.0432577,0.0767763
-246.835,201.266,0.0434434,0.0776014
-243.038,201.266,0.0436436,0.0784668
-239.241,201.266,0.0438554,0.0793755
-235.443,201.266,0.0440607,0.0802761
-231.646,201.266,0.0442568,0.0811294
-227.848,201.266,0.0444301,0.0818449
-224.051,201.266,0.0446256,0.082632
-220.253,201.266,0.044815,0.0833987
-216.456,201.266,0.0449892,0.0841078
-212.658,201.266,0.0451532,0.0847798
-208.861,201.266,0.0453404,0.0855665
-205.063,201.266,0.0455508,0.0864846
-201.266,201.266,0.0457465,0.0873339
-197.468,201.266,0.0459497,0.0882014
-193.671,201.266,0.046157,0.0891834
-189.873,201.266,0.0463889,0.0903319
-186.076,201.266,0.0466172,0.0914394
-182.278,201.266,0.0468309,0.0924681
-178.481,201.266,0.0470577,0.0935798
-174.684,201.266,0.0472866,0.0946815
-170.886,201.266,0.0475183,0.0958361
-167.089,201.266,0.0477373,0.0969738
-163.291,201.266,0.047944,0.0981124
-159.494,201.266,0.0481322,0.0991817
-155.696,201.266,0.0483202,0.10025
-151.899,201.266,0.0484784,0.101218
-148.101,201.266,0.0486306,0.102148
-144.304,201.266,0.0487789,0.103082
-140.506,201.266,0.0489295,0.104058
-136.709,201.266,0.0490754,0.105101
-132.911,201.266,0.0492193,0.106069
-129.114,201.266,0.0493647,0.107057
-125.316,201.266,0.0495046,0.108085
-121.519,201.266,0.0496325,0.109067
-117.722,201.266,0.0497642,0.11007
-113.924,201.266,0.0499002,0.111109
-110.127,201.266,0.0500384,0.112178
-106.329,201.266,0.0501455,0.113079
-102.532,201.266,0.0502446,0.113991
-98.7342,201.266,0.0503298,0.115027
-94.9367,201.266,0.0504031,0.116164
-91.1392,201.266,0.0504437,0.117418
-87.3418,201.266,0.0504607,0.118702
-83.5443,201.266,0.0504767,0.119927
-79.7468,201.266,0.0505011,0.121058
-75.9494,201.266,0.0505316,0.122126
-72.1519,201.266,0.0505701,0.123162
-68.3544,201.266,0.0506105,0.124197
-64.557,201.266,0.0506086,0.125333
-60.7595,201.266,0.050606,0.126472
-56.962,201.266,0.0506029,0.127607
-53.1646,201.266,0.0505771,0.128713
-49.3671,201.266,0.0505518,0.129813
-45.5696,201.266,0.050534,0.130903
-41.7722,201.266,0.0505162,0.131994
-37.9747,201.266,0.0504984,0.133085
-34.1772,201.266,0.0504348,0.134135
-30.3797,201.266,0.0503299,0.135183
-26.5823,201.266,0.0502475,0.136202
-22.7848,201.266,0.0501738,0.137211
-18.9873,201.266,0.0501,0.13822
-15.1899,201.266,0.0500263,0.139228
-11.3924,201.266,0.0499525,0.140237
-7.59494,201.266,0.0498745,0.141246
-3.79747,201.266,0.049782,0.142253
0,201.266,0.0496878,0.143266
-300,205.063,0.0407929,0.0657103
-296.203,205.063,0.0410084,0.0665944
-292.405,205.063,0.0412548,0.0676126
-288.608,205.063,0.0415183,0.0686996
-284.81,205.063,0.0417741,0.0697673
-281.013,205.063,0.0420264,0.0708108
-277.215,205.063,0.0422554,0.0717854
-273.418,205.063,0.0424901,0.0727968
-269.62,205.063,0.0427214,0.073801
-265.823,205.063,0.0429473,0.074789
-262.025,205.063,0.0431532,0.0756842
-258.228,205.063,0.0433563,0.0765681
-254.43,205.063,0.0435582,0.0774586
-250.633,205.063,0.0437538,0.0782962
-246.835,205.063,0.0439448,0.079154
-243.038,205.063,0.0441449,0.080045
-239.241,205.063,0.0443446,0.0809315
-235.443,205.063,0.0445298,0.0817303
-231.646,205.063,0.0446841,0.0823504
-227.848,205.063,0.0448725,0.0831001
-224.051,205.063,0.045065,0.0838585
-220.253,205.063,0.0452414,0.0845515
-216.456,205.063,0.045405,0.0852206
-212.658,205.063,0.0455882,0.0859803
-208.861,205.063,0.0457898,0.0868625
-205.063,205.063,0.0460063,0.0877928
-201.266,205.063,0.0462189,0.0886985
-197.468,205.063,0.0464359,0.0896792
-193.671,205.063,0.0466677,0.0908159
-189.873,205.063,0.0468952,0.0919527
-186.076,205.063,0.0471104,0.0930251
-182.278,205.063,0.0473278,0.0940711
-178.481,205.063,0.0475566,0.095176
-174.684,205.063,0.0477809,0.0963062
-170.886,205.063,0.0480019,0.0974235
-167.089,205.063,0.0482035,0.0984764
-163.291,205.063,0.0483902,0.0995253
-159.494,205.063,0.0485674,0.100557
-155.696,205.063,0.0487398,0.101573
-151.899,205.063,0.0489019,0.102524
-148.101,205.063,0.0490586,0.103448
-144.304,205.063,0.0492152,0.104407
-140.506,205.063,0.0493781,0.105454
-136.709,205.063,0.0495221,0.106464
-132.911,205.063,0.0496564,0.10742
-129.114,205.063,0.0497779,0.108349
-125.316,205.063,0.0498977,0.10931
-121.519,205.063,0.0500222,0.110274
-117.722,205.063,0.0501558,0.111322
-113.924,205.063,0.0502953,0.112378
-110.127,205.063,0.05041,0.11332
-106.329,205.063,0.0505155,0.114213
-102.532,205.063,0.0506066,0.11512
-98.7342,205.063,0.0506786,0.116175
-94.9367,205.063,0.0507466,0.117311
-91.1392,205.063,0.0507837,0.118566
-87.3418,205.063,0.0508071,0.119853
-83.5443,205.063,0.0508275,0.121047
-79.7468,205.063,0.0508519,0.122177
-75.9494,205.063,0.0508946,0.123242
-72.1519,205.063,0.0509343,0.12426
-68.3544,205.063,0.0509656,0.125258
-64.557,205.063,0.0509723,0.126357
-60.7595,205.063,0.0509641,0.127475
-56.962,205.063,0.0509554,0.128584
-53.1646,205.063,0.0509329,0.129688
-49.3671,205.063,0.0509004,0.130796
-45.5696,205.063,0.0508814,0.131888
-41.7722,205.063,0.0508636,0.132979
-37.9747,205.063,0.0508403,0.134044
-34.1772,205.063,0.0507697,0.13506
-30.3797,205.063,0.0506746,0.136096
-26.5823,205.063,0.0505837,0.137126
-22.7848,205.063,0.05051,0.138135
-18.9873,205.063,0.0504362,0.139144
-15.1899,205.063,0.0503625,0.140153
-11.3924,205.063,0.0502887,0.141161
-7.59494,205.063,0.050215,0.14217
-3.79747,205.063,0.05014,0.143178
0,205.063,0.0500426,0.144174
-300,208.861,0.0413818,0.067565
-296.203,208.861,0.0416388,0.0686238
-292.405,208.861,0.0418908,0.0696671
-288.608,208.861,0.0421372,0.0706818
-284.81,208.861,0.0423663,0.0716318
-281.013,208.861,0.0425789,0.0725681
-277.215,208.861,0.0428037,0.073553
-273.418,208.861,0.0430234,0.0745204
-269.62,208.861,0.0432427,0.0754811
-265.823,208.861,0.0434457,0.0763647
-262.025,208.861,0.0436438,0.077236
-258.228,208.861,0.0438525,0.0781259
-254.43,208.861,0.0440455,0.0789629
-250.633,208.861,0.044227,0.079794
-246.835,208.861,0.044426,0.0806913
-243.038,208.861,0.0446155,0.0815196
-239.241,208.861,0.0447844,0.0822277
-235.443,208.861,0.0449386,0.0828454
-231.646,208.861,0.0451209,0.0835728
-227.848,208.861,0.0453096,0.0843009
-224.051,208.861,0.0454946,0.0850099
-220.253,208.861,0.0456661,0.0856976
-216.456,208.861,0.0458436,0.0864359
-212.658,208.861,0.0460777,0.0874097
-208.861,208.861,0.0462934,0.0883565
-205.063,208.861,0.0464795,0.0891794
-201.266,208.861,0.0466882,0.0901154
-197.468,208.861,0.0469177,0.0912252
-193.671,208.861,0.0471533,0.0923835
-189.873,208.861,0.0473829,0.093525
-186.076,208.861,0.0476031,0.0945874
-182.278,208.861,0.0478197,0.0956574
-178.481,208.861,0.0480409,0.0967712
-174.684,208.861,0.0482601,0.0978572
-170.886,208.861,0.0484667,0.0988634
-167.089,208.861,0.0486495,0.0998639
-163.291,208.861,0.0488252,0.100887
-159.494,208.861,0.0490008,0.101909
-155.696,208.861,0.0491776,0.102914
-151.899,208.861,0.049338,0.10385
-148.101,208.861,0.0495029,0.104815
-144.304,208.861,0.0496729,0.10584
-140.506,208.861,0.0498214,0.106826
-136.709,208.861,0.0499437,0.107759
-132.911,208.861,0.0500538,0.108638
-129.114,208.861,0.0501634,0.109545
-125.316,208.861,0.0502873,0.110512
-121.519,208.861,0.0504187,0.111526
-117.722,208.861,0.0505515,0.112579
-113.924,208.861,0.0506657,0.113538
-110.127,208.861,0.0507635,0.114415
-106.329,208.861,0.0508651,0.115297
-102.532,208.861,0.0509518,0.116221
-98.7342,208.861,0.0510225,0.11731
-94.9367,208.861,0.0510864,0.118462
-91.1392,208.861,0.0511228,0.119716
-87.3418,208.861,0.0511472,0.120991
-83.5443,208.861,0.0511783,0.122166
-79.7468,208.861,0.0512008,0.123285
-75.9494,208.861,0.0512415,0.124299
-72.1519,208.861,0.0512824,0.125312
-68.3544,208.861,0.0513172,0.126304
-64.557,208.861,0.0513281,0.12734
-60.7595,208.861,0.0513144,0.12845
-56.962,208.861,0.0513058,0.129557
-53.1646,208.861,0.0512982,0.130647
-49.3671,208.861,0.0512616,0.131764
-45.5696,208.861,0.0512263,0.132862
-41.7722,208.861,0.051203,0.133926
-37.9747,208.861,0.0511704,0.134976
-34.1772,208.861,0.051101,0.13599
-30.3797,208.861,0.0510059,0.137026
-26.5823,208.861,0.050911,0.138061
-22.7848,208.861,0.0508458,0.13906
-18.9873,208.861,0.0507725,0.140068
-15.1899,208.861,0.0506987,0.141077
-11.3924,208.861,0.050625,0.142086
-7.59494,208.861,0.0505512,0.143094
-3.79747,208.861,0.0504775,0.144103
0,208.861,0.0504072,0.145106
-300,212.658,0.0420206,0.0696264
-296.203,212.658,0.0422483,0.0705661
-292.405,212.658,0.0424579,0.071453
-288.608,212.658,0.0426791,0.0723806
-284.81,212.658,0.0428888,0.0733102
-281.013,212.658,0.0430941,0.0742352
-277.215,212.658,0.0433041,0.075175
-273.418,212.658,0.0435139,0.0761097
-269.62,212.658,0.043709,0.0769742
-265.823,212.658,0.043909,0.0778443
-262.025,212.658,0.0441197,0.0787449
-258.228,212.658,0.0443229,0.0796148
-254.43,212.658,0.0445157,0.0804578
-250.633,212.658,0.044697,0.081265
-246.835,212.658,0.0448795,0.0820583
-243.038,212.658,0.045046,0.0827501
-239.241,212.658,0.0451999,0.0833667
-235.443,212.658,0.0453743,0.0840504
-231.646,212.658,0.0455573,0.0847549
-227.848,212.658,0.0457359,0.0854466
-224.051,212.658,0.045922,0.0861819
-220.253,212.658,0.046123,0.0869981
-216.456,212.658,0.0463332,0.0878897
-212.658,212.658,0.0465508,0.0888429
-208.861,212.658,0.0467465,0.0896889
-205.063,212.658,0.0469607,0.0906358
-201.266,212.658,0.0471855,0.0916845
-197.468,212.658,0.0474195,0.092842
-193.671,212.658,0.0476591,0.0940209
-189.873,212.658,0.0478831,0.0951151
-186.076,212.658,0.0480932,0.0961694
-182.278,212.658,0.0483095,0.0972523
-178.481,212.658,0.0485207,0.0982983
-174.684,212.658,0.0487252,0.099285
-170.886,212.658,0.0489043,0.100205
-167.089,212.658,0.0490811,0.101211
-163.291,212.658,0.0492588,0.102239
-159.494,212.658,0.049438,0.103249
-155.696,212.658,0.0496192,0.104263
-151.899,212.658,0.0497866,0.105231
-148.101,212.658,0.0499532,0.106244
-144.304,212.658,0.0500974,0.107188
-140.506,212.658,0.0502216,0.108064
-136.709,212.658,0.0503353,0.108951
-132.911,212.658,0.0504378,0.109804
-129.114,212.658,0.0505463,0.110738
-125.316,212.658,0.0506689,0.111703
-121.519,212.658,0.0507991,0.112743
-117.722,212.658,0.0509213,0.113741
-113.924,212.658,0.0510194,0.114624
-110.127,212.658,0.051116,0.1155
-106.329,212.658,0.0512093,0.116386
-102.532,212.658,0.0512942,0.11735
-98.7342,212.658,0.0513677,0.118468
-94.9367,212.658,0.0514279,0.119623
-91.1392,212.658,0.0514615,0.120869
-87.3418,212.658,0.0514873,0.122115
-83.5443,212.658,0.0515149,0.123248
-79.7468,212.658,0.0515458,0.124333
-75.9494,212.658,0.0515803,0.125323
-72.1519,212.658,0.0516148,0.126314
-68.3544,212.658,0.0516492,0.127304
-64.557,212.658,0.0516777,0.128315
-60.7595,212.658,0.0516723,0.129433
-56.962,212.658,0.0516587,0.130532
-53.1646,212.658,0.0516487,0.13162
-49.3671,212.658,0.0516294,0.132693
-45.5696,212.658,0.051582,0.133788
-41.7722,212.658,0.0515432,0.134872
-37.9747,212.658,0.0514996,0.135908
-34.1772,212.658,0.0514323,0.136919
-30.3797,212.658,0.0513371,0.137955
-26.5823,212.658,0.051242,0.138991
-22.7848,212.658,0.0511674,0.140001
-18.9873,212.658,0.0511022,0.141
-15.1899,212.658,0.0510349,0.142001
-11.3924,212.658,0.0509612,0.14301
-7.59494,212.658,0.0508874,0.144018
-3.79747,212.658,0.0508151,0.145025
0,212.658,0.0507455,0.146027
-300,216.456,0.0425729,0.071403
-296.203,216.456,0.0427809,0.0722836
-292.405,216.456,0.0429804,0.0731338
-288.608,216.456,0.0431747,0.0740123
-284.81,216.456,0.0433668,0.0748899
-281.013,216.456,0.0435666,0.0757872
-277.215,216.456,0.0437742,0.0767124
-273.418,216.456,0.0439649,0.0775595
-269.62,216.456,0.0441711,0.0784357
-265.823,216.456,0.0443798,0.0793222
-262.025,216.456,0.0445892,0.0802181
-258.228,216.456,0.0447835,0.0810321
-254.43,216.456,0.0449729,0.0818477
-250.633,216.456,0.0451597,0.0826608
-246.835,216.456,0.0453186,0.0833172
-243.038,216.456,0.0454693,0.0839123
-239.241,216.456,0.0456337,0.084553
-235.443,216.456,0.0457989,0.0852067
-231.646,216.456,0.0459576,0.0858357
-227.848,216.456,0.0461589,0.0866239
-224.051,216.456,0.0463796,0.0874999
-220.253,216.456,0.0465786,0.0883588
-216.456,216.456,0.0467876,0.0892746
-212.658,216.456,0.0470096,0.0902088
-208.861,216.456,0.0472419,0.0911974
-205.063,216.456,0.047466,0.0921968
-201.266,216.456,0.0477086,0.0933731
-197.468,216.456,0.0479476,0.0945312
-193.671,216.456,0.0481806,0.0956809
-189.873,216.456,0.0483951,0.0967623
-186.076,216.456,0.0485995,0.0977768
-182.278,216.456,0.0487988,0.0987502
-178.481,216.456,0.0489835,0.0996836
-174.684,216.456,0.0491537,0.100596
-170.886,216.456,0.049331,0.101522
-167.089,216.456,0.0495087,0.10255
-163.291,216.456,0.0496874,0.103563
-159.494,216.456,0.0498788,0.104616
-155.696,216.456,0.0500601,0.105636
-151.899,216.456,0.0502172,0.106606
-148.101,216.456,0.0503515,0.107512
-144.304,216.456,0.0504778,0.108374
-140.506,216.456,0.050596,0.109249
-136.709,216.456,0.0507018,0.110078
-132.911,216.456,0.0508044,0.110937
-129.114,216.456,0.0509233,0.111916
-125.316,216.456,0.0510467,0.112907
-121.519,216.456,0.0511744,0.113937
-117.722,216.456,0.0512754,0.114816
-113.924,216.456,0.0513726,0.115703
-110.127,216.456,0.0514696,0.116586
-106.329,216.456,0.0515602,0.117482
-102.532,216.456,0.0516386,0.118512
-98.7342,216.456,0.0517096,0.11963
-94.9367,216.456,0.0517686,0.120789
-91.1392,216.456,0.0518036,0.12199
-87.3418,216.456,0.0518197,0.12318
-83.5443,216.456,0.0518399,0.124279
-79.7468,216.456,0.0518726,0.125331
-75.9494,216.456,0.0519123,0.126324
-72.1519,216.456,0.0519468,0.127314
-68.3544,216.456,0.0519813,0.128304
-64.557,216.456,0.0520157,0.129294
-60.7595,216.456,0.0520162,0.130401
-56.962,216.456,0.052012,0.131501
-53.1646,216.456,0.0519987,0.132562
-49.3671,216.456,0.0519815,0.13362
-45.5696,216.456,0.0519467,0.134702
-41.7722,216.456,0.0519041,0.135792
-37.9747,216.456,0.0518343,0.136832
-34.1772,216.456,0.0517636,0.137849
-30.3797,216.456,0.0516684,0.138885
-26.5823,216.456,0.0515733,0.139921
-22.7848,216.456,0.0514889,0.140943
-18.9873,216.456,0.0514238,0.141942
-15.1899,216.456,0.0513586,0.14294
-11.3924,216.456,0.0512935,0.143939
-7.59494,216.456,0.0512237,0.144943
-3.79747,216.456,0.0511534,0.145945
0,216.456,0.0510837,0.146947
-300,220.253,0.0430778,0.0730299
-296.203,220.253,0.0432812,0.0739043
-292.405,220.253,0.0434733,0.0747674
-288.608,220.253,0.0436637,0.0756345
-284.81,220.253,0.0438514,0.0764896
-281.013,220.253,0.044032,0.0773085
-277.215,220.253,0.0442263,0.0781408
-273.418,220.253,0.0444285,0.0789985
-269.62,220.253,0.044635,0.0798779
-265.823,220.253,0.0448429,0.0807535
-262.025,220.253,0.0450459,0.081595
-258.228,220.253,0.0452306,0.0823973
-254.43,220.253,0.0454097,0.0831703
-250.633,220.253,0.0455658,0.0838074
-246.835,220.253,0.0457094,0.0843714
-243.038,220.253,0.0458581,0.08496
-239.241,220.253,0.0460159,0.085587
-235.443,220.253,0.0461892,0.0862652
-231.646,220.253,0.046402,0.0871
-227.848,220.253,0.0466176,0.0879645
-224.051,220.253,0.0468328,0.0888582
-220.253,220.253,0.0470408,0.0897543
-216.456,220.253,0.0472734,0.0907367
-212.658,220.253,0.0475138,0.091748
-208.861,220.253,0.0477596,0.0927892
-205.063,220.253,0.0479988,0.0939179
-201.266,220.253,0.048238,0.0950781
-197.468,220.253,0.0484638,0.0961947
-193.671,220.253,0.0486845,0.0972822
-189.873,220.253,0.0488908,0.0982921
-186.076,220.253,0.0490798,0.0992156
-182.278,220.253,0.0492599,0.100123
-178.481,220.253,0.0494324,0.101043
-174.684,220.253,0.0496014,0.10195
-170.886,220.253,0.049774,0.1029
-167.089,220.253,0.0499513,0.103928
-163.291,220.253,0.0501354,0.104959
-159.494,220.253,0.0503049,0.105946
-155.696,220.253,0.0504597,0.106912
-151.899,220.253,0.0505844,0.107792
-148.101,220.253,0.0507117,0.10867
-144.304,220.253,0.0508361,0.109533
-140.506,220.253,0.0509461,0.110372
-136.709,220.253,0.0510535,0.111201
-132.911,220.253,0.0511744,0.112121
-129.114,220.253,0.0512982,0.113099
-125.316,220.253,0.0514245,0.114119
-121.519,220.253,0.0515319,0.11503
-117.722,220.253,0.0516286,0.115896
-113.924,220.253,0.0517259,0.116783
-110.127,220.253,0.0518231,0.11767
-106.329,220.253,0.0519134,0.11861
-102.532,220.253,0.0519882,0.119674
-98.7342,220.253,0.0520583,0.12078
-94.9367,220.253,0.0520983,0.121912
-91.1392,220.253,0.0521285,0.123031
-87.3418,220.253,0.0521456,0.124183
-83.5443,220.253,0.0521597,0.125287
-79.7468,220.253,0.052195,0.126327
-75.9494,220.253,0.0522428,0.127323
-72.1519,220.253,0.0522788,0.128314
-68.3544,220.253,0.0523133,0.129304
-64.557,220.253,0.0523478,0.130295
-60.7595,220.253,0.0523547,0.131347
-56.962,220.253,0.0523477,0.132426
-53.1646,220.253,0.0523412,0.133494
-49.3671,220.253,0.0523337,0.134562
-45.5696,220.253,0.052316,0.135619
-41.7722,220.253,0.0522626,0.136707
-37.9747,220.253,0.0521844,0.137736
-34.1772,220.253,0.0521041,0.138766
-30.3797,220.253,0.0519997,0.139814
-26.5823,220.253,0.0519046,0.14085
-22.7848,220.253,0.0518104,0.141885
-18.9873,220.253,0.0517453,0.142883
-15.1899,220.253,0.0516801,0.143882
-11.3924,220.253,0.051615,0.14488
-7.59494,220.253,0.0515511,0.145877
-3.79747,220.253,0.0514895,0.146869
0,220.253,0.051422,0.147868
-300,224.051,0.0435595,0.0745936
-296.203,224.051,0.0437495,0.0754482
-292.405,224.051,0.0439283,0.0762764
-288.608,224.051,0.044109,0.0771113
-284.81,224.051,0.0442957,0.0779367
-281.013,224.051,0.0444945,0.0787838
-277.215,224.051,0.0446875,0.0795952
-273.418,224.051,0.0448865,0.0804338
-269.62,224.051,0.0450958,0.081303
-265.823,224.051,0.045298,0.0821377
-262.025,224.051,0.0454866,0.0829431
-258.228,224.051,0.0456574,0.0836631
-254.43,224.051,0.0458112,0.0842837
-250.633,224.051,0.0459562,0.0848574
-246.835,224.051,0.0461111,0.0854559
-243.038,224.051,0.046268,0.0860738
-239.241,224.051,0.0464605,0.0868284
-235.443,224.051,0.0466661,0.0876379
-231.646,224.051,0.0468719,0.0884862
-227.848,224.051,0.047078,0.0893429
-224.051,224.051,0.0473096,0.090301
-220.253,224.051,0.0475489,0.0913141
-216.456,224.051,0.0477937,0.0923458
-212.658,224.051,0.0480387,0.093379
-208.861,224.051,0.0482927,0.094491
-205.063,224.051,0.04853,0.0956365
-201.266,224.051,0.0487518,0.0967256
-197.468,224.051,0.0489669,0.0977617
-193.671,224.051,0.0491768,0.0987719
-189.873,224.051,0.0493638,0.0996966
-186.076,224.051,0.0495432,0.100598
-182.278,224.051,0.0497142,0.101503
-178.481,224.051,0.0498868,0.102428
-174.684,224.051,0.0500568,0.103341
-170.886,224.051,0.0502313,0.10433
-167.089,224.051,0.0503934,0.105308
-163.291,224.051,0.050554,0.106272
-159.494,224.051,0.0507037,0.107209
-155.696,224.051,0.0508316,0.108113
-151.899,224.051,0.0509537,0.108995
-148.101,224.051,0.0510744,0.109816
-144.304,224.051,0.0511917,0.110675
-140.506,224.051,0.051299,0.111505
-136.709,224.051,0.0514138,0.112373
-132.911,224.051,0.0515396,0.113312
-129.114,224.051,0.051668,0.114294
-125.316,224.051,0.0517802,0.115238
-121.519,224.051,0.0518777,0.116094
-117.722,224.051,0.0519763,0.116972
-113.924,224.051,0.0520752,0.117859
-110.127,224.051,0.0521768,0.118776
-106.329,224.051,0.0522664,0.119738
-102.532,224.051,0.0523324,0.120808
-98.7342,224.051,0.0523911,0.121841
-94.9367,224.051,0.0524242,0.122957
-91.1392,224.051,0.0524468,0.124064
-87.3418,224.051,0.0524677,0.125184
-83.5443,224.051,0.0524843,0.12629
-79.7468,224.051,0.052518,0.127322
-75.9494,224.051,0.0525652,0.128319
-72.1519,224.051,0.0526109,0.129314
-68.3544,224.051,0.0526445,0.1303
-64.557,224.051,0.0526745,0.131262
-60.7595,224.051,0.0526902,0.132274
-56.962,224.051,0.0526833,0.133351
-53.1646,224.051,0.0526768,0.134419
-49.3671,224.051,0.0526703,0.135488
-45.5696,224.051,0.0526638,0.136556
-41.7722,224.051,0.0526237,0.137613
-37.9747,224.051,0.052536,0.138641
-34.1772,224.051,0.0524563,0.139668
-30.3797,224.051,0.0523433,0.140727
-26.5823,224.051,0.0522359,0.141779
-22.7848,224.051,0.0521407,0.142815
-18.9873,224.051,0.0520668,0.143825
-15.1899,224.051,0.0520017,0.144823
-11.3924,224.051,0.0519365,0.145822
-7.59494,224.051,0.0518744,0.146815
-3.79747,224.051,0.0518128,0.147807
0,224.051,0.0517512,0.1488
-300,227.848,0.044009,0.0760799
-296.203,227.848,0.0441862,0.0768971
-292.405,227.848,0.0443787,0.0777591
-288.608,227.848,0.0445646,0.0785592
-284.81,227.848,0.0447509,0.0793553
-281.013,227.848,0.044946,0.0801749
-277.215,227.848,0.0451462,0.0810227
-273.418,227.848,0.0453625,0.0819119
-269.62,227.848,0.0455697,0.0827656
-265.823,227.848,0.0457608,0.0835494
-262.025,227.848,0.0459225,0.0842168
-258.228,227.848,0.0460713,0.0848155
-254.43,227.848,0.0462094,0.0853563
-250.633,227.848,0.0463557,0.0859363
-246.835,227.848,0.0465465,0.0866559
-243.038,227.848,0.0467433,0.0874323
-239.241,227.848,0.0469359,0.088206
-235.443,227.848,0.0471233,0.0889985
-231.646,227.848,0.0473288,0.0898525
-227.848,227.848,0.0475745,0.0908723
-224.051,227.848,0.0478369,0.091949
-220.253,227.848,0.0480804,0.092974
-216.456,227.848,0.0483238,0.0939991
-212.658,227.848,0.0485743,0.0950808
-208.861,227.848,0.0488131,0.0961649
-205.063,227.848,0.0490408,0.0972387
-201.266,227.848,0.0492558,0.0982749
-197.468,227.848,0.049452,0.0992268
-193.671,227.848,0.0496439,0.100156
-189.873,227.848,0.0498332,0.101104
-186.076,227.848,0.05,0.102004
-182.278,227.848,0.0501617,0.102873
-178.481,227.848,0.0503376,0.103821
-174.684,227.848,0.0505023,0.104756
-170.886,227.848,0.0506662,0.105683
-167.089,227.848,0.0508143,0.106619
-163.291,227.848,0.0509587,0.107537
-159.494,227.848,0.0510962,0.108478
-155.696,227.848,0.0512247,0.109388
-151.899,227.848,0.0513448,0.110212
-148.101,227.848,0.0514592,0.111033
-144.304,227.848,0.0515681,0.111871
-140.506,227.848,0.0516762,0.11272
-136.709,227.848,0.0517907,0.113587
-132.911,227.848,0.0519169,0.114544
-129.114,227.848,0.0520374,0.115494
-125.316,227.848,0.0521403,0.116362
-121.519,227.848,0.0522347,0.117208
-117.722,227.848,0.0523346,0.118092
-113.924,227.848,0.0524362,0.119002
-110.127,227.848,0.0525309,0.119928
-106.329,227.848,0.0526055,0.12085
-102.532,227.848,0.0526633,0.121914
-98.7342,227.848,0.0527258,0.122927
-94.9367,227.848,0.0527598,0.124021
-91.1392,227.848,0.052784,0.125128
-87.3418,227.848,0.0528084,0.126226
-83.5443,227.848,0.0528173,0.12733
-79.7468,227.848,0.0528564,0.128347
-75.9494,227.848,0.0529001,0.129346
-72.1519,227.848,0.0529445,0.130325
-68.3544,227.848,0.0529815,0.13129
-64.557,227.848,0.0530112,0.132252
-60.7595,227.848,0.0530361,0.13323
-56.962,227.848,0.0530289,0.134303
-53.1646,227.848,0.0530221,0.13537
-49.3671,227.848,0.0530152,0.136438
-45.5696,227.848,0.0530084,0.137505
-41.7722,227.848,0.0529786,0.138538
-37.9747,227.848,0.0529066,0.139572
-34.1772,227.848,0.0528213,0.140595
-30.3797,227.848,0.0527046,0.141648
-26.5823,227.848,0.0525911,0.142706
-22.7848,227.848,0.0524803,0.143761
-18.9873,227.848,0.0523959,0.144782
-15.1899,227.848,0.0523303,0.14578
-11.3924,227.848,0.052266,0.146775
-7.59494,227.848,0.0522039,0.147766
-3.79747,227.848,0.0521418,0.148758
0,227.848,0.0520798,0.149749
-300,231.646,0.0444557,0.0775515
-296.203,231.646,0.0446472,0.0783688
-292.405,231.646,0.0448364,0.0791764
-288.608,231.646,0.045026,0.0799855
-284.81,231.646,0.0452206,0.0808204
-281.013,231.646,0.0454293,0.0816909
-277.215,231.646,0.0456382,0.0825476
-273.418,231.646,0.0458387,0.0833627
-269.62,231.646,0.0460304,0.0841321
-265.823,231.646,0.0461913,0.0847949
-262.025,231.646,0.0463325,0.0853759
-258.228,231.646,0.0464601,0.0858759
-254.43,231.646,0.0466245,0.0865044
-250.633,231.646,0.0468216,0.0872625
-246.835,231.646,0.0470238,0.0880386
-243.038,231.646,0.0472115,0.0888015
-239.241,231.646,0.0473864,0.08955
-235.443,231.646,0.0475905,0.0904118
-231.646,231.646,0.0478378,0.0914477
-227.848,231.646,0.0481069,0.0925307
-224.051,231.646,0.0483684,0.0936089
-220.253,231.646,0.0486118,0.0946339
-216.456,231.646,0.0488504,0.0956599
-212.658,231.646,0.0490782,0.0966434
-208.861,231.646,0.0493104,0.0976945
-205.063,231.646,0.0495352,0.0987561
-201.266,231.646,0.0497216,0.0996712
-197.468,231.646,0.0499077,0.100586
-193.671,231.646,0.0500973,0.101536
-189.873,231.646,0.0502775,0.102484
-186.076,231.646,0.0504445,0.103375
-182.278,231.646,0.0506015,0.104238
-178.481,231.646,0.0507668,0.105172
-174.684,231.646,0.0509281,0.106075
-170.886,231.646,0.0510788,0.106973
-167.089,231.646,0.0512194,0.107872
-163.291,231.646,0.0513577,0.108806
-159.494,231.646,0.0514926,0.10976
-155.696,231.646,0.0516161,0.110611
-151.899,231.646,0.0517324,0.111412
-148.101,231.646,0.0518439,0.112248
-144.304,231.646,0.0519569,0.113109
-140.506,231.646,0.0520667,0.113955
-136.709,231.646,0.0521845,0.114839
-132.911,231.646,0.0523027,0.115773
-129.114,231.646,0.052407,0.116662
-125.316,231.646,0.0525011,0.117496
-121.519,231.646,0.0525949,0.118339
-117.722,231.646,0.0526894,0.119224
-113.924,231.646,0.0527821,0.120105
-110.127,231.646,0.0528637,0.121001
-106.329,231.646,0.0529352,0.121951
-102.532,231.646,0.0529933,0.123022
-98.7342,231.646,0.0530582,0.124014
-94.9367,231.646,0.0530915,0.125086
-91.1392,231.646,0.0531157,0.126193
-87.3418,231.646,0.0531412,0.127289
-83.5443,231.646,0.0531576,0.128372
-79.7468,231.646,0.053195,0.129375
-75.9494,231.646,0.0532332,0.130348
-72.1519,231.646,0.0532743,0.131322
-68.3544,231.646,0.0533193,0.132291
-64.557,231.646,0.0533526,0.133254
-60.7595,231.646,0.0533822,0.134216
-56.962,231.646,0.0533801,0.13527
-53.1646,231.646,0.0533732,0.136338
-49.3671,231.646,0.0533664,0.137405
-45.5696,231.646,0.0533595,0.138472
-41.7722,231.646,0.0533194,0.13949
-37.9747,231.646,0.0532663,0.140507
-34.1772,231.646,0.0531934,0.14154
-30.3797,231.646,0.0530849,0.142595
-26.5823,231.646,0.0529647,0.143649
-22.7848,231.646,0.0528488,0.144706
-18.9873,231.646,0.0527364,0.145763
-15.1899,231.646,0.0526708,0.146761
-11.3924,231.646,0.0526082,0.147753
-7.59494,231.646,0.0525462,0.148744
-3.79747,231.646,0.0524841,0.149735
0,231.646,0.052422,0.150727
-300,235.443,0.0449297,0.0790433
-296.203,235.443,0.0451169,0.0798433
-292.405,235.443,0.0453077,0.0806535
-288.608,235.443,0.0455019,0.0814775
-284.81,235.443,0.0457032,0.0823099
-281.013,235.443,0.0459111,0.0831573
-277.215,235.443,0.0461092,0.0839644
-273.418,235.443,0.0462933,0.0846989
-269.62,235.443,0.0464481,0.0853452
-265.823,235.443,0.046585,0.0859089
-262.025,235.443,0.0467256,0.0864405
-258.228,235.443,0.046904,0.087113
-254.43,235.443,0.0471042,0.0879047
-250.633,235.443,0.047302,0.0886694
-246.835,235.443,0.0474828,0.0894162
-243.038,235.443,0.0476692,0.0901924
-239.241,235.443,0.0478737,0.0910646
-235.443,235.443,0.0481113,0.0920596
-231.646,235.443,0.0483714,0.0931105
-227.848,235.443,0.0486427,0.0942028
-224.051,235.443,0.0488947,0.0952353
-220.253,235.443,0.0491193,0.0961793
-216.456,235.443,0.0493433,0.0971485
-212.658,235.443,0.0495611,0.0981092
-208.861,235.443,0.0497686,0.099094
-205.063,235.443,0.0499764,0.100076
-201.266,235.443,0.050167,0.101004
-197.468,235.443,0.0503529,0.10193
-193.671,235.443,0.0505461,0.102951
-189.873,235.443,0.0507147,0.103842
-186.076,235.443,0.0508708,0.104696
-182.278,235.443,0.0510217,0.105548
-178.481,235.443,0.0511804,0.106444
-174.684,235.443,0.0513395,0.107335
-170.886,235.443,0.0514824,0.108235
-167.089,235.443,0.0516201,0.109146
-163.291,235.443,0.0517588,0.110088
-159.494,235.443,0.0518897,0.110996
-155.696,235.443,0.052006,0.111815
-151.899,235.443,0.052118,0.11262
-148.101,235.443,0.0522342,0.113489
-144.304,235.443,0.0523457,0.114345
-140.506,235.443,0.0524609,0.115202
-136.709,235.443,0.052581,0.116104
-132.911,235.443,0.0526844,0.116965
-129.114,235.443,0.0527823,0.117824
-125.316,235.443,0.0528735,0.118655
-121.519,235.443,0.0529593,0.119483
-117.722,235.443,0.0530389,0.120327
-113.924,235.443,0.0531211,0.12118
-110.127,235.443,0.0531948,0.122078
-106.329,235.443,0.0532646,0.123054
-102.532,235.443,0.0533232,0.124118
-98.7342,235.443,0.0533896,0.125082
-94.9367,235.443,0.0534231,0.126151
-91.1392,235.443,0.0534474,0.127258
-87.3418,235.443,0.053473,0.128352
-83.5443,235.443,0.0534964,0.129387
-79.7468,235.443,0.0535302,0.130362
-75.9494,235.443,0.0535643,0.131335
-72.1519,235.443,0.0535994,0.132309
-68.3544,235.443,0.0536405,0.133282
-64.557,235.443,0.0536879,0.134252
-60.7595,235.443,0.0537205,0.135215
-56.962,235.443,0.0537299,0.136237
-53.1646,235.443,0.0537243,0.137305
-49.3671,235.443,0.0537175,0.138372
-45.5696,235.443,0.0537052,0.139431
-41.7722,235.443,0.0536603,0.140441
-37.9747,235.443,0.0536153,0.141451
-34.1772,235.443,0.0535517,0.142477
-30.3797,235.443,0.0534517,0.143534
-26.5823,235.443,0.0533453,0.144596
-22.7848,235.443,0.0532263,0.145651
-18.9873,235.443,0.0531065,0.146706
-15.1899,235.443,0.0530146,0.147737
-11.3924,235.443,0.0529505,0.148731
-7.59494,235.443,0.0528884,0.149722
-3.79747,235.443,0.0528264,0.150713
0,235.443,0.0527643,0.151704
-300,239.241,0.0454004,0.0805061
-296.203,239.241,0.0455901,0.0813108
-292.405,239.241,0.0457844,0.0821236
-288.608,239.241,0.0459803,0.0829375
-284.81,239.241,0.0461816,0.0837618
-281.013,239.241,0.0463755,0.0845544
-277.215,239.241,0.046543,0.0852364
-273.418,239.241,0.046698,0.0858729
-269.62,239.241,0.0468427,0.0864551
-265.823,239.241,0.0469993,0.087036
-262.025,239.241,0.0471838,0.0877347
-258.228,239.241,0.0473815,0.0885208
-254.43,239.241,0.047569,0.0892834
-250.633,239.241,0.0477557,0.0900615
-246.835,239.241,0.0479458,0.0908562
-243.038,239.241,0.0481603,0.0917728
-239.241,239.241,0.0483951,0.0927347
-235.443,239.241,0.0486493,0.0937492
-231.646,239.241,0.0489033,0.0947665
-227.848,239.241,0.0491421,0.0956937
-224.051,239.241,0.049369,0.0966469
-220.253,239.241,0.0495911,0.0976106
-216.456,239.241,0.0497973,0.0985299
-212.658,239.241,0.0499974,0.0994236
-208.861,239.241,0.0502028,0.100394
-205.063,239.241,0.0504099,0.101374
-201.266,239.241,0.0506066,0.102335
-197.468,239.241,0.0507914,0.103323
-193.671,239.241,0.0509656,0.104258
-189.873,239.241,0.051128,0.105127
-186.076,239.241,0.0512746,0.105949
-182.278,239.241,0.0514267,0.106801
-178.481,239.241,0.0515856,0.107689
-174.684,239.241,0.0517342,0.108547
-170.886,239.241,0.0518765,0.109496
-167.089,239.241,0.0520142,0.110407
-163.291,239.241,0.0521503,0.111317
-159.494,239.241,0.0522784,0.112193
-155.696,239.241,0.0523892,0.112989
-151.899,239.241,0.0525026,0.113837
-148.101,239.241,0.0526173,0.114707
-144.304,239.241,0.0527313,0.115553
-140.506,239.241,0.0528523,0.11644
-136.709,239.241,0.0529549,0.117259
-132.911,239.241,0.0530504,0.118104
-129.114,239.241,0.053139,0.118931
-125.316,239.241,0.0532225,0.11974
-121.519,239.241,0.0533053,0.12058
-117.722,239.241,0.0533879,0.121417
-113.924,239.241,0.0534654,0.122274
-110.127,239.241,0.0535345,0.123165
-106.329,239.241,0.0535947,0.124153
-102.532,239.241,0.0536494,0.12519
-98.7342,239.241,0.0537116,0.126123
-94.9367,239.241,0.0537453,0.127193
-91.1392,239.241,0.0537693,0.128299
-87.3418,239.241,0.0537912,0.129365
-83.5443,239.241,0.0538206,0.130356
-79.7468,239.241,0.053855,0.131327
-75.9494,239.241,0.053889,0.132299
-72.1519,239.241,0.053923,0.133272
-68.3544,239.241,0.0539569,0.134245
-64.557,239.241,0.053996,0.135218
-60.7595,239.241,0.0540396,0.136186
-56.962,239.241,0.0540607,0.137174
-53.1646,239.241,0.0540559,0.138243
-49.3671,239.241,0.0540509,0.139311
-45.5696,239.241,0.0540301,0.140355
-41.7722,239.241,0.053987,0.141367
-37.9747,239.241,0.0539439,0.142378
-34.1772,239.241,0.0538973,0.143389
-30.3797,239.241,0.0537993,0.144444
-26.5823,239.241,0.0536928,0.145506
-22.7848,239.241,0.0535863,0.146568
-18.9873,239.241,0.0534747,0.147627
-15.1899,239.241,0.053366,0.148665
-11.3924,239.241,0.0532847,0.149674
-7.59494,239.241,0.0532192,0.15067
-3.79747,239.241,0.053157,0.151661
0,239.241,0.0530948,0.152652
-300,243.038,0.0458684,0.0819428
-296.203,243.038,0.0460627,0.0827556
-292.405,243.038,0.046257,0.0835683
-288.608,243.038,0.046448,0.0843734
-284.81,243.038,0.0466189,0.0850904
-281.013,243.038,0.0467818,0.0857453
-277.215,243.038,0.0469454,0.0863974
-273.418,243.038,0.0471064,0.0870259
-269.62,243.038,0.047271,0.0876359
-265.823,243.038,0.0474542,0.0883362
-262.025,243.038,0.0476461,0.0891064
-258.228,243.038,0.0478344,0.089903
-254.43,243.038,0.0480202,0.0906876
-250.633,243.038,0.0482201,0.0915333
-246.835,243.038,0.0484329,0.0924488
-243.038,243.038,0.0486516,0.0933313
-239.241,243.038,0.0489073,0.0943395
-235.443,243.038,0.0491456,0.0952675
-231.646,243.038,0.0493715,0.0961272
-227.848,243.038,0.0496112,0.0971062
-224.051,243.038,0.0498217,0.098033
-220.253,243.038,0.0500227,0.0989151
-216.456,243.038,0.0502215,0.0997805
-212.658,243.038,0.0504227,0.100699
-208.861,243.038,0.0506287,0.101672
-205.063,243.038,0.0508297,0.102647
-201.266,243.038,0.0510264,0.103663
-197.468,243.038,0.0512031,0.104618
-193.671,243.038,0.0513615,0.105486
-189.873,243.038,0.0515159,0.106328
-186.076,243.038,0.0516703,0.107178
-182.278,243.038,0.0518247,0.108027
-178.481,243.038,0.051972,0.108882
-174.684,243.038,0.0521197,0.109766
-170.886,243.038,0.0522614,0.110716
-167.089,243.038,0.0524006,0.111632
-163.291,243.038,0.0525337,0.112512
-159.494,243.038,0.0526565,0.11335
-155.696,243.038,0.0527701,0.114166
-151.899,243.038,0.0528829,0.115032
-148.101,243.038,0.052999,0.115902
-144.304,243.038,0.0531167,0.116772
-140.506,243.038,0.0532189,0.117568
-136.709,243.038,0.0533099,0.118357
-132.911,243.038,0.0533958,0.119172
-129.114,243.038,0.0534776,0.119969
-125.316,243.038,0.0535623,0.120812
-121.519,243.038,0.0536459,0.12166
-117.722,243.038,0.0537285,0.122497
-113.924,243.038,0.0538037,0.123355
-110.127,243.038,0.0538729,0.124245
-106.329,243.038,0.0539294,0.125248
-102.532,243.038,0.0539818,0.126251
-98.7342,243.038,0.0540463,0.127172
-94.9367,243.038,0.0540771,0.128213
-91.1392,243.038,0.05409,0.129288
-87.3418,243.038,0.0541042,0.130352
-83.5443,243.038,0.0541379,0.131324
-79.7468,243.038,0.054175,0.13228
-75.9494,243.038,0.054209,0.133253
-72.1519,243.038,0.054243,0.134226
-68.3544,243.038,0.054277,0.135199
-64.557,243.038,0.0543109,0.136172
-60.7595,243.038,0.0543472,0.137143
-56.962,243.038,0.0543825,0.138105
-53.1646,243.038,0.0543806,0.139172
-49.3671,243.038,0.0543778,0.14024
-45.5696,243.038,0.0543466,0.141269
-41.7722,243.038,0.0543036,0.14228
-37.9747,243.038,0.0542605,0.143291
-34.1772,243.038,0.0542174,0.144302
-30.3797,243.038,0.0541379,0.145344
-26.5823,243.038,0.0540336,0.146407
-22.7848,243.038,0.0539292,0.147471
-18.9873,243.038,0.0538256,0.148531
-15.1899,243.038,0.0537234,0.149586
-11.3924,243.038,0.0536367,0.1506
-7.59494,243.038,0.0535527,0.151607
-3.79747,243.038,0.0534856,0.152603
0,243.038,0.0534234,0.153594
-300,246.835,0.0463411,0.0833875
-296.203,246.835,0.0465325,0.0841936
-292.405,246.835,0.0467142,0.0849771
-288.608,246.835,0.0468723,0.0856485
-284.81,246.835,0.0470275,0.0862803
-281.013,246.835,0.0472137,0.0870041
-277.215,246.835,0.0473823,0.0876437
-273.418,246.835,0.0475451,0.0882526
-269.62,246.835,0.04772,0.0889278
-265.823,246.835,0.0479158,0.0897242
-262.025,246.835,0.0481004,0.0905185
-258.228,246.835,0.0482835,0.0913168
-254.43,246.835,0.048487,0.0921965
-250.633,246.835,0.0486907,0.0930676
-246.835,246.835,0.0489,0.0939102
-243.038,246.835,0.0491418,0.0948485
-239.241,246.835,0.0493768,0.095723
-235.443,246.835,0.0496032,0.0965673
-231.646,246.835,0.0498353,0.0975121
-227.848,246.835,0.0500645,0.0985004
-224.051,246.835,0.0502539,0.0993325
-220.253,246.835,0.0504504,0.100186
-216.456,246.835,0.0506485,0.101049
-212.658,246.835,0.0508412,0.101958
-208.861,246.835,0.0510408,0.10292
-205.063,246.835,0.0512414,0.103949
-201.266,246.835,0.0514274,0.104921
-197.468,246.835,0.0515935,0.105833
-193.671,246.835,0.051749,0.106683
-189.873,246.835,0.0519097,0.107559
-186.076,246.835,0.0520676,0.108404
-182.278,246.835,0.0522095,0.10922
-178.481,246.835,0.0523584,0.110091
-174.684,246.835,0.0525046,0.110991
-170.886,246.835,0.0526459,0.111925
-167.089,246.835,0.0527861,0.112828
-163.291,246.835,0.052914,0.113691
-159.494,246.835,0.0530381,0.114537
-155.696,246.835,0.0531517,0.115349
-151.899,246.835,0.053266,0.116235
-148.101,246.835,0.05338,0.117083
-144.304,246.835,0.0534832,0.117911
-140.506,246.835,0.0535704,0.118639
-136.709,246.835,0.0536514,0.119408
-132.911,246.835,0.0537331,0.120203
-129.114,246.835,0.0538172,0.12103
-125.316,246.835,0.0539021,0.121884
-121.519,246.835,0.0539865,0.12274
-117.722,246.835,0.0540691,0.123577
-113.924,246.835,0.0541398,0.124448
-110.127,246.835,0.0542114,0.125324
-106.329,246.835,0.0542657,0.126348
-102.532,246.835,0.0543165,0.127314
-98.7342,246.835,0.0543767,0.128202
-94.9367,246.835,0.0544096,0.129205
-91.1392,246.835,0.0544241,0.130281
-87.3418,246.835,0.0544384,0.131349
-83.5443,246.835,0.054472,0.132304
-79.7468,246.835,0.0545061,0.133236
-75.9494,246.835,0.0545329,0.134208
-72.1519,246.835,0.054563,0.13518
-68.3544,246.835,0.054597,0.136153
-64.557,246.835,0.0546309,0.137125
-60.7595,246.835,0.0546651,0.138095
-56.962,246.835,0.0547005,0.139045
-53.1646,246.835,0.0547024,0.140103
-49.3671,246.835,0.0547004,0.14117
-45.5696,246.835,0.054662,0.142183
-41.7722,246.835,0.0546201,0.143194
-37.9747,246.835,0.054577,0.144205
-34.1772,246.835,0.054534,0.145216
-30.3797,246.835,0.0544726,0.146242
-26.5823,246.835,0.0543682,0.147306
-22.7848,246.835,0.0542638,0.148369
-18.9873,246.835,0.0541632,0.149426
-15.1899,246.835,0.0540631,0.150482
-11.3924,246.835,0.0539785,0.151519
-7.59494,246.835,0.0539054,0.152534
-3.79747,246.835,0.0538231,0.153542
0,246.835,0.053752,0.154537
-300,250.633,0.0467987,0.0847973
-296.203,250.633,0.0469785,0.0855705
-292.405,250.633,0.0471275,0.0861984
-288.608,250.633,0.0473058,0.0869162
-284.81,250.633,0.0475006,0.0876727
-281.013,250.633,0.0476684,0.0883005
-277.215,250.633,0.0478223,0.0888973
-273.418,250.633,0.0479906,0.0895518
-269.62,250.633,0.0481745,0.0903247
-265.823,250.633,0.0483543,0.0911077
-262.025,250.633,0.0485455,0.091951
-258.228,250.633,0.0487492,0.0928463
-254.43,250.633,0.0489492,0.0936805
-250.633,250.633,0.0491517,0.0944843
-246.835,250.633,0.0493701,0.0953198
-243.038,250.633,0.0495975,0.096155
-239.241,250.633,0.049827,0.0969977
-235.443,250.633,0.0500529,0.0978999
-231.646,250.633,0.0502797,0.0988672
-227.848,250.633,0.0504987,0.0997911
-224.051,250.633,0.050688,0.100623
-220.253,250.633,0.050869,0.101428
-216.456,250.633,0.0510605,0.10229
-212.658,250.633,0.0512563,0.103225
-208.861,250.633,0.0514471,0.104211
-205.063,250.633,0.0516282,0.105153
-201.266,250.633,0.0518117,0.106116
-197.468,250.633,0.051984,0.107047
-193.671,250.633,0.0521427,0.107918
-189.873,250.633,0.0523028,0.108759
-186.076,250.633,0.0524509,0.109595
-182.278,250.633,0.0525958,0.110433
-178.481,250.633,0.0527449,0.111299
-174.684,250.633,0.0528891,0.112204
-170.886,250.633,0.0530286,0.113088
-167.089,250.633,0.0531667,0.113988
-163.291,250.633,0.0532976,0.114886
-159.494,250.633,0.0534197,0.115723
-155.696,250.633,0.0535269,0.116531
-151.899,250.633,0.0536391,0.117383
-148.101,250.633,0.0537504,0.118237
-144.304,250.633,0.0538342,0.118958
-140.506,250.633,0.0539087,0.119647
-136.709,250.633,0.0539886,0.120439
-132.911,250.633,0.0540724,0.121261
-129.114,250.633,0.0541568,0.122093
-125.316,250.633,0.0542419,0.122956
-121.519,250.633,0.054327,0.12382
-117.722,250.633,0.0544059,0.124668
-113.924,250.633,0.0544759,0.125541
-110.127,250.633,0.054546,0.126413
-106.329,250.633,0.0546,0.127425
-102.532,250.633,0.0546476,0.128339
-98.7342,250.633,0.0547053,0.129217
-94.9367,250.633,0.0547422,0.130195
-91.1392,250.633,0.0547564,0.131278
-87.3418,250.633,0.0547711,0.132348
-83.5443,250.633,0.0548099,0.133289
-79.7468,250.633,0.0548465,0.134212
-75.9494,250.633,0.0548765,0.135166
-72.1519,250.633,0.0549033,0.136138
-68.3544,250.633,0.0549301,0.137109
-64.557,250.633,0.0549569,0.13808
-60.7595,250.633,0.0549852,0.139046
-56.962,250.633,0.05502,0.139997
-53.1646,250.633,0.0550284,0.141033
-49.3671,250.633,0.0550135,0.142087
-45.5696,250.633,0.0549735,0.143098
-41.7722,250.633,0.0549334,0.144108
-37.9747,250.633,0.0548934,0.145118
-34.1772,250.633,0.0548505,0.146129
-30.3797,250.633,0.054791,0.147155
-26.5823,250.633,0.0547029,0.148204
-22.7848,250.633,0.0546001,0.149265
-18.9873,250.633,0.0545,0.150321
-15.1899,250.633,0.0543999,0.151377
-11.3924,250.633,0.0543058,0.152425
-7.59494,250.633,0.0542363,0.153443
-3.79747,250.633,0.0541668,0.154461
0,250.633,0.0540879,0.155472
-300,254.43,0.0472345,0.0861243
-296.203,254.43,0.0474101,0.0868408
-292.405,254.43,0.0475976,0.0875904
-288.608,254.43,0.0477844,0.0883436
-284.81,254.43,0.0479501,0.0889678
-281.013,254.43,0.0480993,0.0895555
-277.215,254.43,0.048263,0.0902071
-273.418,254.43,0.0484368,0.0909554
-269.62,254.43,0.0486112,0.0917176
-265.823,254.43,0.0488091,0.0925982
-262.025,254.43,0.0490114,0.0934957
-258.228,254.43,0.0492048,0.0942714
-254.43,254.43,0.0493975,0.0950112
-250.633,254.43,0.0495974,0.0957746
-246.835,254.43,0.0498182,0.0965871
-243.038,254.43,0.0500363,0.0973981
-239.241,254.43,0.050256,0.0982556
-235.443,254.43,0.0504907,0.0992243
-231.646,254.43,0.0507185,0.100172
-227.848,254.43,0.0509242,0.101054
-224.051,254.43,0.0511034,0.101856
-220.253,254.43,0.0512867,0.102674
-216.456,254.43,0.0514705,0.103539
-212.658,254.43,0.0516523,0.104474
-208.861,254.43,0.0518337,0.105418
-205.063,254.43,0.0520138,0.106358
-201.266,254.43,0.0521982,0.107327
-197.468,254.43,0.0523787,0.108293
-193.671,254.43,0.0525361,0.109121
-189.873,254.43,0.0526833,0.109942
-186.076,254.43,0.0528369,0.110807
-182.278,254.43,0.052982,0.111646
-178.481,254.43,0.0531307,0.112503
-174.684,254.43,0.0532718,0.113367
-170.886,254.43,0.0534109,0.114247
-167.089,254.43,0.0535481,0.115158
-163.291,254.43,0.0536736,0.116049
-159.494,254.43,0.0537874,0.116865
-155.696,254.43,0.053898,0.117701
-151.899,254.43,0.0540109,0.118535
-148.101,254.43,0.0540994,0.119273
-144.304,254.43,0.0541779,0.119971
-140.506,254.43,0.0542485,0.12067
-136.709,254.43,0.0543289,0.121491
-132.911,254.43,0.054412,0.122322
-129.114,254.43,0.0544966,0.123165
-125.316,254.43,0.0545817,0.124028
-121.519,254.43,0.0546668,0.124892
-117.722,254.43,0.054742,0.125761
-113.924,254.43,0.054812,0.126634
-110.127,254.43,0.0548771,0.1275
-106.329,254.43,0.0549249,0.128463
-102.532,254.43,0.0549777,0.129359
-98.7342,254.43,0.0550354,0.130237
-94.9367,254.43,0.0550748,0.131185
-91.1392,254.43,0.055089,0.132268
-87.3418,254.43,0.0551033,0.133347
-83.5443,254.43,0.0551448,0.134283
-79.7468,254.43,0.0551846,0.135198
-75.9494,254.43,0.05522,0.136125
-72.1519,254.43,0.0552469,0.137096
-68.3544,254.43,0.0552737,0.138068
-64.557,254.43,0.0553005,0.139039
-60.7595,254.43,0.0553276,0.140003
-56.962,254.43,0.0553552,0.140952
-53.1646,254.43,0.0553662,0.141958
-49.3671,254.43,0.0553331,0.143003
-45.5696,254.43,0.0552853,0.144012
-41.7722,254.43,0.0552449,0.145023
-37.9747,254.43,0.0552049,0.146033
-34.1772,254.43,0.0551648,0.147044
-30.3797,254.43,0.0551093,0.148067
-26.5823,254.43,0.0550375,0.149102
-22.7848,254.43,0.0549369,0.150159
-18.9873,254.43,0.0548368,0.151215
-15.1899,254.43,0.0547367,0.152271
-11.3924,254.43,0.0546366,0.153327
-7.59494,254.43,0.0545636,0.15435
-3.79747,254.43,0.0544941,0.155367
0,254.43,0.0544246,0.156385
-300,258.228,0.0476982,0.0875102
-296.203,258.228,0.047878,0.0882543
-292.405,258.228,0.0480574,0.0889877
-288.608,258.228,0.0482214,0.089614
-284.81,258.228,0.0483742,0.090215
-281.013,258.228,0.0485378,0.0908755
-277.215,258.228,0.0487066,0.0916091
-273.418,258.228,0.0488861,0.0924046
-269.62,258.228,0.0490811,0.0932803
-265.823,258.228,0.0492761,0.0941272
-262.025,258.228,0.0494564,0.0948244
-258.228,258.228,0.0496377,0.0955149
-254.43,258.228,0.0498281,0.0962324
-250.633,258.228,0.0500367,0.0970159
-246.835,258.228,0.0502457,0.0977985
-243.038,258.228,0.0504603,0.0986192
-239.241,258.228,0.0506907,0.0995574
-235.443,258.228,0.0509167,0.100493
-231.646,258.228,0.0511364,0.101411
-227.848,258.228,0.05134,0.102292
-224.051,258.228,0.0515213,0.103103
-220.253,258.228,0.0516913,0.103876
-216.456,258.228,0.0518644,0.104769
-212.658,258.228,0.0520391,0.105683
-208.861,258.228,0.0522165,0.106603
-205.063,258.228,0.0524003,0.107569
-201.266,258.228,0.0525866,0.108556
-197.468,258.228,0.0527694,0.109492
-193.671,258.228,0.052917,0.110304
-189.873,258.228,0.0530703,0.111164
-186.076,258.228,0.0532236,0.112025
-182.278,258.228,0.0533682,0.112854
-178.481,258.228,0.0535143,0.11366
-174.684,258.228,0.0536552,0.114534
-170.886,258.228,0.0537866,0.115393
-167.089,258.228,0.0539149,0.116284
-163.291,258.228,0.0540402,0.117168
-159.494,258.228,0.0541568,0.118011
-155.696,258.228,0.054265,0.118831
-151.899,258.228,0.0543606,0.119585
-148.101,258.228,0.0544429,0.120284
-144.304,258.228,0.0545146,0.120946
-140.506,258.228,0.0545901,0.121714
-136.709,258.228,0.0546715,0.122548
-132.911,258.228,0.0547529,0.123382
-129.114,258.228,0.0548364,0.124237
-125.316,258.228,0.0549215,0.1251
-121.519,258.228,0.0550066,0.125964
-117.722,258.228,0.0550775,0.12685
-113.924,258.228,0.0551427,0.127691
-110.127,258.228,0.0552037,0.128554
-106.329,258.228,0.0552483,0.129501
-102.532,258.228,0.0553053,0.130385
-98.7342,258.228,0.0553655,0.131256
-94.9367,258.228,0.0554099,0.132182
-91.1392,258.228,0.0554216,0.133258
-87.3418,258.228,0.0554359,0.134341
-83.5443,258.228,0.0554796,0.135277
-79.7468,258.228,0.0555215,0.136189
-75.9494,258.228,0.0555594,0.137104
-72.1519,258.228,0.0555904,0.138055
-68.3544,258.228,0.0556172,0.139026
-64.557,258.228,0.055644,0.139998
-60.7595,258.228,0.0556712,0.14096
-56.962,258.228,0.0556988,0.141909
-53.1646,258.228,0.0557203,0.142879
-49.3671,258.228,0.0556815,0.143911
-45.5696,258.228,0.0556257,0.144926
-41.7722,258.228,0.0555708,0.145936
-37.9747,258.228,0.0555195,0.146947
-34.1772,258.228,0.0554763,0.147958
-30.3797,258.228,0.0554234,0.14898
-26.5823,258.228,0.0553587,0.150011
-22.7848,258.228,0.0552737,0.151054
-18.9873,258.228,0.0551736,0.15211
-15.1899,258.228,0.0550735,0.153166
-11.3924,258.228,0.0549734,0.154222
-7.59494,258.228,0.0548909,0.155256
-3.79747,258.228,0.0548214,0.156274
0,258.228,0.0547519,0.157292
-300,262.025,0.0481554,0.0889275
-296.203,262.025,0.0483307,0.0896321
-292.405,262.025,0.0484937,0.0902617
-288.608,262.025,0.0486493,0.0908825
-284.81,262.025,0.0488094,0.0915396
-281.013,262.025,0.0489773,0.0922663
-277.215,262.025,0.0491667,0.0931154
-273.418,262.025,0.0493599,0.0939844
-269.62,262.025,0.0495359,0.0947031
-265.823,262.025,0.0497138,0.0954039
-262.025,262.025,0.0498815,0.0960333
-258.228,262.025,0.0500649,0.0967219
-254.43,262.025,0.0502515,0.097435
-250.633,262.025,0.050457,0.0982057
-246.835,262.025,0.0506668,0.0989929
-243.038,262.025,0.0508839,0.0998682
-239.241,262.025,0.051103,0.100782
-235.443,262.025,0.0513292,0.101723
-231.646,262.025,0.0515569,0.10267
-227.848,262.025,0.0517477,0.103504
-224.051,262.025,0.0519177,0.104278
-220.253,262.025,0.0520883,0.105106
-216.456,262.025,0.0522571,0.105996
-212.658,262.025,0.0524245,0.106875
-208.861,262.025,0.0526024,0.10781
-205.063,262.025,0.0527868,0.108779
-201.266,262.025,0.0529712,0.109748
-197.468,262.025,0.053144,0.110656
-193.671,262.025,0.0533043,0.111527
-189.873,262.025,0.0534576,0.112388
-186.076,262.025,0.0536101,0.113232
-182.278,262.025,0.0537535,0.114018
-178.481,262.025,0.0538936,0.114815
-174.684,262.025,0.0540239,0.115659
-170.886,262.025,0.0541556,0.116525
-167.089,262.025,0.0542817,0.117409
-163.291,262.025,0.0544057,0.118286
-159.494,262.025,0.054518,0.119122
-155.696,262.025,0.054617,0.119892
-151.899,262.025,0.0547056,0.120607
-148.101,262.025,0.0547829,0.121284
-144.304,262.025,0.054853,0.121944
-140.506,262.025,0.0549327,0.122771
-136.709,262.025,0.0550141,0.123605
-132.911,262.025,0.0550955,0.12444
-129.114,262.025,0.0551776,0.125307
-125.316,262.025,0.0552613,0.126172
-121.519,262.025,0.0553395,0.127031
-117.722,262.025,0.0554067,0.127898
-113.924,262.025,0.0554719,0.128739
-110.127,262.025,0.0555297,0.129598
-106.329,262.025,0.0555745,0.130536
-102.532,262.025,0.05563,0.131419
-98.7342,262.025,0.0556941,0.13228
-94.9367,262.025,0.0557451,0.13318
-91.1392,262.025,0.0557555,0.134252
-87.3418,262.025,0.0557719,0.135318
-83.5443,262.025,0.0558145,0.136271
-79.7468,262.025,0.0558583,0.137181
-75.9494,262.025,0.0558963,0.138095
-72.1519,262.025,0.0559317,0.139023
-68.3544,262.025,0.0559602,0.139987
-64.557,262.025,0.0559876,0.140956
-60.7595,262.025,0.0560148,0.141916
-56.962,262.025,0.0560425,0.142865
-53.1646,262.025,0.0560686,0.143812
-49.3671,262.025,0.0560252,0.144817
-45.5696,262.025,0.0559777,0.145836
-41.7722,262.025,0.0559183,0.146849
-37.9747,262.025,0.0558634,0.147859
-34.1772,262.025,0.0558091,0.14887
-30.3797,262.025,0.05575,0.149891
-26.5823,262.025,0.055676,0.150923
-22.7848,262.025,0.055606,0.15195
-18.9873,262.025,0.0555101,0.153005
-15.1899,262.025,0.0554103,0.154061
-11.3924,262.025,0.0553103,0.155117
-7.59494,262.025,0.0552182,0.156163
-3.79747,262.025,0.0551487,0.157181
0,262.025,0.0550792,0.158198
-300,265.823,0.0486041,0.0902833
-296.203,265.823,0.0487671,0.0909219
-292.405,265.823,0.048927,0.0915534
-288.608,265.823,0.049081,0.0922038
-284.81,265.823,0.0492542,0.092957
-281.013,265.823,0.0494474,0.0938261
-277.215,265.823,0.0496296,0.094607
-273.418,265.823,0.0498026,0.095297
-269.62,265.823,0.0499668,0.095945
-265.823,265.823,0.0501272,0.0965583
-262.025,265.823,0.0502971,0.097206
-258.228,265.823,0.0504755,0.0978907
-254.43,265.823,0.0506694,0.098621
-250.633,265.823,0.0508664,0.0993511
-246.835,265.823,0.0510724,0.100169
-243.038,265.823,0.0512934,0.101086
-239.241,265.823,0.0515211,0.102033
-235.443,265.823,0.0517398,0.10295
-231.646,265.823,0.0519541,0.103852
-227.848,265.823,0.052144,0.10468
-224.051,265.823,0.0523136,0.105471
-220.253,265.823,0.0524812,0.106334
-216.456,265.823,0.0526453,0.107197
-212.658,265.823,0.0528123,0.108079
-208.861,265.823,0.0529901,0.109028
-205.063,265.823,0.0531677,0.109967
-201.266,265.823,0.0533487,0.110934
-197.468,265.823,0.0535219,0.111841
-193.671,265.823,0.0536913,0.112756
-189.873,265.823,0.0538418,0.113579
-186.076,265.823,0.053986,0.114366
-182.278,265.823,0.0541306,0.115159
-178.481,265.823,0.0542647,0.115948
-174.684,265.823,0.0543941,0.116789
-170.886,265.823,0.054525,0.117666
-167.089,265.823,0.0546445,0.118515
-163.291,265.823,0.0547639,0.119363
-159.494,265.823,0.0548682,0.120159
-155.696,265.823,0.054962,0.120913
-151.899,265.823,0.0550502,0.121627
-148.101,265.823,0.0551197,0.122271
-144.304,265.823,0.055194,0.122995
-140.506,265.823,0.0552752,0.123821
-136.709,265.823,0.0553567,0.124662
-132.911,265.823,0.0554383,0.125508
-129.114,265.823,0.0555204,0.126376
-125.316,265.823,0.0555974,0.127213
-121.519,265.823,0.055668,0.12807
-117.722,265.823,0.0557353,0.128939
-113.924,265.823,0.0558003,0.129781
-110.127,265.823,0.0558558,0.130642
-106.329,265.823,0.0559008,0.13157
-102.532,265.823,0.0559547,0.132453
-98.7342,265.823,0.0560188,0.133314
-94.9367,265.823,0.0560793,0.134181
-91.1392,265.823,0.0560907,0.135249
-87.3418,265.823,0.0561081,0.136296
-83.5443,265.823,0.0561494,0.137259
-79.7468,265.823,0.0561951,0.138172
-75.9494,265.823,0.0562331,0.139086
-72.1519,265.823,0.0562711,0.140001
-68.3544,265.823,0.0563013,0.140956
-64.557,265.823,0.0563298,0.141921
-60.7595,265.823,0.0563585,0.142873
-56.962,265.823,0.0563861,0.143822
-53.1646,265.823,0.0564025,0.144751
-49.3671,265.823,0.056369,0.145722
-45.5696,265.823,0.0563215,0.146741
-41.7722,265.823,0.0562704,0.147759
-37.9747,265.823,0.0562109,0.148771
-34.1772,265.823,0.056156,0.149782
-30.3797,265.823,0.0560931,0.150799
-26.5823,265.823,0.0560171,0.15183
-22.7848,265.823,0.0559496,0.152854
-18.9873,265.823,0.0558544,0.153901
-15.1899,265.823,0.0557511,0.154956
-11.3924,265.823,0.0556471,0.156011
-7.59494,265.823,0.055547,0.157068
-3.79747,265.823,0.055476,0.158087
0,265.823,0.0554065,0.159105
-300,269.62,0.0490406,0.0915821
-296.203,269.62,0.0492015,0.0922178
-292.405,269.62,0.0493543,0.0928694
-288.608,269.62,0.0495348,0.0936678
-284.81,269.62,0.0497208,0.0944814
-281.013,269.62,0.0498964,0.0952011
-277.215,269.62,0.0500674,0.0958783
-273.418,269.62,0.0502239,0.0964917
-269.62,269.62,0.0503744,0.0970856
-265.823,269.62,0.05053,0.0976914
-262.025,269.62,0.0507053,0.0983662
-258.228,269.62,0.0508858,0.0990417
-254.43,269.62,0.0510678,0.0997251
-250.633,269.62,0.0512641,0.100502
-246.835,269.62,0.0514838,0.101399
-243.038,269.62,0.0517069,0.102324
-239.241,269.62,0.0519215,0.103226
-235.443,269.62,0.0521358,0.104129
-231.646,269.62,0.0523502,0.105031
-227.848,269.62,0.0525367,0.105854
-224.051,269.62,0.0527054,0.106675
-220.253,269.62,0.0528694,0.107535
-216.456,269.62,0.0530335,0.108398
-212.658,269.62,0.0532045,0.109309
-208.861,269.62,0.0533711,0.110211
-205.063,269.62,0.0535473,0.111163
-201.266,269.62,0.0537259,0.112113
-197.468,269.62,0.0538994,0.113036
-193.671,269.62,0.0540673,0.113917
-189.873,269.62,0.0542121,0.114706
-186.076,269.62,0.0543622,0.115511
-182.278,269.62,0.0545029,0.116283
-178.481,269.62,0.054636,0.117081
-174.684,269.62,0.0547634,0.117914
-170.886,269.62,0.0548854,0.118764
-167.089,269.62,0.0550035,0.119601
-163.291,269.62,0.0551201,0.120427
-159.494,269.62,0.0552114,0.12116
-155.696,269.62,0.0553051,0.121917
-151.899,269.62,0.0553872,0.122612
-148.101,269.62,0.0554582,0.123281
-144.304,269.62,0.0555354,0.12405
-140.506,269.62,0.0556174,0.124879
-136.709,269.62,0.0556992,0.125714
-132.911,269.62,0.0557789,0.126563
-129.114,269.62,0.0558559,0.1274
-125.316,269.62,0.0559329,0.128237
-121.519,269.62,0.0559979,0.129108
-117.722,269.62,0.0560638,0.129979
-113.924,269.62,0.0561276,0.130814
-110.127,269.62,0.0561819,0.131686
-106.329,269.62,0.0562272,0.132604
-102.532,269.62,0.0562819,0.133484
-98.7342,269.62,0.0563436,0.134348
-94.9367,269.62,0.0564042,0.135214
-91.1392,269.62,0.0564259,0.136246
-87.3418,269.62,0.0564467,0.137281
-83.5443,269.62,0.0564843,0.138246
-79.7468,269.62,0.0565319,0.139161
-75.9494,269.62,0.0565699,0.140078
-72.1519,269.62,0.0566079,0.140992
-68.3544,269.62,0.0566424,0.141925
-64.557,269.62,0.0566709,0.142889
-60.7595,269.62,0.0566999,0.143839
-56.962,269.62,0.0567293,0.144781
-53.1646,269.62,0.0567364,0.14569
-49.3671,269.62,0.0567127,0.146628
-45.5696,269.62,0.0566652,0.147647
-41.7722,269.62,0.0566177,0.148666
-37.9747,269.62,0.0565628,0.149682
-34.1772,269.62,0.0565035,0.150694
-30.3797,269.62,0.056444,0.151706
-26.5823,269.62,0.0563636,0.152736
-22.7848,269.62,0.0562866,0.153764
-18.9873,269.62,0.0562085,0.154797
-15.1899,269.62,0.0561052,0.155852
-11.3924,269.62,0.0560019,0.156907
-7.59494,269.62,0.0558986,0.157961
-3.79747,269.62,0.0558113,0.158994
0,269.62,0.0557354,0.160012
-300,273.418,0.0494716,0.0928736
-296.203,273.418,0.049635,0.0935653
-292.405,273.418,0.0498102,0.0943298
-288.608,273.418,0.0499902,0.0951052
-284.81,273.418,0.0501632,0.0957953
-281.013,273.418,0.0503245,0.0964251
-277.215,273.418,0.0504789,0.0970326
-273.418,273.418,0.0506213,0.0976066
-269.62,273.418,0.05077,0.098192
-265.823,273.418,0.0509347,0.0988295
-262.025,273.418,0.0510958,0.0994406
-258.228,273.418,0.0512734,0.100109
-254.43,273.418,0.0514688,0.10088
-250.633,273.418,0.0516792,0.101741
-246.835,273.418,0.0518875,0.102612
-243.038,273.418,0.0521012,0.103507
-239.241,273.418,0.0523167,0.104407
-235.443,273.418,0.0525319,0.105307
-231.646,273.418,0.0527462,0.10621
-227.848,273.418,0.052924,0.107049
-224.051,273.418,0.0530935,0.107873
-220.253,273.418,0.0532576,0.108736
-216.456,273.418,0.0534224,0.109603
-212.658,273.418,0.053585,0.110492
-208.861,273.418,0.0537568,0.111427
-205.063,273.418,0.0539279,0.112363
-201.266,273.418,0.0540945,0.113273
-197.468,273.418,0.0542626,0.11415
-193.671,273.418,0.0544314,0.115022
-189.873,273.418,0.0545889,0.115854
-186.076,273.418,0.054732,0.11663
-182.278,273.418,0.054875,0.117411
-178.481,273.418,0.0550013,0.118194
-174.684,273.418,0.0551252,0.119014
-170.886,273.418,0.055245,0.119855
-167.089,273.418,0.0553613,0.120685
-163.291,273.418,0.0554648,0.121436
-159.494,273.418,0.0555556,0.122168
-155.696,273.418,0.0556457,0.122901
-151.899,273.418,0.0557271,0.123626
-148.101,273.418,0.0557997,0.124319
-144.304,273.418,0.0558775,0.12511
-140.506,273.418,0.0559595,0.12594
-136.709,273.418,0.0560371,0.126744
-132.911,273.418,0.0561144,0.127584
-129.114,273.418,0.0561913,0.128425
-125.316,273.418,0.0562651,0.129271
-121.519,273.418,0.0563294,0.130144
-117.722,273.418,0.0563933,0.131013
-113.924,273.418,0.056455,0.131847
-110.127,273.418,0.0565081,0.132728
-106.329,273.418,0.0565536,0.133638
-102.532,273.418,0.0566095,0.134514
-98.7342,273.418,0.0566683,0.135382
-94.9367,273.418,0.0567292,0.136248
-91.1392,273.418,0.0567557,0.137259
-87.3418,273.418,0.0567854,0.138266
-83.5443,273.418,0.0568208,0.139237
-79.7468,273.418,0.0568666,0.140149
-75.9494,273.418,0.0569068,0.141069
-72.1519,273.418,0.0569447,0.141983
-68.3544,273.418,0.0569827,0.142897
-64.557,273.418,0.057012,0.143858
-60.7595,273.418,0.0570411,0.144806
-56.962,273.418,0.0570704,0.145748
-53.1646,273.418,0.0570691,0.146634
-49.3671,273.418,0.0570565,0.147533
-45.5696,273.418,0.0570089,0.148552
-41.7722,273.418,0.0569614,0.149571
-37.9747,273.418,0.0569139,0.15059
-34.1772,273.418,0.0568565,0.151602
-30.3797,273.418,0.0567949,0.152614
-26.5823,273.418,0.0567145,0.153644
-22.7848,273.418,0.056634,0.154674
-18.9873,273.418,0.0565629,0.155693
-15.1899,273.418,0.0564593,0.156747
-11.3924,273.418,0.056356,0.157802
-7.59494,273.418,0.0562527,0.158857
-3.79747,273.418,0.0561558,0.159904
0,273.418,0.0560833,0.16092
-300,277.215,0.0499151,0.0942424
-296.203,277.215,0.050087,0.0949827
-292.405,277.215,0.0502574,0.0956998
-288.608,277.215,0.0504251,0.0963585
-284.81,277.215,0.0505816,0.0969719
-281.013,277.215,0.0507262,0.0975521
-277.215,277.215,0.0508686,0.0981262
-273.418,277.215,0.0510097,0.0986933
-269.62,277.215,0.0511609,0.0992746
-265.823,277.215,0.0513143,0.0998624
-262.025,277.215,0.0514883,0.100523
-258.228,277.215,0.0516777,0.101281
-254.43,277.215,0.0518719,0.102077
-250.633,277.215,0.0520753,0.10292
-246.835,277.215,0.0522861,0.103807
-243.038,277.215,0.0524969,0.104693
-239.241,277.215,0.052711,0.105589
-235.443,277.215,0.0529266,0.106489
-231.646,277.215,0.0531356,0.107409
-227.848,277.215,0.0533058,0.108214
-224.051,277.215,0.0534785,0.109066
-220.253,277.215,0.0536458,0.109936
-216.456,277.215,0.0538009,0.110789
-212.658,277.215,0.0539679,0.111701
-208.861,277.215,0.054133,0.112618
-205.063,277.215,0.054298,0.113534
-201.266,277.215,0.0544606,0.11439
-197.468,277.215,0.0546268,0.115255
-193.671,277.215,0.054801,0.116145
-189.873,277.215,0.0549592,0.116975
-186.076,277.215,0.0550991,0.117736
-182.278,277.215,0.0552375,0.118495
-178.481,277.215,0.0553622,0.119285
-174.684,277.215,0.0554868,0.120119
-170.886,277.215,0.0556043,0.120953
-167.089,277.215,0.0557117,0.121725
-163.291,277.215,0.0558072,0.122438
-159.494,277.215,0.0558997,0.123176
-155.696,277.215,0.0559848,0.123899
-151.899,277.215,0.0560646,0.124618
-148.101,277.215,0.0561426,0.125367
-144.304,277.215,0.0562197,0.126165
-140.506,277.215,0.0562959,0.126963
-136.709,277.215,0.0563723,0.127772
-132.911,277.215,0.0564497,0.128604
-129.114,277.215,0.0565268,0.129447
-125.316,277.215,0.0565966,0.130307
-121.519,277.215,0.0566609,0.131179
-117.722,277.215,0.056723,0.132033
-113.924,277.215,0.0567834,0.132873
-110.127,277.215,0.0568344,0.133762
-106.329,277.215,0.05688,0.134671
-102.532,277.215,0.056937,0.135544
-98.7342,277.215,0.0569952,0.136413
-94.9367,277.215,0.0570541,0.137282
-91.1392,277.215,0.0570849,0.138273
-87.3418,277.215,0.0571204,0.13926
-83.5443,277.215,0.0571584,0.140231
-79.7468,277.215,0.0572021,0.141139
-75.9494,277.215,0.0572436,0.142055
-72.1519,277.215,0.0572816,0.142974
-68.3544,277.215,0.0573195,0.143889
-64.557,277.215,0.0573531,0.144827
-60.7595,277.215,0.0573823,0.145772
-56.962,277.215,0.057407,0.146706
-53.1646,277.215,0.0574006,0.147583
-49.3671,277.215,0.0573941,0.148461
-45.5696,277.215,0.0573524,0.149459
-41.7722,277.215,0.0573051,0.150477
-37.9747,277.215,0.0572576,0.151496
-34.1772,277.215,0.0572116,0.152509
-30.3797,277.215,0.0571499,0.153519
-26.5823,277.215,0.0570654,0.154551
-22.7848,277.215,0.0569849,0.155582
-18.9873,277.215,0.0569104,0.156605
-15.1899,277.215,0.0568178,0.157643
-11.3924,277.215,0.0567101,0.158698
-7.59494,277.215,0.0566068,0.159752
-3.79747,277.215,0.0565035,0.160807
0,277.215,0.0564259,0.16183
-300,281.013,0.0503597,0.0956081
-296.203,281.013,0.050527,0.0962866
-292.405,281.013,0.0506822,0.0969052
-288.608,281.013,0.0508312,0.0974976
-284.81,281.013,0.0509736,0.0980717
-281.013,281.013,0.0511139,0.0986396
-277.215,281.013,0.051243,0.0991646
-273.418,281.013,0.051387,0.0997197
-269.62,281.013,0.051541,0.10031
-265.823,281.013,0.0517095,0.100953
-262.025,281.013,0.0518865,0.101668
-258.228,281.013,0.052069,0.102429
-254.43,281.013,0.0522669,0.10325
-250.633,281.013,0.0524739,0.104115
-246.835,281.013,0.0526847,0.105001
-243.038,281.013,0.0528955,0.105888
-239.241,281.013,0.0531063,0.106774
-235.443,281.013,0.0533182,0.107694
-231.646,281.013,0.0535154,0.108577
-227.848,281.013,0.053687,0.109379
-224.051,281.013,0.0538617,0.110255
-220.253,281.013,0.054015,0.111078
-216.456,281.013,0.054175,0.111963
-212.658,281.013,0.0543401,0.11288
-208.861,281.013,0.0545046,0.113785
-205.063,281.013,0.0546673,0.114655
-201.266,281.013,0.0548292,0.115507
-197.468,281.013,0.0549986,0.116384
-193.671,281.013,0.0551651,0.117245
-189.873,281.013,0.0553225,0.118064
-186.076,281.013,0.0554586,0.118808
-182.278,281.013,0.0555972,0.119568
-178.481,281.013,0.0557231,0.120377
-174.684,281.013,0.0558463,0.121218
-170.886,281.013,0.0559539,0.122001
-167.089,281.013,0.0560546,0.122719
-163.291,281.013,0.0561516,0.12346
-159.494,281.013,0.0562396,0.124179
-155.696,281.013,0.0563242,0.1249
-151.899,281.013,0.0564025,0.125618
-148.101,281.013,0.0564815,0.126401
-144.304,281.013,0.0565562,0.127187
-140.506,281.013,0.0566324,0.127984
-136.709,281.013,0.056709,0.128805
-132.911,281.013,0.0567859,0.129636
-129.114,281.013,0.0568627,0.130467
-125.316,281.013,0.0569281,0.131341
-121.519,281.013,0.0569922,0.132214
-117.722,281.013,0.0570527,0.133054
-113.924,281.013,0.0571132,0.133893
-110.127,281.013,0.0571627,0.134792
-106.329,281.013,0.0572064,0.135705
-102.532,281.013,0.0572646,0.136574
-98.7342,281.013,0.0573228,0.137443
-94.9367,281.013,0.057379,0.138315
-91.1392,281.013,0.0574147,0.139285
-87.3418,281.013,0.057454,0.140259
-83.5443,281.013,0.0574935,0.14123
-79.7468,281.013,0.0575394,0.142134
-75.9494,281.013,0.0575816,0.143042
-72.1519,281.013,0.0576184,0.143966
-68.3544,281.013,0.0576563,0.14488
-64.557,281.013,0.0576942,0.145795
-60.7595,281.013,0.0577234,0.146739
-56.962,281.013,0.0577385,0.147655
-53.1646,281.013,0.057732,0.148533
-49.3671,281.013,0.0577255,0.14941
-45.5696,281.013,0.0576945,0.150371
-41.7722,281.013,0.0576481,0.151385
-37.9747,281.013,0.0576026,0.152399
-34.1772,281.013,0.0575584,0.153412
-30.3797,281.013,0.0575069,0.154424
-26.5823,281.013,0.0574202,0.155457
-22.7848,281.013,0.0573359,0.156489
-18.9873,281.013,0.0572579,0.157517
-15.1899,281.013,0.0571815,0.15854
-11.3924,281.013,0.0570715,0.159594
-7.59494,281.013,0.0569616,0.160648
-3.79747,281.013,0.0568575,0.161703
0,281.013,0.0567684,0.16274
-300,284.81,0.0507907,0.0968458
-296.203,284.81,0.0509393,0.0974455
-292.405,284.81,0.051078,0.0980158
-288.608,284.81,0.0512192,0.0985864
-284.81,284.81,0.0513501,0.0991254
-281.013,284.81,0.0514772,0.0996322
-277.215,284.81,0.0516131,0.100165
-273.418,284.81,0.0517716,0.100771
-269.62,284.81,0.0519283,0.101375
-265.823,284.81,0.0520987,0.102064
-262.025,284.81,0.052275,0.102798
-258.228,284.81,0.0524638,0.1036
-254.43,284.81,0.0526618,0.104423
-250.633,284.81,0.0528725,0.105309
-246.835,284.81,0.0530833,0.106196
-243.038,284.81,0.0532941,0.107082
-239.241,284.81,0.0535038,0.107985
-235.443,284.81,0.053703,0.108877
-231.646,284.81,0.0538953,0.109745
-227.848,284.81,0.0540627,0.11055
-224.051,284.81,0.0542162,0.111366
-220.253,284.81,0.0543793,0.112217
-216.456,284.81,0.0545472,0.113142
-212.658,284.81,0.0547112,0.114037
-208.861,284.81,0.0548741,0.114907
-205.063,284.81,0.0550391,0.115784
-201.266,284.81,0.0552043,0.116646
-197.468,284.81,0.055364,0.117482
-193.671,284.81,0.0555188,0.118295
-189.873,284.81,0.0556771,0.119118
-186.076,284.81,0.0558182,0.11988
-182.278,284.81,0.0559566,0.120646
-178.481,284.81,0.056084,0.12147
-174.684,284.81,0.0561988,0.122281
-170.886,284.81,0.0562961,0.123002
-167.089,284.81,0.0563997,0.123738
-163.291,284.81,0.0564953,0.124489
-159.494,284.81,0.0565793,0.125194
-155.696,284.81,0.0566626,0.125899
-151.899,284.81,0.0567367,0.126609
-148.101,284.81,0.0568135,0.127387
-144.304,284.81,0.0568928,0.128209
-140.506,284.81,0.0569689,0.129007
-136.709,284.81,0.0570458,0.129838
-132.911,284.81,0.0571226,0.130668
-129.114,284.81,0.0571963,0.131508
-125.316,284.81,0.0572607,0.132377
-121.519,284.81,0.0573224,0.133237
-117.722,284.81,0.0573825,0.134074
-113.924,284.81,0.0574429,0.134914
-110.127,284.81,0.0574927,0.135818
-106.329,284.81,0.0575361,0.13673
-102.532,284.81,0.0575922,0.137604
-98.7342,284.81,0.0576504,0.138473
-94.9367,284.81,0.0577062,0.139346
-91.1392,284.81,0.0577483,0.140283
-87.3418,284.81,0.0577876,0.141257
-83.5443,284.81,0.0578268,0.14223
-79.7468,284.81,0.0578752,0.143132
-75.9494,284.81,0.057921,0.144033
-72.1519,284.81,0.057957,0.144954
-68.3544,284.81,0.0579932,0.145871
-64.557,284.81,0.0580312,0.146786
-60.7595,284.81,0.0580646,0.147706
-56.962,284.81,0.0580699,0.148605
-53.1646,284.81,0.0580635,0.149482
-49.3671,284.81,0.058057,0.150359
-45.5696,284.81,0.0580366,0.151284
-41.7722,284.81,0.0579902,0.152298
-37.9747,284.81,0.0579468,0.153307
-34.1772,284.81,0.0579037,0.154315
-30.3797,284.81,0.0578593,0.155327
-26.5823,284.81,0.0577771,0.156362
-22.7848,284.81,0.0576905,0.157395
-18.9873,284.81,0.0576063,0.158427
-15.1899,284.81,0.0575357,0.159446
-11.3924,284.81,0.0574352,0.160491
-7.59494,284.81,0.0573252,0.161545
-3.79747,284.81,0.0572153,0.162599
0,284.81,0.0571109,0.16365
-300,288.608,0.05119,0.0979675
-296.203,288.608,0.051327,0.0985347
-292.405,288.608,0.0514545,0.0990702
-288.608,288.608,0.0515843,0.0995992
-284.81,288.608,0.0517105,0.100098
-281.013,288.608,0.0518424,0.100617
-277.215,288.608,0.0519989,0.101223
-273.418,288.608,0.052148,0.101799
-269.62,288.608,0.0523123,0.102465
-265.823,288.608,0.052486,0.103182
-262.025,288.608,0.0526688,0.103968
-258.228,288.608,0.0528588,0.104772
-254.43,288.608,0.0530619,0.105622
-250.633,288.608,0.0532711,0.106504
-246.835,288.608,0.0534819,0.10739
-243.038,288.608,0.0536926,0.108282
-239.241,288.608,0.0538927,0.109179
-235.443,288.608,0.054087,0.110057
-231.646,288.608,0.0542601,0.110867
-227.848,288.608,0.0544132,0.111655
-224.051,288.608,0.0545714,0.112475
-220.253,288.608,0.054744,0.113383
-216.456,288.608,0.0549173,0.114288
-212.658,288.608,0.0550807,0.115158
-208.861,288.608,0.0552485,0.116054
-205.063,288.608,0.0554144,0.116923
-201.266,288.608,0.0555698,0.117741
-197.468,288.608,0.0557204,0.11854
-193.671,288.608,0.0558749,0.119352
-189.873,288.608,0.0560297,0.120166
-186.076,288.608,0.0561778,0.120952
-182.278,288.608,0.0563154,0.121729
-178.481,288.608,0.0564418,0.122555
-174.684,288.608,0.0565435,0.123298
-170.886,288.608,0.0566389,0.123997
-167.089,288.608,0.0567476,0.124782
-163.291,288.608,0.056835,0.125504
-159.494,288.608,0.0569158,0.12619
-155.696,288.608,0.0569931,0.126862
-151.899,288.608,0.0570695,0.127597
-148.101,288.608,0.0571464,0.128379
-144.304,288.608,0.0572289,0.129227
-140.506,288.608,0.0573057,0.13004
-136.709,288.608,0.0573825,0.13087
-132.911,288.608,0.0574594,0.131701
-129.114,288.608,0.0575282,0.132555
-125.316,288.608,0.0575929,0.13342
-121.519,288.608,0.0576533,0.134259
-117.722,288.608,0.0577132,0.135102
-113.924,288.608,0.0577733,0.135939
-110.127,288.608,0.057823,0.136841
-106.329,288.608,0.057868,0.13775
-102.532,288.608,0.057922,0.138629
-98.7342,288.608,0.057978,0.139503
-94.9367,288.608,0.0580343,0.140375
-91.1392,288.608,0.0580819,0.141282
-87.3418,288.608,0.0581211,0.142255
-83.5443,288.608,0.0581604,0.143229
-79.7468,288.608,0.0582077,0.144137
-75.9494,288.608,0.0582598,0.145024
-72.1519,288.608,0.0582964,0.145945
-68.3544,288.608,0.0583324,0.146866
-64.557,288.608,0.0583681,0.147775
-60.7595,288.608,0.0584057,0.148673
-56.962,288.608,0.0584014,0.149554
-53.1646,288.608,0.0583949,0.150431
-49.3671,288.608,0.0583884,0.151308
-45.5696,288.608,0.0583786,0.152197
-41.7722,288.608,0.0583335,0.153209
-37.9747,288.608,0.0582905,0.154216
-34.1772,288.608,0.0582474,0.155224
-30.3797,288.608,0.0582044,0.156232
-26.5823,288.608,0.0581333,0.157267
-22.7848,288.608,0.0580474,0.1583
-18.9873,288.608,0.0579607,0.159333
-15.1899,288.608,0.0578832,0.160357
-11.3924,288.608,0.0577989,0.161388
-7.59494,288.608,0.0576889,0.162442
-3.79747,288.608,0.0575789,0.163496
0,288.608,0.057469,0.16455
-300,292.405,0.0515666,0.0990231
-296.203,292.405,0.0516925,0.0995568
-292.405,292.405,0.0518175,0.100065
-288.608,292.405,0.051944,0.100564
-284.81,292.405,0.0520762,0.101085
-281.013,292.405,0.0522197,0.101654
-277.215,292.405,0.0523677,0.102229
-273.418,292.405,0.052525,0.102865
-269.62,292.405,0.0526989,0.103582
-265.823,292.405,0.0528792,0.104347
-262.025,292.405,0.0530631,0.10514
-258.228,292.405,0.0532557,0.10595
-254.43,292.405,0.0534626,0.106823
-250.633,292.405,0.0536702,0.107699
-246.835,292.405,0.0538805,0.108585
-243.038,292.405,0.0540769,0.109465
-239.241,292.405,0.0542696,0.110338
-235.443,292.405,0.0544559,0.111188
-231.646,292.405,0.0546127,0.111955
-227.848,292.405,0.0547687,0.112775
-224.051,292.405,0.0549332,0.113622
-220.253,292.405,0.0551064,0.114507
-216.456,292.405,0.0552818,0.115405
-212.658,292.405,0.0554529,0.116295
-208.861,292.405,0.0556215,0.117187
-205.063,292.405,0.055778,0.11801
-201.266,292.405,0.0559286,0.118808
-197.468,292.405,0.0560792,0.119606
-193.671,292.405,0.0562311,0.120409
-189.873,292.405,0.0563859,0.121223
-186.076,292.405,0.0565374,0.122025
-182.278,292.405,0.0566734,0.122808
-178.481,292.405,0.056791,0.123595
-174.684,292.405,0.0568837,0.124287
-170.886,292.405,0.0569851,0.125016
-167.089,292.405,0.0570905,0.125812
-163.291,292.405,0.0571693,0.126488
-159.494,292.405,0.057248,0.127163
-155.696,292.405,0.0573261,0.127858
-151.899,292.405,0.0574021,0.128587
-148.101,292.405,0.0574801,0.129386
-144.304,292.405,0.0575619,0.130221
-140.506,292.405,0.0576424,0.131072
-136.709,292.405,0.0577193,0.131903
-132.911,292.405,0.0577955,0.132736
-129.114,292.405,0.0578601,0.133601
-125.316,292.405,0.0579231,0.134452
-121.519,292.405,0.0579839,0.135284
-117.722,292.405,0.0580441,0.136125
-113.924,292.405,0.058104,0.136967
-110.127,292.405,0.0581542,0.13786
-106.329,292.405,0.0582016,0.138771
-102.532,292.405,0.0582547,0.13965
-98.7342,292.405,0.0583078,0.140528
-94.9367,292.405,0.0583623,0.141404
-91.1392,292.405,0.0584172,0.142278
-87.3418,292.405,0.0584547,0.143253
-83.5443,292.405,0.0584939,0.144227
-79.7468,292.405,0.0585402,0.145143
-75.9494,292.405,0.0585931,0.146028
-72.1519,292.405,0.0586357,0.146935
-68.3544,292.405,0.0586718,0.147856
-64.557,292.405,0.0587079,0.148772
-60.7595,292.405,0.0587371,0.149643
-56.962,292.405,0.0587328,0.150503
-53.1646,292.405,0.0587264,0.15138
-49.3671,292.405,0.0587199,0.152257
-45.5696,292.405,0.0587134,0.153135
-41.7722,292.405,0.0586773,0.154118
-37.9747,292.405,0.0586342,0.155126
-34.1772,292.405,0.0585912,0.156134
-30.3797,292.405,0.0585481,0.157142
-26.5823,292.405,0.0584793,0.158173
-22.7848,292.405,0.0584043,0.159205
-18.9873,292.405,0.0583177,0.160238
-15.1899,292.405,0.0582336,0.161268
-11.3924,292.405,0.058161,0.162286
-7.59494,292.405,0.0580526,0.163339
-3.79747,292.405,0.0579426,0.164393
0,292.405,0.0578367,0.165459
-300,296.203,0.0519316,0.100041
-296.203,296.203,0.0520527,0.100533
-292.405,296.203,0.0521811,0.101044
-288.608,296.203,0.0523046,0.101535
-284.81,296.203,0.0524422,0.102082
-281.013,296.203,0.0525882,0.102661
-277.215,296.203,0.0527423,0.103282
-273.418,296.203,0.0529115,0.103983
-269.62,296.203,0.0530887,0.104725
-265.823,296.203,0.0532727,0.105518
-262.025,296.203,0.0534566,0.106311
-258.228,296.203,0.0536546,0.107146
-254.43,296.203,0.0538626,0.108023
-250.633,296.203,0.0540645,0.108883
-246.835,296.203,0.0542595,0.109746
-243.038,296.203,0.0544522,0.110619
-239.241,296.203,0.0546356,0.111459
-235.443,296.203,0.054815,0.112299
-231.646,296.203,0.0549706,0.113087
-227.848,296.203,0.0551264,0.113884
-224.051,296.203,0.055294,0.114727
-220.253,296.203,0.0554682,0.115616
-216.456,296.203,0.0556466,0.116523
-212.658,296.203,0.0558208,0.11742
-208.861,296.203,0.0559838,0.118276
-205.063,296.203,0.0561364,0.119076
-201.266,296.203,0.0562874,0.119875
-197.468,296.203,0.056438,0.120673
-193.671,296.203,0.0565886,0.121471
-189.873,296.203,0.056742,0.12228
-186.076,296.203,0.0568968,0.123094
-182.278,296.203,0.0570207,0.123833
-178.481,296.203,0.0571312,0.124583
-174.684,296.203,0.0572243,0.125277
-170.886,296.203,0.0573304,0.126056
-167.089,296.203,0.0574228,0.126785
-163.291,296.203,0.0575016,0.12746
-159.494,296.203,0.0575803,0.128135
-155.696,296.203,0.0576593,0.128856
-151.899,296.203,0.057735,0.129593
-148.101,296.203,0.0578137,0.130394
-144.304,296.203,0.057895,0.131219
-140.506,296.203,0.0579782,0.132098
-136.709,296.203,0.058056,0.132936
-132.911,296.203,0.0581274,0.133782
-129.114,296.203,0.0581921,0.134648
-125.316,296.203,0.0582532,0.135483
-121.519,296.203,0.058314,0.136316
-117.722,296.203,0.0583749,0.137148
-113.924,296.203,0.0584348,0.137991
-110.127,296.203,0.0584854,0.138879
-106.329,296.203,0.0585356,0.139793
-102.532,296.203,0.0585887,0.140671
-98.7342,296.203,0.0586418,0.141549
-94.9367,296.203,0.0586942,0.142429
-91.1392,296.203,0.0587539,0.143273
-87.3418,296.203,0.0587882,0.144252
-83.5443,296.203,0.0588275,0.145225
-79.7468,296.203,0.0588728,0.146148
-75.9494,296.203,0.0589256,0.147033
-72.1519,296.203,0.0589707,0.147935
-68.3544,296.203,0.0590111,0.148847
-64.557,296.203,0.0590475,0.149763
-60.7595,296.203,0.0590671,0.150621
-56.962,296.203,0.0590645,0.151453
-53.1646,296.203,0.0590578,0.152329
-49.3671,296.203,0.0590513,0.153207
-45.5696,296.203,0.059046,0.154082
-41.7722,296.203,0.059021,0.155028
-37.9747,296.203,0.058978,0.156036
-34.1772,296.203,0.0589349,0.157044
-30.3797,296.203,0.0588919,0.158051
-26.5823,296.203,0.0588249,0.159081
-22.7848,296.203,0.0587529,0.160114
-18.9873,296.203,0.058674,0.161145
-15.1899,296.203,0.0585879,0.162176
-11.3924,296.203,0.0585113,0.163197
-7.59494,296.203,0.0584163,0.164236
-3.79747,296.203,0.0583063,0.16529
0,296.203,0.0582062,0.166374
-300,300,0.0522924,0.101012
-296.203,300,0.0524134,0.101505
-292.405,300,0.052533,0.101985
-288.608,300,0.0526647,0.102509
-284.81,300,0.0528107,0.103088
-281.013,300,0.0529606,0.103703
-277.215,300,0.053124,0.104384
-273.418,300,0.0532983,0.105103
-269.62,300,0.0534822,0.105896
-265.823,300,0.0536662,0.106689
-262.025,300,0.0538502,0.107482
-258.228,300,0.054047,0.108326
-254.43,300,0.0542483,0.109184
-250.633,300,0.0544449,0.110038
-246.835,300,0.0546348,0.110902
-243.038,300,0.0548149,0.11173
-239.241,300,0.0549958,0.112576
-235.443,300,0.0551763,0.113422
-231.646,300,0.0553274,0.114169
-227.848,300,0.0554844,0.114968
-224.051,300,0.0556546,0.115828
-220.253,300,0.0558298,0.11672
-216.456,300,0.0560053,0.11761
-212.658,300,0.056185,0.118535
-208.861,300,0.0563398,0.119341
-205.063,300,0.0564924,0.120141
-201.266,300,0.056645,0.120941
-197.468,300,0.0567968,0.12174
-193.671,300,0.0569474,0.122538
-189.873,300,0.0570981,0.123337
-186.076,300,0.0572433,0.124105
-182.278,300,0.0573651,0.124832
-178.481,300,0.0574702,0.125567
-174.684,300,0.057567,0.126287
-170.886,300,0.0576651,0.127038
-167.089,300,0.0577551,0.127757
-163.291,300,0.0578339,0.128432
-159.494,300,0.0579138,0.12912
-155.696,300,0.0579925,0.129854
-151.899,300,0.058068,0.130602
-148.101,300,0.0581474,0.131404
-144.304,300,0.0582288,0.13224
-140.506,300,0.0583113,0.133106
-136.709,300,0.0583928,0.133969
-132.911,300,0.0584594,0.134829
-129.114,300,0.0585226,0.135682
-125.316,300,0.0585834,0.136514
-121.519,300,0.0586442,0.137347
-117.722,300,0.058705,0.138179
-113.924,300,0.0587659,0.139006
-110.127,300,0.0588168,0.139895
-106.329,300,0.0588697,0.140814
-102.532,300,0.0589228,0.141692
-98.7342,300,0.0589759,0.14257
-94.9367,300,0.0590316,0.143439
-91.1392,300,0.0590941,0.144267
-87.3418,300,0.0591254,0.145247
-83.5443,300,0.0591619,0.146223
-79.7468,300,0.0592056,0.147152
-75.9494,300,0.0592582,0.148039
-72.1519,300,0.0593052,0.148936
-68.3544,300,0.059347,0.149845
-64.557,300,0.0593869,0.150751
-60.7595,300,0.0593971,0.151597
-56.962,300,0.0593978,0.152413
-53.1646,300,0.0593892,0.153279
-49.3671,300,0.0593828,0.154156
-45.5696,300,0.0593789,0.155029
-41.7722,300,0.0593647,0.155937
-37.9747,300,0.0593217,0.156945
-34.1772,300,0.0592787,0.157953
-30.3797,300,0.0592356,0.158961
-26.5823,300,0.0591704,0.159989
-22.7848,300,0.0590984,0.161022
-18.9873,300,0.0590265,0.162056
-15.1899,300,0.0589438,0.163085
-11.3924,300,0.0588642,0.164106
-7.59494,300,0.0587832,0.165131
-3.79747,300,0.0586748,0.166201
0,300,0.0585758,0.167289
