Id,Iq,Phi_d_pred,Phi_q_pred
-300,0,0.00653128,-0.0353831
-296.203,0,0.00663777,-0.034885
-292.405,0,0.00674746,-0.0343736
-288.608,0,0.00686035,-0.0338489
-284.81,0,0.00697643,-0.033311
-281.013,0,0.00704669,-0.0329076
-277.215,0,0.00714818,-0.0324048
-273.418,0,0.00725594,-0.0318793
-269.62,0,0.00736723,-0.0313396
-265.823,0,0.00748203,-0.0307857
-262.025,0,0.00760035,-0.0302176
-258.228,0,0.0077222,-0.0296353
-254.43,0,0.00784757,-0.0290387
-250.633,0,0.00792824,-0.0285381
-246.835,0,0.00797454,-0.028115
-243.038,0,0.00802681,-0.0276719
-239.241,0,0.00807511,-0.0272391
-235.443,0,0.00811347,-0.026835
-231.646,0,0.00814223,-0.0265063
-227.848,0,0.0081774,-0.0261567
-224.051,0,0.00821895,-0.0257863
-220.253,0,0.0082669,-0.025395
-216.456,0,0.00832124,-0.0249829
-212.658,0,0.00838199,-0.0245499
-208.861,0,0.00846097,-0.0240583
-205.063,0,0.00853514,-0.0236104
-201.266,0,0.00859108,-0.023204
-197.468,0,0.00861875,-0.0227146
-193.671,0,0.00864913,-0.0222131
-189.873,0,0.00868224,-0.0216992
-186.076,0,0.00871056,-0.0212205
-182.278,0,0.00872787,-0.0208161
-178.481,0,0.00874734,-0.0204028
-174.684,0,0.00876899,-0.0199808
-170.886,0,0.00879283,-0.01955
-167.089,0,0.00882971,-0.0190786
-163.291,0,0.0088777,-0.0185724
-159.494,0,0.008932,-0.0180491
-155.696,0,0.00899471,-0.0175092
-151.899,0,0.00906231,-0.0169519
-148.101,0,0.0091348,-0.0163772
-144.304,0,0.00921218,-0.0157849
-140.506,0,0.00929445,-0.0151752
-136.709,0,0.00938122,-0.0145842
-132.911,0,0.00947193,-0.0140639
-129.114,0,0.00956754,-0.0135255
-125.316,0,0.00966805,-0.0129687
-121.519,0,0.00977346,-0.0123937
-117.722,0,0.00988376,-0.0118005
-113.924,0,0.00999896,-0.011189
-110.127,0,0.0101234,-0.010618
-106.329,0,0.0102551,-0.0100561
-102.532,0,0.0103914,-0.00947754
-98.7342,0,0.0105325,-0.0088822
-94.9367,0,0.0106784,-0.0082701
-91.1392,0,0.0108289,-0.00764125
-87.3418,0,0.0109842,-0.00699566
-83.5443,0,0.0111443,-0.00633332
-79.7468,0,0.011309,-0.00565421
-75.9494,0,0.011484,-0.00494154
-72.1519,0,0.011672,-0.00418642
-68.3544,0,0.0118652,-0.00341347
-64.557,0,0.0120634,-0.00262268
-60.7595,0,0.0122942,-0.00174369
-56.962,0,0.0125362,-0.000630106
-53.1646,0,0.0127813,0.000532747
-49.3671,0,0.0130293,0.00171141
-45.5696,0,0.0133107,0.00300493
-41.7722,0,0.0136356,0.00444287
-37.9747,0,0.0139493,0.00607414
-34.1772,0,0.0142619,0.00790077
-30.3797,0,0.0145095,0.0100351
-26.5823,0,0.0147278,0.0125159
-22.7848,0,0.0149632,0.015147
-18.9873,0,0.0151817,0.0182835
-15.1899,0,0.0153257,0.0222852
-11.3924,0,0.0154664,0.0263453
-7.59494,0,0.0158796,0.0316896
-3.79747,0,0.0165095,0.0379567
0,0,0.017171,0.044438
-300,3.79747,0.00734365,-0.0329242
-296.203,3.79747,0.00744862,-0.0324354
-292.405,3.79747,0.00755679,-0.0319333
-288.608,3.79747,0.00766815,-0.0314178
-284.81,3.79747,0.00778272,-0.0308891
-281.013,3.79747,0.00788807,-0.0303845
-277.215,3.79747,0.00797997,-0.0299153
-273.418,3.79747,0.00808283,-0.0294089
-269.62,3.79747,0.00818939,-0.0288877
-265.823,3.79747,0.00829966,-0.0283518
-262.025,3.79747,0.00841362,-0.0278011
-258.228,3.79747,0.00853129,-0.0272358
-254.43,3.79747,0.00865266,-0.0266557
-250.633,3.79747,0.00877773,-0.0260608
-246.835,3.79747,0.0088522,-0.0255779
-243.038,3.79747,0.00890396,-0.0251419
-239.241,3.79747,0.00896121,-0.0246873
-235.443,3.79747,0.0089993,-0.0242896
-231.646,3.79747,0.00904383,-0.0238707
-227.848,3.79747,0.00907887,-0.0235265
-224.051,3.79747,0.0091203,-0.0231614
-220.253,3.79747,0.00916814,-0.0227755
-216.456,3.79747,0.00922236,-0.0223688
-212.658,3.79747,0.00928298,-0.0219412
-208.861,3.79747,0.00935,-0.0214927
-205.063,3.79747,0.00942341,-0.0210234
-201.266,3.79747,0.00948494,-0.0206375
-197.468,3.79747,0.00951987,-0.0202022
-193.671,3.79747,0.00954759,-0.0197167
-189.873,3.79747,0.00958097,-0.0192104
-186.076,3.79747,0.00962002,-0.0186832
-182.278,3.79747,0.00965398,-0.018203
-178.481,3.79747,0.00968324,-0.0177674
-174.684,3.79747,0.00971762,-0.0173143
-170.886,3.79747,0.00975713,-0.0168438
-167.089,3.79747,0.00980176,-0.016356
-163.291,3.79747,0.00985151,-0.0158507
-159.494,3.79747,0.00990639,-0.015328
-155.696,3.79747,0.00996639,-0.0147879
-151.899,3.79747,0.0100352,-0.0142314
-148.101,3.79747,0.0101092,-0.0136575
-144.304,3.79747,0.0101882,-0.0130662
-140.506,3.79747,0.0102721,-0.0124574
-136.709,3.79747,0.0103608,-0.0118311
-132.911,3.79747,0.0104533,-0.0112997
-129.114,3.79747,0.0105505,-0.0107601
-125.316,3.79747,0.0106526,-0.0102022
-121.519,3.79747,0.0107596,-0.00962601
-117.722,3.79747,0.0108715,-0.00903159
-113.924,3.79747,0.0109883,-0.00841892
-110.127,3.79747,0.0111099,-0.00779547
-106.329,3.79747,0.0112386,-0.00722131
-102.532,3.79747,0.0113765,-0.00664138
-98.7342,3.79747,0.0115191,-0.0060447
-94.9367,3.79747,0.0116665,-0.00543127
-91.1392,3.79747,0.0118187,-0.00480108
-87.3418,3.79747,0.0119874,-0.00411762
-83.5443,3.79747,0.0121626,-0.0034118
-79.7468,3.79747,0.012343,-0.00268813
-75.9494,3.79747,0.0125285,-0.00194663
-72.1519,3.79747,0.012719,-0.00118729
-68.3544,3.79747,0.0129312,-0.000367638
-64.557,3.79747,0.0131662,0.000544548
-60.7595,3.79747,0.0134056,0.00163764
-56.962,3.79747,0.0136948,0.00292968
-53.1646,3.79747,0.0140168,0.00433447
-49.3671,3.79747,0.014341,0.00575299
-45.5696,3.79747,0.0146652,0.00722698
-41.7722,3.79747,0.0149988,0.0090249
-37.9747,3.79747,0.015328,0.0109298
-34.1772,3.79747,0.0156553,0.012855
-30.3797,3.79747,0.0159339,0.0151083
-26.5823,3.79747,0.01617,0.0177011
-22.7848,3.79747,0.0164092,0.0204042
-18.9873,3.79747,0.0165704,0.0243547
-15.1899,3.79747,0.016728,0.0284197
-11.3924,3.79747,0.017102,0.0335066
-7.59494,3.79747,0.0177401,0.0397221
-3.79747,3.79747,0.0184055,0.0461295
0,3.79747,0.0192184,0.0531716
-300,7.59494,0.00812394,-0.0305525
-296.203,7.59494,0.00822542,-0.0300786
-292.405,7.59494,0.00833032,-0.0295907
-288.608,7.59494,0.00843866,-0.0290888
-284.81,7.59494,0.00855043,-0.028573
-281.013,7.59494,0.00866563,-0.0280432
-277.215,7.59494,0.00877598,-0.0275234
-273.418,7.59494,0.00887707,-0.027027
-269.62,7.59494,0.00898186,-0.0265159
-265.823,7.59494,0.00909035,-0.0259901
-262.025,7.59494,0.00920255,-0.0254495
-258.228,7.59494,0.00931844,-0.0248942
-254.43,7.59494,0.00943803,-0.0243241
-250.633,7.59494,0.00956133,-0.0237394
-246.835,7.59494,0.00968833,-0.0231399
-243.038,7.59494,0.00976419,-0.0226536
-239.241,7.59494,0.00982141,-0.0222046
-235.443,7.59494,0.00986794,-0.0217866
-231.646,7.59494,0.00991229,-0.0213735
-227.848,7.59494,0.00996253,-0.0209425
-224.051,7.59494,0.0100038,-0.0205829
-220.253,7.59494,0.0100516,-0.0202023
-216.456,7.59494,0.0101057,-0.0198009
-212.658,7.59494,0.0101662,-0.0193787
-208.861,7.59494,0.0102331,-0.0189356
-205.063,7.59494,0.0103064,-0.0184717
-201.266,7.59494,0.0103817,-0.018012
-197.468,7.59494,0.0104432,-0.0176164
-193.671,7.59494,0.010472,-0.017136
-189.873,7.59494,0.0105065,-0.0166348
-186.076,7.59494,0.0105466,-0.0161127
-182.278,7.59494,0.0105925,-0.0155698
-178.481,7.59494,0.0106301,-0.0150932
-174.684,7.59494,0.0106663,-0.0146411
-170.886,7.59494,0.0107075,-0.0141716
-167.089,7.59494,0.0107539,-0.0136846
-163.291,7.59494,0.0108054,-0.0131803
-159.494,7.59494,0.0108621,-0.0126586
-155.696,7.59494,0.0109238,-0.0121194
-151.899,7.59494,0.0109907,-0.0115629
-148.101,7.59494,0.0110641,-0.0109893
-144.304,7.59494,0.0111446,-0.0103989
-140.506,7.59494,0.0112301,-0.00979096
-136.709,7.59494,0.0113204,-0.00916559
-132.911,7.59494,0.0114149,-0.00858916
-129.114,7.59494,0.0115138,-0.00804833
-125.316,7.59494,0.0116175,-0.00748924
-121.519,7.59494,0.0117261,-0.0069119
-117.722,7.59494,0.0118397,-0.0063163
-113.924,7.59494,0.0119581,-0.00570246
-110.127,7.59494,0.0120814,-0.00507035
-106.329,7.59494,0.0122088,-0.00445754
-102.532,7.59494,0.0123459,-0.00385066
-98.7342,7.59494,0.0125033,-0.00321196
-94.9367,7.59494,0.0126658,-0.00255545
-91.1392,7.59494,0.0128334,-0.00188109
-87.3418,7.59494,0.0130061,-0.00118888
-83.5443,7.59494,0.0131838,-0.000478841
-79.7468,7.59494,0.0133667,0.000249038
-75.9494,7.59494,0.013558,0.00100331
-72.1519,7.59494,0.013806,0.00191654
-68.3544,7.59494,0.0140785,0.00297828
-64.557,7.59494,0.0143928,0.0042896
-60.7595,7.59494,0.0147097,0.00566123
-56.962,7.59494,0.0150288,0.00704658
-53.1646,7.59494,0.0153499,0.00844566
-49.3671,7.59494,0.0156663,0.0100127
-45.5696,7.59494,0.0160228,0.0118798
-41.7722,7.59494,0.0163656,0.0138737
-37.9747,7.59494,0.0166954,0.0158388
-34.1772,7.59494,0.0170312,0.0178758
-30.3797,7.59494,0.0173472,0.0201944
-26.5823,7.59494,0.017589,0.0228092
-22.7848,7.59494,0.0177807,0.0263516
-18.9873,7.59494,0.0179409,0.0303426
-15.1899,7.59494,0.0182934,0.0352496
-11.3924,7.59494,0.0189498,0.0414711
-7.59494,7.59494,0.0196069,0.0477584
-3.79747,7.59494,0.0203589,0.054482
0,7.59494,0.0212604,0.0618702
-300,11.3924,0.00886985,-0.0282745
-296.203,11.3924,0.0089702,-0.0278087
-292.405,11.3924,0.00907399,-0.0273289
-288.608,11.3924,0.00918121,-0.0268351
-284.81,11.3924,0.00929186,-0.0263273
-281.013,11.3924,0.00940594,-0.0258057
-277.215,11.3924,0.00954357,-0.0252097
-273.418,11.3924,0.009658,-0.0246784
-269.62,11.3924,0.00976102,-0.0241773
-265.823,11.3924,0.00986774,-0.0236616
-262.025,11.3924,0.00997815,-0.023131
-258.228,11.3924,0.0100923,-0.0225858
-254.43,11.3924,0.0102101,-0.0220258
-250.633,11.3924,0.0103316,-0.0214511
-246.835,11.3924,0.0104568,-0.0208617
-243.038,11.3924,0.0105858,-0.0202575
-239.241,11.3924,0.0106642,-0.019765
-235.443,11.3924,0.0107194,-0.0193259
-231.646,11.3924,0.0107635,-0.0189193
-227.848,11.3924,0.0108141,-0.0184909
-224.051,11.3924,0.0108696,-0.0180506
-220.253,11.3924,0.0109172,-0.0176754
-216.456,11.3924,0.0109711,-0.0172794
-212.658,11.3924,0.0110315,-0.0168625
-208.861,11.3924,0.0110983,-0.0164248
-205.063,11.3924,0.0111715,-0.0159663
-201.266,11.3924,0.011251,-0.0154868
-197.468,11.3924,0.0113278,-0.0150404
-193.671,11.3924,0.0113771,-0.0146031
-189.873,11.3924,0.0114127,-0.0141069
-186.076,11.3924,0.011454,-0.01359
-182.278,11.3924,0.0115009,-0.0130522
-178.481,11.3924,0.0115535,-0.0124935
-174.684,11.3924,0.0115951,-0.0120192
-170.886,11.3924,0.0116381,-0.0115506
-167.089,11.3924,0.0116862,-0.0110646
-163.291,11.3924,0.0117395,-0.0105612
-159.494,11.3924,0.0117979,-0.0100404
-155.696,11.3924,0.0118614,-0.00950226
-151.899,11.3924,0.0119301,-0.00894666
-148.101,11.3924,0.0120038,-0.00837365
-144.304,11.3924,0.0120827,-0.00778326
-140.506,11.3924,0.0121685,-0.00717591
-136.709,11.3924,0.0122604,-0.00655144
-132.911,11.3924,0.012357,-0.00593218
-129.114,11.3924,0.0124575,-0.00539018
-125.316,11.3924,0.0125628,-0.00482992
-121.519,11.3924,0.012673,-0.0042514
-117.722,11.3924,0.0127882,-0.00365463
-113.924,11.3924,0.0129154,-0.00301761
-110.127,11.3924,0.0130534,-0.00234405
-106.329,11.3924,0.0131966,-0.00165425
-102.532,11.3924,0.0133436,-0.00101007
-98.7342,11.3924,0.0134962,-0.000349417
-94.9367,11.3924,0.0136612,0.000311326
-91.1392,11.3924,0.0138313,0.000989911
-87.3418,11.3924,0.0140065,0.00168634
-83.5443,11.3924,0.0142207,0.00250395
-79.7468,11.3924,0.0144748,0.00343292
-75.9494,11.3924,0.0147651,0.00447344
-72.1519,11.3924,0.0150737,0.00569147
-68.3544,11.3924,0.0153849,0.00697145
-64.557,11.3924,0.0156988,0.00832363
-60.7595,11.3924,0.0160149,0.00968953
-56.962,11.3924,0.0163304,0.0111197
-53.1646,11.3924,0.0166655,0.0128185
-49.3671,11.3924,0.017019,0.0146544
-45.5696,11.3924,0.0173717,0.0167208
-41.7722,11.3924,0.0177099,0.0187499
-37.9747,11.3924,0.0180486,0.0207855
-34.1772,11.3924,0.0184054,0.0229495
-30.3797,11.3924,0.0187411,0.0252208
-26.5823,11.3924,0.0189574,0.0282843
-22.7848,11.3924,0.0191272,0.0322281
-18.9873,11.3924,0.0194556,0.0369291
-15.1899,11.3924,0.020113,0.0430808
-11.3924,11.3924,0.0207752,0.0493249
-7.59494,11.3924,0.0214687,0.0557391
-3.79747,11.3924,0.0223604,0.0630051
0,11.3924,0.023262,0.0703872
-300,15.1899,0.00960201,-0.026031
-296.203,15.1899,0.00970125,-0.0255733
-292.405,15.1899,0.00980392,-0.0251016
-288.608,15.1899,0.00991001,-0.0246159
-284.81,15.1899,0.0100195,-0.0241162
-281.013,15.1899,0.0101325,-0.0236026
-277.215,15.1899,0.0102641,-0.0230293
-273.418,15.1899,0.0104256,-0.0223629
-269.62,15.1899,0.0105269,-0.0218719
-265.823,15.1899,0.0106318,-0.0213662
-262.025,15.1899,0.0107405,-0.0208457
-258.228,15.1899,0.0108528,-0.0203105
-254.43,15.1899,0.0109689,-0.0197606
-250.633,15.1899,0.0110886,-0.019196
-246.835,15.1899,0.011212,-0.0186166
-243.038,15.1899,0.0113392,-0.0180225
-239.241,15.1899,0.01147,-0.0174137
-235.443,15.1899,0.0115522,-0.0169123
-231.646,15.1899,0.0115975,-0.0165074
-227.848,15.1899,0.0116478,-0.0160855
-224.051,15.1899,0.0117046,-0.0156417
-220.253,15.1899,0.0117649,-0.0151948
-216.456,15.1899,0.0118188,-0.0148041
-212.658,15.1899,0.0118791,-0.0143926
-208.861,15.1899,0.0119457,-0.0139603
-205.063,15.1899,0.0120188,-0.0135071
-201.266,15.1899,0.0120982,-0.0130331
-197.468,15.1899,0.0121841,-0.0125382
-193.671,15.1899,0.0122607,-0.0121127
-189.873,15.1899,0.0122996,-0.0116268
-186.076,15.1899,0.012342,-0.0111149
-182.278,15.1899,0.01239,-0.0105822
-178.481,15.1899,0.0124437,-0.0100286
-174.684,15.1899,0.0125031,-0.00945425
-170.886,15.1899,0.0125487,-0.00898091
-167.089,15.1899,0.0125987,-0.00849588
-163.291,15.1899,0.0126537,-0.00799346
-159.494,15.1899,0.0127138,-0.00747362
-155.696,15.1899,0.0127791,-0.00693638
-151.899,15.1899,0.0128495,-0.00638173
-148.101,15.1899,0.0129251,-0.00580968
-144.304,15.1899,0.0130057,-0.00522022
-140.506,15.1899,0.0130915,-0.00461335
-136.709,15.1899,0.0131824,-0.00398909
-132.911,15.1899,0.0132792,-0.00334764
-129.114,15.1899,0.0133815,-0.00278562
-125.316,15.1899,0.0134977,-0.00219577
-121.519,15.1899,0.0136225,-0.00157619
-117.722,15.1899,0.0137526,-0.000937251
-113.924,15.1899,0.0138879,-0.000278976
-110.127,15.1899,0.0140285,0.000398635
-106.329,15.1899,0.0141743,0.0010956
-102.532,15.1899,0.0143245,0.0017734
-98.7342,15.1899,0.0144793,0.0024392
-94.9367,15.1899,0.0146801,0.0032472
-91.1392,15.1899,0.0148975,0.00407121
-87.3418,15.1899,0.0151343,0.00494765
-83.5443,15.1899,0.0154347,0.00601209
-79.7468,15.1899,0.0157372,0.00710162
-75.9494,15.1899,0.0160431,0.00833449
-72.1519,15.1899,0.0163512,0.00958416
-68.3544,15.1899,0.0166621,0.0109169
-64.557,15.1899,0.0169751,0.0122633
-60.7595,15.1899,0.0172885,0.0138044
-56.962,15.1899,0.0176382,0.0155469
-53.1646,15.1899,0.0179913,0.0173619
-49.3671,15.1899,0.0183492,0.01948
-45.5696,15.1899,0.0187014,0.0215993
-41.7722,15.1899,0.0190388,0.0236153
-37.9747,15.1899,0.0193931,0.0257512
-34.1772,15.1899,0.0197504,0.0279154
-30.3797,15.1899,0.0201011,0.030163
-26.5823,15.1899,0.0202948,0.0341056
-22.7848,15.1899,0.0205894,0.0385702
-18.9873,15.1899,0.0212383,0.0446002
-15.1899,15.1899,0.0218936,0.0507328
-11.3924,15.1899,0.0225583,0.0569827
-7.59494,15.1899,0.0234298,0.064087
-3.79747,15.1899,0.0242933,0.0711585
0,15.1899,0.0250261,0.0774703
-300,18.9873,0.0103204,-0.023822
-296.203,18.9873,0.0104186,-0.0233724
-292.405,18.9873,0.0105201,-0.0229087
-288.608,18.9873,0.0106251,-0.0224311
-284.81,18.9873,0.0107335,-0.0219396
-281.013,18.9873,0.0108453,-0.0214341
-277.215,18.9873,0.0109726,-0.0208785
-273.418,18.9873,0.0111333,-0.0202194
-269.62,18.9873,0.0112794,-0.0195997
-265.823,18.9873,0.0113826,-0.019104
-262.025,18.9873,0.0114894,-0.0185936
-258.228,18.9873,0.0116,-0.0180685
-254.43,18.9873,0.0117143,-0.0175286
-250.633,18.9873,0.0118323,-0.016974
-246.835,18.9873,0.0119539,-0.0164047
-243.038,18.9873,0.0120793,-0.0158207
-239.241,18.9873,0.0122084,-0.0152219
-235.443,18.9873,0.0123412,-0.0146084
-231.646,18.9873,0.0124144,-0.0141377
-227.848,18.9873,0.0124644,-0.0137223
-224.051,18.9873,0.0125209,-0.0132851
-220.253,18.9873,0.012584,-0.012826
-216.456,18.9873,0.0126487,-0.0123752
-212.658,18.9873,0.0127088,-0.0119691
-208.861,18.9873,0.0127753,-0.0115421
-205.063,18.9873,0.0128483,-0.0110943
-201.266,18.9873,0.0129276,-0.0106256
-197.468,18.9873,0.0130133,-0.0101361
-193.671,18.9873,0.013101,-0.00965167
-189.873,18.9873,0.0131672,-0.00919428
-186.076,18.9873,0.0132107,-0.00868748
-182.278,18.9873,0.0132598,-0.00815985
-178.481,18.9873,0.0133146,-0.00761138
-174.684,18.9873,0.0133751,-0.0070421
-170.886,18.9873,0.0134395,-0.00646254
-167.089,18.9873,0.0134912,-0.00597845
-163.291,18.9873,0.013548,-0.00547697
-159.494,18.9873,0.0136099,-0.00495809
-155.696,18.9873,0.013677,-0.0044218
-151.899,18.9873,0.0137491,-0.0038681
-148.101,18.9873,0.0138264,-0.003297
-144.304,18.9873,0.0139088,-0.00270848
-140.506,18.9873,0.0139964,-0.00210258
-136.709,18.9873,0.0140989,-0.00144897
-132.911,18.9873,0.0142095,-0.000768732
-129.114,18.9873,0.014325,-0.000125143
-125.316,18.9873,0.0144454,0.000479631
-121.519,18.9873,0.0145713,0.00110366
-117.722,18.9873,0.0147039,0.00174665
-113.924,18.9873,0.0148418,0.00240898
-110.127,18.9873,0.0149849,0.00309065
-106.329,18.9873,0.0151728,0.0039123
-102.532,18.9873,0.0153752,0.00477408
-98.7342,18.9873,0.0155795,0.00558724
-94.9367,18.9873,0.0158076,0.00647812
-91.1392,18.9873,0.0160883,0.00751728
-87.3418,18.9873,0.0163838,0.00857168
-83.5443,18.9873,0.0166838,0.00969193
-79.7468,18.9873,0.0169867,0.0109074
-75.9494,18.9873,0.0172921,0.0121354
-72.1519,18.9873,0.0176016,0.0134488
-68.3544,18.9873,0.0179103,0.0148438
-64.557,18.9873,0.0182415,0.0164916
-60.7595,18.9873,0.0185892,0.0182132
-56.962,18.9873,0.0189392,0.0199999
-53.1646,18.9873,0.019299,0.0221585
-49.3671,18.9873,0.0196625,0.0243502
-45.5696,18.9873,0.0199999,0.0263562
-41.7722,18.9873,0.0203516,0.0284639
-37.9747,18.9873,0.0207064,0.0306
-34.1772,18.9873,0.0210795,0.0328223
-30.3797,18.9873,0.0214183,0.0359591
-26.5823,18.9873,0.0216908,0.0401527
-22.7848,18.9873,0.0223311,0.0460611
-18.9873,18.9873,0.0229779,0.0520719
-15.1899,18.9873,0.0236373,0.0582167
-11.3924,18.9873,0.0244653,0.0650969
-7.59494,18.9873,0.0252791,0.0717807
-3.79747,18.9873,0.025825,0.0770957
0,18.9873,0.0262643,0.0818582
-300,22.7848,0.0110538,-0.0215887
-296.203,22.7848,0.0111221,-0.0212059
-292.405,22.7848,0.0112225,-0.0207504
-288.608,22.7848,0.0113264,-0.0202809
-284.81,22.7848,0.0114337,-0.0197974
-281.013,22.7848,0.0115444,-0.0193
-277.215,22.7848,0.011669,-0.0187572
-273.418,22.7848,0.0118274,-0.0181096
-269.62,22.7848,0.0119877,-0.0174526
-265.823,22.7848,0.01212,-0.016875
-262.025,22.7848,0.0122251,-0.0163747
-258.228,22.7848,0.0123339,-0.0158596
-254.43,22.7848,0.0124464,-0.0153298
-250.633,22.7848,0.0125626,-0.0147853
-246.835,22.7848,0.0126825,-0.014226
-243.038,22.7848,0.0128061,-0.013652
-239.241,22.7848,0.0129334,-0.0130633
-235.443,22.7848,0.0130644,-0.0124599
-231.646,22.7848,0.0131941,-0.0118572
-227.848,22.7848,0.0132638,-0.0114014
-224.051,22.7848,0.0133201,-0.0109707
-220.253,22.7848,0.0133828,-0.0105181
-216.456,22.7848,0.0134522,-0.0100437
-212.658,22.7848,0.0135207,-0.00959177
-208.861,22.7848,0.0135871,-0.00917016
-205.063,22.7848,0.01366,-0.0087277
-201.266,22.7848,0.0137392,-0.00826441
-197.468,22.7848,0.0138248,-0.00778027
-193.671,22.7848,0.0139168,-0.00727527
-189.873,22.7848,0.0140056,-0.00680508
-186.076,22.7848,0.0140601,-0.00630778
-182.278,22.7848,0.0141103,-0.00578523
-178.481,22.7848,0.0141662,-0.00524187
-174.684,22.7848,0.0142278,-0.00467766
-170.886,22.7848,0.014295,-0.00409263
-167.089,22.7848,0.0143639,-0.00351233
-163.291,22.7848,0.0144224,-0.0030118
-159.494,22.7848,0.0144861,-0.00249386
-155.696,22.7848,0.0145549,-0.00195853
-151.899,22.7848,0.0146288,-0.00140577
-148.101,22.7848,0.0147169,-0.000808047
-144.304,22.7848,0.0148137,-0.000181349
-140.506,22.7848,0.0149161,0.000463837
-136.709,22.7848,0.015024,0.00112752
-132.911,22.7848,0.0151373,0.0018097
-129.114,22.7848,0.0152559,0.00249435
-125.316,22.7848,0.015379,0.00310312
-121.519,22.7848,0.0155076,0.00373117
-117.722,22.7848,0.0156716,0.00446972
-113.924,22.7848,0.0158633,0.00529532
-110.127,22.7848,0.0160586,0.0061344
-106.329,22.7848,0.0162575,0.00698699
-102.532,22.7848,0.0164925,0.00795798
-98.7342,22.7848,0.0167482,0.00894207
-94.9367,22.7848,0.0170334,0.0099849
-91.1392,22.7848,0.0173211,0.0110374
-87.3418,22.7848,0.0176123,0.0122186
-83.5443,22.7848,0.0179104,0.0134229
-79.7468,22.7848,0.0182138,0.0146355
-75.9494,22.7848,0.0185201,0.015931
-72.1519,22.7848,0.0188268,0.0174272
-68.3544,22.7848,0.0191676,0.0191004
-64.557,22.7848,0.0195119,0.020797
-60.7595,22.7848,0.0198638,0.0226281
-56.962,22.7848,0.0202204,0.0247532
-53.1646,22.7848,0.0205806,0.0269111
-49.3671,22.7848,0.0209363,0.0290239
-45.5696,22.7848,0.0213109,0.0311954
-41.7722,22.7848,0.0216841,0.0333795
-37.9747,22.7848,0.0220838,0.0356811
-34.1772,22.7848,0.0224521,0.0385327
-30.3797,22.7848,0.022822,0.0421115
-26.5823,22.7848,0.0234804,0.0477742
-22.7848,22.7848,0.0241177,0.0536601
-18.9873,22.7848,0.0247473,0.0595832
-15.1899,22.7848,0.0254607,0.0658731
-11.3924,22.7848,0.0260638,0.0714201
-7.59494,22.7848,0.0265568,0.0763908
-3.79747,22.7848,0.026956,0.081056
0,22.7848,0.0272494,0.0851626
-300,26.5823,0.0117825,-0.0193713
-296.203,26.5823,0.0118445,-0.0190072
-292.405,26.5823,0.0119112,-0.0186266
-288.608,26.5823,0.012014,-0.0181652
-284.81,26.5823,0.0121201,-0.0176898
-281.013,26.5823,0.0122297,-0.0172005
-277.215,26.5823,0.0123533,-0.0166655
-273.418,26.5823,0.0125095,-0.0160293
-269.62,26.5823,0.0126675,-0.0153838
-265.823,26.5823,0.0128274,-0.014729
-262.025,26.5823,0.0129475,-0.0141889
-258.228,26.5823,0.0130545,-0.0136839
-254.43,26.5823,0.0131652,-0.0131641
-250.633,26.5823,0.0132797,-0.0126297
-246.835,26.5823,0.0133978,-0.0120805
-243.038,26.5823,0.0135196,-0.0115166
-239.241,26.5823,0.0136451,-0.0109379
-235.443,26.5823,0.0137744,-0.0103445
-231.646,26.5823,0.0139073,-0.00973641
-227.848,26.5823,0.0140242,-0.00917394
-224.051,26.5823,0.014102,-0.00869856
-220.253,26.5823,0.0141645,-0.00825249
-216.456,26.5823,0.0142336,-0.0077846
-212.658,26.5823,0.0143092,-0.00729486
-208.861,26.5823,0.0143811,-0.00684454
-205.063,26.5823,0.0144538,-0.00640745
-201.266,26.5823,0.0145329,-0.00594953
-197.468,26.5823,0.0146184,-0.00547075
-193.671,26.5823,0.0147103,-0.00497112
-189.873,26.5823,0.0148082,-0.00445269
-186.076,26.5823,0.0148902,-0.0039758
-182.278,26.5823,0.0149415,-0.00345832
-178.481,26.5823,0.0149985,-0.00292003
-174.684,26.5823,0.0150612,-0.00236092
-170.886,26.5823,0.0151295,-0.00178098
-167.089,26.5823,0.0152036,-0.00118022
-163.291,26.5823,0.015277,-0.000597947
-159.494,26.5823,0.015349,-6.06352e-05
-155.696,26.5823,0.0154322,0.000512514
-151.899,26.5823,0.0155208,0.00110415
-148.101,26.5823,0.0156149,0.00171428
-144.304,26.5823,0.0157145,0.00234291
-140.506,26.5823,0.0158196,0.00299003
-136.709,26.5823,0.0159301,0.00365564
-132.911,26.5823,0.0160461,0.00433975
-129.114,26.5823,0.0161796,0.00507876
-125.316,26.5823,0.016361,0.00588132
-121.519,26.5823,0.0165458,0.00667651
-117.722,26.5823,0.0167342,0.0074852
-113.924,26.5823,0.0169346,0.00833448
-110.127,26.5823,0.0171626,0.00927459
-106.329,26.5823,0.0173953,0.010232
-102.532,26.5823,0.0176722,0.0113074
-98.7342,26.5823,0.0179554,0.0123844
-94.9367,26.5823,0.0182405,0.0134807
-91.1392,26.5823,0.0185288,0.0146614
-87.3418,26.5823,0.0188196,0.0158543
-83.5443,26.5823,0.0191128,0.0170593
-79.7468,26.5823,0.0194089,0.0184119
-75.9494,26.5823,0.0197279,0.0199785
-72.1519,26.5823,0.0200654,0.0216267
-68.3544,26.5823,0.0204065,0.0232984
-64.557,26.5823,0.0207964,0.0253019
-60.7595,26.5823,0.0211889,0.0275334
-56.962,26.5823,0.0215807,0.0297822
-53.1646,26.5823,0.0219782,0.0320897
-49.3671,26.5823,0.0223515,0.0342377
-45.5696,26.5823,0.0227263,0.0364089
-41.7722,26.5823,0.0231323,0.0387159
-37.9747,26.5823,0.0235186,0.0413868
-34.1772,26.5823,0.0238798,0.0447256
-30.3797,26.5823,0.0245712,0.0496159
-26.5823,26.5823,0.0252191,0.055067
-22.7848,26.5823,0.025778,0.0606394
-18.9873,26.5823,0.0262926,0.0659145
-15.1899,26.5823,0.0268207,0.0709292
-11.3924,26.5823,0.0272853,0.0757626
-7.59494,26.5823,0.0276665,0.0803242
-3.79747,26.5823,0.0279623,0.0844389
0,26.5823,0.0280926,0.088027
-300,30.3797,0.0124962,-0.0171908
-296.203,30.3797,0.0125569,-0.0168354
-292.405,30.3797,0.0126219,-0.0164641
-288.608,30.3797,0.0126913,-0.0160768
-284.81,30.3797,0.0127928,-0.0156167
-281.013,30.3797,0.0129013,-0.0151354
-277.215,30.3797,0.0130256,-0.0146033
-273.418,30.3797,0.0131794,-0.0139786
-269.62,30.3797,0.0133352,-0.0133445
-265.823,30.3797,0.0134929,-0.0127012
-262.025,30.3797,0.0136524,-0.0120486
-258.228,30.3797,0.0137618,-0.0115413
-254.43,30.3797,0.0138707,-0.0110317
-250.633,30.3797,0.0139834,-0.0105073
-246.835,30.3797,0.0140997,-0.00996813
-243.038,30.3797,0.0142198,-0.00941427
-239.241,30.3797,0.0143436,-0.00884568
-235.443,30.3797,0.014471,-0.00826236
-231.646,30.3797,0.0146022,-0.00766431
-227.848,30.3797,0.0147258,-0.00708571
-224.051,30.3797,0.0148419,-0.00652689
-220.253,30.3797,0.0149291,-0.00602914
-216.456,30.3797,0.0149978,-0.00556776
-212.658,30.3797,0.0150731,-0.00508454
-208.861,30.3797,0.0151549,-0.00457949
-205.063,30.3797,0.0152299,-0.00413349
-201.266,30.3797,0.0153088,-0.00368093
-197.468,30.3797,0.0153942,-0.00320751
-193.671,30.3797,0.015486,-0.00271326
-189.873,30.3797,0.0155841,-0.00219816
-186.076,30.3797,0.0156831,-0.00169477
-182.278,30.3797,0.0157534,-0.0011791
-178.481,30.3797,0.0158115,-0.0006459
-174.684,30.3797,0.0158753,-9.18684e-05
-170.886,30.3797,0.0159475,0.000491486
-167.089,30.3797,0.0160351,0.00112553
-163.291,30.3797,0.0161287,0.00178149
-159.494,30.3797,0.0162201,0.00240754
-155.696,30.3797,0.0163059,0.00298261
-151.899,30.3797,0.0163973,0.00357618
-148.101,30.3797,0.0164941,0.00418824
-144.304,30.3797,0.0165963,0.00481881
-140.506,30.3797,0.0167041,0.00546786
-136.709,30.3797,0.0168616,0.00627046
-132.911,30.3797,0.0170371,0.00712953
-129.114,30.3797,0.0172162,0.00800132
-125.316,30.3797,0.0173983,0.00883517
-121.519,30.3797,0.0175973,0.00967196
-117.722,30.3797,0.0178173,0.0105781
-113.924,30.3797,0.018042,0.0115015
-110.127,30.3797,0.0182905,0.0124908
-106.329,30.3797,0.0185685,0.0135609
-102.532,30.3797,0.0188492,0.0146564
-98.7342,30.3797,0.0191334,0.0158669
-94.9367,30.3797,0.0194186,0.0170339
-91.1392,30.3797,0.0197063,0.0182092
-87.3418,30.3797,0.0199964,0.0193968
-83.5443,30.3797,0.020282,0.0208031
-79.7468,30.3797,0.0206216,0.0224897
-75.9494,30.3797,0.0210044,0.0243224
-72.1519,30.3797,0.0213955,0.0262097
-68.3544,30.3797,0.021792,0.0282186
-64.557,30.3797,0.0221825,0.0304208
-60.7595,30.3797,0.0225722,0.0326402
-56.962,30.3797,0.0229729,0.0349539
-53.1646,30.3797,0.0233576,0.0371715
-49.3671,30.3797,0.023742,0.0393604
-45.5696,30.3797,0.0241321,0.0415843
-41.7722,30.3797,0.024504,0.0439379
-37.9747,30.3797,0.0248399,0.0469154
-34.1772,30.3797,0.0254871,0.0515485
-30.3797,30.3797,0.0261069,0.0562527
-26.5823,30.3797,0.0266473,0.0610745
-22.7848,30.3797,0.0270306,0.0655189
-18.9873,30.3797,0.027522,0.0703263
-15.1899,30.3797,0.0279886,0.075103
-11.3924,30.3797,0.028358,0.0795944
-7.59494,30.3797,0.0286595,0.0837253
-3.79747,30.3797,0.0287976,0.0872591
0,30.3797,0.0288818,0.0904871
-300,34.1772,0.0131951,-0.0150472
-296.203,34.1772,0.0132543,-0.0147005
-292.405,34.1772,0.0133179,-0.0143379
-288.608,34.1772,0.0133859,-0.0139593
-284.81,34.1772,0.0134582,-0.0135648
-281.013,34.1772,0.0135592,-0.0131049
-277.215,34.1772,0.0136857,-0.0125706
-273.418,34.1772,0.0138373,-0.0119573
-269.62,34.1772,0.0139908,-0.0113348
-265.823,34.1772,0.0141462,-0.0107029
-262.025,34.1772,0.0143035,-0.0100618
-258.228,34.1772,0.0144557,-0.00943195
-254.43,34.1772,0.0145629,-0.00893234
-250.633,34.1772,0.0146738,-0.00841801
-246.835,34.1772,0.0147884,-0.00788893
-243.038,34.1772,0.0149067,-0.00734514
-239.241,34.1772,0.0150286,-0.0067866
-235.443,34.1772,0.0151543,-0.00621335
-231.646,34.1772,0.0152837,-0.00562536
-227.848,34.1772,0.015414,-0.00503126
-224.051,34.1772,0.0155285,-0.00448194
-220.253,34.1772,0.0156473,-0.00391605
-216.456,34.1772,0.0157449,-0.00339317
-212.658,34.1772,0.0158198,-0.00291647
-208.861,34.1772,0.0159014,-0.00241793
-205.063,34.1772,0.0159881,-0.00190581
-201.266,34.1772,0.0160669,-0.00145863
-197.468,34.1772,0.0161522,-0.00099058
-193.671,34.1772,0.0162438,-0.000501696
-189.873,34.1772,0.0163419,8.03728e-06
-186.076,34.1772,0.0164463,0.000538621
-182.278,34.1772,0.0165449,0.00103005
-178.481,34.1772,0.016615,0.00161065
-174.684,34.1772,0.0166926,0.00219866
-170.886,34.1772,0.0167762,0.0028086
-167.089,34.1772,0.0168658,0.00344044
-163.291,34.1772,0.0169615,0.00409421
-159.494,34.1772,0.0170631,0.00476988
-155.696,34.1772,0.0171608,0.00540434
-151.899,34.1772,0.0172548,0.00599985
-148.101,34.1772,0.0173672,0.00665326
-144.304,34.1772,0.0175322,0.00746872
-140.506,34.1772,0.0177008,0.00829688
-136.709,34.1772,0.017873,0.00913776
-132.911,34.1772,0.0180487,0.00999135
-129.114,34.1772,0.0182437,0.0109083
-125.316,34.1772,0.0184566,0.0118684
-121.519,34.1772,0.0186733,0.0127579
-117.722,34.1772,0.0188948,0.0136646
-113.924,34.1772,0.0191635,0.0146972
-110.127,34.1772,0.0194384,0.0157509
-106.329,34.1772,0.0197168,0.0169155
-102.532,34.1772,0.0199977,0.0181069
-98.7342,34.1772,0.0202812,0.019312
-94.9367,34.1772,0.0205663,0.0204938
-91.1392,34.1772,0.0208639,0.0217437
-87.3418,34.1772,0.0212202,0.023432
-83.5443,34.1772,0.0215987,0.0252475
-79.7468,34.1772,0.0219767,0.0270704
-75.9494,34.1772,0.0223638,0.0290377
-72.1519,34.1772,0.0227539,0.0310325
-68.3544,34.1772,0.0231423,0.0332053
-64.557,34.1772,0.0235324,0.0354112
-60.7595,34.1772,0.0239284,0.0376878
-56.962,34.1772,0.024292,0.0398456
-53.1646,34.1772,0.024643,0.0418868
-49.3671,34.1772,0.0250153,0.0440357
-45.5696,34.1772,0.0253891,0.0462076
-41.7722,34.1772,0.025717,0.0490129
-37.9747,34.1772,0.026222,0.0529067
-34.1772,34.1772,0.0268049,0.0572923
-30.3797,34.1772,0.0273287,0.0613164
-26.5823,34.1772,0.0277524,0.0651565
-22.7848,34.1772,0.0282043,0.0697273
-18.9873,34.1772,0.0286641,0.0743977
-15.1899,34.1772,0.0290305,0.0788667
-11.3924,34.1772,0.0293385,0.0830155
-7.59494,34.1772,0.0294848,0.0864956
-3.79747,34.1772,0.0295788,0.0897195
0,34.1772,0.029629,0.0927714
-300,37.9747,0.013879,-0.0129405
-296.203,37.9747,0.0139368,-0.0126025
-292.405,37.9747,0.0139989,-0.0122486
-288.608,37.9747,0.0140655,-0.0118787
-284.81,37.9747,0.0141365,-0.0114929
-281.013,37.9747,0.0142118,-0.0110912
-277.215,37.9747,0.0143337,-0.0105674
-273.418,37.9747,0.0144831,-0.00996565
-269.62,37.9747,0.0146344,-0.00935458
-265.823,37.9747,0.0147875,-0.00873419
-262.025,37.9747,0.0149426,-0.00810449
-258.228,37.9747,0.0150995,-0.00746548
-254.43,37.9747,0.0152418,-0.00686619
-250.633,37.9747,0.0153509,-0.00636192
-246.835,37.9747,0.0154637,-0.00584291
-243.038,37.9747,0.0155802,-0.00530918
-239.241,37.9747,0.0157004,-0.00476071
-235.443,37.9747,0.0158243,-0.00419752
-231.646,37.9747,0.015952,-0.00361959
-227.848,37.9747,0.0160833,-0.00302693
-224.051,37.9747,0.0162015,-0.00247077
-220.253,37.9747,0.0163188,-0.00191437
-216.456,37.9747,0.0164403,-0.00134139
-212.658,37.9747,0.0165495,-0.000790662
-208.861,37.9747,0.0166307,-0.000298634
-205.063,37.9747,0.0167185,0.000215236
-201.266,37.9747,0.0168072,0.000717386
-197.468,37.9747,0.0168924,0.00118005
-193.671,37.9747,0.0169839,0.00166358
-189.873,37.9747,0.0170847,0.00217653
-186.076,37.9747,0.017202,0.00273956
-182.278,37.9747,0.0173237,0.00331111
-178.481,37.9747,0.017421,0.00388238
-174.684,37.9747,0.0175009,0.00447323
-170.886,37.9747,0.0175865,0.00508096
-167.089,37.9747,0.0176782,0.0057106
-163.291,37.9747,0.0177759,0.00636215
-159.494,37.9747,0.0178796,0.00703562
-155.696,37.9747,0.0180258,0.00784229
-151.899,37.9747,0.0181913,0.00867354
-148.101,37.9747,0.018353,0.00947079
-144.304,37.9747,0.0185182,0.0102808
-140.506,37.9747,0.0186871,0.0111034
-136.709,37.9747,0.0188731,0.0119828
-132.911,37.9747,0.0190782,0.0129246
-129.114,37.9747,0.019288,0.0138829
-125.316,37.9747,0.0195025,0.0148577
-121.519,37.9747,0.0197406,0.0158143
-117.722,37.9747,0.0200099,0.0168401
-113.924,37.9747,0.0202824,0.0179487
-110.127,37.9747,0.0205577,0.0191073
-106.329,37.9747,0.0208355,0.0202796
-102.532,37.9747,0.0211159,0.0214656
-98.7342,37.9747,0.0214537,0.0228349
-94.9367,37.9747,0.0218004,0.0243978
-91.1392,37.9747,0.0221655,0.0261102
-87.3418,37.9747,0.0225419,0.0279055
-83.5443,37.9747,0.0229196,0.0297509
-79.7468,37.9747,0.0232763,0.0316306
-75.9494,37.9747,0.0236339,0.0335234
-72.1519,37.9747,0.0239741,0.0355424
-68.3544,37.9747,0.0243124,0.0376037
-64.557,37.9747,0.0246604,0.0396864
-60.7595,37.9747,0.0250087,0.0417894
-56.962,37.9747,0.0253766,0.0439219
-53.1646,37.9747,0.0257465,0.0460458
-49.3671,37.9747,0.0261094,0.0481357
-45.5696,37.9747,0.0264449,0.0506602
-41.7722,37.9747,0.0269054,0.0540313
-37.9747,37.9747,0.0274254,0.0579607
-34.1772,37.9747,0.0279226,0.061723
-30.3797,37.9747,0.0283851,0.0652439
-26.5823,37.9747,0.028892,0.0692161
-22.7848,37.9747,0.0293375,0.0737588
-18.9873,37.9747,0.0296968,0.0781276
-15.1899,37.9747,0.0300191,0.0823246
-11.3924,37.9747,0.0301755,0.0858055
-7.59494,37.9747,0.0302716,0.0890002
-3.79747,37.9747,0.0303388,0.0920312
0,37.9747,0.0303066,0.0947493
-300,41.7722,0.0145354,-0.0109461
-296.203,41.7722,0.0146043,-0.0105415
-292.405,41.7722,0.0146651,-0.0101963
-288.608,41.7722,0.0147302,-0.00983508
-284.81,41.7722,0.0147998,-0.00945797
-281.013,41.7722,0.0148737,-0.00906493
-277.215,41.7722,0.0149796,-0.00857344
-273.418,41.7722,0.0151168,-0.0080035
-269.62,41.7722,0.0152659,-0.0074039
-265.823,41.7722,0.0154168,-0.00679498
-262.025,41.7722,0.0155695,-0.00617676
-258.228,41.7722,0.0157242,-0.00554923
-254.43,41.7722,0.0158807,-0.00491238
-250.633,41.7722,0.0160147,-0.00433902
-246.835,41.7722,0.0161257,-0.00383008
-243.038,41.7722,0.0162405,-0.0033064
-239.241,41.7722,0.0163589,-0.00276799
-235.443,41.7722,0.016481,-0.00221485
-231.646,41.7722,0.0166069,-0.001647
-227.848,41.7722,0.0167364,-0.0010644
-224.051,41.7722,0.016861,-0.000493413
-220.253,41.7722,0.0169767,5.35045e-05
-216.456,41.7722,0.0170966,0.000616988
-212.658,41.7722,0.0172209,0.00119704
-208.861,41.7722,0.0173429,0.0017784
-205.063,41.7722,0.0174303,0.00228576
-201.266,41.7722,0.0175244,0.00281495
-197.468,41.7722,0.0176218,0.00332514
-193.671,41.7722,0.0177264,0.00384181
-189.873,41.7722,0.0178378,0.00438038
-186.076,41.7722,0.0179559,0.00494086
-182.278,41.7722,0.0180807,0.00552325
-178.481,41.7722,0.0182047,0.00608272
-174.684,41.7722,0.0182908,0.00670302
-170.886,41.7722,0.0183785,0.00730854
-167.089,41.7722,0.0184722,0.00793598
-163.291,41.7722,0.0186283,0.00875719
-159.494,41.7722,0.0187968,0.00961969
-155.696,41.7722,0.0189694,0.0104983
-151.899,41.7722,0.0191461,0.0113931
-148.101,41.7722,0.0193139,0.0122221
-144.304,41.7722,0.0194872,0.0130516
-140.506,41.7722,0.0196842,0.0139589
-136.709,41.7722,0.019886,0.0148827
-132.911,41.7722,0.0200926,0.015823
-129.114,41.7722,0.0203039,0.0167799
-125.316,41.7722,0.0205632,0.0178638
-121.519,41.7722,0.0208303,0.0189664
-117.722,41.7722,0.0210999,0.0200922
-113.924,41.7722,0.0213721,0.0212318
-110.127,41.7722,0.0216521,0.0224016
-106.329,41.7722,0.0220089,0.023814
-102.532,41.7722,0.0223542,0.0252529
-98.7342,41.7722,0.0226641,0.0267781
-94.9367,41.7722,0.0229928,0.0284474
-91.1392,41.7722,0.0233337,0.0301266
-87.3418,41.7722,0.0236798,0.0319144
-83.5443,41.7722,0.0240139,0.0336874
-79.7468,41.7722,0.0243484,0.035472
-75.9494,41.7722,0.0246804,0.0373662
-72.1519,41.7722,0.0250152,0.0394168
-68.3544,41.7722,0.0253568,0.041528
-64.557,41.7722,0.0257032,0.0436574
-60.7595,41.7722,0.0260913,0.0458939
-56.962,41.7722,0.0264557,0.0479365
-53.1646,41.7722,0.0268198,0.049995
-49.3671,41.7722,0.0271482,0.0522233
-45.5696,41.7722,0.0275317,0.0550058
-41.7722,41.7722,0.0280289,0.0585198
-37.9747,41.7722,0.0285061,0.062085
-34.1772,41.7722,0.028955,0.0654954
-30.3797,41.7722,0.0294536,0.0691381
-26.5823,41.7722,0.0300017,0.0731589
-22.7848,41.7722,0.030357,0.0774268
-18.9873,41.7722,0.0306924,0.081658
-15.1899,41.7722,0.0308604,0.0851592
-11.3924,41.7722,0.0309606,0.0883291
-7.59494,41.7722,0.0310433,0.0913368
-3.79747,41.7722,0.0310273,0.0941105
0,41.7722,0.0308962,0.0964192
-300,45.5696,0.0151855,-0.00899558
-296.203,45.5696,0.0152568,-0.00851833
-292.405,45.5696,0.0153163,-0.00818084
-288.608,45.5696,0.0153801,-0.00782836
-284.81,45.5696,0.0154482,-0.00745994
-281.013,45.5696,0.015521,-0.00707464
-277.215,45.5696,0.0156335,-0.00656767
-273.418,45.5696,0.0157489,-0.00604943
-269.62,45.5696,0.0158852,-0.00548274
-265.823,45.5696,0.0160339,-0.00488531
-262.025,45.5696,0.0161844,-0.00427855
-258.228,45.5696,0.0163368,-0.00366248
-254.43,45.5696,0.0164911,-0.00303711
-250.633,45.5696,0.0166473,-0.00240244
-246.835,45.5696,0.0167744,-0.0018504
-243.038,45.5696,0.0168874,-0.00133679
-239.241,45.5696,0.0170041,-0.000808444
-235.443,45.5696,0.0171244,-0.000265371
-231.646,45.5696,0.0172485,0.000292434
-227.848,45.5696,0.0173763,0.000864966
-224.051,45.5696,0.017507,0.00145015
-220.253,45.5696,0.0176211,0.00198758
-216.456,45.5696,0.0177394,0.00254158
-212.658,45.5696,0.0178621,0.00311214
-208.861,45.5696,0.0179891,0.00369928
-205.063,45.5696,0.0181302,0.00433173
-201.266,45.5696,0.018242,0.00490466
-197.468,45.5696,0.0183561,0.00548944
-193.671,45.5696,0.0184618,0.00600479
-189.873,45.5696,0.018574,0.0065408
-186.076,45.5696,0.0187004,0.00711693
-182.278,45.5696,0.0188341,0.00771624
-178.481,45.5696,0.0189732,0.00833407
-174.684,45.5696,0.019097,0.00894629
-170.886,45.5696,0.019258,0.00978341
-167.089,45.5696,0.0194204,0.0106096
-163.291,45.5696,0.0195855,0.0114487
-159.494,45.5696,0.0197532,0.0123008
-155.696,45.5696,0.0199235,0.0131658
-151.899,45.5696,0.0200965,0.0140439
-148.101,45.5696,0.020297,0.0150152
-144.304,45.5696,0.0204891,0.0159199
-140.506,45.5696,0.0206798,0.0168091
-136.709,45.5696,0.0208738,0.0177117
-132.911,45.5696,0.0210968,0.0186902
-129.114,45.5696,0.0213584,0.0197703
-125.316,45.5696,0.0216233,0.0209533
-121.519,45.5696,0.0218903,0.0221668
-117.722,45.5696,0.0221622,0.0232994
-113.924,45.5696,0.0224805,0.0245858
-110.127,45.5696,0.0227984,0.0258769
-106.329,45.5696,0.0231087,0.0273166
-102.532,45.5696,0.0234178,0.02883
-98.7342,45.5696,0.0237323,0.0304062
-94.9367,45.5696,0.0240437,0.0320711
-91.1392,45.5696,0.0243713,0.0338195
-87.3418,45.5696,0.0247017,0.0355657
-83.5443,45.5696,0.0250325,0.0373234
-79.7468,45.5696,0.0253628,0.0391239
-75.9494,45.5696,0.0256949,0.0411467
-72.1519,45.5696,0.0260381,0.0432416
-68.3544,45.5696,0.0264035,0.0454344
-64.557,45.5696,0.0267821,0.0476541
-60.7595,45.5696,0.0271472,0.0497631
-56.962,45.5696,0.0274707,0.0516926
-53.1646,45.5696,0.0277838,0.0533865
-49.3671,45.5696,0.0281392,0.0559526
-45.5696,45.5696,0.0286136,0.0590705
-41.7722,45.5696,0.0290719,0.0624249
-37.9747,45.5696,0.0295043,0.0657123
-34.1772,45.5696,0.0299658,0.0691583
-30.3797,45.5696,0.0305034,0.0729832
-26.5823,45.5696,0.030999,0.0767399
-22.7848,45.5696,0.0313392,0.0809503
-18.9873,45.5696,0.0315272,0.0845164
-15.1899,45.5696,0.0316314,0.0876592
-11.3924,45.5696,0.0317225,0.0906233
-7.59494,45.5696,0.0317095,0.0933509
-3.79747,45.5696,0.0315926,0.0956895
0,45.5696,0.0314499,0.0979406
-300,49.3671,0.0159011,-0.00690101
-296.203,49.3671,0.0159639,-0.00644905
-292.405,49.3671,0.0160228,-0.00604702
-288.608,49.3671,0.0160666,-0.00574422
-284.81,49.3671,0.0161149,-0.00542521
-281.013,49.3671,0.0161793,-0.00505556
-277.215,49.3671,0.0162742,-0.00459388
-273.418,49.3671,0.016387,-0.0040877
-269.62,49.3671,0.0165027,-0.00357024
-265.823,49.3671,0.0166389,-0.00300515
-262.025,49.3671,0.0167872,-0.00240988
-258.228,49.3671,0.0169374,-0.00180529
-254.43,49.3671,0.0170894,-0.00119139
-250.633,49.3671,0.0172433,-0.000568173
-246.835,49.3671,0.0173991,6.43447e-05
-243.038,49.3671,0.017521,0.000599651
-239.241,49.3671,0.0176359,0.00111793
-235.443,49.3671,0.0177545,0.00165094
-231.646,49.3671,0.0178768,0.00219869
-227.848,49.3671,0.0180028,0.00276116
-224.051,49.3671,0.0181325,0.00333836
-220.253,49.3671,0.018252,0.00388786
-216.456,49.3671,0.0183687,0.00443237
-212.658,49.3671,0.018501,0.00502606
-208.861,49.3671,0.01864,0.00564361
-205.063,49.3671,0.0187852,0.00628233
-201.266,49.3671,0.0189474,0.00696872
-197.468,49.3671,0.0190917,0.00762008
-193.671,49.3671,0.019219,0.00821844
-189.873,49.3671,0.0193417,0.00877532
-186.076,49.3671,0.0194698,0.00935073
-182.278,49.3671,0.0196215,0.00999689
-178.481,49.3671,0.01983,0.010809
-174.684,49.3671,0.0200368,0.0116036
-170.886,49.3671,0.020202,0.0124482
-167.089,49.3671,0.020363,0.0132677
-163.291,49.3671,0.0205265,0.0140946
-159.494,49.3671,0.0206925,0.0149344
-155.696,49.3671,0.0208715,0.0158204
-151.899,49.3671,0.0210697,0.0167728
-148.101,49.3671,0.0212718,0.0177421
-144.304,49.3671,0.0214776,0.0187281
-140.506,49.3671,0.0216721,0.0196351
-136.709,49.3671,0.0218989,0.0206139
-132.911,49.3671,0.0221264,0.0215963
-129.114,49.3671,0.022356,0.0226937
-125.316,49.3671,0.0225995,0.0238794
-121.519,49.3671,0.0229062,0.0252525
-117.722,49.3671,0.0232209,0.0265255
-113.924,49.3671,0.0235302,0.0278221
-110.127,49.3671,0.0238176,0.0292271
-106.329,49.3671,0.0241091,0.0306588
-102.532,49.3671,0.0244147,0.0321643
-98.7342,49.3671,0.024727,0.0338622
-94.9367,49.3671,0.0250436,0.035628
-91.1392,49.3671,0.0253657,0.0373746
-87.3418,49.3671,0.0256928,0.0391055
-83.5443,49.3671,0.0260204,0.0408479
-79.7468,49.3671,0.0263618,0.0428477
-75.9494,49.3671,0.0267112,0.0449419
-72.1519,49.3671,0.0270757,0.0470741
-68.3544,49.3671,0.0274348,0.0492205
-64.557,49.3671,0.0277724,0.0513114
-60.7595,49.3671,0.0280689,0.0530157
-56.962,49.3671,0.0283795,0.0547087
-53.1646,49.3671,0.0287189,0.0567912
-49.3671,49.3671,0.0291648,0.0596985
-45.5696,49.3671,0.0296199,0.0627429
-41.7722,49.3671,0.0300362,0.0659094
-37.9747,49.3671,0.0304629,0.0691668
-34.1772,49.3671,0.0309735,0.0728499
-30.3797,49.3671,0.0314625,0.0765238
-26.5823,49.3671,0.031942,0.0802611
-22.7848,49.3671,0.0321748,0.0838586
-18.9873,49.3671,0.0322839,0.0869907
-15.1899,49.3671,0.0323779,0.0898945
-11.3924,49.3671,0.0323707,0.0925596
-7.59494,49.3671,0.0322658,0.0949338
-3.79747,49.3671,0.0321279,0.0971273
0,49.3671,0.0319857,0.099375
-300,53.1646,0.0166155,-0.00480587
-296.203,53.1646,0.0166557,-0.00441698
-292.405,53.1646,0.0167252,-0.0039515
-288.608,53.1646,0.0167746,-0.00361662
-284.81,53.1646,0.0168213,-0.00330679
-281.013,53.1646,0.0168968,-0.0029079
-277.215,53.1646,0.0169859,-0.0024657
-273.418,53.1646,0.0170779,-0.00201193
-269.62,53.1646,0.0171729,-0.00154658
-265.823,53.1646,0.0172709,-0.00106966
-262.025,53.1646,0.01739,-0.000543948
-258.228,53.1646,0.0175258,2.2396e-05
-254.43,53.1646,0.0176756,0.000624814
-250.633,53.1646,0.0178273,0.00123655
-246.835,53.1646,0.0179808,0.0018576
-243.038,53.1646,0.0181363,0.00248796
-239.241,53.1646,0.0182544,0.00301114
-235.443,53.1646,0.0183712,0.00353409
-231.646,53.1646,0.0184918,0.00407177
-227.848,53.1646,0.018616,0.00462419
-224.051,53.1646,0.0187439,0.00519132
-220.253,53.1646,0.0188804,0.0057867
-216.456,53.1646,0.0190194,0.00638633
-212.658,53.1646,0.01917,0.00702047
-208.861,53.1646,0.0193239,0.00766884
-205.063,53.1646,0.019481,0.00833145
-201.266,53.1646,0.0196414,0.00900833
-197.468,53.1646,0.0198051,0.00969943
-193.671,53.1646,0.0199681,0.0103956
-189.873,53.1646,0.0201203,0.0110447
-186.076,53.1646,0.0203192,0.0118184
-182.278,53.1646,0.0205216,0.012605
-178.481,53.1646,0.0207273,0.0134045
-174.684,53.1646,0.0209365,0.014217
-170.886,53.1646,0.02112,0.0150211
-167.089,53.1646,0.0212812,0.0158628
-163.291,53.1646,0.021443,0.0166773
-159.494,53.1646,0.0216251,0.0175618
-155.696,53.1646,0.0218191,0.0184893
-151.899,53.1646,0.0220169,0.0194335
-148.101,53.1646,0.0222181,0.0203931
-144.304,53.1646,0.0224059,0.0213157
-140.506,53.1646,0.0226325,0.0223441
-136.709,53.1646,0.022857,0.0233178
-132.911,53.1646,0.0230863,0.0244085
-129.114,53.1646,0.0233763,0.0257334
-125.316,53.1646,0.0236528,0.0270157
-121.519,53.1646,0.0239231,0.0282824
-117.722,53.1646,0.0241966,0.0296015
-113.924,53.1646,0.0244809,0.0309842
-110.127,53.1646,0.0247708,0.0323999
-106.329,53.1646,0.0250734,0.0338834
-102.532,53.1646,0.0253861,0.0355868
-98.7342,53.1646,0.0256991,0.0373243
-94.9367,53.1646,0.0260125,0.0390749
-91.1392,53.1646,0.0263294,0.0408181
-87.3418,53.1646,0.0266656,0.0425724
-83.5443,53.1646,0.0270128,0.0445095
-79.7468,53.1646,0.0273518,0.0465201
-75.9494,53.1646,0.0276923,0.0485725
-72.1519,53.1646,0.028033,0.0506481
-68.3544,53.1646,0.0283557,0.0525457
-64.557,53.1646,0.0286496,0.0542001
-60.7595,53.1646,0.0289424,0.0557719
-56.962,53.1646,0.0292837,0.0575539
-53.1646,53.1646,0.0296916,0.060244
-49.3671,53.1646,0.0301361,0.0630852
-45.5696,53.1646,0.030551,0.0660869
-41.7722,53.1646,0.0309623,0.0692302
-37.9747,53.1646,0.0314297,0.0727083
-34.1772,53.1646,0.0319081,0.0762753
-30.3797,53.1646,0.0323648,0.0798405
-26.5823,53.1646,0.0327552,0.0831983
-22.7848,53.1646,0.0329182,0.0863234
-18.9873,53.1646,0.0330151,0.089167
-15.1899,53.1646,0.033016,0.0917793
-11.3924,53.1646,0.0329259,0.0941767
-7.59494,53.1646,0.0328021,0.0963726
-3.79747,53.1646,0.032667,0.0985763
0,53.1646,0.0325234,0.100817
-300,56.962,0.017312,-0.00275297
-296.203,56.962,0.0173439,-0.00239061
-292.405,56.962,0.0173998,-0.00197114
-288.608,56.962,0.017469,-0.00154093
-284.81,56.962,0.0175151,-0.00121617
-281.013,56.962,0.0175984,-0.000798114
-277.215,56.962,0.0176847,-0.000368493
-273.418,56.962,0.017774,7.27107e-05
-269.62,56.962,0.0178662,0.000525496
-265.823,56.962,0.0179614,0.000989851
-262.025,56.962,0.0180596,0.00146578
-258.228,56.962,0.0181802,0.001993
-254.43,56.962,0.0183099,0.0025446
-250.633,56.962,0.0184417,0.00310578
-246.835,56.962,0.0185754,0.00367658
-243.038,56.962,0.0187112,0.00425698
-239.241,56.962,0.0188587,0.0048684
-235.443,56.962,0.0189747,0.00538406
-231.646,56.962,0.0190934,0.00591168
-227.848,56.962,0.019238,0.0065125
-224.051,56.962,0.0193982,0.00715908
-220.253,56.962,0.019561,0.00781805
-216.456,56.962,0.0197079,0.00843254
-212.658,56.962,0.0198567,0.00905716
-208.861,56.962,0.0200088,0.00969603
-205.063,56.962,0.0201641,0.0103491
-201.266,56.962,0.0203227,0.0110165
-197.468,56.962,0.0205143,0.0117831
-193.671,56.962,0.0207521,0.0126867
-189.873,56.962,0.0209886,0.0135831
-186.076,56.962,0.0211991,0.0143778
-182.278,56.962,0.0213986,0.0151518
-178.481,56.962,0.0216015,0.0159388
-174.684,56.962,0.0218078,0.0167386
-170.886,56.962,0.0220137,0.0175321
-167.089,56.962,0.0221739,0.0183737
-163.291,56.962,0.0223553,0.019262
-159.494,56.962,0.0225451,0.0201644
-155.696,56.962,0.0227387,0.0210837
-151.899,56.962,0.0229081,0.0219391
-148.101,56.962,0.0231147,0.0228953
-144.304,56.962,0.0233375,0.0238997
-140.506,56.962,0.0235575,0.0249023
-136.709,56.962,0.0238221,0.0261502
-132.911,56.962,0.024094,0.0274024
-129.114,56.962,0.0243635,0.0286492
-125.316,56.962,0.024631,0.029896
-121.519,56.962,0.0248883,0.0313006
-117.722,56.962,0.0251443,0.032712
-113.924,56.962,0.0254102,0.034078
-110.127,56.962,0.0257119,0.0355931
-106.329,56.962,0.0260208,0.037245
-102.532,56.962,0.0263305,0.0389542
-98.7342,56.962,0.0266404,0.0406764
-94.9367,56.962,0.0269598,0.0424409
-91.1392,56.962,0.0272917,0.0442418
-87.3418,56.962,0.0276169,0.046041
-83.5443,56.962,0.0279324,0.0479469
-79.7468,56.962,0.0282727,0.0499779
-75.9494,56.962,0.0286016,0.0519055
-72.1519,56.962,0.0289085,0.0536263
-68.3544,56.962,0.0291997,0.0552671
-64.557,56.962,0.0294888,0.0567812
-60.7595,56.962,0.0298189,0.0584394
-56.962,56.962,0.0302086,0.0606537
-53.1646,56.962,0.0306329,0.0634689
-49.3671,56.962,0.0310485,0.0662446
-45.5696,56.962,0.0314386,0.069266
-41.7722,56.962,0.0318719,0.0725582
-37.9747,56.962,0.0323318,0.0759678
-34.1772,56.962,0.0327742,0.0794108
-30.3797,56.962,0.0331698,0.0827677
-26.5823,56.962,0.0334698,0.0857237
-22.7848,56.962,0.0336348,0.0884516
-18.9873,56.962,0.0336442,0.0910129
-15.1899,56.962,0.0335652,0.0933657
-11.3924,56.962,0.033458,0.0956162
-7.59494,56.962,0.0333301,0.0977758
-3.79747,56.962,0.0331937,0.099972
0,56.962,0.0330357,0.10216
-300,60.7595,0.0180041,-0.000753792
-296.203,60.7595,0.0180554,-0.000419152
-292.405,60.7595,0.0181107,-7.02354e-05
-288.608,60.7595,0.0181853,0.000376272
-284.81,60.7595,0.0182594,0.000820977
-281.013,60.7595,0.0183239,0.00124001
-277.215,60.7595,0.0183918,0.00167035
-273.418,60.7595,0.018463,0.00211198
-269.62,60.7595,0.0185436,0.00255972
-265.823,60.7595,0.018636,0.0030115
-262.025,60.7595,0.0187314,0.00347485
-258.228,60.7595,0.0188298,0.00394979
-254.43,60.7595,0.0189526,0.00448019
-250.633,60.7595,0.0190819,0.00502941
-246.835,60.7595,0.0192132,0.00558824
-243.038,60.7595,0.0193465,0.00615667
-239.241,60.7595,0.0194914,0.00675775
-235.443,60.7595,0.0196566,0.0074155
-231.646,60.7595,0.0197922,0.00798906
-227.848,60.7595,0.0199306,0.00857533
-224.051,60.7595,0.0200718,0.00917431
-220.253,60.7595,0.0202312,0.00982
-216.456,60.7595,0.0203836,0.0104473
-212.658,60.7595,0.0205306,0.0110624
-208.861,60.7595,0.0206809,0.0116918
-205.063,60.7595,0.0208641,0.0124202
-201.266,60.7595,0.021095,0.0132898
-197.468,60.7595,0.0213272,0.0141681
-193.671,60.7595,0.0215606,0.0150549
-189.873,60.7595,0.0217954,0.0159504
-186.076,60.7595,0.0220219,0.0167967
-182.278,60.7595,0.022244,0.0176175
-178.481,60.7595,0.0224526,0.0184117
-174.684,60.7595,0.022656,0.0191989
-170.886,60.7595,0.0228629,0.019999
-167.089,60.7595,0.0230594,0.0208675
-163.291,60.7595,0.0232476,0.0217968
-159.494,60.7595,0.0234141,0.0226266
-155.696,60.7595,0.0235847,0.0234701
-151.899,60.7595,0.0237909,0.0244062
-148.101,60.7595,0.0239955,0.0253438
-144.304,60.7595,0.0242343,0.0264201
-140.506,60.7595,0.0245084,0.0276764
-136.709,60.7595,0.0247807,0.0289527
-132.911,60.7595,0.0250511,0.0302304
-129.114,60.7595,0.025316,0.031461
-125.316,60.7595,0.0255694,0.0328669
-121.519,60.7595,0.025819,0.0343075
-117.722,60.7595,0.0260731,0.0357536
-113.924,60.7595,0.0263547,0.0372708
-110.127,60.7595,0.0266364,0.0388426
-106.329,60.7595,0.0269376,0.0405176
-102.532,60.7595,0.027246,0.0422178
-98.7342,60.7595,0.0275575,0.0439511
-94.9367,60.7595,0.0278624,0.0456799
-91.1392,60.7595,0.0281638,0.0474035
-87.3418,60.7595,0.0284949,0.04933
-83.5443,60.7595,0.0288306,0.0512941
-79.7468,60.7595,0.029137,0.0529694
-75.9494,60.7595,0.0294396,0.0546468
-72.1519,60.7595,0.0297155,0.0561802
-68.3544,60.7595,0.0300178,0.0577521
-64.557,60.7595,0.0303283,0.05929
-60.7595,60.7595,0.030712,0.0611422
-56.962,60.7595,0.0311182,0.063727
-53.1646,60.7595,0.0315261,0.0664738
-49.3671,60.7595,0.0318971,0.069253
-45.5696,60.7595,0.0322962,0.0723752
-41.7722,60.7595,0.0327423,0.0756574
-37.9747,60.7595,0.0331705,0.0789772
-34.1772,60.7595,0.0335683,0.0823257
-30.3797,60.7595,0.0338788,0.0853281
-26.5823,60.7595,0.0341441,0.0878404
-22.7848,60.7595,0.0342499,0.0902341
-18.9873,60.7595,0.034196,0.0926072
-15.1899,60.7595,0.0341191,0.0949746
-11.3924,60.7595,0.0340077,0.0971248
-7.59494,60.7595,0.0338884,0.0993182
-3.79747,60.7595,0.0337504,0.101515
0,60.7595,0.0335592,0.103598
-300,64.557,0.0187106,0.0011757
-296.203,64.557,0.0187597,0.00150108
-292.405,64.557,0.0188126,0.00184075
-288.608,64.557,0.0188823,0.00224813
-284.81,64.557,0.0189817,0.00277481
-281.013,64.557,0.019056,0.00322125
-277.215,64.557,0.0191207,0.00363936
-273.418,64.557,0.0191887,0.00406879
-269.62,64.557,0.0192599,0.00450952
-265.823,64.557,0.0193345,0.00496152
-262.025,64.557,0.0194124,0.00542484
-258.228,64.557,0.0194936,0.00589945
-254.43,64.557,0.0195816,0.00638237
-250.633,64.557,0.0197081,0.0069192
-246.835,64.557,0.0198628,0.00752893
-243.038,64.557,0.0200204,0.00815156
-239.241,64.557,0.020191,0.00881637
-235.443,64.557,0.0203625,0.00948845
-231.646,64.557,0.0205324,0.01016
-227.848,64.557,0.0206686,0.0107357
-224.051,64.557,0.0208077,0.0113241
-220.253,64.557,0.0209495,0.0119252
-216.456,64.557,0.0210902,0.0125273
-212.658,64.557,0.0212444,0.0131694
-208.861,64.557,0.0214517,0.0139682
-205.063,64.557,0.0216667,0.0147899
-201.266,64.557,0.0218933,0.0156428
-197.468,64.557,0.0221212,0.0165043
-193.671,64.557,0.0223503,0.0173744
-189.873,64.557,0.0225808,0.0182532
-186.076,64.557,0.0228107,0.0191288
-182.278,64.557,0.0230286,0.019934
-178.481,64.557,0.0232478,0.0207469
-174.684,64.557,0.023468,0.0215673
-170.886,64.557,0.0236888,0.022399
-167.089,64.557,0.0238892,0.02321
-163.291,64.557,0.0240411,0.0240261
-159.494,64.557,0.0242235,0.0249102
-155.696,64.557,0.0244232,0.0258147
-151.899,64.557,0.024629,0.0267478
-148.101,64.557,0.0249016,0.0279458
-144.304,64.557,0.0251724,0.029161
-140.506,64.557,0.0254416,0.0304139
-136.709,64.557,0.025709,0.0316683
-132.911,64.557,0.0259744,0.0329241
-129.114,64.557,0.0262276,0.0343798
-125.316,64.557,0.0264748,0.0357994
-121.519,64.557,0.0267242,0.0372565
-117.722,64.557,0.0269953,0.0388963
-113.924,64.557,0.027268,0.0404136
-110.127,64.557,0.0275294,0.0419962
-106.329,64.557,0.0278025,0.0436321
-102.532,64.557,0.0281046,0.0453291
-98.7342,64.557,0.0284085,0.0470367
-94.9367,64.557,0.0287128,0.0487294
-91.1392,64.557,0.029039,0.0506443
-87.3418,64.557,0.0293487,0.0523413
-83.5443,64.557,0.0296534,0.05399
-79.7468,64.557,0.0299347,0.0555149
-75.9494,64.557,0.0302097,0.0570265
-72.1519,64.557,0.0305291,0.0586847
-68.3544,64.557,0.0308204,0.0601039
-64.557,64.557,0.0311717,0.0618048
-60.7595,64.557,0.0315862,0.0639674
-56.962,64.557,0.0319882,0.0666534
-53.1646,64.557,0.03234,0.0692305
-49.3671,64.557,0.0327063,0.0720692
-45.5696,64.557,0.0331403,0.0753372
-41.7722,64.557,0.0335541,0.0785418
-37.9747,64.557,0.0339498,0.0818395
-34.1772,64.557,0.0342692,0.0848822
-30.3797,64.557,0.0345065,0.0873851
-26.5823,64.557,0.0347047,0.0896424
-22.7848,64.557,0.0347803,0.0919027
-18.9873,64.557,0.0347231,0.0942738
-15.1899,64.557,0.0346461,0.0965164
-11.3924,64.557,0.0345528,0.0987049
-7.59494,64.557,0.0344449,0.100908
-3.79747,64.557,0.0342726,0.102955
0,64.557,0.0340821,0.105018
-300,68.3544,0.0193734,0.00299199
-296.203,68.3544,0.0194453,0.00337965
-292.405,68.3544,0.0194959,0.00371006
-288.608,68.3544,0.0195781,0.00414597
-284.81,68.3544,0.0196776,0.0046638
-281.013,68.3544,0.019767,0.0051544
-277.215,68.3544,0.0198322,0.00557175
-273.418,68.3544,0.019897,0.00598897
-269.62,68.3544,0.019965,0.00641747
-265.823,68.3544,0.0200364,0.00685729
-262.025,68.3544,0.0201111,0.00730839
-258.228,68.3544,0.0202043,0.00780696
-254.43,68.3544,0.0203134,0.00834715
-250.633,68.3544,0.0204286,0.00890156
-246.835,68.3544,0.0205826,0.00953679
-243.038,68.3544,0.0207413,0.0101893
-239.241,68.3544,0.020901,0.010849
-235.443,68.3544,0.0210619,0.0115159
-231.646,68.3544,0.0212238,0.01219
-227.848,68.3544,0.0213915,0.0128594
-224.051,68.3544,0.0215283,0.0134372
-220.253,68.3544,0.0216859,0.0140792
-216.456,68.3544,0.0219052,0.0149023
-212.658,68.3544,0.0221098,0.0156849
-208.861,68.3544,0.0223125,0.0164665
-205.063,68.3544,0.0225167,0.017257
-201.266,68.3544,0.0227223,0.0180564
-197.468,68.3544,0.0229294,0.0188647
-193.671,68.3544,0.0231379,0.019682
-189.873,68.3544,0.0233478,0.0205081
-186.076,68.3544,0.0235749,0.0213778
-182.278,68.3544,0.0237918,0.022192
-178.481,68.3544,0.0239792,0.0229088
-174.684,68.3544,0.024167,0.0236307
-170.886,68.3544,0.0243745,0.0244214
-167.089,68.3544,0.024585,0.0252257
-163.291,68.3544,0.0248136,0.0261932
-159.494,68.3544,0.0250277,0.0271626
-155.696,68.3544,0.0252768,0.0282526
-151.899,68.3544,0.0255465,0.02943
-148.101,68.3544,0.0258141,0.0306051
-144.304,68.3544,0.0260802,0.0318335
-140.506,68.3544,0.0263445,0.0330645
-136.709,68.3544,0.0266058,0.0343164
-132.911,68.3544,0.0268514,0.035741
-129.114,68.3544,0.0270916,0.0371603
-125.316,68.3544,0.0273325,0.0386429
-121.519,68.3544,0.0275881,0.0402231
-117.722,68.3544,0.0278412,0.0418088
-113.924,68.3544,0.0280988,0.0433863
-110.127,68.3544,0.0283809,0.0450316
-106.329,68.3544,0.028659,0.0466809
-102.532,68.3544,0.0289322,0.0483214
-98.7342,68.3544,0.0292457,0.0500172
-94.9367,68.3544,0.0295559,0.0516275
-91.1392,68.3544,0.0298503,0.0533129
-87.3418,68.3544,0.0301354,0.0548688
-83.5443,68.3544,0.0304115,0.0563449
-79.7468,68.3544,0.0306855,0.0578348
-75.9494,68.3544,0.0310003,0.0594311
-72.1519,68.3544,0.0312951,0.0608813
-68.3544,68.3544,0.0316141,0.0624316
-64.557,68.3544,0.0320157,0.0643916
-60.7595,68.3544,0.0324222,0.0667845
-56.962,68.3544,0.0327494,0.0692558
-53.1646,68.3544,0.03309,0.0717799
-49.3671,68.3544,0.0335224,0.0749472
-45.5696,68.3544,0.0339144,0.0781107
-41.7722,68.3544,0.0342973,0.0814409
-37.9747,68.3544,0.0346429,0.0846013
-34.1772,68.3544,0.0348742,0.0870958
-30.3797,68.3544,0.0350907,0.0893314
-26.5823,68.3544,0.035272,0.0915367
-22.7848,68.3544,0.0353591,0.0937395
-18.9873,68.3544,0.0352962,0.0960215
-15.1899,68.3544,0.0352009,0.0981242
-11.3924,68.3544,0.0350841,0.100227
-7.59494,68.3544,0.0349248,0.102251
-3.79747,68.3544,0.0347533,0.104296
0,68.3544,0.0345635,0.106346
-300,72.1519,0.0200121,0.00475131
-296.203,72.1519,0.0200909,0.00515587
-292.405,72.1519,0.02018,0.00560142
-288.608,72.1519,0.0202622,0.00603576
-284.81,72.1519,0.0203489,0.0064906
-281.013,72.1519,0.0204443,0.00700122
-277.215,72.1519,0.0205263,0.00746748
-273.418,72.1519,0.0205879,0.00787249
-269.62,72.1519,0.0206528,0.0082888
-265.823,72.1519,0.0207495,0.00878444
-262.025,72.1519,0.0208505,0.00929376
-258.228,72.1519,0.0209535,0.00981101
-254.43,72.1519,0.0210627,0.010349
-250.633,72.1519,0.021185,0.0109271
-246.835,72.1519,0.0213197,0.0115301
-243.038,72.1519,0.0214753,0.012171
-239.241,72.1519,0.021632,0.012819
-235.443,72.1519,0.0217898,0.0134743
-231.646,72.1519,0.0219487,0.0141367
-227.848,72.1519,0.022115,0.0148247
-224.051,72.1519,0.022353,0.0157265
-220.253,72.1519,0.0225528,0.0165364
-216.456,72.1519,0.0227539,0.0173531
-212.658,72.1519,0.0229536,0.0181456
-208.861,72.1519,0.0231518,0.01891
-205.063,72.1519,0.0233515,0.0196833
-201.266,72.1519,0.0235526,0.0204655
-197.468,72.1519,0.0237672,0.0212904
-193.671,72.1519,0.0239819,0.0221195
-189.873,72.1519,0.0241715,0.0228807
-186.076,72.1519,0.0243535,0.0236253
-182.278,72.1519,0.0245321,0.0243541
-178.481,72.1519,0.0247025,0.0250286
-174.684,72.1519,0.0248776,0.0257238
-170.886,72.1519,0.0250965,0.0265462
-167.089,72.1519,0.025348,0.0274625
-163.291,72.1519,0.0255939,0.0283817
-159.494,72.1519,0.0258647,0.0295942
-155.696,72.1519,0.0261269,0.0307838
-151.899,72.1519,0.0263939,0.031943
-148.101,72.1519,0.0266579,0.0331196
-144.304,72.1519,0.0269182,0.0343252
-140.506,72.1519,0.0271726,0.035565
-136.709,72.1519,0.0274149,0.0369615
-132.911,72.1519,0.027657,0.0384107
-129.114,72.1519,0.0278981,0.039901
-125.316,72.1519,0.0281483,0.0414525
-121.519,72.1519,0.0284014,0.0430357
-117.722,72.1519,0.0286616,0.0446837
-113.924,72.1519,0.0289408,0.0463799
-110.127,72.1519,0.0292265,0.0480379
-106.329,72.1519,0.0295174,0.0497078
-102.532,72.1519,0.0297941,0.051262
-98.7342,72.1519,0.030064,0.0526817
-94.9367,72.1519,0.0303503,0.0541112
-91.1392,72.1519,0.0306163,0.0557022
-87.3418,72.1519,0.0308903,0.0572089
-83.5443,72.1519,0.0311687,0.0586873
-79.7468,72.1519,0.0314757,0.0602085
-75.9494,72.1519,0.0317755,0.0617122
-72.1519,72.1519,0.0320856,0.063228
-68.3544,72.1519,0.032463,0.065101
-64.557,72.1519,0.0328541,0.0671536
-60.7595,72.1519,0.0331813,0.0694972
-56.962,72.1519,0.0334938,0.071899
-53.1646,72.1519,0.0339118,0.0747806
-49.3671,72.1519,0.0342939,0.0778756
-45.5696,72.1519,0.0346697,0.0811209
-41.7722,72.1519,0.0350044,0.0843115
-37.9747,72.1519,0.0352357,0.086892
-34.1772,72.1519,0.0354607,0.0891087
-30.3797,72.1519,0.0356715,0.0913346
-26.5823,72.1519,0.035848,0.0935073
-22.7848,72.1519,0.0359745,0.0957003
-18.9873,72.1519,0.0358838,0.0977757
-15.1899,72.1519,0.0357615,0.0997881
-11.3924,72.1519,0.0356108,0.10176
-7.59494,72.1519,0.035449,0.10375
-3.79747,72.1519,0.035268,0.105739
0,72.1519,0.0350623,0.107712
-300,75.9494,0.020633,0.00647112
-296.203,75.9494,0.0207229,0.00691057
-292.405,75.9494,0.0208329,0.00741777
-288.608,75.9494,0.0209292,0.00788893
-284.81,75.9494,0.0210105,0.00832012
-281.013,75.9494,0.0211026,0.00880567
-277.215,75.9494,0.0211965,0.00930117
-273.418,75.9494,0.0213022,0.00981661
-269.62,75.9494,0.0213951,0.010295
-265.823,75.9494,0.0214899,0.0107814
-262.025,75.9494,0.0215865,0.0112757
-258.228,75.9494,0.0216969,0.0118121
-254.43,75.9494,0.0218135,0.012369
-250.633,75.9494,0.0219323,0.0129349
-246.835,75.9494,0.0220534,0.0135097
-243.038,75.9494,0.0221942,0.0141206
-239.241,75.9494,0.0223478,0.014757
-235.443,75.9494,0.0225026,0.0154006
-231.646,75.9494,0.0227279,0.0162544
-227.848,75.9494,0.0229612,0.0171357
-224.051,75.9494,0.0231937,0.0180185
-220.253,75.9494,0.0234253,0.0189029
-216.456,75.9494,0.0236255,0.0197124
-212.658,75.9494,0.0238203,0.0205141
-208.861,75.9494,0.0239885,0.0212768
-205.063,75.9494,0.0241778,0.0220892
-201.266,75.9494,0.0243857,0.0228834
-197.468,75.9494,0.0245698,0.0236145
-193.671,75.9494,0.0247522,0.0243457
-189.873,75.9494,0.0249329,0.0250772
-186.076,75.9494,0.025112,0.0258089
-182.278,75.9494,0.0252894,0.0265408
-178.481,75.9494,0.0254576,0.0272132
-174.684,75.9494,0.0256772,0.0280325
-170.886,75.9494,0.0259132,0.0289066
-167.089,75.9494,0.0261794,0.0299078
-163.291,75.9494,0.0264856,0.031074
-159.494,75.9494,0.0267685,0.0322
-155.696,75.9494,0.0270209,0.0333677
-151.899,75.9494,0.0272683,0.0344948
-148.101,75.9494,0.0275046,0.0356246
-144.304,75.9494,0.0277298,0.0367966
-140.506,75.9494,0.0279627,0.0381897
-136.709,75.9494,0.0282057,0.0396549
-132.911,75.9494,0.0284448,0.0411193
-129.114,75.9494,0.0286863,0.0426134
-125.316,75.9494,0.028937,0.0441697
-121.519,75.9494,0.0292209,0.0458665
-117.722,75.9494,0.029514,0.0476826
-113.924,75.9494,0.02981,0.0494684
-110.127,75.9494,0.0301035,0.0511138
-106.329,75.9494,0.0303522,0.0524081
-102.532,75.9494,0.0306043,0.0537495
-98.7342,75.9494,0.0308465,0.0550586
-94.9367,75.9494,0.0311122,0.0564839
-91.1392,75.9494,0.0313895,0.0581422
-87.3418,75.9494,0.0316718,0.0596613
-83.5443,75.9494,0.0319807,0.0611867
-79.7468,75.9494,0.0322783,0.0626821
-75.9494,75.9494,0.0325698,0.0641486
-72.1519,75.9494,0.0329397,0.0660018
-68.3544,75.9494,0.0332807,0.0678857
-64.557,75.9494,0.0336023,0.0698161
-60.7595,75.9494,0.0338897,0.0721093
-56.962,75.9494,0.0342839,0.0748638
-53.1646,75.9494,0.0346703,0.0776748
-49.3671,75.9494,0.0350262,0.0807627
-45.5696,75.9494,0.0353646,0.0839039
-41.7722,75.9494,0.0355973,0.0865575
-37.9747,75.9494,0.0358248,0.0888826
-34.1772,75.9494,0.0360558,0.0911245
-30.3797,75.9494,0.0362476,0.0932864
-26.5823,75.9494,0.0364144,0.0954125
-22.7848,75.9494,0.0365384,0.0973959
-18.9873,75.9494,0.0364358,0.0993897
-15.1899,75.9494,0.0363048,0.101362
-11.3924,75.9494,0.036149,0.103308
-7.59494,75.9494,0.0359731,0.105251
-3.79747,75.9494,0.0357757,0.107187
0,75.9494,0.0355478,0.109073
-300,79.7468,0.0213339,0.00840066
-296.203,79.7468,0.0213926,0.00877424
-292.405,79.7468,0.0214576,0.00916593
-288.608,79.7468,0.0215657,0.0096674
-284.81,79.7468,0.0216747,0.0101661
-281.013,79.7468,0.0217893,0.0106757
-277.215,79.7468,0.0219133,0.0112477
-273.418,79.7468,0.0220275,0.0117874
-269.62,79.7468,0.0221222,0.0122699
-265.823,79.7468,0.0222148,0.0127476
-262.025,79.7468,0.0223235,0.0132743
-258.228,79.7468,0.0224344,0.01381
-254.43,79.7468,0.0225476,0.0143546
-250.633,79.7468,0.0226631,0.0149083
-246.835,79.7468,0.0227808,0.015471
-243.038,79.7468,0.0229007,0.0160426
-239.241,79.7468,0.0231003,0.0168146
-235.443,79.7468,0.0233298,0.0176739
-231.646,79.7468,0.0235584,0.0185348
-227.848,79.7468,0.0237862,0.0193971
-224.051,79.7468,0.0240132,0.0202611
-220.253,79.7468,0.0242244,0.0210903
-216.456,79.7468,0.0244309,0.0219107
-212.658,79.7468,0.0246328,0.022727
-208.861,79.7468,0.0248221,0.0235378
-205.063,79.7468,0.024979,0.024268
-201.266,79.7468,0.0251354,0.0249985
-197.468,79.7468,0.0252919,0.0257288
-193.671,79.7468,0.0254689,0.0264416
-189.873,79.7468,0.0256445,0.0271552
-186.076,79.7468,0.0258188,0.0278699
-182.278,79.7468,0.0260039,0.0286195
-178.481,79.7468,0.026225,0.0294535
-174.684,79.7468,0.0264522,0.0302911
-170.886,79.7468,0.0267441,0.0313865
-167.089,79.7468,0.0270501,0.0325446
-163.291,79.7468,0.0273505,0.0336888
-159.494,79.7468,0.0276432,0.034806
-155.696,79.7468,0.0279088,0.0358774
-151.899,79.7468,0.0281413,0.0370378
-148.101,79.7468,0.0283569,0.0382122
-144.304,79.7468,0.0285627,0.0395825
-140.506,79.7468,0.0287707,0.0409559
-136.709,79.7468,0.0289785,0.0423294
-132.911,79.7468,0.0291818,0.0437014
-129.114,79.7468,0.0294514,0.0452974
-125.316,79.7468,0.0297518,0.0470048
-121.519,79.7468,0.0300545,0.0488131
-117.722,79.7468,0.0303733,0.0507107
-113.924,79.7468,0.0306493,0.0522695
-110.127,79.7468,0.0308979,0.053529
-106.329,79.7468,0.0311358,0.0547649
-102.532,79.7468,0.0313941,0.0561442
-98.7342,79.7468,0.0316525,0.0575495
-94.9367,79.7468,0.0318927,0.0589887
-91.1392,79.7468,0.0321767,0.060607
-87.3418,79.7468,0.0324673,0.0621316
-83.5443,79.7468,0.032751,0.0635864
-79.7468,79.7468,0.0330249,0.0650609
-75.9494,79.7468,0.0333531,0.066794
-72.1519,79.7468,0.0336761,0.0685662
-68.3544,79.7468,0.0339994,0.0703696
-64.557,79.7468,0.0343043,0.0724267
-60.7595,79.7468,0.0346781,0.0750631
-56.962,79.7468,0.035051,0.0777587
-53.1646,79.7468,0.0353934,0.0804818
-49.3671,79.7468,0.0356967,0.0834377
-45.5696,79.7468,0.035925,0.0861162
-41.7722,79.7468,0.0361377,0.0884294
-37.9747,79.7468,0.0363842,0.0907293
-34.1772,79.7468,0.0365936,0.0929427
-30.3797,79.7468,0.0367613,0.0950207
-26.5823,79.7468,0.0369095,0.097059
-22.7848,79.7468,0.0370277,0.0988767
-18.9873,79.7468,0.0369535,0.100881
-15.1899,79.7468,0.0368021,0.10278
-11.3924,79.7468,0.0366314,0.104683
-7.59494,79.7468,0.0364494,0.106608
-3.79747,79.7468,0.0362024,0.10837
0,79.7468,0.0359327,0.110116
-300,83.5443,0.0220266,0.0103078
-296.203,83.5443,0.0220836,0.0106836
-292.405,83.5443,0.0221663,0.0111258
-288.608,83.5443,0.0222561,0.0115737
-284.81,83.5443,0.0223736,0.0120945
-281.013,83.5443,0.022493,0.0126151
-277.215,83.5443,0.0226104,0.0131494
-273.418,83.5443,0.0227227,0.013683
-269.62,83.5443,0.0228396,0.0142301
-265.823,83.5443,0.0229426,0.0147356
-262.025,83.5443,0.0230479,0.0152501
-258.228,83.5443,0.0231554,0.0157736
-254.43,83.5443,0.0232652,0.016306
-250.633,83.5443,0.0233772,0.0168475
-246.835,83.5443,0.0235211,0.0174854
-243.038,83.5443,0.0237068,0.0182582
-239.241,83.5443,0.0239005,0.0190463
-235.443,83.5443,0.0241109,0.0198575
-231.646,83.5443,0.0243151,0.0206541
-227.848,83.5443,0.0245184,0.0214516
-224.051,83.5443,0.0247209,0.0222503
-220.253,83.5443,0.0249226,0.02305
-216.456,83.5443,0.0251543,0.0239355
-212.658,83.5443,0.0253827,0.0248133
-208.861,83.5443,0.0255668,0.025585
-205.063,83.5443,0.025721,0.0263029
-201.266,83.5443,0.0258746,0.0270211
-197.468,83.5443,0.0260276,0.0277395
-193.671,83.5443,0.0261801,0.0284583
-189.873,83.5443,0.0263332,0.0291764
-186.076,83.5443,0.0265388,0.0299744
-182.278,83.5443,0.0267624,0.0308279
-178.481,83.5443,0.0269844,0.0316781
-174.684,83.5443,0.0272868,0.0328134
-170.886,83.5443,0.0275925,0.0339635
-167.089,83.5443,0.0278927,0.0350996
-163.291,83.5443,0.0281874,0.0362217
-159.494,83.5443,0.0284767,0.0373299
-155.696,83.5443,0.0287516,0.0383744
-151.899,83.5443,0.029008,0.0395905
-148.101,83.5443,0.0292225,0.0410375
-144.304,83.5443,0.0294241,0.0423852
-140.506,83.5443,0.0296255,0.0437493
-136.709,83.5443,0.0298307,0.0451437
-132.911,83.5443,0.030046,0.0465979
-129.114,83.5443,0.030304,0.0482222
-125.316,83.5443,0.0305866,0.0499717
-121.519,83.5443,0.0308913,0.0517466
-117.722,83.5443,0.0311571,0.0532119
-113.924,83.5443,0.0314028,0.0545702
-110.127,83.5443,0.0316568,0.0558803
-106.329,83.5443,0.031923,0.0572592
-102.532,83.5443,0.0321828,0.0586334
-98.7342,83.5443,0.0324178,0.0599143
-94.9367,83.5443,0.032661,0.0613722
-91.1392,83.5443,0.0329069,0.0629296
-87.3418,83.5443,0.0331954,0.0644702
-83.5443,83.5443,0.0334846,0.0659957
-79.7468,83.5443,0.033783,0.067649
-75.9494,83.5443,0.0340906,0.0693079
-72.1519,83.5443,0.034403,0.0710579
-68.3544,83.5443,0.0347024,0.0727773
-64.557,83.5443,0.0350363,0.0751807
-60.7595,83.5443,0.0353666,0.0776994
-56.962,83.5443,0.0356974,0.080262
-53.1646,83.5443,0.0360254,0.0830197
-49.3671,83.5443,0.0362719,0.0857664
-45.5696,83.5443,0.0364788,0.0880804
-41.7722,83.5443,0.0367177,0.0903019
-37.9747,83.5443,0.0369393,0.0925244
-34.1772,83.5443,0.037113,0.0946545
-30.3797,83.5443,0.0372754,0.0967299
-26.5823,83.5443,0.0374099,0.0986133
-22.7848,83.5443,0.037533,0.100448
-18.9873,83.5443,0.0374934,0.102425
-15.1899,83.5443,0.0373308,0.104291
-11.3924,83.5443,0.0371119,0.10604
-7.59494,83.5443,0.0368469,0.107684
-3.79747,83.5443,0.0365728,0.109358
0,83.5443,0.0362939,0.111069
-300,87.3418,0.0227312,0.0122504
-296.203,87.3418,0.0228165,0.0126928
-292.405,87.3418,0.0229037,0.013142
-288.608,87.3418,0.0229927,0.0135979
-284.81,87.3418,0.0230835,0.0140605
-281.013,87.3418,0.023172,0.0145029
-277.215,87.3418,0.0232858,0.0150022
-273.418,87.3418,0.0234136,0.0155799
-269.62,87.3418,0.0235375,0.0161452
-265.823,87.3418,0.0236536,0.0166891
-262.025,87.3418,0.0237434,0.0171694
-258.228,87.3418,0.0238359,0.0176596
-254.43,87.3418,0.0239365,0.0181753
-250.633,87.3418,0.0241134,0.0189162
-246.835,87.3418,0.0242838,0.01964
-243.038,87.3418,0.0244545,0.0203668
-239.241,87.3418,0.0246255,0.0210963
-235.443,87.3418,0.024815,0.0218568
-231.646,87.3418,0.0250137,0.0226342
-227.848,87.3418,0.0252111,0.0234115
-224.051,87.3418,0.025408,0.0241905
-220.253,87.3418,0.0256381,0.0250643
-216.456,87.3418,0.0258725,0.025952
-212.658,87.3418,0.0260733,0.0267469
-208.861,87.3418,0.0262711,0.0275374
-205.063,87.3418,0.0264431,0.0282911
-201.266,87.3418,0.0265941,0.0289976
-197.468,87.3418,0.0267443,0.0297037
-193.671,87.3418,0.0268946,0.0304116
-189.873,87.3418,0.0270991,0.0312747
-186.076,87.3418,0.0273011,0.0321323
-182.278,87.3418,0.0275225,0.0330712
-178.481,87.3418,0.0278187,0.0342202
-174.684,87.3418,0.0281128,0.0353305
-170.886,87.3418,0.0284058,0.0364473
-167.089,87.3418,0.0286901,0.0375449
-163.291,87.3418,0.0289713,0.0386323
-159.494,87.3418,0.0292493,0.0397096
-155.696,87.3418,0.0295293,0.0408646
-151.899,87.3418,0.0297925,0.0422603
-148.101,87.3418,0.0300452,0.0437475
-144.304,87.3418,0.0302742,0.0451816
-140.506,87.3418,0.0305027,0.046606
-136.709,87.3418,0.0307315,0.048067
-132.911,87.3418,0.0310116,0.0497432
-129.114,87.3418,0.0312867,0.0514198
-125.316,87.3418,0.0315148,0.0528568
-121.519,87.3418,0.0317151,0.0541629
-117.722,87.3418,0.0319199,0.0554999
-113.924,87.3418,0.0321696,0.0569689
-110.127,87.3418,0.0324148,0.0582856
-106.329,87.3418,0.0326311,0.0595124
-102.532,87.3418,0.0328644,0.0608009
-98.7342,87.3418,0.0331065,0.0621145
-94.9367,87.3418,0.0333615,0.0636627
-91.1392,87.3418,0.0336349,0.0653434
-87.3418,87.3418,0.0338989,0.0668289
-83.5443,87.3418,0.0341678,0.0683561
-79.7468,87.3418,0.0344514,0.0698808
-75.9494,87.3418,0.0347418,0.0715188
-72.1519,87.3418,0.0350378,0.0732098
-68.3544,87.3418,0.0353805,0.0752796
-64.557,87.3418,0.0356931,0.0776926
-60.7595,87.3418,0.0360146,0.0801671
-56.962,87.3418,0.036356,0.082835
-53.1646,87.3418,0.0366492,0.0854773
-49.3671,87.3418,0.0368618,0.0878332
-45.5696,87.3418,0.0371124,0.0901235
-41.7722,87.3418,0.0373468,0.0923283
-37.9747,87.3418,0.0375333,0.0944476
-34.1772,87.3418,0.0376942,0.0965274
-30.3797,87.3418,0.0378478,0.0985322
-26.5823,87.3418,0.0379696,0.100325
-22.7848,87.3418,0.0380637,0.102049
-18.9873,87.3418,0.0379866,0.103804
-15.1899,87.3418,0.0377544,0.105474
-11.3924,87.3418,0.0374968,0.107066
-7.59494,87.3418,0.0372303,0.108689
-3.79747,87.3418,0.0369467,0.110323
0,87.3418,0.0366551,0.111996
-300,91.1392,0.0234581,0.0142548
-296.203,91.1392,0.0235421,0.0146895
-292.405,91.1392,0.0236239,0.0151211
-288.608,91.1392,0.0237075,0.0155594
-284.81,91.1392,0.023793,0.0160045
-281.013,91.1392,0.0238778,0.0164519
-277.215,91.1392,0.0239715,0.0169372
-273.418,91.1392,0.0240612,0.0173995
-269.62,91.1392,0.024175,0.0179452
-265.823,91.1392,0.0242844,0.0184815
-262.025,91.1392,0.024393,0.0189993
-258.228,91.1392,0.0245565,0.0196756
-254.43,91.1392,0.0247408,0.0204169
-250.633,91.1392,0.0249221,0.0211542
-246.835,91.1392,0.0251006,0.0218877
-243.038,91.1392,0.0252762,0.0226172
-239.241,91.1392,0.0254489,0.0233427
-235.443,91.1392,0.0256215,0.0240687
-231.646,91.1392,0.0258156,0.0248285
-227.848,91.1392,0.0260057,0.0255826
-224.051,91.1392,0.0262196,0.0264078
-220.253,91.1392,0.0264461,0.0272715
-216.456,91.1392,0.0266355,0.0280351
-212.658,91.1392,0.026819,0.0287881
-208.861,91.1392,0.0269965,0.0295303
-205.063,91.1392,0.0271543,0.0302424
-201.266,91.1392,0.0272974,0.0309316
-197.468,91.1392,0.0274639,0.0316854
-193.671,91.1392,0.0276743,0.032559
-189.873,91.1392,0.0278844,0.0334335
-186.076,91.1392,0.0281209,0.0344411
-182.278,91.1392,0.0283843,0.0355989
-178.481,91.1392,0.0286251,0.0367015
-174.684,91.1392,0.0288855,0.0377391
-170.886,91.1392,0.0291554,0.038793
-167.089,91.1392,0.0294329,0.0398651
-163.291,91.1392,0.0297088,0.0409313
-159.494,91.1392,0.0299874,0.0420703
-155.696,91.1392,0.0302623,0.0434328
-151.899,91.1392,0.0305518,0.0449544
-148.101,91.1392,0.0308402,0.0464553
-144.304,91.1392,0.0311035,0.047963
-140.506,91.1392,0.0313704,0.0495145
-136.709,91.1392,0.0316511,0.0511327
-132.911,91.1392,0.0319155,0.0526141
-129.114,91.1392,0.0321565,0.0539274
-125.316,91.1392,0.0323683,0.0553191
-121.519,91.1392,0.0325675,0.0566639
-117.722,91.1392,0.0327553,0.057978
-113.924,91.1392,0.0329257,0.059229
-110.127,91.1392,0.033082,0.0603582
-106.329,91.1392,0.0333183,0.0616746
-102.532,91.1392,0.0335584,0.0630035
-98.7342,91.1392,0.0338015,0.0643333
-94.9367,91.1392,0.0340292,0.0658435
-91.1392,91.1392,0.0342336,0.0673421
-87.3418,91.1392,0.0344702,0.0688173
-83.5443,91.1392,0.0347608,0.0703875
-79.7468,91.1392,0.0350499,0.0719547
-75.9494,91.1392,0.0353498,0.0736183
-72.1519,91.1392,0.0357058,0.0755018
-68.3544,91.1392,0.0360264,0.0777465
-64.557,91.1392,0.036372,0.0802488
-60.7595,91.1392,0.0367159,0.0828453
-56.962,91.1392,0.0370557,0.0855056
-53.1646,91.1392,0.0373394,0.0879085
-49.3671,91.1392,0.0375664,0.0901531
-45.5696,91.1392,0.0377988,0.0923087
-41.7722,91.1392,0.0379972,0.0944144
-37.9747,91.1392,0.0381663,0.0964765
-34.1772,91.1392,0.0383173,0.0985145
-30.3797,91.1392,0.038404,0.100192
-26.5823,91.1392,0.0384781,0.101834
-22.7848,91.1392,0.0385401,0.103504
-18.9873,91.1392,0.0384447,0.105161
-15.1899,91.1392,0.0381952,0.106675
-11.3924,91.1392,0.0379016,0.108166
-7.59494,91.1392,0.0376109,0.109705
-3.79747,91.1392,0.0373274,0.11133
0,91.1392,0.0370349,0.112985
-300,94.9367,0.0241254,0.0161194
-296.203,94.9367,0.0242208,0.0165785
-292.405,94.9367,0.0242879,0.0169769
-288.608,94.9367,0.024356,0.0173805
-284.81,94.9367,0.0244289,0.017799
-281.013,94.9367,0.0245194,0.0182699
-277.215,94.9367,0.0246249,0.0187743
-273.418,94.9367,0.0247383,0.019296
-269.62,94.9367,0.024845,0.0198164
-265.823,94.9367,0.0250039,0.0204547
-262.025,94.9367,0.0252169,0.0212676
-258.228,94.9367,0.0254022,0.0220038
-254.43,94.9367,0.0255801,0.0227243
-250.633,94.9367,0.0257544,0.0234392
-246.835,94.9367,0.0259258,0.0241502
-243.038,94.9367,0.0260943,0.0248572
-239.241,94.9367,0.02626,0.0255603
-235.443,94.9367,0.0264227,0.0262595
-231.646,94.9367,0.0265991,0.0269803
-227.848,94.9367,0.0267948,0.0277463
-224.051,94.9367,0.027024,0.0286088
-220.253,94.9367,0.0272149,0.0293675
-216.456,94.9367,0.0273998,0.0301154
-212.658,94.9367,0.0275788,0.0308527
-208.861,94.9367,0.0277519,0.0315792
-205.063,94.9367,0.0279367,0.0323528
-201.266,94.9367,0.0281469,0.033229
-197.468,94.9367,0.0283585,0.0341138
-193.671,94.9367,0.0285585,0.0349703
-189.873,94.9367,0.0287717,0.0359631
-186.076,94.9367,0.0290003,0.0370551
-182.278,94.9367,0.0292428,0.0381673
-178.481,94.9367,0.0294784,0.0392541
-174.684,94.9367,0.0297109,0.040284
-170.886,94.9367,0.0299765,0.041318
-167.089,94.9367,0.0302364,0.0423362
-163.291,94.9367,0.0304931,0.0433954
-159.494,94.9367,0.0307754,0.0446382
-155.696,94.9367,0.031072,0.0461881
-151.899,94.9367,0.031369,0.0477697
-148.101,94.9367,0.0316865,0.0493546
-144.304,94.9367,0.0320131,0.0509984
-140.506,94.9367,0.0322888,0.05245
-136.709,94.9367,0.0325125,0.0536652
-132.911,94.9367,0.0327532,0.0549913
-129.114,94.9367,0.0329976,0.0564274
-125.316,94.9367,0.0332095,0.057751
-121.519,94.9367,0.0333925,0.0590071
-117.722,94.9367,0.0335563,0.0602355
-113.924,94.9367,0.0337384,0.0615344
-110.127,94.9367,0.0339001,0.0627078
-106.329,94.9367,0.0340552,0.0638254
-102.532,94.9367,0.0342154,0.0649673
-98.7342,94.9367,0.0344172,0.06624
-94.9367,94.9367,0.0346013,0.0677041
-91.1392,94.9367,0.0347934,0.0692198
-87.3418,94.9367,0.0350558,0.0708472
-83.5443,94.9367,0.0353498,0.0724053
-79.7468,94.9367,0.0356584,0.0740821
-75.9494,94.9367,0.0360052,0.0759098
-72.1519,94.9367,0.0363743,0.0779359
-68.3544,94.9367,0.0367248,0.0803873
-64.557,94.9367,0.0370781,0.0828903
-60.7595,94.9367,0.0374555,0.0856071
-56.962,94.9367,0.0377549,0.0879968
-53.1646,94.9367,0.0380196,0.0901855
-49.3671,94.9367,0.0382518,0.0923221
-45.5696,94.9367,0.0384732,0.0944451
-41.7722,94.9367,0.0386365,0.0964289
-37.9747,94.9367,0.0387681,0.0983485
-34.1772,94.9367,0.0388711,0.100137
-30.3797,94.9367,0.038944,0.101842
-26.5823,94.9367,0.0389843,0.103399
-22.7848,94.9367,0.0389677,0.104822
-18.9873,94.9367,0.0388216,0.106255
-15.1899,94.9367,0.0385977,0.107786
-11.3924,94.9367,0.0383317,0.109302
-7.59494,94.9367,0.0380248,0.110806
-3.79747,94.9367,0.03772,0.112359
0,94.9367,0.0373874,0.113876
-300,98.7342,0.0247427,0.0178865
-296.203,98.7342,0.024822,0.0183096
-292.405,98.7342,0.0248874,0.0186992
-288.608,98.7342,0.0249749,0.0191415
-284.81,98.7342,0.0250874,0.0196512
-281.013,98.7342,0.0251994,0.0201625
-277.215,98.7342,0.025311,0.0206752
-273.418,98.7342,0.0254221,0.0211894
-269.62,98.7342,0.0255954,0.0219142
-265.823,98.7342,0.025769,0.0226338
-262.025,98.7342,0.0259417,0.023345
-258.228,98.7342,0.0261491,0.0241385
-254.43,98.7342,0.0263303,0.0248555
-250.633,98.7342,0.026509,0.0255693
-246.835,98.7342,0.0266853,0.0262799
-243.038,98.7342,0.0268592,0.0269873
-239.241,98.7342,0.0270307,0.0276916
-235.443,98.7342,0.0271983,0.0283902
-231.646,98.7342,0.0273596,0.0290792
-227.848,98.7342,0.0275846,0.0299195
-224.051,98.7342,0.0277739,0.0306685
-220.253,98.7342,0.0279554,0.0314035
-216.456,98.7342,0.0281323,0.0321301
-212.658,98.7342,0.0283212,0.0328974
-208.861,98.7342,0.0285312,0.0337341
-205.063,98.7342,0.0287639,0.0346609
-201.266,98.7342,0.028959,0.0355223
-197.468,98.7342,0.029142,0.0363553
-193.671,98.7342,0.0293688,0.0374
-189.873,98.7342,0.02961,0.0385226
-186.076,98.7342,0.0298412,0.039612
-182.278,98.7342,0.0300624,0.0406682
-178.481,98.7342,0.0302929,0.0417409
-174.684,98.7342,0.0305448,0.0428326
-170.886,98.7342,0.0308033,0.0438818
-167.089,98.7342,0.0310728,0.0449643
-163.291,98.7342,0.0313737,0.0462221
-159.494,98.7342,0.0316728,0.0476567
-155.696,98.7342,0.0319704,0.0491981
-151.899,98.7342,0.032263,0.0508287
-148.101,98.7342,0.0325388,0.0522853
-144.304,98.7342,0.0327762,0.0535025
-140.506,98.7342,0.0330149,0.0546548
-136.709,98.7342,0.0332704,0.0558272
-132.911,98.7342,0.0335042,0.0571574
-129.114,98.7342,0.0337235,0.0585055
-125.316,98.7342,0.0339272,0.0597869
-121.519,98.7342,0.0341297,0.0610588
-117.722,98.7342,0.0343362,0.0623569
-113.924,98.7342,0.0345365,0.0636997
-110.127,98.7342,0.0346866,0.0648799
-106.329,98.7342,0.0348212,0.0659706
-102.532,98.7342,0.0349501,0.0670611
-98.7342,98.7342,0.0350676,0.0681571
-94.9367,98.7342,0.0352301,0.0696229
-91.1392,98.7342,0.035448,0.0713102
-87.3418,98.7342,0.0356993,0.072936
-83.5443,98.7342,0.0359974,0.0745781
-79.7468,98.7342,0.0363257,0.0763409
-75.9494,98.7342,0.0366926,0.0782675
-72.1519,98.7342,0.037065,0.080527
-68.3544,98.7342,0.0374173,0.0829601
-64.557,98.7342,0.0378122,0.085669
-60.7595,98.7342,0.0381162,0.0880207
-56.962,98.7342,0.0383925,0.0902501
-53.1646,98.7342,0.0386785,0.0923082
-49.3671,98.7342,0.0388972,0.0943236
-45.5696,98.7342,0.0390625,0.0962615
-41.7722,98.7342,0.0392108,0.098192
-37.9747,98.7342,0.0393385,0.100116
-34.1772,98.7342,0.0394138,0.101792
-30.3797,98.7342,0.039485,0.103502
-26.5823,98.7342,0.0394571,0.104864
-22.7848,98.7342,0.03939,0.106128
-18.9873,98.7342,0.0392278,0.107443
-15.1899,98.7342,0.0389696,0.108851
-11.3924,98.7342,0.0387311,0.110385
-7.59494,98.7342,0.038457,0.11192
-3.79747,98.7342,0.0381055,0.113338
0,98.7342,0.0377403,0.114749
-300,102.532,0.0253252,0.0195745
-296.203,102.532,0.0254375,0.0200646
-292.405,102.532,0.0255554,0.020574
-288.608,102.532,0.0256641,0.0210679
-284.81,102.532,0.0257716,0.0215613
-281.013,102.532,0.0258787,0.0220562
-277.215,102.532,0.0260171,0.0226526
-273.418,102.532,0.0261936,0.0233715
-269.62,102.532,0.0263679,0.0240867
-265.823,102.532,0.0265421,0.0248254
-262.025,102.532,0.0267075,0.0255128
-258.228,102.532,0.0268711,0.0261975
-254.43,102.532,0.0270377,0.0268882
-250.633,102.532,0.0272131,0.0276002
-246.835,102.532,0.0273836,0.0282924
-243.038,102.532,0.0275513,0.0289792
-239.241,102.532,0.0277166,0.0296627
-235.443,102.532,0.0278794,0.0303431
-231.646,102.532,0.0280553,0.0310654
-227.848,102.532,0.0282441,0.0318125
-224.051,102.532,0.0284293,0.0325489
-220.253,102.532,0.02861,0.0332768
-216.456,102.532,0.0287998,0.0340593
-212.658,102.532,0.0290209,0.0349484
-208.861,102.532,0.0292559,0.0358851
-205.063,102.532,0.0294807,0.0367945
-201.266,102.532,0.0296822,0.0376575
-197.468,102.532,0.0299172,0.0387313
-193.671,102.532,0.030195,0.0399436
-189.873,102.532,0.0304627,0.041127
-186.076,102.532,0.0306978,0.0422343
-182.278,102.532,0.0309228,0.0433064
-178.481,102.532,0.0311376,0.0443434
-174.684,102.532,0.0313422,0.0453348
-170.886,102.532,0.0315353,0.0462571
-167.089,102.532,0.0318163,0.0474939
-163.291,102.532,0.0321038,0.0487375
-159.494,102.532,0.0323818,0.0501789
-155.696,102.532,0.0326642,0.0516411
-151.899,102.532,0.0329591,0.0532089
-148.101,102.532,0.033211,0.0544356
-144.304,102.532,0.0334561,0.0556217
-140.506,102.532,0.0336992,0.0568167
-136.709,102.532,0.0339611,0.0580649
-132.911,102.532,0.034203,0.0592322
-129.114,102.532,0.034424,0.0604585
-125.316,102.532,0.0346237,0.0617396
-121.519,102.532,0.0348181,0.0630257
-117.722,102.532,0.0350146,0.0643456
-113.924,102.532,0.0352096,0.0656838
-110.127,102.532,0.0353897,0.0669142
-106.329,102.532,0.0355338,0.0680104
-102.532,102.532,0.0356777,0.0691438
-98.7342,102.532,0.0358231,0.0703607
-94.9367,102.532,0.0359967,0.0719015
-91.1392,102.532,0.0362017,0.0736005
-87.3418,102.532,0.0364318,0.0751329
-83.5443,102.532,0.0366976,0.0767764
-79.7468,102.532,0.0370464,0.0786694
-75.9494,102.532,0.0374274,0.0806329
-72.1519,102.532,0.037772,0.083042
-68.3544,102.532,0.0381548,0.0856885
-64.557,102.532,0.0384587,0.0880454
-60.7595,102.532,0.0387249,0.0902143
-56.962,102.532,0.0389775,0.09224
-53.1646,102.532,0.0392576,0.0941447
-49.3671,102.532,0.0394759,0.0960794
-45.5696,102.532,0.0396457,0.0980755
-41.7722,102.532,0.0397995,0.100084
-37.9747,102.532,0.0398906,0.101795
-34.1772,102.532,0.0399734,0.103512
-30.3797,102.532,0.03993,0.104861
-26.5823,102.532,0.039872,0.106127
-22.7848,102.532,0.0398081,0.107401
-18.9873,102.532,0.0396676,0.108724
-15.1899,102.532,0.0394029,0.110108
-11.3924,102.532,0.0391304,0.111525
-7.59494,102.532,0.0388238,0.112887
-3.79747,102.532,0.0384837,0.114253
0,102.532,0.0381049,0.115638
-300,106.329,0.0260998,0.0217581
-296.203,106.329,0.0261796,0.0221554
-292.405,106.329,0.0262706,0.0225887
-288.608,106.329,0.0263541,0.0230061
-284.81,106.329,0.026444,0.0234478
-281.013,106.329,0.0266141,0.0241401
-277.215,106.329,0.0267855,0.0248397
-273.418,106.329,0.0269549,0.0255356
-269.62,106.329,0.0271222,0.0262278
-265.823,106.329,0.027293,0.0269499
-262.025,106.329,0.0274563,0.0276411
-258.228,106.329,0.0276125,0.0283021
-254.43,106.329,0.027767,0.0289602
-250.633,106.329,0.0279006,0.0295616
-246.835,106.329,0.0280617,0.030234
-243.038,106.329,0.0282256,0.0309157
-239.241,106.329,0.0283859,0.0315901
-235.443,106.329,0.0285254,0.0322037
-231.646,106.329,0.0287022,0.032927
-227.848,106.329,0.0288851,0.0336623
-224.051,106.329,0.0290435,0.0343515
-220.253,106.329,0.0292252,0.0351128
-216.456,106.329,0.0294685,0.0360675
-212.658,106.329,0.0297083,0.0370149
-208.861,106.329,0.0299437,0.0379487
-205.063,106.329,0.0302152,0.0389672
-201.266,106.329,0.0305145,0.0401842
-197.468,106.329,0.0307761,0.0413793
-193.671,106.329,0.0310275,0.0425392
-189.873,106.329,0.0312449,0.0435952
-186.076,106.329,0.03145,0.0446107
-182.278,106.329,0.0316477,0.0455989
-178.481,106.329,0.0318378,0.0465597
-174.684,106.329,0.032031,0.0475146
-170.886,106.329,0.0322474,0.0485805
-167.089,106.329,0.0324739,0.0497129
-163.291,106.329,0.0327373,0.05096
-159.494,106.329,0.0330174,0.0523902
-155.696,106.329,0.033304,0.0537786
-151.899,106.329,0.0335785,0.055104
-148.101,106.329,0.0338612,0.0564948
-144.304,106.329,0.0341155,0.0577169
-140.506,106.329,0.034363,0.0589229
-136.709,106.329,0.0346367,0.0602397
-132.911,106.329,0.0348621,0.0613758
-129.114,106.329,0.0350776,0.0624736
-125.316,106.329,0.035259,0.0636294
-121.519,106.329,0.0354524,0.0649225
-117.722,106.329,0.0356446,0.0662417
-113.924,106.329,0.0358405,0.0675866
-110.127,106.329,0.036027,0.068818
-106.329,106.329,0.0362136,0.0700265
-102.532,106.329,0.0363973,0.0712698
-98.7342,106.329,0.0365624,0.0725651
-94.9367,106.329,0.0367616,0.0742205
-91.1392,106.329,0.0369576,0.0758352
-87.3418,106.329,0.0371751,0.077344
-83.5443,106.329,0.0374712,0.0791494
-79.7468,106.329,0.0378047,0.0809966
-75.9494,106.329,0.0381422,0.0830653
-72.1519,106.329,0.0385133,0.0856463
-68.3544,106.329,0.0388109,0.087949
-64.557,106.329,0.0390596,0.0900566
-60.7595,106.329,0.0393013,0.0921486
-56.962,106.329,0.0395792,0.094132
-53.1646,106.329,0.0398799,0.096177
-49.3671,106.329,0.0401133,0.0981494
-45.5696,106.329,0.0402933,0.100157
-41.7722,106.329,0.0404155,0.101971
-37.9747,106.329,0.0404886,0.103625
-34.1772,106.329,0.0404434,0.104938
-30.3797,106.329,0.0404084,0.106323
-26.5823,106.329,0.0403567,0.107616
-22.7848,106.329,0.0403004,0.108929
-18.9873,106.329,0.0401919,0.110301
-15.1899,106.329,0.0399372,0.111718
-11.3924,106.329,0.039596,0.112891
-7.59494,106.329,0.0392052,0.113948
-3.79747,106.329,0.0388284,0.115119
0,106.329,0.0384844,0.11653
-300,110.127,0.0269426,0.024143
-296.203,110.127,0.0270258,0.024549
-292.405,110.127,0.0271095,0.0249591
-288.608,110.127,0.0272242,0.0254699
-284.81,110.127,0.0273629,0.0260694
-281.013,110.127,0.0274982,0.0266622
-277.215,110.127,0.0276329,0.0272557
-273.418,110.127,0.0277672,0.0278499
-269.62,110.127,0.0279009,0.0284449
-265.823,110.127,0.0280353,0.0290475
-262.025,110.127,0.0281859,0.0297228
-258.228,110.127,0.0283369,0.0303671
-254.43,110.127,0.028484,0.0310015
-250.633,110.127,0.0286291,0.0316324
-246.835,110.127,0.0287405,0.0321703
-243.038,110.127,0.0288556,0.0327166
-239.241,110.127,0.0289935,0.0333236
-235.443,110.127,0.0291419,0.0339641
-231.646,110.127,0.0293046,0.0346817
-227.848,110.127,0.0294595,0.0353811
-224.051,110.127,0.0296387,0.0361374
-220.253,110.127,0.0298956,0.0371315
-216.456,110.127,0.0301964,0.0382282
-212.658,110.127,0.0304686,0.0392649
-208.861,110.127,0.0307088,0.0402359
-205.063,110.127,0.0309854,0.0414048
-201.266,110.127,0.0312394,0.0425374
-197.468,110.127,0.0314741,0.0436278
-193.671,110.127,0.0316976,0.0446855
-189.873,110.127,0.0319064,0.0457053
-186.076,110.127,0.0321057,0.0466937
-182.278,110.127,0.0322992,0.0476589
-178.481,110.127,0.0324959,0.0486291
-174.684,110.127,0.0327197,0.0497249
-170.886,110.127,0.0329368,0.0508152
-167.089,110.127,0.0331602,0.0519276
-163.291,110.127,0.0333909,0.0531305
-159.494,110.127,0.0336518,0.0544476
-155.696,110.127,0.0339327,0.0557725
-151.899,110.127,0.0342322,0.0571859
-148.101,110.127,0.0345148,0.058528
-144.304,110.127,0.0347485,0.0596789
-140.506,110.127,0.0349938,0.0609403
-136.709,110.127,0.0352386,0.0622592
-132.911,110.127,0.0354439,0.0633303
-129.114,110.127,0.0356608,0.0644418
-125.316,110.127,0.0358803,0.0655837
-121.519,110.127,0.0360622,0.0667973
-117.722,110.127,0.0362454,0.0681014
-113.924,110.127,0.0364558,0.0694555
-110.127,110.127,0.0366781,0.0707982
-106.329,110.127,0.0368818,0.0720601
-102.532,110.127,0.0370784,0.0733147
-98.7342,110.127,0.0372921,0.0748005
-94.9367,110.127,0.0374962,0.0764182
-91.1392,110.127,0.0377034,0.0780178
-87.3418,110.127,0.0379574,0.0797082
-83.5443,110.127,0.0381879,0.0813523
-79.7468,110.127,0.0384796,0.0831348
-75.9494,110.127,0.0388355,0.0854012
-72.1519,110.127,0.0391134,0.0877196
-68.3544,110.127,0.0393487,0.0898421
-64.557,110.127,0.0396153,0.0919571
-60.7595,110.127,0.0398962,0.0940557
-56.962,110.127,0.0402219,0.0961551
-53.1646,110.127,0.0405052,0.0981847
-49.3671,110.127,0.040775,0.100261
-45.5696,110.127,0.040982,0.102404
-41.7722,110.127,0.0410743,0.104046
-37.9747,110.127,0.0410363,0.105314
-34.1772,110.127,0.040989,0.106623
-30.3797,110.127,0.0409331,0.107932
-26.5823,110.127,0.0408808,0.109217
-22.7848,110.127,0.0408366,0.11057
-18.9873,110.127,0.0407414,0.111936
-15.1899,110.127,0.0404047,0.113075
-11.3924,110.127,0.0400314,0.114131
-7.59494,110.127,0.0396456,0.115203
-3.79747,110.127,0.0392471,0.11629
0,110.127,0.0388483,0.117443
-300,113.924,0.0277653,0.0264854
-296.203,113.924,0.0278558,0.0269064
-292.405,113.924,0.0279944,0.0274893
-288.608,113.924,0.0281417,0.0281024
-284.81,113.924,0.0282811,0.0286979
-281.013,113.924,0.0284069,0.0292608
-277.215,113.924,0.0285321,0.0298245
-273.418,113.924,0.0286568,0.0303888
-269.62,113.924,0.0287724,0.0309292
-265.823,113.924,0.0288843,0.0314612
-262.025,113.924,0.0290077,0.0320516
-258.228,113.924,0.0291308,0.0326323
-254.43,113.924,0.0292395,0.0331553
-250.633,113.924,0.0293478,0.0336797
-246.835,113.924,0.0294484,0.0341843
-243.038,113.924,0.029529,0.0346348
-239.241,113.924,0.0296016,0.0350773
-235.443,113.924,0.0297215,0.0356788
-231.646,113.924,0.0298644,0.0363467
-227.848,113.924,0.0300883,0.0372345
-224.051,113.924,0.0303863,0.038322
-220.253,113.924,0.0306447,0.0393543
-216.456,113.924,0.0308942,0.0403593
-212.658,113.924,0.0311087,0.0412576
-208.861,113.924,0.0313509,0.0423209
-205.063,113.924,0.0316044,0.0434558
-201.266,113.924,0.0318513,0.0445633
-197.468,113.924,0.0320862,0.0456373
-193.671,113.924,0.0323033,0.0466713
-189.873,113.924,0.0325145,0.0476787
-186.076,113.924,0.0327293,0.0486874
-182.278,113.924,0.0329387,0.0496791
-178.481,113.924,0.0331668,0.0507501
-174.684,113.924,0.0334131,0.0519628
-170.886,113.924,0.0336372,0.0530622
-167.089,113.924,0.0338519,0.0541115
-163.291,113.924,0.0340971,0.0552578
-159.494,113.924,0.0343403,0.0565509
-155.696,113.924,0.0345846,0.0578294
-151.899,113.924,0.0348319,0.0591105
-148.101,113.924,0.035093,0.0604135
-144.304,113.924,0.0353256,0.0615758
-140.506,113.924,0.0355565,0.062797
-136.709,113.924,0.0357876,0.0640547
-132.911,113.924,0.0360206,0.0652936
-129.114,113.924,0.036241,0.0664379
-125.316,113.924,0.0364583,0.0675754
-121.519,113.924,0.0366967,0.0687589
-117.722,113.924,0.0369092,0.0701006
-113.924,113.924,0.0371133,0.0714759
-110.127,113.924,0.0373006,0.0727281
-106.329,113.924,0.037522,0.0740076
-102.532,113.924,0.0377706,0.0753765
-98.7342,113.924,0.0380164,0.0769399
-94.9367,113.924,0.0382442,0.0786309
-91.1392,113.924,0.0384878,0.0803408
-87.3418,113.924,0.0387398,0.0820475
-83.5443,113.924,0.0389942,0.0837568
-79.7468,113.924,0.0392598,0.0854587
-75.9494,113.924,0.0394743,0.0874966
-72.1519,113.924,0.0396881,0.0895605
-68.3544,113.924,0.0399132,0.0916757
-64.557,113.924,0.0401452,0.0938331
-60.7595,113.924,0.0404443,0.0959084
-56.962,113.924,0.0407322,0.0979136
-53.1646,113.924,0.0410484,0.100078
-49.3671,113.924,0.0414434,0.102564
-45.5696,113.924,0.0415963,0.104297
-41.7722,113.924,0.0416126,0.105691
-37.9747,113.924,0.0415915,0.107042
-34.1772,113.924,0.0415568,0.108366
-30.3797,113.924,0.0415001,0.109644
-26.5823,113.924,0.0414235,0.110856
-22.7848,113.924,0.0413704,0.112186
-18.9873,113.924,0.0412195,0.1133
-15.1899,113.924,0.0408467,0.114319
-11.3924,113.924,0.0404661,0.115365
-7.59494,113.924,0.0400849,0.116453
-3.79747,113.924,0.0396902,0.117553
0,113.924,0.0393096,0.118748
-300,117.722,0.0284298,0.0284548
-296.203,117.722,0.0285799,0.0290679
-292.405,117.722,0.0287293,0.02968
-288.608,117.722,0.028878,0.0302913
-284.81,117.722,0.0290259,0.0309017
-281.013,117.722,0.0291561,0.0314604
-277.215,117.722,0.0292833,0.0320116
-273.418,117.722,0.0294105,0.032564
-269.62,117.722,0.0295377,0.0331176
-265.823,117.722,0.0296503,0.0336493
-262.025,117.722,0.0297595,0.0341848
-258.228,117.722,0.0298778,0.0347658
-254.43,117.722,0.0299871,0.0352929
-250.633,117.722,0.030087,0.0357907
-246.835,117.722,0.0301867,0.0362899
-243.038,117.722,0.0302526,0.0367233
-239.241,117.722,0.0303097,0.0371452
-235.443,117.722,0.0304599,0.0378255
-231.646,117.722,0.0306598,0.0386802
-227.848,117.722,0.0308711,0.0395782
-224.051,117.722,0.0310876,0.0404992
-220.253,117.722,0.0313007,0.0414
-216.456,117.722,0.0315097,0.0422847
-212.658,117.722,0.0317427,0.0433102
-208.861,117.722,0.0319931,0.0444398
-205.063,117.722,0.0322377,0.0455444
-201.266,117.722,0.0324766,0.0466238
-197.468,117.722,0.0327096,0.0476781
-193.671,117.722,0.0329232,0.048695
-189.873,117.722,0.0331439,0.0497258
-186.076,117.722,0.0333708,0.0507596
-182.278,117.722,0.0336191,0.0518627
-178.481,117.722,0.0338832,0.0530346
-174.684,117.722,0.0341273,0.0542287
-170.886,117.722,0.0343364,0.0552579
-167.089,117.722,0.0345547,0.056302
-163.291,117.722,0.0347387,0.0572305
-159.494,117.722,0.0349484,0.0584686
-155.696,117.722,0.0351778,0.0597411
-151.899,117.722,0.0354028,0.0609632
-148.101,117.722,0.0356303,0.0621636
-144.304,117.722,0.0358594,0.0633477
-140.506,117.722,0.0360841,0.0645572
-136.709,117.722,0.0363169,0.0658339
-132.911,117.722,0.0365544,0.0671446
-129.114,117.722,0.0367862,0.0683116
-125.316,117.722,0.037037,0.0695359
-121.519,117.722,0.0372981,0.0707987
-117.722,117.722,0.0375619,0.0720736
-113.924,117.722,0.0377836,0.0734707
-110.127,117.722,0.0379907,0.0747341
-106.329,117.722,0.0381934,0.0759743
-102.532,117.722,0.0384473,0.0773836
-98.7342,117.722,0.0387372,0.0791099
-94.9367,117.722,0.0390325,0.0810144
-91.1392,117.722,0.0392844,0.0827081
-87.3418,117.722,0.0395325,0.0843771
-83.5443,117.722,0.0397723,0.0860417
-79.7468,117.722,0.0399737,0.0876011
-75.9494,117.722,0.040122,0.0894778
-72.1519,117.722,0.0402695,0.0913884
-68.3544,117.722,0.0404553,0.0934118
-64.557,117.722,0.0406895,0.0956076
-60.7595,117.722,0.0409582,0.0976617
-56.962,117.722,0.0413326,0.100014
-53.1646,117.722,0.0417207,0.102457
-49.3671,117.722,0.0419395,0.104277
-45.5696,117.722,0.0420197,0.105669
-41.7722,117.722,0.0420307,0.107057
-37.9747,117.722,0.0420461,0.108485
-34.1772,117.722,0.0420595,0.109941
-30.3797,117.722,0.0420468,0.111304
-26.5823,117.722,0.0419866,0.112569
-22.7848,117.722,0.0418441,0.113593
-18.9873,117.722,0.0416702,0.114573
-15.1899,117.722,0.0412922,0.115578
-11.3924,117.722,0.0409148,0.11664
-7.59494,117.722,0.0405474,0.117807
-3.79747,117.722,0.040184,0.119031
0,117.722,0.0398124,0.12016
-300,121.519,0.0290478,0.0303188
-296.203,121.519,0.0292281,0.0310209
-292.405,121.519,0.0293791,0.0316368
-288.608,121.519,0.0295202,0.0322244
-284.81,121.519,0.0296605,0.032811
-281.013,121.519,0.0297922,0.0333729
-277.215,121.519,0.0299119,0.0339003
-273.418,121.519,0.0300315,0.0344288
-269.62,121.519,0.030151,0.0349585
-265.823,121.519,0.0302705,0.0354895
-262.025,121.519,0.0303906,0.0360244
-258.228,121.519,0.0305199,0.0366205
-254.43,121.519,0.0306302,0.0371713
-250.633,121.519,0.0307161,0.0376489
-246.835,121.519,0.0308147,0.0381642
-243.038,121.519,0.0309281,0.0387225
-239.241,121.519,0.0310363,0.0392968
-235.443,121.519,0.0311864,0.04003
-231.646,121.519,0.031336,0.0407582
-227.848,121.519,0.0315078,0.0415679
-224.051,121.519,0.031717,0.0424698
-220.253,121.519,0.0319234,0.0433495
-216.456,121.519,0.0321469,0.0443312
-212.658,121.519,0.0323951,0.0454584
-208.861,121.519,0.0326376,0.0465604
-205.063,121.519,0.0328743,0.0476374
-201.266,121.519,0.0331053,0.0486892
-197.468,121.519,0.0333383,0.0497393
-193.671,121.519,0.0335787,0.0508115
-189.873,121.519,0.0338052,0.0518445
-186.076,121.519,0.0340577,0.0529403
-182.278,121.519,0.0343098,0.0540435
-178.481,121.519,0.0345617,0.0551955
-174.684,121.519,0.0347807,0.0562803
-170.886,121.519,0.0349718,0.0572401
-167.089,121.519,0.0351702,0.0582117
-163.291,121.519,0.0353733,0.0592183
-159.494,121.519,0.0355611,0.0603097
-155.696,121.519,0.035743,0.0614859
-151.899,121.519,0.0359466,0.0626326
-148.101,121.519,0.0361504,0.0637778
-144.304,121.519,0.0364108,0.0651913
-140.506,121.519,0.0366374,0.0664119
-136.709,121.519,0.036876,0.067668
-132.911,121.519,0.0371344,0.0690352
-129.114,121.519,0.0373984,0.0703526
-125.316,121.519,0.0376595,0.0716117
-121.519,121.519,0.0379338,0.0729008
-117.722,121.519,0.0382155,0.0742008
-113.924,121.519,0.0384976,0.0755533
-110.127,121.519,0.0387002,0.0767684
-106.329,121.519,0.0389278,0.0780872
-102.532,121.519,0.0391929,0.0795621
-98.7342,121.519,0.0394713,0.0813885
-94.9367,121.519,0.0397709,0.083259
-91.1392,121.519,0.0400256,0.0849187
-87.3418,121.519,0.0402591,0.0865268
-83.5443,121.519,0.0404572,0.0880475
-79.7468,121.519,0.0406007,0.0895235
-75.9494,121.519,0.0407615,0.0914304
-72.1519,121.519,0.0409137,0.0933538
-68.3544,121.519,0.0410725,0.0953925
-64.557,121.519,0.0412929,0.0974783
-60.7595,121.519,0.0416651,0.100021
-56.962,121.519,0.0420375,0.102484
-53.1646,121.519,0.0422662,0.10436
-49.3671,121.519,0.0423728,0.105757
-45.5696,121.519,0.0424726,0.107159
-41.7722,121.519,0.0425022,0.108554
-37.9747,121.519,0.0425023,0.10995
-34.1772,121.519,0.0424897,0.111294
-30.3797,121.519,0.0424619,0.112582
-26.5823,121.519,0.0423556,0.113674
-22.7848,121.519,0.0422353,0.114756
-18.9873,121.519,0.042124,0.115857
-15.1899,121.519,0.0417775,0.11696
-11.3924,121.519,0.0414192,0.11811
-7.59494,121.519,0.0410628,0.11932
-3.79747,121.519,0.0406847,0.120467
0,121.519,0.0403165,0.121556
-300,125.316,0.0296385,0.032106
-296.203,125.316,0.0298139,0.0327951
-292.405,125.316,0.0299854,0.0334711
-288.608,125.316,0.0301485,0.0341237
-284.81,125.316,0.0302813,0.0346866
-281.013,125.316,0.0304086,0.0352399
-277.215,125.316,0.0305113,0.0357267
-273.418,125.316,0.0306142,0.0362147
-269.62,125.316,0.0307174,0.0367047
-265.823,125.316,0.030821,0.0371965
-262.025,125.316,0.0309249,0.0376903
-258.228,125.316,0.0310399,0.0382381
-254.43,125.316,0.0311921,0.0388947
-250.633,125.316,0.0313171,0.0394938
-246.835,125.316,0.0314229,0.0400295
-243.038,125.316,0.0315525,0.0406492
-239.241,125.316,0.0317092,0.0413658
-235.443,125.316,0.0318505,0.042071
-231.646,125.316,0.0319912,0.0427711
-227.848,125.316,0.0321564,0.043577
-224.051,125.316,0.0323292,0.0443904
-220.253,125.316,0.0325412,0.0453174
-216.456,125.316,0.0327873,0.0464421
-212.658,125.316,0.0330277,0.0475416
-208.861,125.316,0.0332622,0.0486161
-205.063,125.316,0.0334944,0.0496663
-201.266,125.316,0.0337502,0.0507521
-197.468,125.316,0.0340126,0.0518433
-193.671,125.316,0.0342656,0.052904
-189.873,125.316,0.0345094,0.0539849
-186.076,125.316,0.0347437,0.0550524
-182.278,125.316,0.0349745,0.0561164
-178.481,125.316,0.0351867,0.0571201
-174.684,125.316,0.0353969,0.0581646
-170.886,125.316,0.0355783,0.0590983
-167.089,125.316,0.0357677,0.0600674
-163.291,125.316,0.0359503,0.0610003
-159.494,125.316,0.0361281,0.0619856
-155.696,125.316,0.0363105,0.0631295
-151.899,125.316,0.0365142,0.0643424
-148.101,125.316,0.0367651,0.0656891
-144.304,125.316,0.037032,0.0671736
-140.506,125.316,0.0372466,0.0683782
-136.709,125.316,0.0375013,0.0697037
-132.911,125.316,0.0377681,0.0710805
-129.114,125.316,0.0380429,0.0724793
-125.316,125.316,0.0383235,0.0737703
-121.519,125.316,0.0386065,0.0750713
-117.722,125.316,0.0388874,0.0763605
-113.924,125.316,0.0391556,0.0775885
-110.127,125.316,0.0393937,0.0787548
-106.329,125.316,0.0396371,0.0801243
-102.532,125.316,0.0399304,0.0817494
-98.7342,125.316,0.0402058,0.0835715
-94.9367,125.316,0.040485,0.0854023
-91.1392,125.316,0.0407004,0.0869519
-87.3418,125.316,0.0409299,0.0885312
-83.5443,125.316,0.0411016,0.0899501
-79.7468,125.316,0.0412548,0.0915328
-75.9494,125.316,0.0414095,0.0934205
-72.1519,125.316,0.0415712,0.0954268
-68.3544,125.316,0.0417789,0.0976372
-64.557,125.316,0.042081,0.100025
-60.7595,125.316,0.0423679,0.102346
-56.962,125.316,0.0425495,0.104305
-53.1646,125.316,0.0426478,0.105649
-49.3671,125.316,0.0427357,0.106983
-45.5696,125.316,0.0428249,0.10835
-41.7722,125.316,0.0428971,0.109734
-37.9747,125.316,0.0428868,0.111099
-34.1772,125.316,0.0428614,0.112367
-30.3797,125.316,0.0427535,0.113383
-26.5823,125.316,0.0426281,0.114401
-22.7848,125.316,0.04253,0.1156
-18.9873,125.316,0.0424431,0.116855
-15.1899,125.316,0.0421703,0.118107
-11.3924,125.316,0.0418592,0.11934
-7.59494,125.316,0.041515,0.120561
-3.79747,125.316,0.0411583,0.121678
0,125.316,0.0407942,0.122797
-300,129.114,0.0301528,0.033679
-296.203,129.114,0.0303432,0.034424
-292.405,129.114,0.0305141,0.0351113
-288.608,129.114,0.0306757,0.0357679
-284.81,129.114,0.0308332,0.0364144
-281.013,129.114,0.0309568,0.0369647
-277.215,129.114,0.0310586,0.0374487
-273.418,129.114,0.0311544,0.0379137
-269.62,129.114,0.0312504,0.0383806
-265.823,129.114,0.0313468,0.0388493
-262.025,129.114,0.0314838,0.0394288
-258.228,129.114,0.0316295,0.0400476
-254.43,129.114,0.0317756,0.0406931
-250.633,129.114,0.0319059,0.0413035
-246.835,129.114,0.0320526,0.0419884
-243.038,129.114,0.0321847,0.0426206
-239.241,129.114,0.0323396,0.0433348
-235.443,129.114,0.0324958,0.0440632
-231.646,129.114,0.0326277,0.0447352
-227.848,129.114,0.0327915,0.0455464
-224.051,129.114,0.032969,0.0463471
-220.253,129.114,0.0331892,0.0474038
-216.456,129.114,0.0334302,0.0484934
-212.658,129.114,0.0336703,0.0495673
-208.861,129.114,0.033907,0.0506201
-205.063,129.114,0.0341712,0.0517354
-201.266,129.114,0.0344303,0.0528251
-197.468,129.114,0.0346841,0.053889
-193.671,129.114,0.0349256,0.0549291
-189.873,129.114,0.0351568,0.0559883
-186.076,129.114,0.0353554,0.0569387
-182.278,129.114,0.0355655,0.0579225
-178.481,129.114,0.0358219,0.059075
-174.684,129.114,0.0360234,0.0600855
-170.886,129.114,0.0362115,0.0610492
-167.089,129.114,0.036406,0.0620304
-163.291,129.114,0.0366062,0.0630118
-159.494,129.114,0.0368035,0.0640313
-155.696,129.114,0.0370008,0.065174
-151.899,129.114,0.0372219,0.0664799
-148.101,129.114,0.0374697,0.0679644
-144.304,129.114,0.0377333,0.0693923
-140.506,129.114,0.0379727,0.070684
-136.709,129.114,0.0382346,0.0720244
-132.911,129.114,0.038517,0.0733993
-129.114,129.114,0.0387948,0.0748225
-125.316,129.114,0.0390694,0.0761338
-121.519,129.114,0.0393312,0.0773587
-117.722,129.114,0.0395901,0.078568
-113.924,129.114,0.0398182,0.0796372
-110.127,129.114,0.0400991,0.0808602
-106.329,129.114,0.0404087,0.0823336
-102.532,129.114,0.0406839,0.0839998
-98.7342,129.114,0.0409347,0.0857668
-94.9367,129.114,0.0411968,0.0874924
-91.1392,129.114,0.0414201,0.0890382
-87.3418,129.114,0.0415606,0.0903321
-83.5443,129.114,0.0417181,0.091743
-79.7468,129.114,0.0418524,0.093429
-75.9494,129.114,0.041999,0.0953412
-72.1519,129.114,0.0422391,0.0975903
-68.3544,129.114,0.0425008,0.0999378
-64.557,129.114,0.042744,0.102104
-60.7595,129.114,0.0428686,0.103926
-56.962,129.114,0.0429129,0.105386
-53.1646,129.114,0.0429806,0.106766
-49.3671,129.114,0.0430726,0.10812
-45.5696,129.114,0.0431601,0.109493
-41.7722,129.114,0.0432491,0.110897
-37.9747,129.114,0.0432649,0.112168
-34.1772,129.114,0.0431634,0.113207
-30.3797,129.114,0.0430505,0.114229
-26.5823,129.114,0.0429489,0.115325
-22.7848,129.114,0.0428564,0.116537
-18.9873,129.114,0.0427591,0.117784
-15.1899,129.114,0.0425092,0.119093
-11.3924,129.114,0.0422079,0.120414
-7.59494,129.114,0.0418926,0.121619
-3.79747,129.114,0.0415821,0.122779
0,129.114,0.0412716,0.123993
-300,132.911,0.0306245,0.0351924
-296.203,132.911,0.0307911,0.0358722
-292.405,132.911,0.0309565,0.0365489
-288.608,132.911,0.031124,0.0372273
-284.81,132.911,0.031278,0.0378602
-281.013,132.911,0.0314301,0.0384885
-277.215,132.911,0.0315698,0.0390796
-273.418,132.911,0.0316719,0.0395555
-269.62,132.911,0.0318132,0.0401393
-265.823,132.911,0.0319463,0.0407035
-262.025,132.911,0.0320781,0.0412653
-258.228,132.911,0.0322076,0.0418365
-254.43,132.911,0.0323556,0.0425005
-250.633,132.911,0.0325255,0.0432427
-246.835,132.911,0.0326697,0.0439193
-243.038,132.911,0.032809,0.0445495
-239.241,132.911,0.0329755,0.0452625
-235.443,132.911,0.0331438,0.0459804
-231.646,132.911,0.0332994,0.0466796
-227.848,132.911,0.0334643,0.047474
-224.051,132.911,0.033666,0.0484647
-220.253,132.911,0.0338765,0.0494916
-216.456,132.911,0.0340839,0.0504976
-212.658,132.911,0.0343252,0.0515716
-208.861,132.911,0.034586,0.0526855
-205.063,132.911,0.0348347,0.0537528
-201.266,132.911,0.0350658,0.0547609
-197.468,132.911,0.0352895,0.0557613
-193.671,132.911,0.0355601,0.0568926
-189.873,132.911,0.0357913,0.0579227
-186.076,132.911,0.0360186,0.0589702
-182.278,132.911,0.0362792,0.0601132
-178.481,132.911,0.0365126,0.061168
-174.684,132.911,0.0367035,0.0621481
-170.886,132.911,0.0369006,0.0631469
-167.089,132.911,0.0370974,0.0641309
-163.291,132.911,0.037294,0.0650999
-159.494,132.911,0.0375001,0.0661499
-155.696,132.911,0.0377147,0.0673669
-151.899,132.911,0.0379481,0.0687256
-148.101,132.911,0.0381877,0.0701509
-144.304,132.911,0.0384578,0.071625
-140.506,132.911,0.0387114,0.0729469
-136.709,132.911,0.0389602,0.0742746
-132.911,132.911,0.0392142,0.0755703
-129.114,132.911,0.0394714,0.0769
-125.316,132.911,0.0397244,0.078167
-121.519,132.911,0.0399705,0.0793321
-117.722,132.911,0.0402277,0.0805248
-113.924,132.911,0.0404962,0.0817253
-110.127,132.911,0.0408438,0.0832064
-106.329,132.911,0.0411436,0.084557
-102.532,132.911,0.0414353,0.0862951
-98.7342,132.911,0.0417109,0.0881401
-94.9367,132.911,0.0419369,0.0896826
-91.1392,132.911,0.0420788,0.090964
-87.3418,132.911,0.0421981,0.0922114
-83.5443,132.911,0.0423251,0.093531
-79.7468,132.911,0.0424305,0.0952452
-75.9494,132.911,0.0426401,0.0974502
-72.1519,132.911,0.0428691,0.0997285
-68.3544,132.911,0.0430867,0.101841
-64.557,132.911,0.0432414,0.103684
-60.7595,132.911,0.0433135,0.105246
-56.962,132.911,0.0433303,0.106612
-53.1646,132.911,0.043342,0.107966
-49.3671,132.911,0.0434094,0.109276
-45.5696,132.911,0.0435021,0.110671
-41.7722,132.911,0.0435955,0.112038
-37.9747,132.911,0.0436049,0.113139
-34.1772,132.911,0.0435001,0.114146
-30.3797,132.911,0.0433797,0.11517
-26.5823,132.911,0.0432827,0.116296
-22.7848,132.911,0.0431958,0.117509
-18.9873,132.911,0.0431043,0.11878
-15.1899,132.911,0.0428606,0.120081
-11.3924,132.911,0.042563,0.121426
-7.59494,132.911,0.0422765,0.122664
-3.79747,132.911,0.0419758,0.123852
0,132.911,0.0416667,0.125056
-300,136.709,0.0310848,0.0366819
-296.203,136.709,0.031247,0.0373471
-292.405,136.709,0.0314071,0.0380066
-288.608,136.709,0.0315651,0.0386603
-284.81,136.709,0.0317172,0.0392949
-281.013,136.709,0.0318592,0.0398918
-277.215,136.709,0.0320451,0.0406083
-273.418,136.709,0.0322207,0.0412898
-269.62,136.709,0.0323638,0.0418755
-265.823,136.709,0.032501,0.0424449
-262.025,136.709,0.0326346,0.0430095
-258.228,136.709,0.0327935,0.0436623
-254.43,136.709,0.0329759,0.0443956
-250.633,136.709,0.0331557,0.0451193
-246.835,136.709,0.0333211,0.0458064
-243.038,136.709,0.0334672,0.0464502
-239.241,136.709,0.0336282,0.0471517
-235.443,136.709,0.0337865,0.047841
-231.646,136.709,0.0339495,0.048553
-227.848,136.709,0.0341386,0.0494884
-224.051,136.709,0.0343409,0.0505109
-220.253,136.709,0.0345417,0.0515079
-216.456,136.709,0.0347638,0.0525472
-212.658,136.709,0.0349861,0.0535751
-208.861,136.709,0.0352187,0.0546057
-205.063,136.709,0.0354398,0.055603
-201.266,136.709,0.0356897,0.0566852
-197.468,136.709,0.0359699,0.0578475
-193.671,136.709,0.0362271,0.0589395
-189.873,136.709,0.036499,0.0600704
-186.076,136.709,0.0367476,0.0611753
-182.278,136.709,0.0369844,0.062221
-178.481,136.709,0.0371949,0.0632262
-174.684,136.709,0.0373886,0.0642276
-170.886,136.709,0.0375821,0.0652141
-167.089,136.709,0.0377754,0.0661857
-163.291,136.709,0.0379853,0.0672265
-159.494,136.709,0.0382041,0.0683167
-155.696,136.709,0.0384269,0.0695514
-151.899,136.709,0.0386562,0.0708691
-148.101,136.709,0.0389102,0.0722795
-144.304,136.709,0.0391703,0.073731
-140.506,136.709,0.0394014,0.0750528
-136.709,136.709,0.0396319,0.076308
-132.911,136.709,0.0398586,0.0775468
-129.114,136.709,0.0401076,0.0788178
-125.316,136.709,0.0403497,0.0800862
-121.519,136.709,0.0406168,0.0813169
-117.722,136.709,0.040908,0.082629
-113.924,136.709,0.041215,0.0839901
-110.127,136.709,0.0415347,0.0854109
-106.329,136.709,0.0418559,0.0868476
-102.532,136.709,0.0421746,0.0885488
-98.7342,136.709,0.042392,0.0901829
-94.9367,136.709,0.0425133,0.0913606
-91.1392,136.709,0.0426304,0.0925697
-87.3418,136.709,0.0427579,0.0938659
-83.5443,136.709,0.0429075,0.0952809
-79.7468,136.709,0.0430656,0.0972743
-75.9494,136.709,0.0432814,0.0996534
-72.1519,136.709,0.0434521,0.1017
-68.3544,136.709,0.0436031,0.103551
-64.557,136.709,0.0437117,0.105203
-60.7595,136.709,0.04375,0.106572
-56.962,136.709,0.0437785,0.107949
-53.1646,136.709,0.0437708,0.109293
-49.3671,136.709,0.0438095,0.110624
-45.5696,136.709,0.0438834,0.11194
-41.7722,136.709,0.0438967,0.113032
-37.9747,136.709,0.0438858,0.114071
-34.1772,136.709,0.0438574,0.115133
-30.3797,136.709,0.0437486,0.116193
-26.5823,136.709,0.0436579,0.117351
-22.7848,136.709,0.0435696,0.118558
-18.9873,136.709,0.0434807,0.119842
-15.1899,136.709,0.0432558,0.121159
-11.3924,136.709,0.0429599,0.122422
-7.59494,136.709,0.0426756,0.12367
-3.79747,136.709,0.0423919,0.124959
0,136.709,0.0420956,0.126199
-300,140.506,0.0315305,0.0381331
-296.203,140.506,0.031694,0.0388001
-292.405,140.506,0.0318497,0.0394449
-288.608,140.506,0.0320033,0.040084
-284.81,140.506,0.032191,0.0408153
-281.013,140.506,0.0323876,0.0415706
-277.215,140.506,0.0325616,0.0422497
-273.418,140.506,0.0327236,0.0428916
-269.62,140.506,0.0328915,0.0435341
-265.823,140.506,0.0330588,0.0441263
-262.025,140.506,0.0332346,0.0447986
-258.228,140.506,0.0334073,0.0454633
-254.43,140.506,0.0335793,0.0461613
-250.633,140.506,0.033749,0.0468557
-246.835,140.506,0.033916,0.0475405
-243.038,140.506,0.0340704,0.0482056
-239.241,140.506,0.0342391,0.0489334
-235.443,140.506,0.0343922,0.0496063
-231.646,140.506,0.03456,0.0503628
-227.848,140.506,0.0347899,0.0514733
-224.051,140.506,0.0349906,0.0524746
-220.253,140.506,0.0351919,0.0534624
-216.456,140.506,0.0354029,0.0544677
-212.658,140.506,0.0356133,0.0554629
-208.861,140.506,0.035843,0.0565193
-205.063,140.506,0.0361266,0.0576885
-201.266,140.506,0.0363981,0.058834
-197.468,140.506,0.0366542,0.059934
-193.671,140.506,0.0369163,0.0610478
-189.873,140.506,0.0371867,0.0621655
-186.076,140.506,0.0374269,0.0632089
-182.278,140.506,0.0376524,0.0642465
-178.481,140.506,0.0378249,0.0651569
-174.684,140.506,0.0380082,0.0661288
-170.886,140.506,0.0381935,0.0670973
-167.089,140.506,0.0384041,0.0681453
-163.291,140.506,0.0386212,0.0692
-159.494,140.506,0.0388299,0.070212
-155.696,140.506,0.0390489,0.0714434
-151.899,140.506,0.0392828,0.0727646
-148.101,140.506,0.0395369,0.0741417
-144.304,140.506,0.0397947,0.0755577
-140.506,140.506,0.0400292,0.0768965
-136.709,140.506,0.0402455,0.0781747
-132.911,140.506,0.040456,0.0793354
-129.114,140.506,0.0406919,0.0805777
-125.316,140.506,0.0409619,0.0819468
-121.519,140.506,0.0412677,0.0833717
-117.722,140.506,0.0415669,0.0847165
-113.924,140.506,0.0418897,0.0861528
-110.127,140.506,0.0421905,0.0875193
-106.329,140.506,0.0424826,0.0889258
-102.532,140.506,0.0427493,0.0904592
-98.7342,140.506,0.0429166,0.0917163
-94.9367,140.506,0.0430475,0.0929176
-91.1392,140.506,0.0431936,0.0942522
-87.3418,140.506,0.0433485,0.0956678
-83.5443,140.506,0.0435116,0.0971399
-79.7468,140.506,0.0437146,0.0993763
-75.9494,140.506,0.0438238,0.101444
-72.1519,140.506,0.0439304,0.103329
-68.3544,140.506,0.0440525,0.105121
-64.557,140.506,0.0441138,0.106514
-60.7595,140.506,0.0441855,0.107951
-56.962,140.506,0.0442529,0.109461
-53.1646,140.506,0.0443199,0.111016
-49.3671,140.506,0.0443681,0.112328
-45.5696,140.506,0.0443051,0.113229
-41.7722,140.506,0.0442401,0.114121
-37.9747,140.506,0.0442162,0.11513
-34.1772,140.506,0.0442022,0.116196
-30.3797,140.506,0.0441507,0.117292
-26.5823,140.506,0.0440576,0.118452
-22.7848,140.506,0.0439628,0.119648
-18.9873,140.506,0.0438563,0.120914
-15.1899,140.506,0.0436662,0.122255
-11.3924,140.506,0.0433827,0.123473
-7.59494,140.506,0.0430896,0.124712
-3.79747,140.506,0.0428111,0.126017
0,140.506,0.0425264,0.127331
-300,144.304,0.0319429,0.039491
-296.203,144.304,0.032106,0.0401549
-292.405,144.304,0.0322908,0.0408772
-288.608,144.304,0.032493,0.0416458
-284.81,144.304,0.0326915,0.0424044
-281.013,144.304,0.0328905,0.0431541
-277.215,144.304,0.0331073,0.043899
-273.418,144.304,0.0332945,0.0445559
-269.62,144.304,0.0334825,0.0452174
-265.823,144.304,0.0336818,0.0459495
-262.025,144.304,0.0338539,0.0466172
-258.228,144.304,0.034007,0.0472277
-254.43,144.304,0.0341686,0.0478906
-250.633,144.304,0.0343281,0.0485554
-246.835,144.304,0.0344832,0.0492054
-243.038,144.304,0.0346407,0.0498743
-239.241,144.304,0.0347994,0.0505778
-235.443,144.304,0.034943,0.0512272
-231.646,144.304,0.0351173,0.0521057
-227.848,144.304,0.0353222,0.0531356
-224.051,144.304,0.0355607,0.0542099
-220.253,144.304,0.035788,0.0552684
-216.456,144.304,0.0360293,0.0563746
-212.658,144.304,0.0362933,0.057516
-208.861,144.304,0.0365603,0.0586622
-205.063,144.304,0.0368071,0.059765
-201.266,144.304,0.0370574,0.0608588
-197.468,144.304,0.0373164,0.0619702
-193.671,144.304,0.0375793,0.0630691
-189.873,144.304,0.0378394,0.0641493
-186.076,144.304,0.0381006,0.0652477
-182.278,144.304,0.0382984,0.0662083
-178.481,144.304,0.0384718,0.0671119
-174.684,144.304,0.0386455,0.0680552
-170.886,144.304,0.0388333,0.0690523
-167.089,144.304,0.0390157,0.0700086
-163.291,144.304,0.0392055,0.0709443
-159.494,144.304,0.039417,0.0719603
-155.696,144.304,0.0396406,0.0732304
-151.899,144.304,0.0398843,0.0745775
-148.101,144.304,0.0401346,0.0759396
-144.304,144.304,0.0404121,0.0773875
-140.506,144.304,0.0406438,0.0786831
-136.709,144.304,0.0408328,0.0798257
-132.911,144.304,0.0410406,0.0810632
-129.114,144.304,0.0412901,0.082368
-125.316,144.304,0.0415937,0.083922
-121.519,144.304,0.0419285,0.0854627
-117.722,144.304,0.0422072,0.0867506
-113.924,144.304,0.042489,0.0880564
-110.127,144.304,0.0427777,0.0893877
-106.329,144.304,0.0430403,0.0907785
-102.532,144.304,0.0432562,0.0921406
-98.7342,144.304,0.0434558,0.0933541
-94.9367,144.304,0.043617,0.0946413
-91.1392,144.304,0.0437641,0.0959861
-87.3418,144.304,0.0439182,0.0974021
-83.5443,144.304,0.0441551,0.0991556
-79.7468,144.304,0.044247,0.101096
-75.9494,144.304,0.0443342,0.1031
-72.1519,144.304,0.0444361,0.104957
-68.3544,144.304,0.0444797,0.106426
-64.557,144.304,0.044538,0.107936
-60.7595,144.304,0.0446292,0.109497
-56.962,144.304,0.0447311,0.111087
-53.1646,144.304,0.0448089,0.112552
-49.3671,144.304,0.0448005,0.113663
-45.5696,144.304,0.0447639,0.114596
-41.7722,144.304,0.0446925,0.115486
-37.9747,144.304,0.0446166,0.116395
-34.1772,144.304,0.0445876,0.11743
-30.3797,144.304,0.0445592,0.118493
-26.5823,144.304,0.0444737,0.119591
-22.7848,144.304,0.0443725,0.120783
-18.9873,144.304,0.0442606,0.122049
-15.1899,144.304,0.0440763,0.123288
-11.3924,144.304,0.0438192,0.124558
-7.59494,144.304,0.0435335,0.125818
-3.79747,144.304,0.0432448,0.127111
0,144.304,0.0429696,0.128468
-300,148.101,0.0324082,0.0410127
-296.203,148.101,0.0325657,0.0416395
-292.405,148.101,0.0327659,0.0423997
-288.608,148.101,0.0329825,0.0431564
-284.81,148.101,0.0331975,0.0438942
-281.013,148.101,0.0334078,0.0446198
-277.215,148.101,0.0336145,0.0453362
-273.418,148.101,0.0338414,0.0461223
-269.62,148.101,0.0340493,0.0468613
-265.823,148.101,0.0342323,0.0475639
-262.025,148.101,0.0344124,0.0482572
-258.228,148.101,0.0345735,0.0488938
-254.43,148.101,0.0347132,0.0494928
-250.633,148.101,0.0348508,0.050097
-246.835,148.101,0.0349869,0.0506946
-243.038,148.101,0.0351352,0.0513387
-239.241,148.101,0.0352878,0.0520201
-235.443,148.101,0.0354631,0.0528355
-231.646,148.101,0.0356647,0.0538077
-227.848,148.101,0.035904,0.0549193
-224.051,148.101,0.0361606,0.0560444
-220.253,148.101,0.0364554,0.0572733
-216.456,148.101,0.0367186,0.0584311
-212.658,148.101,0.0369731,0.0595555
-208.861,148.101,0.0372018,0.0606237
-205.063,148.101,0.0374373,0.0617042
-201.266,148.101,0.0376854,0.0627907
-197.468,148.101,0.0379551,0.0639089
-193.671,148.101,0.0382264,0.0650171
-189.873,148.101,0.0385105,0.0661635
-186.076,148.101,0.0387759,0.0672691
-182.278,148.101,0.0389479,0.0681243
-178.481,148.101,0.0391107,0.0690222
-174.684,148.101,0.0392727,0.0699459
-170.886,148.101,0.0394378,0.0708636
-167.089,148.101,0.0396094,0.0717507
-163.291,148.101,0.0397983,0.0726836
-159.494,148.101,0.040009,0.0737591
-155.696,148.101,0.0402428,0.0750523
-151.899,148.101,0.0404944,0.0764298
-148.101,148.101,0.0407685,0.0778642
-144.304,148.101,0.0410185,0.0791686
-140.506,148.101,0.0412371,0.0803396
-136.709,148.101,0.0414399,0.081523
-132.911,148.101,0.0416804,0.0828819
-129.114,148.101,0.0419626,0.0843822
-125.316,148.101,0.0422383,0.085913
-121.519,148.101,0.0425074,0.0872718
-117.722,148.101,0.042788,0.0885769
-113.924,148.101,0.043072,0.0898985
-110.127,148.101,0.0433358,0.0911669
-106.329,148.101,0.0435619,0.0925019
-102.532,148.101,0.0437953,0.0939219
-98.7342,148.101,0.0439899,0.0951233
-94.9367,148.101,0.0441845,0.096342
-91.1392,148.101,0.0443513,0.0977352
-87.3418,148.101,0.0445618,0.0993817
-83.5443,148.101,0.0446847,0.100852
-79.7468,148.101,0.0447592,0.102739
-75.9494,148.101,0.0448415,0.104711
-72.1519,148.101,0.044908,0.106411
-68.3544,148.101,0.0449708,0.107947
-64.557,148.101,0.0450364,0.109512
-60.7595,148.101,0.0450927,0.11105
-56.962,148.101,0.0451589,0.112497
-53.1646,148.101,0.0451461,0.113684
-49.3671,148.101,0.0451229,0.114782
-45.5696,148.101,0.0451009,0.115752
-41.7722,148.101,0.0450761,0.11674
-37.9747,148.101,0.0450485,0.117747
-34.1772,148.101,0.0449757,0.118698
-30.3797,148.101,0.0449445,0.119767
-26.5823,148.101,0.0449173,0.120873
-22.7848,148.101,0.0448041,0.121989
-18.9873,148.101,0.0446973,0.123214
-15.1899,148.101,0.0445193,0.124396
-11.3924,148.101,0.0442634,0.12567
-7.59494,148.101,0.0439911,0.126959
-3.79747,148.101,0.0436852,0.128193
0,148.101,0.0433591,0.129371
-300,151.899,0.032938,0.0427035
-296.203,151.899,0.0331179,0.0433242
-292.405,151.899,0.0332961,0.0439415
-288.608,151.899,0.0334724,0.0445553
-284.81,151.899,0.0336799,0.045271
-281.013,151.899,0.0338859,0.0459845
-277.215,151.899,0.0341236,0.0468086
-273.418,151.899,0.0343562,0.0476175
-269.62,151.899,0.0345652,0.0483837
-265.823,151.899,0.0347532,0.0491
-262.025,151.899,0.0349256,0.0497712
-258.228,151.899,0.035095,0.0504333
-254.43,151.899,0.0352439,0.0510584
-250.633,151.899,0.0353732,0.0516383
-246.835,151.899,0.0355076,0.0522305
-243.038,151.899,0.0356722,0.0529241
-239.241,151.899,0.0358457,0.0536604
-235.443,151.899,0.036055,0.0546567
-231.646,151.899,0.0362465,0.0555987
-227.848,151.899,0.036512,0.0567619
-224.051,151.899,0.0368098,0.058
-220.253,151.899,0.037109,0.0592476
-216.456,151.899,0.0373894,0.060445
-212.658,151.899,0.0376171,0.0615036
-208.861,151.899,0.0378625,0.0626116
-205.063,151.899,0.0381001,0.0636803
-201.266,151.899,0.0383629,0.0647954
-197.468,151.899,0.0386367,0.0659153
-193.671,151.899,0.0388935,0.0669903
-189.873,151.899,0.0391603,0.0681118
-186.076,151.899,0.0393403,0.0689467
-182.278,151.899,0.0395193,0.0698203
-178.481,151.899,0.0396892,0.0707614
-174.684,151.899,0.0398719,0.0717469
-170.886,151.899,0.0400482,0.0726521
-167.089,151.899,0.0402354,0.0735923
-163.291,151.899,0.0404416,0.0746165
-159.494,151.899,0.0406611,0.0757338
-155.696,151.899,0.0408978,0.0770359
-151.899,151.899,0.041143,0.0783685
-148.101,151.899,0.0413901,0.0796609
-144.304,151.899,0.0416415,0.0809527
-140.506,151.899,0.041871,0.0821608
-136.709,151.899,0.0421043,0.0833908
-132.911,151.899,0.0423779,0.0848649
-129.114,151.899,0.0426469,0.0863143
-125.316,151.899,0.0428738,0.0876679
-121.519,151.899,0.0431225,0.0891229
-117.722,151.899,0.0433866,0.0904266
-113.924,151.899,0.043628,0.0916553
-110.127,151.899,0.043856,0.0928253
-106.329,151.899,0.0441206,0.0943957
-102.532,151.899,0.0443215,0.0956595
-98.7342,151.899,0.0445213,0.0968838
-94.9367,151.899,0.0447273,0.0981288
-91.1392,151.899,0.0449523,0.099593
-87.3418,151.899,0.0450861,0.101018
-83.5443,151.899,0.0451958,0.102501
-79.7468,151.899,0.04528,0.104429
-75.9494,151.899,0.0453463,0.106298
-72.1519,151.899,0.0453972,0.107951
-68.3544,151.899,0.0454657,0.109511
-64.557,151.899,0.0455151,0.110966
-60.7595,151.899,0.0455581,0.112413
-56.962,151.899,0.0455035,0.113598
-53.1646,151.899,0.0454689,0.114783
-49.3671,151.899,0.0454532,0.115924
-45.5696,151.899,0.045439,0.116924
-41.7722,151.899,0.0454221,0.117942
-37.9747,151.899,0.0454023,0.118979
-34.1772,151.899,0.0453798,0.120034
-30.3797,151.899,0.0453317,0.121068
-26.5823,151.899,0.045302,0.122177
-22.7848,151.899,0.0452793,0.12333
-18.9873,151.899,0.0451567,0.124387
-15.1899,151.899,0.0449959,0.125586
-11.3924,151.899,0.0447376,0.126865
-7.59494,151.899,0.0444272,0.128011
-3.79747,151.899,0.0441029,0.12915
0,151.899,0.0437589,0.130293
-300,155.696,0.0335072,0.0443593
-296.203,155.696,0.0336814,0.0449628
-292.405,155.696,0.0338537,0.045563
-288.608,155.696,0.0340243,0.0461597
-284.81,155.696,0.0342062,0.0467974
-281.013,155.696,0.0344096,0.0475107
-277.215,155.696,0.0346356,0.0482982
-273.418,155.696,0.034857,0.0490892
-269.62,155.696,0.0350558,0.0498366
-265.823,155.696,0.0352505,0.0505712
-262.025,155.696,0.035427,0.0512549
-258.228,155.696,0.035582,0.0518779
-254.43,155.696,0.0357445,0.0525454
-250.633,155.696,0.0359032,0.0532133
-246.835,155.696,0.036041,0.0538166
-243.038,155.696,0.0361983,0.054494
-239.241,155.696,0.0364059,0.0554055
-235.443,155.696,0.0366333,0.0564205
-231.646,155.696,0.0368739,0.0574767
-227.848,155.696,0.0371662,0.058716
-224.051,155.696,0.0374842,0.0600154
-220.253,155.696,0.0377764,0.0612416
-216.456,155.696,0.0380312,0.0623565
-212.658,155.696,0.0382962,0.0635163
-208.861,155.696,0.0385335,0.0645889
-205.063,155.696,0.0387944,0.0657082
-201.266,155.696,0.0390393,0.0667661
-197.468,155.696,0.0392929,0.0678428
-193.671,155.696,0.0395322,0.0688739
-189.873,155.696,0.0397147,0.0697379
-186.076,155.696,0.0399194,0.0706894
-182.278,155.696,0.0401322,0.0716618
-178.481,155.696,0.0403118,0.0726443
-174.684,155.696,0.040484,0.0735531
-170.886,155.696,0.0406746,0.07451
-167.089,155.696,0.040885,0.0755198
-163.291,155.696,0.0411174,0.0766691
-159.494,155.696,0.0413734,0.0778876
-155.696,155.696,0.0415975,0.0790434
-151.899,155.696,0.0418144,0.0802748
-148.101,155.696,0.0420404,0.0815235
-144.304,155.696,0.0423044,0.0828695
-140.506,155.696,0.0425339,0.0840822
-136.709,155.696,0.0428006,0.0854128
-132.911,155.696,0.0430502,0.0867519
-129.114,155.696,0.0432648,0.0880075
-125.316,155.696,0.0434829,0.0893203
-121.519,155.696,0.0437149,0.0907801
-117.722,155.696,0.0439413,0.0920453
-113.924,155.696,0.0441639,0.0932612
-110.127,155.696,0.0444207,0.0946802
-106.329,155.696,0.0446476,0.0961267
-102.532,155.696,0.0448409,0.097375
-98.7342,155.696,0.0450423,0.098614
-94.9367,155.696,0.0452447,0.0999118
-91.1392,155.696,0.0454365,0.101234
-87.3418,155.696,0.0455989,0.102631
-83.5443,155.696,0.0457141,0.104191
-79.7468,155.696,0.0457827,0.106057
-75.9494,155.696,0.0458259,0.107796
-72.1519,155.696,0.04588,0.109477
-68.3544,155.696,0.045928,0.110883
-64.557,155.696,0.0459793,0.112326
-60.7595,155.696,0.0459323,0.113503
-56.962,155.696,0.045879,0.114701
-53.1646,155.696,0.0458214,0.115924
-49.3671,155.696,0.0457955,0.117099
-45.5696,155.696,0.0457892,0.118129
-41.7722,155.696,0.0457801,0.119177
-37.9747,155.696,0.0457682,0.120243
-34.1772,155.696,0.0457535,0.121329
-30.3797,155.696,0.0457361,0.122432
-26.5823,155.696,0.0457158,0.123555
-22.7848,155.696,0.0456846,0.124612
-18.9873,155.696,0.0456651,0.125696
-15.1899,155.696,0.0454715,0.126753
-11.3924,155.696,0.0451568,0.127848
-7.59494,155.696,0.0448318,0.12896
-3.79747,155.696,0.0445126,0.130114
0,155.696,0.0441988,0.131311
-300,159.494,0.0340676,0.0459951
-296.203,159.494,0.0342362,0.0465801
-292.405,159.494,0.0344028,0.047163
-288.608,159.494,0.0345928,0.0478282
-284.81,159.494,0.0347922,0.0485278
-281.013,159.494,0.0349888,0.0492203
-277.215,159.494,0.0351809,0.0499018
-273.418,159.494,0.0353502,0.0505586
-269.62,159.494,0.0355215,0.0512261
-265.823,159.494,0.0357008,0.0519195
-262.025,159.494,0.0358927,0.0526491
-258.228,159.494,0.0360803,0.0533664
-254.43,159.494,0.0362376,0.0540238
-250.633,159.494,0.0363838,0.0546621
-246.835,159.494,0.0365569,0.0553651
-243.038,159.494,0.0367635,0.0561482
-239.241,159.494,0.0369968,0.0571773
-235.443,159.494,0.0372544,0.0582568
-231.646,159.494,0.0375496,0.0594638
-227.848,159.494,0.0378749,0.0607947
-224.051,159.494,0.038158,0.0620064
-220.253,159.494,0.0384071,0.0631127
-216.456,159.494,0.0386747,0.0642779
-212.658,159.494,0.0389357,0.0653995
-208.861,159.494,0.0391972,0.0665198
-205.063,159.494,0.039431,0.0675609
-201.266,159.494,0.0396526,0.0685575
-197.468,159.494,0.0398795,0.0695598
-193.671,159.494,0.0400893,0.0705397
-189.873,159.494,0.040297,0.0715076
-186.076,159.494,0.040505,0.0724672
-182.278,159.494,0.0407171,0.0734638
-178.481,159.494,0.0409146,0.0744395
-174.684,159.494,0.0410995,0.0753879
-170.886,159.494,0.0413073,0.0764095
-167.089,159.494,0.0415465,0.0775225
-163.291,159.494,0.0417873,0.0786784
-159.494,159.494,0.0420093,0.0797571
-155.696,159.494,0.0422349,0.0808506
-151.899,159.494,0.0424551,0.0820871
-148.101,159.494,0.042684,0.0833571
-144.304,159.494,0.0429399,0.0847215
-140.506,159.494,0.0431799,0.0859779
-136.709,159.494,0.0434049,0.0871698
-132.911,159.494,0.0436182,0.0883232
-129.114,159.494,0.043835,0.0895607
-125.316,159.494,0.0440554,0.0908697
-121.519,159.494,0.0442587,0.0922612
-117.722,159.494,0.0444743,0.0936266
-113.924,159.494,0.0447272,0.094979
-110.127,159.494,0.0449828,0.0964764
-106.329,159.494,0.0451747,0.0977449
-102.532,159.494,0.0453587,0.0989932
-98.7342,159.494,0.0455377,0.100259
-94.9367,159.494,0.0457186,0.101585
-91.1392,159.494,0.0459062,0.102911
-87.3418,159.494,0.0461014,0.104277
-83.5443,159.494,0.0462211,0.10583
-79.7468,159.494,0.0462635,0.107568
-75.9494,159.494,0.0462968,0.109213
-72.1519,159.494,0.0463337,0.110789
-68.3544,159.494,0.0463877,0.112229
-64.557,159.494,0.0463516,0.11341
-60.7595,159.494,0.046311,0.114617
-56.962,159.494,0.0462659,0.11585
-53.1646,159.494,0.0462164,0.117108
-49.3671,159.494,0.0461739,0.118304
-45.5696,159.494,0.0461515,0.119367
-41.7722,159.494,0.0461502,0.120445
-37.9747,159.494,0.0461462,0.121541
-34.1772,159.494,0.0461393,0.122656
-30.3797,159.494,0.0461297,0.12379
-26.5823,159.494,0.0461174,0.124928
-22.7848,159.494,0.0461039,0.125927
-18.9873,159.494,0.0460437,0.126861
-15.1899,159.494,0.0459141,0.127797
-11.3924,159.494,0.04558,0.128826
-7.59494,159.494,0.0452613,0.129954
-3.79747,159.494,0.0449324,0.131099
0,159.494,0.0445836,0.132169
-300,163.291,0.0346117,0.0475896
-296.203,163.291,0.0347766,0.0481586
-292.405,163.291,0.0349793,0.0488657
-288.608,163.291,0.0351651,0.0495272
-284.81,163.291,0.0353483,0.0501826
-281.013,163.291,0.0355291,0.0508319
-277.215,163.291,0.0357032,0.0514751
-273.418,163.291,0.0358624,0.0521125
-269.62,163.291,0.0360326,0.0527726
-265.823,163.291,0.0362017,0.0534298
-262.025,163.291,0.0363598,0.0540592
-258.228,163.291,0.0365347,0.054745
-254.43,163.291,0.0367072,0.0554457
-250.633,163.291,0.036912,0.0562041
-246.835,163.291,0.0371266,0.0569822
-243.038,163.291,0.0373623,0.0579287
-239.241,163.291,0.0376101,0.0589657
-235.443,163.291,0.0379223,0.0602155
-231.646,163.291,0.0382573,0.0615537
-227.848,163.291,0.0385299,0.0627442
-224.051,163.291,0.0387664,0.0638343
-220.253,163.291,0.0390198,0.0649734
-216.456,163.291,0.0392727,0.0660866
-212.658,163.291,0.0395418,0.0672276
-208.861,163.291,0.0397838,0.0682621
-205.063,163.291,0.0400268,0.069328
-201.266,163.291,0.0402645,0.0704104
-197.468,163.291,0.0404712,0.0714009
-193.671,163.291,0.0406686,0.0723478
-189.873,163.291,0.0408647,0.0732775
-186.076,163.291,0.0410693,0.0742287
-182.278,163.291,0.0412817,0.0752283
-178.481,163.291,0.0415134,0.0762679
-174.684,163.291,0.0417386,0.0773236
-170.886,163.291,0.0419778,0.0783957
-167.089,163.291,0.0421967,0.0794416
-163.291,163.291,0.0424081,0.0804868
-159.494,163.291,0.0426149,0.0815173
-155.696,163.291,0.0428373,0.0825935
-151.899,163.291,0.0430555,0.0838077
-148.101,163.291,0.0433175,0.0852036
-144.304,163.291,0.0435601,0.0865209
-140.506,163.291,0.0437482,0.0876366
-136.709,163.291,0.0439523,0.0887497
-132.911,163.291,0.0441697,0.0898897
-129.114,163.291,0.0443929,0.091104
-125.316,163.291,0.0445788,0.0922895
-121.519,163.291,0.0447929,0.0937576
-117.722,163.291,0.0450326,0.0952765
-113.924,163.291,0.0452862,0.0966772
-110.127,163.291,0.0454998,0.0980491
-106.329,163.291,0.0456773,0.0992999
-102.532,163.291,0.0458559,0.100603
-98.7342,163.291,0.0460409,0.10191
-94.9367,163.291,0.0462146,0.103235
-91.1392,163.291,0.046393,0.104612
-87.3418,163.291,0.0465674,0.105932
-83.5443,163.291,0.0466789,0.107314
-79.7468,163.291,0.0467183,0.108876
-75.9494,163.291,0.0467515,0.110499
-72.1519,163.291,0.0467879,0.112108
-68.3544,163.291,0.0467614,0.113317
-64.557,163.291,0.0467335,0.114534
-60.7595,163.291,0.0467012,0.115776
-56.962,163.291,0.0466643,0.117044
-53.1646,163.291,0.046623,0.118338
-49.3671,163.291,0.0465834,0.119539
-45.5696,163.291,0.0465549,0.120634
-41.7722,163.291,0.0465324,0.121746
-37.9747,163.291,0.0465362,0.122872
-34.1772,163.291,0.0465372,0.124017
-30.3797,163.291,0.0465354,0.12518
-26.5823,163.291,0.0465068,0.126161
-22.7848,163.291,0.0464392,0.127003
-18.9873,163.291,0.0463693,0.127901
-15.1899,163.291,0.0462812,0.128869
-11.3924,163.291,0.0460295,0.129869
-7.59494,163.291,0.0457058,0.130977
-3.79747,163.291,0.0453487,0.132011
0,163.291,0.0449702,0.132996
-300,167.089,0.0351416,0.0491572
-296.203,167.089,0.035329,0.0498082
-292.405,167.089,0.0355161,0.0504732
-288.608,167.089,0.0357009,0.0511327
-284.81,167.089,0.0358797,0.0517747
-281.013,167.089,0.0360541,0.0524044
-277.215,167.089,0.036232,0.0530803
-273.418,167.089,0.0363954,0.0537385
-269.62,167.089,0.0365526,0.0543671
-265.823,167.089,0.0367066,0.0549841
-262.025,167.089,0.0368579,0.055593
-258.228,167.089,0.0370485,0.0562743
-254.43,167.089,0.0372683,0.0570561
-250.633,167.089,0.0374979,0.0578559
-246.835,167.089,0.0377,0.0586015
-243.038,167.089,0.0379338,0.0596018
-239.241,167.089,0.0382435,0.0608632
-235.443,167.089,0.0385863,0.0622545
-231.646,167.089,0.0388777,0.0634429
-227.848,167.089,0.0391235,0.0645323
-224.051,167.089,0.039375,0.0656749
-220.253,167.089,0.0396214,0.0667831
-216.456,167.089,0.0398822,0.0679057
-212.658,167.089,0.040129,0.0689663
-208.861,167.089,0.0403842,0.0700779
-205.063,167.089,0.0406416,0.071226
-201.266,167.089,0.0408464,0.0722218
-197.468,167.089,0.041036,0.0731552
-193.671,167.089,0.0412271,0.0740795
-189.873,167.089,0.0414386,0.075083
-186.076,167.089,0.0416566,0.076075
-182.278,167.089,0.0419003,0.0771451
-178.481,167.089,0.0421707,0.0782855
-174.684,167.089,0.0424181,0.0793757
-170.886,167.089,0.0426166,0.0803022
-167.089,167.089,0.0428214,0.08131
-163.291,167.089,0.0430129,0.0822704
-159.494,167.089,0.0432187,0.0832862
-155.696,167.089,0.0434376,0.0843585
-151.899,167.089,0.0437007,0.0857187
-148.101,167.089,0.0439528,0.0870805
-144.304,167.089,0.0441219,0.0881365
-140.506,167.089,0.0442994,0.0892125
-136.709,167.089,0.044493,0.090316
-132.911,167.089,0.0447084,0.0914499
-129.114,167.089,0.0448977,0.0925533
-125.316,167.089,0.0451202,0.0938202
-121.519,167.089,0.0453604,0.0953939
-117.722,167.089,0.0456009,0.0969406
-113.924,167.089,0.0458254,0.0983523
-110.127,167.089,0.0460064,0.0996301
-106.329,167.089,0.0461867,0.100941
-102.532,167.089,0.0463633,0.102248
-98.7342,167.089,0.0465466,0.103561
-94.9367,167.089,0.0467235,0.104918
-91.1392,167.089,0.0468878,0.106252
-87.3418,167.089,0.0469896,0.107367
-83.5443,167.089,0.0470889,0.108594
-79.7468,167.089,0.047153,0.110169
-75.9494,167.089,0.0471999,0.111774
-72.1519,167.089,0.0471665,0.113196
-68.3544,167.089,0.0471466,0.114452
-64.557,167.089,0.0471269,0.115703
-60.7595,167.089,0.0471028,0.11698
-56.962,167.089,0.0470742,0.118283
-53.1646,167.089,0.0470412,0.119612
-49.3671,167.089,0.047007,0.120808
-45.5696,167.089,0.0469839,0.121932
-41.7722,167.089,0.0469598,0.123075
-37.9747,167.089,0.0469382,0.124236
-34.1772,167.089,0.0469471,0.12541
-30.3797,167.089,0.0468919,0.126357
-26.5823,167.089,0.0468335,0.127184
-22.7848,167.089,0.0467728,0.128067
-18.9873,167.089,0.046709,0.128985
-15.1899,167.089,0.0466151,0.129921
-11.3924,167.089,0.0463952,0.130948
-7.59494,167.089,0.046131,0.131902
-3.79747,167.089,0.045763,0.132889
0,167.089,0.0453767,0.133822
-300,170.886,0.0356701,0.0507566
-296.203,170.886,0.0358549,0.0513962
-292.405,170.886,0.0360417,0.0520521
-288.608,170.886,0.0362217,0.052695
-284.81,170.886,0.0364089,0.0533651
-281.013,170.886,0.0365926,0.0540357
-277.215,170.886,0.0367521,0.0546823
-273.418,170.886,0.0369087,0.0553201
-269.62,170.886,0.0370589,0.0559271
-265.823,170.886,0.0372252,0.0565545
-262.025,170.886,0.0374366,0.0572859
-258.228,170.886,0.0376638,0.0580517
-254.43,170.886,0.037881,0.0588284
-250.633,170.886,0.0380891,0.0595841
-246.835,170.886,0.0382926,0.0603694
-243.038,170.886,0.0385637,0.061497
-239.241,170.886,0.0389069,0.0628839
-235.443,170.886,0.0392144,0.0641583
-231.646,170.886,0.0394754,0.0652619
-227.848,170.886,0.0397558,0.066445
-224.051,170.886,0.0400102,0.0675931
-220.253,170.886,0.0402541,0.0686683
-216.456,170.886,0.0404859,0.0696929
-212.658,170.886,0.04073,0.0707913
-208.861,170.886,0.0409698,0.0719071
-205.063,170.886,0.0411811,0.0729253
-201.266,170.886,0.0413914,0.0739258
-197.468,170.886,0.0416139,0.0749679
-193.671,170.886,0.041833,0.075991
-189.873,170.886,0.0420515,0.0769514
-186.076,170.886,0.042302,0.0780589
-182.278,170.886,0.042566,0.0791964
-178.481,170.886,0.0428481,0.0803831
-174.684,170.886,0.0431004,0.0814398
-170.886,170.886,0.0432578,0.0822623
-167.089,170.886,0.0434289,0.0831631
-163.291,170.886,0.0436241,0.0841483
-159.494,170.886,0.0438451,0.0852101
-155.696,170.886,0.0441076,0.0863989
-151.899,170.886,0.0443289,0.0875727
-148.101,170.886,0.044514,0.0886928
-144.304,170.886,0.0446855,0.0897568
-140.506,170.886,0.0448627,0.0908207
-136.709,170.886,0.0450315,0.0918474
-132.911,170.886,0.0451814,0.0928165
-129.114,170.886,0.0453913,0.0939975
-125.316,170.886,0.0456475,0.0953992
-121.519,170.886,0.045908,0.096973
-117.722,170.886,0.0461552,0.0985613
-113.924,170.886,0.0463503,0.0999673
-110.127,170.886,0.0465288,0.101305
-106.329,170.886,0.0467024,0.102601
-102.532,170.886,0.0468798,0.10392
-98.7342,170.886,0.0470662,0.105257
-94.9367,170.886,0.0472073,0.106475
-91.1392,170.886,0.0473045,0.107556
-87.3418,170.886,0.0474119,0.108703
-83.5443,170.886,0.0475178,0.109946
-79.7468,170.886,0.0475778,0.111451
-75.9494,170.886,0.0475669,0.112894
-72.1519,170.886,0.0475594,0.114352
-68.3544,170.886,0.0475486,0.115648
-64.557,170.886,0.0475352,0.116929
-60.7595,170.886,0.0475174,0.118235
-56.962,170.886,0.0474956,0.119568
-53.1646,170.886,0.0474707,0.120932
-49.3671,170.886,0.047446,0.122112
-45.5696,170.886,0.0474236,0.123263
-41.7722,170.886,0.0474084,0.124436
-37.9747,170.886,0.0473503,0.125504
-34.1772,170.886,0.0472684,0.126516
-30.3797,170.886,0.0472201,0.127376
-26.5823,170.886,0.0471679,0.128224
-22.7848,170.886,0.0471143,0.129151
-18.9873,170.886,0.0470566,0.13009
-15.1899,170.886,0.0469771,0.131043
-11.3924,170.886,0.0467144,0.131925
-7.59494,170.886,0.0464443,0.132803
-3.79747,170.886,0.0461853,0.133743
0,170.886,0.0458017,0.134664
-300,174.684,0.0361709,0.0522799
-296.203,174.684,0.0363541,0.0529173
-292.405,174.684,0.0365445,0.0535849
-288.608,174.684,0.0367343,0.0542606
-284.81,174.684,0.0369205,0.0549275
-281.013,174.684,0.037094,0.0555864
-277.215,174.684,0.037256,0.0562409
-273.418,174.684,0.0374171,0.0568846
-269.62,174.684,0.0376114,0.0575799
-265.823,174.684,0.0378388,0.0583428
-262.025,174.684,0.0380635,0.0590968
-258.228,174.684,0.0382747,0.0598291
-254.43,174.684,0.0385005,0.0606408
-250.633,174.684,0.0387089,0.0613978
-246.835,174.684,0.0389513,0.0623617
-243.038,174.684,0.0392682,0.0636395
-239.241,174.684,0.0395902,0.0649891
-235.443,174.684,0.0398628,0.0661496
-231.646,174.684,0.0401152,0.0672386
-227.848,174.684,0.0403626,0.0682831
-224.051,174.684,0.0406146,0.0693845
-220.253,174.684,0.0408366,0.0703981
-216.456,174.684,0.0410816,0.0715252
-212.658,174.684,0.041292,0.0725613
-208.861,174.684,0.0415014,0.0735825
-205.063,174.684,0.0417167,0.0746094
-201.266,174.684,0.0419604,0.0757459
-197.468,174.684,0.0422025,0.0768244
-193.671,174.684,0.0424604,0.0779154
-189.873,174.684,0.0427198,0.0790376
-186.076,174.684,0.0429995,0.0802416
-182.278,174.684,0.0432803,0.0814209
-178.481,174.684,0.0434813,0.0823082
-174.684,174.684,0.0436812,0.0831848
-170.886,174.684,0.0438569,0.0840858
-167.089,174.684,0.0440413,0.0850458
-163.291,174.684,0.0442629,0.0861246
-159.494,174.684,0.0444784,0.0871753
-155.696,174.684,0.0446967,0.0882225
-151.899,174.684,0.0448933,0.089253
-148.101,174.684,0.0450701,0.0902933
-144.304,174.684,0.0452467,0.0913661
-140.506,174.684,0.0454004,0.0923523
-136.709,174.684,0.0455509,0.093326
-132.911,174.684,0.0457245,0.0943913
-129.114,174.684,0.0459315,0.0956043
-125.316,174.684,0.0461874,0.0970204
-121.519,174.684,0.0464747,0.0986857
-117.722,174.684,0.0467224,0.100257
-113.924,174.684,0.0468876,0.101602
-110.127,174.684,0.0470553,0.102981
-106.329,174.684,0.0472353,0.104309
-102.532,174.684,0.0474066,0.105603
-98.7342,174.684,0.0475375,0.106718
-94.9367,174.684,0.0476328,0.107775
-91.1392,174.684,0.0477412,0.10892
-87.3418,174.684,0.0478559,0.110104
-83.5443,174.684,0.0479445,0.111274
-79.7468,174.684,0.0479541,0.112655
-75.9494,174.684,0.0479534,0.114081
-72.1519,174.684,0.0479512,0.115578
-68.3544,174.684,0.0479602,0.116929
-64.557,174.684,0.0479656,0.118234
-60.7595,174.684,0.0479558,0.119575
-56.962,174.684,0.0479415,0.120941
-53.1646,174.684,0.047923,0.122325
-49.3671,174.684,0.0479061,0.12348
-45.5696,174.684,0.0478658,0.124595
-41.7722,174.684,0.0477933,0.125593
-37.9747,174.684,0.0477174,0.126606
-34.1772,174.684,0.0476368,0.127547
-30.3797,174.684,0.0475561,0.128409
-26.5823,174.684,0.0475111,0.129307
-22.7848,174.684,0.0474637,0.130255
-18.9873,174.684,0.047412,0.131213
-15.1899,174.684,0.0473093,0.132046
-11.3924,174.684,0.0470391,0.132895
-7.59494,174.684,0.0467557,0.133717
-3.79747,174.684,0.0464712,0.134522
0,174.684,0.0462278,0.135494
-300,178.481,0.0366637,0.0537841
-296.203,178.481,0.0368564,0.0544634
-292.405,178.481,0.0370436,0.055129
-288.608,178.481,0.0372271,0.0557844
-284.81,178.481,0.0374029,0.0564218
-281.013,178.481,0.037562,0.0570643
-277.215,178.481,0.0377729,0.0578087
-273.418,178.481,0.038006,0.0586092
-269.62,178.481,0.0382338,0.0593804
-265.823,178.481,0.0384633,0.0601411
-262.025,178.481,0.0386992,0.0609517
-258.228,178.481,0.03894,0.0617911
-254.43,178.481,0.0391442,0.062537
-250.633,178.481,0.0393672,0.0633495
-246.835,178.481,0.0396549,0.0645195
-243.038,178.481,0.0399372,0.0657196
-239.241,178.481,0.0402054,0.0668959
-235.443,178.481,0.0404446,0.0679394
-231.646,178.481,0.040682,0.0689561
-227.848,178.481,0.040934,0.0700026
-224.051,178.481,0.041187,0.071109
-220.253,178.481,0.0414098,0.0721804
-216.456,178.481,0.0416178,0.0732181
-212.658,178.481,0.0418334,0.0742487
-208.861,178.481,0.0420654,0.0753503
-205.063,178.481,0.0423183,0.0765462
-201.266,178.481,0.0425604,0.0776381
-197.468,178.481,0.0428385,0.0788076
-193.671,178.481,0.0431227,0.0799812
-189.873,178.481,0.0434433,0.0813095
-186.076,178.481,0.0436871,0.0823577
-182.278,178.481,0.0438766,0.0832167
-178.481,178.481,0.0440699,0.0840791
-174.684,178.481,0.0442676,0.0849909
-170.886,178.481,0.0444771,0.0859922
-167.089,178.481,0.0446582,0.0869514
-163.291,178.481,0.0448639,0.0879829
-159.494,178.481,0.0450763,0.089024
-155.696,178.481,0.0452699,0.0899884
-151.899,178.481,0.0454478,0.0908919
-148.101,178.481,0.0456062,0.0918887
-144.304,178.481,0.0457625,0.0928597
-140.506,178.481,0.0459208,0.0938303
-136.709,178.481,0.0461035,0.0949326
-132.911,178.481,0.0463119,0.0961373
-129.114,178.481,0.046523,0.0973513
-125.316,178.481,0.0467863,0.0988624
-121.519,178.481,0.0470595,0.100518
-117.722,178.481,0.047256,0.101879
-113.924,178.481,0.047433,0.103254
-110.127,178.481,0.047596,0.10469
-106.329,178.481,0.0477458,0.105882
-102.532,178.481,0.0478632,0.106965
-98.7342,178.481,0.047967,0.108002
-94.9367,178.481,0.0480796,0.10915
-91.1392,178.481,0.0481936,0.11033
-87.3418,178.481,0.0482819,0.11146
-83.5443,178.481,0.0483344,0.11251
-79.7468,178.481,0.0483504,0.113907
-75.9494,178.481,0.0483615,0.115352
-72.1519,178.481,0.0483578,0.116854
-68.3544,178.481,0.0483669,0.118278
-64.557,178.481,0.0483905,0.119608
-60.7595,178.481,0.0484076,0.120966
-56.962,178.481,0.0484013,0.122367
-53.1646,178.481,0.0483919,0.123714
-49.3671,178.481,0.0483197,0.124702
-45.5696,178.481,0.0482416,0.125704
-41.7722,178.481,0.0481698,0.126723
-37.9747,178.481,0.0481007,0.127744
-34.1772,178.481,0.048026,0.128602
-30.3797,178.481,0.0479456,0.12947
-26.5823,178.481,0.0478641,0.130416
-22.7848,178.481,0.0478209,0.131379
-18.9873,178.481,0.0477327,0.132198
-15.1899,178.481,0.0476335,0.13301
-11.3924,178.481,0.047365,0.133841
-7.59494,178.481,0.04708,0.134615
-3.79747,178.481,0.0467854,0.135395
0,178.481,0.0464994,0.136229
-300,182.278,0.0371455,0.0552565
-296.203,182.278,0.0373289,0.0559071
-292.405,182.278,0.0374952,0.0565335
-288.608,182.278,0.0376807,0.0571893
-284.81,182.278,0.0379094,0.0579262
-281.013,182.278,0.0381433,0.0587263
-277.215,182.278,0.0383787,0.0595248
-273.418,182.278,0.0386247,0.0603541
-269.62,182.278,0.0388776,0.0612207
-265.823,182.278,0.0391199,0.0620599
-262.025,182.278,0.0393613,0.0628833
-258.228,182.278,0.039567,0.0636361
-254.43,182.278,0.0397962,0.0644799
-250.633,182.278,0.0400464,0.0654222
-246.835,182.278,0.0402817,0.0664587
-243.038,182.278,0.0405362,0.067599
-239.241,182.278,0.0407832,0.0686673
-235.443,182.278,0.0410117,0.0696432
-231.646,182.278,0.0412515,0.0706558
-227.848,182.278,0.0414868,0.0717057
-224.051,182.278,0.0417239,0.0727816
-220.253,182.278,0.0419583,0.0738657
-216.456,182.278,0.0421886,0.0749716
-212.658,182.278,0.0424315,0.076144
-208.861,182.278,0.0426821,0.0773416
-205.063,182.278,0.042949,0.0785403
-201.266,182.278,0.0432331,0.0797412
-197.468,182.278,0.0435379,0.0809597
-193.671,182.278,0.0438316,0.0822022
-189.873,182.278,0.0440483,0.0831622
-186.076,182.278,0.0442541,0.0840737
-182.278,182.278,0.0444592,0.0849757
-178.481,182.278,0.0446493,0.0858218
-174.684,182.278,0.0448175,0.0866809
-170.886,182.278,0.0450441,0.087754
-167.089,182.278,0.045261,0.0888164
-163.291,182.278,0.0454677,0.0898514
-159.494,182.278,0.0456365,0.0907488
-155.696,182.278,0.0457968,0.0916074
-151.899,182.278,0.0459571,0.092455
-148.101,182.278,0.0461136,0.0933816
-144.304,182.278,0.0462683,0.0943443
-140.506,182.278,0.0464605,0.0954437
-136.709,182.278,0.0466756,0.096621
-132.911,182.278,0.0468924,0.0978563
-129.114,182.278,0.0471282,0.0991987
-125.316,182.278,0.047409,0.100768
-121.519,182.278,0.0475906,0.102137
-117.722,182.278,0.0477923,0.10354
-113.924,182.278,0.047945,0.104798
-110.127,182.278,0.0480908,0.106096
-106.329,182.278,0.0481929,0.107186
-102.532,182.278,0.0482995,0.108241
-98.7342,182.278,0.0484172,0.109367
-94.9367,182.278,0.0485395,0.11056
-91.1392,182.278,0.048619,0.111663
-87.3418,182.278,0.0486785,0.112733
-83.5443,182.278,0.0487375,0.113822
-79.7468,182.278,0.0487654,0.115207
-75.9494,182.278,0.0487832,0.116689
-72.1519,182.278,0.0488006,0.118193
-68.3544,182.278,0.0487966,0.11966
-64.557,182.278,0.0488159,0.121046
-60.7595,182.278,0.0488436,0.122435
-56.962,182.278,0.0488209,0.123704
-53.1646,182.278,0.0487645,0.124803
-49.3671,182.278,0.0486984,0.125813
-45.5696,182.278,0.0486265,0.126838
-41.7722,182.278,0.0485543,0.127878
-37.9747,182.278,0.0484922,0.128805
-34.1772,182.278,0.0484243,0.129681
-30.3797,182.278,0.0483522,0.130604
-26.5823,182.278,0.0482713,0.131557
-22.7848,182.278,0.048143,0.132358
-18.9873,182.278,0.0480498,0.133159
-15.1899,182.278,0.0479525,0.133938
-11.3924,182.278,0.0476873,0.134718
-7.59494,182.278,0.0474076,0.135506
-3.79747,182.278,0.0471183,0.136301
0,182.278,0.0468194,0.137103
-300,186.076,0.0376061,0.0566859
-296.203,186.076,0.0377986,0.0573592
-292.405,186.076,0.0380159,0.0580657
-288.608,186.076,0.0382765,0.0588737
-284.81,186.076,0.0385325,0.0596924
-281.013,186.076,0.0387807,0.0605332
-277.215,186.076,0.0390466,0.0614425
-273.418,186.076,0.0392954,0.0623019
-269.62,186.076,0.0395462,0.0631581
-265.823,186.076,0.039788,0.0639949
-262.025,186.076,0.0400037,0.0647685
-258.228,186.076,0.0402088,0.0655551
-254.43,186.076,0.0404447,0.0664225
-250.633,186.076,0.0406823,0.0673912
-246.835,186.076,0.040892,0.0683644
-243.038,186.076,0.0411449,0.0694579
-239.241,186.076,0.0413659,0.0704119
-235.443,186.076,0.0415822,0.0713674
-231.646,186.076,0.0418126,0.0723858
-227.848,186.076,0.0420405,0.0734046
-224.051,186.076,0.0422844,0.0744957
-220.253,186.076,0.0425487,0.0757329
-216.456,186.076,0.0428145,0.0769793
-212.658,186.076,0.0430657,0.0781907
-208.861,186.076,0.0433538,0.0794662
-205.063,186.076,0.0436572,0.0807566
-201.266,186.076,0.043968,0.081992
-197.468,186.076,0.0442124,0.0830558
-193.671,186.076,0.0444233,0.0840031
-189.873,186.076,0.0446269,0.0849151
-186.076,186.076,0.0447931,0.0856959
-182.278,186.076,0.0449562,0.0864595
-178.481,186.076,0.0451217,0.0872606
-174.684,186.076,0.0453589,0.0883763
-170.886,186.076,0.0455961,0.0894854
-167.089,186.076,0.0457987,0.090475
-163.291,186.076,0.0459611,0.0913631
-159.494,186.076,0.0461242,0.0922425
-155.696,186.076,0.046288,0.0931132
-151.899,186.076,0.0464525,0.0939752
-148.101,186.076,0.0466229,0.0948798
-144.304,186.076,0.0468284,0.0960402
-140.506,186.076,0.0470368,0.0972028
-136.709,186.076,0.047249,0.0983864
-132.911,186.076,0.0474802,0.0996501
-129.114,186.076,0.0477744,0.101215
-125.316,186.076,0.0479631,0.10239
-121.519,186.076,0.0481179,0.103652
-117.722,186.076,0.0482687,0.104948
-113.924,186.076,0.0484122,0.106178
-110.127,186.076,0.0485236,0.107303
-106.329,186.076,0.0486336,0.108458
-102.532,186.076,0.0487567,0.109602
-98.7342,186.076,0.0488841,0.110775
-94.9367,186.076,0.0489612,0.11186
-91.1392,186.076,0.0490246,0.11294
-87.3418,186.076,0.0490917,0.114052
-83.5443,186.076,0.0491573,0.115178
-79.7468,186.076,0.0491972,0.116551
-75.9494,186.076,0.0492216,0.118071
-72.1519,186.076,0.0492431,0.119619
-68.3544,186.076,0.0492731,0.121075
-64.557,186.076,0.049238,0.122431
-60.7595,186.076,0.0491956,0.123662
-56.962,186.076,0.0491592,0.124914
-53.1646,186.076,0.0491278,0.125934
-49.3671,186.076,0.0490861,0.12695
-45.5696,186.076,0.0490204,0.127998
-41.7722,186.076,0.0489501,0.129002
-37.9747,186.076,0.0488918,0.129887
-34.1772,186.076,0.048831,0.13079
-30.3797,186.076,0.0487526,0.131714
-26.5823,186.076,0.0486355,0.132526
-22.7848,186.076,0.0485109,0.133342
-18.9873,186.076,0.0483749,0.13409
-15.1899,186.076,0.0482661,0.134798
-11.3924,186.076,0.0480136,0.135592
-7.59494,186.076,0.047742,0.136404
-3.79747,186.076,0.0474608,0.137223
0,186.076,0.0471702,0.138049
-300,189.873,0.0380681,0.0580683
-296.203,189.873,0.0383304,0.0588797
-292.405,189.873,0.0386143,0.0597445
-288.608,189.873,0.038903,0.0606278
-284.81,189.873,0.0391886,0.0615767
-281.013,189.873,0.0394619,0.0625082
-277.215,189.873,0.0397152,0.063388
-273.418,189.873,0.0399785,0.0642851
-269.62,189.873,0.0402394,0.0651796
-265.823,189.873,0.0404699,0.0659894
-262.025,189.873,0.040674,0.0667495
-258.228,189.873,0.0408959,0.0675863
-254.43,189.873,0.0411521,0.0685599
-250.633,189.873,0.041356,0.0694497
-246.835,189.873,0.0415331,0.0703002
-243.038,189.873,0.0417159,0.0711381
-239.241,189.873,0.0419293,0.0721033
-235.443,189.873,0.0421523,0.0731117
-231.646,189.873,0.0423731,0.0741055
-227.848,189.873,0.0426273,0.0752537
-224.051,189.873,0.0429015,0.0764804
-220.253,189.873,0.0431734,0.0777498
-216.456,189.873,0.0434646,0.0790882
-212.658,189.873,0.0437699,0.080407
-208.861,189.873,0.0441044,0.0818292
-205.063,189.873,0.0443698,0.0829217
-201.266,189.873,0.0446092,0.0839491
-197.468,189.873,0.0447877,0.0847961
-193.671,189.873,0.0449496,0.085578
-189.873,189.873,0.0451105,0.0863492
-186.076,189.873,0.0452714,0.087113
-182.278,189.873,0.0454329,0.0878719
-178.481,189.873,0.0456465,0.0888963
-174.684,189.873,0.0458561,0.0899208
-170.886,189.873,0.0460624,0.0909281
-167.089,189.873,0.0462654,0.0919183
-163.291,189.873,0.0464498,0.0928586
-159.494,189.873,0.0466171,0.0937524
-155.696,189.873,0.046785,0.0946376
-151.899,189.873,0.046981,0.0956266
-148.101,189.873,0.0471951,0.0966789
-144.304,189.873,0.0474086,0.0978118
-140.506,189.873,0.0476133,0.0989837
-136.709,189.873,0.0478321,0.100216
-132.911,189.873,0.0481273,0.101734
-129.114,189.873,0.0483015,0.102754
-125.316,189.873,0.0484583,0.103771
-121.519,189.873,0.0486139,0.105027
-117.722,189.873,0.0487294,0.10622
-113.924,189.873,0.0488327,0.10738
-110.127,189.873,0.0489531,0.108547
-106.329,189.873,0.0490886,0.109813
-102.532,189.873,0.049227,0.110999
-98.7342,189.873,0.0493048,0.112053
-94.9367,189.873,0.0493732,0.113131
-91.1392,189.873,0.0494478,0.114264
-87.3418,189.873,0.0495216,0.115415
-83.5443,189.873,0.0495938,0.11658
-79.7468,189.873,0.0496457,0.117939
-75.9494,189.873,0.0496768,0.119497
-72.1519,189.873,0.049683,0.121012
-68.3544,189.873,0.0496516,0.122341
-64.557,189.873,0.0496195,0.123602
-60.7595,189.873,0.0495605,0.124881
-56.962,189.873,0.0495214,0.126083
-53.1646,189.873,0.049484,0.127106
-49.3671,189.873,0.0494508,0.128142
-45.5696,189.873,0.0494164,0.129189
-41.7722,189.873,0.0493618,0.13009
-37.9747,189.873,0.0492994,0.130989
-34.1772,189.873,0.049221,0.131862
-30.3797,189.873,0.0491168,0.132684
-26.5823,189.873,0.0490045,0.133502
-22.7848,189.873,0.0488756,0.134233
-18.9873,189.873,0.0487394,0.134969
-15.1899,189.873,0.0486008,0.135708
-11.3924,189.873,0.04836,0.136515
-7.59494,189.873,0.0480933,0.137341
-3.79747,189.873,0.0478172,0.138173
0,189.873,0.0475315,0.139013
-300,193.671,0.0386464,0.0596945
-296.203,193.671,0.0389387,0.060586
-292.405,193.671,0.0392405,0.0615186
-288.608,193.671,0.0395493,0.0624827
-284.81,193.671,0.0398337,0.0634419
-281.013,193.671,0.0400971,0.0643474
-277.215,193.671,0.0403809,0.0653214
-273.418,193.671,0.0406551,0.0662587
-269.62,193.671,0.0408887,0.0670795
-265.823,193.671,0.0411036,0.0678452
-262.025,193.671,0.0413128,0.0686226
-258.228,193.671,0.0415525,0.0695241
-254.43,193.671,0.0417372,0.0702725
-250.633,193.671,0.041917,0.0711079
-246.835,193.671,0.0420902,0.0719576
-243.038,193.671,0.042278,0.0728418
-239.241,193.671,0.0425038,0.0738626
-235.443,193.671,0.0427344,0.0749177
-231.646,193.671,0.0429893,0.0760801
-227.848,193.671,0.0432676,0.0773341
-224.051,193.671,0.0435442,0.0785729
-220.253,193.671,0.0438496,0.0799301
-216.456,193.671,0.0441641,0.0812818
-212.658,193.671,0.0445217,0.0827788
-208.861,193.671,0.0447544,0.0837818
-205.063,193.671,0.0449458,0.0846309
-201.266,193.671,0.0451028,0.0854106
-197.468,193.671,0.04525,0.0861511
-193.671,193.671,0.0453959,0.0868802
-189.873,193.671,0.0455405,0.0875979
-186.076,193.671,0.0456837,0.0883043
-182.278,193.671,0.0458936,0.0892676
-178.481,193.671,0.0461094,0.0903211
-174.684,193.671,0.046322,0.0913575
-170.886,193.671,0.0465312,0.0923766
-167.089,193.671,0.0467372,0.0933786
-163.291,193.671,0.0469398,0.0943633
-159.494,193.671,0.0471244,0.0953171
-155.696,193.671,0.0473381,0.0963883
-151.899,193.671,0.0475548,0.0974599
-148.101,193.671,0.0477705,0.0985197
-144.304,193.671,0.047977,0.0995771
-140.506,193.671,0.0482022,0.100832
-136.709,193.671,0.0484693,0.10223
-132.911,193.671,0.048629,0.1032
-129.114,193.671,0.0487841,0.104152
-125.316,193.671,0.0489321,0.105089
-121.519,193.671,0.0490567,0.106203
-117.722,193.671,0.0491698,0.107393
-113.924,193.671,0.0492747,0.108602
-110.127,193.671,0.0493965,0.10984
-106.329,193.671,0.0495334,0.111143
-102.532,193.671,0.0496397,0.112248
-98.7342,193.671,0.049728,0.113337
-94.9367,193.671,0.0498062,0.11446
-91.1392,193.671,0.0498877,0.115634
-87.3418,193.671,0.049968,0.116823
-83.5443,193.671,0.0500468,0.118026
-79.7468,193.671,0.0500966,0.119326
-75.9494,193.671,0.0500752,0.120728
-72.1519,193.671,0.0500494,0.122155
-68.3544,193.671,0.0500223,0.123527
-64.557,193.671,0.049996,0.124827
-60.7595,193.671,0.0499544,0.126121
-56.962,193.671,0.0499023,0.12726
-53.1646,193.671,0.0498684,0.128304
-49.3671,193.671,0.0498295,0.129361
-45.5696,193.671,0.0497922,0.130333
-41.7722,193.671,0.0497604,0.131218
-37.9747,193.671,0.0496764,0.132001
-34.1772,193.671,0.0495851,0.132833
-30.3797,193.671,0.0494811,0.133615
-26.5823,193.671,0.049365,0.134353
-22.7848,193.671,0.0492416,0.135097
-18.9873,193.671,0.049111,0.135847
-15.1899,193.671,0.0489731,0.136602
-11.3924,193.671,0.0487114,0.137439
-7.59494,193.671,0.0484497,0.138278
-3.79747,193.671,0.0481785,0.139124
0,193.671,0.0478979,0.139977
-300,197.468,0.0392654,0.0614278
-296.203,197.468,0.0395946,0.062439
-292.405,197.468,0.0399186,0.0634353
-288.608,197.468,0.0402218,0.0643917
-284.81,197.468,0.0404868,0.0653022
-281.013,197.468,0.0407659,0.0662547
-277.215,197.468,0.0410322,0.0671762
-273.418,197.468,0.041232,0.0679002
-269.62,197.468,0.0414176,0.0685784
-265.823,197.468,0.0415967,0.069249
-262.025,197.468,0.0418544,0.0701976
-258.228,197.468,0.0420565,0.0710029
-254.43,197.468,0.0422416,0.0717615
-250.633,197.468,0.042428,0.0726646
-246.835,197.468,0.0425834,0.0734492
-243.038,197.468,0.0427739,0.0743559
-239.241,197.468,0.0430218,0.0754976
-235.443,197.468,0.0432716,0.0766424
-231.646,197.468,0.0435598,0.0779309
-227.848,197.468,0.0438649,0.0792689
-224.051,197.468,0.0441686,0.0805939
-220.253,197.468,0.0444298,0.0817236
-216.456,197.468,0.0446967,0.0829286
-212.658,197.468,0.0449462,0.0840339
-208.861,197.468,0.0451575,0.0849412
-205.063,197.468,0.0453275,0.0857104
-201.266,197.468,0.0454791,0.0864738
-197.468,197.468,0.0456294,0.0872258
-193.671,197.468,0.0457784,0.0879665
-189.873,197.468,0.0459276,0.0887014
-186.076,197.468,0.046139,0.0896539
-182.278,197.468,0.0463607,0.0907021
-178.481,197.468,0.0465795,0.0917675
-174.684,197.468,0.046795,0.0928157
-170.886,197.468,0.0470071,0.0938467
-167.089,197.468,0.047216,0.0948604
-163.291,197.468,0.0474525,0.0959848
-159.494,197.468,0.0476956,0.09714
-155.696,197.468,0.0479148,0.098231
-151.899,197.468,0.0481191,0.0992736
-148.101,197.468,0.0483316,0.100333
-144.304,197.468,0.0485546,0.101395
-140.506,197.468,0.0488081,0.102706
-136.709,197.468,0.048964,0.103659
-132.911,197.468,0.0491046,0.104556
-129.114,197.468,0.0492283,0.105394
-125.316,197.468,0.0493605,0.106314
-121.519,197.468,0.0495003,0.107395
-117.722,197.468,0.049627,0.108629
-113.924,197.468,0.0497444,0.109904
-110.127,197.468,0.0498395,0.111139
-106.329,197.468,0.0499393,0.112371
-102.532,197.468,0.0500502,0.113563
-98.7342,197.468,0.0501659,0.114666
-94.9367,197.468,0.0502605,0.115836
-91.1392,197.468,0.0503442,0.117048
-87.3418,197.468,0.0504215,0.118248
-83.5443,197.468,0.050447,0.119317
-79.7468,197.468,0.0504655,0.120435
-75.9494,197.468,0.0504489,0.12187
-72.1519,197.468,0.0504279,0.123328
-68.3544,197.468,0.0504052,0.124742
-64.557,197.468,0.0503823,0.126075
-60.7595,197.468,0.0503608,0.127371
-56.962,197.468,0.0503147,0.128444
-53.1646,197.468,0.0502636,0.129531
-49.3671,197.468,0.0502306,0.130585
-45.5696,197.468,0.050183,0.131435
-41.7722,197.468,0.050093,0.132194
-37.9747,197.468,0.0500033,0.133001
-34.1772,197.468,0.0499307,0.133718
-30.3797,197.468,0.0498402,0.134453
-26.5823,197.468,0.0497297,0.135205
-22.7848,197.468,0.0496118,0.135963
-18.9873,197.468,0.0494867,0.136725
-15.1899,197.468,0.0493544,0.137494
-11.3924,197.468,0.0490961,0.138345
-7.59494,197.468,0.0488111,0.139215
-3.79747,197.468,0.0485449,0.140075
0,197.468,0.0482692,0.140942
-300,201.266,0.0399259,0.0632081
-296.203,201.266,0.0402325,0.0641583
-292.405,201.266,0.0405256,0.065077
-288.608,201.266,0.040798,0.0659868
-284.81,201.266,0.0410579,0.0668912
-281.013,201.266,0.0413115,0.0677873
-277.215,201.266,0.0415153,0.06853
-273.418,201.266,0.0416993,0.0692083
-269.62,201.266,0.0418803,0.0698659
-265.823,201.266,0.0421561,0.0708709
-262.025,201.266,0.0423687,0.0717118
-258.228,201.266,0.0425612,0.0725164
-254.43,201.266,0.0427542,0.0733304
-250.633,201.266,0.0429308,0.0741789
-246.835,201.266,0.0431035,0.0750275
-243.038,201.266,0.0433471,0.0761599
-239.241,201.266,0.0435983,0.0773306
-235.443,201.266,0.04388,0.0786044
-231.646,201.266,0.0441533,0.0798355
-227.848,201.266,0.0444222,0.0810447
-224.051,201.266,0.0446635,0.0821439
-220.253,201.266,0.0448888,0.0831572
-216.456,201.266,0.0451226,0.084224
-212.658,201.266,0.045335,0.0851458
-208.861,201.266,0.0455183,0.085948
-205.063,201.266,0.0456899,0.0867334
-201.266,201.266,0.045861,0.0875532
-197.468,201.266,0.0460149,0.0883181
-193.671,201.266,0.0461693,0.0890787
-189.873,201.266,0.0463825,0.0900432
-186.076,201.266,0.0466099,0.0910638
-182.278,201.266,0.0468349,0.0921582
-178.481,201.266,0.0470566,0.0932354
-174.684,201.266,0.047275,0.0942954
-170.886,201.266,0.0474981,0.095371
-167.089,201.266,0.0477532,0.0965753
-163.291,201.266,0.0480066,0.0977688
-159.494,201.266,0.0482404,0.0988972
-155.696,201.266,0.0484679,0.100013
-151.899,201.266,0.0486652,0.101024
-148.101,201.266,0.0488907,0.102123
-144.304,201.266,0.0491368,0.103266
-140.506,201.266,0.0492751,0.104029
-136.709,201.266,0.0494031,0.104881
-132.911,201.266,0.049533,0.105739
-129.114,201.266,0.0496649,0.106604
-125.316,201.266,0.0498058,0.107579
-121.519,201.266,0.0499587,0.108743
-117.722,201.266,0.0501053,0.109972
-113.924,201.266,0.0501956,0.111184
-110.127,201.266,0.0502799,0.112409
-106.329,201.266,0.0503606,0.113645
-102.532,201.266,0.0504753,0.114923
-98.7342,201.266,0.0505989,0.116066
-94.9367,201.266,0.0507227,0.117238
-91.1392,201.266,0.0507509,0.118316
-87.3418,201.266,0.0507842,0.119408
-83.5443,201.266,0.0508144,0.12051
-79.7468,201.266,0.0508415,0.121623
-75.9494,201.266,0.0508348,0.12304
-72.1519,201.266,0.0508185,0.12453
-68.3544,201.266,0.0508002,0.125986
-64.557,201.266,0.0507822,0.127348
-60.7595,201.266,0.0507602,0.128587
-56.962,201.266,0.0507396,0.129652
-53.1646,201.266,0.0506937,0.130763
-49.3671,201.266,0.0506071,0.131626
-45.5696,201.266,0.0505279,0.132385
-41.7722,201.266,0.0504371,0.133131
-37.9747,201.266,0.0503369,0.133852
-34.1772,201.266,0.0502475,0.13458
-30.3797,201.266,0.0501707,0.13532
-26.5823,201.266,0.0500966,0.13606
-22.7848,201.266,0.0499862,0.136829
-18.9873,201.266,0.0498666,0.137605
-15.1899,201.266,0.0497398,0.138386
-11.3924,201.266,0.0494921,0.139248
-7.59494,201.266,0.0492019,0.140138
-3.79747,201.266,0.0489164,0.141026
0,201.266,0.0486457,0.141907
-300,205.063,0.0404678,0.0646603
-296.203,205.063,0.0407641,0.0655999
-292.405,205.063,0.0410626,0.0665506
-288.608,205.063,0.0413355,0.0674785
-284.81,205.063,0.0415767,0.0683365
-281.013,205.063,0.0417748,0.0690697
-277.215,205.063,0.0419571,0.069739
-273.418,205.063,0.0421462,0.0704157
-269.62,205.063,0.042432,0.0714477
-265.823,205.063,0.0426637,0.0723478
-262.025,205.063,0.0428695,0.0732171
-258.228,205.063,0.0430753,0.0740911
-254.43,205.063,0.0432906,0.0749921
-250.633,205.063,0.0434692,0.0758278
-246.835,205.063,0.0436724,0.0768111
-243.038,205.063,0.0439171,0.0779371
-239.241,205.063,0.0441559,0.0790646
-235.443,205.063,0.0444191,0.0802843
-231.646,205.063,0.0446853,0.081512
-227.848,205.063,0.0448995,0.0825516
-224.051,205.063,0.0451182,0.0835596
-220.253,205.063,0.0453447,0.0845762
-216.456,205.063,0.0455557,0.0855038
-212.658,205.063,0.0457237,0.0862446
-208.861,205.063,0.045885,0.0869651
-205.063,205.063,0.0460551,0.0877652
-201.266,205.063,0.0462284,0.088594
-197.468,205.063,0.0463996,0.0894112
-193.671,205.063,0.046624,0.0904134
-189.873,205.063,0.0468576,0.0914611
-186.076,205.063,0.0470883,0.0925295
-182.278,205.063,0.0473163,0.0936358
-178.481,205.063,0.0475409,0.0947248
-174.684,205.063,0.0477932,0.0959241
-170.886,205.063,0.0480493,0.0971411
-167.089,205.063,0.0482947,0.0983201
-163.291,205.063,0.0485348,0.0994771
-159.494,205.063,0.0487586,0.100566
-155.696,205.063,0.0489726,0.101613
-151.899,205.063,0.0492201,0.102797
-148.101,205.063,0.0494142,0.10378
-144.304,205.063,0.0495535,0.104519
-140.506,205.063,0.0496951,0.105258
-136.709,205.063,0.0498352,0.106072
-132.911,205.063,0.0499738,0.10696
-129.114,205.063,0.0501144,0.107854
-125.316,205.063,0.0502632,0.108881
-121.519,205.063,0.0504149,0.110069
-117.722,205.063,0.0505355,0.111217
-113.924,205.063,0.0506438,0.112461
-110.127,205.063,0.0507357,0.113726
-106.329,205.063,0.0508237,0.115004
-102.532,205.063,0.0509079,0.116281
-98.7342,205.063,0.0509817,0.117323
-94.9367,205.063,0.0510636,0.118384
-91.1392,205.063,0.0511251,0.119475
-87.3418,205.063,0.0511589,0.120599
-83.5443,205.063,0.0511937,0.121734
-79.7468,205.063,0.0512255,0.12288
-75.9494,205.063,0.0512328,0.124241
-72.1519,205.063,0.0512213,0.125762
-68.3544,205.063,0.0512074,0.127259
-64.557,205.063,0.0511942,0.128643
-60.7595,205.063,0.0511774,0.129788
-56.962,205.063,0.0511504,0.130881
-53.1646,205.063,0.0510676,0.131765
-49.3671,205.063,0.0509618,0.132509
-45.5696,205.063,0.0508654,0.133245
-41.7722,205.063,0.0507762,0.133975
-37.9747,205.063,0.0506804,0.134709
-34.1772,205.063,0.0505861,0.135449
-30.3797,205.063,0.0505079,0.136199
-26.5823,205.063,0.0504234,0.136954
-22.7848,205.063,0.0503412,0.137715
-18.9873,205.063,0.0502507,0.138485
-15.1899,205.063,0.0501294,0.13928
-11.3924,205.063,0.0498919,0.140152
-7.59494,205.063,0.0496076,0.141055
-3.79747,205.063,0.0493124,0.141966
0,205.063,0.0490271,0.142872
-300,208.861,0.040995,0.0661073
-296.203,208.861,0.0412939,0.0670507
-292.405,208.861,0.041594,0.068006
-288.608,208.861,0.0418333,0.0688578
-284.81,208.861,0.0420395,0.069619
-281.013,208.861,0.0422333,0.0703271
-277.215,208.861,0.0424323,0.0710429
-273.418,208.861,0.0427048,0.072007
-269.62,208.861,0.042986,0.0730919
-265.823,208.861,0.0432,0.0739964
-262.025,208.861,0.0433855,0.0748088
-258.228,208.861,0.0435833,0.0756631
-254.43,208.861,0.0437858,0.0765132
-250.633,208.861,0.0439848,0.0774109
-246.835,208.861,0.0442101,0.0784657
-243.038,208.861,0.0444624,0.0796205
-239.241,208.861,0.0447006,0.080744
-235.443,208.861,0.0449369,0.0818757
-231.646,208.861,0.0451417,0.0829144
-227.848,208.861,0.0453698,0.0840223
-224.051,208.861,0.0455801,0.0849934
-220.253,208.861,0.0458076,0.0860091
-216.456,208.861,0.0459756,0.0867223
-212.658,208.861,0.0461288,0.0873993
-208.861,208.861,0.0462822,0.0880817
-205.063,208.861,0.0464494,0.0888879
-201.266,208.861,0.0466187,0.0897066
-197.468,208.861,0.046834,0.0906844
-193.671,208.861,0.0470825,0.0917855
-189.873,208.861,0.0473247,0.0928601
-186.076,208.861,0.0475615,0.0939822
-182.278,208.861,0.0478043,0.09515
-178.481,208.861,0.0480689,0.0964077
-174.684,208.861,0.048328,0.0976435
-170.886,208.861,0.0485817,0.0988571
-167.089,208.861,0.0487995,0.0999312
-163.291,208.861,0.0490078,0.100967
-159.494,208.861,0.0492188,0.102012
-155.696,208.861,0.0494733,0.103218
-151.899,208.861,0.0496633,0.104174
-148.101,208.861,0.0498238,0.105009
-144.304,208.861,0.0499754,0.105789
-140.506,208.861,0.0501256,0.106559
-136.709,208.861,0.0502781,0.10733
-132.911,208.861,0.0504268,0.108218
-129.114,208.861,0.0505628,0.109107
-125.316,208.861,0.0507037,0.110168
-121.519,208.861,0.0508507,0.111322
-117.722,208.861,0.0509802,0.112524
-113.924,208.861,0.0510971,0.113793
-110.127,208.861,0.0511947,0.115056
-106.329,208.861,0.0512344,0.116215
-102.532,208.861,0.051269,0.117381
-98.7342,208.861,0.0513254,0.118471
-94.9367,208.861,0.0514126,0.119564
-91.1392,208.861,0.0514911,0.120675
-87.3418,208.861,0.0515455,0.121822
-83.5443,208.861,0.051585,0.12299
-79.7468,208.861,0.0516214,0.124169
-75.9494,208.861,0.0516429,0.125471
-72.1519,208.861,0.0516362,0.127024
-68.3544,208.861,0.0516267,0.128561
-64.557,208.861,0.0516188,0.129838
-60.7595,208.861,0.0515645,0.130897
-56.962,208.861,0.051488,0.131908
-53.1646,208.861,0.0514065,0.132569
-49.3671,208.861,0.0513117,0.133307
-45.5696,208.861,0.0512042,0.134078
-41.7722,208.861,0.0511194,0.134821
-37.9747,208.861,0.0510279,0.135569
-34.1772,208.861,0.0509298,0.136321
-30.3797,208.861,0.0508546,0.137085
-26.5823,208.861,0.0507751,0.137853
-22.7848,208.861,0.0506891,0.138626
-18.9873,208.861,0.0505967,0.139404
-15.1899,208.861,0.0505093,0.140186
-11.3924,208.861,0.0502955,0.141057
-7.59494,208.861,0.0500171,0.141973
-3.79747,208.861,0.0497278,0.142897
0,208.861,0.0494276,0.143829
-300,212.658,0.0414797,0.0674642
-296.203,212.658,0.0417756,0.0684015
-292.405,212.658,0.042073,0.0693615
-288.608,212.658,0.0423086,0.0701971
-284.81,212.658,0.0425072,0.0709179
-281.013,212.658,0.0427207,0.071684
-277.215,212.658,0.0429766,0.0726151
-273.418,212.658,0.0432698,0.0737207
-269.62,212.658,0.0434618,0.0745571
-265.823,212.658,0.0436497,0.0753791
-262.025,212.658,0.0438539,0.0762551
-258.228,212.658,0.0441105,0.0773005
-254.43,212.658,0.0443304,0.0782106
-250.633,212.658,0.0445412,0.0791282
-246.835,212.658,0.0447621,0.0801654
-243.038,212.658,0.0450129,0.0813129
-239.241,212.658,0.045192,0.0822437
-235.443,212.658,0.0453916,0.0832664
-231.646,212.658,0.0456313,0.084444
-227.848,212.658,0.0458489,0.0854773
-224.051,212.658,0.0460562,0.0864475
-220.253,212.658,0.0462455,0.0872967
-216.456,212.658,0.0463932,0.08793
-212.658,212.658,0.0465426,0.0885779
-208.861,212.658,0.0467011,0.0893178
-205.063,212.658,0.0468587,0.0900657
-201.266,212.658,0.0470671,0.0910181
-197.468,212.658,0.0472974,0.0920689
-193.671,212.658,0.0475432,0.0931638
-189.873,212.658,0.0477822,0.0942413
-186.076,212.658,0.0480488,0.0955129
-182.278,212.658,0.0483146,0.0967818
-178.481,212.658,0.0485744,0.0980266
-174.684,212.658,0.0488022,0.0991434
-170.886,212.658,0.0490159,0.100203
-167.089,212.658,0.0492331,0.101275
-163.291,212.658,0.0494622,0.102391
-159.494,212.658,0.0497085,0.103568
-155.696,212.658,0.0498832,0.104466
-151.899,212.658,0.0500538,0.105347
-148.101,212.658,0.0502205,0.106209
-144.304,212.658,0.050386,0.107035
-140.506,212.658,0.0505473,0.107843
-136.709,212.658,0.0507044,0.108635
-132.911,212.658,0.0508568,0.109421
-129.114,212.658,0.0509983,0.110332
-125.316,212.658,0.0511555,0.111512
-121.519,212.658,0.051301,0.112639
-117.722,212.658,0.0514191,0.113835
-113.924,212.658,0.0514944,0.114961
-110.127,212.658,0.0515563,0.116138
-106.329,212.658,0.0516092,0.117326
-102.532,212.658,0.0516492,0.118527
-98.7342,212.658,0.0516891,0.119662
-94.9367,212.658,0.0517721,0.120776
-91.1392,212.658,0.0518621,0.121911
-87.3418,212.658,0.0519296,0.123084
-83.5443,212.658,0.0519843,0.124263
-79.7468,212.658,0.0520222,0.125464
-75.9494,212.658,0.0520531,0.126718
-72.1519,212.658,0.0520482,0.1283
-68.3544,212.658,0.0520189,0.129799
-64.557,212.658,0.0519586,0.130825
-60.7595,212.658,0.0518792,0.131761
-56.962,212.658,0.0517937,0.132593
-53.1646,212.658,0.0517054,0.133396
-49.3671,212.658,0.0516223,0.134129
-45.5696,212.658,0.051531,0.134874
-41.7722,212.658,0.051443,0.135655
-37.9747,212.658,0.0513576,0.136417
-34.1772,212.658,0.051266,0.137184
-30.3797,212.658,0.0511841,0.13796
-26.5823,212.658,0.0511135,0.138745
-22.7848,212.658,0.0510371,0.139535
-18.9873,212.658,0.050955,0.14033
-15.1899,212.658,0.0508671,0.141129
-11.3924,212.658,0.0506669,0.141997
-7.59494,212.658,0.0504264,0.142895
-3.79747,212.658,0.0501469,0.143829
0,212.658,0.0498526,0.144774
-300,216.456,0.0419764,0.0688628
-296.203,216.456,0.0422853,0.0698446
-292.405,216.456,0.0425557,0.0707204
-288.608,216.456,0.0427431,0.0714121
-284.81,216.456,0.0429379,0.0721407
-281.013,216.456,0.0431693,0.0729895
-277.215,216.456,0.0434696,0.0740954
-273.418,216.456,0.043683,0.0749982
-269.62,216.456,0.0438738,0.0758321
-265.823,216.456,0.0440722,0.0766911
-262.025,216.456,0.0443772,0.0779176
-258.228,216.456,0.0446012,0.0788427
-254.43,216.456,0.04482,0.0797501
-250.633,216.456,0.0450355,0.0806486
-246.835,216.456,0.0452334,0.0816071
-243.038,216.456,0.0454131,0.0825239
-239.241,216.456,0.0456103,0.0835291
-235.443,216.456,0.0458307,0.0846324
-231.646,216.456,0.0460687,0.0857926
-227.848,216.456,0.0462823,0.0867879
-224.051,216.456,0.0464838,0.08772
-220.253,216.456,0.0466321,0.0883778
-216.456,216.456,0.0467767,0.0890206
-212.658,216.456,0.0469239,0.0896828
-208.861,216.456,0.0470827,0.0904335
-205.063,216.456,0.0472805,0.091327
-201.266,216.456,0.0474955,0.0922944
-197.468,216.456,0.0477206,0.0933238
-193.671,216.456,0.0479772,0.0944705
-189.873,216.456,0.0482589,0.0957498
-186.076,216.456,0.0485352,0.0970607
-182.278,216.456,0.048776,0.0982294
-178.481,216.456,0.0490053,0.0993517
-174.684,216.456,0.0492291,0.100452
-170.886,216.456,0.049454,0.101556
-167.089,216.456,0.0497104,0.102777
-163.291,216.456,0.0499151,0.103794
-159.494,216.456,0.0501004,0.104735
-155.696,216.456,0.0502816,0.10566
-151.899,216.456,0.0504586,0.106567
-148.101,216.456,0.0506316,0.107457
-144.304,216.456,0.0508035,0.108308
-140.506,216.456,0.0509714,0.109142
-136.709,216.456,0.0511351,0.109959
-132.911,216.456,0.0512984,0.110782
-129.114,216.456,0.0514628,0.111698
-125.316,216.456,0.0515864,0.112748
-121.519,216.456,0.0516839,0.113778
-117.722,216.456,0.0517739,0.11491
-113.924,216.456,0.0518592,0.116048
-110.127,216.456,0.0519281,0.117254
-106.329,216.456,0.0519908,0.118474
-102.532,216.456,0.0520369,0.119696
-98.7342,216.456,0.0520743,0.120882
-94.9367,216.456,0.0521278,0.121971
-91.1392,216.456,0.052218,0.123121
-87.3418,216.456,0.0522939,0.1243
-83.5443,216.456,0.0523588,0.125504
-79.7468,216.456,0.0524171,0.126727
-75.9494,216.456,0.0524485,0.127956
-72.1519,216.456,0.0523959,0.129433
-68.3544,216.456,0.0523241,0.130625
-64.557,216.456,0.052253,0.13157
-60.7595,216.456,0.0521758,0.132489
-56.962,216.456,0.0520913,0.133331
-53.1646,216.456,0.0520009,0.134179
-49.3671,216.456,0.0519159,0.134956
-45.5696,216.456,0.0518298,0.135707
-41.7722,216.456,0.0517661,0.136438
-37.9747,216.456,0.0516726,0.137245
-34.1772,216.456,0.0515813,0.138034
-30.3797,216.456,0.0514872,0.138819
-26.5823,216.456,0.0514157,0.139616
-22.7848,216.456,0.0513434,0.140419
-18.9873,216.456,0.0512653,0.141227
-15.1899,216.456,0.0511814,0.14204
-11.3924,216.456,0.0509947,0.142922
-7.59494,216.456,0.0507519,0.143841
-3.79747,216.456,0.0505024,0.144766
0,216.456,0.0502483,0.1457
-300,220.253,0.0424448,0.0701924
-296.203,220.253,0.0427407,0.0711308
-292.405,220.253,0.0429708,0.0718977
-288.608,220.253,0.0431598,0.0726071
-284.81,220.253,0.0433741,0.0733988
-281.013,220.253,0.0436619,0.0744635
-277.215,220.253,0.0439106,0.0754568
-273.418,220.253,0.0441056,0.0763082
-269.62,220.253,0.0443086,0.0771893
-265.823,220.253,0.0446164,0.0784224
-262.025,220.253,0.0448792,0.0794959
-258.228,220.253,0.0451,0.0804103
-254.43,220.253,0.0453177,0.0813149
-250.633,220.253,0.0454775,0.0820352
-246.835,220.253,0.0456213,0.0827736
-243.038,220.253,0.0458288,0.0837992
-239.241,220.253,0.0460599,0.0849335
-235.443,220.253,0.0462821,0.0860416
-231.646,220.253,0.0464953,0.0870779
-227.848,220.253,0.0467105,0.0880776
-224.051,220.253,0.0468682,0.0887905
-220.253,220.253,0.0470173,0.0894498
-216.456,220.253,0.0471655,0.0901194
-212.658,220.253,0.0473147,0.0908281
-208.861,220.253,0.0475049,0.0916931
-205.063,220.253,0.047725,0.0926813
-201.266,220.253,0.0479453,0.0936706
-197.468,220.253,0.0481989,0.0947958
-193.671,220.253,0.0484682,0.0960017
-189.873,220.253,0.0487209,0.0971891
-186.076,220.253,0.0489658,0.098374
-182.278,220.253,0.0492051,0.099537
-178.481,220.253,0.0494391,0.100678
-174.684,220.253,0.0496882,0.101875
-170.886,220.253,0.0499188,0.102997
-167.089,220.253,0.0501189,0.103998
-163.291,220.253,0.0503148,0.104983
-159.494,220.253,0.0505066,0.10595
-155.696,220.253,0.0506943,0.1069
-151.899,220.253,0.0508779,0.107833
-148.101,220.253,0.0510574,0.108749
-144.304,220.253,0.0512354,0.109629
-140.506,220.253,0.0514098,0.110488
-136.709,220.253,0.0515887,0.111384
-132.911,220.253,0.0517256,0.112148
-129.114,220.253,0.0518488,0.112924
-125.316,220.253,0.0519429,0.113771
-121.519,220.253,0.0520431,0.114854
-117.722,220.253,0.052139,0.116021
-113.924,220.253,0.0522258,0.117178
-110.127,220.253,0.0522987,0.118364
-106.329,220.253,0.0523602,0.119595
-102.532,220.253,0.0524172,0.120834
-98.7342,220.253,0.0524566,0.122086
-94.9367,220.253,0.0525037,0.123173
-91.1392,220.253,0.0525796,0.124347
-87.3418,220.253,0.0526682,0.125544
-83.5443,220.253,0.0527377,0.126778
-79.7468,220.253,0.0527602,0.127907
-75.9494,220.253,0.0527495,0.128947
-72.1519,220.253,0.0526907,0.130223
-68.3544,220.253,0.0526212,0.131345
-64.557,220.253,0.0525522,0.132329
-60.7595,220.253,0.0524761,0.133207
-56.962,220.253,0.052394,0.134062
-53.1646,220.253,0.0523059,0.134925
-49.3671,220.253,0.052214,0.135779
-45.5696,220.253,0.0521302,0.136545
-41.7722,220.253,0.052057,0.1373
-37.9747,220.253,0.0520035,0.138037
-34.1772,220.253,0.0519096,0.138856
-30.3797,220.253,0.0518084,0.139683
-26.5823,220.253,0.051719,0.140488
-22.7848,220.253,0.0516506,0.141305
-18.9873,220.253,0.0515765,0.142126
-15.1899,220.253,0.0514967,0.142952
-11.3924,220.253,0.0513172,0.143845
-7.59494,220.253,0.0510788,0.144777
-3.79747,220.253,0.050831,0.145717
0,220.253,0.0505739,0.146664
-300,224.051,0.0429084,0.0715214
-296.203,224.051,0.0431814,0.0723659
-292.405,224.051,0.0433888,0.0730907
-288.608,224.051,0.0435844,0.0738234
-284.81,224.051,0.0438579,0.0748463
-281.013,224.051,0.04415,0.0759558
-277.215,224.051,0.0443512,0.0768326
-273.418,224.051,0.0445555,0.0777176
-269.62,224.051,0.044862,0.0789448
-265.823,224.051,0.0451645,0.0801701
-262.025,224.051,0.0453872,0.0810915
-258.228,224.051,0.045595,0.0819651
-254.43,224.051,0.0457357,0.0826248
-250.633,224.051,0.045875,0.0832801
-246.835,224.051,0.046046,0.0840723
-243.038,224.051,0.046285,0.0852216
-239.241,224.051,0.0465196,0.0863625
-235.443,224.051,0.0467436,0.0874754
-231.646,224.051,0.0469462,0.0884453
-227.848,224.051,0.047113,0.0892322
-224.051,224.051,0.0472621,0.089886
-220.253,224.051,0.0474139,0.0905583
-216.456,224.051,0.0475678,0.0912848
-212.658,224.051,0.0477549,0.0921287
-208.861,224.051,0.0479637,0.0930636
-205.063,224.051,0.0482098,0.0941844
-201.266,224.051,0.0484681,0.0953377
-197.468,224.051,0.0486925,0.0963492
-193.671,224.051,0.0489138,0.0973469
-189.873,224.051,0.0491523,0.0984955
-186.076,224.051,0.0494018,0.0996992
-182.278,224.051,0.049667,0.10096
-178.481,224.051,0.0498953,0.102077
-174.684,224.051,0.0501093,0.103135
-170.886,224.051,0.05032,0.10418
-167.089,224.051,0.0505265,0.105208
-163.291,224.051,0.0507289,0.106218
-159.494,224.051,0.0509273,0.107211
-155.696,224.051,0.0511215,0.108187
-151.899,224.051,0.0513115,0.109146
-148.101,224.051,0.0514975,0.110088
-144.304,224.051,0.0516799,0.111007
-140.506,224.051,0.0518219,0.111795
-136.709,224.051,0.0519593,0.112567
-132.911,224.051,0.0520918,0.113322
-129.114,224.051,0.0522084,0.11407
-125.316,224.051,0.0523133,0.114849
-121.519,224.051,0.0524039,0.115935
-117.722,224.051,0.0524969,0.117106
-113.924,224.051,0.0525857,0.118284
-110.127,224.051,0.0526696,0.119472
-106.329,224.051,0.0527362,0.120736
-102.532,224.051,0.0527983,0.122008
-98.7342,224.051,0.0528559,0.123289
-94.9367,224.051,0.0529006,0.124437
-91.1392,224.051,0.0529575,0.125592
-87.3418,224.051,0.0530034,0.126713
-83.5443,224.051,0.0530169,0.127747
-79.7468,224.051,0.0530205,0.128795
-75.9494,224.051,0.0530287,0.129852
-72.1519,224.051,0.0529909,0.130908
-68.3544,224.051,0.0529227,0.132095
-64.557,224.051,0.0528551,0.133054
-60.7595,224.051,0.0527813,0.133918
-56.962,224.051,0.0527016,0.134788
-53.1646,224.051,0.052616,0.135665
-49.3671,224.051,0.0525244,0.136548
-45.5696,224.051,0.0524351,0.137381
-41.7722,224.051,0.0523509,0.138162
-37.9747,224.051,0.0523005,0.138912
-34.1772,224.051,0.052245,0.139666
-30.3797,224.051,0.0521513,0.140497
-26.5823,224.051,0.0520461,0.141346
-22.7848,224.051,0.0519589,0.142192
-18.9873,224.051,0.0518888,0.143026
-15.1899,224.051,0.0518129,0.143866
-11.3924,224.051,0.0516403,0.14477
-7.59494,224.051,0.0514063,0.145715
-3.79747,224.051,0.0511629,0.146668
0,224.051,0.05091,0.147628
-300,227.848,0.0433508,0.0727622
-296.203,227.848,0.0436132,0.0735843
-292.405,227.848,0.0438188,0.0743262
-288.608,227.848,0.0440783,0.075304
-284.81,227.848,0.0443898,0.0764575
-281.013,227.848,0.0446033,0.0773753
-277.215,227.848,0.0448135,0.0782782
-273.418,227.848,0.045114,0.0794847
-269.62,227.848,0.0454501,0.0808388
-265.823,227.848,0.0456818,0.0817937
-262.025,227.848,0.0458595,0.0825722
-258.228,227.848,0.0460015,0.0832367
-254.43,227.848,0.046142,0.0838967
-250.633,227.848,0.0463163,0.0846895
-246.835,227.848,0.0465133,0.0855811
-243.038,227.848,0.0467515,0.0866696
-239.241,227.848,0.0469894,0.0878162
-235.443,227.848,0.0472148,0.0889306
-231.646,227.848,0.0474017,0.0898098
-227.848,227.848,0.047536,0.0904304
-224.051,227.848,0.0476779,0.0910547
-220.253,227.848,0.0478271,0.0917583
-216.456,227.848,0.0480172,0.0926151
-212.658,227.848,0.0482581,0.09368
-208.861,227.848,0.0484952,0.0947332
-205.063,227.848,0.0487103,0.0957151
-201.266,227.848,0.0489382,0.0967722
-197.468,227.848,0.049164,0.0978104
-193.671,227.848,0.0494036,0.0988772
-189.873,227.848,0.0496476,0.100025
-186.076,227.848,0.0498555,0.101076
-182.278,227.848,0.0500756,0.102162
-178.481,227.848,0.050297,0.103252
-174.684,227.848,0.0505183,0.10434
-170.886,227.848,0.0507355,0.10541
-167.089,227.848,0.0509485,0.106464
-163.291,227.848,0.0511575,0.1075
-159.494,227.848,0.0513623,0.108519
-155.696,227.848,0.051563,0.109521
-151.899,227.848,0.0517345,0.110427
-148.101,227.848,0.0518902,0.111308
-144.304,227.848,0.052042,0.112158
-140.506,227.848,0.0521894,0.112969
-136.709,227.848,0.052332,0.113763
-132.911,227.848,0.0524627,0.114488
-129.114,227.848,0.052569,0.115201
-125.316,227.848,0.0526699,0.115988
-121.519,227.848,0.0527622,0.117008
-117.722,227.848,0.0528606,0.11821
-113.924,227.848,0.0529546,0.119421
-110.127,227.848,0.0530444,0.120638
-106.329,227.848,0.0531215,0.121907
-102.532,227.848,0.0531888,0.123212
-98.7342,227.848,0.0532507,0.124525
-94.9367,227.848,0.0532721,0.125602
-91.1392,227.848,0.0532512,0.126549
-87.3418,227.848,0.0532591,0.127568
-83.5443,227.848,0.0532835,0.128615
-79.7468,227.848,0.0532899,0.12969
-75.9494,227.848,0.0532874,0.130689
-72.1519,227.848,0.0532859,0.13166
-68.3544,227.848,0.0532284,0.132873
-64.557,227.848,0.0531629,0.133745
-60.7595,227.848,0.0530915,0.134623
-56.962,227.848,0.0530142,0.135508
-53.1646,227.848,0.052931,0.136399
-49.3671,227.848,0.0528419,0.137296
-45.5696,227.848,0.0527468,0.138199
-41.7722,227.848,0.05266,0.139012
-37.9747,227.848,0.0526012,0.139787
-34.1772,227.848,0.0525489,0.140554
-30.3797,227.848,0.0524915,0.141323
-26.5823,227.848,0.0523976,0.142167
-22.7848,227.848,0.0522899,0.143034
-18.9873,227.848,0.052207,0.143914
-15.1899,227.848,0.0521302,0.144781
-11.3924,227.848,0.0519641,0.145697
-7.59494,227.848,0.0517344,0.146655
-3.79747,227.848,0.0514953,0.147621
0,227.848,0.0512469,0.148594
-300,231.646,0.0437526,0.0738683
-296.203,231.646,0.0440205,0.0747214
-292.405,231.646,0.0442871,0.0757193
-288.608,231.646,0.0446011,0.0768863
-284.81,231.646,0.044862,0.0779362
-281.013,231.646,0.0450818,0.0788695
-277.215,231.646,0.045373,0.0800446
-273.418,231.646,0.0457135,0.0814155
-269.62,231.646,0.0459835,0.0825171
-265.823,231.646,0.0461316,0.0832015
-262.025,231.646,0.0462749,0.0838707
-258.228,231.646,0.0464226,0.0845547
-254.43,231.646,0.0466004,0.085359
-250.633,231.646,0.0468005,0.0862629
-246.835,231.646,0.0469983,0.0871584
-243.038,231.646,0.0472232,0.0881618
-239.241,231.646,0.0474694,0.0892945
-235.443,231.646,0.0476852,0.0903464
-231.646,231.646,0.0478396,0.0910856
-227.848,231.646,0.0479756,0.0916805
-224.051,231.646,0.0481466,0.0924643
-220.253,231.646,0.0483519,0.093387
-216.456,231.646,0.0485627,0.0943324
-212.658,231.646,0.0487748,0.095288
-208.861,231.646,0.049,0.0962927
-205.063,231.646,0.0492292,0.0973114
-201.266,231.646,0.0494638,0.0983863
-197.468,231.646,0.0496674,0.0993513
-193.671,231.646,0.0498687,0.100306
-189.873,231.646,0.0500735,0.101292
-186.076,231.646,0.0502782,0.102307
-182.278,231.646,0.0504893,0.10337
-178.481,231.646,0.0507139,0.104477
-174.684,231.646,0.0509417,0.105591
-170.886,231.646,0.0511654,0.106687
-167.089,231.646,0.051385,0.107766
-163.291,231.646,0.0515981,0.108821
-159.494,231.646,0.0517652,0.109727
-155.696,231.646,0.0519311,0.110637
-151.899,231.646,0.0520974,0.111562
-148.101,231.646,0.052259,0.112471
-144.304,231.646,0.052416,0.113353
-140.506,231.646,0.0525686,0.114188
-136.709,231.646,0.0527035,0.114924
-132.911,231.646,0.0528182,0.115532
-129.114,231.646,0.0529302,0.116315
-125.316,231.646,0.0530344,0.117197
-121.519,231.646,0.0531319,0.118129
-117.722,231.646,0.0532333,0.119346
-113.924,231.646,0.0533326,0.120589
-110.127,231.646,0.0534277,0.121839
-106.329,231.646,0.0535056,0.123083
-102.532,231.646,0.0535328,0.124293
-98.7342,231.646,0.0535404,0.125427
-94.9367,231.646,0.0535486,0.126461
-91.1392,231.646,0.0535484,0.127421
-87.3418,231.646,0.0535305,0.128416
-83.5443,231.646,0.0535513,0.129494
-79.7468,231.646,0.0535621,0.130574
-75.9494,231.646,0.0535549,0.131578
-72.1519,231.646,0.0535475,0.132587
-68.3544,231.646,0.0535334,0.133544
-64.557,231.646,0.0534757,0.13443
-60.7595,231.646,0.0534067,0.135323
-56.962,231.646,0.0533318,0.136221
-53.1646,231.646,0.053251,0.137127
-49.3671,231.646,0.0531643,0.138038
-45.5696,231.646,0.0530716,0.138956
-41.7722,231.646,0.0529762,0.139858
-37.9747,231.646,0.0529055,0.140659
-34.1772,231.646,0.0528563,0.14144
-30.3797,231.646,0.0528021,0.142223
-26.5823,231.646,0.0527428,0.14301
-22.7848,231.646,0.0526486,0.143867
-18.9873,231.646,0.0525447,0.144753
-15.1899,231.646,0.0524646,0.145653
-11.3924,231.646,0.0522921,0.146615
-7.59494,231.646,0.0520631,0.147597
-3.79747,231.646,0.0518284,0.148576
0,231.646,0.0515843,0.149562
-300,235.443,0.0441484,0.0749633
-296.203,235.443,0.0444531,0.0759795
-292.405,235.443,0.0447592,0.077126
-288.608,235.443,0.0450595,0.078283
-284.81,235.443,0.0453111,0.0793222
-281.013,235.443,0.045612,0.0805262
-277.215,235.443,0.0459612,0.0819307
-273.418,235.443,0.0462563,0.0831422
-269.62,235.443,0.0464113,0.083853
-265.823,235.443,0.0465558,0.0845269
-262.025,235.443,0.0467135,0.0852436
-258.228,235.443,0.0468917,0.0860486
-254.43,235.443,0.0470949,0.0869648
-250.633,235.443,0.0472957,0.0878726
-246.835,235.443,0.0475103,0.0888317
-243.038,235.443,0.0477458,0.0898765
-239.241,235.443,0.0480158,0.0910499
-235.443,235.443,0.0482169,0.0919674
-231.646,235.443,0.0483833,0.0927299
-227.848,235.443,0.0485608,0.0935303
-224.051,235.443,0.0487437,0.0943677
-220.253,235.443,0.0489325,0.0952275
-216.456,235.443,0.0491168,0.0960744
-212.658,235.443,0.0493013,0.0969238
-208.861,235.443,0.0495007,0.0978317
-205.063,235.443,0.0496984,0.0987328
-201.266,235.443,0.0498983,0.0996533
-197.468,235.443,0.0501071,0.100639
-193.671,235.443,0.0503137,0.101614
-189.873,235.443,0.0505184,0.102607
-186.076,235.443,0.0507241,0.10364
-182.278,235.443,0.0509359,0.104686
-178.481,235.443,0.0511535,0.105775
-174.684,235.443,0.0513795,0.106888
-170.886,235.443,0.0515823,0.107924
-167.089,235.443,0.0517651,0.108892
-163.291,235.443,0.0519437,0.109847
-159.494,235.443,0.0521247,0.11083
-155.696,235.443,0.0523011,0.111796
-151.899,235.443,0.0524727,0.112745
-148.101,235.443,0.0526395,0.113678
-144.304,235.443,0.0527961,0.114563
-140.506,235.443,0.0529389,0.11533
-136.709,235.443,0.0530634,0.115976
-132.911,235.443,0.0531838,0.11665
-129.114,235.443,0.0533001,0.117496
-125.316,235.443,0.0534084,0.118446
-121.519,235.443,0.0535121,0.119391
-117.722,235.443,0.0536151,0.120514
-113.924,235.443,0.0536933,0.121727
-110.127,235.443,0.0537473,0.122862
-106.329,235.443,0.0537855,0.123941
-102.532,235.443,0.053807,0.125078
-98.7342,235.443,0.053818,0.12624
-94.9367,235.443,0.053828,0.127327
-91.1392,235.443,0.053839,0.128308
-87.3418,235.443,0.0538324,0.129316
-83.5443,235.443,0.0538241,0.130418
-79.7468,235.443,0.0538315,0.131459
-75.9494,235.443,0.0538269,0.132486
-72.1519,235.443,0.0538148,0.133462
-68.3544,235.443,0.0538027,0.134347
-64.557,235.443,0.0537911,0.135112
-60.7595,235.443,0.053727,0.136016
-56.962,235.443,0.0536545,0.136929
-53.1646,235.443,0.053576,0.137848
-49.3671,235.443,0.0534917,0.138774
-45.5696,235.443,0.0534014,0.139706
-41.7722,235.443,0.0533053,0.140645
-37.9747,235.443,0.0532135,0.14153
-34.1772,235.443,0.0531674,0.142325
-30.3797,235.443,0.0531163,0.143122
-26.5823,235.443,0.0530602,0.143922
-22.7848,235.443,0.052999,0.144725
-18.9873,235.443,0.0529041,0.145595
-15.1899,235.443,0.0528086,0.146502
-11.3924,235.443,0.0526422,0.147476
-7.59494,235.443,0.0524086,0.148495
-3.79747,235.443,0.0521652,0.149524
0,235.443,0.0519224,0.150532
-300,239.241,0.0445743,0.0761896
-296.203,239.241,0.0449307,0.0774018
-292.405,239.241,0.0452428,0.0785788
-288.608,239.241,0.0455198,0.0796999
-284.81,239.241,0.0458207,0.0809046
-281.013,239.241,0.0461558,0.0822514
-277.215,239.241,0.0464592,0.0835132
-273.418,239.241,0.0466228,0.0842557
-269.62,239.241,0.0467892,0.0850048
-265.823,239.241,0.0469607,0.0857702
-262.025,239.241,0.0471464,0.0866007
-258.228,239.241,0.0473588,0.0875516
-254.43,239.241,0.0475707,0.0885009
-250.633,239.241,0.0478084,0.0895471
-246.835,239.241,0.0480434,0.0905837
-243.038,239.241,0.0482782,0.0916228
-239.241,239.241,0.0485352,0.0927453
-235.443,239.241,0.0487513,0.0936649
-231.646,239.241,0.0489054,0.0943308
-227.848,239.241,0.049038,0.0949755
-224.051,239.241,0.0492102,0.0957722
-220.253,239.241,0.0493914,0.096607
-216.456,239.241,0.0495718,0.0974395
-212.658,239.241,0.0497516,0.0982697
-208.861,239.241,0.0499498,0.0991722
-205.063,239.241,0.0501524,0.100091
-201.266,239.241,0.0503533,0.101004
-197.468,239.241,0.0505628,0.101979
-193.671,239.241,0.0507746,0.102974
-189.873,239.241,0.0509844,0.103966
-186.076,239.241,0.0511938,0.105029
-182.278,239.241,0.0513891,0.106049
-178.481,239.241,0.0515647,0.106986
-174.684,239.241,0.0517429,0.107952
-170.886,239.241,0.0519282,0.10894
-167.089,239.241,0.0521239,0.109979
-163.291,239.241,0.052315,0.111002
-159.494,239.241,0.0525013,0.112009
-155.696,239.241,0.0526829,0.112999
-151.899,239.241,0.0528598,0.113972
-148.101,239.241,0.053019,0.114856
-144.304,239.241,0.0531693,0.115691
-140.506,239.241,0.0533033,0.116389
-136.709,239.241,0.0534331,0.117059
-132.911,239.241,0.0535591,0.117803
-129.114,239.241,0.0536784,0.118752
-125.316,239.241,0.0537761,0.119682
-121.519,239.241,0.0538546,0.120561
-117.722,239.241,0.0539091,0.121428
-113.924,239.241,0.0539635,0.122529
-110.127,239.241,0.0540115,0.123633
-106.329,239.241,0.0540534,0.12474
-102.532,239.241,0.0540848,0.125871
-98.7342,239.241,0.0540992,0.127062
-94.9367,239.241,0.0541126,0.128203
-91.1392,239.241,0.0541316,0.129229
-87.3418,239.241,0.0541445,0.130325
-83.5443,239.241,0.0541235,0.131355
-79.7468,239.241,0.0541041,0.13235
-75.9494,239.241,0.0541028,0.133398
-72.1519,239.241,0.0540894,0.134301
-68.3544,239.241,0.0540706,0.135204
-64.557,239.241,0.0540619,0.135977
-60.7595,239.241,0.0540488,0.136735
-56.962,239.241,0.0539821,0.137631
-53.1646,239.241,0.0539061,0.138564
-49.3671,239.241,0.0538241,0.139505
-45.5696,239.241,0.0537362,0.140451
-41.7722,239.241,0.0536425,0.141404
-37.9747,239.241,0.0535428,0.142363
-34.1772,239.241,0.0534822,0.143208
-30.3797,239.241,0.0534343,0.144019
-26.5823,239.241,0.0533813,0.144833
-22.7848,239.241,0.0533232,0.145649
-18.9873,239.241,0.0532601,0.146468
-15.1899,239.241,0.0531643,0.147353
-11.3924,239.241,0.052994,0.148335
-7.59494,239.241,0.0527651,0.149367
-3.79747,239.241,0.0525265,0.150407
0,239.241,0.052278,0.151456
-300,243.038,0.0450531,0.0776044
-296.203,243.038,0.0454175,0.0788497
-292.405,243.038,0.0457141,0.0800292
-288.608,243.038,0.0460331,0.0812917
-284.81,243.038,0.046357,0.0825904
-281.013,243.038,0.0466338,0.0837694
-277.215,243.038,0.0468418,0.0846785
-273.418,243.038,0.0470189,0.0854633
-269.62,243.038,0.0471934,0.0862396
-265.823,243.038,0.0473797,0.0870704
-262.025,243.038,0.0475967,0.0880392
-258.228,243.038,0.0478099,0.088994
-254.43,243.038,0.0480444,0.0900289
-250.633,243.038,0.0482856,0.0910883
-246.835,243.038,0.0485435,0.0922168
-243.038,243.038,0.0487954,0.0933125
-239.241,243.038,0.0489918,0.0941827
-235.443,243.038,0.0491271,0.0947672
-231.646,243.038,0.0492826,0.0954501
-227.848,243.038,0.0494854,0.0963184
-224.051,243.038,0.0496893,0.0972124
-220.253,243.038,0.0498754,0.0980655
-216.456,243.038,0.0500608,0.0989164
-212.658,243.038,0.0502456,0.0997649
-208.861,243.038,0.0504377,0.100643
-205.063,243.038,0.0506425,0.101571
-201.266,243.038,0.0508448,0.10249
-197.468,243.038,0.0510464,0.103411
-193.671,243.038,0.0512502,0.104384
-189.873,243.038,0.0514203,0.105247
-186.076,243.038,0.0515951,0.106191
-182.278,243.038,0.0517687,0.107147
-178.481,243.038,0.0519388,0.108089
-174.684,243.038,0.0521233,0.109103
-170.886,243.038,0.0523097,0.110121
-167.089,243.038,0.0525017,0.111155
-163.291,243.038,0.052698,0.112202
-159.494,243.038,0.0528896,0.113232
-155.696,243.038,0.0530705,0.114212
-151.899,243.038,0.0532387,0.115131
-148.101,243.038,0.0533948,0.115977
-144.304,243.038,0.0535383,0.116745
-140.506,243.038,0.0536774,0.11748
-136.709,243.038,0.053793,0.118134
-132.911,243.038,0.0538977,0.118883
-129.114,243.038,0.0539927,0.119808
-125.316,243.038,0.054061,0.120607
-121.519,243.038,0.0541228,0.121396
-117.722,243.038,0.0541763,0.122208
-113.924,243.038,0.0542275,0.123283
-110.127,243.038,0.0542791,0.124414
-106.329,243.038,0.0543245,0.125549
-102.532,243.038,0.0543636,0.126686
-98.7342,243.038,0.0543892,0.127908
-94.9367,243.038,0.05441,0.129158
-91.1392,243.038,0.0544306,0.130274
-87.3418,243.038,0.0544432,0.131346
-83.5443,243.038,0.054442,0.132299
-79.7468,243.038,0.0544052,0.133282
-75.9494,243.038,0.0543786,0.134217
-72.1519,243.038,0.0543677,0.13514
-68.3544,243.038,0.0543514,0.136063
-64.557,243.038,0.0543343,0.136857
-60.7595,243.038,0.0543244,0.137633
-56.962,243.038,0.0543059,0.13841
-53.1646,243.038,0.0542411,0.139274
-49.3671,243.038,0.0541615,0.140229
-45.5696,243.038,0.0540761,0.14119
-41.7722,243.038,0.0539847,0.142157
-37.9747,243.038,0.0538874,0.14313
-34.1772,243.038,0.0538007,0.144089
-30.3797,243.038,0.0537558,0.144914
-26.5823,243.038,0.053706,0.145742
-22.7848,243.038,0.0536511,0.146572
-18.9873,243.038,0.0535911,0.147405
-15.1899,243.038,0.0535261,0.148241
-11.3924,243.038,0.0533473,0.149194
-7.59494,243.038,0.0531232,0.150238
-3.79747,243.038,0.0528893,0.15129
0,243.038,0.0526456,0.15235
-300,246.835,0.0455492,0.0790699
-296.203,246.835,0.0459088,0.0803567
-292.405,246.835,0.0462443,0.0816742
-288.608,246.835,0.0465563,0.0829269
-284.81,246.835,0.0468307,0.0840934
-281.013,246.835,0.0470733,0.085138
-277.215,246.835,0.0472534,0.0859337
-273.418,246.835,0.0474309,0.0867208
-269.62,246.835,0.0476171,0.087549
-265.823,246.835,0.0478387,0.0885356
-262.025,246.835,0.0480569,0.0895081
-258.228,246.835,0.0482941,0.0905516
-254.43,246.835,0.0485572,0.0916985
-250.633,246.835,0.0488324,0.0928973
-246.835,246.835,0.0490393,0.0938235
-243.038,246.835,0.0492126,0.094581
-239.241,246.835,0.0493687,0.0952739
-235.443,246.835,0.0495066,0.0959005
-231.646,246.835,0.0497049,0.0967469
-227.848,246.835,0.0499232,0.0976807
-224.051,246.835,0.0501385,0.0986073
-220.253,246.835,0.050351,0.0995266
-216.456,246.835,0.0505606,0.100439
-212.658,246.835,0.050758,0.101323
-208.861,246.835,0.050947,0.102188
-205.063,246.835,0.0511462,0.103099
-201.266,246.835,0.0513168,0.10392
-197.468,246.835,0.0514836,0.104728
-193.671,246.835,0.051654,0.105572
-189.873,246.835,0.0518281,0.106452
-186.076,246.835,0.0520017,0.107374
-182.278,246.835,0.0521715,0.108321
-178.481,246.835,0.0523499,0.109331
-174.684,246.835,0.0525302,0.110348
-170.886,246.835,0.0527138,0.11138
-167.089,246.835,0.0529019,0.112408
-163.291,246.835,0.0530929,0.113445
-159.494,246.835,0.053278,0.114433
-155.696,246.835,0.0534551,0.115387
-151.899,246.835,0.053598,0.116193
-148.101,246.835,0.0537322,0.116963
-144.304,246.835,0.0538599,0.117713
-140.506,246.835,0.0539811,0.118439
-136.709,246.835,0.0540886,0.119066
-132.911,246.835,0.0541741,0.119741
-129.114,246.835,0.0542526,0.120577
-125.316,246.835,0.0543246,0.121403
-121.519,246.835,0.0543899,0.122218
-117.722,246.835,0.0544487,0.123022
-113.924,246.835,0.0545,0.124062
-110.127,246.835,0.0545563,0.125225
-106.329,246.835,0.0546077,0.126394
-102.532,246.835,0.0546537,0.127587
-98.7342,246.835,0.054689,0.128869
-94.9367,246.835,0.0547112,0.130192
-91.1392,246.835,0.0547339,0.131326
-87.3418,246.835,0.0547416,0.132298
-83.5443,246.835,0.0547438,0.133271
-79.7468,246.835,0.0547291,0.134213
-75.9494,246.835,0.0546819,0.135065
-72.1519,246.835,0.0546497,0.13598
-68.3544,246.835,0.0546358,0.136923
-64.557,246.835,0.0546187,0.137739
-60.7595,246.835,0.0546025,0.138532
-56.962,246.835,0.0545902,0.139325
-53.1646,246.835,0.0545662,0.14012
-49.3671,246.835,0.0545039,0.140947
-45.5696,246.835,0.0544209,0.141922
-41.7722,246.835,0.0543319,0.142904
-37.9747,246.835,0.054237,0.143891
-34.1772,246.835,0.0541362,0.144886
-30.3797,246.835,0.0540811,0.145808
-26.5823,246.835,0.0540343,0.14665
-22.7848,246.835,0.0539826,0.147494
-18.9873,246.835,0.0539257,0.148341
-15.1899,246.835,0.0538639,0.14919
-11.3924,246.835,0.053729,0.150059
-7.59494,246.835,0.0534828,0.151108
-3.79747,246.835,0.0532537,0.152172
0,246.835,0.0530148,0.153244
-300,250.633,0.0460601,0.0806124
-296.203,250.633,0.0464445,0.0820194
-292.405,250.633,0.0467651,0.0833029
-288.608,250.633,0.0470341,0.0844346
-284.81,250.633,0.0473095,0.0856092
-281.013,250.633,0.0474926,0.0864158
-277.215,250.633,0.0476731,0.0872138
-273.418,250.633,0.047859,0.0880362
-269.62,250.633,0.0480858,0.0890403
-265.823,250.633,0.0483087,0.0900305
-262.025,250.633,0.0485654,0.0911531
-258.228,250.633,0.0488372,0.0923375
-254.43,250.633,0.0490599,0.0933327
-250.633,250.633,0.0492745,0.0942854
-246.835,250.633,0.049445,0.0950158
-243.038,250.633,0.0496193,0.0957811
-239.241,250.633,0.0497613,0.0964507
-235.443,250.633,0.0499366,0.0972217
-231.646,250.633,0.0501542,0.0981491
-227.848,250.633,0.0503758,0.0990977
-224.051,250.633,0.0505945,0.100039
-220.253,250.633,0.0508104,0.100973
-216.456,250.633,0.0510083,0.101852
-212.658,250.633,0.0511819,0.102655
-208.861,250.633,0.051351,0.103445
-205.063,250.633,0.0515347,0.104297
-201.266,250.633,0.0517163,0.105147
-197.468,250.633,0.051892,0.105979
-193.671,250.633,0.0520618,0.106793
-189.873,250.633,0.0522413,0.107685
-186.076,250.633,0.0524196,0.108608
-182.278,250.633,0.052604,0.109649
-178.481,250.633,0.0527826,0.110672
-174.684,250.633,0.0529554,0.111678
-170.886,250.633,0.0531224,0.112667
-167.089,250.633,0.0532836,0.113645
-163.291,250.633,0.0534413,0.114564
-159.494,250.633,0.0535969,0.115445
-155.696,250.633,0.053748,0.116276
-151.899,250.633,0.0538926,0.117088
-148.101,250.633,0.0540306,0.11788
-144.304,250.633,0.0541465,0.11857
-140.506,250.633,0.0542495,0.119207
-136.709,250.633,0.0543465,0.119791
-132.911,250.633,0.0544344,0.1205
-129.114,250.633,0.0545165,0.121362
-125.316,250.633,0.054592,0.122214
-121.519,250.633,0.0546609,0.123055
-117.722,250.633,0.0547282,0.123901
-113.924,250.633,0.0547902,0.124924
-110.127,250.633,0.0548479,0.126081
-106.329,250.633,0.054901,0.127338
-102.532,250.633,0.0549489,0.128606
-98.7342,250.633,0.0549918,0.129882
-94.9367,250.633,0.0550173,0.131242
-91.1392,250.633,0.0550344,0.132263
-87.3418,250.633,0.0550444,0.133257
-83.5443,250.633,0.055049,0.134253
-79.7468,250.633,0.0550426,0.135107
-75.9494,250.633,0.0550105,0.135965
-72.1519,250.633,0.054953,0.136844
-68.3544,250.633,0.054924,0.137784
-64.557,250.633,0.0549094,0.138621
-60.7595,250.633,0.0548897,0.139432
-56.962,250.633,0.0548739,0.140243
-53.1646,250.633,0.0548592,0.141053
-49.3671,250.633,0.0548296,0.141866
-45.5696,250.633,0.0547661,0.142692
-41.7722,250.633,0.0546841,0.143644
-37.9747,250.633,0.0545916,0.144647
-34.1772,250.633,0.0544932,0.145655
-30.3797,250.633,0.054418,0.146645
-26.5823,250.633,0.0543664,0.147555
-22.7848,250.633,0.0543177,0.148413
-18.9873,250.633,0.054264,0.149274
-15.1899,250.633,0.0542053,0.150137
-11.3924,250.633,0.0540785,0.15101
-7.59494,250.633,0.0538578,0.15198
-3.79747,250.633,0.0536197,0.153053
0,250.633,0.0533855,0.154137
-300,254.43,0.0466055,0.0822988
-296.203,254.43,0.0469508,0.0836016
-292.405,254.43,0.0472456,0.0848034
-288.608,254.43,0.0475293,0.0860076
-284.81,254.43,0.0477367,0.0869096
-281.013,254.43,0.0479209,0.087718
-277.215,254.43,0.0481057,0.0885318
-273.418,254.43,0.0483371,0.0895537
-269.62,254.43,0.0485787,0.0906201
-265.823,254.43,0.0488354,0.0917465
-262.025,254.43,0.049065,0.0927675
-258.228,254.43,0.0492925,0.093781
-254.43,254.43,0.0495054,0.0947089
-250.633,254.43,0.049685,0.0954783
-246.835,254.43,0.0498581,0.0962229
-243.038,254.43,0.0500346,0.0970354
-239.241,254.43,0.0502076,0.0978252
-235.443,254.43,0.0503942,0.0986485
-231.646,254.43,0.0506182,0.0996061
-227.848,254.43,0.0508149,0.100479
-224.051,254.43,0.0510032,0.101326
-220.253,254.43,0.051187,0.102161
-216.456,254.43,0.0513664,0.102985
-212.658,254.43,0.0515414,0.103795
-208.861,254.43,0.0517119,0.104594
-205.063,254.43,0.0518998,0.105466
-201.266,254.43,0.052083,0.106325
-197.468,254.43,0.0522603,0.107166
-193.671,254.43,0.0524317,0.107989
-189.873,254.43,0.0526051,0.108833
-186.076,254.43,0.0527966,0.109832
-182.278,254.43,0.0529839,0.110889
-178.481,254.43,0.0531653,0.11193
-174.684,254.43,0.0533409,0.112953
-170.886,254.43,0.053505,0.113928
-167.089,254.43,0.0536492,0.114802
-163.291,254.43,0.0537803,0.115598
-159.494,254.43,0.0539087,0.116381
-155.696,254.43,0.0540446,0.117167
-151.899,254.43,0.0541688,0.117877
-148.101,254.43,0.0542883,0.118573
-144.304,254.43,0.0544014,0.119251
-140.506,254.43,0.054508,0.119908
-136.709,254.43,0.054608,0.120543
-132.911,254.43,0.0546986,0.121274
-129.114,254.43,0.0547843,0.122163
-125.316,254.43,0.0548634,0.12304
-121.519,254.43,0.0549416,0.123926
-117.722,254.43,0.0550192,0.12482
-113.924,254.43,0.0550853,0.125874
-110.127,254.43,0.0551424,0.127065
-106.329,254.43,0.0551981,0.12835
-102.532,254.43,0.0552487,0.129644
-98.7342,254.43,0.0552943,0.130946
-94.9367,254.43,0.0553218,0.132183
-91.1392,254.43,0.0553392,0.133209
-87.3418,254.43,0.0553516,0.134225
-83.5443,254.43,0.0553552,0.135156
-79.7468,254.43,0.0553505,0.136016
-75.9494,254.43,0.0553403,0.136873
-72.1519,254.43,0.0552943,0.137758
-68.3544,254.43,0.0552269,0.138665
-64.557,254.43,0.0552037,0.139504
-60.7595,254.43,0.0551866,0.140333
-56.962,254.43,0.055164,0.141161
-53.1646,254.43,0.0551486,0.141989
-49.3671,254.43,0.0551315,0.142816
-45.5696,254.43,0.0550963,0.143648
-41.7722,254.43,0.0550296,0.144491
-37.9747,254.43,0.0549512,0.145396
-34.1772,254.43,0.0548552,0.146419
-30.3797,254.43,0.054765,0.147438
-26.5823,254.43,0.0547061,0.148432
-22.7848,254.43,0.0546565,0.149331
-18.9873,254.43,0.054606,0.150206
-15.1899,254.43,0.0545504,0.151083
-11.3924,254.43,0.0544267,0.15197
-7.59494,254.43,0.054249,0.152864
-3.79747,254.43,0.0539878,0.153933
0,254.43,0.0537578,0.155029
-300,258.228,0.0471052,0.0838518
-296.203,258.228,0.0474451,0.0851454
-292.405,258.228,0.0477467,0.0863873
-288.608,258.228,0.0479864,0.0874147
-284.81,258.228,0.0481737,0.0882339
-281.013,258.228,0.0483583,0.0890445
-277.215,258.228,0.048608,0.0901401
-273.418,258.228,0.0488458,0.0911943
-269.62,258.228,0.0490648,0.0921755
-265.823,258.228,0.049298,0.0932105
-262.025,258.228,0.0495226,0.0941944
-258.228,258.228,0.0497397,0.0951371
-254.43,258.228,0.0499305,0.0959554
-250.633,258.228,0.0501065,0.0967081
-246.835,258.228,0.0502861,0.0975216
-243.038,258.228,0.0504695,0.0983676
-239.241,258.228,0.0506312,0.0991364
-235.443,258.228,0.0507952,0.0999051
-231.646,258.228,0.0509847,0.100757
-227.848,258.228,0.0511788,0.101625
-224.051,258.228,0.0513685,0.102481
-220.253,258.228,0.0515537,0.103325
-216.456,258.228,0.0517345,0.104156
-212.658,258.228,0.051911,0.104976
-208.861,258.228,0.0520843,0.105789
-205.063,258.228,0.0522749,0.106674
-201.266,258.228,0.0524596,0.107542
-197.468,258.228,0.0526385,0.108392
-193.671,258.228,0.0528125,0.109228
-189.873,258.228,0.0529913,0.1101
-186.076,258.228,0.0531847,0.111099
-182.278,258.228,0.0533747,0.112175
-178.481,258.228,0.0535589,0.113233
-174.684,258.228,0.0537254,0.114201
-170.886,258.228,0.0538688,0.115031
-167.089,258.228,0.0540067,0.115846
-163.291,258.228,0.0541282,0.116585
-159.494,258.228,0.0542357,0.117272
-155.696,258.228,0.0543379,0.117944
-151.899,258.228,0.054442,0.118598
-148.101,258.228,0.0545512,0.119269
-144.304,258.228,0.0546616,0.119947
-140.506,258.228,0.0547705,0.120621
-136.709,258.228,0.0548728,0.12133
-132.911,258.228,0.0549668,0.122064
-129.114,258.228,0.0550596,0.122989
-125.316,258.228,0.0551495,0.123916
-121.519,258.228,0.0552342,0.124876
-117.722,258.228,0.055314,0.125849
-113.924,258.228,0.055384,0.126913
-110.127,258.228,0.0554426,0.128101
-106.329,258.228,0.0554997,0.129381
-102.532,258.228,0.055553,0.1307
-98.7342,258.228,0.0555963,0.131944
-94.9367,258.228,0.0556289,0.133103
-91.1392,258.228,0.0556485,0.134163
-87.3418,258.228,0.0556621,0.135171
-83.5443,258.228,0.0556651,0.136052
-79.7468,258.228,0.0556627,0.13693
-75.9494,258.228,0.0556547,0.137806
-72.1519,258.228,0.0556348,0.138686
-68.3544,258.228,0.0555784,0.139596
-64.557,258.228,0.055508,0.140398
-60.7595,258.228,0.0554872,0.141235
-56.962,258.228,0.0554671,0.142081
-53.1646,258.228,0.0554416,0.142926
-49.3671,258.228,0.0554265,0.143771
-45.5696,258.228,0.055407,0.144615
-41.7722,258.228,0.0553661,0.145465
-37.9747,258.228,0.0552962,0.146325
-34.1772,258.228,0.0552213,0.147185
-30.3797,258.228,0.0551226,0.14822
-26.5823,258.228,0.0550605,0.149233
-22.7848,258.228,0.0549992,0.150247
-18.9873,258.228,0.0549516,0.151136
-15.1899,258.228,0.0548991,0.152027
-11.3924,258.228,0.0547782,0.152928
-7.59494,258.228,0.054604,0.153835
-3.79747,258.228,0.0543894,0.15482
0,258.228,0.0541317,0.15592
-300,262.025,0.0476137,0.0854308
-296.203,262.025,0.0479518,0.086722
-292.405,262.025,0.0482409,0.0879315
-288.608,262.025,0.0484312,0.0887615
-284.81,262.025,0.0486361,0.0896541
-281.013,262.025,0.0488662,0.0906728
-277.215,262.025,0.0490931,0.0916835
-273.418,262.025,0.0493167,0.0926827
-269.62,262.025,0.0495351,0.0936575
-265.823,262.025,0.0497576,0.094619
-262.025,262.025,0.0499792,0.0955785
-258.228,262.025,0.0501603,0.0963877
-254.43,262.025,0.0503126,0.0970587
-250.633,262.025,0.050466,0.0977779
-246.835,262.025,0.050654,0.0986477
-243.038,262.025,0.0508382,0.099504
-239.241,262.025,0.0510008,0.10028
-235.443,262.025,0.0511727,0.101094
-231.646,262.025,0.0513572,0.101934
-227.848,262.025,0.0515544,0.102816
-224.051,262.025,0.0517499,0.103695
-220.253,262.025,0.0519395,0.104557
-216.456,262.025,0.0521233,0.105402
-212.658,262.025,0.0523012,0.10623
-208.861,262.025,0.0524772,0.107057
-205.063,262.025,0.0526666,0.107943
-201.266,262.025,0.0528486,0.108806
-197.468,262.025,0.0530266,0.109658
-193.671,262.025,0.0532035,0.110506
-189.873,262.025,0.0533904,0.111427
-186.076,262.025,0.053584,0.112414
-182.278,262.025,0.0537715,0.113461
-178.481,262.025,0.053935,0.114376
-174.684,262.025,0.0540867,0.115241
-170.886,262.025,0.054212,0.115976
-167.089,262.025,0.0543313,0.116693
-163.291,262.025,0.0544451,0.117394
-159.494,262.025,0.0545536,0.118081
-155.696,262.025,0.0546583,0.118771
-151.899,262.025,0.0547574,0.119444
-148.101,262.025,0.054855,0.1201
-144.304,262.025,0.0549519,0.120739
-140.506,262.025,0.0550549,0.121402
-136.709,262.025,0.0551559,0.122162
-132.911,262.025,0.0552544,0.122928
-129.114,262.025,0.0553514,0.12391
-125.316,262.025,0.0554435,0.124915
-121.519,262.025,0.0555308,0.125916
-117.722,262.025,0.0556133,0.126913
-113.924,262.025,0.0556874,0.127974
-110.127,262.025,0.0557487,0.129188
-106.329,262.025,0.0558058,0.13043
-102.532,262.025,0.0558583,0.131717
-98.7342,262.025,0.0558987,0.132894
-94.9367,262.025,0.0559339,0.134075
-91.1392,262.025,0.0559622,0.135125
-87.3418,262.025,0.055974,0.136053
-83.5443,262.025,0.0559793,0.136952
-79.7468,262.025,0.0559791,0.137849
-75.9494,262.025,0.0559734,0.138744
-72.1519,262.025,0.0559621,0.139636
-68.3544,262.025,0.0559278,0.140544
-64.557,262.025,0.0558584,0.141362
-60.7595,262.025,0.0557924,0.142138
-56.962,262.025,0.0557739,0.143001
-53.1646,262.025,0.0557509,0.143864
-49.3671,262.025,0.0557248,0.144726
-45.5696,262.025,0.0557077,0.145588
-41.7722,262.025,0.0556857,0.146449
-37.9747,262.025,0.0556391,0.147318
-34.1772,262.025,0.0555661,0.148195
-30.3797,262.025,0.0554879,0.149072
-26.5823,262.025,0.055419,0.150028
-22.7848,262.025,0.0553609,0.151056
-18.9873,262.025,0.0553009,0.152065
-15.1899,262.025,0.0552515,0.15297
-11.3924,262.025,0.0551332,0.153884
-7.59494,262.025,0.0549624,0.154806
-3.79747,262.025,0.0547837,0.15573
0,262.025,0.0545278,0.156816
-300,265.823,0.0481336,0.0870409
-296.203,265.823,0.0484805,0.0883946
-292.405,265.823,0.0487026,0.0893389
-288.608,265.823,0.0488903,0.0901668
-284.81,265.823,0.049113,0.0911536
-281.013,265.823,0.0493424,0.0921773
-277.215,265.823,0.0495587,0.0931662
-273.418,265.823,0.0497601,0.0940736
-269.62,265.823,0.0499538,0.0949451
-265.823,265.823,0.0501459,0.0958133
-262.025,265.823,0.0503313,0.0966275
-258.228,265.823,0.0504858,0.0973036
-254.43,265.823,0.0506413,0.0980232
-250.633,265.823,0.0508257,0.0988731
-246.835,265.823,0.0510402,0.0998483
-243.038,265.823,0.0512167,0.100678
-239.241,265.823,0.0513829,0.101472
-235.443,265.823,0.0515604,0.102317
-231.646,265.823,0.0517478,0.103177
-227.848,265.823,0.0519504,0.10408
-224.051,265.823,0.0521472,0.104967
-220.253,265.823,0.052338,0.105837
-216.456,265.823,0.052523,0.10669
-212.658,265.823,0.052702,0.107526
-208.861,265.823,0.0528818,0.108371
-205.063,265.823,0.0530725,0.109265
-201.266,265.823,0.0532559,0.110137
-197.468,265.823,0.053432,0.110986
-193.671,265.823,0.0536091,0.111833
-189.873,265.823,0.0537923,0.112723
-186.076,265.823,0.053977,0.11364
-182.278,265.823,0.054133,0.114478
-178.481,265.823,0.0542711,0.115258
-174.684,265.823,0.0544038,0.116022
-170.886,265.823,0.054531,0.116771
-167.089,265.823,0.0546527,0.117505
-163.291,265.823,0.0547689,0.118222
-159.494,265.823,0.0548797,0.118925
-155.696,265.823,0.0549855,0.119616
-151.899,265.823,0.0550871,0.120307
-148.101,265.823,0.0551832,0.120982
-144.304,265.823,0.055274,0.12164
-140.506,265.823,0.0553681,0.12228
-136.709,265.823,0.0554523,0.123078
-132.911,265.823,0.0555478,0.123918
-129.114,265.823,0.0556472,0.124924
-125.316,265.823,0.055742,0.125953
-121.519,265.823,0.055832,0.126978
-117.722,265.823,0.0559172,0.127999
-113.924,265.823,0.0559955,0.129057
-110.127,265.823,0.0560594,0.130296
-106.329,265.823,0.0561158,0.131501
-102.532,265.823,0.0561624,0.132655
-98.7342,265.823,0.0562053,0.133855
-94.9367,265.823,0.056243,0.135058
-91.1392,265.823,0.0562773,0.13602
-87.3418,265.823,0.0562903,0.13694
-83.5443,265.823,0.0562978,0.137858
-79.7468,265.823,0.0562999,0.138773
-75.9494,265.823,0.0562964,0.139686
-72.1519,265.823,0.0562873,0.140598
-68.3544,265.823,0.0562728,0.141506
-64.557,265.823,0.0562253,0.142317
-60.7595,265.823,0.0561487,0.143125
-56.962,265.823,0.0560844,0.143921
-53.1646,265.823,0.0560639,0.144803
-49.3671,265.823,0.056038,0.145683
-45.5696,265.823,0.0560116,0.146562
-41.7722,265.823,0.0559921,0.147441
-37.9747,265.823,0.0559677,0.148319
-34.1772,265.823,0.0559153,0.149206
-30.3797,265.823,0.0558391,0.150101
-26.5823,265.823,0.0557638,0.15099
-22.7848,265.823,0.0557268,0.15186
-18.9873,265.823,0.0556663,0.152907
-15.1899,265.823,0.0556076,0.153911
-11.3924,265.823,0.0554915,0.154839
-7.59494,265.823,0.0553241,0.155774
-3.79747,265.823,0.0551489,0.156713
0,265.823,0.0549394,0.157714
-300,269.62,0.0486373,0.0886184
-296.203,269.62,0.0489041,0.0896976
-292.405,269.62,0.0491048,0.0905764
-288.608,269.62,0.049316,0.0915302
-284.81,269.62,0.0495409,0.0925503
-281.013,269.62,0.0497557,0.0935197
-277.215,269.62,0.0499576,0.0944197
-273.418,269.62,0.0501554,0.095307
-269.62,269.62,0.0503434,0.0961423
-265.823,269.62,0.0505233,0.0969402
-262.025,269.62,0.050672,0.0975933
-258.228,269.62,0.0508201,0.0982785
-254.43,269.62,0.0510027,0.0991218
-250.633,269.62,0.051219,0.100097
-246.835,269.62,0.0514342,0.101078
-243.038,269.62,0.0516051,0.10189
-239.241,269.62,0.0517798,0.102722
-235.443,269.62,0.0519584,0.103575
-231.646,269.62,0.0521524,0.104472
-227.848,269.62,0.0523571,0.105386
-224.051,269.62,0.0525551,0.106281
-220.253,269.62,0.0527471,0.107158
-216.456,269.62,0.0529333,0.108019
-212.658,269.62,0.0531135,0.108862
-208.861,269.62,0.053297,0.109725
-205.063,269.62,0.0534873,0.110614
-201.266,269.62,0.0536662,0.111448
-197.468,269.62,0.0538377,0.112259
-193.671,269.62,0.0540145,0.113087
-189.873,269.62,0.0541716,0.113843
-186.076,269.62,0.0543134,0.114533
-182.278,269.62,0.0544533,0.115267
-178.481,269.62,0.0545921,0.116039
-174.684,269.62,0.0547272,0.116821
-170.886,269.62,0.0548568,0.117586
-167.089,269.62,0.054981,0.118336
-163.291,269.62,0.0550997,0.119071
-159.494,269.62,0.0552129,0.11979
-155.696,269.62,0.0553206,0.120493
-151.899,269.62,0.0554236,0.121189
-148.101,269.62,0.0555222,0.121883
-144.304,269.62,0.0556151,0.122595
-140.506,269.62,0.0557016,0.123323
-136.709,269.62,0.0557843,0.124162
-132.911,269.62,0.0558651,0.124987
-129.114,269.62,0.0559476,0.12596
-125.316,269.62,0.0560452,0.127012
-121.519,269.62,0.0561379,0.128062
-117.722,269.62,0.0562258,0.129107
-113.924,269.62,0.0563082,0.130162
-110.127,269.62,0.0563735,0.131404
-106.329,269.62,0.0564245,0.132498
-102.532,269.62,0.0564706,0.133605
-98.7342,269.62,0.056516,0.134827
-94.9367,269.62,0.0565554,0.136035
-91.1392,269.62,0.0565893,0.136933
-87.3418,269.62,0.0566108,0.137832
-83.5443,269.62,0.0566206,0.138768
-79.7468,269.62,0.0566249,0.139702
-75.9494,269.62,0.0566236,0.140634
-72.1519,269.62,0.0566168,0.141564
-68.3544,269.62,0.0566045,0.142491
-64.557,269.62,0.0565845,0.143296
-60.7595,269.62,0.056519,0.144104
-56.962,269.62,0.0564431,0.14492
-53.1646,269.62,0.0563806,0.145742
-49.3671,269.62,0.0563572,0.14664
-45.5696,269.62,0.0563284,0.147537
-41.7722,269.62,0.0563017,0.148433
-37.9747,269.62,0.0562797,0.149329
-34.1772,269.62,0.0562529,0.150224
-30.3797,269.62,0.0561946,0.15113
-26.5823,269.62,0.0561153,0.152042
-22.7848,269.62,0.0560694,0.152921
-18.9873,269.62,0.0560326,0.153786
-15.1899,269.62,0.0559768,0.154786
-11.3924,269.62,0.0558533,0.155792
-7.59494,269.62,0.0556893,0.156741
-3.79747,269.62,0.0555174,0.157694
0,269.62,0.0553377,0.158649
-300,273.418,0.0490529,0.0899424
-296.203,273.418,0.0492788,0.0908685
-292.405,273.418,0.0495127,0.0918918
-288.608,273.418,0.0497417,0.0929274
-284.81,273.418,0.0499517,0.0938559
-281.013,273.418,0.0501577,0.0947717
-277.215,273.418,0.0503556,0.0956472
-273.418,273.418,0.0505455,0.0964822
-269.62,273.418,0.0507314,0.0973046
-265.823,273.418,0.0508867,0.0979858
-262.025,273.418,0.0510375,0.0986746
-258.228,273.418,0.0511927,0.0994166
-254.43,273.418,0.0514008,0.100354
-250.633,273.418,0.0516201,0.10135
-246.835,273.418,0.051835,0.102334
-243.038,273.418,0.0520036,0.10314
-239.241,273.418,0.0521871,0.104012
-235.443,273.418,0.0523667,0.104873
-231.646,273.418,0.0525657,0.105798
-227.848,273.418,0.0527745,0.106733
-224.051,273.418,0.0529736,0.107636
-220.253,273.418,0.0531666,0.108519
-216.456,273.418,0.0533489,0.109347
-212.658,273.418,0.0535252,0.110158
-208.861,273.418,0.0537067,0.110994
-205.063,273.418,0.0538946,0.111863
-201.266,273.418,0.0540663,0.112668
-197.468,273.418,0.0542239,0.113416
-193.671,273.418,0.0543842,0.114171
-189.873,273.418,0.0545217,0.114813
-186.076,273.418,0.0546524,0.115434
-182.278,273.418,0.0547819,0.116094
-178.481,273.418,0.0549205,0.116848
-174.684,273.418,0.0550575,0.117638
-170.886,273.418,0.0551896,0.118421
-167.089,273.418,0.0553162,0.119188
-163.291,273.418,0.0554373,0.119939
-159.494,273.418,0.0555529,0.120674
-155.696,273.418,0.055663,0.121409
-151.899,273.418,0.0557676,0.122149
-148.101,273.418,0.0558677,0.122886
-144.304,273.418,0.0559631,0.123616
-140.506,273.418,0.0560511,0.124393
-136.709,273.418,0.0561304,0.125261
-132.911,273.418,0.0562057,0.126117
-129.114,273.418,0.0562867,0.127098
-125.316,273.418,0.0563662,0.128126
-121.519,273.418,0.0564484,0.129168
-117.722,273.418,0.056539,0.130238
-113.924,273.418,0.0566242,0.131293
-110.127,273.418,0.0566839,0.132394
-106.329,273.418,0.0567373,0.13351
-102.532,273.418,0.0567853,0.134626
-98.7342,273.418,0.0568308,0.135812
-94.9367,273.418,0.0568685,0.136938
-91.1392,273.418,0.0569047,0.137857
-87.3418,273.418,0.0569357,0.138728
-83.5443,273.418,0.0569477,0.139683
-79.7468,273.418,0.0569542,0.140636
-75.9494,273.418,0.0569551,0.141587
-72.1519,273.418,0.0569506,0.142535
-68.3544,273.418,0.0569405,0.143481
-64.557,273.418,0.0569272,0.1443
-60.7595,273.418,0.0568919,0.145093
-56.962,273.418,0.0568121,0.14593
-53.1646,273.418,0.0567402,0.14675
-49.3671,273.418,0.0566802,0.147598
-45.5696,273.418,0.0566538,0.148513
-41.7722,273.418,0.056622,0.149427
-37.9747,273.418,0.0565949,0.15034
-34.1772,273.418,0.0565705,0.151253
-30.3797,273.418,0.0565414,0.152165
-26.5823,273.418,0.0564772,0.153089
-22.7848,273.418,0.0564134,0.154003
-18.9873,273.418,0.0563793,0.154886
-15.1899,273.418,0.0563405,0.155768
-11.3924,273.418,0.0562248,0.1567
-7.59494,273.418,0.0560578,0.157707
-3.79747,273.418,0.0558792,0.158609
0,273.418,0.0556821,0.159447
-300,277.215,0.0494347,0.0911333
-296.203,277.215,0.0496801,0.0921546
-292.405,277.215,0.0499311,0.0932366
-288.608,277.215,0.0501504,0.094198
-284.81,277.215,0.0503583,0.0951146
-281.013,277.215,0.0505563,0.0959773
-277.215,277.215,0.0507502,0.0968274
-273.418,277.215,0.0509401,0.0976651
-269.62,277.215,0.0511042,0.0983846
-265.823,277.215,0.0512577,0.0990782
-262.025,277.215,0.0514165,0.0998336
-258.228,277.215,0.0515987,0.100675
-254.43,277.215,0.051809,0.101631
-250.633,277.215,0.052029,0.102634
-246.835,277.215,0.0522422,0.103614
-243.038,277.215,0.0524201,0.104462
-239.241,277.215,0.0526046,0.105341
-235.443,277.215,0.0527887,0.106209
-231.646,277.215,0.0529932,0.107135
-227.848,277.215,0.0531908,0.108029
-224.051,277.215,0.0533865,0.108902
-220.253,277.215,0.0535762,0.109758
-216.456,277.215,0.05376,0.110596
-212.658,277.215,0.053937,0.111413
-208.861,277.215,0.0541031,0.112183
-205.063,277.215,0.0542743,0.112978
-201.266,277.215,0.0544381,0.113751
-197.468,277.215,0.054598,0.114507
-193.671,277.215,0.0547437,0.115178
-189.873,277.215,0.0548827,0.115829
-186.076,277.215,0.0550149,0.116459
-182.278,277.215,0.0551405,0.117083
-178.481,277.215,0.0552676,0.117768
-174.684,277.215,0.0553947,0.118476
-170.886,277.215,0.0555292,0.119275
-167.089,277.215,0.0556582,0.120059
-163.291,277.215,0.0557816,0.120858
-159.494,277.215,0.0558996,0.121645
-155.696,277.215,0.056012,0.122416
-151.899,277.215,0.056119,0.123173
-148.101,277.215,0.0562205,0.123915
-144.304,277.215,0.056318,0.124659
-140.506,277.215,0.0564074,0.125488
-136.709,277.215,0.0564891,0.126376
-132.911,277.215,0.0565651,0.127256
-129.114,277.215,0.0566365,0.128252
-125.316,277.215,0.0567157,0.129318
-121.519,277.215,0.0567921,0.130364
-117.722,277.215,0.0568627,0.131401
-113.924,277.215,0.0569354,0.132296
-110.127,277.215,0.0569985,0.1334
-106.329,277.215,0.0570545,0.134537
-102.532,277.215,0.057105,0.135676
-98.7342,277.215,0.0571473,0.136748
-94.9367,277.215,0.0571856,0.137849
-91.1392,277.215,0.0572241,0.138789
-87.3418,277.215,0.0572591,0.139667
-83.5443,277.215,0.057279,0.140604
-79.7468,277.215,0.0572878,0.141576
-75.9494,277.215,0.057291,0.142545
-72.1519,277.215,0.0572887,0.143512
-68.3544,277.215,0.0572808,0.144477
-64.557,277.215,0.0572697,0.145313
-60.7595,277.215,0.0572538,0.146107
-56.962,277.215,0.0572019,0.146926
-53.1646,277.215,0.0571165,0.147781
-49.3671,277.215,0.0570402,0.148614
-45.5696,277.215,0.056983,0.149489
-41.7722,277.215,0.0569537,0.150421
-37.9747,277.215,0.056919,0.151352
-34.1772,277.215,0.0568914,0.152283
-30.3797,277.215,0.0568646,0.153213
-26.5823,277.215,0.056833,0.154141
-22.7848,277.215,0.0567629,0.155084
-18.9873,277.215,0.0567296,0.155987
-15.1899,277.215,0.0566729,0.156785
-11.3924,277.215,0.0565468,0.157522
-7.59494,277.215,0.0563733,0.158269
-3.79747,277.215,0.0561836,0.159138
0,277.215,0.055989,0.159985
-300,281.013,0.0498328,0.0923891
-296.203,281.013,0.050094,0.0934576
-292.405,281.013,0.0503365,0.094495
-288.608,281.013,0.0505575,0.0954347
-284.81,281.013,0.0507595,0.0963126
-281.013,281.013,0.0509574,0.097178
-277.215,281.013,0.0511513,0.0980308
-273.418,281.013,0.0513245,0.0987897
-269.62,281.013,0.0514807,0.0994892
-265.823,281.013,0.0516432,0.100258
-262.025,281.013,0.0518205,0.101083
-258.228,281.013,0.052014,0.101961
-254.43,281.013,0.0522216,0.102901
-250.633,281.013,0.0524398,0.103884
-246.835,281.013,0.0526507,0.104843
-243.038,281.013,0.0528358,0.105707
-239.241,281.013,0.0530187,0.106566
-235.443,281.013,0.053211,0.107458
-231.646,281.013,0.0534168,0.108394
-227.848,281.013,0.0536105,0.109292
-224.051,281.013,0.0538047,0.110168
-220.253,281.013,0.0539854,0.110985
-216.456,281.013,0.0541537,0.111756
-212.658,281.013,0.0543161,0.112509
-208.861,281.013,0.0544803,0.113275
-205.063,281.013,0.0546529,0.114081
-201.266,281.013,0.0548156,0.114848
-197.468,281.013,0.0549634,0.115529
-193.671,281.013,0.0551106,0.116209
-189.873,281.013,0.055251,0.116868
-186.076,281.013,0.0553847,0.117507
-182.278,281.013,0.0555117,0.118126
-178.481,281.013,0.0556369,0.118804
-174.684,281.013,0.0557575,0.119489
-170.886,281.013,0.0558771,0.120211
-167.089,281.013,0.0560068,0.121035
-163.291,281.013,0.0561327,0.121853
-159.494,281.013,0.056253,0.122657
-155.696,281.013,0.0563679,0.123446
-151.899,281.013,0.0564773,0.12422
-148.101,281.013,0.0565812,0.12498
-144.304,281.013,0.0566797,0.125725
-140.506,281.013,0.0567705,0.126608
-136.709,281.013,0.0568546,0.127516
-132.911,281.013,0.0569329,0.128416
-129.114,281.013,0.0570061,0.129365
-125.316,281.013,0.0570778,0.130507
-121.519,281.013,0.0571503,0.131606
-117.722,281.013,0.057214,0.132489
-113.924,281.013,0.0572718,0.133363
-110.127,281.013,0.0573175,0.13442
-106.329,281.013,0.0573759,0.13558
-102.532,281.013,0.0574285,0.136732
-98.7342,281.013,0.0574694,0.137727
-94.9367,281.013,0.0575067,0.138768
-91.1392,281.013,0.0575476,0.139726
-87.3418,281.013,0.057585,0.140622
-83.5443,281.013,0.0576147,0.14153
-79.7468,281.013,0.0576256,0.14252
-75.9494,281.013,0.0576311,0.143508
-72.1519,281.013,0.057631,0.144493
-68.3544,281.013,0.0576254,0.145477
-64.557,281.013,0.0576165,0.146331
-60.7595,281.013,0.0576029,0.147141
-56.962,281.013,0.0575798,0.147951
-53.1646,281.013,0.0575046,0.148807
-49.3671,281.013,0.0574237,0.149666
-45.5696,281.013,0.0573428,0.150513
-41.7722,281.013,0.0572891,0.151416
-37.9747,281.013,0.0572569,0.152365
-34.1772,281.013,0.0572193,0.153313
-30.3797,281.013,0.0571807,0.154213
-26.5823,281.013,0.057129,0.155056
-22.7848,281.013,0.057072,0.155896
-18.9873,281.013,0.0570082,0.15672
-15.1899,281.013,0.0569521,0.157526
-11.3924,281.013,0.056826,0.158274
-7.59494,281.013,0.0566592,0.15899
-3.79747,281.013,0.0564846,0.159699
0,281.013,0.0562972,0.160508
-300,284.81,0.0502471,0.093674
-296.203,284.81,0.0504996,0.0946935
-292.405,284.81,0.0507322,0.0956711
-288.608,284.81,0.0509636,0.0966421
-284.81,284.81,0.0511651,0.0975102
-281.013,284.81,0.0513615,0.0983623
-277.215,284.81,0.0515424,0.0991453
-273.418,284.81,0.0516989,0.0998208
-269.62,284.81,0.0518632,0.100583
-265.823,284.81,0.0520332,0.101369
-262.025,284.81,0.0522296,0.102248
-258.228,284.81,0.0524209,0.103122
-254.43,284.81,0.0526294,0.10407
-250.633,284.81,0.0528485,0.105061
-246.835,284.81,0.0530695,0.106066
-243.038,284.81,0.0532574,0.106946
-239.241,284.81,0.0534415,0.107815
-235.443,284.81,0.053644,0.108745
-231.646,284.81,0.0538474,0.109674
-227.848,284.81,0.0540311,0.110522
-224.051,284.81,0.0541948,0.111296
-220.253,284.81,0.0543703,0.112093
-216.456,284.81,0.05454,0.112873
-212.658,284.81,0.0547038,0.113635
-208.861,284.81,0.0548658,0.114397
-205.063,284.81,0.0550366,0.115193
-201.266,284.81,0.0551851,0.11588
-197.468,284.81,0.0553361,0.116575
-193.671,284.81,0.0554847,0.117263
-189.873,284.81,0.0556266,0.117932
-186.076,284.81,0.0557596,0.118583
-182.278,284.81,0.0558838,0.119217
-178.481,284.81,0.0560029,0.119877
-174.684,284.81,0.0561233,0.120573
-170.886,284.81,0.0562382,0.121256
-167.089,284.81,0.0563623,0.122036
-163.291,284.81,0.0564906,0.122872
-159.494,284.81,0.0566134,0.123693
-155.696,284.81,0.0567307,0.124499
-151.899,284.81,0.0568425,0.125291
-148.101,284.81,0.0569489,0.126068
-144.304,284.81,0.0570497,0.126831
-140.506,284.81,0.0571403,0.127752
-136.709,284.81,0.0572268,0.128681
-132.911,284.81,0.0573076,0.129602
-129.114,284.81,0.0573826,0.130514
-125.316,284.81,0.0574544,0.131681
-121.519,284.81,0.0575158,0.132643
-117.722,284.81,0.0575718,0.133593
-113.924,284.81,0.0576312,0.13449
-110.127,284.81,0.0576787,0.135507
-106.329,284.81,0.0577132,0.136654
-102.532,284.81,0.0577523,0.137705
-98.7342,284.81,0.0577955,0.138719
-94.9367,284.81,0.0578332,0.139729
-91.1392,284.81,0.0578751,0.14067
-87.3418,284.81,0.0579149,0.141584
-83.5443,284.81,0.0579494,0.142494
-79.7468,284.81,0.0579678,0.143469
-75.9494,284.81,0.0579755,0.144476
-72.1519,284.81,0.0579776,0.14548
-68.3544,284.81,0.0579743,0.146482
-64.557,284.81,0.0579677,0.147353
-60.7595,284.81,0.0579563,0.14818
-56.962,284.81,0.0579394,0.149003
-53.1646,284.81,0.0578991,0.149839
-49.3671,284.81,0.0578127,0.150721
-45.5696,284.81,0.0577318,0.151577
-41.7722,284.81,0.057625,0.15234
-37.9747,284.81,0.0575533,0.153171
-34.1772,284.81,0.0574957,0.154034
-30.3797,284.81,0.0574322,0.154893
-26.5823,284.81,0.05738,0.15575
-22.7848,284.81,0.0573244,0.156604
-18.9873,284.81,0.057284,0.157437
-15.1899,284.81,0.0572326,0.158255
-11.3924,284.81,0.0571062,0.159015
-7.59494,284.81,0.0569415,0.159744
-3.79747,284.81,0.0567689,0.160467
0,284.81,0.0565896,0.16118
-300,288.608,0.0506265,0.0947329
-296.203,288.608,0.0508883,0.0957537
-292.405,288.608,0.0511187,0.0967172
-288.608,288.608,0.0513488,0.0976828
-284.81,288.608,0.0515655,0.098605
-281.013,288.608,0.051756,0.0994314
-277.215,288.608,0.0519155,0.100114
-273.418,288.608,0.0520821,0.100871
-269.62,288.608,0.0522466,0.10164
-265.823,288.608,0.0524469,0.102534
-262.025,288.608,0.0526427,0.103418
-258.228,288.608,0.052833,0.1043
-254.43,288.608,0.0530447,0.105265
-250.633,288.608,0.0532647,0.106265
-246.835,288.608,0.0534983,0.107325
-243.038,288.608,0.053689,0.108221
-239.241,288.608,0.0538616,0.109039
-235.443,288.608,0.0540556,0.109924
-231.646,288.608,0.0542466,0.110799
-227.848,288.608,0.0544314,0.111657
-224.051,288.608,0.0545912,0.112434
-220.253,288.608,0.0547639,0.11323
-216.456,288.608,0.0549349,0.11402
-212.658,288.608,0.0551,0.114792
-208.861,288.608,0.0552558,0.115526
-205.063,288.608,0.0554124,0.116241
-201.266,288.608,0.055562,0.116936
-197.468,288.608,0.0557135,0.117649
-193.671,288.608,0.0558597,0.118352
-189.873,288.608,0.055999,0.119035
-186.076,288.608,0.0561316,0.119699
-182.278,288.608,0.0562572,0.120342
-178.481,288.608,0.0563762,0.120981
-174.684,288.608,0.0564959,0.121681
-170.886,288.608,0.056612,0.122373
-167.089,288.608,0.0567252,0.123067
-163.291,288.608,0.0568553,0.123913
-159.494,288.608,0.0569806,0.124751
-155.696,288.608,0.0571003,0.125575
-151.899,288.608,0.0572146,0.126384
-148.101,288.608,0.0573234,0.127178
-144.304,288.608,0.0574255,0.127996
-140.506,288.608,0.0575181,0.128934
-136.709,288.608,0.0576058,0.129871
-132.911,288.608,0.057689,0.130812
-129.114,288.608,0.0577661,0.13174
-125.316,288.608,0.0578299,0.132679
-121.519,288.608,0.057891,0.13368
-117.722,288.608,0.0579492,0.134651
-113.924,288.608,0.0580015,0.135613
-110.127,288.608,0.0580493,0.136616
-106.329,288.608,0.0580839,0.137727
-102.532,288.608,0.0581077,0.138726
-98.7342,288.608,0.0581258,0.139722
-94.9367,288.608,0.0581658,0.140751
-91.1392,288.608,0.0582067,0.141621
-87.3418,288.608,0.0582489,0.142552
-83.5443,288.608,0.0582858,0.143479
-79.7468,288.608,0.0583142,0.144423
-75.9494,288.608,0.0583242,0.145449
-72.1519,288.608,0.0583286,0.146471
-68.3544,288.608,0.0583275,0.147492
-64.557,288.608,0.0583231,0.148381
-60.7595,288.608,0.058314,0.149225
-56.962,288.608,0.058283,0.149989
-53.1646,288.608,0.058242,0.150728
-49.3671,288.608,0.0581622,0.151493
-45.5696,288.608,0.0580495,0.152291
-41.7722,288.608,0.0579435,0.153067
-37.9747,288.608,0.0578306,0.153837
-34.1772,288.608,0.0577619,0.154692
-30.3797,288.608,0.0576999,0.155565
-26.5823,288.608,0.057632,0.156434
-22.7848,288.608,0.0575777,0.157301
-18.9873,288.608,0.057537,0.158149
-15.1899,288.608,0.0575133,0.158975
-11.3924,288.608,0.0573875,0.159746
-7.59494,288.608,0.0572249,0.160488
-3.79747,288.608,0.0570544,0.161224
0,288.608,0.056876,0.161955
-300,292.405,0.0509961,0.0957343
-296.203,292.405,0.0512788,0.0968034
-292.405,292.405,0.0515087,0.0977691
-288.608,292.405,0.0517381,0.0987363
-284.81,292.405,0.0519624,0.0996863
-281.013,292.405,0.0521351,0.100415
-277.215,292.405,0.0523032,0.101159
-273.418,292.405,0.0524712,0.101942
-269.62,292.405,0.052666,0.102819
-265.823,292.405,0.0528659,0.103716
-262.025,292.405,0.0530606,0.104611
-258.228,292.405,0.0532505,0.105496
-254.43,292.405,0.0534675,0.106486
-250.633,292.405,0.053688,0.107488
-246.835,292.405,0.05391,0.108495
-243.038,292.405,0.0540923,0.10935
-239.241,292.405,0.0542645,0.110168
-235.443,292.405,0.0544628,0.111071
-231.646,292.405,0.0546549,0.111956
-227.848,292.405,0.054841,0.112823
-224.051,292.405,0.0550097,0.113635
-220.253,292.405,0.0551661,0.114398
-216.456,292.405,0.0553384,0.115197
-212.658,292.405,0.0554994,0.115952
-208.861,292.405,0.0556341,0.116597
-205.063,292.405,0.0557882,0.117326
-201.266,292.405,0.0559351,0.118033
-197.468,292.405,0.0560881,0.118762
-193.671,292.405,0.0562358,0.119474
-189.873,292.405,0.0563765,0.120167
-186.076,292.405,0.0565104,0.120839
-182.278,292.405,0.0566375,0.121491
-178.481,292.405,0.0567577,0.122123
-174.684,292.405,0.0568751,0.122811
-170.886,292.405,0.0569925,0.123513
-167.089,292.405,0.0571043,0.1242
-163.291,292.405,0.057227,0.124976
-159.494,292.405,0.0573546,0.125832
-155.696,292.405,0.0574768,0.126674
-151.899,292.405,0.0575935,0.1275
-148.101,292.405,0.0577048,0.128312
-144.304,292.405,0.0578081,0.129187
-140.506,292.405,0.0579031,0.130145
-136.709,292.405,0.0579924,0.131094
-132.911,292.405,0.0580762,0.132035
-129.114,292.405,0.058147,0.132866
-125.316,292.405,0.0582118,0.133692
-121.519,292.405,0.0582728,0.134731
-117.722,292.405,0.0583329,0.135726
-113.924,292.405,0.0583876,0.136709
-110.127,292.405,0.0584362,0.137685
-106.329,292.405,0.0584582,0.138765
-102.532,292.405,0.0584843,0.139783
-98.7342,292.405,0.0585039,0.140796
-94.9367,292.405,0.058517,0.141805
-91.1392,292.405,0.0585452,0.142646
-87.3418,292.405,0.0585869,0.143527
-83.5443,292.405,0.0586262,0.144472
-79.7468,292.405,0.0586602,0.145413
-75.9494,292.405,0.0586771,0.146427
-72.1519,292.405,0.0586716,0.147412
-68.3544,292.405,0.058653,0.148361
-64.557,292.405,0.0586305,0.149173
-60.7595,292.405,0.0586028,0.149938
-56.962,292.405,0.0585691,0.150696
-53.1646,292.405,0.0585295,0.151448
-49.3671,292.405,0.0584789,0.152197
-45.5696,292.405,0.0583733,0.152994
-41.7722,292.405,0.058265,0.153787
-37.9747,292.405,0.058153,0.15457
-34.1772,292.405,0.0580341,0.155347
-30.3797,292.405,0.057969,0.156226
-26.5823,292.405,0.0579026,0.157109
-22.7848,292.405,0.0578319,0.157988
-18.9873,292.405,0.0577908,0.158851
-15.1899,292.405,0.057769,0.15969
-11.3924,292.405,0.0576699,0.160465
-7.59494,292.405,0.0575093,0.161221
-3.79747,292.405,0.0573408,0.161971
0,292.405,0.0571644,0.162714
-300,296.203,0.0513709,0.0967586
-296.203,296.203,0.051673,0.0978647
-292.405,296.203,0.0519027,0.0988336
-288.608,296.203,0.0521315,0.0998024
-284.81,296.203,0.052327,0.100617
-281.013,296.203,0.0525192,0.101421
-277.215,296.203,0.052698,0.102244
-273.418,296.203,0.0528867,0.103102
-269.62,296.203,0.0530908,0.104015
-265.823,296.203,0.0532899,0.104921
-262.025,296.203,0.0534831,0.105818
-258.228,296.203,0.053667,0.106669
-254.43,296.203,0.0538643,0.107573
-250.633,296.203,0.0540876,0.108585
-246.835,296.203,0.0543105,0.109601
-243.038,296.203,0.0545017,0.110495
-239.241,296.203,0.0546797,0.111337
-235.443,296.203,0.0548791,0.11225
-231.646,296.203,0.0550725,0.113144
-227.848,296.203,0.0552598,0.114021
-224.051,296.203,0.0554354,0.114875
-220.253,296.203,0.0555794,0.11563
-216.456,296.203,0.0557376,0.116399
-212.658,296.203,0.0558778,0.117063
-208.861,296.203,0.0560124,0.117712
-205.063,296.203,0.0561661,0.118443
-201.266,296.203,0.056314,0.119158
-197.468,296.203,0.0564697,0.119899
-193.671,296.203,0.0566187,0.120621
-189.873,296.203,0.0567609,0.121322
-186.076,296.203,0.0568962,0.122003
-182.278,296.203,0.0570247,0.122665
-178.481,296.203,0.0571463,0.123306
-174.684,296.203,0.0572614,0.123966
-170.886,296.203,0.0573797,0.124675
-167.089,296.203,0.0574928,0.125372
-163.291,296.203,0.0576086,0.126105
-159.494,296.203,0.0577356,0.126937
-155.696,296.203,0.0578602,0.127795
-151.899,296.203,0.0579794,0.128639
-148.101,296.203,0.058093,0.129468
-144.304,296.203,0.0581976,0.130402
-140.506,296.203,0.0582949,0.13138
-136.709,296.203,0.0583849,0.132328
-132.911,296.203,0.0584617,0.133168
-129.114,296.203,0.0585342,0.134012
-125.316,296.203,0.0586013,0.134849
-121.519,296.203,0.0586633,0.135781
-117.722,296.203,0.0587228,0.136817
-113.924,296.203,0.0587798,0.137821
-110.127,296.203,0.0588251,0.138734
-106.329,296.203,0.0588539,0.139732
-102.532,296.203,0.0588705,0.140832
-98.7342,296.203,0.0588884,0.141885
-94.9367,296.203,0.0589038,0.142913
-91.1392,296.203,0.058919,0.143741
-87.3418,296.203,0.0589191,0.144476
-83.5443,296.203,0.0589413,0.145336
-79.7468,296.203,0.0589584,0.146207
-75.9494,296.203,0.058966,0.147096
-72.1519,296.203,0.0589546,0.148063
-68.3544,296.203,0.0589371,0.149025
-64.557,296.203,0.058916,0.149849
-60.7595,296.203,0.0588896,0.150626
-56.962,296.203,0.0588572,0.151397
-53.1646,296.203,0.0588188,0.152161
-49.3671,296.203,0.0587744,0.152918
-45.5696,296.203,0.0587037,0.153688
-41.7722,296.203,0.0585895,0.154498
-37.9747,296.203,0.0584785,0.155294
-34.1772,296.203,0.0583605,0.156084
-30.3797,296.203,0.0582394,0.156876
-26.5823,296.203,0.0581745,0.157773
-22.7848,296.203,0.0581037,0.158666
-18.9873,296.203,0.0580451,0.159543
-15.1899,296.203,0.0580254,0.160394
-11.3924,296.203,0.0579262,0.161181
-7.59494,296.203,0.0577947,0.161943
-3.79747,296.203,0.057586,0.162543
0,296.203,0.0573608,0.163104
-300,300,0.05175,0.0977995
-296.203,300,0.052071,0.0989375
-292.405,300,0.0523007,0.0999108
-288.608,300,0.0525059,0.100769
-284.81,300,0.0527012,0.101585
-281.013,300,0.0528951,0.102426
-277.215,300,0.0530996,0.103347
-273.418,300,0.0533173,0.104313
-269.62,300,0.0535165,0.105199
-265.823,300,0.0537088,0.106079
-262.025,300,0.0538967,0.106946
-258.228,300,0.0540801,0.1078
-254.43,300,0.0542658,0.108669
-250.633,300,0.0544937,0.109704
-246.835,300,0.0547175,0.110728
-243.038,300,0.0549191,0.111672
-239.241,300,0.0551012,0.112547
-235.443,300,0.0552995,0.113476
-231.646,300,0.0554886,0.114377
-227.848,300,0.0556524,0.115199
-224.051,300,0.0558151,0.116019
-220.253,300,0.055948,0.116732
-216.456,300,0.0560611,0.117332
-212.658,300,0.0562004,0.117997
-208.861,300,0.0563392,0.118664
-205.063,300,0.0564917,0.119388
-201.266,300,0.0566576,0.120167
-197.468,300,0.0568368,0.120991
-193.671,300,0.0570086,0.121792
-189.873,300,0.0571521,0.122502
-186.076,300,0.0572888,0.123193
-182.278,300,0.0574187,0.123863
-178.481,300,0.0575417,0.124513
-174.684,300,0.057658,0.125154
-170.886,300,0.0577737,0.125861
-167.089,300,0.0578881,0.126567
-163.291,300,0.0579976,0.127263
-159.494,300,0.0581258,0.128095
-155.696,300,0.0582505,0.12894
-151.899,300,0.0583721,0.129801
-148.101,300,0.0584882,0.130647
-144.304,300,0.0585938,0.131643
-140.506,300,0.0586909,0.132606
-136.709,300,0.0587758,0.133474
-132.911,300,0.0588548,0.134331
-129.114,300,0.0589279,0.135178
-125.316,300,0.0589971,0.136033
-121.519,300,0.0590605,0.136877
-117.722,300,0.0591198,0.137919
-113.924,300,0.0591756,0.138912
-110.127,300,0.05922,0.139799
-106.329,300,0.0592566,0.140704
-102.532,300,0.0592636,0.141769
-98.7342,300,0.0592581,0.142804
-94.9367,300,0.0592485,0.143815
-91.1392,300,0.0592476,0.144565
-87.3418,300,0.0592407,0.145276
-83.5443,300,0.0592285,0.146012
-79.7468,300,0.0592323,0.146876
-75.9494,300,0.059245,0.147754
-72.1519,300,0.0592394,0.148707
-68.3544,300,0.0592232,0.149684
-64.557,300,0.0592034,0.150519
-60.7595,300,0.0591782,0.151308
-56.962,300,0.0591471,0.152091
-53.1646,300,0.05911,0.152868
-49.3671,300,0.0590669,0.153637
-45.5696,300,0.0590178,0.1544
-41.7722,300,0.0589261,0.155192
-37.9747,300,0.0588069,0.156011
-34.1772,300,0.0586898,0.156814
-30.3797,300,0.0585657,0.157611
-26.5823,300,0.0584477,0.158426
-22.7848,300,0.0583784,0.159333
-18.9873,300,0.0583167,0.160224
-15.1899,300,0.0582824,0.161089
-11.3924,300,0.0581445,0.16174
-7.59494,300,0.0579685,0.162325
-3.79747,300,0.0577791,0.1629
0,300,0.057555,0.163471
