Id,Iq,Phi_d_pred,Phi_q_pred
-300,0,0.00669812,-0.0331248
-296.203,0,0.00676452,-0.0327488
-292.405,0,0.00683092,-0.0323727
-288.608,0,0.00689733,-0.0319967
-284.81,0,0.00696372,-0.0316206
-281.013,0,0.00703012,-0.0312445
-277.215,0,0.00709653,-0.0308685
-273.418,0,0.00716293,-0.0304924
-269.62,0,0.00722933,-0.0301164
-265.823,0,0.00729573,-0.0297403
-262.025,0,0.00736214,-0.0293642
-258.228,0,0.00742401,-0.028988
-254.43,0,0.00747339,-0.0286114
-250.633,0,0.00750779,-0.028276
-246.835,0,0.00750711,-0.0280375
-243.038,0,0.00750645,-0.0277989
-239.241,0,0.00750578,-0.0275603
-235.443,0,0.00750511,-0.0273217
-231.646,0,0.00750443,-0.0270831
-227.848,0,0.00750376,-0.0268445
-224.051,0,0.00753909,-0.0264889
-220.253,0,0.00760375,-0.026038
-216.456,0,0.00766843,-0.025587
-212.658,0,0.00775776,-0.0251122
-208.861,0,0.00785224,-0.0246324
-205.063,0,0.00794673,-0.0241527
-201.266,0,0.00804121,-0.0236729
-197.468,0,0.0081357,-0.0231931
-193.671,0,0.00823018,-0.0227134
-189.873,0,0.00832467,-0.0222336
-186.076,0,0.00841916,-0.0217538
-182.278,0,0.00851364,-0.0212741
-178.481,0,0.00860812,-0.0207943
-174.684,0,0.00870261,-0.0203145
-170.886,0,0.0087971,-0.0198348
-167.089,0,0.00883314,-0.019508
-163.291,0,0.00881013,-0.0193346
-159.494,0,0.00879141,-0.019143
-155.696,0,0.0087727,-0.0189514
-151.899,0,0.00879728,-0.0186479
-148.101,0,0.00883578,-0.0182779
-144.304,0,0.0088745,-0.0178923
-140.506,0,0.00891323,-0.0175067
-136.709,0,0.00895195,-0.017121
-132.911,0,0.00899067,-0.0167354
-129.114,0,0.00902939,-0.0163498
-125.316,0,0.00906811,-0.0159641
-121.519,0,0.00910684,-0.0155785
-117.722,0,0.00923039,-0.0148361
-113.924,0,0.00936033,-0.0140669
-110.127,0,0.00949026,-0.0132977
-106.329,0,0.00962031,-0.012527
-102.532,0,0.00975044,-0.011755
-98.7342,0,0.00988057,-0.010983
-94.9367,0,0.0099392,-0.0104984
-91.1392,0,0.0099676,-0.0101674
-87.3418,0,0.00999224,-0.00989408
-83.5443,0,0.0100627,-0.00947556
-79.7468,0,0.0101496,-0.0089718
-75.9494,0,0.0102367,-0.00846726
-72.1519,0,0.0103237,-0.0079627
-68.3544,0,0.0104108,-0.00745816
-64.557,0,0.0104984,-0.0069099
-60.7595,0,0.0107646,-0.0056779
-56.962,0,0.0109925,-0.00424924
-53.1646,0,0.0113289,-0.00244582
-49.3671,0,0.011679,-0.000593586
-45.5696,0,0.0120291,0.00125865
-41.7722,0,0.0123792,0.0031109
-37.9747,0,0.0127293,0.00496313
-34.1772,0,0.0130794,0.00681538
-30.3797,0,0.0134295,0.00866762
-26.5823,0,0.0138923,0.0112799
-22.7848,0,0.0144986,0.0148607
-18.9873,0,0.015105,0.0184414
-15.1899,0,0.0156945,0.0223937
-11.3924,0,0.0159731,0.0294295
-7.59494,0,0.0162601,0.0365623
-3.79747,0,0.016547,0.0436951
0,0,0.0168383,0.0508353
-300,3.79747,0.00739692,-0.031159
-296.203,3.79747,0.00746333,-0.0307829
-292.405,3.79747,0.00752973,-0.0304069
-288.608,3.79747,0.00759613,-0.0300308
-284.81,3.79747,0.00766254,-0.0296547
-281.013,3.79747,0.00772894,-0.0292787
-277.215,3.79747,0.00779534,-0.0289026
-273.418,3.79747,0.00786174,-0.0285266
-269.62,3.79747,0.00792814,-0.0281505
-265.823,3.79747,0.00799455,-0.0277744
-262.025,3.79747,0.00806095,-0.0273984
-258.228,3.79747,0.00812735,-0.0270223
-254.43,3.79747,0.00818239,-0.0266458
-250.633,3.79747,0.00823176,-0.0262692
-246.835,3.79747,0.00828113,-0.0258925
-243.038,3.79747,0.00833051,-0.0255159
-239.241,3.79747,0.00837988,-0.0251392
-235.443,3.79747,0.00842925,-0.0247626
-231.646,3.79747,0.00845364,-0.0244549
-227.848,3.79747,0.00851081,-0.0240283
-224.051,3.79747,0.00857549,-0.0235773
-220.253,3.79747,0.00864016,-0.0231263
-216.456,3.79747,0.00870483,-0.0226753
-212.658,3.79747,0.0087695,-0.0222244
-208.861,3.79747,0.00884138,-0.0217664
-205.063,3.79747,0.00893587,-0.0212867
-201.266,3.79747,0.00903035,-0.0208069
-197.468,3.79747,0.00912484,-0.0203272
-193.671,3.79747,0.00921932,-0.0198474
-189.873,3.79747,0.00931381,-0.0193676
-186.076,3.79747,0.00940829,-0.0188879
-182.278,3.79747,0.00950277,-0.0184081
-178.481,3.79747,0.00959726,-0.0179283
-174.684,3.79747,0.00969174,-0.0174486
-170.886,3.79747,0.00978623,-0.0169688
-167.089,3.79747,0.00988071,-0.016489
-163.291,3.79747,0.00988286,-0.0162506
-159.494,3.79747,0.00991551,-0.0159262
-155.696,3.79747,0.00995358,-0.0155878
-151.899,3.79747,0.00999218,-0.0152107
-148.101,3.79747,0.0100309,-0.0148251
-144.304,3.79747,0.0100696,-0.0144395
-140.506,3.79747,0.0101083,-0.0140538
-136.709,3.79747,0.0101471,-0.0136682
-132.911,3.79747,0.0101858,-0.0132826
-129.114,3.79747,0.0102245,-0.012897
-125.316,3.79747,0.0102632,-0.0125113
-121.519,3.79747,0.010345,-0.0119447
-117.722,3.79747,0.0104749,-0.0111755
-113.924,3.79747,0.0106049,-0.0104063
-110.127,3.79747,0.0107348,-0.00963709
-106.329,3.79747,0.0108647,-0.00886789
-102.532,3.79747,0.0109947,-0.0080987
-98.7342,3.79747,0.0111246,-0.0073295
-94.9367,3.79747,0.0112525,-0.00659452
-91.1392,3.79747,0.0113772,-0.00592093
-87.3418,3.79747,0.0114531,-0.00545316
-83.5443,3.79747,0.0115403,-0.00494666
-79.7468,3.79747,0.0116275,-0.00444016
-75.9494,3.79747,0.0117146,-0.00393366
-72.1519,3.79747,0.0118018,-0.00342716
-68.3544,3.79747,0.0119182,-0.00281933
-64.557,3.79747,0.0121917,-0.00156635
-60.7595,3.79747,0.0125402,0.000204864
-56.962,3.79747,0.0128903,0.0020571
-53.1646,3.79747,0.0132404,0.00390935
-49.3671,3.79747,0.0135905,0.00576159
-45.5696,3.79747,0.0139406,0.00761383
-41.7722,3.79747,0.0142907,0.00946607
-37.9747,3.79747,0.0146408,0.0113183
-34.1772,3.79747,0.0149909,0.0131706
-30.3797,3.79747,0.0153538,0.015109
-26.5823,3.79747,0.0159602,0.0186897
-22.7848,3.79747,0.0165665,0.0222704
-18.9873,3.79747,0.0171713,0.0259509
-15.1899,3.79747,0.0177356,0.0311364
-11.3924,3.79747,0.0180226,0.0382692
-7.59494,3.79747,0.0183095,0.045402
-3.79747,3.79747,0.0185965,0.0525348
0,3.79747,0.0188835,0.0596676
-300,7.59494,0.00809574,-0.0291931
-296.203,7.59494,0.00816214,-0.028817
-292.405,7.59494,0.00822854,-0.028441
-288.608,7.59494,0.00829494,-0.0280649
-284.81,7.59494,0.00836135,-0.0276888
-281.013,7.59494,0.00842775,-0.0273128
-277.215,7.59494,0.00849415,-0.0269367
-273.418,7.59494,0.00856055,-0.0265607
-269.62,7.59494,0.00862695,-0.0261846
-265.823,7.59494,0.00869336,-0.0258085
-262.025,7.59494,0.00875976,-0.0254325
-258.228,7.59494,0.00882616,-0.0250564
-254.43,7.59494,0.00889138,-0.0246803
-250.633,7.59494,0.00894075,-0.0243037
-246.835,7.59494,0.00899013,-0.023927
-243.038,7.59494,0.0090395,-0.0235504
-239.241,7.59494,0.00908887,-0.0231737
-235.443,7.59494,0.00914789,-0.0227634
-231.646,7.59494,0.00924114,-0.0222336
-227.848,7.59494,0.0093344,-0.0217037
-224.051,7.59494,0.00942765,-0.0211739
-220.253,7.59494,0.00952091,-0.0206441
-216.456,7.59494,0.00961417,-0.0201143
-212.658,7.59494,0.00970742,-0.0195844
-208.861,7.59494,0.00980068,-0.0190546
-205.063,7.59494,0.00989394,-0.0185248
-201.266,7.59494,0.0100048,-0.0179814
-197.468,7.59494,0.010114,-0.0174612
-193.671,7.59494,0.0102085,-0.0169814
-189.873,7.59494,0.0103029,-0.0165016
-186.076,7.59494,0.0103974,-0.0160219
-182.278,7.59494,0.0104919,-0.0155421
-178.481,7.59494,0.0105864,-0.0150623
-174.684,7.59494,0.0106809,-0.0145826
-170.886,7.59494,0.0107781,-0.0140957
-167.089,7.59494,0.0109303,-0.0134649
-163.291,7.59494,0.0110742,-0.0128562
-159.494,7.59494,0.0111099,-0.0125277
-155.696,7.59494,0.0111486,-0.0121435
-151.899,7.59494,0.0111873,-0.0117579
-148.101,7.59494,0.011226,-0.0113723
-144.304,7.59494,0.0112647,-0.0109867
-140.506,7.59494,0.0113035,-0.010601
-136.709,7.59494,0.0113422,-0.0102154
-132.911,7.59494,0.0113809,-0.0098298
-129.114,7.59494,0.0114196,-0.00944416
-125.316,7.59494,0.0114596,-0.00905328
-121.519,7.59494,0.0115895,-0.00828407
-117.722,7.59494,0.0117195,-0.00751487
-113.924,7.59494,0.0118494,-0.00674567
-110.127,7.59494,0.0119793,-0.00597646
-106.329,7.59494,0.0121093,-0.00520726
-102.532,7.59494,0.0122392,-0.00443806
-98.7342,7.59494,0.0123682,-0.00368463
-94.9367,7.59494,0.0124923,-0.0030143
-91.1392,7.59494,0.0126165,-0.00234396
-87.3418,7.59494,0.01277,-0.00156201
-83.5443,7.59494,0.0129381,-0.000724808
-79.7468,7.59494,0.0131062,0.000112387
-75.9494,7.59494,0.0131942,0.000622192
-72.1519,7.59494,0.0133465,0.00135476
-68.3544,7.59494,0.0137274,0.00294548
-64.557,7.59494,0.0141017,0.0047078
-60.7595,7.59494,0.0144518,0.00656003
-56.962,7.59494,0.0148019,0.00841228
-53.1646,7.59494,0.015152,0.0102645
-49.3671,7.59494,0.015502,0.0121168
-45.5696,7.59494,0.0158521,0.013969
-41.7722,7.59494,0.0162022,0.0158212
-37.9747,7.59494,0.0165523,0.0176735
-34.1772,7.59494,0.0169024,0.0195257
-30.3797,7.59494,0.0174217,0.0225188
-26.5823,7.59494,0.018028,0.0260995
-22.7848,7.59494,0.0186344,0.0296802
-18.9873,7.59494,0.0192588,0.0337107
-15.1899,7.59494,0.0197851,0.0399761
-11.3924,7.59494,0.0200721,0.0471089
-7.59494,7.59494,0.020359,0.0542417
-3.79747,7.59494,0.020646,0.0613744
0,7.59494,0.020933,0.0685072
-300,11.3924,0.00879455,-0.0272272
-296.203,11.3924,0.00886095,-0.0268512
-292.405,11.3924,0.00892735,-0.0264751
-288.608,11.3924,0.00899375,-0.026099
-284.81,11.3924,0.00906015,-0.025723
-281.013,11.3924,0.00912656,-0.0253469
-277.215,11.3924,0.00919296,-0.0249709
-273.418,11.3924,0.00925936,-0.0245948
-269.62,11.3924,0.00932577,-0.0242187
-265.823,11.3924,0.00939217,-0.0238427
-262.025,11.3924,0.00945857,-0.0234666
-258.228,11.3924,0.00952497,-0.0230906
-254.43,11.3924,0.00959137,-0.0227145
-250.633,11.3924,0.00964975,-0.0223382
-246.835,11.3924,0.00969912,-0.0219615
-243.038,11.3924,0.00974849,-0.0215849
-239.241,11.3924,0.00982218,-0.0211233
-235.443,11.3924,0.00991544,-0.0205935
-231.646,11.3924,0.0100087,-0.0200637
-227.848,11.3924,0.0101019,-0.0195338
-224.051,11.3924,0.0101952,-0.019004
-220.253,11.3924,0.0102885,-0.0184742
-216.456,11.3924,0.0103817,-0.0179443
-212.658,11.3924,0.010475,-0.0174145
-208.861,11.3924,0.0105682,-0.0168847
-205.063,11.3924,0.0106615,-0.0163548
-201.266,11.3924,0.0107547,-0.015825
-197.468,11.3924,0.0108499,-0.0152937
-193.671,11.3924,0.01097,-0.0147433
-189.873,11.3924,0.0110901,-0.014193
-186.076,11.3924,0.0112101,-0.0136426
-182.278,11.3924,0.0113302,-0.0130922
-178.481,11.3924,0.0114573,-0.0125242
-174.684,11.3924,0.0116141,-0.0118809
-170.886,11.3924,0.0117708,-0.0112376
-167.089,11.3924,0.0119276,-0.0105943
-163.291,11.3924,0.0120844,-0.00995098
-159.494,11.3924,0.0122255,-0.00929415
-155.696,11.3924,0.0123403,-0.00869997
-151.899,11.3924,0.0123824,-0.00830512
-148.101,11.3924,0.0124211,-0.00791949
-144.304,11.3924,0.0124599,-0.00753387
-140.506,11.3924,0.0124986,-0.00714825
-136.709,11.3924,0.0125373,-0.00676262
-132.911,11.3924,0.012576,-0.00637699
-129.114,11.3924,0.0126147,-0.00599136
-125.316,11.3924,0.0127041,-0.00539265
-121.519,11.3924,0.0128341,-0.00462344
-117.722,11.3924,0.012964,-0.00385424
-113.924,11.3924,0.0130939,-0.00308504
-110.127,11.3924,0.0132239,-0.00231585
-106.329,11.3924,0.0133538,-0.00154665
-102.532,11.3924,0.0134837,-0.000777448
-98.7342,11.3924,0.013608,-0.000104406
-94.9367,11.3924,0.0137322,0.000565932
-91.1392,11.3924,0.0138563,0.00123647
-87.3418,11.3924,0.0140244,0.00207367
-83.5443,11.3924,0.0141925,0.00291087
-79.7468,11.3924,0.0143606,0.00374808
-75.9494,11.3924,0.0147034,0.005165
-72.1519,11.3924,0.0151232,0.00688275
-68.3544,11.3924,0.0155414,0.00871349
-64.557,11.3924,0.0159212,0.0106871
-60.7595,11.3924,0.016301,0.0126607
-56.962,11.3924,0.0166808,0.0146343
-53.1646,11.3924,0.0170606,0.0166079
-49.3671,11.3924,0.0174136,0.0184719
-45.5696,11.3924,0.0177637,0.0203242
-41.7722,11.3924,0.0181138,0.0221764
-37.9747,11.3924,0.0184639,0.0240286
-34.1772,11.3924,0.0188832,0.0263478
-30.3797,11.3924,0.0194896,0.0299285
-26.5823,11.3924,0.0200959,0.0335093
-22.7848,11.3924,0.0207004,0.0372103
-18.9873,11.3924,0.0213487,0.04225
-15.1899,11.3924,0.0218346,0.0488157
-11.3924,11.3924,0.0221215,0.0559485
-7.59494,11.3924,0.0224085,0.0630813
-3.79747,11.3924,0.0226974,0.0701639
0,11.3924,0.0230355,0.0759793
-300,15.1899,0.00949335,-0.0252613
-296.203,15.1899,0.00955976,-0.0248853
-292.405,15.1899,0.00962616,-0.0245092
-288.608,15.1899,0.00969256,-0.0241332
-284.81,15.1899,0.00975896,-0.0237571
-281.013,15.1899,0.00982537,-0.023381
-277.215,15.1899,0.00989177,-0.023005
-273.418,15.1899,0.00995817,-0.0226289
-269.62,15.1899,0.0100246,-0.0222529
-265.823,15.1899,0.010091,-0.0218768
-262.025,15.1899,0.0101574,-0.0215007
-258.228,15.1899,0.0102238,-0.0211247
-254.43,15.1899,0.0102902,-0.0207486
-250.633,15.1899,0.0103566,-0.0203726
-246.835,15.1899,0.0104081,-0.019996
-243.038,15.1899,0.0104965,-0.0194832
-239.241,15.1899,0.0105897,-0.0189534
-235.443,15.1899,0.010683,-0.0184236
-231.646,15.1899,0.0107762,-0.0178937
-227.848,15.1899,0.0108695,-0.0173639
-224.051,15.1899,0.0109628,-0.0168341
-220.253,15.1899,0.011056,-0.0163042
-216.456,15.1899,0.0111493,-0.0157744
-212.658,15.1899,0.0112425,-0.0152446
-208.861,15.1899,0.0113358,-0.0147147
-205.063,15.1899,0.011429,-0.0141849
-201.266,15.1899,0.0115223,-0.0136551
-197.468,15.1899,0.0116156,-0.0131253
-193.671,15.1899,0.0117088,-0.0125954
-189.873,15.1899,0.0118151,-0.0120556
-186.076,15.1899,0.0119473,-0.0114745
-182.278,15.1899,0.0121041,-0.0108311
-178.481,15.1899,0.0122609,-0.0101878
-174.684,15.1899,0.0124177,-0.00954452
-170.886,15.1899,0.0125745,-0.00890121
-167.089,15.1899,0.0127313,-0.0082579
-163.291,15.1899,0.0128881,-0.00761459
-159.494,15.1899,0.0130461,-0.00688678
-155.696,15.1899,0.0131746,-0.00624283
-151.899,15.1899,0.0132904,-0.00564449
-148.101,15.1899,0.0134062,-0.00504612
-144.304,15.1899,0.0135221,-0.00444778
-140.506,15.1899,0.0136379,-0.00384942
-136.709,15.1899,0.0137324,-0.00330981
-132.911,15.1899,0.0137711,-0.00292419
-129.114,15.1899,0.0138187,-0.00250122
-125.316,15.1899,0.0139487,-0.00173202
-121.519,15.1899,0.0140786,-0.000962818
-117.722,15.1899,0.0142085,-0.000193619
-113.924,15.1899,0.0143385,0.000575585
-110.127,15.1899,0.0144684,0.00134479
-106.329,15.1899,0.0145983,0.00211398
-102.532,15.1899,0.0147237,0.00280549
-98.7342,15.1899,0.0148478,0.00347583
-94.9367,15.1899,0.014972,0.00414616
-91.1392,15.1899,0.0151108,0.00487216
-87.3418,15.1899,0.0152789,0.00570942
-83.5443,15.1899,0.015541,0.0068574
-79.7468,15.1899,0.0159196,0.00839735
-75.9494,15.1899,0.016339,0.010084
-72.1519,15.1899,0.0167602,0.0119034
-68.3544,15.1899,0.0171512,0.0138354
-64.557,15.1899,0.017531,0.015809
-60.7595,15.1899,0.0179108,0.0177826
-56.962,15.1899,0.0182906,0.0197562
-53.1646,15.1899,0.0186704,0.0217298
-49.3671,15.1899,0.0190502,0.0237034
-45.5696,15.1899,0.0194299,0.025677
-41.7722,15.1899,0.0198097,0.0276506
-37.9747,15.1899,0.0201895,0.0296242
-34.1772,15.1899,0.0207639,0.0329927
-30.3797,15.1899,0.0213648,0.036551
-26.5823,15.1899,0.0219655,0.0401233
-22.7848,15.1899,0.0226084,0.0444397
-18.9873,15.1899,0.0231941,0.050155
-15.1899,15.1899,0.023682,0.0568782
-11.3924,15.1899,0.0240249,0.0641975
-7.59494,15.1899,0.0243455,0.0713352
-3.79747,15.1899,0.024702,0.0772133
0,15.1899,0.025017,0.0828319
-300,18.9873,0.0101922,-0.0232955
-296.203,18.9873,0.0102586,-0.0229194
-292.405,18.9873,0.010325,-0.0225433
-288.608,18.9873,0.0103914,-0.0221673
-284.81,18.9873,0.0104578,-0.0217912
-281.013,18.9873,0.0105242,-0.0214152
-277.215,18.9873,0.0105906,-0.0210391
-273.418,18.9873,0.010657,-0.020663
-269.62,18.9873,0.0107234,-0.020287
-265.823,18.9873,0.0107898,-0.0199109
-262.025,18.9873,0.0108562,-0.0195349
-258.228,18.9873,0.0109226,-0.0191588
-254.43,18.9873,0.010989,-0.0187827
-250.633,18.9873,0.0110652,-0.0183725
-246.835,18.9873,0.0111708,-0.0178431
-243.038,18.9873,0.011264,-0.0173133
-239.241,18.9873,0.0113573,-0.0167835
-235.443,18.9873,0.0114505,-0.0162536
-231.646,18.9873,0.0115438,-0.0157238
-227.848,18.9873,0.0116371,-0.015194
-224.051,18.9873,0.0117303,-0.0146641
-220.253,18.9873,0.0118236,-0.0141343
-216.456,18.9873,0.0119168,-0.0136045
-212.658,18.9873,0.0120101,-0.0130747
-208.861,18.9873,0.0121033,-0.0125448
-205.063,18.9873,0.0121966,-0.012015
-201.266,18.9873,0.0122899,-0.0114852
-197.468,18.9873,0.0123831,-0.0109554
-193.671,18.9873,0.0124937,-0.0103815
-189.873,18.9873,0.0126237,-0.00975876
-186.076,18.9873,0.0127537,-0.009136
-182.278,18.9873,0.0129078,-0.00849476
-178.481,18.9873,0.0130646,-0.00785144
-174.684,18.9873,0.0132214,-0.00720813
-170.886,18.9873,0.0133782,-0.00656481
-167.089,18.9873,0.013535,-0.0059215
-163.291,18.9873,0.0136918,-0.0052782
-159.494,18.9873,0.0138499,-0.0045422
-155.696,18.9873,0.0140082,-0.00378672
-151.899,18.9873,0.0141246,-0.00318735
-148.101,18.9873,0.0142404,-0.00258899
-144.304,18.9873,0.0143563,-0.00199064
-140.506,18.9873,0.0144721,-0.00139229
-136.709,18.9873,0.0145879,-0.000793943
-132.911,18.9873,0.0147038,-0.000195583
-129.114,18.9873,0.0148535,0.000580688
-125.316,18.9873,0.0150224,0.00145742
-121.519,18.9873,0.0151913,0.00233413
-117.722,18.9873,0.0153602,0.00321086
-113.924,18.9873,0.0155291,0.00408758
-110.127,18.9873,0.015698,0.0049643
-106.329,18.9873,0.0158394,0.00571538
-102.532,18.9873,0.0159635,0.00638571
-98.7342,18.9873,0.0160877,0.00705606
-94.9367,18.9873,0.0162158,0.00774155
-91.1392,18.9873,0.0164645,0.00883878
-87.3418,18.9873,0.0167267,0.009987
-83.5443,18.9873,0.0171358,0.0116297
-79.7468,18.9873,0.0175551,0.0133064
-75.9494,18.9873,0.017976,0.0151047
-72.1519,18.9873,0.0183706,0.0169543
-68.3544,18.9873,0.0187173,0.0188367
-64.557,18.9873,0.019064,0.0207191
-60.7595,18.9873,0.0194107,0.0226015
-56.962,18.9873,0.0197575,0.0244839
-53.1646,18.9873,0.0201042,0.0263663
-49.3671,18.9873,0.0204509,0.0282487
-45.5696,18.9873,0.0207977,0.0301311
-41.7722,18.9873,0.0211444,0.0320135
-37.9747,18.9873,0.0215931,0.0346551
-34.1772,18.9873,0.0221477,0.0380857
-30.3797,18.9873,0.0227023,0.0415163
-26.5823,18.9873,0.0232813,0.0453637
-22.7848,18.9873,0.0239148,0.0498904
-18.9873,18.9873,0.0244714,0.0563313
-15.1899,18.9873,0.024942,0.0631257
-11.3924,18.9873,0.0252913,0.0702777
-7.59494,18.9873,0.0256804,0.0762017
-3.79747,18.9873,0.026013,0.0818545
0,18.9873,0.026109,0.0862177
-300,22.7848,0.0108922,-0.0213207
-296.203,22.7848,0.0109574,-0.0209535
-292.405,22.7848,0.0110238,-0.0205775
-288.608,22.7848,0.0110902,-0.0202014
-284.81,22.7848,0.0111566,-0.0198253
-281.013,22.7848,0.011223,-0.0194493
-277.215,22.7848,0.0112894,-0.0190732
-273.418,22.7848,0.0113558,-0.0186972
-269.62,22.7848,0.0114222,-0.0183211
-265.823,22.7848,0.0114886,-0.017945
-262.025,22.7848,0.011555,-0.017569
-258.228,22.7848,0.0116214,-0.0171929
-254.43,22.7848,0.0117123,-0.0167315
-250.633,22.7848,0.0118226,-0.0162022
-246.835,22.7848,0.0119328,-0.015673
-243.038,22.7848,0.0120316,-0.0151434
-239.241,22.7848,0.0121248,-0.0146135
-235.443,22.7848,0.0122181,-0.0140837
-231.646,22.7848,0.0123114,-0.0135539
-227.848,22.7848,0.0124046,-0.013024
-224.051,22.7848,0.0124979,-0.0124942
-220.253,22.7848,0.0125911,-0.0119644
-216.456,22.7848,0.0126844,-0.0114346
-212.658,22.7848,0.0127776,-0.0109047
-208.861,22.7848,0.0128709,-0.0103749
-205.063,22.7848,0.0129641,-0.00984508
-201.266,22.7848,0.01308,-0.00925804
-197.468,22.7848,0.01321,-0.00863528
-193.671,22.7848,0.0133399,-0.00801253
-189.873,22.7848,0.0134699,-0.00738977
-186.076,22.7848,0.0135999,-0.00676702
-182.278,22.7848,0.0137298,-0.00614426
-178.481,22.7848,0.0138682,-0.00551505
-174.684,22.7848,0.014025,-0.00487173
-170.886,22.7848,0.0141818,-0.00422842
-167.089,22.7848,0.0143386,-0.00358511
-163.291,22.7848,0.0144954,-0.0029418
-159.494,22.7848,0.0146536,-0.00219763
-155.696,22.7848,0.014812,-0.00144214
-151.899,22.7848,0.0149598,-0.000726113
-148.101,22.7848,0.0150747,-0.000131853
-144.304,22.7848,0.0151905,0.000466489
-140.506,22.7848,0.0153063,0.00106484
-136.709,22.7848,0.0154221,0.00166319
-132.911,22.7848,0.0155476,0.00231192
-129.114,22.7848,0.0157165,0.00318865
-125.316,22.7848,0.0158854,0.00406537
-121.519,22.7848,0.0160543,0.00494208
-117.722,22.7848,0.0162232,0.00581882
-113.924,22.7848,0.0163921,0.00669553
-110.127,22.7848,0.0165549,0.00752122
-106.329,22.7848,0.016709,0.00827419
-102.532,22.7848,0.0168661,0.00903775
-98.7342,22.7848,0.0170925,0.0100459
-94.9367,22.7848,0.0173194,0.0110561
-91.1392,22.7848,0.0176026,0.0122744
-87.3418,22.7848,0.0179888,0.0138599
-83.5443,22.7848,0.0183749,0.0154454
-79.7468,22.7848,0.0187624,0.0171213
-75.9494,22.7848,0.0191488,0.0188562
-72.1519,22.7848,0.0194955,0.0207386
-68.3544,22.7848,0.0198422,0.022621
-64.557,22.7848,0.020189,0.0245034
-60.7595,22.7848,0.0205357,0.0263858
-56.962,22.7848,0.0208824,0.0282682
-53.1646,22.7848,0.0212292,0.0301506
-49.3671,22.7848,0.0215759,0.032033
-45.5696,22.7848,0.0219226,0.0339154
-41.7722,22.7848,0.0222902,0.0359534
-37.9747,22.7848,0.0228448,0.039384
-34.1772,22.7848,0.0233994,0.0428146
-30.3797,22.7848,0.0239543,0.0462877
-26.5823,22.7848,0.024588,0.0508085
-22.7848,22.7848,0.0251921,0.0560666
-18.9873,22.7848,0.0257487,0.0625075
-15.1899,22.7848,0.0262107,0.0691474
-11.3924,22.7848,0.0265761,0.074957
-7.59494,22.7848,0.0268206,0.0803266
-3.79747,22.7848,0.0269279,0.0849202
0,22.7848,0.0269059,0.0886299
-300,26.5823,0.0115936,-0.0193358
-296.203,26.5823,0.0116562,-0.0189877
-292.405,26.5823,0.0117226,-0.0186116
-288.608,26.5823,0.011789,-0.0182355
-284.81,26.5823,0.0118554,-0.0178595
-281.013,26.5823,0.0119218,-0.0174834
-277.215,26.5823,0.0119882,-0.0171074
-273.418,26.5823,0.0120546,-0.0167313
-269.62,26.5823,0.012121,-0.0163552
-265.823,26.5823,0.0121874,-0.0159792
-262.025,26.5823,0.0122538,-0.0156031
-258.228,26.5823,0.0123594,-0.0150904
-254.43,26.5823,0.0124696,-0.0145612
-250.633,26.5823,0.0125799,-0.014032
-246.835,26.5823,0.0126902,-0.0135027
-243.038,26.5823,0.0127991,-0.0129734
-239.241,26.5823,0.0128924,-0.0124436
-235.443,26.5823,0.0129856,-0.0119138
-231.646,26.5823,0.0130789,-0.011384
-227.848,26.5823,0.0131722,-0.0108541
-224.051,26.5823,0.0132654,-0.0103243
-220.253,26.5823,0.0133587,-0.00979448
-216.456,26.5823,0.0134519,-0.00926465
-212.658,26.5823,0.0135452,-0.00873482
-208.861,26.5823,0.0136663,-0.00813456
-205.063,26.5823,0.0137962,-0.00751181
-201.266,26.5823,0.0139262,-0.00688905
-197.468,26.5823,0.0140562,-0.0062663
-193.671,26.5823,0.0141861,-0.00564355
-189.873,26.5823,0.0143161,-0.00502079
-186.076,26.5823,0.0144461,-0.00439803
-182.278,26.5823,0.014576,-0.00377528
-178.481,26.5823,0.014706,-0.00315253
-174.684,26.5823,0.014836,-0.00252978
-170.886,26.5823,0.0149855,-0.00189203
-167.089,26.5823,0.0151423,-0.00124872
-163.291,26.5823,0.0152991,-0.000605405
-159.494,26.5823,0.0154574,0.000146937
-155.696,26.5823,0.0156158,0.000902424
-151.899,26.5823,0.0157741,0.00165792
-148.101,26.5823,0.0159089,0.00232526
-144.304,26.5823,0.0160247,0.00292362
-140.506,26.5823,0.0161405,0.00352197
-136.709,26.5823,0.0162564,0.00412033
-132.911,26.5823,0.0164106,0.00491987
-129.114,26.5823,0.0165795,0.0057966
-125.316,26.5823,0.0167484,0.00667331
-121.519,26.5823,0.0169173,0.00755004
-117.722,26.5823,0.0170862,0.00842676
-113.924,26.5823,0.0172517,0.00927556
-110.127,26.5823,0.0174104,0.0100445
-106.329,26.5823,0.0176343,0.0110421
-102.532,26.5823,0.0178612,0.0120523
-98.7342,26.5823,0.0180882,0.0130625
-94.9367,26.5823,0.018367,0.0142604
-91.1392,26.5823,0.0187532,0.0158459
-87.3418,26.5823,0.0191394,0.0174313
-83.5443,26.5823,0.0195264,0.0190762
-79.7468,26.5823,0.0199146,0.0208045
-75.9494,26.5823,0.0202737,0.0226406
-72.1519,26.5823,0.0206205,0.024523
-68.3544,26.5823,0.0209672,0.0264054
-64.557,26.5823,0.0213139,0.0282878
-60.7595,26.5823,0.0216607,0.0301701
-56.962,26.5823,0.0220074,0.0320525
-53.1646,26.5823,0.0223541,0.0339349
-49.3671,26.5823,0.0227008,0.0358173
-45.5696,26.5823,0.0230476,0.0376997
-41.7722,26.5823,0.023542,0.0406823
-37.9747,26.5823,0.0240966,0.0441129
-34.1772,26.5823,0.0246512,0.0475435
-30.3797,26.5823,0.0252609,0.0517324
-26.5823,26.5823,0.0258947,0.0562532
-22.7848,26.5823,0.0264694,0.0622428
-18.9873,26.5823,0.0270377,0.0682422
-15.1899,26.5823,0.0274011,0.0734982
-11.3924,26.5823,0.0276183,0.0787488
-7.59494,26.5823,0.0277391,0.0835208
-3.79747,26.5823,0.0277698,0.0874776
0,26.5823,0.0276138,0.0907542
-300,30.3797,0.012295,-0.0173509
-296.203,30.3797,0.0123571,-0.0170061
-292.405,30.3797,0.0124214,-0.0166457
-288.608,30.3797,0.0124878,-0.0162697
-284.81,30.3797,0.0125542,-0.0158936
-281.013,30.3797,0.0126206,-0.0155175
-277.215,30.3797,0.012687,-0.0151415
-273.418,30.3797,0.0127534,-0.0147654
-269.62,30.3797,0.0128198,-0.0143894
-265.823,30.3797,0.0128962,-0.0139786
-262.025,30.3797,0.0130064,-0.0134494
-258.228,30.3797,0.0131167,-0.0129202
-254.43,30.3797,0.013227,-0.0123909
-250.633,30.3797,0.0133373,-0.0118617
-246.835,30.3797,0.0134476,-0.0113325
-243.038,30.3797,0.0135579,-0.0108032
-239.241,30.3797,0.0136599,-0.0102737
-235.443,30.3797,0.0137532,-0.00974387
-231.646,30.3797,0.0138465,-0.00921403
-227.848,30.3797,0.0139397,-0.00868421
-224.051,30.3797,0.014033,-0.00815439
-220.253,30.3797,0.0141262,-0.00762456
-216.456,30.3797,0.0142525,-0.00701109
-212.658,30.3797,0.0143825,-0.00638833
-208.861,30.3797,0.0145125,-0.00576557
-205.063,30.3797,0.0146424,-0.00514282
-201.266,30.3797,0.0147724,-0.00452007
-197.468,30.3797,0.0149024,-0.00389733
-193.671,30.3797,0.0150323,-0.00327457
-189.873,30.3797,0.0151623,-0.0026518
-186.076,30.3797,0.0152923,-0.00202905
-182.278,30.3797,0.0154222,-0.0014063
-178.481,30.3797,0.0155522,-0.000783536
-174.684,30.3797,0.0156822,-0.000160784
-170.886,30.3797,0.0158121,0.000461962
-167.089,30.3797,0.015946,0.00108768
-163.291,30.3797,0.0161028,0.00173602
-159.494,30.3797,0.0162612,0.00249151
-155.696,30.3797,0.0164195,0.00324701
-151.899,30.3797,0.0165779,0.0040025
-148.101,30.3797,0.0167363,0.00475799
-144.304,30.3797,0.0168589,0.00538075
-140.506,30.3797,0.0169748,0.00597911
-136.709,30.3797,0.0171046,0.00665111
-132.911,30.3797,0.0172735,0.00752783
-129.114,30.3797,0.0174424,0.00840456
-125.316,30.3797,0.0176113,0.00928127
-121.519,30.3797,0.0177803,0.010158
-117.722,30.3797,0.0179547,0.0110513
-113.924,30.3797,0.018177,0.012042
-110.127,30.3797,0.0184031,0.0130486
-106.329,30.3797,0.01863,0.0140588
-102.532,30.3797,0.0188569,0.0150689
-98.7342,30.3797,0.0191452,0.0162981
-94.9367,30.3797,0.0195176,0.0178318
-91.1392,30.3797,0.0199038,0.0194173
-87.3418,30.3797,0.0202904,0.0210311
-83.5443,30.3797,0.0206785,0.0227593
-79.7468,30.3797,0.021052,0.0245425
-75.9494,30.3797,0.0213987,0.0264249
-72.1519,30.3797,0.0217454,0.0283073
-68.3544,30.3797,0.0220922,0.0301897
-64.557,30.3797,0.0224389,0.0320721
-60.7595,30.3797,0.0227856,0.0339545
-56.962,30.3797,0.0231323,0.0358369
-53.1646,30.3797,0.0234791,0.0377193
-49.3671,30.3797,0.0238258,0.0396017
-45.5696,30.3797,0.0242392,0.0419807
-41.7722,30.3797,0.0247938,0.0454113
-37.9747,30.3797,0.0253484,0.0488419
-34.1772,30.3797,0.0259339,0.0526564
-30.3797,30.3797,0.0265676,0.0571772
-26.5823,30.3797,0.0271901,0.0619782
-22.7848,30.3797,0.0276933,0.06735
-18.9873,30.3797,0.0281477,0.0722114
-15.1899,30.3797,0.0284159,0.0771711
-11.3924,30.3797,0.0285367,0.081943
-7.59494,30.3797,0.028626,0.0863003
-3.79747,30.3797,0.0284777,0.089602
0,30.3797,0.0283217,0.0928786
-300,34.1772,0.0129963,-0.015366
-296.203,34.1772,0.0130585,-0.0150212
-292.405,34.1772,0.0131207,-0.0146763
-288.608,34.1772,0.0131866,-0.0143038
-284.81,34.1772,0.013253,-0.0139277
-281.013,34.1772,0.0133194,-0.0135517
-277.215,34.1772,0.0133858,-0.0131756
-273.418,34.1772,0.0134522,-0.0127995
-269.62,34.1772,0.0135432,-0.0123376
-265.823,34.1772,0.0136535,-0.0118084
-262.025,34.1772,0.0137638,-0.0112791
-258.228,34.1772,0.0138741,-0.0107499
-254.43,34.1772,0.0139844,-0.0102206
-250.633,34.1772,0.0140947,-0.00969141
-246.835,34.1772,0.014205,-0.00916218
-243.038,34.1772,0.0143152,-0.00863293
-239.241,34.1772,0.0144255,-0.0081037
-235.443,34.1772,0.0145208,-0.00757395
-231.646,34.1772,0.014614,-0.00704412
-227.848,34.1772,0.0147088,-0.00651036
-224.051,34.1772,0.0148388,-0.00588761
-220.253,34.1772,0.0149688,-0.00526485
-216.456,34.1772,0.0150987,-0.0046421
-212.658,34.1772,0.0152287,-0.00401934
-208.861,34.1772,0.0153587,-0.00339659
-205.063,34.1772,0.0154886,-0.00277384
-201.266,34.1772,0.0156186,-0.00215108
-197.468,34.1772,0.0157486,-0.00152832
-193.671,34.1772,0.0158785,-0.000905579
-189.873,34.1772,0.0160085,-0.000282815
-186.076,34.1772,0.0161385,0.000339931
-182.278,34.1772,0.0162684,0.000962689
-178.481,34.1772,0.0163984,0.00158545
-174.684,34.1772,0.0165284,0.0022082
-170.886,34.1772,0.0166583,0.00283095
-167.089,34.1772,0.0167883,0.0034537
-163.291,34.1772,0.0169183,0.00407959
-159.494,34.1772,0.017065,0.00483609
-155.696,34.1772,0.0172233,0.00559158
-151.899,34.1772,0.0173817,0.00634707
-148.101,34.1772,0.0175401,0.00710257
-144.304,34.1772,0.0176941,0.00784191
-140.506,34.1772,0.017809,0.00843624
-136.709,34.1772,0.0179676,0.00925906
-132.911,34.1772,0.0181365,0.0101358
-129.114,34.1772,0.0183054,0.0110125
-125.316,34.1772,0.018482,0.011916
-121.519,34.1772,0.0187191,0.0130305
-117.722,34.1772,0.0189449,0.0140449
-113.924,34.1772,0.0191718,0.015055
-110.127,34.1772,0.0193987,0.0160652
-106.329,34.1772,0.0196256,0.0170754
-102.532,34.1772,0.019937,0.0183865
-98.7342,34.1772,0.0202822,0.0198185
-94.9367,34.1772,0.0206682,0.0214033
-91.1392,34.1772,0.0210544,0.0229888
-87.3418,34.1772,0.0214425,0.0247142
-83.5443,34.1772,0.0218302,0.0264445
-79.7468,34.1772,0.0221769,0.0283269
-75.9494,34.1772,0.0225236,0.0302092
-72.1519,34.1772,0.0228704,0.0320916
-68.3544,34.1772,0.0232171,0.033974
-64.557,34.1772,0.0235638,0.0358564
-60.7595,34.1772,0.0239106,0.0377388
-56.962,34.1772,0.0242573,0.0396212
-53.1646,34.1772,0.024604,0.0415036
-49.3671,34.1772,0.0249508,0.043386
-45.5696,34.1772,0.025491,0.0467096
-41.7722,34.1772,0.0260456,0.0501402
-37.9747,34.1772,0.026606,0.0536312
-34.1772,34.1772,0.0272397,0.0580986
-30.3797,34.1772,0.0278148,0.0620973
-26.5823,34.1772,0.0283459,0.0664357
-22.7848,34.1772,0.0287841,0.0712462
-18.9873,34.1772,0.0291562,0.0757284
-15.1899,34.1772,0.0293343,0.0803653
-11.3924,34.1772,0.0294449,0.0850029
-7.59494,34.1772,0.0293416,0.0884498
-3.79747,34.1772,0.0291856,0.0917264
0,34.1772,0.028983,0.0947417
-300,37.9747,0.0136977,-0.0133811
-296.203,37.9747,0.0137599,-0.0130362
-292.405,37.9747,0.0138221,-0.0126914
-288.608,37.9747,0.0138854,-0.0123379
-284.81,37.9747,0.0139518,-0.0119619
-281.013,37.9747,0.0140182,-0.0115858
-277.215,37.9747,0.0140846,-0.0112097
-273.418,37.9747,0.0141903,-0.0106965
-269.62,37.9747,0.0143006,-0.0101673
-265.823,37.9747,0.0144109,-0.00963807
-262.025,37.9747,0.0145212,-0.00910884
-258.228,37.9747,0.0146315,-0.00857959
-254.43,37.9747,0.0147418,-0.00805036
-250.633,37.9747,0.014852,-0.00752113
-246.835,37.9747,0.0149623,-0.00699189
-243.038,37.9747,0.0150726,-0.00646267
-239.241,37.9747,0.0151829,-0.00593343
-235.443,37.9747,0.0152951,-0.00538689
-231.646,37.9747,0.015425,-0.00476415
-227.848,37.9747,0.015555,-0.00414138
-224.051,37.9747,0.015685,-0.00351863
-220.253,37.9747,0.0158149,-0.00289588
-216.456,37.9747,0.0159449,-0.00227311
-212.658,37.9747,0.0160749,-0.00165036
-208.861,37.9747,0.0162049,-0.00102761
-205.063,37.9747,0.0163348,-0.000404846
-201.266,37.9747,0.0164648,0.000217906
-197.468,37.9747,0.0165948,0.000840657
-193.671,37.9747,0.0167247,0.00146342
-189.873,37.9747,0.0168547,0.00208616
-186.076,37.9747,0.0169847,0.00270892
-182.278,37.9747,0.0171146,0.00333168
-178.481,37.9747,0.0172446,0.00395443
-174.684,37.9747,0.0173746,0.00457719
-170.886,37.9747,0.0175045,0.00519993
-167.089,37.9747,0.0176345,0.00582269
-163.291,37.9747,0.0177645,0.00644545
-159.494,37.9747,0.017896,0.00717834
-155.696,37.9747,0.0180278,0.00793609
-151.899,37.9747,0.0181855,0.00869165
-148.101,37.9747,0.0183438,0.00944714
-144.304,37.9747,0.0185022,0.0102026
-140.506,37.9747,0.0186629,0.0109955
-136.709,37.9747,0.0188324,0.0118748
-132.911,37.9747,0.019011,0.0127854
-129.114,37.9747,0.0192473,0.0138964
-125.316,37.9747,0.0194835,0.0150074
-121.519,37.9747,0.0197136,0.0160513
-117.722,37.9747,0.0199405,0.0170615
-113.924,37.9747,0.0201674,0.0180716
-110.127,37.9747,0.0203943,0.0190818
-106.329,37.9747,0.0207287,0.020475
-102.532,37.9747,0.021074,0.021907
-98.7342,37.9747,0.0214327,0.0233893
-94.9367,37.9747,0.0218188,0.0249748
-91.1392,37.9747,0.0222065,0.0266691
-87.3418,37.9747,0.0225947,0.0283973
-83.5443,37.9747,0.0229551,0.0302288
-79.7468,37.9747,0.0233019,0.0321112
-75.9494,37.9747,0.0236486,0.0339936
-72.1519,37.9747,0.0239953,0.035876
-68.3544,37.9747,0.0243421,0.0377584
-64.557,37.9747,0.0246888,0.0396408
-60.7595,37.9747,0.0250355,0.0415232
-56.962,37.9747,0.0253823,0.0434056
-53.1646,37.9747,0.025729,0.045288
-49.3671,37.9747,0.0261882,0.048008
-45.5696,37.9747,0.0267428,0.0514386
-41.7722,37.9747,0.0272484,0.0548316
-37.9747,37.9747,0.0277603,0.0586384
-34.1772,37.9747,0.0283076,0.0623507
-30.3797,37.9747,0.0288357,0.0658386
-26.5823,37.9747,0.0294108,0.0702972
-22.7848,37.9747,0.0297608,0.0746053
-18.9873,37.9747,0.0300917,0.0788824
-15.1899,37.9747,0.0302528,0.0835594
-11.3924,37.9747,0.0302056,0.0872976
-7.59494,37.9747,0.0300495,0.0905742
-3.79747,37.9747,0.0298935,0.0938508
0,37.9747,0.0295996,0.0963544
-300,41.7722,0.0143991,-0.0113962
-296.203,41.7722,0.0144613,-0.0110513
-292.405,41.7722,0.0145235,-0.0107065
-288.608,41.7722,0.0145856,-0.0103617
-284.81,41.7722,0.0146506,-0.00999599
-281.013,41.7722,0.0147271,-0.00958473
-277.215,41.7722,0.0148374,-0.0090555
-273.418,41.7722,0.0149477,-0.00852625
-269.62,41.7722,0.015058,-0.00799703
-265.823,41.7722,0.0151683,-0.00746779
-262.025,41.7722,0.0152786,-0.00693856
-258.228,41.7722,0.0153888,-0.00640932
-254.43,41.7722,0.0154991,-0.00588009
-250.633,41.7722,0.0156094,-0.00535086
-246.835,41.7722,0.0157197,-0.00482162
-243.038,41.7722,0.015842,-0.00426204
-239.241,41.7722,0.015989,-0.00363988
-235.443,41.7722,0.016136,-0.00301772
-231.646,41.7722,0.0162712,-0.00239514
-227.848,41.7722,0.0164012,-0.0017724
-224.051,41.7722,0.0165312,-0.00114965
-220.253,41.7722,0.0166611,-0.000526883
-216.456,41.7722,0.0167911,9.58686e-05
-212.658,41.7722,0.0169211,0.00071862
-208.861,41.7722,0.017051,0.00134138
-205.063,41.7722,0.017181,0.00196413
-201.266,41.7722,0.017311,0.00258689
-197.468,41.7722,0.0174409,0.00320964
-193.671,41.7722,0.0175709,0.00383239
-189.873,41.7722,0.0177009,0.00445516
-186.076,41.7722,0.0178308,0.0050779
-182.278,41.7722,0.0179608,0.00570065
-178.481,41.7722,0.0180908,0.00632341
-174.684,41.7722,0.0182207,0.00694616
-170.886,41.7722,0.0183507,0.00756892
-167.089,41.7722,0.0184807,0.00819167
-163.291,41.7722,0.0186106,0.00881442
-159.494,41.7722,0.0187418,0.00951932
-155.696,41.7722,0.0188736,0.0102771
-151.899,41.7722,0.0190055,0.0110348
-148.101,41.7722,0.0191476,0.0117917
-144.304,41.7722,0.019306,0.0125472
-140.506,41.7722,0.0195263,0.0136046
-136.709,41.7722,0.0197779,0.014773
-132.911,41.7722,0.0200142,0.015884
-129.114,41.7722,0.0202505,0.016995
-125.316,41.7722,0.0204823,0.0180577
-121.519,41.7722,0.0207092,0.0190679
-117.722,41.7722,0.0209361,0.0200781
-113.924,41.7722,0.0211751,0.0211314
-110.127,41.7722,0.0215204,0.0225634
-106.329,41.7722,0.0218657,0.0239954
-102.532,41.7722,0.022211,0.0254274
-98.7342,41.7722,0.0225833,0.0269608
-94.9367,41.7722,0.0229705,0.0286239
-91.1392,41.7722,0.0233587,0.0303522
-87.3418,41.7722,0.0237334,0.0321307
-83.5443,41.7722,0.0240801,0.0340131
-79.7468,41.7722,0.0244268,0.0358955
-75.9494,41.7722,0.0247736,0.0377779
-72.1519,41.7722,0.0251203,0.0396603
-68.3544,41.7722,0.025467,0.0415427
-64.557,41.7722,0.0258137,0.0434251
-60.7595,41.7722,0.0261605,0.0453075
-56.962,41.7722,0.0264997,0.0472024
-53.1646,41.7722,0.0268015,0.0494459
-49.3671,41.7722,0.0272645,0.0527946
-45.5696,41.7722,0.0277108,0.0559801
-41.7722,41.7722,0.0282158,0.0589834
-37.9747,41.7722,0.0287636,0.0626655
-34.1772,41.7722,0.0292749,0.0660348
-30.3797,41.7722,0.0297813,0.0696268
-26.5823,41.7722,0.0302559,0.0736645
-22.7848,41.7722,0.0306963,0.0777593
-18.9873,41.7722,0.0310271,0.0820365
-15.1899,41.7722,0.0310695,0.0861454
-11.3924,41.7722,0.0309134,0.089422
-7.59494,41.7722,0.0307574,0.0926986
-3.79747,41.7722,0.0305275,0.0955608
0,41.7722,0.0302162,0.0979671
-300,45.5696,0.0151005,-0.00941122
-296.203,45.5696,0.0151627,-0.00906639
-292.405,45.5696,0.0152249,-0.00872157
-288.608,45.5696,0.015287,-0.00837674
-284.81,45.5696,0.0153742,-0.00794368
-281.013,45.5696,0.0154845,-0.00741445
-277.215,45.5696,0.0155948,-0.00688521
-273.418,45.5696,0.0157051,-0.00635598
-269.62,45.5696,0.0158154,-0.00582675
-265.823,45.5696,0.0159256,-0.00529752
-262.025,45.5696,0.0160359,-0.00476829
-258.228,45.5696,0.0161462,-0.00423904
-254.43,45.5696,0.0162565,-0.00370981
-250.633,45.5696,0.016384,-0.00313702
-246.835,45.5696,0.016531,-0.00251486
-243.038,45.5696,0.016678,-0.00189269
-239.241,45.5696,0.016825,-0.00127053
-235.443,45.5696,0.016972,-0.000648369
-231.646,45.5696,0.0171174,-2.61684e-05
-227.848,45.5696,0.0172474,0.000596595
-224.051,45.5696,0.0173774,0.00121935
-220.253,45.5696,0.0175073,0.0018421
-216.456,45.5696,0.0176373,0.00246485
-212.658,45.5696,0.0177673,0.00308761
-208.861,45.5696,0.0178972,0.00371035
-205.063,45.5696,0.0180272,0.00433311
-201.266,45.5696,0.0181572,0.00495587
-197.468,45.5696,0.0182871,0.00557863
-193.671,45.5696,0.0184171,0.00620137
-189.873,45.5696,0.0185471,0.00682413
-186.076,45.5696,0.018677,0.00744689
-182.278,45.5696,0.018807,0.00806964
-178.481,45.5696,0.018937,0.00869239
-174.684,45.5696,0.0190669,0.00931515
-170.886,45.5696,0.0191969,0.0099379
-167.089,45.5696,0.0193269,0.0105607
-163.291,45.5696,0.0194568,0.0111834
-159.494,45.5696,0.0195876,0.0118603
-155.696,45.5696,0.0197194,0.0126181
-151.899,45.5696,0.0198513,0.0133758
-148.101,45.5696,0.0199952,0.0141754
-144.304,45.5696,0.0202188,0.0152936
-140.506,45.5696,0.0204964,0.0165792
-136.709,45.5696,0.0207793,0.0178645
-132.911,45.5696,0.0210175,0.0189826
-129.114,45.5696,0.021251,0.0200642
-125.316,45.5696,0.0214779,0.0210743
-121.519,45.5696,0.0217048,0.0220845
-117.722,45.5696,0.0219669,0.0232199
-113.924,45.5696,0.0223122,0.0246519
-110.127,45.5696,0.0226574,0.0260839
-106.329,45.5696,0.0230027,0.0275159
-102.532,45.5696,0.023348,0.0289479
-98.7342,45.5696,0.0237345,0.0305788
-94.9367,45.5696,0.0241227,0.0323071
-91.1392,45.5696,0.0245109,0.0340353
-87.3418,45.5696,0.0248583,0.0359151
-83.5443,45.5696,0.0252051,0.0377975
-79.7468,45.5696,0.0255518,0.0396799
-75.9494,45.5696,0.0258985,0.0415622
-72.1519,45.5696,0.0262452,0.0434446
-68.3544,45.5696,0.026592,0.045327
-64.557,45.5696,0.0268672,0.0472385
-60.7595,45.5696,0.027099,0.0491609
-56.962,45.5696,0.0273308,0.0510833
-53.1646,45.5696,0.027723,0.0540445
-49.3671,45.5696,0.0281911,0.0566692
-45.5696,45.5696,0.0286702,0.0594044
-41.7722,45.5696,0.0292072,0.0628808
-37.9747,45.5696,0.0297142,0.0662309
-34.1772,45.5696,0.0301601,0.0692778
-30.3797,45.5696,0.0306169,0.072947
-26.5823,45.5696,0.0310916,0.0769847
-22.7848,45.5696,0.0315662,0.0810225
-18.9873,45.5696,0.0319259,0.0849987
-15.1899,45.5696,0.0317774,0.0882698
-11.3924,45.5696,0.0316213,0.0915464
-7.59494,45.5696,0.0314554,0.0947672
-3.79747,45.5696,0.0311441,0.0971735
0,45.5696,0.030774,0.09936
-300,49.3671,0.0158019,-0.00742629
-296.203,49.3671,0.0158641,-0.00708147
-292.405,49.3671,0.0159262,-0.00673665
-288.608,49.3671,0.0160279,-0.00625417
-284.81,49.3671,0.0161339,-0.00575616
-281.013,49.3671,0.0162419,-0.00524416
-277.215,49.3671,0.0163522,-0.00471493
-273.418,49.3671,0.0164624,-0.0041857
-269.62,49.3671,0.0165727,-0.00365647
-265.823,49.3671,0.016683,-0.00312724
-262.025,49.3671,0.0167933,-0.002598
-258.228,49.3671,0.016926,-0.00201199
-254.43,49.3671,0.017073,-0.00138983
-250.633,49.3671,0.01722,-0.000767676
-246.835,49.3671,0.017367,-0.000145518
-243.038,49.3671,0.017514,0.000476659
-239.241,49.3671,0.017661,0.00109882
-235.443,49.3671,0.017808,0.00172096
-231.646,49.3671,0.017955,0.00234313
-227.848,49.3671,0.0180936,0.00296558
-224.051,49.3671,0.0182236,0.00358833
-220.253,49.3671,0.0183535,0.00421109
-216.456,49.3671,0.0184835,0.00483383
-212.658,49.3671,0.0186135,0.0054566
-208.861,49.3671,0.0187434,0.00607935
-205.063,49.3671,0.0188734,0.0067021
-201.266,49.3671,0.0190034,0.00732486
-197.468,49.3671,0.0191333,0.00794761
-193.671,49.3671,0.0192633,0.00857037
-189.873,49.3671,0.0193933,0.00919312
-186.076,49.3671,0.0195232,0.00981587
-182.278,49.3671,0.0196532,0.0104386
-178.481,49.3671,0.0197832,0.0110614
-174.684,49.3671,0.0199131,0.0116841
-170.886,49.3671,0.0200431,0.0123069
-167.089,49.3671,0.0201731,0.0129297
-163.291,49.3671,0.020303,0.0135524
-159.494,49.3671,0.0204334,0.0142013
-155.696,49.3671,0.0205788,0.0150062
-151.899,49.3671,0.0207774,0.0159956
-148.101,49.3671,0.020976,0.016985
-144.304,49.3671,0.0212309,0.0182646
-140.506,49.3671,0.0214873,0.0195521
-136.709,49.3671,0.0217494,0.0208391
-132.911,49.3671,0.0220197,0.0220706
-129.114,49.3671,0.0222467,0.0230808
-125.316,49.3671,0.0224736,0.024091
-121.519,49.3671,0.0227586,0.0253083
-117.722,49.3671,0.0231039,0.0267403
-113.924,49.3671,0.0234492,0.0281723
-110.127,49.3671,0.0237944,0.0296043
-106.329,49.3671,0.0241397,0.0310363
-102.532,49.3671,0.0244985,0.0325337
-98.7342,49.3671,0.0248867,0.0342619
-94.9367,49.3671,0.0252749,0.0359902
-91.1392,49.3671,0.0256365,0.037817
-87.3418,49.3671,0.0259833,0.0396994
-83.5443,49.3671,0.0263298,0.0415812
-79.7468,49.3671,0.0266442,0.0433662
-75.9494,49.3671,0.0269441,0.0451754
-72.1519,49.3671,0.0271759,0.0470978
-68.3544,49.3671,0.0274078,0.0490203
-64.557,49.3671,0.0276396,0.0509427
-60.7595,49.3671,0.0278744,0.052789
-56.962,49.3671,0.0282031,0.0547362
-53.1646,49.3671,0.0286713,0.0573583
-49.3671,49.3671,0.0291395,0.0599804
-45.5696,49.3671,0.0296462,0.0630945
-41.7722,49.3671,0.0301338,0.0663296
-37.9747,49.3671,0.0305545,0.0692512
-34.1772,49.3671,0.0309779,0.0722294
-30.3797,49.3671,0.0314526,0.0762672
-26.5823,49.3671,0.0319272,0.0803049
-22.7848,49.3671,0.0323916,0.0842917
-18.9873,49.3671,0.0326276,0.0871403
-15.1899,49.3671,0.0324852,0.0903942
-11.3924,49.3671,0.0323292,0.0936708
-7.59494,49.3671,0.032072,0.09638
-3.79747,49.3671,0.0317345,0.0986883
0,49.3671,0.0313155,0.100692
-300,53.1646,0.0165033,-0.00544138
-296.203,53.1646,0.0165757,-0.00506085
-292.405,53.1646,0.0166817,-0.00456284
-288.608,53.1646,0.0167878,-0.00406484
-284.81,53.1646,0.0168939,-0.00356684
-281.013,53.1646,0.0169999,-0.00306884
-277.215,53.1646,0.0171095,-0.00254466
-273.418,53.1646,0.0172198,-0.00201543
-269.62,53.1646,0.0173301,-0.00148619
-265.823,53.1646,0.017468,-0.000886966
-262.025,53.1646,0.017615,-0.000264808
-258.228,53.1646,0.017762,0.000357351
-254.43,53.1646,0.017909,0.000979521
-250.633,53.1646,0.018056,0.00160167
-246.835,53.1646,0.018203,0.00222384
-243.038,53.1646,0.01835,0.002846
-239.241,53.1646,0.018497,0.00346815
-235.443,53.1646,0.018644,0.00409031
-231.646,53.1646,0.018791,0.00471247
-227.848,53.1646,0.018938,0.00533463
-224.051,53.1646,0.0190698,0.00595732
-220.253,53.1646,0.0191997,0.00658008
-216.456,53.1646,0.0193297,0.00720282
-212.658,53.1646,0.0194597,0.00782558
-208.861,53.1646,0.0195896,0.00844834
-205.063,53.1646,0.0197196,0.0090711
-201.266,53.1646,0.0198496,0.00969384
-197.468,53.1646,0.0199795,0.0103166
-193.671,53.1646,0.0201095,0.0109394
-189.873,53.1646,0.0202395,0.0115621
-186.076,53.1646,0.0203694,0.0121849
-182.278,53.1646,0.0204994,0.0128076
-178.481,53.1646,0.0206294,0.0134304
-174.684,53.1646,0.0207593,0.0140531
-170.886,53.1646,0.0208893,0.0146759
-167.089,53.1646,0.0210193,0.0152986
-163.291,53.1646,0.0211644,0.0159793
-159.494,53.1646,0.0213615,0.0168581
-155.696,53.1646,0.0215596,0.0178157
-151.899,53.1646,0.0217583,0.0188051
-148.101,53.1646,0.0219866,0.0199482
-144.304,53.1646,0.022243,0.0212357
-140.506,53.1646,0.0224994,0.0225231
-136.709,53.1646,0.0227558,0.0238106
-132.911,53.1646,0.0230035,0.0250056
-129.114,53.1646,0.0232423,0.0260974
-125.316,53.1646,0.0235503,0.0273968
-121.519,53.1646,0.0238956,0.0288288
-117.722,53.1646,0.0242409,0.0302608
-113.924,53.1646,0.0245862,0.0316928
-110.127,53.1646,0.0249315,0.0331248
-106.329,53.1646,0.0252768,0.0345577
-102.532,53.1646,0.0256507,0.0362168
-98.7342,53.1646,0.0260254,0.0379045
-94.9367,53.1646,0.0263689,0.039581
-91.1392,53.1646,0.0266833,0.041366
-87.3418,53.1646,0.0269977,0.0431511
-83.5443,53.1646,0.0272529,0.0450347
-79.7468,53.1646,0.0274847,0.0469572
-75.9494,53.1646,0.0277165,0.0488796
-72.1519,53.1646,0.0279485,0.0508
-68.3544,53.1646,0.0281948,0.0523484
-64.557,53.1646,0.0284411,0.0538968
-60.7595,53.1646,0.0286875,0.0554451
-56.962,53.1646,0.0291516,0.0580474
-53.1646,53.1646,0.0296158,0.0606686
-49.3671,53.1646,0.0300837,0.0634011
-45.5696,53.1646,0.0305282,0.0663029
-41.7722,53.1646,0.0309489,0.0692245
-37.9747,53.1646,0.0313696,0.0721462
-34.1772,53.1646,0.0318136,0.0755496
-30.3797,53.1646,0.0322882,0.0795873
-26.5823,53.1646,0.0327629,0.0836251
-22.7848,53.1646,0.0330202,0.0865672
-18.9873,53.1646,0.0332481,0.0894102
-15.1899,53.1646,0.0331931,0.0925185
-11.3924,53.1646,0.0329999,0.0955864
-7.59494,53.1646,0.0326886,0.0979927
-3.79747,53.1646,0.032276,0.10002
0,53.1646,0.031857,0.102023
-300,56.962,0.0172074,-0.00343633
-296.203,56.962,0.0173166,-0.00292884
-292.405,56.962,0.0174258,-0.00242134
-288.608,56.962,0.017535,-0.00191384
-284.81,56.962,0.0176442,-0.00140635
-281.013,56.962,0.0177534,-0.000898845
-277.215,56.962,0.0178643,-0.000382133
-273.418,56.962,0.0180096,0.000236762
-269.62,56.962,0.018157,0.000860202
-265.823,56.962,0.018304,0.00148237
-262.025,56.962,0.018451,0.00210452
-258.228,56.962,0.018598,0.00272669
-254.43,56.962,0.018745,0.00334884
-250.633,56.962,0.018892,0.003971
-246.835,56.962,0.019039,0.00459317
-243.038,56.962,0.019186,0.00521533
-239.241,56.962,0.019333,0.00583748
-235.443,56.962,0.01948,0.00645964
-231.646,56.962,0.019627,0.0070818
-227.848,56.962,0.019774,0.00770396
-224.051,56.962,0.019916,0.00832631
-220.253,56.962,0.0200459,0.00894906
-216.456,56.962,0.0201759,0.0095718
-212.658,56.962,0.0203058,0.0101946
-208.861,56.962,0.0204358,0.0108173
-205.063,56.962,0.0205658,0.0114401
-201.266,56.962,0.0206958,0.0120628
-197.468,56.962,0.0208257,0.0126856
-193.671,56.962,0.0209557,0.0133083
-189.873,56.962,0.0210857,0.0139311
-186.076,56.962,0.0212156,0.0145538
-182.278,56.962,0.0213456,0.0151766
-178.481,56.962,0.0214756,0.0157994
-174.684,56.962,0.0216055,0.0164221
-170.886,56.962,0.0217522,0.0171086
-167.089,56.962,0.0219493,0.0179873
-163.291,56.962,0.0221463,0.0188661
-159.494,56.962,0.0223434,0.0197449
-155.696,56.962,0.0225405,0.0206253
-151.899,56.962,0.0227424,0.0216317
-148.101,56.962,0.0229988,0.0229192
-144.304,56.962,0.0232552,0.0242067
-140.506,56.962,0.0235115,0.0254942
-136.709,56.962,0.023761,0.026708
-132.911,56.962,0.024008,0.0278947
-129.114,56.962,0.0243592,0.0294526
-125.316,56.962,0.0246874,0.0309172
-121.519,56.962,0.0250326,0.0323492
-117.722,56.962,0.0253696,0.0337561
-113.924,56.962,0.0256871,0.0351047
-110.127,56.962,0.0260047,0.0364553
-106.329,56.962,0.0263236,0.0378983
-102.532,56.962,0.026679,0.0395273
-98.7342,56.962,0.0270349,0.0411582
-94.9367,56.962,0.0273298,0.0429716
-91.1392,56.962,0.0275616,0.0448941
-87.3418,56.962,0.0277935,0.0468165
-83.5443,56.962,0.0280253,0.048739
-79.7468,56.962,0.0282689,0.0503594
-75.9494,56.962,0.0285152,0.0519078
-72.1519,56.962,0.0287615,0.0534561
-68.3544,56.962,0.0290079,0.0550045
-64.557,56.962,0.0292542,0.0565529
-60.7595,56.962,0.0296318,0.0587365
-56.962,56.962,0.0300857,0.0613512
-53.1646,56.962,0.0305155,0.0637722
-49.3671,56.962,0.0309223,0.0662956
-45.5696,56.962,0.0313433,0.0691979
-41.7722,56.962,0.031764,0.0721195
-37.9747,56.962,0.0321847,0.0750411
-34.1772,56.962,0.0326492,0.0788698
-30.3797,56.962,0.0331239,0.0829075
-26.5823,56.962,0.0334076,0.0859905
-22.7848,56.962,0.0336488,0.0888427
-18.9873,56.962,0.0338685,0.0916801
-15.1899,56.962,0.033901,0.0946429
-11.3924,56.962,0.0336165,0.0971991
-7.59494,56.962,0.0332364,0.0993482
-3.79747,56.962,0.0328174,0.101352
0,56.962,0.0323984,0.103355
-300,60.7595,0.0178551,-0.00158491
-296.203,60.7595,0.0179643,-0.0010774
-292.405,60.7595,0.0180735,-0.0005699
-288.608,60.7595,0.0181827,-6.23974e-05
-284.81,60.7595,0.0182931,0.000448084
-281.013,60.7595,0.0184345,0.00103495
-277.215,60.7595,0.018576,0.00162181
-273.418,60.7595,0.0187219,0.00223363
-269.62,60.7595,0.0188705,0.00286082
-265.823,60.7595,0.0190192,0.00348802
-262.025,60.7595,0.0191679,0.0041152
-258.228,60.7595,0.0193165,0.0047424
-254.43,60.7595,0.0194652,0.00536959
-250.633,60.7595,0.0196139,0.00599678
-246.835,60.7595,0.0197625,0.00662398
-243.038,60.7595,0.0199112,0.00725117
-239.241,60.7595,0.0200599,0.00787836
-235.443,60.7595,0.0202085,0.00850556
-231.646,60.7595,0.0203572,0.00913275
-227.848,60.7595,0.0205059,0.00975994
-224.051,60.7595,0.0206546,0.0103871
-220.253,60.7595,0.0207952,0.0110263
-216.456,60.7595,0.0209323,0.0116706
-212.658,60.7595,0.0210695,0.012315
-208.861,60.7595,0.0212066,0.0129593
-205.063,60.7595,0.0213437,0.0136036
-201.266,60.7595,0.0214809,0.014248
-197.468,60.7595,0.021618,0.0148923
-193.671,60.7595,0.0217551,0.0155367
-189.873,60.7595,0.0218923,0.016181
-186.076,60.7595,0.0220294,0.0168253
-182.278,60.7595,0.0221666,0.0174697
-178.481,60.7595,0.0223199,0.0181776
-174.684,60.7595,0.0225169,0.019056
-170.886,60.7595,0.0227139,0.0199344
-167.089,60.7595,0.0229108,0.0208129
-163.291,60.7595,0.0231078,0.0216913
-159.494,60.7595,0.0233047,0.0225698
-155.696,60.7595,0.0235017,0.0234482
-151.899,60.7595,0.0237276,0.0245218
-148.101,60.7595,0.0239737,0.0257784
-144.304,60.7595,0.0242198,0.0270349
-140.506,60.7595,0.0244645,0.0282477
-136.709,60.7595,0.0247158,0.0294524
-132.911,60.7595,0.025065,0.0310121
-129.114,60.7595,0.0254142,0.0325718
-125.316,60.7595,0.0257577,0.0341108
-121.519,60.7595,0.0260575,0.0354879
-117.722,60.7595,0.0263654,0.0368518
-113.924,60.7595,0.026683,0.0382037
-110.127,60.7595,0.0270019,0.0396466
-106.329,60.7595,0.0273327,0.0411502
-102.532,60.7595,0.0276224,0.0428912
-98.7342,60.7595,0.0278704,0.0447534
-94.9367,60.7595,0.0281022,0.0466759
-91.1392,60.7595,0.0283429,0.0483704
-87.3418,60.7595,0.0285893,0.0499188
-83.5443,60.7595,0.0288356,0.0514672
-79.7468,60.7595,0.0290819,0.0530155
-75.9494,60.7595,0.0293283,0.0545639
-72.1519,60.7595,0.0295746,0.0561122
-68.3544,60.7595,0.029821,0.0576606
-64.557,60.7595,0.0301121,0.0594257
-60.7595,60.7595,0.0305579,0.0620164
-56.962,60.7595,0.0309428,0.0642145
-53.1646,60.7595,0.031315,0.0663795
-49.3671,60.7595,0.0317377,0.0691713
-45.5696,60.7595,0.0321584,0.0720929
-41.7722,60.7595,0.0325791,0.0750145
-37.9747,60.7595,0.0330102,0.0781522
-34.1772,60.7595,0.0334849,0.0821899
-30.3797,60.7595,0.033795,0.0854138
-26.5823,60.7595,0.0340362,0.088266
-22.7848,60.7595,0.0342774,0.0911182
-18.9873,60.7595,0.0344889,0.09395
-15.1899,60.7595,0.0345443,0.0964055
-11.3924,60.7595,0.0341969,0.0986765
-7.59494,60.7595,0.0337779,0.10068
-3.79747,60.7595,0.0333589,0.102683
0,60.7595,0.0329399,0.104686
-300,64.557,0.0185027,0.000266547
-296.203,64.557,0.018612,0.00077405
-292.405,64.557,0.018727,0.00129581
-288.608,64.557,0.0188684,0.00188268
-284.81,64.557,0.0190098,0.00246955
-281.013,64.557,0.0191512,0.00305642
-277.215,64.557,0.0192926,0.00364328
-273.418,64.557,0.0194341,0.00423051
-269.62,64.557,0.0195828,0.0048577
-265.823,64.557,0.0197314,0.00548489
-262.025,64.557,0.0198801,0.00611208
-258.228,64.557,0.0200288,0.00673927
-254.43,64.557,0.0201775,0.00736647
-250.633,64.557,0.0203261,0.00799366
-246.835,64.557,0.0204748,0.00862085
-243.038,64.557,0.0206235,0.00924805
-239.241,64.557,0.0207721,0.00987524
-235.443,64.557,0.0209208,0.0105024
-231.646,64.557,0.0210695,0.0111296
-227.848,64.557,0.0212181,0.0117568
-224.051,64.557,0.0213668,0.012384
-220.253,64.557,0.0215143,0.0130129
-216.456,64.557,0.0216515,0.0136573
-212.658,64.557,0.0217886,0.0143016
-208.861,64.557,0.0219257,0.0149459
-205.063,64.557,0.0220629,0.0155903
-201.266,64.557,0.0222,0.0162346
-197.468,64.557,0.0223371,0.0168789
-193.671,64.557,0.0224743,0.0175233
-189.873,64.557,0.0226114,0.0181676
-186.076,64.557,0.0227662,0.0188808
-182.278,64.557,0.0229631,0.0197593
-178.481,64.557,0.0231601,0.0206377
-174.684,64.557,0.023357,0.0215162
-170.886,64.557,0.023554,0.0223946
-167.089,64.557,0.0237509,0.023273
-163.291,64.557,0.0239479,0.0241515
-159.494,64.557,0.0241449,0.0250299
-155.696,64.557,0.0243486,0.0259492
-151.899,64.557,0.0245934,0.0271174
-148.101,64.557,0.0248386,0.0283062
-144.304,64.557,0.0250837,0.0295339
-140.506,64.557,0.0253556,0.0308132
-136.709,64.557,0.0257048,0.0323729
-132.911,64.557,0.026054,0.0339327
-129.114,64.557,0.0264031,0.0354924
-125.316,64.557,0.0267523,0.0370522
-121.519,64.557,0.0270816,0.0385384
-117.722,64.557,0.0273818,0.0399457
-113.924,64.557,0.027641,0.0414635
-110.127,64.557,0.027885,0.043028
-106.329,64.557,0.0281487,0.044726
-102.532,64.557,0.028417,0.0463815
-98.7342,64.557,0.0286633,0.0479298
-94.9367,64.557,0.0289097,0.0494782
-91.1392,64.557,0.029156,0.0510265
-87.3418,64.557,0.0294024,0.0525749
-83.5443,64.557,0.0296487,0.0541233
-79.7468,64.557,0.029895,0.0556716
-75.9494,64.557,0.0301414,0.05722
-72.1519,64.557,0.0303877,0.0587684
-68.3544,64.557,0.0306233,0.0603141
-64.557,64.557,0.0310035,0.0625498
-60.7595,64.557,0.0313701,0.0646568
-56.962,64.557,0.0317367,0.0667639
-53.1646,64.557,0.0321318,0.0691658
-49.3671,64.557,0.0325528,0.0720662
-45.5696,64.557,0.0329735,0.0749879
-41.7722,64.557,0.0333942,0.0779095
-37.9747,64.557,0.0338459,0.0814724
-34.1772,64.557,0.0341824,0.0848371
-30.3797,64.557,0.0344236,0.0876893
-26.5823,64.557,0.0346648,0.0905415
-22.7848,64.557,0.0349061,0.0933937
-18.9873,64.557,0.0351088,0.0962168
-15.1899,64.557,0.0350904,0.0981163
-11.3924,64.557,0.0347384,0.100008
-7.59494,64.557,0.0343194,0.102011
-3.79747,64.557,0.0339004,0.104015
0,64.557,0.0334814,0.106018
-300,68.3544,0.0191608,0.00214355
-296.203,68.3544,0.0193022,0.0027304
-292.405,68.3544,0.0194436,0.00331727
-288.608,68.3544,0.019585,0.00390414
-284.81,68.3544,0.0197265,0.00449102
-281.013,68.3544,0.0198679,0.00507788
-277.215,68.3544,0.0200093,0.00566475
-273.418,68.3544,0.0201507,0.00625161
-269.62,68.3544,0.020295,0.00685458
-265.823,68.3544,0.0204437,0.00748177
-262.025,68.3544,0.0205924,0.00810896
-258.228,68.3544,0.020741,0.00873615
-254.43,68.3544,0.0208897,0.00936335
-250.633,68.3544,0.0210384,0.00999054
-246.835,68.3544,0.021187,0.0106177
-243.038,68.3544,0.0213357,0.0112449
-239.241,68.3544,0.0214844,0.0118721
-235.443,68.3544,0.021633,0.0124993
-231.646,68.3544,0.0217817,0.0131265
-227.848,68.3544,0.0219304,0.0137537
-224.051,68.3544,0.0220791,0.0143809
-220.253,68.3544,0.0222277,0.0150081
-216.456,68.3544,0.0223706,0.0156439
-212.658,68.3544,0.0225077,0.0162882
-208.861,68.3544,0.0226449,0.0169326
-205.063,68.3544,0.022782,0.0175769
-201.266,68.3544,0.0229192,0.0182212
-197.468,68.3544,0.0230563,0.0188656
-193.671,68.3544,0.0232124,0.0195841
-189.873,68.3544,0.0234093,0.0204625
-186.076,68.3544,0.0236063,0.021341
-182.278,68.3544,0.0238033,0.0222194
-178.481,68.3544,0.0240002,0.0230979
-174.684,68.3544,0.0241972,0.0239763
-170.886,68.3544,0.0243941,0.0248547
-167.089,68.3544,0.0245911,0.0257332
-163.291,68.3544,0.024788,0.0266116
-159.494,68.3544,0.024985,0.0274901
-155.696,68.3544,0.0252147,0.0285663
-151.899,68.3544,0.0254595,0.0297345
-148.101,68.3544,0.0257041,0.0309001
-144.304,68.3544,0.0259964,0.0322447
-140.506,68.3544,0.0263457,0.0338111
-136.709,68.3544,0.0266949,0.0353775
-132.911,68.3544,0.0270442,0.0369438
-129.114,68.3544,0.0273934,0.0385102
-125.316,68.3544,0.0277062,0.0401373
-121.519,68.3544,0.0279777,0.041833
-117.722,68.3544,0.0282218,0.0434373
-113.924,68.3544,0.0284594,0.0448511
-110.127,68.3544,0.0287034,0.0460982
-106.329,68.3544,0.0289805,0.0475012
-102.532,68.3544,0.0292301,0.0490376
-98.7342,68.3544,0.0294764,0.0505859
-94.9367,68.3544,0.0297228,0.0521343
-91.1392,68.3544,0.0299691,0.0536826
-87.3418,68.3544,0.0302154,0.055231
-83.5443,68.3544,0.0304618,0.0567794
-79.7468,68.3544,0.0307081,0.0583277
-75.9494,68.3544,0.0309545,0.0598761
-72.1519,68.3544,0.0311791,0.061419
-68.3544,68.3544,0.0314308,0.0629921
-64.557,68.3544,0.0317974,0.0650992
-60.7595,68.3544,0.032164,0.0672062
-56.962,68.3544,0.0325306,0.0693133
-53.1646,68.3544,0.0329472,0.0720396
-49.3671,68.3544,0.0333679,0.0749612
-45.5696,68.3544,0.0337886,0.0778828
-41.7722,68.3544,0.0342093,0.0808044
-37.9747,68.3544,0.0345698,0.0842604
-34.1772,68.3544,0.034811,0.0871126
-30.3797,68.3544,0.0350522,0.0899648
-26.5823,68.3544,0.0352935,0.092817
-22.7848,68.3544,0.0355347,0.0956692
-18.9873,68.3544,0.035638,0.097975
-15.1899,68.3544,0.0355444,0.0995934
-11.3924,68.3544,0.0352798,0.10134
-7.59494,68.3544,0.0348608,0.103343
-3.79747,68.3544,0.0344418,0.105346
0,68.3544,0.0340103,0.10729
-300,72.1519,0.0198775,0.00416501
-296.203,72.1519,0.0200189,0.00475187
-292.405,72.1519,0.0201603,0.00533874
-288.608,72.1519,0.0203017,0.00592562
-284.81,72.1519,0.0204431,0.00651248
-281.013,72.1519,0.0205845,0.00709934
-277.215,72.1519,0.020726,0.00768622
-273.418,72.1519,0.0208674,0.00827308
-269.62,72.1519,0.0210088,0.00885995
-265.823,72.1519,0.021156,0.00947864
-262.025,72.1519,0.0213046,0.0101058
-258.228,72.1519,0.0214533,0.010733
-254.43,72.1519,0.021602,0.0113602
-250.633,72.1519,0.0217506,0.0119874
-246.835,72.1519,0.0218993,0.0126146
-243.038,72.1519,0.022048,0.0132418
-239.241,72.1519,0.0221966,0.013869
-235.443,72.1519,0.0223453,0.0144962
-231.646,72.1519,0.022494,0.0151234
-227.848,72.1519,0.0226426,0.0157506
-224.051,72.1519,0.0227913,0.0163778
-220.253,72.1519,0.02294,0.0170049
-216.456,72.1519,0.0230886,0.0176321
-212.658,72.1519,0.0232269,0.0182748
-208.861,72.1519,0.023364,0.0189192
-205.063,72.1519,0.0235012,0.0195635
-201.266,72.1519,0.0236586,0.0202873
-197.468,72.1519,0.0238556,0.0211658
-193.671,72.1519,0.0240525,0.0220442
-189.873,72.1519,0.0242495,0.0229227
-186.076,72.1519,0.0244464,0.0238011
-182.278,72.1519,0.0246434,0.0246796
-178.481,72.1519,0.0248403,0.025558
-174.684,72.1519,0.0250373,0.0264364
-170.886,72.1519,0.0252343,0.0273149
-167.089,72.1519,0.0254312,0.0281933
-163.291,72.1519,0.0256282,0.0290718
-159.494,72.1519,0.0258359,0.0300152
-155.696,72.1519,0.0260807,0.0311834
-151.899,72.1519,0.0263256,0.0323516
-148.101,72.1519,0.0266386,0.0337769
-144.304,72.1519,0.0269878,0.0353432
-140.506,72.1519,0.0273371,0.0369096
-136.709,72.1519,0.0276761,0.038493
-132.911,72.1519,0.0279476,0.0401888
-129.114,72.1519,0.0282191,0.0418846
-125.316,72.1519,0.0284957,0.0434487
-121.519,72.1519,0.0287819,0.044764
-117.722,72.1519,0.0290682,0.0460793
-113.924,72.1519,0.0293131,0.0473277
-110.127,72.1519,0.0295665,0.0486267
-106.329,72.1519,0.029815,0.050128
-102.532,72.1519,0.0300473,0.0516897
-98.7342,72.1519,0.0302895,0.053242
-94.9367,72.1519,0.0305358,0.0547904
-91.1392,72.1519,0.0307822,0.0563388
-87.3418,72.1519,0.0310285,0.0578871
-83.5443,72.1519,0.0312749,0.0594355
-79.7468,72.1519,0.0315145,0.0609822
-75.9494,72.1519,0.0316793,0.0622327
-72.1519,72.1519,0.0318581,0.0634345
-68.3544,72.1519,0.0322247,0.0655415
-64.557,72.1519,0.0325913,0.0676486
-60.7595,72.1519,0.0329579,0.0697556
-56.962,72.1519,0.0333412,0.072036
-53.1646,72.1519,0.0337623,0.0749346
-49.3671,72.1519,0.034183,0.0778562
-45.5696,72.1519,0.0346037,0.0807778
-41.7722,72.1519,0.0349572,0.0836837
-37.9747,72.1519,0.0351984,0.0865359
-34.1772,72.1519,0.0354396,0.0893881
-30.3797,72.1519,0.0356809,0.0922403
-26.5823,72.1519,0.0359221,0.0950925
-22.7848,72.1519,0.0361168,0.0976839
-18.9873,72.1519,0.036121,0.0995606
-15.1899,72.1519,0.0359984,0.101071
-11.3924,72.1519,0.0358213,0.102671
-7.59494,72.1519,0.0354023,0.104675
-3.79747,72.1519,0.0349833,0.106678
0,72.1519,0.0345238,0.10849
-300,75.9494,0.0205941,0.00618647
-296.203,75.9494,0.0207355,0.00677334
-292.405,75.9494,0.020877,0.0073602
-288.608,75.9494,0.0210184,0.00794707
-284.81,75.9494,0.0211598,0.00853395
-281.013,75.9494,0.0213012,0.00912081
-277.215,75.9494,0.0214426,0.00970768
-273.418,75.9494,0.0215841,0.0102945
-269.62,75.9494,0.0217255,0.0108814
-265.823,75.9494,0.0218682,0.0114755
-262.025,75.9494,0.0220169,0.0121027
-258.228,75.9494,0.0221655,0.0127299
-254.43,75.9494,0.0223142,0.0133571
-250.633,75.9494,0.0224629,0.0139843
-246.835,75.9494,0.0226115,0.0146115
-243.038,75.9494,0.0227602,0.0152387
-239.241,75.9494,0.0229089,0.0158659
-235.443,75.9494,0.0230575,0.0164931
-231.646,75.9494,0.0232062,0.0171203
-227.848,75.9494,0.0233549,0.0177474
-224.051,75.9494,0.0235035,0.0183746
-220.253,75.9494,0.0236522,0.0190018
-216.456,75.9494,0.0238009,0.019629
-212.658,75.9494,0.023946,0.0202615
-208.861,75.9494,0.0241048,0.0209906
-205.063,75.9494,0.0243018,0.021869
-201.266,75.9494,0.0244987,0.0227475
-197.468,75.9494,0.0246957,0.0236259
-193.671,75.9494,0.0248927,0.0245044
-189.873,75.9494,0.0250896,0.0253828
-186.076,75.9494,0.0252866,0.0262613
-182.278,75.9494,0.0254835,0.0271397
-178.481,75.9494,0.0256805,0.0280181
-174.684,75.9494,0.0258774,0.0288966
-170.886,75.9494,0.0260744,0.029775
-167.089,75.9494,0.0262714,0.0306535
-163.291,75.9494,0.0264683,0.0315319
-159.494,75.9494,0.026702,0.0326324
-155.696,75.9494,0.0269468,0.0338006
-151.899,75.9494,0.0272808,0.035309
-148.101,75.9494,0.02763,0.0368754
-144.304,75.9494,0.0279175,0.0385446
-140.506,75.9494,0.028189,0.0402404
-136.709,75.9494,0.0284607,0.0419309
-132.911,75.9494,0.0287469,0.0432462
-129.114,75.9494,0.0290332,0.0445615
-125.316,75.9494,0.0293194,0.0458768
-121.519,75.9494,0.0296057,0.0471921
-117.722,75.9494,0.0298919,0.0485074
-113.924,75.9494,0.0301668,0.0498044
-110.127,75.9494,0.0304181,0.0512013
-106.329,75.9494,0.0306504,0.052763
-102.532,75.9494,0.0308827,0.0543247
-98.7342,75.9494,0.031115,0.0558864
-94.9367,75.9494,0.0313489,0.0574465
-91.1392,75.9494,0.0315953,0.0589949
-87.3418,75.9494,0.0318416,0.0605432
-83.5443,75.9494,0.0320208,0.0618412
-79.7468,75.9494,0.0321822,0.0630397
-75.9494,75.9494,0.0323548,0.0642114
-72.1519,75.9494,0.032652,0.0659839
-68.3544,75.9494,0.0330186,0.0680909
-64.557,75.9494,0.0333852,0.0701979
-60.7595,75.9494,0.0337518,0.072305
-56.962,75.9494,0.0341567,0.0749079
-53.1646,75.9494,0.0345774,0.0778296
-49.3671,75.9494,0.0349981,0.0807512
-45.5696,75.9494,0.0353311,0.0832748
-41.7722,75.9494,0.0355858,0.0859592
-37.9747,75.9494,0.035827,0.0888114
-34.1772,75.9494,0.0360683,0.0916636
-30.3797,75.9494,0.0363095,0.0945158
-26.5823,75.9494,0.036531,0.0972577
-22.7848,75.9494,0.0366376,0.0993918
-18.9873,75.9494,0.036575,0.101038
-15.1899,75.9494,0.0364525,0.102548
-11.3924,75.9494,0.0363299,0.104058
-7.59494,75.9494,0.0359438,0.106006
-3.79747,75.9494,0.0355053,0.107917
0,75.9494,0.0350275,0.109577
-300,79.7468,0.0213108,0.00820794
-296.203,79.7468,0.0214522,0.0087948
-292.405,79.7468,0.0215936,0.00938167
-288.608,79.7468,0.021735,0.00996854
-284.81,79.7468,0.0218765,0.0105554
-281.013,79.7468,0.0220179,0.0111423
-277.215,79.7468,0.0221593,0.0117291
-273.418,79.7468,0.0223007,0.012316
-269.62,79.7468,0.0224421,0.0129029
-265.823,79.7468,0.0225836,0.0134898
-262.025,79.7468,0.0227291,0.0140996
-258.228,79.7468,0.0228778,0.0147268
-254.43,79.7468,0.0230265,0.015354
-250.633,79.7468,0.0231751,0.0159812
-246.835,79.7468,0.0233238,0.0166084
-243.038,79.7468,0.0234725,0.0172356
-239.241,79.7468,0.0236211,0.0178627
-235.443,79.7468,0.0237698,0.0184899
-231.646,79.7468,0.0239185,0.0191171
-227.848,79.7468,0.0240671,0.0197443
-224.051,79.7468,0.0242158,0.0203715
-220.253,79.7468,0.0243645,0.0209987
-216.456,79.7468,0.0245362,0.021716
-212.658,79.7468,0.0247446,0.0225773
-208.861,79.7468,0.024945,0.0234507
-205.063,79.7468,0.0251419,0.0243292
-201.266,79.7468,0.0253389,0.0252076
-197.468,79.7468,0.0255358,0.0260861
-193.671,79.7468,0.0257328,0.0269645
-189.873,79.7468,0.0259297,0.027843
-186.076,79.7468,0.0261267,0.0287214
-182.278,79.7468,0.0263237,0.0295998
-178.481,79.7468,0.0265206,0.0304783
-174.684,79.7468,0.0267176,0.0313567
-170.886,79.7468,0.0269145,0.0322352
-167.089,79.7468,0.0271115,0.0331136
-163.291,79.7468,0.0273232,0.0340813
-159.494,79.7468,0.027573,0.0352689
-155.696,79.7468,0.0278874,0.0369004
-151.899,79.7468,0.0281589,0.0385962
-148.101,79.7468,0.0284304,0.0402919
-144.304,79.7468,0.0287119,0.0417285
-140.506,79.7468,0.0289982,0.0430438
-136.709,79.7468,0.0292844,0.0443591
-132.911,79.7468,0.0295706,0.0456744
-129.114,79.7468,0.0298569,0.0469897
-125.316,79.7468,0.0301431,0.048305
-121.519,79.7468,0.0304294,0.0496203
-117.722,79.7468,0.0307156,0.0509356
-113.924,79.7468,0.0309972,0.0522684
-110.127,79.7468,0.0312535,0.0538362
-106.329,79.7468,0.0314858,0.0553979
-102.532,79.7468,0.0317181,0.0569596
-98.7342,79.7468,0.0319503,0.0585213
-94.9367,79.7468,0.0321826,0.060083
-91.1392,79.7468,0.0323708,0.061438
-87.3418,79.7468,0.032519,0.0626596
-83.5443,79.7468,0.0326852,0.0638467
-79.7468,79.7468,0.0328578,0.0650184
-75.9494,79.7468,0.0330793,0.0664262
-72.1519,79.7468,0.0334459,0.0685332
-68.3544,79.7468,0.0338125,0.0706403
-64.557,79.7468,0.0341791,0.0727473
-60.7595,79.7468,0.0345507,0.0749062
-56.962,79.7468,0.0349718,0.0778029
-53.1646,79.7468,0.0353925,0.0807245
-49.3671,79.7468,0.0356889,0.0830657
-45.5696,79.7468,0.0359732,0.0853825
-41.7722,79.7468,0.0362144,0.0882347
-37.9747,79.7468,0.0364557,0.0910869
-34.1772,79.7468,0.0366969,0.0939391
-30.3797,79.7468,0.0369381,0.0967913
-26.5823,79.7468,0.0370692,0.0990308
-22.7848,79.7468,0.0371044,0.100898
-18.9873,79.7468,0.0370291,0.102515
-15.1899,79.7468,0.0369065,0.104025
-11.3924,79.7468,0.0367839,0.105535
-7.59494,79.7468,0.0364853,0.107338
-3.79747,79.7468,0.0360092,0.109007
0,79.7468,0.0355286,0.110633
-300,83.5443,0.0220275,0.0102294
-296.203,83.5443,0.0221689,0.0108163
-292.405,83.5443,0.0223103,0.0114031
-288.608,83.5443,0.0224517,0.01199
-284.81,83.5443,0.0225931,0.0125769
-281.013,83.5443,0.0227346,0.0131637
-277.215,83.5443,0.022876,0.0137506
-273.418,83.5443,0.0230174,0.0143375
-269.62,83.5443,0.0231588,0.0149244
-265.823,83.5443,0.0233002,0.0155112
-262.025,83.5443,0.0234417,0.0160981
-258.228,83.5443,0.02359,0.0167236
-254.43,83.5443,0.0237387,0.0173508
-250.633,83.5443,0.0238874,0.017978
-246.835,83.5443,0.024036,0.0186052
-243.038,83.5443,0.0241847,0.0192324
-239.241,83.5443,0.0243334,0.0198596
-235.443,83.5443,0.024482,0.0204868
-231.646,83.5443,0.0246307,0.021114
-227.848,83.5443,0.0247794,0.0217412
-224.051,83.5443,0.0249524,0.0224638
-220.253,83.5443,0.0251609,0.0233251
-216.456,83.5443,0.0253694,0.0241864
-212.658,83.5443,0.0255779,0.0250477
-208.861,83.5443,0.0257851,0.0259109
-205.063,83.5443,0.0259821,0.0267893
-201.266,83.5443,0.026179,0.0276678
-197.468,83.5443,0.026376,0.0285462
-193.671,83.5443,0.0265729,0.0294247
-189.873,83.5443,0.0267699,0.0303031
-186.076,83.5443,0.0269668,0.0311815
-182.278,83.5443,0.0271638,0.03206
-178.481,83.5443,0.0273608,0.0329384
-174.684,83.5443,0.0275577,0.0338169
-170.886,83.5443,0.0277547,0.0346953
-167.089,83.5443,0.0279133,0.0356375
-163.291,83.5443,0.0281246,0.0369485
-159.494,83.5443,0.0284002,0.0386477
-155.696,83.5443,0.0286769,0.0402107
-151.899,83.5443,0.0289631,0.041526
-148.101,83.5443,0.0292494,0.0428413
-144.304,83.5443,0.0295356,0.0441566
-140.506,83.5443,0.0298219,0.0454719
-136.709,83.5443,0.0301081,0.0467872
-132.911,83.5443,0.0303944,0.0481025
-129.114,83.5443,0.0306806,0.0494178
-125.316,83.5443,0.0309669,0.0507331
-121.519,83.5443,0.0312531,0.0520484
-117.722,83.5443,0.0315237,0.0534219
-113.924,83.5443,0.0317929,0.0548864
-110.127,83.5443,0.0320804,0.0564681
-106.329,83.5443,0.0323211,0.0580329
-102.532,83.5443,0.0325534,0.0595946
-98.7342,83.5443,0.0327494,0.0609759
-94.9367,83.5443,0.0329046,0.0622187
-91.1392,83.5443,0.0330454,0.0634481
-87.3418,83.5443,0.0332026,0.0646384
-83.5443,83.5443,0.0333614,0.0658246
-79.7468,83.5443,0.0335333,0.0669971
-75.9494,83.5443,0.0338732,0.0689756
-72.1519,83.5443,0.0342398,0.0710826
-68.3544,83.5443,0.0346064,0.0731896
-64.557,83.5443,0.034973,0.0752967
-60.7595,83.5443,0.0353662,0.0777763
-56.962,83.5443,0.0357579,0.0805982
-53.1646,83.5443,0.0360468,0.0828566
-49.3671,83.5443,0.0363358,0.085115
-45.5696,83.5443,0.0366018,0.087658
-41.7722,83.5443,0.0368431,0.0905102
-37.9747,83.5443,0.0370843,0.0933624
-34.1772,83.5443,0.0373255,0.0962146
-30.3797,83.5443,0.0374859,0.0986137
-26.5823,83.5443,0.0375361,0.100537
-22.7848,83.5443,0.0375712,0.102404
-18.9873,83.5443,0.0374831,0.103992
-15.1899,83.5443,0.0373605,0.105502
-11.3924,83.5443,0.037238,0.107012
-7.59494,83.5443,0.0369909,0.108437
-3.79747,83.5443,0.0365103,0.110063
0,83.5443,0.0360296,0.111689
-300,87.3418,0.0227441,0.0122509
-296.203,87.3418,0.0228856,0.0128377
-292.405,87.3418,0.023027,0.0134246
-288.608,87.3418,0.0231684,0.0140115
-284.81,87.3418,0.0233098,0.0145983
-281.013,87.3418,0.0234512,0.0151852
-277.215,87.3418,0.0235926,0.0157721
-273.418,87.3418,0.0237341,0.0163589
-269.62,87.3418,0.0238755,0.0169458
-265.823,87.3418,0.0240169,0.0175327
-262.025,87.3418,0.0241583,0.0181195
-258.228,87.3418,0.0243023,0.0187205
-254.43,87.3418,0.024451,0.0193477
-250.633,87.3418,0.0245996,0.0199749
-246.835,87.3418,0.0247483,0.0206021
-243.038,87.3418,0.024897,0.0212293
-239.241,87.3418,0.0250456,0.0218565
-235.443,87.3418,0.0251943,0.0224837
-231.646,87.3418,0.0253687,0.0232116
-227.848,87.3418,0.0255772,0.0240729
-224.051,87.3418,0.0257857,0.0249342
-220.253,87.3418,0.0259942,0.0257955
-216.456,87.3418,0.0262026,0.0266568
-212.658,87.3418,0.0264111,0.0275181
-208.861,87.3418,0.0266196,0.0283794
-205.063,87.3418,0.0268222,0.0292495
-201.266,87.3418,0.0270192,0.0301279
-197.468,87.3418,0.0272161,0.0310064
-193.671,87.3418,0.0274131,0.0318848
-189.873,87.3418,0.02761,0.0327632
-186.076,87.3418,0.0277952,0.0336613
-182.278,87.3418,0.0279532,0.0346046
-178.481,87.3418,0.0281112,0.0355478
-174.684,87.3418,0.0282692,0.0364911
-170.886,87.3418,0.0284272,0.0374344
-167.089,87.3418,0.0286369,0.0386731
-163.291,87.3418,0.0289281,0.0400083
-159.494,87.3418,0.0292144,0.0413236
-155.696,87.3418,0.0295006,0.0426389
-151.899,87.3418,0.0297869,0.0439542
-148.101,87.3418,0.0300731,0.0452695
-144.304,87.3418,0.0303594,0.0465848
-140.506,87.3418,0.0306456,0.0479001
-136.709,87.3418,0.0309318,0.0492154
-132.911,87.3418,0.0312181,0.0505307
-129.114,87.3418,0.0315043,0.051846
-125.316,87.3418,0.0317895,0.0531652
-121.519,87.3418,0.0320503,0.0545754
-117.722,87.3418,0.032311,0.0559856
-113.924,87.3418,0.0325891,0.0575071
-110.127,87.3418,0.0328765,0.0590888
-106.329,87.3418,0.0331249,0.0605109
-102.532,87.3418,0.0332959,0.0617684
-98.7342,87.3418,0.0334384,0.0629994
-94.9367,87.3418,0.0335824,0.0642213
-91.1392,87.3418,0.0337412,0.0654076
-87.3418,87.3418,0.0339,0.0665939
-83.5443,87.3418,0.0340588,0.0677802
-79.7468,87.3418,0.0343093,0.0694086
-75.9494,87.3418,0.0346671,0.071525
-72.1519,87.3418,0.0350337,0.073632
-68.3544,87.3418,0.0354003,0.075739
-64.557,87.3418,0.0357669,0.0778461
-60.7595,87.3418,0.0361157,0.0803891
-56.962,87.3418,0.0364047,0.0826475
-53.1646,87.3418,0.0366936,0.0849059
-49.3671,87.3418,0.0369826,0.0871643
-45.5696,87.3418,0.0372305,0.0899335
-41.7722,87.3418,0.0374717,0.0927857
-37.9747,87.3418,0.0377129,0.0956379
-34.1772,87.3418,0.0379001,0.0981875
-30.3797,87.3418,0.0379677,0.100176
-26.5823,87.3418,0.0380029,0.102043
-22.7848,87.3418,0.038038,0.10391
-18.9873,87.3418,0.0379371,0.105469
-15.1899,87.3418,0.0378146,0.106979
-11.3924,87.3418,0.0376836,0.108349
-7.59494,87.3418,0.037492,0.109494
-3.79747,87.3418,0.0370113,0.111119
0,87.3418,0.0365307,0.112834
-300,91.1392,0.023425,0.0141986
-296.203,91.1392,0.02357,0.0147927
-292.405,91.1392,0.0237149,0.0153868
-288.608,91.1392,0.0238598,0.0159809
-284.81,91.1392,0.0240048,0.0165751
-281.013,91.1392,0.0241497,0.0171692
-277.215,91.1392,0.0242946,0.0177633
-273.418,91.1392,0.0244396,0.0183574
-269.62,91.1392,0.0245845,0.0189516
-265.823,91.1392,0.0247295,0.0195457
-262.025,91.1392,0.0248744,0.0201398
-258.228,91.1392,0.0250164,0.0207279
-254.43,91.1392,0.0251632,0.0213446
-250.633,91.1392,0.0253119,0.0219718
-246.835,91.1392,0.0254605,0.022599
-243.038,91.1392,0.0256092,0.0232262
-239.241,91.1392,0.025785,0.0239594
-235.443,91.1392,0.0259935,0.0248207
-231.646,91.1392,0.0262019,0.025682
-227.848,91.1392,0.0264104,0.0265433
-224.051,91.1392,0.0266189,0.0274046
-220.253,91.1392,0.0268274,0.0282659
-216.456,91.1392,0.0270359,0.0291272
-212.658,91.1392,0.0272444,0.0299885
-208.861,91.1392,0.0274529,0.0308498
-205.063,91.1392,0.0276613,0.0317111
-201.266,91.1392,0.0278351,0.0326283
-197.468,91.1392,0.0279931,0.0335716
-193.671,91.1392,0.0281511,0.0345149
-189.873,91.1392,0.0283091,0.0354582
-186.076,91.1392,0.0284671,0.0364014
-182.278,91.1392,0.0286273,0.0372871
-178.481,91.1392,0.0287923,0.0380508
-174.684,91.1392,0.0289573,0.0388145
-170.886,91.1392,0.029176,0.0397964
-167.089,91.1392,0.0294656,0.0411211
-163.291,91.1392,0.0297518,0.0424364
-159.494,91.1392,0.0300381,0.0437517
-155.696,91.1392,0.0303243,0.045067
-151.899,91.1392,0.0306106,0.0463823
-148.101,91.1392,0.0308968,0.0476976
-144.304,91.1392,0.0311831,0.0490129
-140.506,91.1392,0.0314693,0.0503282
-136.709,91.1392,0.0317556,0.0516435
-132.911,91.1392,0.0320418,0.0529588
-129.114,91.1392,0.0323161,0.0543187
-125.316,91.1392,0.0325768,0.0557289
-121.519,91.1392,0.0328375,0.0571391
-117.722,91.1392,0.0330983,0.0585493
-113.924,91.1392,0.0333571,0.0599881
-110.127,91.1392,0.0335838,0.0612681
-106.329,91.1392,0.0337994,0.0625378
-102.532,91.1392,0.0339723,0.0637801
-98.7342,91.1392,0.034121,0.0649905
-94.9367,91.1392,0.0342798,0.0661768
-91.1392,91.1392,0.0344386,0.0673631
-87.3418,91.1392,0.0345974,0.0685494
-83.5443,91.1392,0.0347723,0.0698132
-79.7468,91.1392,0.0351251,0.0719348
-75.9494,91.1392,0.0354779,0.0740565
-72.1519,91.1392,0.0358307,0.0761781
-68.3544,91.1392,0.0361942,0.0782884
-64.557,91.1392,0.0364736,0.08018
-60.7595,91.1392,0.0367625,0.0824384
-56.962,91.1392,0.0370515,0.0846968
-53.1646,91.1392,0.0373404,0.0869552
-49.3671,91.1392,0.0376179,0.0893568
-45.5696,91.1392,0.0378591,0.092209
-41.7722,91.1392,0.0381003,0.0950612
-37.9747,91.1392,0.0383144,0.0977613
-34.1772,91.1392,0.0383994,0.099815
-30.3797,91.1392,0.0384346,0.101682
-26.5823,91.1392,0.0384697,0.103549
-22.7848,91.1392,0.0385049,0.105416
-18.9873,91.1392,0.0383912,0.106946
-15.1899,91.1392,0.0382663,0.108344
-11.3924,91.1392,0.0381037,0.10954
-7.59494,91.1392,0.037928,0.110672
-3.79747,91.1392,0.0375125,0.112319
0,91.1392,0.037032,0.114075
-300,94.9367,0.0240717,0.0160758
-296.203,94.9367,0.0242166,0.0166699
-292.405,94.9367,0.0243616,0.0172641
-288.608,94.9367,0.0245065,0.0178582
-284.81,94.9367,0.0246514,0.0184523
-281.013,94.9367,0.0247964,0.0190464
-277.215,94.9367,0.0249413,0.0196406
-273.418,94.9367,0.0250863,0.0202347
-269.62,94.9367,0.0252312,0.0208288
-265.823,94.9367,0.0253761,0.0214229
-262.025,94.9367,0.0255211,0.022017
-258.228,94.9367,0.025666,0.0226112
-254.43,94.9367,0.0258119,0.0232105
-250.633,94.9367,0.0259641,0.023845
-246.835,94.9367,0.0261447,0.0245908
-243.038,94.9367,0.0263567,0.0254593
-239.241,94.9367,0.0265687,0.0263279
-235.443,94.9367,0.0267808,0.0271964
-231.646,94.9367,0.0269928,0.028065
-227.848,94.9367,0.0272048,0.0289335
-224.051,94.9367,0.0274168,0.0298021
-220.253,94.9367,0.0276288,0.0306706
-216.456,94.9367,0.0278202,0.0315735
-212.658,94.9367,0.0279893,0.0325134
-208.861,94.9367,0.0281584,0.0334533
-205.063,94.9367,0.0283276,0.0343932
-201.266,94.9367,0.0284942,0.0353366
-197.468,94.9367,0.0286618,0.0361222
-193.671,94.9367,0.0288299,0.0368926
-189.873,94.9367,0.0289981,0.037663
-186.076,94.9367,0.0291663,0.0384334
-182.278,94.9367,0.0293314,0.0391974
-178.481,94.9367,0.0294964,0.039961
-174.684,94.9367,0.0297317,0.0410104
-170.886,94.9367,0.0300022,0.0422304
-167.089,94.9367,0.0302893,0.0435493
-163.291,94.9367,0.0305756,0.0448646
-159.494,94.9367,0.0308618,0.0461799
-155.696,94.9367,0.0311481,0.0474952
-151.899,94.9367,0.0314343,0.0488105
-148.101,94.9367,0.0317206,0.0501258
-144.304,94.9367,0.0320068,0.0514411
-140.506,94.9367,0.032293,0.0527564
-136.709,94.9367,0.0325793,0.0540717
-132.911,94.9367,0.0328426,0.0554723
-129.114,94.9367,0.0331033,0.0568824
-125.316,94.9367,0.0333641,0.0582926
-121.519,94.9367,0.0335961,0.0595602
-117.722,94.9367,0.0338084,0.0607422
-113.924,94.9367,0.0340351,0.0620222
-110.127,94.9367,0.034238,0.0632801
-106.329,94.9367,0.0344345,0.0645319
-102.532,94.9367,0.0346436,0.0657533
-98.7342,94.9367,0.0348184,0.0669461
-94.9367,94.9367,0.0349772,0.0681323
-91.1392,94.9367,0.035136,0.0693186
-87.3418,94.9367,0.0352948,0.0705049
-83.5443,94.9367,0.0355881,0.0723394
-79.7468,94.9367,0.0359409,0.074461
-75.9494,94.9367,0.0362937,0.0765827
-72.1519,94.9367,0.0366464,0.0787043
-68.3544,94.9367,0.0368711,0.0802252
-64.557,94.9367,0.0371204,0.0822293
-60.7595,94.9367,0.0374093,0.0844877
-56.962,94.9367,0.0376983,0.0867461
-53.1646,94.9367,0.0379872,0.0890045
-49.3671,94.9367,0.0382465,0.0916323
-45.5696,94.9367,0.0384877,0.0944845
-41.7722,94.9367,0.0387286,0.0973351
-37.9747,94.9367,0.0388311,0.099454
-34.1772,94.9367,0.0388662,0.101321
-30.3797,94.9367,0.0389014,0.103188
-26.5823,94.9367,0.0389365,0.105055
-22.7848,94.9367,0.0389677,0.106913
-18.9873,94.9367,0.038843,0.108314
-15.1899,94.9367,0.0387034,0.109606
-11.3924,94.9367,0.0385432,0.110767
-7.59494,94.9367,0.0384004,0.111961
-3.79747,94.9367,0.0380137,0.113561
0,94.9367,0.0375332,0.115316
-300,98.7342,0.0247184,0.0179531
-296.203,98.7342,0.0248633,0.0185472
-292.405,98.7342,0.0250082,0.0191413
-288.608,98.7342,0.0251532,0.0197354
-284.81,98.7342,0.0252981,0.0203295
-281.013,98.7342,0.0254431,0.0209237
-277.215,98.7342,0.025588,0.0215178
-273.418,98.7342,0.0257329,0.0221119
-269.62,98.7342,0.0258779,0.022706
-265.823,98.7342,0.0260228,0.0233001
-262.025,98.7342,0.0261678,0.0238943
-258.228,98.7342,0.0263127,0.0244884
-254.43,98.7342,0.0264874,0.0251992
-250.633,98.7342,0.026696,0.0260484
-246.835,98.7342,0.026908,0.0269169
-243.038,98.7342,0.02712,0.0277855
-239.241,98.7342,0.027332,0.0286541
-235.443,98.7342,0.027544,0.0295226
-231.646,98.7342,0.027748,0.0304045
-227.848,98.7342,0.0279171,0.0313444
-224.051,98.7342,0.0280863,0.0322843
-220.253,98.7342,0.0282554,0.0332237
-216.456,98.7342,0.0284307,0.0340041
-212.658,98.7342,0.0286061,0.0347845
-208.861,98.7342,0.0287814,0.0355648
-205.063,98.7342,0.0289567,0.0363452
-201.266,98.7342,0.029132,0.0371256
-197.468,98.7342,0.0293022,0.0378988
-193.671,98.7342,0.0294704,0.0386692
-189.873,98.7342,0.0296385,0.0394396
-186.076,98.7342,0.0298067,0.0402099
-182.278,98.7342,0.0299765,0.0409869
-178.481,98.7342,0.03023,0.0421037
-174.684,98.7342,0.0304842,0.0432245
-170.886,98.7342,0.0307758,0.044555
-167.089,98.7342,0.0310652,0.045877
-163.291,98.7342,0.0313547,0.047199
-159.494,98.7342,0.0316441,0.048521
-155.696,98.7342,0.0319336,0.0498431
-151.899,98.7342,0.032223,0.0511651
-148.101,98.7342,0.0325125,0.0524871
-144.304,98.7342,0.0328019,0.0538091
-140.506,98.7342,0.0330796,0.0551749
-136.709,98.7342,0.033344,0.0565902
-132.911,98.7342,0.0336083,0.0580055
-129.114,98.7342,0.0338399,0.059258
-125.316,98.7342,0.0340489,0.0603981
-121.519,98.7342,0.0342578,0.0615381
-117.722,98.7342,0.034474,0.0627648
-113.924,98.7342,0.0346736,0.0640196
-110.127,98.7342,0.0348731,0.0652742
-106.329,98.7342,0.035087,0.0664842
-102.532,98.7342,0.0353015,0.0676929
-98.7342,98.7342,0.0355158,0.0689016
-94.9367,98.7342,0.0356746,0.0700879
-91.1392,98.7342,0.0358334,0.0712741
-87.3418,98.7342,0.0360511,0.0727439
-83.5443,98.7342,0.0364038,0.0748656
-79.7468,98.7342,0.0367566,0.0769872
-75.9494,98.7342,0.0371094,0.0791089
-72.1519,98.7342,0.0373314,0.0805956
-68.3544,98.7342,0.0375438,0.0821766
-64.557,98.7342,0.0378054,0.0843696
-60.7595,98.7342,0.0380669,0.0865627
-56.962,98.7342,0.0383451,0.0887954
-53.1646,98.7342,0.0386339,0.0910556
-49.3671,98.7342,0.0388751,0.0939078
-45.5696,98.7342,0.0391163,0.09676
-41.7722,98.7342,0.0392628,0.099093
-37.9747,98.7342,0.0392979,0.10096
-34.1772,98.7342,0.0393331,0.102827
-30.3797,98.7342,0.0393682,0.104694
-26.5823,98.7342,0.0394034,0.106561
-22.7848,98.7342,0.0394196,0.108285
-18.9873,98.7342,0.0392938,0.109633
-15.1899,98.7342,0.0391585,0.110862
-11.3924,98.7342,0.0390157,0.112056
-7.59494,98.7342,0.0388729,0.11325
-3.79747,98.7342,0.0385149,0.114802
0,98.7342,0.0380344,0.116558
-300,102.532,0.025365,0.0198303
-296.203,102.532,0.02551,0.0204244
-292.405,102.532,0.0256549,0.0210185
-288.608,102.532,0.0257999,0.0216127
-284.81,102.532,0.0259448,0.0222068
-281.013,102.532,0.0260897,0.0228009
-277.215,102.532,0.0262347,0.023395
-273.418,102.532,0.0263796,0.0239891
-269.62,102.532,0.0265246,0.0245833
-265.823,102.532,0.0266695,0.0251774
-262.025,102.532,0.0268456,0.0258935
-258.228,102.532,0.0270504,0.0267217
-254.43,102.532,0.0272551,0.0275499
-250.633,102.532,0.0274599,0.0283782
-246.835,102.532,0.0276712,0.0292431
-243.038,102.532,0.027845,0.0301754
-239.241,102.532,0.028015,0.0310924
-235.443,102.532,0.0281903,0.0318727
-231.646,102.532,0.0283656,0.0326531
-227.848,102.532,0.0285409,0.0334335
-224.051,102.532,0.0287163,0.0342139
-220.253,102.532,0.0288916,0.0349943
-216.456,102.532,0.0290669,0.0357747
-212.658,102.532,0.0292422,0.036555
-208.861,102.532,0.0294175,0.0373354
-205.063,102.532,0.0295929,0.0381158
-201.266,102.532,0.0297682,0.0388962
-197.468,102.532,0.0299426,0.0396754
-193.671,102.532,0.0301108,0.0404458
-189.873,102.532,0.030279,0.0412161
-186.076,102.532,0.0304654,0.0420605
-182.278,102.532,0.0307189,0.0431773
-178.481,102.532,0.0309724,0.0442941
-174.684,102.532,0.0312464,0.0455275
-170.886,102.532,0.0315358,0.0468495
-167.089,102.532,0.0318253,0.0481715
-163.291,102.532,0.0321147,0.0494935
-159.494,102.532,0.0324042,0.0508155
-155.696,102.532,0.0326936,0.0521376
-151.899,102.532,0.0329831,0.0534596
-148.101,102.532,0.033266,0.0548059
-144.304,102.532,0.0335304,0.0562212
-140.506,102.532,0.0337947,0.0576365
-136.709,102.532,0.0340296,0.0589053
-132.911,102.532,0.0342386,0.0600454
-129.114,102.532,0.0344475,0.0611855
-125.316,102.532,0.0346565,0.0623255
-121.519,102.532,0.0348464,0.0634479
-117.722,102.532,0.0350456,0.0646997
-113.924,102.532,0.0352495,0.0659443
-110.127,102.532,0.0354671,0.067156
-106.329,102.532,0.0356848,0.0683677
-102.532,102.532,0.0359024,0.0695794
-98.7342,102.532,0.03612,0.0707911
-94.9367,102.532,0.0363215,0.0719963
-91.1392,102.532,0.0364835,0.0731855
-87.3418,102.532,0.0368227,0.075229
-83.5443,102.532,0.0371787,0.0773536
-79.7468,102.532,0.0375346,0.0794783
-75.9494,102.532,0.0377624,0.0809484
-72.1519,102.532,0.0379721,0.0824096
-68.3544,102.532,0.038209,0.0843189
-64.557,102.532,0.0384734,0.0865131
-60.7595,102.532,0.0387378,0.0887074
-56.962,102.532,0.0390021,0.0909016
-53.1646,102.532,0.0392488,0.0933253
-49.3671,102.532,0.0394929,0.0961787
-45.5696,102.532,0.0396758,0.0986894
-41.7722,102.532,0.0397241,0.100596
-37.9747,102.532,0.0397622,0.102465
-34.1772,102.532,0.0397999,0.104333
-30.3797,102.532,0.039835,0.1062
-26.5823,102.532,0.0398681,0.107965
-22.7848,102.532,0.0398842,0.109629
-18.9873,102.532,0.0397738,0.110957
-15.1899,102.532,0.039631,0.112151
-11.3924,102.532,0.0394882,0.113345
-7.59494,102.532,0.0393454,0.114539
-3.79747,102.532,0.0390161,0.116043
0,102.532,0.0385356,0.117799
-300,106.329,0.0260117,0.0217075
-296.203,106.329,0.0261567,0.0223017
-292.405,106.329,0.0263016,0.0228958
-288.608,106.329,0.0264465,0.0234899
-284.81,106.329,0.0265915,0.024084
-281.013,106.329,0.0267364,0.0246781
-277.215,106.329,0.0268813,0.0252723
-273.418,106.329,0.0270263,0.0258664
-269.62,106.329,0.0272038,0.0265878
-265.823,106.329,0.0274085,0.027416
-262.025,106.329,0.0276133,0.0282442
-258.228,106.329,0.027816,0.0290758
-254.43,106.329,0.0279736,0.0298745
-250.633,106.329,0.0281349,0.0305766
-246.835,106.329,0.0283005,0.0313022
-243.038,106.329,0.0284758,0.0320826
-239.241,106.329,0.0286511,0.032863
-235.443,106.329,0.0288265,0.0336433
-231.646,106.329,0.0290018,0.0344237
-227.848,106.329,0.0291771,0.0352041
-224.051,106.329,0.0293524,0.0359845
-220.253,106.329,0.0295277,0.0367649
-216.456,106.329,0.0297031,0.0375453
-212.658,106.329,0.0298784,0.0383257
-208.861,106.329,0.0300537,0.039106
-205.063,106.329,0.030229,0.0398864
-201.266,106.329,0.0304043,0.0406668
-197.468,106.329,0.0305797,0.0414472
-193.671,106.329,0.0307512,0.0422223
-189.873,106.329,0.0309542,0.043134
-186.076,106.329,0.0312077,0.0442509
-182.278,106.329,0.0314612,0.0453677
-178.481,106.329,0.031717,0.0464999
-174.684,106.329,0.0320065,0.047822
-170.886,106.329,0.0322959,0.049144
-167.089,106.329,0.0325854,0.050466
-163.291,106.329,0.0328748,0.051788
-159.494,106.329,0.0331643,0.05311
-155.696,106.329,0.0334524,0.0544369
-151.899,106.329,0.0337168,0.0558522
-148.101,106.329,0.0339812,0.0572675
-144.304,106.329,0.0342193,0.0585526
-140.506,106.329,0.0344282,0.0596927
-136.709,106.329,0.0346372,0.0608328
-132.911,106.329,0.0348461,0.0619728
-129.114,106.329,0.0350536,0.0631115
-125.316,106.329,0.0352323,0.0642235
-121.519,106.329,0.0354175,0.0653799
-117.722,106.329,0.0356262,0.066613
-113.924,106.329,0.0358438,0.0678247
-110.127,106.329,0.0360615,0.0690364
-106.329,106.329,0.0362791,0.0702481
-102.532,106.329,0.0364967,0.0714598
-98.7342,106.329,0.0367144,0.0726715
-94.9367,106.329,0.036932,0.0738832
-91.1392,106.329,0.0372189,0.0755714
-87.3418,106.329,0.0375749,0.077696
-83.5443,106.329,0.0379291,0.0797965
-79.7468,106.329,0.0381662,0.0812847
-75.9494,106.329,0.0383766,0.0827078
-72.1519,106.329,0.0385841,0.0843133
-68.3544,106.329,0.0388427,0.0864479
-64.557,106.329,0.0391071,0.0886421
-60.7595,106.329,0.0393715,0.0908364
-56.962,106.329,0.0396359,0.0930306
-53.1646,106.329,0.0398638,0.0956792
-49.3671,106.329,0.0400487,0.0982894
-45.5696,106.329,0.0400924,0.100199
-41.7722,106.329,0.0401306,0.102068
-37.9747,106.329,0.0401688,0.103937
-34.1772,106.329,0.0402069,0.105806
-30.3797,106.329,0.0402431,0.107575
-26.5823,106.329,0.0403074,0.109337
-22.7848,106.329,0.0403368,0.111017
-18.9873,106.329,0.0401986,0.112219
-15.1899,106.329,0.0400588,0.113415
-11.3924,106.329,0.0399191,0.11461
-7.59494,106.329,0.0397793,0.115806
-3.79747,106.329,0.0394776,0.117271
0,106.329,0.0390004,0.119028
-300,110.127,0.0266584,0.0235848
-296.203,110.127,0.0268033,0.0241789
-292.405,110.127,0.0269483,0.024773
-288.608,110.127,0.0270932,0.0253671
-284.81,110.127,0.0272381,0.0259613
-281.013,110.127,0.0273831,0.0265554
-277.215,110.127,0.0275619,0.0272821
-273.418,110.127,0.0277667,0.0281103
-269.62,110.127,0.0279729,0.0288847
-265.823,110.127,0.0281343,0.0295868
-262.025,110.127,0.0282956,0.0302888
-258.228,110.127,0.0284569,0.0309909
-254.43,110.127,0.0286183,0.0316929
-250.633,110.127,0.0287796,0.0323949
-246.835,110.127,0.028941,0.033097
-243.038,110.127,0.029112,0.0338532
-239.241,110.127,0.0292873,0.0346336
-235.443,110.127,0.0294626,0.0354139
-231.646,110.127,0.0296379,0.0361943
-227.848,110.127,0.0298133,0.0369747
-224.051,110.127,0.0299886,0.0377551
-220.253,110.127,0.0301639,0.0385355
-216.456,110.127,0.0303392,0.0393159
-212.658,110.127,0.0305145,0.0400962
-208.861,110.127,0.0306899,0.0408766
-205.063,110.127,0.0308652,0.041657
-201.266,110.127,0.0310405,0.0424374
-197.468,110.127,0.0312158,0.0432178
-193.671,110.127,0.0314425,0.0442069
-189.873,110.127,0.0316966,0.0453245
-186.076,110.127,0.0319501,0.0464413
-182.278,110.127,0.0322028,0.0475551
-178.481,110.127,0.0324771,0.0487944
-174.684,110.127,0.0327666,0.0501165
-170.886,110.127,0.033056,0.0514385
-167.089,110.127,0.0333455,0.0527605
-163.291,110.127,0.0336349,0.0540825
-159.494,110.127,0.0339032,0.0554832
-155.696,110.127,0.0341676,0.0568985
-151.899,110.127,0.034409,0.0581999
-148.101,110.127,0.0346179,0.05934
-144.304,110.127,0.0348269,0.0604801
-140.506,110.127,0.0350358,0.0616201
-136.709,110.127,0.0352448,0.0627602
-132.911,110.127,0.0354395,0.0638871
-129.114,110.127,0.0356182,0.064999
-125.316,110.127,0.0357969,0.0661109
-121.519,110.127,0.0360029,0.0672817
-117.722,110.127,0.0362205,0.0684934
-113.924,110.127,0.0364382,0.0697051
-110.127,110.127,0.0366558,0.0709168
-106.329,110.127,0.0368734,0.0721285
-102.532,110.127,0.0370911,0.0733402
-98.7342,110.127,0.0373087,0.0745519
-94.9367,110.127,0.0375522,0.0758884
-91.1392,110.127,0.0379638,0.0780355
-87.3418,110.127,0.0383223,0.0800984
-83.5443,110.127,0.0385701,0.081621
-79.7468,110.127,0.0387808,0.0830237
-75.9494,110.127,0.0389886,0.0846115
-72.1519,110.127,0.0392121,0.0863826
-68.3544,110.127,0.0394765,0.0885769
-64.557,110.127,0.0397408,0.0907712
-60.7595,110.127,0.0400052,0.0929654
-56.962,110.127,0.0402627,0.0952464
-53.1646,110.127,0.0404783,0.0980285
-49.3671,110.127,0.0405153,0.0999292
-45.5696,110.127,0.0405281,0.101739
-41.7722,110.127,0.0405409,0.103549
-37.9747,110.127,0.0405753,0.105409
-34.1772,110.127,0.0406196,0.107196
-30.3797,110.127,0.0406913,0.108973
-26.5823,110.127,0.0407631,0.110749
-22.7848,110.127,0.0407505,0.112279
-18.9873,110.127,0.0406108,0.113474
-15.1899,110.127,0.040471,0.11467
-11.3924,110.127,0.0403313,0.115865
-7.59494,110.127,0.0401924,0.117063
-3.79747,110.127,0.0399191,0.1185
0,110.127,0.0394487,0.120266
-300,113.924,0.0272808,0.0254317
-296.203,113.924,0.02745,0.0260561
-292.405,113.924,0.0275949,0.0266502
-288.608,113.924,0.0277399,0.0272444
-284.81,113.924,0.0279201,0.0279764
-281.013,113.924,0.0281328,0.0285982
-277.215,113.924,0.0282949,0.029299
-273.418,113.924,0.0284563,0.0300011
-269.62,113.924,0.0286176,0.0307031
-265.823,113.924,0.0287789,0.0314052
-262.025,113.924,0.0289403,0.0321072
-258.228,113.924,0.0291016,0.0328092
-254.43,113.924,0.029263,0.0335113
-250.633,113.924,0.0294243,0.0342133
-246.835,113.924,0.0295857,0.0349154
-243.038,113.924,0.0297481,0.0356238
-239.241,113.924,0.0299235,0.0364042
-235.443,113.924,0.0300988,0.0371846
-231.646,113.924,0.0302741,0.0379649
-227.848,113.924,0.0304494,0.0387453
-224.051,113.924,0.0306247,0.0395257
-220.253,113.924,0.0308001,0.0403061
-216.456,113.924,0.0309754,0.0410865
-212.658,113.924,0.0311507,0.0418669
-208.861,113.924,0.031326,0.0426472
-205.063,113.924,0.0315013,0.0434276
-201.266,113.924,0.0316767,0.044208
-197.468,113.924,0.03192,0.0452644
-193.671,113.924,0.0321806,0.0463913
-189.873,113.924,0.0324389,0.0475149
-186.076,113.924,0.0326924,0.0486317
-182.278,113.924,0.0329477,0.0497669
-178.481,113.924,0.0332372,0.0510889
-174.684,113.924,0.0335266,0.0524109
-170.886,113.924,0.0338161,0.053733
-167.089,113.924,0.0340896,0.0551142
-163.291,113.924,0.034354,0.0565295
-159.494,113.924,0.0345987,0.0578472
-155.696,113.924,0.0348076,0.0589873
-151.899,113.924,0.0350166,0.0601274
-148.101,113.924,0.0352255,0.0612674
-144.304,113.924,0.0354345,0.0624075
-140.506,113.924,0.0356434,0.0635476
-136.709,113.924,0.0358254,0.0646626
-132.911,113.924,0.0360041,0.0657745
-129.114,113.924,0.0361834,0.0668849
-125.316,113.924,0.0363801,0.0679538
-121.519,113.924,0.0365973,0.069162
-117.722,113.924,0.0368149,0.0703737
-113.924,113.924,0.0370325,0.0715854
-110.127,113.924,0.0372501,0.0727971
-106.329,113.924,0.0374678,0.0740088
-102.532,113.924,0.0376854,0.0752205
-98.7342,113.924,0.037903,0.0764322
-94.9367,113.924,0.0382649,0.0783395
-91.1392,113.924,0.0386683,0.0803779
-87.3418,113.924,0.0389739,0.0819573
-83.5443,113.924,0.0391846,0.08336
-79.7468,113.924,0.039393,0.0849097
-75.9494,113.924,0.0396005,0.0865152
-72.1519,113.924,0.0398458,0.0885117
-68.3544,113.924,0.0401102,0.0907059
-64.557,113.924,0.0403746,0.0929002
-60.7595,113.924,0.040639,0.0950944
-56.962,113.924,0.0408782,0.0976016
-53.1646,113.924,0.0409493,0.0996849
-49.3671,113.924,0.0409621,0.101495
-45.5696,113.924,0.0409749,0.103305
-41.7722,113.924,0.0409877,0.105114
-37.9747,113.924,0.0410272,0.106884
-34.1772,113.924,0.041086,0.108626
-30.3797,113.924,0.0411636,0.110412
-26.5823,113.924,0.0412112,0.112101
-22.7848,113.924,0.0411581,0.113483
-18.9873,113.924,0.0410222,0.114683
-15.1899,113.924,0.0408863,0.115882
-11.3924,113.924,0.0407504,0.117082
-7.59494,113.924,0.0406145,0.118281
-3.79747,113.924,0.0403685,0.119664
0,113.924,0.0398961,0.121423
-300,117.722,0.0278595,0.0272237
-296.203,117.722,0.028053,0.0277304
-292.405,117.722,0.0282858,0.0283101
-288.608,117.722,0.0284556,0.0290113
-284.81,117.722,0.0286169,0.0297133
-281.013,117.722,0.0287783,0.0304154
-277.215,117.722,0.0289396,0.0311174
-273.418,117.722,0.0291009,0.0318194
-269.62,117.722,0.0292623,0.0325215
-265.823,117.722,0.0294236,0.0332235
-262.025,117.722,0.029585,0.0339256
-258.228,117.722,0.0297463,0.0346276
-254.43,117.722,0.0299076,0.0353297
-250.633,117.722,0.030069,0.0360317
-246.835,117.722,0.0302303,0.0367337
-243.038,117.722,0.0303917,0.0374358
-239.241,117.722,0.0305596,0.0381748
-235.443,117.722,0.0307349,0.0389552
-231.646,117.722,0.0309103,0.0397355
-227.848,117.722,0.0310856,0.0405159
-224.051,117.722,0.0312609,0.0412963
-220.253,117.722,0.0314362,0.0420767
-216.456,117.722,0.0316115,0.0428571
-212.658,117.722,0.0317869,0.0436375
-208.861,117.722,0.0319622,0.0444178
-205.063,117.722,0.0321375,0.0451982
-201.266,117.722,0.0323974,0.046322
-197.468,117.722,0.0326581,0.0474489
-193.671,117.722,0.0329187,0.0485757
-189.873,117.722,0.0331794,0.0497026
-186.076,117.722,0.03343,0.0508027
-182.278,117.722,0.0337078,0.0520614
-178.481,117.722,0.0339973,0.0533834
-174.684,117.722,0.034276,0.0547452
-170.886,117.722,0.0345404,0.0561606
-167.089,117.722,0.0347884,0.0574945
-163.291,117.722,0.0349973,0.0586346
-159.494,117.722,0.0352063,0.0597747
-155.696,117.722,0.0354152,0.0609148
-151.899,117.722,0.0356242,0.0620548
-148.101,117.722,0.0358331,0.0631949
-144.304,117.722,0.0360326,0.0643262
-140.506,117.722,0.0362113,0.0654381
-136.709,117.722,0.03639,0.0665501
-132.911,117.722,0.0365741,0.067649
-129.114,117.722,0.0367708,0.0687178
-125.316,117.722,0.036974,0.0698307
-121.519,117.722,0.0371916,0.0710424
-117.722,117.722,0.0374092,0.0722541
-113.924,117.722,0.0376269,0.0734658
-110.127,117.722,0.0378445,0.0746775
-106.329,117.722,0.0380621,0.0758892
-102.532,117.722,0.0382798,0.0771009
-98.7342,117.722,0.038566,0.0786435
-94.9367,117.722,0.0389657,0.0806344
-91.1392,117.722,0.0393067,0.0823036
-87.3418,117.722,0.0395631,0.0836999
-83.5443,117.722,0.0397975,0.0852079
-79.7468,117.722,0.040005,0.0868134
-75.9494,117.722,0.0402152,0.0884464
-72.1519,117.722,0.040483,0.0906478
-68.3544,117.722,0.040754,0.0928556
-64.557,117.722,0.041025,0.0950635
-60.7595,117.722,0.0412959,0.0972713
-56.962,117.722,0.0414097,0.0994856
-53.1646,117.722,0.0414283,0.101305
-49.3671,117.722,0.0414469,0.103125
-45.5696,117.722,0.041468,0.10495
-41.7722,117.722,0.0415216,0.106748
-37.9747,117.722,0.0415615,0.108438
-34.1772,117.722,0.041581,0.110067
-30.3797,117.722,0.0416004,0.111696
-26.5823,117.722,0.041613,0.11325
-22.7848,117.722,0.0415481,0.114605
-18.9873,117.722,0.0414122,0.115805
-15.1899,117.722,0.0412763,0.117004
-11.3924,117.722,0.0411404,0.118204
-7.59494,117.722,0.0410045,0.119403
-3.79747,117.722,0.0407878,0.120737
0,117.722,0.0403155,0.122497
-300,121.519,0.0284876,0.0285928
-296.203,121.519,0.0286835,0.0293299
-292.405,121.519,0.0288794,0.0300671
-288.608,121.519,0.0290753,0.0308043
-284.81,121.519,0.0292616,0.0315317
-281.013,121.519,0.0294229,0.0322337
-277.215,121.519,0.0295843,0.0329358
-273.418,121.519,0.0297456,0.0336378
-269.62,121.519,0.029907,0.0343399
-265.823,121.519,0.0300683,0.0350419
-262.025,121.519,0.0302296,0.0357439
-258.228,121.519,0.030391,0.036446
-254.43,121.519,0.0305523,0.037148
-250.633,121.519,0.0307137,0.0378501
-246.835,121.519,0.030875,0.0385521
-243.038,121.519,0.0310364,0.0392541
-239.241,121.519,0.0311977,0.0399562
-235.443,121.519,0.0313711,0.0407257
-231.646,121.519,0.0315464,0.0415061
-227.848,121.519,0.0317217,0.0422865
-224.051,121.519,0.0318971,0.0430669
-220.253,121.519,0.0320724,0.0438473
-216.456,121.519,0.0322477,0.0446277
-212.658,121.519,0.032423,0.0454081
-208.861,121.519,0.0326142,0.0462528
-205.063,121.519,0.0328748,0.0473796
-201.266,121.519,0.0331355,0.0485065
-197.468,121.519,0.0333961,0.0496333
-193.671,121.519,0.0336568,0.0507601
-189.873,121.519,0.0339138,0.0518725
-186.076,121.519,0.0341785,0.0530339
-182.278,121.519,0.0344624,0.0543763
-178.481,121.519,0.0347268,0.0557916
-174.684,121.519,0.034978,0.0571418
-170.886,121.519,0.035187,0.0582819
-167.089,121.519,0.0353959,0.059422
-163.291,121.519,0.0356049,0.0605621
-159.494,121.519,0.0358138,0.0617021
-155.696,121.519,0.0360228,0.0628422
-151.899,121.519,0.0362317,0.0639823
-148.101,121.519,0.0364185,0.0651017
-144.304,121.519,0.0365972,0.0662137
-140.506,121.519,0.0367759,0.0673256
-136.709,121.519,0.0369648,0.0684131
-132.911,121.519,0.0371615,0.0694819
-129.114,121.519,0.0373582,0.0705507
-125.316,121.519,0.0375683,0.0717111
-121.519,121.519,0.0377859,0.0729228
-117.722,121.519,0.0380036,0.0741345
-113.924,121.519,0.0382212,0.0753462
-110.127,121.519,0.0384388,0.0765579
-106.329,121.519,0.0386577,0.0777705
-102.532,121.519,0.0388819,0.0789865
-98.7342,121.519,0.0392779,0.0809053
-94.9367,121.519,0.039653,0.0826702
-91.1392,121.519,0.0399156,0.084097
-87.3418,121.519,0.0401761,0.085649
-83.5443,121.519,0.0404367,0.0872009
-79.7468,121.519,0.0406631,0.0888007
-75.9494,121.519,0.040903,0.090687
-72.1519,121.519,0.041174,0.0928949
-68.3544,121.519,0.041445,0.0951027
-64.557,121.519,0.041716,0.0973106
-60.7595,121.519,0.0418884,0.0993178
-56.962,121.519,0.0419071,0.101138
-53.1646,121.519,0.0419257,0.102957
-49.3671,121.519,0.0419623,0.104811
-45.5696,121.519,0.0419905,0.106536
-41.7722,121.519,0.0420099,0.108164
-37.9747,121.519,0.0420294,0.109793
-34.1772,121.519,0.0420489,0.111422
-30.3797,121.519,0.0420586,0.113005
-26.5823,121.519,0.0420401,0.114458
-22.7848,121.519,0.041938,0.115727
-18.9873,121.519,0.0418021,0.116927
-15.1899,121.519,0.0416662,0.118127
-11.3924,121.519,0.0415303,0.119326
-7.59494,121.519,0.0413944,0.120526
-3.79747,121.519,0.0412072,0.12181
0,121.519,0.0407348,0.12357
-300,125.316,0.0290777,0.0303556
-296.203,125.316,0.0292736,0.0310928
-292.405,125.316,0.0294695,0.03183
-288.608,125.316,0.0296654,0.0325672
-284.81,125.316,0.0298613,0.0333044
-281.013,125.316,0.0300572,0.0340415
-277.215,125.316,0.030229,0.0347542
-273.418,125.316,0.0303903,0.0354562
-269.62,125.316,0.0305516,0.0361582
-265.823,125.316,0.030713,0.0368603
-262.025,125.316,0.0308743,0.0375623
-258.228,125.316,0.0310357,0.0382644
-254.43,125.316,0.031197,0.0389664
-250.633,125.316,0.0313584,0.0396684
-246.835,125.316,0.0315197,0.0403705
-243.038,125.316,0.031681,0.0410725
-239.241,125.316,0.0318424,0.0417746
-235.443,125.316,0.0320072,0.0424964
-231.646,125.316,0.0321826,0.0432767
-227.848,125.316,0.0323579,0.0440571
-224.051,125.316,0.0325332,0.0448375
-220.253,125.316,0.0327085,0.0456179
-216.456,125.316,0.0328838,0.0463983
-212.658,125.316,0.0330916,0.0473103
-208.861,125.316,0.0333523,0.0484372
-205.063,125.316,0.0336129,0.049564
-201.266,125.316,0.0338736,0.0506909
-197.468,125.316,0.0341342,0.0518177
-193.671,125.316,0.0343925,0.0529349
-189.873,125.316,0.0346431,0.0540489
-186.076,125.316,0.0349092,0.0554203
-182.278,125.316,0.0351677,0.0567891
-178.481,125.316,0.0353767,0.0579292
-174.684,125.316,0.0355856,0.0590693
-170.886,125.316,0.0357946,0.0602094
-167.089,125.316,0.0360035,0.0613494
-163.291,125.316,0.0362125,0.0624895
-159.494,125.316,0.0364214,0.0636296
-155.696,125.316,0.0366257,0.0647653
-151.899,125.316,0.0368044,0.0658773
-148.101,125.316,0.0369831,0.0669892
-144.304,125.316,0.0371618,0.0681011
-140.506,125.316,0.0373555,0.0691772
-136.709,125.316,0.0375579,0.0702498
-132.911,125.316,0.0377611,0.071323
-129.114,125.316,0.0379643,0.0723961
-125.316,125.316,0.0381878,0.0736084
-121.519,125.316,0.038412,0.0748244
-117.722,125.316,0.0386361,0.0760405
-113.924,125.316,0.0388602,0.0772565
-110.127,125.316,0.0390844,0.0784726
-106.329,125.316,0.0393085,0.0796887
-102.532,125.316,0.0396265,0.081212
-98.7342,125.316,0.0400196,0.0830348
-94.9367,125.316,0.0402894,0.084596
-91.1392,125.316,0.04055,0.0861479
-87.3418,125.316,0.0408106,0.0876999
-83.5443,125.316,0.0410712,0.0892518
-79.7468,125.316,0.0413307,0.0908052
-75.9494,125.316,0.0415941,0.0929341
-72.1519,125.316,0.0418651,0.095142
-68.3544,125.316,0.0421361,0.0973499
-64.557,125.316,0.042327,0.0992177
-60.7595,125.316,0.0423858,0.10097
-56.962,125.316,0.0423943,0.102759
-53.1646,125.316,0.0424164,0.104551
-49.3671,125.316,0.0424389,0.106262
-45.5696,125.316,0.0424584,0.10789
-41.7722,125.316,0.0424778,0.109519
-37.9747,125.316,0.0424973,0.111148
-34.1772,125.316,0.0425168,0.112776
-30.3797,125.316,0.0425048,0.11426
-26.5823,125.316,0.0424863,0.115712
-22.7848,125.316,0.0423698,0.116949
-18.9873,125.316,0.0422059,0.118082
-15.1899,125.316,0.0420562,0.119249
-11.3924,125.316,0.0419203,0.120448
-7.59494,125.316,0.0417844,0.121648
-3.79747,125.316,0.0416265,0.122884
0,125.316,0.0411542,0.124643
-300,129.114,0.0296678,0.0321185
-296.203,129.114,0.0298637,0.0328557
-292.405,129.114,0.0300596,0.0335929
-288.608,129.114,0.0302555,0.03433
-284.81,129.114,0.0304514,0.0350672
-281.013,129.114,0.0306473,0.0358044
-277.215,129.114,0.0308432,0.0365416
-273.418,129.114,0.031035,0.0372746
-269.62,129.114,0.0311963,0.0379766
-265.823,129.114,0.0313577,0.0386787
-262.025,129.114,0.031519,0.0393807
-258.228,129.114,0.0316804,0.0400827
-254.43,129.114,0.0318417,0.0407848
-250.633,129.114,0.032003,0.0414868
-246.835,129.114,0.0321644,0.0421889
-243.038,129.114,0.0323257,0.0428909
-239.241,129.114,0.0324871,0.0435929
-235.443,129.114,0.0326484,0.044295
-231.646,129.114,0.0328187,0.0450473
-227.848,129.114,0.032994,0.0458277
-224.051,129.114,0.0331694,0.0466081
-220.253,129.114,0.0333447,0.0473885
-216.456,129.114,0.033569,0.0483679
-212.658,129.114,0.0338297,0.0494948
-208.861,129.114,0.0340903,0.0506216
-205.063,129.114,0.034351,0.0517485
-201.266,129.114,0.0346116,0.0528753
-197.468,129.114,0.0348595,0.0540405
-193.671,129.114,0.0350966,0.0552047
-189.873,129.114,0.0353364,0.0564095
-186.076,129.114,0.0355555,0.0575626
-182.278,129.114,0.0357747,0.0587157
-178.481,129.114,0.0359843,0.0598567
-174.684,129.114,0.0361932,0.0609968
-170.886,129.114,0.0364058,0.0621393
-167.089,129.114,0.0366212,0.0632837
-163.291,129.114,0.0368367,0.0644281
-159.494,129.114,0.0370347,0.0655563
-155.696,129.114,0.0372199,0.0666726
-151.899,129.114,0.0374051,0.067789
-148.101,129.114,0.0375921,0.068901
-144.304,129.114,0.0377953,0.0699742
-140.506,129.114,0.0379985,0.0710473
-136.709,129.114,0.0382017,0.0721205
-132.911,129.114,0.0384049,0.0731937
-129.114,129.114,0.0386145,0.0743105
-125.316,129.114,0.0388386,0.0755266
-121.519,129.114,0.0390627,0.0767426
-117.722,129.114,0.0392868,0.0779587
-113.924,129.114,0.039511,0.0791748
-110.127,129.114,0.0397287,0.080306
-106.329,129.114,0.0399751,0.0815186
-102.532,129.114,0.0403669,0.0834275
-98.7342,129.114,0.0406633,0.085095
-94.9367,129.114,0.0409239,0.0866469
-91.1392,129.114,0.0411844,0.0881988
-87.3418,129.114,0.041445,0.0897508
-83.5443,129.114,0.0417056,0.0913027
-79.7468,129.114,0.0419902,0.0931029
-75.9494,129.114,0.0422851,0.0951813
-72.1519,129.114,0.0425561,0.0973891
-68.3544,129.114,0.0427304,0.0991769
-64.557,129.114,0.042842,0.100734
-60.7595,129.114,0.0428388,0.102474
-56.962,129.114,0.0428647,0.104274
-53.1646,129.114,0.0428873,0.105988
-49.3671,129.114,0.0429068,0.107616
-45.5696,129.114,0.0429263,0.109245
-41.7722,129.114,0.0429457,0.110874
-37.9747,129.114,0.0429652,0.112502
-34.1772,129.114,0.0429695,0.114061
-30.3797,129.114,0.042951,0.115514
-26.5823,129.114,0.0429325,0.116967
-22.7848,129.114,0.0428042,0.118178
-18.9873,129.114,0.0426403,0.11931
-15.1899,129.114,0.0424763,0.120443
-11.3924,129.114,0.0423124,0.121575
-7.59494,129.114,0.0421744,0.12277
-3.79747,129.114,0.0420385,0.123969
0,129.114,0.0415735,0.125716
-300,132.911,0.0302186,0.0337681
-296.203,132.911,0.0304218,0.0345261
-292.405,132.911,0.0306249,0.0352842
-288.608,132.911,0.030828,0.0360422
-284.81,132.911,0.0310312,0.0368003
-281.013,132.911,0.0312343,0.0375584
-277.215,132.911,0.0314333,0.0383045
-273.418,132.911,0.0316292,0.0390417
-269.62,132.911,0.0318251,0.0397788
-265.823,132.911,0.0320023,0.040497
-262.025,132.911,0.0321637,0.0411991
-258.228,132.911,0.032325,0.0419011
-254.43,132.911,0.0324864,0.0426031
-250.633,132.911,0.0326477,0.0433052
-246.835,132.911,0.0328091,0.0440072
-243.038,132.911,0.0329704,0.0447093
-239.241,132.911,0.0331317,0.0454113
-235.443,132.911,0.0332931,0.0461134
-231.646,132.911,0.0334549,0.0468179
-227.848,132.911,0.0336302,0.0475983
-224.051,132.911,0.0338055,0.0483787
-220.253,132.911,0.0340465,0.0494255
-216.456,132.911,0.0343071,0.0505524
-212.658,132.911,0.0345678,0.0516792
-208.861,132.911,0.0348284,0.052806
-205.063,132.911,0.0350726,0.0539985
-201.266,132.911,0.0353197,0.0551948
-197.468,132.911,0.0355438,0.0562668
-193.671,132.911,0.0357426,0.0572127
-189.873,132.911,0.0359654,0.0583476
-186.076,132.911,0.036191,0.0595051
-182.278,132.911,0.0364167,0.0606626
-178.481,132.911,0.0366389,0.0618157
-174.684,132.911,0.0368543,0.0629601
-170.886,132.911,0.0370698,0.0641046
-167.089,132.911,0.0372852,0.065249
-163.291,132.911,0.0374705,0.0663653
-159.494,132.911,0.0376557,0.0674817
-155.696,132.911,0.0378409,0.068598
-151.899,132.911,0.0380326,0.0696985
-148.101,132.911,0.0382358,0.0707717
-144.304,132.911,0.038439,0.0718449
-140.506,132.911,0.0386422,0.072918
-136.709,132.911,0.0388454,0.0739912
-132.911,132.911,0.0390486,0.0750644
-129.114,132.911,0.0392652,0.0762287
-125.316,132.911,0.0394893,0.0774448
-121.519,132.911,0.0397135,0.0786609
-117.722,132.911,0.039934,0.0798295
-113.924,132.911,0.0401474,0.0809043
-110.127,132.911,0.0403602,0.0820171
-106.329,132.911,0.0407139,0.0838398
-102.532,132.911,0.0410371,0.0855939
-98.7342,132.911,0.0412977,0.0871459
-94.9367,132.911,0.0415583,0.0886978
-91.1392,132.911,0.0418189,0.0902497
-87.3418,132.911,0.0420795,0.0918017
-83.5443,132.911,0.0423507,0.0934637
-79.7468,132.911,0.0426565,0.0954836
-75.9494,132.911,0.0429622,0.0975036
-72.1519,132.911,0.0431338,0.0991361
-68.3544,132.911,0.043217,0.100578
-64.557,132.911,0.0432871,0.102197
-60.7595,132.911,0.043313,0.103996
-56.962,132.911,0.0433357,0.105714
-53.1646,132.911,0.0433552,0.107342
-49.3671,132.911,0.0433747,0.108971
-45.5696,132.911,0.0433941,0.1106
-41.7722,132.911,0.0434136,0.112228
-37.9747,132.911,0.0434331,0.113857
-34.1772,132.911,0.0434157,0.115315
-30.3797,132.911,0.0433972,0.116768
-26.5823,132.911,0.0433787,0.118221
-22.7848,132.911,0.0432386,0.119406
-18.9873,132.911,0.0430747,0.120538
-15.1899,132.911,0.0429108,0.121671
-11.3924,132.911,0.0427468,0.122804
-7.59494,132.911,0.0425829,0.123936
-3.79747,132.911,0.0424284,0.125091
0,132.911,0.0419562,0.126652
-300,136.709,0.0307554,0.0353773
-296.203,136.709,0.0309585,0.0361353
-292.405,136.709,0.0311617,0.0368934
-288.608,136.709,0.0313648,0.0376514
-284.81,136.709,0.0315679,0.0384095
-281.013,136.709,0.0317711,0.0391675
-277.215,136.709,0.0319742,0.0399256
-273.418,136.709,0.0321774,0.0406836
-269.62,136.709,0.0323805,0.0414417
-265.823,136.709,0.0325836,0.0421997
-262.025,136.709,0.0327868,0.0429578
-258.228,136.709,0.0329567,0.0436821
-254.43,136.709,0.0331253,0.044405
-250.633,136.709,0.0332924,0.0451236
-246.835,136.709,0.0334537,0.0458256
-243.038,136.709,0.0336151,0.0465276
-239.241,136.709,0.0337764,0.0472297
-235.443,136.709,0.0339429,0.04793
-231.646,136.709,0.0341098,0.0486301
-227.848,136.709,0.0342827,0.0493634
-224.051,136.709,0.0345458,0.0504757
-220.253,136.709,0.0348121,0.0516006
-216.456,136.709,0.0350726,0.0527469
-212.658,136.709,0.0353196,0.0539432
-208.861,136.709,0.0355667,0.0551395
-205.063,136.709,0.0357908,0.0562218
-201.266,136.709,0.0359884,0.0571638
-197.468,136.709,0.0361871,0.0581097
-193.671,136.709,0.0363976,0.0591476
-189.873,136.709,0.0366233,0.0603051
-186.076,136.709,0.0368489,0.0614626
-182.278,136.709,0.0370745,0.0626201
-178.481,136.709,0.0373002,0.0637776
-174.684,136.709,0.0375183,0.0649254
-170.886,136.709,0.0377211,0.0660581
-167.089,136.709,0.0379063,0.0671744
-163.291,136.709,0.0380915,0.0682907
-159.494,136.709,0.0382767,0.069407
-155.696,136.709,0.0384732,0.0704961
-151.899,136.709,0.0386764,0.0715692
-148.101,136.709,0.0388796,0.0726424
-144.304,136.709,0.0390828,0.0737156
-140.506,136.709,0.039286,0.0747888
-136.709,136.709,0.0394892,0.0758619
-132.911,136.709,0.0396924,0.0769351
-129.114,136.709,0.0399159,0.0781469
-125.316,136.709,0.0401393,0.0793529
-121.519,136.709,0.0403527,0.0804278
-117.722,136.709,0.0405661,0.0815026
-113.924,136.709,0.0407774,0.0827134
-110.127,136.709,0.0410609,0.084252
-106.329,136.709,0.041411,0.0860929
-102.532,136.709,0.0416716,0.0876448
-98.7342,136.709,0.0419321,0.0891968
-94.9367,136.709,0.0421927,0.0907487
-91.1392,136.709,0.0424533,0.0923006
-87.3418,136.709,0.0427139,0.0938526
-83.5443,136.709,0.043017,0.0958445
-79.7468,136.709,0.0433228,0.0978644
-75.9494,136.709,0.0434784,0.0992453
-72.1519,136.709,0.0435919,0.100477
-68.3544,136.709,0.0437173,0.101972
-64.557,136.709,0.0437613,0.103719
-60.7595,136.709,0.0437842,0.10544
-56.962,136.709,0.0438036,0.107068
-53.1646,136.709,0.0438231,0.108697
-49.3671,136.709,0.0438426,0.110326
-45.5696,136.709,0.043862,0.111954
-41.7722,136.709,0.0438815,0.113583
-37.9747,136.709,0.0438804,0.115116
-34.1772,136.709,0.0438619,0.116569
-30.3797,136.709,0.0438434,0.118022
-26.5823,136.709,0.0438249,0.119475
-22.7848,136.709,0.043673,0.120634
-18.9873,136.709,0.0435091,0.121767
-15.1899,136.709,0.0433452,0.122899
-11.3924,136.709,0.0431812,0.124032
-7.59494,136.709,0.0430088,0.125108
-3.79747,136.709,0.0428197,0.126073
0,136.709,0.0423298,0.127539
-300,140.506,0.0312921,0.0369864
-296.203,140.506,0.0314953,0.0377445
-292.405,140.506,0.0316984,0.0385025
-288.608,140.506,0.0319016,0.0392606
-284.81,140.506,0.0321047,0.0400186
-281.013,140.506,0.0323078,0.0407767
-277.215,140.506,0.032511,0.0415347
-273.418,140.506,0.0327141,0.0422928
-269.62,140.506,0.0329206,0.0430497
-265.823,140.506,0.0331293,0.0438059
-262.025,140.506,0.0333381,0.044562
-258.228,140.506,0.0335468,0.0453182
-254.43,140.506,0.0337424,0.0460609
-250.633,140.506,0.0339165,0.0467819
-246.835,140.506,0.0340907,0.0475029
-243.038,140.506,0.0342649,0.048224
-239.241,140.506,0.0344391,0.048945
-235.443,140.506,0.0346133,0.049666
-231.646,140.506,0.0348009,0.0504417
-227.848,140.506,0.0350605,0.0515092
-224.051,140.506,0.0353185,0.052688
-220.253,140.506,0.0355667,0.0538879
-216.456,140.506,0.0358137,0.0550842
-212.658,140.506,0.036044,0.056197
-208.861,140.506,0.0362365,0.0571226
-205.063,140.506,0.036433,0.0580608
-201.266,140.506,0.0366317,0.0590067
-197.468,140.506,0.0368305,0.0599526
-193.671,140.506,0.0370555,0.0611052
-189.873,140.506,0.0372811,0.0622626
-186.076,140.506,0.0375068,0.0634201
-182.278,140.506,0.0377324,0.0645776
-178.481,140.506,0.0379581,0.0657351
-174.684,140.506,0.0381569,0.0668671
-170.886,140.506,0.0383421,0.0679834
-167.089,140.506,0.0385273,0.0690997
-163.291,140.506,0.0387125,0.070216
-159.494,140.506,0.0389138,0.0712936
-155.696,140.506,0.039117,0.0723668
-151.899,140.506,0.0393202,0.07344
-148.101,140.506,0.0395234,0.0745131
-144.304,140.506,0.0397266,0.0755863
-140.506,140.506,0.0399298,0.0766595
-136.709,140.506,0.040133,0.0777326
-132.911,140.506,0.0403426,0.0788491
-129.114,140.506,0.040558,0.0799512
-125.316,140.506,0.0407714,0.081026
-121.519,140.506,0.0409838,0.0821659
-117.722,140.506,0.0411946,0.0834097
-113.924,140.506,0.0414079,0.0846642
-110.127,140.506,0.0417848,0.0865918
-106.329,140.506,0.0420454,0.0881438
-102.532,140.506,0.042306,0.0896957
-98.7342,140.506,0.0425666,0.0912477
-94.9367,140.506,0.0428272,0.0927996
-91.1392,140.506,0.0430877,0.0943515
-87.3418,140.506,0.0433775,0.0962053
-83.5443,140.506,0.0436677,0.0981445
-79.7468,140.506,0.0438024,0.099469
-75.9494,140.506,0.0439344,0.100739
-72.1519,140.506,0.0440837,0.102044
-68.3544,140.506,0.0442096,0.103442
-64.557,140.506,0.0442326,0.105166
-60.7595,140.506,0.0442521,0.106794
-56.962,140.506,0.0442715,0.108423
-53.1646,140.506,0.044291,0.110052
-49.3671,140.506,0.0443105,0.11168
-45.5696,140.506,0.0443299,0.113309
-41.7722,140.506,0.0443451,0.114918
-37.9747,140.506,0.0443266,0.116371
-34.1772,140.506,0.0443081,0.117823
-30.3797,140.506,0.0442896,0.119276
-26.5823,140.506,0.0442712,0.120729
-22.7848,140.506,0.0441074,0.121862
-18.9873,140.506,0.0439435,0.122995
-15.1899,140.506,0.0437796,0.124127
-11.3924,140.506,0.0435974,0.125139
-7.59494,140.506,0.0434083,0.126104
-3.79747,140.506,0.0432192,0.127069
0,140.506,0.0427465,0.128506
-300,144.304,0.031836,0.0385932
-296.203,144.304,0.0320447,0.0393494
-292.405,144.304,0.0322535,0.0401055
-288.608,144.304,0.0324622,0.0408617
-284.81,144.304,0.032671,0.0416178
-281.013,144.304,0.0328797,0.042374
-277.215,144.304,0.0330884,0.0431301
-273.418,144.304,0.0332972,0.0438863
-269.62,144.304,0.0335059,0.0446424
-265.823,144.304,0.0337147,0.0453986
-262.025,144.304,0.0339234,0.0461547
-258.228,144.304,0.0341322,0.0469109
-254.43,144.304,0.0343409,0.0476671
-250.633,144.304,0.0345496,0.0484232
-246.835,144.304,0.0347307,0.0491512
-243.038,144.304,0.0349048,0.0498722
-239.241,144.304,0.035079,0.0505932
-235.443,144.304,0.0352833,0.0514363
-231.646,144.304,0.035527,0.0525627
-227.848,144.304,0.0357667,0.0537035
-224.051,144.304,0.0360094,0.0548602
-220.253,144.304,0.0362597,0.056061
-216.456,144.304,0.036458,0.0570036
-212.658,144.304,0.0366563,0.0579462
-208.861,144.304,0.0368573,0.0588976
-205.063,144.304,0.0370618,0.0598606
-201.266,144.304,0.0372663,0.0608235
-197.468,144.304,0.0374847,0.0618962
-193.671,144.304,0.0377134,0.0630627
-189.873,144.304,0.037939,0.0642202
-186.076,144.304,0.0381647,0.0653776
-182.278,144.304,0.0383824,0.0665277
-178.481,144.304,0.0385778,0.0676571
-174.684,144.304,0.0387732,0.0687864
-170.886,144.304,0.0389631,0.0699087
-167.089,144.304,0.0391512,0.071018
-163.291,144.304,0.0393544,0.0720912
-159.494,144.304,0.0395576,0.0731643
-155.696,144.304,0.0397608,0.0742375
-151.899,144.304,0.039964,0.0753107
-148.101,144.304,0.0401672,0.0763838
-144.304,144.304,0.0403704,0.077457
-140.506,144.304,0.0405736,0.0785302
-136.709,144.304,0.0407715,0.0795331
-132.911,144.304,0.0409767,0.0805495
-129.114,144.304,0.0411901,0.0816243
-125.316,144.304,0.041401,0.0828622
-121.519,144.304,0.0416117,0.0841061
-117.722,144.304,0.0418225,0.0853499
-113.924,144.304,0.0421457,0.087049
-110.127,144.304,0.0424193,0.0886427
-106.329,144.304,0.0426798,0.0901947
-102.532,144.304,0.0429404,0.0917466
-98.7342,144.304,0.043201,0.0932986
-94.9367,144.304,0.0434616,0.0948505
-91.1392,144.304,0.043738,0.0965662
-87.3418,144.304,0.0439804,0.0983255
-83.5443,144.304,0.0441277,0.0996951
-79.7468,144.304,0.044277,0.101
-75.9494,144.304,0.0444263,0.102306
-72.1519,144.304,0.0445755,0.103611
-68.3544,144.304,0.0446667,0.105005
-64.557,144.304,0.0447005,0.10652
-60.7595,144.304,0.04472,0.108149
-56.962,144.304,0.0447394,0.109778
-53.1646,144.304,0.0447589,0.111406
-49.3671,144.304,0.0447784,0.113035
-45.5696,144.304,0.0447978,0.114663
-41.7722,144.304,0.0447913,0.116172
-37.9747,144.304,0.0447728,0.117625
-34.1772,144.304,0.0447543,0.119078
-30.3797,144.304,0.0447359,0.12053
-26.5823,144.304,0.0447058,0.121958
-22.7848,144.304,0.0445418,0.12309
-18.9873,144.304,0.044375,0.124204
-15.1899,144.304,0.0441859,0.125169
-11.3924,144.304,0.0439968,0.126134
-7.59494,144.304,0.0438077,0.127099
-3.79747,144.304,0.0436186,0.128064
0,144.304,0.0431632,0.129473
-300,148.101,0.0324214,0.0401859
-296.203,148.101,0.0326301,0.0409421
-292.405,148.101,0.0328388,0.0416982
-288.608,148.101,0.0330476,0.0424544
-284.81,148.101,0.0332563,0.0432105
-281.013,148.101,0.0334651,0.0439667
-277.215,148.101,0.0336738,0.0447228
-273.418,148.101,0.0338826,0.045479
-269.62,148.101,0.0340913,0.0462351
-265.823,148.101,0.0343,0.0469913
-262.025,148.101,0.0345088,0.0477475
-258.228,148.101,0.0347175,0.0485036
-254.43,148.101,0.0349263,0.0492598
-250.633,148.101,0.035135,0.0500159
-246.835,148.101,0.0353437,0.0507721
-243.038,148.101,0.0355429,0.0515273
-239.241,148.101,0.0357469,0.0525007
-235.443,148.101,0.0359867,0.0536415
-231.646,148.101,0.0362264,0.0547823
-227.848,148.101,0.0364662,0.0559231
-224.051,148.101,0.0366635,0.0568526
-220.253,148.101,0.0368557,0.0577617
-216.456,148.101,0.037054,0.0587043
-212.658,148.101,0.0372538,0.059652
-208.861,148.101,0.0374583,0.0606149
-205.063,148.101,0.0376628,0.0615779
-201.266,148.101,0.0378689,0.0625536
-197.468,148.101,0.0381003,0.0637282
-193.671,148.101,0.0383317,0.0649027
-189.873,148.101,0.0385631,0.0660772
-186.076,148.101,0.0387738,0.0672325
-182.278,148.101,0.038975,0.0683789
-178.481,148.101,0.0391761,0.0695253
-174.684,148.101,0.0393772,0.0706717
-170.886,148.101,0.0395861,0.0717996
-167.089,148.101,0.039795,0.0728887
-163.291,148.101,0.0399982,0.0739619
-159.494,148.101,0.0402014,0.075035
-155.696,148.101,0.0404046,0.0761082
-151.899,148.101,0.0406078,0.0771814
-148.101,148.101,0.040811,0.0782546
-144.304,148.101,0.0410139,0.079324
-140.506,148.101,0.041205,0.0802385
-136.709,148.101,0.0413962,0.0811529
-132.911,148.101,0.0416074,0.0823146
-129.114,148.101,0.0418182,0.0835585
-125.316,148.101,0.0420289,0.0848024
-121.519,148.101,0.0422397,0.0860462
-117.722,148.101,0.0424927,0.0874612
-113.924,148.101,0.0427931,0.0891417
-110.127,148.101,0.0430537,0.0906936
-106.329,148.101,0.0433143,0.0922456
-102.532,148.101,0.0435749,0.0937975
-98.7342,148.101,0.0438355,0.0953495
-94.9367,148.101,0.044089,0.0968983
-91.1392,148.101,0.044293,0.0985066
-87.3418,148.101,0.0444702,0.0999567
-83.5443,148.101,0.0446195,0.101262
-79.7468,148.101,0.0447688,0.102567
-75.9494,148.101,0.0449181,0.103872
-72.1519,148.101,0.0450648,0.105109
-68.3544,148.101,0.0451154,0.106512
-64.557,148.101,0.0451618,0.107927
-60.7595,148.101,0.0451879,0.109503
-56.962,148.101,0.0452073,0.111132
-53.1646,148.101,0.0452268,0.112761
-49.3671,148.101,0.0452463,0.114389
-45.5696,148.101,0.045256,0.115973
-41.7722,148.101,0.0452375,0.117426
-37.9747,148.101,0.045219,0.118879
-34.1772,148.101,0.0452006,0.120332
-30.3797,148.101,0.0451821,0.121785
-26.5823,148.101,0.0451402,0.123186
-22.7848,148.101,0.0449636,0.124234
-18.9873,148.101,0.0447745,0.125199
-15.1899,148.101,0.0445854,0.126165
-11.3924,148.101,0.0443963,0.12713
-7.59494,148.101,0.0442072,0.128095
-3.79747,148.101,0.0440181,0.12906
0,148.101,0.0435798,0.13044
-300,151.899,0.0330065,0.0417788
-296.203,151.899,0.0332155,0.0425348
-292.405,151.899,0.0334242,0.0432909
-288.608,151.899,0.0336329,0.0440471
-284.81,151.899,0.0338417,0.0448032
-281.013,151.899,0.0340504,0.0455594
-277.215,151.899,0.0342592,0.0463156
-273.418,151.899,0.0344679,0.0470717
-269.62,151.899,0.0346767,0.0478279
-265.823,151.899,0.0348854,0.048584
-262.025,151.899,0.0350941,0.0493402
-258.228,151.899,0.0353029,0.0500963
-254.43,151.899,0.0355116,0.0508525
-250.633,151.899,0.0357108,0.0516443
-246.835,151.899,0.0359059,0.0524509
-243.038,151.899,0.0361598,0.0535315
-239.241,151.899,0.036434,0.0547077
-235.443,151.899,0.0366861,0.0558611
-231.646,151.899,0.0369019,0.0568826
-227.848,151.899,0.0370852,0.057743
-224.051,151.899,0.0372686,0.0586034
-220.253,151.899,0.0374519,0.0594638
-216.456,151.899,0.0376503,0.0604063
-212.658,151.899,0.0378548,0.0613692
-208.861,151.899,0.0380593,0.0623322
-205.063,151.899,0.0382638,0.0632951
-201.266,151.899,0.0384845,0.0643855
-197.468,151.899,0.0387159,0.0655601
-193.671,151.899,0.0389441,0.0667316
-189.873,151.899,0.0391453,0.067878
-186.076,151.899,0.0393464,0.0690244
-182.278,151.899,0.0395476,0.0701708
-178.481,151.899,0.0397487,0.0713172
-174.684,151.899,0.0399623,0.0724337
-170.886,151.899,0.0401815,0.0735369
-167.089,151.899,0.0403971,0.0746357
-163.291,151.899,0.040606,0.0757259
-159.494,151.899,0.040815,0.0768161
-155.696,151.899,0.0410239,0.0779064
-151.899,151.899,0.0412329,0.0789966
-148.101,151.899,0.0414342,0.0799869
-144.304,151.899,0.0416312,0.0809202
-140.506,151.899,0.0418281,0.0818637
-136.709,151.899,0.0420246,0.0830109
-132.911,151.899,0.0422354,0.0842548
-129.114,151.899,0.0424461,0.0854987
-125.316,151.899,0.0426569,0.0867426
-121.519,151.899,0.0428677,0.0879864
-117.722,151.899,0.043167,0.0896406
-113.924,151.899,0.0434275,0.0911926
-110.127,151.899,0.0436881,0.0927445
-106.329,151.899,0.0439487,0.0942965
-102.532,151.899,0.0442093,0.0958484
-98.7342,151.899,0.0444255,0.0972651
-94.9367,151.899,0.0446056,0.0986876
-91.1392,151.899,0.0448127,0.100218
-87.3418,151.899,0.044962,0.101524
-83.5443,151.899,0.0451113,0.102829
-79.7468,151.899,0.0452606,0.104134
-75.9494,151.899,0.0454074,0.105374
-72.1519,151.899,0.0455178,0.106603
-68.3544,151.899,0.0455642,0.108018
-64.557,151.899,0.0456106,0.109433
-60.7595,151.899,0.0456558,0.110858
-56.962,151.899,0.0456752,0.112487
-53.1646,151.899,0.0456947,0.114115
-49.3671,151.899,0.0457142,0.115744
-45.5696,151.899,0.0457022,0.117227
-41.7722,151.899,0.0456837,0.11868
-37.9747,151.899,0.0456652,0.120133
-34.1772,151.899,0.0456468,0.121586
-30.3797,151.899,0.0456283,0.123039
-26.5823,151.899,0.0455521,0.124265
-22.7848,151.899,0.045363,0.12523
-18.9873,151.899,0.0451739,0.126195
-15.1899,151.899,0.0449848,0.12716
-11.3924,151.899,0.0447957,0.128125
-7.59494,151.899,0.0446066,0.12909
-3.79747,151.899,0.0444175,0.130056
0,151.899,0.0439965,0.131407
-300,155.696,0.0335893,0.043373
-296.203,155.696,0.0338008,0.0441275
-292.405,155.696,0.0340096,0.0448836
-288.608,155.696,0.0342183,0.0456398
-284.81,155.696,0.034427,0.046396
-281.013,155.696,0.0346358,0.0471521
-277.215,155.696,0.0348445,0.0479083
-273.418,155.696,0.0350533,0.0486644
-269.62,155.696,0.035262,0.0494206
-265.823,155.696,0.0354708,0.0501767
-262.025,155.696,0.0356758,0.0509468
-258.228,155.696,0.0358709,0.0517534
-254.43,155.696,0.0360661,0.05256
-250.633,155.696,0.0362613,0.0533666
-246.835,155.696,0.0365305,0.054519
-243.038,155.696,0.0368048,0.0556952
-239.241,155.696,0.0370709,0.0568307
-235.443,155.696,0.0372901,0.0577334
-231.646,155.696,0.037507,0.0586334
-227.848,155.696,0.0376903,0.0594938
-224.051,155.696,0.0378737,0.0603542
-220.253,155.696,0.038057,0.0612146
-216.456,155.696,0.0382514,0.0621235
-212.658,155.696,0.0384558,0.0630865
-208.861,155.696,0.0386603,0.0640494
-205.063,155.696,0.0388687,0.0650429
-201.266,155.696,0.0391001,0.0662174
-197.468,155.696,0.0393156,0.0673772
-193.671,155.696,0.0395167,0.0685236
-189.873,155.696,0.0397179,0.0696699
-186.076,155.696,0.039919,0.0708163
-182.278,155.696,0.0401202,0.0719627
-178.481,155.696,0.0403386,0.0730677
-174.684,155.696,0.0405577,0.074171
-170.886,155.696,0.0407769,0.0752743
-167.089,155.696,0.040996,0.0763775
-163.291,155.696,0.0412075,0.077471
-159.494,155.696,0.0414165,0.0785612
-155.696,155.696,0.0416216,0.0796013
-151.899,155.696,0.0418186,0.0805346
-148.101,155.696,0.0420156,0.0814679
-144.304,155.696,0.042211,0.0825064
-140.506,155.696,0.0424052,0.0836236
-136.709,155.696,0.0426135,0.0848323
-132.911,155.696,0.0428302,0.0860941
-129.114,155.696,0.0430469,0.0873559
-125.316,155.696,0.0432635,0.0886178
-121.519,155.696,0.0435262,0.0900953
-117.722,155.696,0.0437924,0.0916642
-113.924,155.696,0.0440585,0.093233
-110.127,155.696,0.0443226,0.0947954
-106.329,155.696,0.0445665,0.0962972
-102.532,155.696,0.0447515,0.0975842
-98.7342,155.696,0.0449362,0.0989139
-94.9367,155.696,0.0451552,0.10048
-91.1392,155.696,0.0453045,0.101785
-87.3418,155.696,0.0454538,0.10309
-83.5443,155.696,0.0456031,0.104396
-79.7468,155.696,0.04575,0.105639
-75.9494,155.696,0.0458929,0.106773
-72.1519,155.696,0.0459666,0.108109
-68.3544,155.696,0.046013,0.109524
-64.557,155.696,0.0460593,0.11094
-60.7595,155.696,0.0461057,0.112355
-56.962,155.696,0.0461431,0.113841
-53.1646,155.696,0.0461626,0.11547
-49.3671,155.696,0.0461669,0.117029
-45.5696,155.696,0.0461484,0.118481
-41.7722,155.696,0.0461299,0.119934
-37.9747,155.696,0.0461115,0.121387
-34.1772,155.696,0.0460859,0.122793
-30.3797,155.696,0.0460422,0.124078
-26.5823,155.696,0.0459516,0.12526
-22.7848,155.696,0.0457625,0.126225
-18.9873,155.696,0.0455734,0.127191
-15.1899,155.696,0.0453843,0.128156
-11.3924,155.696,0.0451951,0.129121
-7.59494,155.696,0.045006,0.130086
-3.79747,155.696,0.0448169,0.131051
0,155.696,0.0444131,0.132374
-300,159.494,0.0341722,0.0449672
-296.203,159.494,0.0343862,0.0457202
-292.405,159.494,0.0345949,0.0464764
-288.608,159.494,0.0348037,0.0472325
-284.81,159.494,0.0350124,0.0479887
-281.013,159.494,0.0352211,0.0487448
-277.215,159.494,0.0354299,0.049501
-273.418,159.494,0.0356386,0.0502571
-269.62,159.494,0.0358359,0.0510559
-265.823,159.494,0.0360311,0.0518625
-262.025,159.494,0.0362263,0.0526691
-258.228,159.494,0.0364214,0.0534757
-254.43,159.494,0.0366269,0.0543304
-250.633,159.494,0.0369012,0.0555066
-246.835,159.494,0.0371755,0.0566828
-243.038,159.494,0.0374001,0.057612
-239.241,159.494,0.0376193,0.0585147
-235.443,159.494,0.0378385,0.0594174
-231.646,159.494,0.0380577,0.0603201
-227.848,159.494,0.0382769,0.0612228
-224.051,159.494,0.0384788,0.062105
-220.253,159.494,0.0386664,0.0629795
-216.456,159.494,0.0388559,0.0638602
-212.658,159.494,0.0390569,0.0648038
-208.861,159.494,0.0392614,0.0657667
-205.063,159.494,0.0394843,0.0668748
-201.266,159.494,0.0396871,0.0680227
-197.468,159.494,0.0398882,0.0691691
-193.671,159.494,0.0400893,0.0703155
-189.873,159.494,0.0402905,0.0714619
-186.076,159.494,0.0404957,0.0725985
-182.278,159.494,0.0407148,0.0737018
-178.481,159.494,0.040934,0.074805
-174.684,159.494,0.0411531,0.0759083
-170.886,159.494,0.0413723,0.0770116
-167.089,159.494,0.0415914,0.0781148
-163.291,159.494,0.041809,0.0792157
-159.494,159.494,0.042006,0.080149
-155.696,159.494,0.042203,0.0810823
-151.899,159.494,0.0423998,0.082032
-148.101,159.494,0.0425939,0.0831492
-144.304,159.494,0.0427881,0.0842663
-140.506,159.494,0.0429822,0.0853835
-136.709,159.494,0.0431981,0.0866403
-132.911,159.494,0.0434148,0.0879021
-129.114,159.494,0.0436314,0.0891639
-125.316,159.494,0.0438535,0.0904529
-121.519,159.494,0.0441197,0.0920218
-117.722,159.494,0.0443858,0.0935906
-113.924,159.494,0.044652,0.0951594
-110.127,159.494,0.044867,0.0965745
-106.329,159.494,0.0450514,0.0978433
-102.532,159.494,0.0452532,0.0991147
-98.7342,159.494,0.0454813,0.100708
-94.9367,159.494,0.0456347,0.102021
-91.1392,159.494,0.0457881,0.103335
-87.3418,159.494,0.0459415,0.104649
-83.5443,159.494,0.0460927,0.105903
-79.7468,159.494,0.0462356,0.107038
-75.9494,159.494,0.046369,0.1082
-72.1519,159.494,0.0464154,0.109615
-68.3544,159.494,0.0464617,0.111031
-64.557,159.494,0.0465081,0.112446
-60.7595,159.494,0.0465545,0.113861
-56.962,159.494,0.0466008,0.115277
-53.1646,159.494,0.0466305,0.116825
-49.3671,159.494,0.0466131,0.118283
-45.5696,159.494,0.0465946,0.119736
-41.7722,159.494,0.0465762,0.121188
-37.9747,159.494,0.0465408,0.122529
-34.1772,159.494,0.0464971,0.123814
-30.3797,159.494,0.0464535,0.1251
-26.5823,159.494,0.046351,0.126256
-22.7848,159.494,0.0461619,0.127221
-18.9873,159.494,0.0459728,0.128186
-15.1899,159.494,0.0457837,0.129151
-11.3924,159.494,0.0455946,0.130116
-7.59494,159.494,0.0454055,0.131082
-3.79747,159.494,0.0452164,0.132047
0,159.494,0.0448298,0.133341
-300,163.291,0.0347555,0.0465365
-296.203,163.291,0.0349695,0.0473105
-292.405,163.291,0.0351803,0.0480691
-288.608,163.291,0.035389,0.0488252
-284.81,163.291,0.0355978,0.0495814
-281.013,163.291,0.0358009,0.0503584
-277.215,163.291,0.0359961,0.051165
-273.418,163.291,0.0361913,0.0519716
-269.62,163.291,0.0363864,0.0527782
-265.823,163.291,0.0365816,0.0535848
-262.025,163.291,0.0367768,0.0543914
-258.228,163.291,0.0369976,0.0553179
-254.43,163.291,0.0372719,0.0564941
-250.633,163.291,0.03751,0.0574907
-246.835,163.291,0.0377293,0.0583934
-243.038,163.291,0.0379485,0.0592961
-239.241,163.291,0.0381677,0.0601988
-235.443,163.291,0.0383869,0.0611015
-231.646,163.291,0.0386061,0.0620042
-227.848,163.291,0.0388254,0.0629069
-224.051,163.291,0.0390477,0.0638198
-220.253,163.291,0.0392731,0.0647428
-216.456,163.291,0.039466,0.0656276
-212.658,163.291,0.0396579,0.066521
-208.861,163.291,0.0398574,0.0675218
-205.063,163.291,0.0400585,0.0686682
-201.266,163.291,0.0402597,0.0698146
-197.468,163.291,0.0404608,0.070961
-193.671,163.291,0.040662,0.0721074
-189.873,163.291,0.0408719,0.0732326
-186.076,163.291,0.0410911,0.0743358
-182.278,163.291,0.0413102,0.0754391
-178.481,163.291,0.0415294,0.0765424
-174.684,163.291,0.0417485,0.0776456
-170.886,163.291,0.0419677,0.0787489
-167.089,163.291,0.0421785,0.0797424
-163.291,163.291,0.0423858,0.0806903
-159.494,163.291,0.0425874,0.08163
-155.696,163.291,0.0427827,0.0826747
-151.899,163.291,0.0429768,0.0837919
-148.101,163.291,0.043171,0.0849091
-144.304,163.291,0.0433652,0.0860262
-140.506,163.291,0.043566,0.0871864
-136.709,163.291,0.0437827,0.0884483
-132.911,163.291,0.0439993,0.0897101
-129.114,163.291,0.044216,0.0909719
-125.316,163.291,0.044447,0.0923794
-121.519,163.291,0.0447131,0.0939482
-117.722,163.291,0.0449548,0.0954435
-113.924,163.291,0.0451598,0.0968282
-110.127,163.291,0.0453493,0.0980988
-106.329,163.291,0.045559,0.099318
-102.532,163.291,0.0457893,0.100898
-98.7342,163.291,0.0459427,0.102212
-94.9367,163.291,0.0460961,0.103526
-91.1392,163.291,0.0462495,0.104839
-87.3418,163.291,0.0464009,0.106097
-83.5443,163.291,0.0465479,0.10724
-79.7468,163.291,0.0466949,0.108383
-75.9494,163.291,0.0467957,0.10966
-72.1519,163.291,0.0468462,0.111084
-68.3544,163.291,0.0468967,0.112508
-64.557,163.291,0.0469472,0.113932
-60.7595,163.291,0.0469976,0.115356
-56.962,163.291,0.0470481,0.11678
-53.1646,163.291,0.0470754,0.118103
-49.3671,163.291,0.0470593,0.119537
-45.5696,163.291,0.0470393,0.12098
-41.7722,163.291,0.0469957,0.122265
-37.9747,163.291,0.046952,0.123551
-34.1772,163.291,0.0469084,0.124836
-30.3797,163.291,0.0468647,0.126121
-26.5823,163.291,0.0467505,0.127251
-22.7848,163.291,0.0465613,0.128217
-18.9873,163.291,0.0463722,0.129182
-15.1899,163.291,0.0461831,0.130147
-11.3924,163.291,0.045994,0.131112
-7.59494,163.291,0.0458049,0.132077
-3.79747,163.291,0.0456158,0.133042
0,163.291,0.0452465,0.134308
-300,167.089,0.0353402,0.0480392
-296.203,167.089,0.0355542,0.0488132
-292.405,167.089,0.0357671,0.0495878
-288.608,167.089,0.0359633,0.0504102
-284.81,167.089,0.0361576,0.0512399
-281.013,167.089,0.0363519,0.0520696
-277.215,167.089,0.0365466,0.0528873
-273.418,167.089,0.0367418,0.0536939
-269.62,167.089,0.036937,0.0545005
-265.823,167.089,0.0371321,0.0553071
-262.025,167.089,0.0373684,0.0563055
-258.228,167.089,0.03762,0.0573693
-254.43,167.089,0.0378392,0.058272
-250.633,167.089,0.0380585,0.0591747
-246.835,167.089,0.0382777,0.0600774
-243.038,167.089,0.0384969,0.0609801
-239.241,167.089,0.0387161,0.0618828
-235.443,167.089,0.0389353,0.0627855
-231.646,167.089,0.0391546,0.0636882
-227.848,167.089,0.0393757,0.0645973
-224.051,167.089,0.0396012,0.0655203
-220.253,167.089,0.0398266,0.0664434
-216.456,167.089,0.040052,0.0673665
-212.658,167.089,0.0402418,0.0682535
-208.861,167.089,0.04043,0.0693137
-205.063,167.089,0.0406311,0.0704601
-201.266,167.089,0.0408323,0.0716065
-197.468,167.089,0.0410334,0.0727529
-193.671,167.089,0.0412482,0.0738666
-189.873,167.089,0.0414673,0.0749699
-186.076,167.089,0.0416865,0.0760732
-182.278,167.089,0.0419056,0.0771764
-178.481,167.089,0.0421248,0.0782797
-174.684,167.089,0.0423391,0.0793192
-170.886,167.089,0.0425464,0.080267
-167.089,167.089,0.0427537,0.0812148
-163.291,167.089,0.0429604,0.082204
-159.494,167.089,0.0431651,0.0833176
-155.696,167.089,0.0433598,0.0844346
-151.899,167.089,0.0435539,0.0855518
-148.101,167.089,0.0437481,0.086669
-144.304,167.089,0.0439422,0.0877861
-140.506,167.089,0.0441506,0.0889944
-136.709,167.089,0.0443672,0.0902562
-132.911,167.089,0.0445839,0.0915181
-129.114,167.089,0.0447742,0.092737
-125.316,167.089,0.0450404,0.0943058
-121.519,167.089,0.0452476,0.0956972
-117.722,167.089,0.0454526,0.0970819
-113.924,167.089,0.045664,0.0983942
-110.127,167.089,0.0458737,0.0996133
-106.329,167.089,0.0460973,0.101089
-102.532,167.089,0.0462507,0.102403
-98.7342,167.089,0.0464041,0.103716
-94.9367,167.089,0.0465575,0.10503
-91.1392,167.089,0.046709,0.106291
-87.3418,167.089,0.046856,0.107434
-83.5443,167.089,0.0470031,0.108577
-79.7468,167.089,0.0471501,0.10972
-75.9494,167.089,0.0472141,0.111104
-72.1519,167.089,0.0472646,0.112528
-68.3544,167.089,0.0473151,0.113952
-64.557,167.089,0.0473655,0.115376
-60.7595,167.089,0.047416,0.1168
-56.962,167.089,0.0474622,0.118204
-53.1646,167.089,0.0474748,0.119452
-49.3671,167.089,0.0474707,0.120667
-45.5696,167.089,0.0474311,0.121961
-41.7722,167.089,0.0473916,0.123255
-37.9747,167.089,0.0473521,0.124549
-34.1772,167.089,0.0473125,0.125843
-30.3797,167.089,0.047273,0.127137
-26.5823,167.089,0.0471499,0.128247
-22.7848,167.089,0.0469608,0.129212
-18.9873,167.089,0.0467717,0.130177
-15.1899,167.089,0.0465826,0.131142
-11.3924,167.089,0.0463935,0.132108
-7.59494,167.089,0.0462044,0.133073
-3.79747,167.089,0.0460153,0.134038
0,167.089,0.0456631,0.135274
-300,170.886,0.0359249,0.0495419
-296.203,170.886,0.0361244,0.0503696
-292.405,170.886,0.0363225,0.0512026
-288.608,170.886,0.0365178,0.0520332
-284.81,170.886,0.036712,0.0528629
-281.013,170.886,0.0369063,0.0536925
-277.215,170.886,0.0371006,0.0545222
-273.418,170.886,0.0372948,0.0553518
-269.62,170.886,0.0374891,0.0561815
-265.823,170.886,0.0377324,0.0572382
-262.025,170.886,0.0379492,0.0581506
-258.228,170.886,0.0381684,0.0590533
-254.43,170.886,0.0383877,0.059956
-250.633,170.886,0.0386069,0.0608587
-246.835,170.886,0.0388261,0.0617614
-243.038,170.886,0.0390453,0.0626641
-239.241,170.886,0.0392645,0.0635668
-235.443,170.886,0.0394838,0.0644695
-231.646,170.886,0.0397038,0.0653748
-227.848,170.886,0.0399292,0.0662979
-224.051,170.886,0.0401546,0.0672209
-220.253,170.886,0.0403737,0.0681381
-216.456,170.886,0.0405688,0.069033
-212.658,170.886,0.0407724,0.0699938
-208.861,170.886,0.0409945,0.0711003
-205.063,170.886,0.0412037,0.072252
-201.266,170.886,0.0414053,0.0733974
-197.468,170.886,0.0416244,0.0745007
-193.671,170.886,0.0418436,0.0756039
-189.873,170.886,0.0420627,0.0767072
-186.076,170.886,0.0422819,0.0778105
-182.278,170.886,0.0424997,0.0788959
-178.481,170.886,0.042707,0.0798437
-174.684,170.886,0.0429143,0.0807915
-170.886,170.886,0.0431216,0.0817393
-167.089,170.886,0.0433264,0.0828523
-163.291,170.886,0.0435311,0.083966
-159.494,170.886,0.0437359,0.0850796
-155.696,170.886,0.0439368,0.0861945
-151.899,170.886,0.044131,0.0873117
-148.101,170.886,0.0443252,0.0884289
-144.304,170.886,0.0445193,0.0895461
-140.506,170.886,0.0447351,0.0908024
-136.709,170.886,0.0449518,0.0920642
-132.911,170.886,0.0451148,0.0931527
-129.114,170.886,0.0453354,0.0945662
-125.316,170.886,0.0455404,0.0959509
-121.519,170.886,0.0457454,0.0973356
-117.722,170.886,0.0459787,0.0986895
-113.924,170.886,0.0461884,0.0999087
-110.127,170.886,0.0464053,0.101279
-106.329,170.886,0.0465587,0.102593
-102.532,170.886,0.0467121,0.103907
-98.7342,170.886,0.0468656,0.105221
-94.9367,170.886,0.0470171,0.106485
-91.1392,170.886,0.0471642,0.107628
-87.3418,170.886,0.0473112,0.108771
-83.5443,170.886,0.0474582,0.109913
-79.7468,170.886,0.047582,0.111124
-75.9494,170.886,0.0476325,0.112548
-72.1519,170.886,0.0476829,0.113972
-68.3544,170.886,0.0477334,0.115396
-64.557,170.886,0.0477839,0.11682
-60.7595,170.886,0.0478344,0.118244
-56.962,170.886,0.0478589,0.119547
-53.1646,170.886,0.0478504,0.120655
-49.3671,170.886,0.0478377,0.121736
-45.5696,170.886,0.047812,0.12292
-41.7722,170.886,0.0477725,0.124214
-37.9747,170.886,0.0477329,0.125508
-34.1772,170.886,0.0476934,0.126802
-30.3797,170.886,0.0476538,0.128096
-26.5823,170.886,0.0475201,0.129182
-22.7848,170.886,0.0473351,0.130156
-18.9873,170.886,0.0471502,0.13113
-15.1899,170.886,0.0469652,0.132103
-11.3924,170.886,0.0467802,0.133077
-7.59494,170.886,0.0465952,0.134051
-3.79747,170.886,0.0464102,0.135024
0,170.886,0.0460795,0.136241
-300,174.684,0.0364791,0.0511582
-296.203,174.684,0.0366771,0.0519911
-292.405,174.684,0.0368752,0.0528241
-288.608,174.684,0.0370722,0.0536561
-284.81,174.684,0.0372665,0.0544858
-281.013,174.684,0.0374608,0.0553155
-277.215,174.684,0.037655,0.0561451
-273.418,174.684,0.0378493,0.0569748
-269.62,174.684,0.0380779,0.0579541
-265.823,174.684,0.0382941,0.0588691
-262.025,174.684,0.0385102,0.0597841
-258.228,174.684,0.0387264,0.0606992
-254.43,174.684,0.0389425,0.0616142
-250.633,174.684,0.0391587,0.0625292
-246.835,174.684,0.0393748,0.0634443
-243.038,174.684,0.0395937,0.0643482
-239.241,174.684,0.039813,0.0652509
-235.443,174.684,0.0400322,0.0661536
-231.646,174.684,0.0402572,0.0670754
-227.848,174.684,0.0404827,0.0679985
-224.051,174.684,0.040689,0.0689037
-220.253,174.684,0.0408841,0.0697986
-216.456,174.684,0.0410793,0.0706936
-212.658,174.684,0.0412975,0.071769
-208.861,174.684,0.0415195,0.0728755
-205.063,174.684,0.0417517,0.0739962
-201.266,174.684,0.0420007,0.0751347
-197.468,174.684,0.0422198,0.076238
-193.671,174.684,0.042439,0.0773413
-189.873,174.684,0.0426581,0.0784445
-186.076,174.684,0.0428676,0.0794204
-182.278,174.684,0.0430749,0.0803682
-178.481,174.684,0.0432822,0.0813161
-174.684,174.684,0.0434876,0.082387
-170.886,174.684,0.0436924,0.0835007
-167.089,174.684,0.0438971,0.0846143
-163.291,174.684,0.0441019,0.085728
-159.494,174.684,0.0443066,0.0868416
-155.696,174.684,0.0445114,0.0879553
-151.899,174.684,0.0447081,0.0890716
-148.101,174.684,0.0449022,0.0901888
-144.304,174.684,0.045103,0.0913486
-140.506,174.684,0.0453197,0.0926104
-136.709,174.684,0.0454747,0.0936769
-132.911,174.684,0.0456282,0.0948199
-129.114,174.684,0.0458332,0.0962046
-125.316,174.684,0.0460639,0.0976543
-121.519,174.684,0.0462934,0.0989849
-117.722,174.684,0.0465031,0.100204
-113.924,174.684,0.0467133,0.10147
-110.127,174.684,0.0468667,0.102784
-106.329,174.684,0.0470202,0.104098
-102.532,174.684,0.0471736,0.105411
-98.7342,174.684,0.0473253,0.106679
-94.9367,174.684,0.0474723,0.107822
-91.1392,174.684,0.0476193,0.108965
-87.3418,174.684,0.0477664,0.110107
-83.5443,174.684,0.0479134,0.11125
-79.7468,174.684,0.0480004,0.112568
-75.9494,174.684,0.0480508,0.113992
-72.1519,174.684,0.0481013,0.115416
-68.3544,174.684,0.0481518,0.11684
-64.557,174.684,0.0482023,0.118264
-60.7595,174.684,0.0482374,0.119605
-56.962,174.684,0.0482248,0.120685
-53.1646,174.684,0.0482121,0.121766
-49.3671,174.684,0.0481995,0.122847
-45.5696,174.684,0.0481868,0.123927
-41.7722,174.684,0.0481533,0.125173
-37.9747,174.684,0.0481138,0.126467
-34.1772,174.684,0.0480743,0.127761
-30.3797,174.684,0.0480347,0.129055
-26.5823,174.684,0.0478892,0.130116
-22.7848,174.684,0.0477042,0.131089
-18.9873,174.684,0.0475192,0.132063
-15.1899,174.684,0.0473343,0.133037
-11.3924,174.684,0.0471493,0.13401
-7.59494,174.684,0.0469643,0.134984
-3.79747,174.684,0.0467793,0.135957
0,174.684,0.0464651,0.137146
-300,178.481,0.0370318,0.0527796
-296.203,178.481,0.0372299,0.0536126
-292.405,178.481,0.037428,0.0544456
-288.608,178.481,0.037626,0.0552785
-284.81,178.481,0.0378209,0.0561088
-281.013,178.481,0.0380152,0.0569384
-277.215,178.481,0.0382073,0.0577549
-273.418,178.481,0.0384234,0.0586699
-269.62,178.481,0.0386396,0.059585
-265.823,178.481,0.0388557,0.0605
-262.025,178.481,0.0390719,0.061415
-258.228,178.481,0.039288,0.0623301
-254.43,178.481,0.0395042,0.0632451
-250.633,178.481,0.0397203,0.0641601
-246.835,178.481,0.0399365,0.0650751
-243.038,178.481,0.0401526,0.0659902
-239.241,178.481,0.0403688,0.0669052
-235.443,178.481,0.0405896,0.0678356
-231.646,178.481,0.0408103,0.0687695
-227.848,178.481,0.0410043,0.0696694
-224.051,178.481,0.0411994,0.0705643
-220.253,178.481,0.0413946,0.0714592
-216.456,178.481,0.0416004,0.0724377
-212.658,178.481,0.0418225,0.0735442
-208.861,178.481,0.0420546,0.0746268
-205.063,178.481,0.0422946,0.0756902
-201.266,178.481,0.0425454,0.0768123
-197.468,178.481,0.0428004,0.0779579
-193.671,178.481,0.0430282,0.0789971
-189.873,178.481,0.0432355,0.079945
-186.076,178.481,0.0434428,0.0808928
-182.278,178.481,0.0436489,0.0819217
-178.481,178.481,0.0438536,0.0830354
-174.684,178.481,0.0440584,0.084149
-170.886,178.481,0.0442631,0.0852627
-167.089,178.481,0.0444679,0.0863763
-163.291,178.481,0.0446726,0.08749
-159.494,178.481,0.0448774,0.0886036
-155.696,178.481,0.0450821,0.0897173
-151.899,178.481,0.0452852,0.0908315
-148.101,178.481,0.0454793,0.0919487
-144.304,178.481,0.0456663,0.0930925
-140.506,178.481,0.0458082,0.0941213
-136.709,178.481,0.045921,0.0950736
-132.911,178.481,0.046126,0.0964584
-129.114,178.481,0.046383,0.0979748
-125.316,178.481,0.0466081,0.0992803
-121.519,178.481,0.0468178,0.100499
-117.722,178.481,0.0470266,0.101716
-113.924,178.481,0.0471748,0.102974
-110.127,178.481,0.0473282,0.104288
-106.329,178.481,0.0474816,0.105602
-102.532,178.481,0.0476334,0.106873
-98.7342,178.481,0.0477804,0.108016
-94.9367,178.481,0.0479275,0.109159
-91.1392,178.481,0.0480745,0.110301
-87.3418,178.481,0.0482215,0.111444
-83.5443,178.481,0.0483683,0.112588
-79.7468,178.481,0.0484187,0.114012
-75.9494,178.481,0.0484692,0.115436
-72.1519,178.481,0.0485197,0.11686
-68.3544,178.481,0.0485702,0.118283
-64.557,178.481,0.0486052,0.119604
-60.7595,178.481,0.0485991,0.120715
-56.962,178.481,0.0485865,0.121796
-53.1646,178.481,0.0485739,0.122877
-49.3671,178.481,0.0485612,0.123957
-45.5696,178.481,0.0485486,0.125038
-41.7722,178.481,0.0485342,0.126132
-37.9747,178.481,0.0484947,0.127426
-34.1772,178.481,0.0484551,0.12872
-30.3797,178.481,0.0484156,0.130014
-26.5823,178.481,0.0482583,0.131049
-22.7848,178.481,0.0480733,0.132022
-18.9873,178.481,0.0478883,0.132996
-15.1899,178.481,0.0477033,0.13397
-11.3924,178.481,0.0475183,0.134943
-7.59494,178.481,0.0473334,0.135917
-3.79747,178.481,0.0471484,0.136891
0,178.481,0.0468508,0.138052
-300,182.278,0.0375846,0.0544011
-296.203,182.278,0.0377826,0.0552341
-292.405,182.278,0.0379807,0.056067
-288.608,182.278,0.0381788,0.0569
-284.81,182.278,0.0383754,0.0577317
-281.013,182.278,0.0385528,0.0584708
-277.215,182.278,0.0387689,0.0593858
-273.418,182.278,0.0389851,0.0603008
-269.62,182.278,0.0392012,0.0612158
-265.823,182.278,0.0394174,0.0621309
-262.025,182.278,0.0396335,0.0630459
-258.228,182.278,0.0398497,0.0639609
-254.43,182.278,0.0400658,0.064876
-250.633,182.278,0.040282,0.065791
-246.835,182.278,0.0404981,0.066706
-243.038,182.278,0.0407143,0.0676211
-239.241,182.278,0.0409339,0.0685477
-235.443,182.278,0.0411419,0.0694697
-231.646,182.278,0.041334,0.0703769
-227.848,182.278,0.0415262,0.0712842
-224.051,182.278,0.0417183,0.0721914
-220.253,182.278,0.0419104,0.0730987
-216.456,182.278,0.0421277,0.0742042
-212.658,182.278,0.0423623,0.0752841
-208.861,182.278,0.0426024,0.0763475
-205.063,182.278,0.0428425,0.0774108
-201.266,182.278,0.0430841,0.0784828
-197.468,182.278,0.0433296,0.0795027
-193.671,182.278,0.0435703,0.08046
-189.873,182.278,0.0438101,0.0814564
-186.076,182.278,0.0440149,0.0825701
-182.278,182.278,0.0442196,0.0836837
-178.481,182.278,0.0444244,0.0847974
-174.684,182.278,0.0446291,0.085911
-170.886,182.278,0.0448339,0.0870247
-167.089,182.278,0.0450386,0.0881383
-163.291,182.278,0.0452434,0.089252
-159.494,182.278,0.0454481,0.0903657
-155.696,182.278,0.0456529,0.0914793
-151.899,182.278,0.0458254,0.0924958
-148.101,182.278,0.0459916,0.0935136
-144.304,182.278,0.0461416,0.0945656
-140.506,182.278,0.0462423,0.0954614
-136.709,182.278,0.0464348,0.0967527
-132.911,182.278,0.0467022,0.0982954
-129.114,182.278,0.0469228,0.0995756
-125.316,182.278,0.0471325,0.100795
-121.519,182.278,0.0473421,0.102014
-117.722,182.278,0.0474828,0.103165
-113.924,182.278,0.0476362,0.104479
-110.127,182.278,0.0477896,0.105792
-106.329,182.278,0.0479416,0.107067
-102.532,182.278,0.0480886,0.10821
-98.7342,182.278,0.0482356,0.109352
-94.9367,182.278,0.0483826,0.110495
-91.1392,182.278,0.0485297,0.111638
-87.3418,182.278,0.0486767,0.112781
-83.5443,182.278,0.0487866,0.114031
-79.7468,182.278,0.0488371,0.115455
-75.9494,182.278,0.0488876,0.116879
-72.1519,182.278,0.048938,0.118302
-68.3544,182.278,0.0489633,0.119559
-64.557,182.278,0.0489735,0.120745
-60.7595,182.278,0.0489609,0.121826
-56.962,182.278,0.0489482,0.122907
-53.1646,182.278,0.0489356,0.123987
-49.3671,182.278,0.048923,0.125068
-45.5696,182.278,0.0489103,0.126149
-41.7722,182.278,0.0488977,0.127229
-37.9747,182.278,0.0488755,0.128385
-34.1772,182.278,0.048836,0.129679
-30.3797,182.278,0.0487965,0.130973
-26.5823,182.278,0.0486273,0.131982
-22.7848,182.278,0.0484424,0.132955
-18.9873,182.278,0.0482574,0.133929
-15.1899,182.278,0.0480724,0.134903
-11.3924,182.278,0.0478874,0.135876
-7.59494,182.278,0.0477024,0.13685
-3.79747,182.278,0.0475174,0.137824
0,182.278,0.0472364,0.138957
-300,186.076,0.0381373,0.0560226
-296.203,186.076,0.0383354,0.0568556
-292.405,186.076,0.0385335,0.0576885
-288.608,186.076,0.0387122,0.0584253
-284.81,186.076,0.0388982,0.0591868
-281.013,186.076,0.0391144,0.0601016
-277.215,186.076,0.0393306,0.0610167
-273.418,186.076,0.0395467,0.0619317
-269.62,186.076,0.0397629,0.0628467
-265.823,186.076,0.039979,0.0637618
-262.025,186.076,0.0401952,0.0646768
-258.228,186.076,0.0404113,0.0655918
-254.43,186.076,0.0406275,0.0665069
-250.633,186.076,0.0408436,0.0674219
-246.835,186.076,0.0410598,0.0683369
-243.038,186.076,0.0412783,0.0692597
-239.241,186.076,0.0414735,0.0701699
-235.443,186.076,0.0416657,0.0710771
-231.646,186.076,0.0418578,0.0719844
-227.848,186.076,0.0420499,0.0728917
-224.051,186.076,0.042242,0.0737989
-220.253,186.076,0.0424485,0.0748037
-216.456,186.076,0.0426855,0.0758794
-212.658,186.076,0.0429225,0.0769551
-208.861,186.076,0.0431595,0.0780308
-205.063,186.076,0.0433965,0.0791065
-201.266,186.076,0.0436213,0.0800214
-197.468,186.076,0.0438518,0.0809815
-193.671,186.076,0.04409,0.0820981
-189.873,186.076,0.0443282,0.0832144
-186.076,186.076,0.0445665,0.0843306
-182.278,186.076,0.0447904,0.0854457
-178.481,186.076,0.0449951,0.0865594
-174.684,186.076,0.0451999,0.087673
-170.886,186.076,0.0454046,0.0887867
-167.089,186.076,0.0456094,0.0899004
-163.291,186.076,0.0458012,0.090975
-159.494,186.076,0.045973,0.0919896
-155.696,186.076,0.0461449,0.0930042
-151.899,186.076,0.0463167,0.0940188
-148.101,186.076,0.0464746,0.0950097
-144.304,186.076,0.0465758,0.0959057
-140.506,186.076,0.046754,0.0970732
-136.709,186.076,0.0470214,0.0986159
-132.911,186.076,0.0472375,0.099871
-129.114,186.076,0.0474471,0.10109
-125.316,186.076,0.0476568,0.102309
-121.519,186.076,0.0477908,0.103356
-117.722,186.076,0.0479442,0.104669
-113.924,186.076,0.0480976,0.105983
-110.127,186.076,0.0482497,0.107261
-106.329,186.076,0.0483967,0.108404
-102.532,186.076,0.0485437,0.109546
-98.7342,186.076,0.0486908,0.110689
-94.9367,186.076,0.0488378,0.111832
-91.1392,186.076,0.0489848,0.112975
-87.3418,186.076,0.0491319,0.114117
-83.5443,186.076,0.049205,0.115475
-79.7468,186.076,0.0492555,0.116899
-75.9494,186.076,0.0492961,0.118257
-72.1519,186.076,0.0493214,0.119514
-68.3544,186.076,0.0493467,0.12077
-64.557,186.076,0.0493352,0.121856
-60.7595,186.076,0.0493226,0.122937
-56.962,186.076,0.04931,0.124017
-53.1646,186.076,0.0492973,0.125098
-49.3671,186.076,0.0492847,0.126179
-45.5696,186.076,0.049272,0.127259
-41.7722,186.076,0.0492594,0.12834
-37.9747,186.076,0.0492468,0.129421
-34.1772,186.076,0.0492169,0.130638
-30.3797,186.076,0.0491773,0.131932
-26.5823,186.076,0.0489964,0.132915
-22.7848,186.076,0.0488114,0.133888
-18.9873,186.076,0.0486264,0.134862
-15.1899,186.076,0.0484415,0.135836
-11.3924,186.076,0.0482565,0.136809
-7.59494,186.076,0.0480715,0.137783
-3.79747,186.076,0.0478865,0.138757
0,186.076,0.047622,0.139863
-300,189.873,0.0386901,0.0576441
-296.203,189.873,0.0388871,0.0584719
-292.405,189.873,0.0390416,0.0590885
-288.608,189.873,0.0392401,0.0599074
-284.81,189.873,0.0394587,0.0608192
-281.013,189.873,0.0396761,0.0617325
-277.215,189.873,0.0398922,0.0626476
-273.418,189.873,0.0401084,0.0635626
-269.62,189.873,0.0403245,0.0644776
-265.823,189.873,0.0405407,0.0653927
-262.025,189.873,0.0407568,0.0663077
-258.228,189.873,0.040973,0.0672227
-254.43,189.873,0.0411891,0.0681378
-250.633,189.873,0.0414053,0.0690528
-246.835,189.873,0.041613,0.0699629
-243.038,189.873,0.0418052,0.0708701
-239.241,189.873,0.0419973,0.0717774
-235.443,189.873,0.0421894,0.0726846
-231.646,189.873,0.0423815,0.0735919
-227.848,189.873,0.0425736,0.0744991
-224.051,189.873,0.0427726,0.0753955
-220.253,189.873,0.0430096,0.0764712
-216.456,189.873,0.0432466,0.0775469
-212.658,189.873,0.0434836,0.0786226
-208.861,189.873,0.0437171,0.0796527
-205.063,189.873,0.0439416,0.0805641
-201.266,189.873,0.0441643,0.0815919
-197.468,189.873,0.0443863,0.0826672
-193.671,189.873,0.0446195,0.083795
-189.873,189.873,0.0448543,0.0849296
-186.076,189.873,0.045089,0.0860641
-182.278,189.873,0.0453237,0.0871987
-178.481,189.873,0.0455608,0.088321
-174.684,189.873,0.0457706,0.089435
-170.886,189.873,0.0459488,0.0904688
-167.089,189.873,0.0461207,0.0914834
-163.291,189.873,0.0462925,0.092498
-159.494,189.873,0.0464644,0.0935126
-155.696,189.873,0.0466362,0.0945272
-151.899,189.873,0.0467906,0.0954854
-148.101,189.873,0.0469068,0.0963615
-144.304,189.873,0.0470788,0.0974201
-140.506,189.873,0.0473406,0.0989364
-136.709,189.873,0.0475522,0.100166
-132.911,189.873,0.0477618,0.101386
-129.114,189.873,0.0479715,0.102605
-125.316,189.873,0.0480988,0.103546
-121.519,189.873,0.0482522,0.10486
-117.722,189.873,0.0484056,0.106174
-113.924,189.873,0.0485578,0.107455
-110.127,189.873,0.0487049,0.108597
-106.329,189.873,0.0488519,0.10974
-102.532,189.873,0.0489989,0.110883
-98.7342,189.873,0.0491459,0.112026
-94.9367,189.873,0.049293,0.113169
-91.1392,189.873,0.04944,0.114311
-87.3418,189.873,0.0495729,0.115495
-83.5443,189.873,0.0496234,0.116919
-79.7468,189.873,0.0496542,0.118212
-75.9494,189.873,0.0496795,0.119468
-72.1519,189.873,0.0497048,0.120725
-68.3544,189.873,0.0497096,0.121886
-64.557,189.873,0.049697,0.122967
-60.7595,189.873,0.0496843,0.124047
-56.962,189.873,0.0496717,0.125128
-53.1646,189.873,0.0496591,0.126209
-49.3671,189.873,0.0496464,0.127289
-45.5696,189.873,0.0496338,0.12837
-41.7722,189.873,0.0496211,0.129451
-37.9747,189.873,0.0496085,0.130531
-34.1772,189.873,0.0495959,0.131612
-30.3797,189.873,0.0495505,0.132874
-26.5823,189.873,0.0493655,0.133848
-22.7848,189.873,0.0491805,0.134822
-18.9873,189.873,0.0489955,0.135795
-15.1899,189.873,0.0488105,0.136769
-11.3924,189.873,0.0486255,0.137743
-7.59494,189.873,0.0484406,0.138716
-3.79747,189.873,0.0482556,0.13969
0,189.873,0.0480077,0.140768
-300,193.671,0.0392166,0.0591351
-296.203,193.671,0.0393711,0.0597517
-292.405,193.671,0.039582,0.060628
-288.608,193.671,0.0398006,0.0615398
-284.81,193.671,0.0400193,0.0624515
-281.013,193.671,0.0402377,0.0633634
-277.215,193.671,0.0404539,0.0642785
-273.418,193.671,0.04067,0.0651935
-269.62,193.671,0.0408862,0.0661085
-265.823,193.671,0.0411023,0.0670236
-262.025,193.671,0.0413185,0.0679386
-258.228,193.671,0.0415346,0.0688536
-254.43,193.671,0.0417508,0.0697687
-250.633,193.671,0.0419447,0.0706631
-246.835,193.671,0.0421368,0.0715703
-243.038,193.671,0.0423289,0.0724776
-239.241,193.671,0.042521,0.0733848
-235.443,193.671,0.0427131,0.0742921
-231.646,193.671,0.0429052,0.0751993
-227.848,193.671,0.0431084,0.0760799
-224.051,193.671,0.0433337,0.077063
-220.253,193.671,0.0435707,0.0781387
-216.456,193.671,0.0438076,0.0792144
-212.658,193.671,0.0440374,0.0801954
-208.861,193.671,0.0442612,0.0811564
-205.063,193.671,0.0444831,0.0822317
-201.266,193.671,0.0447051,0.083307
-197.468,193.671,0.0449271,0.0843823
-193.671,193.671,0.0451526,0.085474
-189.873,193.671,0.0453873,0.0866085
-186.076,193.671,0.045622,0.0877431
-182.278,193.671,0.0458567,0.0888777
-178.481,193.671,0.0460663,0.0899365
-174.684,193.671,0.0462589,0.0909441
-170.886,193.671,0.046445,0.0919589
-167.089,193.671,0.0466139,0.0929936
-163.291,193.671,0.0467839,0.094021
-159.494,193.671,0.0469558,0.0950356
-155.696,193.671,0.0471105,0.0959949
-151.899,193.671,0.0472449,0.0968655
-148.101,193.671,0.0474214,0.0979218
-144.304,193.671,0.0476543,0.0992426
-140.506,193.671,0.0478668,0.100462
-136.709,193.671,0.0480765,0.101681
-132.911,193.671,0.0482862,0.1029
-129.114,193.671,0.0484142,0.103814
-125.316,193.671,0.0485602,0.105051
-121.519,193.671,0.0487136,0.106364
-117.722,193.671,0.048866,0.107649
-113.924,193.671,0.049013,0.108791
-110.127,193.671,0.04916,0.109934
-106.329,193.671,0.0493071,0.111077
-102.532,193.671,0.0494541,0.11222
-98.7342,193.671,0.0496011,0.113362
-94.9367,193.671,0.0497481,0.114505
-91.1392,193.671,0.0498952,0.115648
-87.3418,193.671,0.049987,0.11691
-83.5443,193.671,0.0500123,0.118166
-79.7468,193.671,0.0500376,0.119423
-75.9494,193.671,0.0500629,0.120679
-72.1519,193.671,0.050084,0.121916
-68.3544,193.671,0.0500714,0.122997
-64.557,193.671,0.0500587,0.124077
-60.7595,193.671,0.0500461,0.125158
-56.962,193.671,0.0500334,0.126239
-53.1646,193.671,0.0500208,0.127319
-49.3671,193.671,0.0500082,0.1284
-45.5696,193.671,0.0499955,0.129481
-41.7722,193.671,0.0499829,0.130561
-37.9747,193.671,0.0499702,0.131642
-34.1772,193.671,0.0499576,0.132723
-30.3797,193.671,0.0499195,0.133807
-26.5823,193.671,0.0497345,0.134781
-22.7848,193.671,0.0495496,0.135755
-18.9873,193.671,0.0493646,0.136728
-15.1899,193.671,0.0491796,0.137702
-11.3924,193.671,0.0489946,0.138676
-7.59494,193.671,0.0488096,0.139649
-3.79747,193.671,0.0486247,0.140623
0,193.671,0.0483933,0.141674
-300,197.468,0.0397053,0.0604369
-296.203,197.468,0.0399239,0.0613486
-292.405,197.468,0.0401425,0.0622604
-288.608,197.468,0.0403612,0.0631721
-284.81,197.468,0.0405798,0.0640839
-281.013,197.468,0.0407984,0.0649956
-277.215,197.468,0.0410156,0.0659094
-273.418,197.468,0.0412317,0.0668244
-269.62,197.468,0.0414478,0.0677394
-265.823,197.468,0.041664,0.0686545
-262.025,197.468,0.0418801,0.0695695
-258.228,197.468,0.0420915,0.07048
-254.43,197.468,0.0422774,0.0713669
-250.633,197.468,0.0424684,0.0722705
-246.835,197.468,0.0426605,0.0731778
-243.038,197.468,0.0428526,0.074085
-239.241,197.468,0.0430447,0.0749923
-235.443,197.468,0.0432368,0.0758995
-231.646,197.468,0.0434448,0.0767686
-227.848,197.468,0.0436577,0.0776548
-224.051,197.468,0.0438947,0.0787305
-220.253,197.468,0.0441317,0.0798062
-216.456,197.468,0.0443578,0.0807382
-212.658,197.468,0.04458,0.0817962
-208.861,197.468,0.044802,0.0828715
-205.063,197.468,0.0450239,0.0839468
-201.266,197.468,0.0452459,0.0850221
-197.468,197.468,0.0454679,0.0860974
-193.671,197.468,0.0456898,0.0871727
-189.873,197.468,0.0459203,0.0882875
-186.076,197.468,0.046148,0.0894008
-182.278,197.468,0.0463405,0.0904083
-178.481,197.468,0.0465331,0.0914159
-174.684,197.468,0.0467256,0.0924235
-170.886,197.468,0.0469182,0.093431
-167.089,197.468,0.0471107,0.0944386
-163.291,197.468,0.0472869,0.0954648
-159.494,197.468,0.0474475,0.0964726
-155.696,197.468,0.0476024,0.0974208
-151.899,197.468,0.0477643,0.0984105
-148.101,197.468,0.0479488,0.0995385
-144.304,197.468,0.0481711,0.100757
-140.506,197.468,0.0483912,0.101976
-136.709,197.468,0.0486009,0.103195
-132.911,197.468,0.0487343,0.104129
-129.114,197.468,0.0488682,0.105241
-125.316,197.468,0.0490217,0.106555
-121.519,197.468,0.0491741,0.107843
-117.722,197.468,0.0493211,0.108985
-113.924,197.468,0.0494682,0.110128
-110.127,197.468,0.0496152,0.111271
-106.329,197.468,0.0497622,0.112414
-102.532,197.468,0.0499092,0.113556
-98.7342,197.468,0.0500563,0.114699
-94.9367,197.468,0.0502033,0.115842
-91.1392,197.468,0.0503362,0.116891
-87.3418,197.468,0.0503704,0.118121
-83.5443,197.468,0.0503957,0.119378
-79.7468,197.468,0.050421,0.120634
-75.9494,197.468,0.0504464,0.121891
-72.1519,197.468,0.0504457,0.123027
-68.3544,197.468,0.0504331,0.124108
-64.557,197.468,0.0504204,0.125188
-60.7595,197.468,0.0504078,0.126269
-56.962,197.468,0.0503952,0.12735
-53.1646,197.468,0.0503825,0.12843
-49.3671,197.468,0.0503699,0.129511
-45.5696,197.468,0.0503573,0.130592
-41.7722,197.468,0.0503446,0.131672
-37.9747,197.468,0.050332,0.132753
-34.1772,197.468,0.0503193,0.133834
-30.3797,197.468,0.0502754,0.134845
-26.5823,197.468,0.0501036,0.135714
-22.7848,197.468,0.0499186,0.136688
-18.9873,197.468,0.0497337,0.137661
-15.1899,197.468,0.0495487,0.138635
-11.3924,197.468,0.0493637,0.139609
-7.59494,197.468,0.0491787,0.140582
-3.79747,197.468,0.0489937,0.141556
0,197.468,0.048779,0.142579
-300,201.266,0.0402658,0.0620692
-296.203,201.266,0.0404845,0.062981
-292.405,201.266,0.0407031,0.0638927
-288.608,201.266,0.0409217,0.0648045
-284.81,201.266,0.0411403,0.0657162
-281.013,201.266,0.041359,0.066628
-277.215,201.266,0.0415772,0.0675403
-273.418,201.266,0.0417934,0.0684553
-269.62,201.266,0.0420095,0.0693703
-265.823,201.266,0.0422256,0.0702853
-262.025,201.266,0.0424242,0.071184
-258.228,201.266,0.0426101,0.0720709
-254.43,201.266,0.0428,0.0729707
-250.633,201.266,0.0429921,0.073878
-246.835,201.266,0.0431842,0.0747852
-243.038,201.266,0.0433763,0.0756925
-239.241,201.266,0.0435711,0.0765933
-235.443,201.266,0.0437812,0.0774574
-231.646,201.266,0.0439913,0.0783215
-227.848,201.266,0.0442188,0.0793223
-224.051,201.266,0.0444536,0.0803695
-220.253,201.266,0.0446769,0.0813607
-216.456,201.266,0.0448988,0.082436
-212.658,201.266,0.0451208,0.0835113
-208.861,201.266,0.0453428,0.0845866
-205.063,201.266,0.0455647,0.0856619
-201.266,201.266,0.0457867,0.0867372
-197.468,201.266,0.0460087,0.0878125
-193.671,201.266,0.0462306,0.0888878
-189.873,201.266,0.0464221,0.0898726
-186.076,201.266,0.0466147,0.0908802
-182.278,201.266,0.0468072,0.0918877
-178.481,201.266,0.0469998,0.0928953
-174.684,201.266,0.0471923,0.0939028
-170.886,201.266,0.0473849,0.0949104
-167.089,201.266,0.0475774,0.0959179
-163.291,201.266,0.0477849,0.0969574
-159.494,201.266,0.0479796,0.0979397
-155.696,201.266,0.0481376,0.0988959
-151.899,201.266,0.0482921,0.0998577
-148.101,201.266,0.0484913,0.101012
-144.304,201.266,0.0487075,0.102241
-140.506,201.266,0.0489237,0.103469
-136.709,201.266,0.0490625,0.104435
-132.911,201.266,0.0491776,0.105427
-129.114,201.266,0.0493297,0.106745
-125.316,201.266,0.0494822,0.108036
-121.519,201.266,0.0496293,0.109179
-117.722,201.266,0.0497763,0.110322
-113.924,201.266,0.0499233,0.111465
-110.127,201.266,0.0500704,0.112607
-106.329,201.266,0.0502174,0.11375
-102.532,201.266,0.0503644,0.114893
-98.7342,201.266,0.0505114,0.116036
-94.9367,201.266,0.0506345,0.117019
-91.1392,201.266,0.0507285,0.118076
-87.3418,201.266,0.0507538,0.119332
-83.5443,201.266,0.0507792,0.120589
-79.7468,201.266,0.0508045,0.121845
-75.9494,201.266,0.0508201,0.123057
-72.1519,201.266,0.0508075,0.124138
-68.3544,201.266,0.0507948,0.125218
-64.557,201.266,0.0507822,0.126299
-60.7595,201.266,0.0507695,0.12738
-56.962,201.266,0.0507569,0.12846
-53.1646,201.266,0.0507443,0.129541
-49.3671,201.266,0.0507316,0.130622
-45.5696,201.266,0.050719,0.131702
-41.7722,201.266,0.0507063,0.132783
-37.9747,201.266,0.0506937,0.133864
-34.1772,201.266,0.0506811,0.134944
-30.3797,201.266,0.0506253,0.13593
-26.5823,201.266,0.0504672,0.13669
-22.7848,201.266,0.0502877,0.137621
-18.9873,201.266,0.0501027,0.138594
-15.1899,201.266,0.0499177,0.139568
-11.3924,201.266,0.0497328,0.140542
-7.59494,201.266,0.0495478,0.141515
-3.79747,201.266,0.0493628,0.142489
0,201.266,0.0491646,0.143485
-300,205.063,0.0408264,0.0637016
-296.203,205.063,0.041045,0.0646133
-292.405,205.063,0.0412636,0.0655251
-288.608,205.063,0.0414823,0.0664368
-284.81,205.063,0.0417009,0.0673486
-281.013,205.063,0.0419195,0.0682603
-277.215,205.063,0.0421382,0.0691721
-273.418,205.063,0.042355,0.0700862
-269.62,205.063,0.0425711,0.0710012
-265.823,205.063,0.042757,0.0718881
-262.025,205.063,0.0429429,0.0727749
-258.228,205.063,0.0431316,0.0736709
-254.43,205.063,0.0433237,0.0745782
-250.633,205.063,0.0435158,0.0754854
-246.835,205.063,0.0437079,0.0763927
-243.038,205.063,0.0439075,0.077282
-239.241,205.063,0.0441176,0.0781461
-235.443,205.063,0.0443277,0.0790102
-231.646,205.063,0.0445429,0.0799141
-227.848,205.063,0.0447738,0.0809251
-224.051,205.063,0.0449957,0.0820004
-220.253,205.063,0.0452177,0.0830758
-216.456,205.063,0.0454396,0.0841511
-212.658,205.063,0.0456616,0.0852264
-208.861,205.063,0.0458836,0.0863017
-205.063,205.063,0.0461055,0.087377
-201.266,205.063,0.0463275,0.0884523
-197.468,205.063,0.0465426,0.0895068
-193.671,205.063,0.0467199,0.0904478
-189.873,205.063,0.0468973,0.0913888
-186.076,205.063,0.0470814,0.0923595
-182.278,205.063,0.047274,0.0933671
-178.481,205.063,0.0474665,0.0943746
-174.684,205.063,0.0476591,0.0953822
-170.886,205.063,0.0478516,0.0963897
-167.089,205.063,0.048076,0.0974655
-163.291,205.063,0.0483086,0.0985589
-159.494,205.063,0.0484912,0.0994906
-155.696,205.063,0.0486418,0.100263
-151.899,205.063,0.0488178,0.101256
-148.101,205.063,0.049034,0.102485
-144.304,205.063,0.0492502,0.103714
-140.506,205.063,0.0494083,0.104724
-136.709,205.063,0.0495173,0.105552
-132.911,205.063,0.049662,0.106847
-129.114,205.063,0.0498094,0.108161
-125.316,205.063,0.0499511,0.109323
-121.519,205.063,0.0500928,0.110485
-117.722,205.063,0.0502345,0.111648
-113.924,205.063,0.0503785,0.112801
-110.127,205.063,0.0505255,0.113944
-106.329,205.063,0.0506726,0.115087
-102.532,205.063,0.050811,0.116173
-98.7342,205.063,0.0509329,0.117148
-94.9367,205.063,0.0510547,0.118123
-91.1392,205.063,0.0511119,0.119287
-87.3418,205.063,0.0511373,0.120544
-83.5443,205.063,0.0511626,0.1218
-79.7468,205.063,0.0511879,0.123057
-75.9494,205.063,0.0511818,0.124168
-72.1519,205.063,0.0511692,0.125248
-68.3544,205.063,0.0511566,0.126329
-64.557,205.063,0.0511439,0.12741
-60.7595,205.063,0.0511313,0.12849
-56.962,205.063,0.0511186,0.129571
-53.1646,205.063,0.051106,0.130652
-49.3671,205.063,0.0510934,0.131732
-45.5696,205.063,0.0510807,0.132813
-41.7722,205.063,0.0510681,0.133894
-37.9747,205.063,0.0510554,0.134974
-34.1772,205.063,0.0510428,0.136055
-30.3797,205.063,0.0509752,0.137015
-26.5823,205.063,0.0508172,0.137775
-22.7848,205.063,0.0506568,0.138554
-18.9873,205.063,0.0504718,0.139528
-15.1899,205.063,0.0502868,0.140501
-11.3924,205.063,0.0501018,0.141475
-7.59494,205.063,0.0499168,0.142448
-3.79747,205.063,0.0497319,0.143422
0,205.063,0.0495469,0.144396
-300,208.861,0.0413869,0.065334
-296.203,208.861,0.0416056,0.0662457
-292.405,208.861,0.0418242,0.0671574
-288.608,208.861,0.0420428,0.0680692
-284.81,208.861,0.0422614,0.0689809
-281.013,208.861,0.0424801,0.0698927
-277.215,208.861,0.0426987,0.0708044
-273.418,208.861,0.0429039,0.0717052
-269.62,208.861,0.0430898,0.0725921
-265.823,208.861,0.0432757,0.073479
-262.025,208.861,0.0434632,0.0743711
-258.228,208.861,0.0436553,0.0752784
-254.43,208.861,0.0438474,0.0761856
-250.633,208.861,0.0440395,0.0770929
-246.835,208.861,0.0442439,0.0779707
-243.038,208.861,0.044454,0.0788349
-239.241,208.861,0.0446641,0.079699
-235.443,208.861,0.0448742,0.0805631
-231.646,208.861,0.0450926,0.0815649
-227.848,208.861,0.0453145,0.0826402
-224.051,208.861,0.0455365,0.0837155
-220.253,208.861,0.0457585,0.0847908
-216.456,208.861,0.0459804,0.0858661
-212.658,208.861,0.0462024,0.0869415
-208.861,208.861,0.0464244,0.0880168
-205.063,208.861,0.0466463,0.0890921
-201.266,208.861,0.0468412,0.0900858
-197.468,208.861,0.0470185,0.0910268
-193.671,208.861,0.0471959,0.0919678
-189.873,208.861,0.0473733,0.0929088
-186.076,208.861,0.0475506,0.0938498
-182.278,208.861,0.0477407,0.0948465
-178.481,208.861,0.0479333,0.095854
-174.684,208.861,0.0481345,0.0968803
-170.886,208.861,0.0483671,0.0979736
-167.089,208.861,0.0485997,0.099067
-163.291,208.861,0.0488268,0.100143
-159.494,208.861,0.0489677,0.100861
-155.696,208.861,0.0491127,0.101614
-151.899,208.861,0.0493442,0.102787
-148.101,208.861,0.049576,0.103961
-144.304,208.861,0.0497494,0.105024
-140.506,208.861,0.0498585,0.105851
-136.709,208.861,0.0499948,0.10696
-132.911,208.861,0.0501458,0.108251
-129.114,208.861,0.0502875,0.109413
-125.316,208.861,0.0504292,0.110576
-121.519,208.861,0.0505709,0.111738
-117.722,208.861,0.0507126,0.1129
-113.924,208.861,0.0508543,0.114062
-110.127,208.861,0.050996,0.115225
-106.329,208.861,0.0511193,0.116265
-102.532,208.861,0.0512359,0.11726
-98.7342,208.861,0.0513531,0.118252
-94.9367,208.861,0.05147,0.119242
-91.1392,208.861,0.0514954,0.120498
-87.3418,208.861,0.0515207,0.121755
-83.5443,208.861,0.051546,0.123011
-79.7468,208.861,0.0515562,0.124198
-75.9494,208.861,0.0515436,0.125278
-72.1519,208.861,0.0515309,0.126359
-68.3544,208.861,0.0515183,0.12744
-64.557,208.861,0.0515056,0.12852
-60.7595,208.861,0.051493,0.129601
-56.962,208.861,0.0514804,0.130682
-53.1646,208.861,0.0514677,0.131762
-49.3671,208.861,0.0514551,0.132843
-45.5696,208.861,0.0514425,0.133924
-41.7722,208.861,0.0514298,0.135004
-37.9747,208.861,0.0514172,0.136085
-34.1772,208.861,0.0514045,0.137166
-30.3797,208.861,0.0513252,0.138099
-26.5823,208.861,0.0511671,0.13886
-22.7848,208.861,0.051009,0.13962
-18.9873,208.861,0.0508409,0.140461
-15.1899,208.861,0.0506559,0.141434
-11.3924,208.861,0.0504709,0.142408
-7.59494,208.861,0.0502859,0.143382
-3.79747,208.861,0.0501009,0.144355
0,208.861,0.049916,0.145329
-300,212.658,0.0419475,0.0669663
-296.203,212.658,0.0421661,0.0678781
-292.405,212.658,0.0423847,0.0687898
-288.608,212.658,0.0426034,0.0697016
-284.81,212.658,0.042822,0.0706133
-281.013,212.658,0.0430406,0.071525
-277.215,212.658,0.0432337,0.072413
-273.418,212.658,0.0434221,0.0732966
-269.62,212.658,0.0436084,0.074183
-265.823,212.658,0.0437948,0.0750713
-262.025,212.658,0.0439869,0.0759786
-258.228,212.658,0.044179,0.0768858
-254.43,212.658,0.0443711,0.0777931
-250.633,212.658,0.0445803,0.0786595
-246.835,212.658,0.0447904,0.0795236
-243.038,212.658,0.0450005,0.0803877
-239.241,212.658,0.045207,0.0812773
-235.443,212.658,0.0454114,0.0822047
-231.646,212.658,0.0456334,0.08328
-227.848,212.658,0.0458553,0.0843553
-224.051,212.658,0.0460773,0.0854306
-220.253,212.658,0.0462993,0.0865059
-216.456,212.658,0.0465212,0.0875812
-212.658,212.658,0.0467432,0.0886566
-208.861,212.658,0.0469624,0.0897237
-205.063,212.658,0.0471398,0.0906647
-201.266,212.658,0.0473172,0.0916057
-197.468,212.658,0.0474945,0.0925467
-193.671,212.658,0.0476719,0.0934877
-189.873,212.658,0.0478493,0.0944287
-186.076,212.658,0.0480266,0.0953697
-182.278,212.658,0.0482074,0.0963258
-178.481,212.658,0.0484257,0.0973884
-174.684,212.658,0.0486583,0.0984818
-170.886,212.658,0.0488909,0.0995751
-167.089,212.658,0.049114,0.100615
-163.291,212.658,0.0492937,0.101458
-159.494,212.658,0.0494344,0.102176
-155.696,212.658,0.0496306,0.103172
-151.899,212.658,0.0498624,0.104346
-148.101,212.658,0.050069,0.105425
-144.304,212.658,0.0501913,0.10619
-140.506,212.658,0.050322,0.107115
-136.709,212.658,0.0504753,0.108393
-132.911,212.658,0.0506227,0.109513
-129.114,212.658,0.0507656,0.110666
-125.316,212.658,0.0509073,0.111828
-121.519,212.658,0.051049,0.11299
-117.722,212.658,0.0511907,0.114153
-113.924,212.658,0.0513294,0.115295
-110.127,212.658,0.051446,0.11629
-106.329,212.658,0.0515625,0.117285
-102.532,212.658,0.051679,0.11828
-98.7342,212.658,0.0517956,0.119275
-94.9367,212.658,0.0518704,0.120391
-91.1392,212.658,0.0518904,0.121667
-87.3418,212.658,0.0519104,0.122943
-83.5443,212.658,0.0519304,0.124219
-79.7468,212.658,0.0519179,0.125308
-75.9494,212.658,0.0519053,0.126389
-72.1519,212.658,0.0518927,0.12747
-68.3544,212.658,0.05188,0.12855
-64.557,212.658,0.0518674,0.129631
-60.7595,212.658,0.0518547,0.130712
-56.962,212.658,0.0518421,0.131792
-53.1646,212.658,0.0518295,0.132873
-49.3671,212.658,0.0518168,0.133954
-45.5696,212.658,0.0518042,0.135034
-41.7722,212.658,0.0517916,0.136115
-37.9747,212.658,0.0517789,0.137196
-34.1772,212.658,0.0517663,0.138276
-30.3797,212.658,0.0516751,0.139184
-26.5823,212.658,0.051517,0.139945
-22.7848,212.658,0.051359,0.140705
-18.9873,212.658,0.0512009,0.141465
-15.1899,212.658,0.0510249,0.142367
-11.3924,212.658,0.05084,0.143341
-7.59494,212.658,0.050655,0.144315
-3.79747,212.658,0.05047,0.145288
0,212.658,0.050285,0.146262
-300,216.456,0.042508,0.0685987
-296.203,216.456,0.0427267,0.0695104
-292.405,216.456,0.0429453,0.0704222
-288.608,216.456,0.0431639,0.0713339
-284.81,216.456,0.0433745,0.0722382
-281.013,216.456,0.0435629,0.0731218
-277.215,216.456,0.0437513,0.0740054
-273.418,216.456,0.0439397,0.074889
-269.62,216.456,0.0441271,0.0757739
-265.823,216.456,0.0443185,0.0766788
-262.025,216.456,0.0445106,0.077586
-258.228,216.456,0.0447066,0.0784841
-254.43,216.456,0.0449167,0.0793482
-250.633,216.456,0.0451268,0.0802123
-246.835,216.456,0.0453364,0.0811043
-243.038,216.456,0.0455369,0.08201
-239.241,216.456,0.0457348,0.0828824
-235.443,216.456,0.0459522,0.0839198
-231.646,216.456,0.0461742,0.0849951
-227.848,216.456,0.0463961,0.0860704
-224.051,216.456,0.0466181,0.0871457
-220.253,216.456,0.0468401,0.088221
-216.456,216.456,0.047062,0.0892963
-212.658,216.456,0.0472611,0.0903026
-208.861,216.456,0.0474384,0.0912436
-205.063,216.456,0.0476158,0.0921846
-201.266,216.456,0.0477932,0.0931256
-197.468,216.456,0.0479705,0.0940667
-193.671,216.456,0.0481479,0.0950077
-189.873,216.456,0.0483253,0.0959487
-186.076,216.456,0.0485052,0.0968952
-182.278,216.456,0.0487226,0.097922
-178.481,216.456,0.0489494,0.0989899
-174.684,216.456,0.049182,0.100083
-170.886,216.456,0.0493954,0.101069
-167.089,216.456,0.0495946,0.101975
-163.291,216.456,0.0497604,0.102773
-159.494,216.456,0.0499177,0.103563
-155.696,216.456,0.0501488,0.104731
-151.899,216.456,0.0503759,0.105887
-148.101,216.456,0.0504982,0.106652
-144.304,216.456,0.0506275,0.107488
-140.506,216.456,0.0507908,0.108671
-136.709,216.456,0.050948,0.109692
-132.911,216.456,0.0510974,0.110791
-129.114,216.456,0.0512438,0.111918
-125.316,216.456,0.0513855,0.113081
-121.519,216.456,0.0515271,0.114243
-117.722,216.456,0.0516561,0.11532
-113.924,216.456,0.0517726,0.116315
-110.127,216.456,0.0518891,0.11731
-106.329,216.456,0.0520057,0.118305
-102.532,216.456,0.0521222,0.1193
-98.7342,216.456,0.0522387,0.120295
-94.9367,216.456,0.0522768,0.121518
-91.1392,216.456,0.0522968,0.122794
-87.3418,216.456,0.0523168,0.12407
-83.5443,216.456,0.0523162,0.125251
-79.7468,216.456,0.0522983,0.126351
-75.9494,216.456,0.0522803,0.127451
-72.1519,216.456,0.0522623,0.128551
-68.3544,216.456,0.0522443,0.129652
-64.557,216.456,0.0522291,0.130742
-60.7595,216.456,0.0522165,0.131822
-56.962,216.456,0.0522038,0.132903
-53.1646,216.456,0.0521912,0.133984
-49.3671,216.456,0.0521786,0.135064
-45.5696,216.456,0.0521659,0.136145
-41.7722,216.456,0.0521533,0.137226
-37.9747,216.456,0.0521406,0.138306
-34.1772,216.456,0.052128,0.139387
-30.3797,216.456,0.052025,0.140269
-26.5823,216.456,0.051867,0.141029
-22.7848,216.456,0.0517089,0.14179
-18.9873,216.456,0.0515508,0.14255
-15.1899,216.456,0.0513927,0.143311
-11.3924,216.456,0.051209,0.144274
-7.59494,216.456,0.0510241,0.145248
-3.79747,216.456,0.0508391,0.146221
0,216.456,0.0506541,0.147195
-300,220.253,0.043048,0.0701824
-296.203,220.253,0.0432732,0.0711095
-292.405,220.253,0.0434983,0.0720367
-288.608,220.253,0.0437027,0.0729446
-284.81,220.253,0.0438921,0.0738306
-281.013,220.253,0.0440805,0.0747142
-277.215,220.253,0.0442689,0.0755978
-273.418,220.253,0.0444572,0.0764814
-269.62,220.253,0.04465,0.0773792
-265.823,220.253,0.0448422,0.0782862
-262.025,220.253,0.045043,0.0791728
-258.228,220.253,0.0452531,0.080037
-254.43,220.253,0.0454632,0.0809011
-250.633,220.253,0.0456688,0.0818704
-246.835,220.253,0.0458667,0.0827428
-243.038,220.253,0.0460646,0.0836152
-239.241,220.253,0.046271,0.0845596
-235.443,220.253,0.046493,0.0856349
-231.646,220.253,0.046715,0.0867102
-227.848,220.253,0.0469369,0.0877855
-224.051,220.253,0.0471589,0.0888608
-220.253,220.253,0.0473809,0.0899361
-216.456,220.253,0.0475597,0.0908816
-212.658,220.253,0.0477371,0.0918226
-208.861,220.253,0.0479144,0.0927636
-205.063,220.253,0.0480918,0.0937046
-201.266,220.253,0.0482692,0.0946456
-197.468,220.253,0.0484465,0.0955866
-193.671,220.253,0.0486239,0.0965276
-189.873,220.253,0.0488208,0.0975104
-186.076,220.253,0.0490382,0.0985372
-182.278,220.253,0.0492556,0.0995641
-178.481,220.253,0.0494731,0.100591
-174.684,220.253,0.0496768,0.101523
-170.886,220.253,0.049876,0.102429
-167.089,220.253,0.0500752,0.103335
-163.291,220.253,0.0502271,0.104088
-159.494,220.253,0.0504352,0.105116
-155.696,220.253,0.050667,0.10629
-151.899,220.253,0.0508051,0.107113
-148.101,220.253,0.0509295,0.107899
-144.304,220.253,0.0510928,0.109084
-140.506,220.253,0.05125,0.110105
-136.709,220.253,0.0514072,0.111126
-132.911,220.253,0.0515644,0.112147
-129.114,220.253,0.0517195,0.113189
-125.316,220.253,0.0518636,0.114333
-121.519,220.253,0.0519827,0.115345
-117.722,220.253,0.0520993,0.11634
-113.924,220.253,0.0522158,0.117335
-110.127,220.253,0.0523323,0.11833
-106.329,220.253,0.0524488,0.119325
-102.532,220.253,0.0525654,0.12032
-98.7342,220.253,0.0526632,0.121369
-94.9367,220.253,0.0526832,0.122645
-91.1392,220.253,0.0527032,0.123921
-87.3418,220.253,0.0527189,0.125177
-83.5443,220.253,0.0527009,0.126277
-79.7468,220.253,0.052683,0.127378
-75.9494,220.253,0.052665,0.128478
-72.1519,220.253,0.052647,0.129578
-68.3544,220.253,0.052629,0.130678
-64.557,220.253,0.0526111,0.131778
-60.7595,220.253,0.0525931,0.132879
-56.962,220.253,0.0525751,0.133979
-53.1646,220.253,0.0525572,0.135079
-49.3671,220.253,0.0525403,0.136175
-45.5696,220.253,0.0525277,0.137256
-41.7722,220.253,0.052515,0.138336
-37.9747,220.253,0.0525024,0.139417
-34.1772,220.253,0.0524897,0.140498
-30.3797,220.253,0.052375,0.141354
-26.5823,220.253,0.0522169,0.142114
-22.7848,220.253,0.0520588,0.142875
-18.9873,220.253,0.0519007,0.143635
-15.1899,220.253,0.0517427,0.144395
-11.3924,220.253,0.0515781,0.145207
-7.59494,220.253,0.0513931,0.146181
-3.79747,220.253,0.0512081,0.147154
0,220.253,0.0510232,0.148128
-300,224.051,0.0435296,0.0716275
-296.203,224.051,0.0437515,0.0725517
-292.405,224.051,0.0439464,0.0734507
-288.608,224.051,0.0441413,0.0743497
-284.81,224.051,0.0443362,0.0752488
-281.013,224.051,0.0445311,0.0761478
-277.215,224.051,0.044726,0.0770468
-273.418,224.051,0.044924,0.0779563
-269.62,224.051,0.0451251,0.0788757
-265.823,224.051,0.0453384,0.0797646
-262.025,224.051,0.045555,0.0806441
-258.228,224.051,0.0457703,0.0816078
-254.43,224.051,0.0459786,0.0825522
-250.633,224.051,0.0461826,0.0834401
-246.835,224.051,0.0463866,0.084328
-243.038,224.051,0.0465906,0.0852158
-239.241,224.051,0.0468118,0.0862747
-235.443,224.051,0.0470338,0.08735
-231.646,224.051,0.0472558,0.0884253
-227.848,224.051,0.0474777,0.0895006
-224.051,224.051,0.0476809,0.0905195
-220.253,224.051,0.0478583,0.0914605
-216.456,224.051,0.0480357,0.0924015
-212.658,224.051,0.048213,0.0933425
-208.861,224.051,0.0483904,0.0942835
-205.063,224.051,0.0485678,0.0952245
-201.266,224.051,0.0487451,0.0961655
-197.468,224.051,0.0489225,0.0971066
-193.671,224.051,0.0491363,0.0981257
-189.873,224.051,0.0493537,0.0991525
-186.076,224.051,0.0495712,0.100179
-182.278,224.051,0.0497741,0.101125
-178.481,224.051,0.0499639,0.101997
-174.684,224.051,0.0501575,0.102883
-170.886,224.051,0.0503566,0.103789
-167.089,224.051,0.0505531,0.104686
-163.291,224.051,0.0507272,0.105548
-159.494,224.051,0.0509534,0.106675
-155.696,224.051,0.0511121,0.107575
-151.899,224.051,0.0512344,0.10834
-148.101,224.051,0.0513949,0.109498
-144.304,224.051,0.0515521,0.110518
-140.506,224.051,0.0517093,0.111539
-136.709,224.051,0.0518665,0.11256
-132.911,224.051,0.0520237,0.113581
-129.114,224.051,0.0521737,0.114554
-125.316,224.051,0.0523057,0.115407
-121.519,224.051,0.0524259,0.116365
-117.722,224.051,0.0525424,0.11736
-113.924,224.051,0.0526589,0.118355
-110.127,224.051,0.0527755,0.11935
-106.329,224.051,0.052892,0.120345
-102.532,224.051,0.0530085,0.12134
-98.7342,224.051,0.0530696,0.122496
-94.9367,224.051,0.0530896,0.123772
-91.1392,224.051,0.0531096,0.125048
-87.3418,224.051,0.0531036,0.126204
-83.5443,224.051,0.0530856,0.127304
-79.7468,224.051,0.0530677,0.128404
-75.9494,224.051,0.0530497,0.129504
-72.1519,224.051,0.0530317,0.130605
-68.3544,224.051,0.0530137,0.131705
-64.557,224.051,0.0529958,0.132805
-60.7595,224.051,0.0529778,0.133905
-56.962,224.051,0.0529598,0.135005
-53.1646,224.051,0.0529419,0.136106
-49.3671,224.051,0.0529239,0.137206
-45.5696,224.051,0.0529059,0.138306
-41.7722,224.051,0.052888,0.139406
-37.9747,224.051,0.05287,0.140506
-34.1772,224.051,0.052852,0.141607
-30.3797,224.051,0.0527249,0.142438
-26.5823,224.051,0.0525668,0.143199
-22.7848,224.051,0.0524088,0.143959
-18.9873,224.051,0.0522507,0.14472
-15.1899,224.051,0.0520926,0.14548
-11.3924,224.051,0.0519345,0.146241
-7.59494,224.051,0.0517622,0.147114
-3.79747,224.051,0.0515772,0.148088
0,224.051,0.0513922,0.149061
-300,227.848,0.0439952,0.0730578
-296.203,227.848,0.0441901,0.0739569
-292.405,227.848,0.044385,0.0748559
-288.608,227.848,0.0445799,0.0757549
-284.81,227.848,0.0447748,0.076654
-281.013,227.848,0.0449696,0.077553
-277.215,227.848,0.0451666,0.0784587
-273.418,227.848,0.0453678,0.0793776
-269.62,227.848,0.0455869,0.0802539
-265.823,227.848,0.0458059,0.0811303
-262.025,227.848,0.0460205,0.0821433
-258.228,227.848,0.0462283,0.0830814
-254.43,227.848,0.0464323,0.0839693
-250.633,227.848,0.0466363,0.0848572
-246.835,227.848,0.0468403,0.0857451
-243.038,227.848,0.0470548,0.086722
-239.241,227.848,0.0472829,0.0878128
-235.443,227.848,0.0475109,0.0889036
-231.646,227.848,0.047739,0.0899944
-227.848,227.848,0.047935,0.0909886
-224.051,227.848,0.0481177,0.0919427
-220.253,227.848,0.0483003,0.0928967
-216.456,227.848,0.048483,0.0938508
-212.658,227.848,0.0486656,0.0948048
-208.861,227.848,0.0488483,0.0957589
-205.063,227.848,0.049031,0.0967129
-201.266,227.848,0.049227,0.0976955
-197.468,227.848,0.0494497,0.0987354
-193.671,227.848,0.0496693,0.0997677
-189.873,227.848,0.0498807,0.100761
-186.076,227.848,0.0500705,0.101633
-182.278,227.848,0.0502604,0.102505
-178.481,227.848,0.0504502,0.103377
-174.684,227.848,0.05064,0.10425
-170.886,227.848,0.0508372,0.105148
-167.089,227.848,0.0510234,0.106017
-163.291,227.848,0.0512405,0.107066
-159.494,227.848,0.051419,0.108037
-155.696,227.848,0.0515413,0.108801
-151.899,227.848,0.0516969,0.109911
-148.101,227.848,0.0518541,0.110932
-144.304,227.848,0.0520113,0.111953
-140.506,227.848,0.0521685,0.112973
-136.709,227.848,0.0523257,0.113994
-132.911,227.848,0.0524659,0.114902
-129.114,227.848,0.052598,0.115756
-125.316,227.848,0.05273,0.116609
-121.519,227.848,0.0528598,0.117479
-117.722,227.848,0.0529856,0.11838
-113.924,227.848,0.0531021,0.119375
-110.127,227.848,0.0532186,0.12037
-106.329,227.848,0.0533352,0.121365
-102.532,227.848,0.0534517,0.12236
-98.7342,227.848,0.053476,0.123623
-94.9367,227.848,0.053496,0.124899
-91.1392,227.848,0.0535063,0.12613
-87.3418,227.848,0.0534883,0.12723
-83.5443,227.848,0.0534703,0.128331
-79.7468,227.848,0.0534523,0.129431
-75.9494,227.848,0.0534344,0.130531
-72.1519,227.848,0.0534164,0.131631
-68.3544,227.848,0.0533984,0.132731
-64.557,227.848,0.0533805,0.133832
-60.7595,227.848,0.0533625,0.134932
-56.962,227.848,0.0533445,0.136032
-53.1646,227.848,0.0533266,0.137132
-49.3671,227.848,0.0533086,0.138232
-45.5696,227.848,0.0532906,0.139333
-41.7722,227.848,0.0532727,0.140433
-37.9747,227.848,0.0532547,0.141533
-34.1772,227.848,0.0532367,0.142633
-30.3797,227.848,0.053093,0.143456
-26.5823,227.848,0.0529296,0.144236
-22.7848,227.848,0.0527662,0.145016
-18.9873,227.848,0.0526028,0.145796
-15.1899,227.848,0.0524425,0.146565
-11.3924,227.848,0.0522845,0.147325
-7.59494,227.848,0.0521264,0.148086
-3.79747,227.848,0.0519463,0.149021
0,227.848,0.0517717,0.149958
-300,231.646,0.0444338,0.074463
-296.203,231.646,0.0446287,0.075362
-292.405,231.646,0.0448235,0.0762611
-288.608,231.646,0.0450184,0.0771601
-284.81,231.646,0.0452133,0.0780592
-281.013,231.646,0.0454091,0.078961
-277.215,231.646,0.0456152,0.0798685
-273.418,231.646,0.0458343,0.0807447
-269.62,231.646,0.0460529,0.0816511
-265.823,231.646,0.0462696,0.0826778
-262.025,231.646,0.0464779,0.0836107
-258.228,231.646,0.0466819,0.0844986
-254.43,231.646,0.0468859,0.0853865
-250.633,231.646,0.0470899,0.0862744
-246.835,231.646,0.0472939,0.0871623
-243.038,231.646,0.0475215,0.0882491
-239.241,231.646,0.0477496,0.0893399
-235.443,231.646,0.0479776,0.0904307
-231.646,231.646,0.0481642,0.0913964
-227.848,231.646,0.0483468,0.0923505
-224.051,231.646,0.0485295,0.0933045
-220.253,231.646,0.0487121,0.0942585
-216.456,231.646,0.0488948,0.0952126
-212.658,231.646,0.0490775,0.0961666
-208.861,231.646,0.0492601,0.0971207
-205.063,231.646,0.0494731,0.0981396
-201.266,231.646,0.0496958,0.0991795
-197.468,231.646,0.0499185,0.100219
-193.671,231.646,0.0501213,0.101148
-189.873,231.646,0.0503159,0.10203
-186.076,231.646,0.0505106,0.102913
-182.278,231.646,0.0507053,0.103796
-178.481,231.646,0.0508999,0.104678
-174.684,231.646,0.0510946,0.105561
-170.886,231.646,0.0512909,0.10645
-167.089,231.646,0.051511,0.107475
-163.291,231.646,0.0517062,0.108454
-159.494,231.646,0.051834,0.109231
-155.696,231.646,0.0519904,0.110303
-151.899,231.646,0.0521531,0.111339
-148.101,231.646,0.0523133,0.112366
-144.304,231.646,0.0524705,0.113387
-140.506,231.646,0.0526261,0.114397
-136.709,231.646,0.0527582,0.115251
-132.911,231.646,0.0528902,0.116104
-129.114,231.646,0.0530222,0.116957
-125.316,231.646,0.0531543,0.117811
-121.519,231.646,0.0532863,0.118664
-117.722,231.646,0.0534138,0.119551
-113.924,231.646,0.0535401,0.120447
-110.127,231.646,0.0536618,0.12139
-106.329,231.646,0.0537783,0.122385
-102.532,231.646,0.0538624,0.123474
-98.7342,231.646,0.0538824,0.12475
-94.9367,231.646,0.0539024,0.126026
-91.1392,231.646,0.053891,0.127157
-87.3418,231.646,0.053873,0.128257
-83.5443,231.646,0.053855,0.129357
-79.7468,231.646,0.053837,0.130457
-75.9494,231.646,0.0538191,0.131558
-72.1519,231.646,0.0538011,0.132658
-68.3544,231.646,0.0537831,0.133758
-64.557,231.646,0.0537652,0.134858
-60.7595,231.646,0.0537472,0.135958
-56.962,231.646,0.0537292,0.137059
-53.1646,231.646,0.0537113,0.138159
-49.3671,231.646,0.0536933,0.139259
-45.5696,231.646,0.0536753,0.140359
-41.7722,231.646,0.0536574,0.141459
-37.9747,231.646,0.0536394,0.142559
-34.1772,231.646,0.0536214,0.14366
-30.3797,231.646,0.0534659,0.144457
-26.5823,231.646,0.0533025,0.145237
-22.7848,231.646,0.0531391,0.146017
-18.9873,231.646,0.0529757,0.146797
-15.1899,231.646,0.0528123,0.147577
-11.3924,231.646,0.0526489,0.148357
-7.59494,231.646,0.0524855,0.149137
-3.79747,231.646,0.0523258,0.149917
0,231.646,0.0521534,0.150847
-300,235.443,0.0448723,0.0758682
-296.203,235.443,0.0450672,0.0767672
-292.405,235.443,0.0452621,0.0776663
-288.608,235.443,0.045457,0.0785653
-284.81,235.443,0.0456519,0.0794643
-281.013,235.443,0.0458625,0.0803594
-277.215,235.443,0.0460816,0.0812356
-273.418,235.443,0.0462996,0.0821832
-269.62,235.443,0.0465163,0.0832099
-265.823,235.443,0.0467264,0.0841486
-262.025,235.443,0.0469316,0.0850278
-258.228,235.443,0.0471356,0.0859157
-254.43,235.443,0.0473396,0.0868036
-250.633,235.443,0.0475436,0.0876915
-246.835,235.443,0.0477601,0.0886853
-243.038,235.443,0.0479882,0.0897761
-239.241,235.443,0.0482107,0.0908501
-235.443,235.443,0.0483933,0.0918042
-231.646,235.443,0.048576,0.0927582
-227.848,235.443,0.0487587,0.0937123
-224.051,235.443,0.0489413,0.0946663
-220.253,235.443,0.049124,0.0956204
-216.456,235.443,0.0493066,0.0965744
-212.658,235.443,0.0494964,0.0975438
-208.861,235.443,0.0497192,0.0985837
-205.063,235.443,0.0499419,0.0996235
-201.266,235.443,0.0501595,0.100635
-197.468,235.443,0.0503542,0.101518
-193.671,235.443,0.0505488,0.1024
-189.873,235.443,0.0507435,0.103283
-186.076,235.443,0.0509382,0.104166
-182.278,235.443,0.0511329,0.105049
-178.481,235.443,0.0513275,0.105931
-174.684,235.443,0.0515222,0.106814
-170.886,235.443,0.0517345,0.107777
-167.089,235.443,0.0519448,0.108792
-163.291,235.443,0.0520681,0.109525
-159.494,235.443,0.0522212,0.110563
-155.696,235.443,0.052384,0.111602
-151.899,235.443,0.0525467,0.112635
-148.101,235.443,0.0527093,0.113667
-144.304,235.443,0.0528605,0.114623
-140.506,235.443,0.0529979,0.115488
-136.709,235.443,0.0531354,0.116353
-132.911,235.443,0.0532728,0.117218
-129.114,235.443,0.0534103,0.118082
-125.316,235.443,0.0535477,0.118947
-121.519,235.443,0.0536852,0.119812
-117.722,235.443,0.0538215,0.120685
-113.924,235.443,0.0539533,0.121592
-110.127,235.443,0.054085,0.1225
-106.329,235.443,0.0542167,0.123407
-102.532,235.443,0.054267,0.124603
-98.7342,235.443,0.0542887,0.125877
-94.9367,235.443,0.0542936,0.127083
-91.1392,235.443,0.0542757,0.128183
-87.3418,235.443,0.0542577,0.129284
-83.5443,235.443,0.0542397,0.130384
-79.7468,235.443,0.0542217,0.131484
-75.9494,235.443,0.0542038,0.132584
-72.1519,235.443,0.0541858,0.133684
-68.3544,235.443,0.0541678,0.134785
-64.557,235.443,0.0541499,0.135885
-60.7595,235.443,0.0541319,0.136985
-56.962,235.443,0.0541139,0.138085
-53.1646,235.443,0.054096,0.139185
-49.3671,235.443,0.054078,0.140286
-45.5696,235.443,0.05406,0.141386
-41.7722,235.443,0.0540421,0.142486
-37.9747,235.443,0.0540241,0.143586
-34.1772,235.443,0.0540038,0.144653
-30.3797,235.443,0.0538388,0.145458
-26.5823,235.443,0.0536754,0.146238
-22.7848,235.443,0.053512,0.147018
-18.9873,235.443,0.0533486,0.147798
-15.1899,235.443,0.0531852,0.148578
-11.3924,235.443,0.0530218,0.149358
-7.59494,235.443,0.0528613,0.150128
-3.79747,235.443,0.0527142,0.150851
0,235.443,0.0525565,0.151658
-300,239.241,0.0453109,0.0772734
-296.203,239.241,0.0455058,0.0781724
-292.405,239.241,0.0457007,0.0790715
-288.608,239.241,0.0458956,0.0799705
-284.81,239.241,0.0461098,0.0808503
-281.013,239.241,0.0463289,0.0817265
-277.215,239.241,0.0465462,0.0827152
-273.418,239.241,0.046763,0.0837419
-269.62,239.241,0.046974,0.0846928
-265.823,239.241,0.0471794,0.0855704
-262.025,239.241,0.0473848,0.086448
-258.228,239.241,0.0475892,0.0873329
-254.43,239.241,0.0477932,0.0882207
-250.633,239.241,0.0479988,0.0891216
-246.835,239.241,0.0482268,0.0902124
-243.038,239.241,0.0484398,0.0912579
-239.241,239.241,0.0486225,0.092212
-235.443,239.241,0.0488052,0.093166
-231.646,239.241,0.0489878,0.09412
-227.848,239.241,0.0491705,0.0950741
-224.051,239.241,0.0493531,0.0960281
-220.253,239.241,0.0495358,0.0969822
-216.456,239.241,0.0497425,0.0979879
-212.658,239.241,0.0499653,0.0990277
-208.861,239.241,0.050188,0.100068
-205.063,239.241,0.0503924,0.101005
-201.266,239.241,0.0505871,0.101888
-197.468,239.241,0.0507818,0.102771
-193.671,239.241,0.0509764,0.103653
-189.873,239.241,0.0511711,0.104536
-186.076,239.241,0.0513658,0.105419
-182.278,239.241,0.0515604,0.106302
-178.481,239.241,0.0517551,0.107184
-174.684,239.241,0.0519498,0.108067
-170.886,239.241,0.0521812,0.109143
-167.089,239.241,0.0523033,0.109828
-163.291,239.241,0.052452,0.110823
-159.494,239.241,0.052615,0.111866
-155.696,239.241,0.0527776,0.112898
-151.899,239.241,0.0529402,0.11393
-148.101,239.241,0.0530816,0.114821
-144.304,239.241,0.0532191,0.115686
-140.506,239.241,0.0533565,0.116551
-136.709,239.241,0.053494,0.117416
-132.911,239.241,0.0536314,0.118281
-129.114,239.241,0.0537688,0.119145
-125.316,239.241,0.0539063,0.12001
-121.519,239.241,0.0540437,0.120875
-117.722,239.241,0.0541812,0.12174
-113.924,239.241,0.0543152,0.12263
-110.127,239.241,0.0544428,0.123536
-106.329,239.241,0.054539,0.124479
-102.532,239.241,0.0545936,0.125669
-98.7342,239.241,0.0546289,0.126886
-94.9367,239.241,0.0546251,0.127998
-91.1392,239.241,0.0546126,0.129109
-87.3418,239.241,0.0546,0.130221
-83.5443,239.241,0.0545874,0.131332
-79.7468,239.241,0.0545749,0.132444
-75.9494,239.241,0.0545623,0.133556
-72.1519,239.241,0.0545498,0.134667
-68.3544,239.241,0.0545372,0.135779
-64.557,239.241,0.0545247,0.13689
-60.7595,239.241,0.0545121,0.138002
-56.962,239.241,0.0544986,0.139112
-53.1646,239.241,0.0544807,0.140212
-49.3671,239.241,0.0544627,0.141312
-45.5696,239.241,0.0544447,0.142412
-41.7722,239.241,0.0544268,0.143512
-37.9747,239.241,0.0544088,0.144613
-34.1772,239.241,0.0543803,0.145596
-30.3797,239.241,0.0542138,0.146425
-26.5823,239.241,0.0540483,0.147238
-22.7848,239.241,0.0538849,0.148018
-18.9873,239.241,0.0537215,0.148798
-15.1899,239.241,0.0535581,0.149578
-11.3924,239.241,0.0533947,0.150358
-7.59494,239.241,0.0532468,0.151084
-3.79747,239.241,0.0530997,0.151807
0,239.241,0.0529526,0.15253
-300,243.038,0.0457495,0.0786786
-296.203,243.038,0.0459444,0.0795776
-292.405,243.038,0.0461406,0.0804735
-288.608,243.038,0.0463571,0.0813411
-284.81,243.038,0.0465762,0.0822205
-281.013,243.038,0.0467929,0.0832472
-277.215,243.038,0.0470097,0.0842739
-273.418,243.038,0.0472216,0.0852369
-269.62,243.038,0.047427,0.0861145
-265.823,243.038,0.0476324,0.0869921
-262.025,243.038,0.0478378,0.0878697
-258.228,243.038,0.0480429,0.08875
-254.43,243.038,0.0482469,0.0896379
-250.633,243.038,0.0484655,0.0906487
-246.835,243.038,0.048669,0.0916657
-243.038,243.038,0.0488517,0.0926197
-239.241,243.038,0.0490343,0.0935738
-235.443,243.038,0.049217,0.0945278
-231.646,243.038,0.0493996,0.0954818
-227.848,243.038,0.0495823,0.0964359
-224.051,243.038,0.0497659,0.0973921
-220.253,243.038,0.0499886,0.0984319
-216.456,243.038,0.0502114,0.0994718
-212.658,243.038,0.0504307,0.100493
-208.861,243.038,0.0506253,0.101375
-205.063,243.038,0.05082,0.102258
-201.266,243.038,0.0510147,0.103141
-197.468,243.038,0.0512094,0.104024
-193.671,243.038,0.051404,0.104906
-189.873,243.038,0.0515987,0.105789
-186.076,243.038,0.0517934,0.106672
-182.278,243.038,0.051988,0.107554
-178.481,243.038,0.0521827,0.108437
-174.684,243.038,0.0524078,0.10946
-170.886,243.038,0.0525618,0.110263
-167.089,243.038,0.052691,0.111125
-163.291,243.038,0.0528459,0.112129
-159.494,243.038,0.0530085,0.113161
-155.696,243.038,0.0531653,0.114155
-151.899,243.038,0.0533027,0.11502
-148.101,243.038,0.0534402,0.115884
-144.304,243.038,0.0535776,0.116749
-140.506,243.038,0.0537151,0.117614
-136.709,243.038,0.0538525,0.118479
-132.911,243.038,0.05399,0.119344
-129.114,243.038,0.0541274,0.120208
-125.316,243.038,0.0542649,0.121073
-121.519,243.038,0.0544023,0.121938
-117.722,243.038,0.0545397,0.122803
-113.924,243.038,0.0546684,0.123666
-110.127,243.038,0.0547706,0.124578
-106.329,243.038,0.0548553,0.125631
-102.532,243.038,0.0549102,0.12682
-98.7342,243.038,0.0549391,0.127903
-94.9367,243.038,0.0549415,0.128911
-91.1392,243.038,0.0549315,0.129997
-87.3418,243.038,0.054919,0.131109
-83.5443,243.038,0.0549064,0.13222
-79.7468,243.038,0.0548939,0.133332
-75.9494,243.038,0.0548813,0.134444
-72.1519,243.038,0.0548688,0.135555
-68.3544,243.038,0.0548562,0.136667
-64.557,243.038,0.0548437,0.137778
-60.7595,243.038,0.0548311,0.13889
-56.962,243.038,0.0548186,0.140002
-53.1646,243.038,0.054806,0.141113
-49.3671,243.038,0.0547934,0.142225
-45.5696,243.038,0.0547809,0.143336
-41.7722,243.038,0.0547683,0.144448
-37.9747,243.038,0.0547558,0.14556
-34.1772,243.038,0.0547227,0.1465
-30.3797,243.038,0.054562,0.147335
-26.5823,243.038,0.0544012,0.148171
-22.7848,243.038,0.0542418,0.148985
-18.9873,243.038,0.0540838,0.149776
-15.1899,243.038,0.0539258,0.150568
-11.3924,243.038,0.0537793,0.151318
-7.59494,243.038,0.0536323,0.152041
-3.79747,243.038,0.0534852,0.152764
0,243.038,0.0533381,0.153487
-300,246.835,0.0461881,0.0800838
-296.203,246.835,0.0463891,0.0809681
-292.405,246.835,0.0466044,0.081832
-288.608,246.835,0.0468228,0.0827526
-284.81,246.835,0.0470396,0.0837793
-281.013,246.835,0.0472563,0.084806
-277.215,246.835,0.0474692,0.085781
-273.418,246.835,0.0476746,0.0866586
-269.62,246.835,0.04788,0.0875362
-265.823,246.835,0.0480854,0.0884138
-262.025,246.835,0.0482908,0.0892914
-258.228,246.835,0.0484963,0.0901691
-254.43,246.835,0.0487041,0.091085
-250.633,246.835,0.0488982,0.0920734
-246.835,246.835,0.0490808,0.0930275
-243.038,246.835,0.0492635,0.0939815
-239.241,246.835,0.0494461,0.0949356
-235.443,246.835,0.0496288,0.0958896
-231.646,246.835,0.0498114,0.0968437
-227.848,246.835,0.050012,0.0978361
-224.051,246.835,0.0502347,0.098876
-220.253,246.835,0.0504575,0.0999159
-216.456,246.835,0.0506636,0.100863
-212.658,246.835,0.0508583,0.101746
-208.861,246.835,0.0510529,0.102628
-205.063,246.835,0.0512476,0.103511
-201.266,246.835,0.0514423,0.104394
-197.468,246.835,0.0516369,0.105276
-193.671,246.835,0.0518316,0.106159
-189.873,246.835,0.0520263,0.107042
-186.076,246.835,0.052221,0.107925
-182.278,246.835,0.0524156,0.108807
-178.481,246.835,0.052623,0.10974
-174.684,246.835,0.0528203,0.110699
-170.886,246.835,0.0529461,0.111528
-167.089,246.835,0.0530927,0.112474
-163.291,246.835,0.0532427,0.113442
-159.494,246.835,0.0533864,0.114353
-155.696,246.835,0.0535239,0.115218
-151.899,246.835,0.0536613,0.116083
-148.101,246.835,0.0537988,0.116947
-144.304,246.835,0.0539362,0.117812
-140.506,246.835,0.0540736,0.118677
-136.709,246.835,0.0542111,0.119542
-132.911,246.835,0.0543485,0.120407
-129.114,246.835,0.054486,0.121272
-125.316,246.835,0.0546234,0.122136
-121.519,246.835,0.0547609,0.123001
-117.722,246.835,0.0548909,0.123864
-113.924,246.835,0.0550009,0.12473
-110.127,246.835,0.0550914,0.125626
-106.329,246.835,0.0551715,0.126782
-102.532,246.835,0.0552248,0.12795
-98.7342,246.835,0.0552458,0.128945
-94.9367,246.835,0.055245,0.129956
-91.1392,246.835,0.0552423,0.130968
-87.3418,246.835,0.055238,0.131997
-83.5443,246.835,0.0552254,0.133108
-79.7468,246.835,0.0552129,0.13422
-75.9494,246.835,0.0552003,0.135331
-72.1519,246.835,0.0551878,0.136443
-68.3544,246.835,0.0551752,0.137555
-64.557,246.835,0.0551626,0.138666
-60.7595,246.835,0.0551501,0.139778
-56.962,246.835,0.0551375,0.14089
-53.1646,246.835,0.055125,0.142001
-49.3671,246.835,0.0551124,0.143113
-45.5696,246.835,0.0550999,0.144224
-41.7722,246.835,0.0550873,0.145336
-37.9747,246.835,0.0550748,0.146448
-34.1772,246.835,0.0550299,0.147362
-30.3797,246.835,0.0548691,0.148197
-26.5823,246.835,0.0547084,0.149033
-22.7848,246.835,0.054549,0.149847
-18.9873,246.835,0.054391,0.150638
-15.1899,246.835,0.054241,0.151402
-11.3924,246.835,0.0540993,0.152137
-7.59494,246.835,0.0539577,0.152871
-3.79747,246.835,0.053816,0.153605
0,246.835,0.0536744,0.15434
-300,250.633,0.0466376,0.0814628
-296.203,250.633,0.0468517,0.0823229
-292.405,250.633,0.0470695,0.0832846
-288.608,250.633,0.0472863,0.0843113
-284.81,250.633,0.047503,0.085338
-281.013,250.633,0.0477168,0.0863251
-277.215,250.633,0.0479222,0.0872027
-273.418,250.633,0.0481276,0.0880803
-269.62,250.633,0.048333,0.0889579
-265.823,250.633,0.0485384,0.0898356
-262.025,250.633,0.0487439,0.0907132
-258.228,250.633,0.0489476,0.0915857
-254.43,250.633,0.0491273,0.0924812
-250.633,250.633,0.04931,0.0934353
-246.835,250.633,0.0494926,0.0943893
-243.038,250.633,0.0496753,0.0953433
-239.241,250.633,0.0498579,0.0962974
-235.443,250.633,0.0500406,0.0972514
-231.646,250.633,0.0502581,0.0982802
-227.848,250.633,0.0504808,0.0993201
-224.051,250.633,0.0507018,0.10035
-220.253,250.633,0.0508965,0.101233
-216.456,250.633,0.0510912,0.102116
-212.658,250.633,0.0512858,0.102998
-208.861,250.633,0.0514805,0.103881
-205.063,250.633,0.0516752,0.104764
-201.266,250.633,0.0518699,0.105647
-197.468,250.633,0.0520645,0.106529
-193.671,250.633,0.0522592,0.107412
-189.873,250.633,0.0524539,0.108295
-186.076,250.633,0.0526485,0.109178
-182.278,250.633,0.0528432,0.11006
-178.481,250.633,0.0530787,0.111134
-174.684,250.633,0.053204,0.111958
-170.886,250.633,0.0533446,0.112847
-167.089,250.633,0.0534938,0.113808
-163.291,250.633,0.0536186,0.114608
-159.494,250.633,0.053745,0.115416
-155.696,250.633,0.0538824,0.116281
-151.899,250.633,0.0540199,0.117146
-148.101,250.633,0.0541573,0.11801
-144.304,250.633,0.0542948,0.118875
-140.506,250.633,0.0544322,0.11974
-136.709,250.633,0.0545697,0.120605
-132.911,250.633,0.0547071,0.12147
-129.114,250.633,0.0548446,0.122335
-125.316,250.633,0.054982,0.123199
-121.519,250.633,0.0551133,0.124063
-117.722,250.633,0.0552293,0.124923
-113.924,250.633,0.0553216,0.125802
-110.127,250.633,0.0554093,0.126747
-106.329,250.633,0.0554877,0.127933
-102.532,250.633,0.0555314,0.128992
-98.7342,250.633,0.0555513,0.129987
-94.9367,250.633,0.0555485,0.131
-91.1392,250.633,0.0555458,0.132013
-87.3418,250.633,0.055543,0.133025
-83.5443,250.633,0.0555403,0.134038
-79.7468,250.633,0.0555318,0.135108
-75.9494,250.633,0.0555193,0.136219
-72.1519,250.633,0.0555067,0.137331
-68.3544,250.633,0.0554942,0.138443
-64.557,250.633,0.0554816,0.139554
-60.7595,250.633,0.0554691,0.140666
-56.962,250.633,0.0554565,0.141778
-53.1646,250.633,0.055444,0.142889
-49.3671,250.633,0.0554314,0.144001
-45.5696,250.633,0.0554189,0.145112
-41.7722,250.633,0.0554063,0.146224
-37.9747,250.633,0.0553945,0.147324
-34.1772,250.633,0.055337,0.148224
-30.3797,250.633,0.0551763,0.14906
-26.5823,250.633,0.0550155,0.149895
-22.7848,250.633,0.0548561,0.150709
-18.9873,250.633,0.0547024,0.151486
-15.1899,250.633,0.0545607,0.15222
-11.3924,250.633,0.0544191,0.152955
-7.59494,250.633,0.0542775,0.153689
-3.79747,250.633,0.0541358,0.154424
0,250.633,0.0539942,0.155158
-300,254.43,0.0470991,0.0828138
-296.203,254.43,0.0473162,0.0838166
-292.405,254.43,0.0475329,0.0848433
-288.608,254.43,0.0477497,0.08587
-284.81,254.43,0.0479644,0.0868692
-281.013,254.43,0.0481698,0.0877468
-277.215,254.43,0.0483752,0.0886244
-273.418,254.43,0.0485806,0.0895021
-269.62,254.43,0.048786,0.0903797
-265.823,254.43,0.0489915,0.0912573
-262.025,254.43,0.0491805,0.0920856
-258.228,254.43,0.0493552,0.0929009
-254.43,254.43,0.049539,0.0938439
-250.633,254.43,0.0497218,0.0947971
-246.835,254.43,0.0499044,0.0957511
-243.038,254.43,0.0500871,0.0967051
-239.241,254.43,0.0502815,0.0976844
-235.443,254.43,0.0505042,0.0987243
-231.646,254.43,0.0507269,0.0997641
-227.848,254.43,0.0509348,0.10072
-224.051,254.43,0.0511294,0.101603
-220.253,254.43,0.0513241,0.102486
-216.456,254.43,0.0515188,0.103369
-212.658,254.43,0.0517134,0.104251
-208.861,254.43,0.0519081,0.105134
-205.063,254.43,0.0521028,0.106017
-201.266,254.43,0.0522974,0.1069
-197.468,254.43,0.0524921,0.107782
-193.671,254.43,0.0526868,0.108665
-189.873,254.43,0.0528815,0.109548
-186.076,254.43,0.0530761,0.11043
-182.278,254.43,0.0533077,0.11146
-178.481,254.43,0.0534619,0.112388
-174.684,254.43,0.0536026,0.113281
-170.886,254.43,0.0537352,0.11411
-167.089,254.43,0.05386,0.11491
-163.291,254.43,0.0539848,0.11571
-159.494,254.43,0.0541096,0.11651
-155.696,254.43,0.054241,0.117344
-151.899,254.43,0.0543785,0.118209
-148.101,254.43,0.0545159,0.119073
-144.304,254.43,0.0546533,0.119938
-140.506,254.43,0.0547908,0.120803
-136.709,254.43,0.0549282,0.121668
-132.911,254.43,0.0550657,0.122533
-129.114,254.43,0.0552031,0.123398
-125.316,254.43,0.0553358,0.124261
-121.519,254.43,0.0554518,0.125122
-117.722,254.43,0.0555519,0.125994
-113.924,254.43,0.0556424,0.126874
-110.127,254.43,0.0557254,0.127923
-106.329,254.43,0.0557973,0.129035
-102.532,254.43,0.0558381,0.130033
-98.7342,254.43,0.0558548,0.131032
-94.9367,254.43,0.0558521,0.132044
-91.1392,254.43,0.0558493,0.133057
-87.3418,254.43,0.0558465,0.134069
-83.5443,254.43,0.0558438,0.135082
-79.7468,254.43,0.055841,0.136095
-75.9494,254.43,0.0558383,0.137107
-72.1519,254.43,0.0558257,0.138219
-68.3544,254.43,0.0558132,0.139331
-64.557,254.43,0.0558006,0.140442
-60.7595,254.43,0.0557881,0.141554
-56.962,254.43,0.0557755,0.142665
-53.1646,254.43,0.055763,0.143777
-49.3671,254.43,0.0557504,0.144889
-45.5696,254.43,0.0557378,0.146
-41.7722,254.43,0.0557253,0.147112
-37.9747,254.43,0.0557146,0.148194
-34.1772,254.43,0.0556442,0.149087
-30.3797,254.43,0.0554834,0.149922
-26.5823,254.43,0.0553227,0.150758
-22.7848,254.43,0.0551638,0.151569
-18.9873,254.43,0.0550222,0.152304
-15.1899,254.43,0.0548805,0.153038
-11.3924,254.43,0.0547389,0.153773
-7.59494,254.43,0.0545972,0.154507
-3.79747,254.43,0.0544556,0.155242
0,254.43,0.054314,0.155976
-300,258.228,0.0475629,0.0843487
-296.203,258.228,0.0477796,0.0853754
-292.405,258.228,0.0479964,0.0864021
-288.608,258.228,0.048212,0.0874133
-284.81,258.228,0.0484174,0.0882909
-281.013,258.228,0.0486228,0.0891686
-277.215,258.228,0.0488282,0.0900462
-273.418,258.228,0.0490336,0.0909238
-269.62,258.228,0.0492391,0.0918014
-265.823,258.228,0.0494134,0.0925854
-262.025,258.228,0.0495854,0.0933623
-258.228,258.228,0.0497665,0.0942676
-254.43,258.228,0.0499503,0.0952106
-250.633,258.228,0.0501336,0.0961589
-246.835,258.228,0.0503163,0.0971129
-243.038,258.228,0.0505276,0.0981285
-239.241,258.228,0.0507503,0.0991683
-235.443,258.228,0.050973,0.100208
-231.646,258.228,0.0511677,0.101091
-227.848,258.228,0.0513623,0.101973
-224.051,258.228,0.051557,0.102856
-220.253,258.228,0.0517517,0.103739
-216.456,258.228,0.0519464,0.104622
-212.658,258.228,0.052141,0.105504
-208.861,258.228,0.0523357,0.106387
-205.063,258.228,0.0525304,0.10727
-201.266,258.228,0.052725,0.108152
-197.468,258.228,0.0529197,0.109035
-193.671,258.228,0.0531144,0.109918
-189.873,258.228,0.0533091,0.110801
-186.076,258.228,0.0535037,0.111683
-182.278,258.228,0.0537199,0.112818
-178.481,258.228,0.0538607,0.113714
-174.684,258.228,0.0539807,0.114451
-170.886,258.228,0.0541015,0.115213
-167.089,258.228,0.0542263,0.116013
-163.291,258.228,0.0543511,0.116813
-159.494,258.228,0.0544759,0.117613
-155.696,258.228,0.0546007,0.118413
-151.899,258.228,0.054737,0.119272
-148.101,258.228,0.0548745,0.120137
-144.304,258.228,0.0550119,0.121001
-140.506,258.228,0.0551494,0.121866
-136.709,258.228,0.0552868,0.122731
-132.911,258.228,0.0554242,0.123596
-129.114,258.228,0.0555583,0.12446
-125.316,258.228,0.0556743,0.12532
-121.519,258.228,0.0557821,0.126187
-117.722,258.228,0.0558726,0.127067
-113.924,258.228,0.0559631,0.127947
-110.127,258.228,0.0560416,0.129099
-106.329,258.228,0.0560987,0.130092
-102.532,258.228,0.0561447,0.131075
-98.7342,258.228,0.0561583,0.132076
-94.9367,258.228,0.0561556,0.133088
-91.1392,258.228,0.0561528,0.134101
-87.3418,258.228,0.0561501,0.135114
-83.5443,258.228,0.0561473,0.136126
-79.7468,258.228,0.0561445,0.137139
-75.9494,258.228,0.0561418,0.138152
-72.1519,258.228,0.056139,0.139164
-68.3544,258.228,0.0561322,0.140219
-64.557,258.228,0.0561196,0.14133
-60.7595,258.228,0.056107,0.142442
-56.962,258.228,0.0560945,0.143553
-53.1646,258.228,0.0560819,0.144665
-49.3671,258.228,0.0560694,0.145777
-45.5696,258.228,0.0560568,0.146888
-41.7722,258.228,0.0560443,0.148
-37.9747,258.228,0.0560346,0.149065
-34.1772,258.228,0.0559514,0.149949
-30.3797,258.228,0.0557906,0.150784
-26.5823,258.228,0.0556299,0.15162
-22.7848,258.228,0.0554836,0.152387
-18.9873,258.228,0.055342,0.153122
-15.1899,258.228,0.0552003,0.153856
-11.3924,258.228,0.0550587,0.154591
-7.59494,258.228,0.054917,0.155325
-3.79747,258.228,0.0547754,0.15606
0,258.228,0.0546337,0.156794
-300,262.025,0.0480263,0.0859074
-296.203,262.025,0.048243,0.0869341
-292.405,262.025,0.0484595,0.0879574
-288.608,262.025,0.048665,0.0888351
-284.81,262.025,0.0488704,0.0897127
-281.013,262.025,0.0490758,0.0905903
-277.215,262.025,0.0492812,0.0914679
-273.418,262.025,0.0494743,0.0923084
-269.62,262.025,0.0496463,0.0930853
-265.823,262.025,0.0498183,0.0938621
-262.025,262.025,0.049994,0.0946913
-258.228,262.025,0.0501778,0.0956343
-254.43,262.025,0.0503616,0.0965773
-250.633,262.025,0.050551,0.0975327
-246.835,262.025,0.0507737,0.0985726
-243.038,262.025,0.0509964,0.0996124
-239.241,262.025,0.0512059,0.100578
-235.443,262.025,0.0514006,0.101461
-231.646,262.025,0.0515953,0.102344
-227.848,262.025,0.0517899,0.103226
-224.051,262.025,0.0519846,0.104109
-220.253,262.025,0.0521793,0.104992
-216.456,262.025,0.0523739,0.105874
-212.658,262.025,0.0525686,0.106757
-208.861,262.025,0.0527633,0.10764
-205.063,262.025,0.052958,0.108523
-201.266,262.025,0.0531526,0.109405
-197.468,262.025,0.0533473,0.110288
-193.671,262.025,0.053542,0.111171
-189.873,262.025,0.0537366,0.112054
-186.076,262.025,0.0539778,0.113248
-182.278,262.025,0.0541143,0.114118
-178.481,262.025,0.0542289,0.114819
-174.684,262.025,0.0543436,0.115521
-170.886,262.025,0.0544678,0.116315
-167.089,262.025,0.0545926,0.117115
-163.291,262.025,0.0547174,0.117915
-159.494,262.025,0.0548422,0.118715
-155.696,262.025,0.054967,0.119515
-151.899,262.025,0.0550956,0.120335
-148.101,262.025,0.055233,0.1212
-144.304,262.025,0.0553705,0.122064
-140.506,262.025,0.0555079,0.122929
-136.709,262.025,0.0556454,0.123794
-132.911,262.025,0.0557808,0.124658
-129.114,262.025,0.0558968,0.125519
-125.316,262.025,0.0560123,0.12638
-121.519,262.025,0.0561028,0.127259
-117.722,262.025,0.0561934,0.128139
-113.924,262.025,0.0562793,0.129123
-110.127,262.025,0.0563475,0.130199
-106.329,262.025,0.0564,0.131158
-102.532,262.025,0.0564513,0.132117
-98.7342,262.025,0.0564618,0.13312
-94.9367,262.025,0.0564591,0.134133
-91.1392,262.025,0.0564563,0.135145
-87.3418,262.025,0.0564536,0.136158
-83.5443,262.025,0.0564508,0.137171
-79.7468,262.025,0.0564481,0.138183
-75.9494,262.025,0.0564453,0.139196
-72.1519,262.025,0.0564425,0.140209
-68.3544,262.025,0.0564398,0.141221
-64.557,262.025,0.056437,0.142234
-60.7595,262.025,0.056426,0.14333
-56.962,262.025,0.0564135,0.144441
-53.1646,262.025,0.0564009,0.145553
-49.3671,262.025,0.0563884,0.146665
-45.5696,262.025,0.0563758,0.147776
-41.7722,262.025,0.0563633,0.148888
-37.9747,262.025,0.0563547,0.149935
-34.1772,262.025,0.0562585,0.150811
-30.3797,262.025,0.0560978,0.151647
-26.5823,262.025,0.0559451,0.152471
-22.7848,262.025,0.0558034,0.153205
-18.9873,262.025,0.0556618,0.15394
-15.1899,262.025,0.0555201,0.154674
-11.3924,262.025,0.0553785,0.155409
-7.59494,262.025,0.0552368,0.156143
-3.79747,262.025,0.0550952,0.156878
0,262.025,0.0549535,0.157612
-300,265.823,0.0484897,0.0874662
-296.203,265.823,0.0487065,0.0884928
-292.405,265.823,0.0489126,0.0893792
-288.608,265.823,0.049118,0.0902568
-284.81,265.823,0.0493234,0.0911344
-281.013,265.823,0.0495288,0.092012
-277.215,265.823,0.0497072,0.0928083
-273.418,265.823,0.0498792,0.0935851
-269.62,265.823,0.0500511,0.094362
-265.823,265.823,0.0502231,0.0951388
-262.025,265.823,0.0504052,0.096058
-258.228,265.823,0.0505891,0.097001
-254.43,265.823,0.0507955,0.0979923
-250.633,265.823,0.0510193,0.0990212
-246.835,265.823,0.0512425,0.100056
-243.038,265.823,0.0514388,0.100948
-239.241,265.823,0.0516335,0.101831
-235.443,265.823,0.0518282,0.102714
-231.646,265.823,0.0520228,0.103596
-227.848,265.823,0.0522175,0.104479
-224.051,265.823,0.0524122,0.105362
-220.253,265.823,0.0526069,0.106245
-216.456,265.823,0.0528015,0.107127
-212.658,265.823,0.0529962,0.10801
-208.861,265.823,0.0531909,0.108893
-205.063,265.823,0.0533855,0.109776
-201.266,265.823,0.0535802,0.110658
-197.468,265.823,0.0537749,0.111541
-193.671,265.823,0.0539696,0.112424
-189.873,265.823,0.0542006,0.113559
-186.076,265.823,0.0543625,0.114486
-182.278,265.823,0.0544772,0.115188
-178.481,265.823,0.0545918,0.115889
-174.684,265.823,0.0547093,0.116618
-170.886,265.823,0.0548341,0.117418
-167.089,265.823,0.0549589,0.118218
-163.291,265.823,0.0550837,0.119018
-159.494,265.823,0.0552085,0.119818
-155.696,265.823,0.0553333,0.120618
-151.899,265.823,0.0554581,0.121418
-148.101,265.823,0.0555916,0.122263
-144.304,265.823,0.0557291,0.123127
-140.506,265.823,0.0558665,0.123992
-136.709,265.823,0.0560033,0.124857
-132.911,265.823,0.0561193,0.125717
-129.114,265.823,0.0562352,0.126578
-125.316,265.823,0.0563331,0.127452
-121.519,265.823,0.0564236,0.128332
-117.722,265.823,0.0565142,0.129211
-113.924,265.823,0.0565955,0.130299
-110.127,265.823,0.0566488,0.131265
-106.329,265.823,0.0567013,0.132224
-102.532,265.823,0.0567538,0.133183
-98.7342,265.823,0.0567653,0.134164
-94.9367,265.823,0.0567626,0.135177
-91.1392,265.823,0.0567598,0.13619
-87.3418,265.823,0.0567571,0.137202
-83.5443,265.823,0.0567543,0.138215
-79.7468,265.823,0.0567516,0.139228
-75.9494,265.823,0.0567488,0.14024
-72.1519,265.823,0.0567461,0.141253
-68.3544,265.823,0.0567433,0.142266
-64.557,265.823,0.0567405,0.143278
-60.7595,265.823,0.0567378,0.144291
-56.962,265.823,0.0567325,0.145329
-53.1646,265.823,0.0567199,0.146441
-49.3671,265.823,0.0567074,0.147553
-45.5696,265.823,0.0566948,0.148664
-41.7722,265.823,0.0566822,0.149776
-37.9747,265.823,0.0566748,0.150806
-34.1772,265.823,0.0565657,0.151674
-30.3797,265.823,0.0564098,0.152502
-26.5823,265.823,0.0562648,0.153289
-22.7848,265.823,0.0561232,0.154024
-18.9873,265.823,0.0559816,0.154758
-15.1899,265.823,0.0558399,0.155493
-11.3924,265.823,0.0556983,0.156227
-7.59494,265.823,0.0555566,0.156962
-3.79747,265.823,0.055415,0.157696
0,265.823,0.0552733,0.158431
-300,269.62,0.0489532,0.0890249
-296.203,269.62,0.0491602,0.0899233
-292.405,269.62,0.0493656,0.0908009
-288.608,269.62,0.049571,0.0916785
-284.81,269.62,0.0497682,0.0925313
-281.013,269.62,0.0499401,0.0933081
-277.215,269.62,0.0501121,0.094085
-273.418,269.62,0.050284,0.0948618
-269.62,269.62,0.050456,0.0956387
-265.823,269.62,0.0506327,0.0964817
-262.025,269.62,0.0508165,0.0974247
-258.228,269.62,0.0510399,0.0984523
-254.43,269.62,0.0512637,0.0994812
-250.633,269.62,0.051475,0.100439
-246.835,269.62,0.0516718,0.101319
-243.038,269.62,0.0518664,0.102201
-239.241,269.62,0.0520611,0.103084
-235.443,269.62,0.0522558,0.103967
-231.646,269.62,0.0524504,0.104849
-227.848,269.62,0.0526451,0.105732
-224.051,269.62,0.0528398,0.106615
-220.253,269.62,0.0530345,0.107498
-216.456,269.62,0.0532291,0.10838
-212.658,269.62,0.0534238,0.109263
-208.861,269.62,0.0536185,0.110146
-205.063,269.62,0.0538131,0.111028
-201.266,269.62,0.0540078,0.111911
-197.468,269.62,0.0542025,0.112794
-193.671,269.62,0.0544156,0.113868
-189.873,269.62,0.0546108,0.114854
-186.076,269.62,0.0547254,0.115556
-182.278,269.62,0.0548401,0.116257
-178.481,269.62,0.0549548,0.116959
-174.684,269.62,0.0550755,0.117721
-170.886,269.62,0.0552004,0.118521
-167.089,269.62,0.0553252,0.119321
-163.291,269.62,0.05545,0.120121
-159.494,269.62,0.0555748,0.12092
-155.696,269.62,0.0556996,0.12172
-151.899,269.62,0.0558244,0.12252
-148.101,269.62,0.0559502,0.123326
-144.304,269.62,0.0560876,0.12419
-140.506,269.62,0.0562251,0.125055
-136.709,269.62,0.0563417,0.125916
-132.911,269.62,0.0564577,0.126776
-129.114,269.62,0.0565633,0.127645
-125.316,269.62,0.0566538,0.128524
-121.519,269.62,0.0567444,0.129404
-117.722,269.62,0.0568332,0.130323
-113.924,269.62,0.0568976,0.131371
-110.127,269.62,0.0569501,0.132331
-106.329,269.62,0.0570027,0.13329
-102.532,269.62,0.0570552,0.134249
-98.7342,269.62,0.0570678,0.135217
-94.9367,269.62,0.0570661,0.136221
-91.1392,269.62,0.0570633,0.137234
-87.3418,269.62,0.0570606,0.138247
-83.5443,269.62,0.0570578,0.139259
-79.7468,269.62,0.0570551,0.140272
-75.9494,269.62,0.0570523,0.141284
-72.1519,269.62,0.0570496,0.142297
-68.3544,269.62,0.0570468,0.14331
-64.557,269.62,0.0570441,0.144322
-60.7595,269.62,0.0570413,0.145335
-56.962,269.62,0.0570385,0.146348
-53.1646,269.62,0.0570358,0.14736
-49.3671,269.62,0.0570263,0.148441
-45.5696,269.62,0.0570138,0.149552
-41.7722,269.62,0.0570012,0.150664
-37.9747,269.62,0.0569949,0.151676
-34.1772,269.62,0.0568745,0.152534
-30.3797,269.62,0.0567278,0.153349
-26.5823,269.62,0.0565846,0.154107
-22.7848,269.62,0.056443,0.154842
-18.9873,269.62,0.0563013,0.155576
-15.1899,269.62,0.0561597,0.156311
-11.3924,269.62,0.056018,0.157045
-7.59494,269.62,0.0558764,0.15778
-3.79747,269.62,0.0557348,0.158514
0,269.62,0.0555931,0.159249
-300,273.418,0.0494077,0.0904674
-296.203,273.418,0.0496132,0.091345
-292.405,273.418,0.0498186,0.0922226
-288.608,273.418,0.0500011,0.0930311
-284.81,273.418,0.050173,0.093808
-281.013,273.418,0.050345,0.0945848
-277.215,273.418,0.0505169,0.0953617
-273.418,273.418,0.0506889,0.0961385
-269.62,273.418,0.0508609,0.0969154
-265.823,273.418,0.0510604,0.0978835
-262.025,273.418,0.0512842,0.0989124
-258.228,273.418,0.0515074,0.099937
-254.43,273.418,0.0517045,0.100816
-250.633,273.418,0.0519015,0.101694
-246.835,273.418,0.0520986,0.102573
-243.038,273.418,0.052294,0.103454
-239.241,273.418,0.0524887,0.104337
-235.443,273.418,0.0526834,0.10522
-231.646,273.418,0.052878,0.106102
-227.848,273.418,0.0530727,0.106985
-224.051,273.418,0.0532674,0.107868
-220.253,273.418,0.053462,0.10875
-216.456,273.418,0.0536567,0.109633
-212.658,273.418,0.0538514,0.110516
-208.861,273.418,0.0540461,0.111399
-205.063,273.418,0.0542407,0.112281
-201.266,273.418,0.0544354,0.113164
-197.468,273.418,0.0546322,0.114172
-193.671,273.418,0.0548291,0.115125
-189.873,273.418,0.0549737,0.115924
-186.076,273.418,0.0550883,0.116626
-182.278,273.418,0.055203,0.117327
-178.481,273.418,0.0553177,0.118029
-174.684,273.418,0.0554418,0.118823
-170.886,273.418,0.0555666,0.119623
-167.089,273.418,0.0556914,0.120423
-163.291,273.418,0.0558162,0.121223
-159.494,273.418,0.055941,0.122023
-155.696,273.418,0.0560658,0.122823
-151.899,273.418,0.0561906,0.123623
-148.101,273.418,0.0563154,0.124423
-144.304,273.418,0.0564462,0.125253
-140.506,273.418,0.0565642,0.126114
-136.709,273.418,0.0566802,0.126975
-132.911,273.418,0.0567935,0.127837
-129.114,273.418,0.0568841,0.128717
-125.316,273.418,0.0569746,0.129597
-121.519,273.418,0.0570652,0.130476
-117.722,273.418,0.0571464,0.131478
-113.924,273.418,0.057199,0.132437
-110.127,273.418,0.0572515,0.133396
-106.329,273.418,0.057304,0.134356
-102.532,273.418,0.0573565,0.135315
-98.7342,273.418,0.0573679,0.136286
-94.9367,273.418,0.0573696,0.137265
-91.1392,273.418,0.0573669,0.138278
-87.3418,273.418,0.0573641,0.139291
-83.5443,273.418,0.0573613,0.140303
-79.7468,273.418,0.0573586,0.141316
-75.9494,273.418,0.0573558,0.142329
-72.1519,273.418,0.0573531,0.143341
-68.3544,273.418,0.0573503,0.144354
-64.557,273.418,0.0573476,0.145367
-60.7595,273.418,0.0573448,0.146379
-56.962,273.418,0.057342,0.147392
-53.1646,273.418,0.0573393,0.148405
-49.3671,273.418,0.0573365,0.149417
-45.5696,273.418,0.0573328,0.15044
-41.7722,273.418,0.0573202,0.151552
-37.9747,273.418,0.057315,0.152547
-34.1772,273.418,0.0571925,0.15338
-30.3797,273.418,0.0570461,0.154191
-26.5823,273.418,0.0569044,0.154925
-22.7848,273.418,0.0567628,0.15566
-18.9873,273.418,0.0566211,0.156394
-15.1899,273.418,0.0564795,0.157129
-11.3924,273.418,0.0563378,0.157863
-7.59494,273.418,0.0561962,0.158598
-3.79747,273.418,0.0560545,0.159332
0,273.418,0.0559129,0.160067
-300,277.215,0.0498608,0.0918891
-296.203,277.215,0.050062,0.0927541
-292.405,277.215,0.0502339,0.0935309
-288.608,277.215,0.0504059,0.0943078
-284.81,277.215,0.0505779,0.0950846
-281.013,277.215,0.0507498,0.0958615
-277.215,277.215,0.0509218,0.0966384
-273.418,277.215,0.0510937,0.0974152
-269.62,277.215,0.0513048,0.0983435
-265.823,277.215,0.0515286,0.0993724
-262.025,277.215,0.0517368,0.100313
-258.228,277.215,0.0519339,0.101192
-254.43,277.215,0.052131,0.10207
-250.633,277.215,0.0523281,0.102949
-246.835,277.215,0.0525251,0.103827
-243.038,277.215,0.0527216,0.104707
-239.241,277.215,0.0529163,0.10559
-235.443,277.215,0.0531109,0.106473
-231.646,277.215,0.0533056,0.107355
-227.848,277.215,0.0535003,0.108238
-224.051,277.215,0.053695,0.109121
-220.253,277.215,0.0538896,0.110003
-216.456,277.215,0.0540843,0.110886
-212.658,277.215,0.054279,0.111769
-208.861,277.215,0.0544736,0.112652
-205.063,277.215,0.0546683,0.113534
-201.266,277.215,0.0548464,0.114463
-197.468,277.215,0.0550105,0.115271
-193.671,277.215,0.0552219,0.116292
-189.873,277.215,0.0553366,0.116994
-186.076,277.215,0.0554513,0.117696
-182.278,277.215,0.0555659,0.118397
-178.481,277.215,0.0556833,0.119126
-174.684,277.215,0.0558081,0.119926
-170.886,277.215,0.0559329,0.120726
-167.089,277.215,0.0560577,0.121526
-163.291,277.215,0.0561825,0.122326
-159.494,277.215,0.0563073,0.123126
-155.696,277.215,0.0564321,0.123926
-151.899,277.215,0.0565569,0.124726
-148.101,277.215,0.0566817,0.125525
-144.304,277.215,0.0567908,0.126322
-140.506,277.215,0.0569027,0.127173
-136.709,277.215,0.0570187,0.128034
-132.911,277.215,0.0571143,0.12891
-129.114,277.215,0.0572048,0.129789
-125.316,277.215,0.0572954,0.130669
-121.519,277.215,0.0573859,0.131548
-117.722,277.215,0.0574478,0.132544
-113.924,277.215,0.0575003,0.133503
-110.127,277.215,0.0575528,0.134462
-106.329,277.215,0.0576053,0.135422
-102.532,277.215,0.0576541,0.136384
-98.7342,277.215,0.057668,0.137356
-94.9367,277.215,0.0576709,0.138326
-91.1392,277.215,0.0576704,0.139322
-87.3418,277.215,0.0576676,0.140335
-83.5443,277.215,0.0576649,0.141348
-79.7468,277.215,0.0576621,0.14236
-75.9494,277.215,0.0576593,0.143373
-72.1519,277.215,0.0576566,0.144386
-68.3544,277.215,0.0576538,0.145398
-64.557,277.215,0.0576511,0.146411
-60.7595,277.215,0.0576483,0.147424
-56.962,277.215,0.0576456,0.148436
-53.1646,277.215,0.0576428,0.149449
-49.3671,277.215,0.05764,0.150462
-45.5696,277.215,0.0576373,0.151474
-41.7722,277.215,0.0576345,0.152487
-37.9747,277.215,0.0576443,0.153404
-34.1772,277.215,0.0575105,0.154227
-30.3797,277.215,0.0573659,0.155009
-26.5823,277.215,0.0572242,0.155743
-22.7848,277.215,0.0570826,0.156478
-18.9873,277.215,0.0569409,0.157212
-15.1899,277.215,0.0567993,0.157947
-11.3924,277.215,0.0566576,0.158681
-7.59494,277.215,0.056516,0.159416
-3.79747,277.215,0.0563743,0.16015
0,277.215,0.0562327,0.160885
-300,281.013,0.0502949,0.0932539
-296.203,281.013,0.0504668,0.0940308
-292.405,281.013,0.0506388,0.0948076
-288.608,281.013,0.0508108,0.0955845
-284.81,281.013,0.0509827,0.0963613
-281.013,281.013,0.0511547,0.0971382
-277.215,281.013,0.0513369,0.0979369
-273.418,281.013,0.0515491,0.0988036
-269.62,281.013,0.0517692,0.0998109
-265.823,281.013,0.0519663,0.100689
-262.025,281.013,0.0521633,0.101568
-258.228,281.013,0.0523604,0.102447
-254.43,281.013,0.0525575,0.103325
-250.633,281.013,0.0527546,0.104204
-246.835,281.013,0.0529516,0.105082
-243.038,281.013,0.0531487,0.105961
-239.241,281.013,0.0533439,0.106843
-235.443,281.013,0.0535385,0.107725
-231.646,281.013,0.0537332,0.108608
-227.848,281.013,0.0539279,0.109491
-224.051,281.013,0.0541226,0.110374
-220.253,281.013,0.0543172,0.111256
-216.456,281.013,0.0545119,0.112139
-212.658,281.013,0.0547066,0.113022
-208.861,281.013,0.0548957,0.113883
-205.063,281.013,0.0550605,0.114755
-201.266,281.013,0.0552248,0.115566
-197.468,281.013,0.0554272,0.116521
-193.671,281.013,0.0555848,0.117362
-189.873,281.013,0.0556995,0.118064
-186.076,281.013,0.0558142,0.118765
-182.278,281.013,0.0559288,0.119467
-178.481,281.013,0.0560496,0.120228
-174.684,281.013,0.0561744,0.121028
-170.886,281.013,0.0562992,0.121828
-167.089,281.013,0.056424,0.122628
-163.291,281.013,0.0565488,0.123428
-159.494,281.013,0.0566736,0.124228
-155.696,281.013,0.0567984,0.125028
-151.899,281.013,0.0569232,0.125828
-148.101,281.013,0.057048,0.126628
-144.304,281.013,0.0571471,0.127423
-140.506,281.013,0.0572411,0.128232
-136.709,281.013,0.0573445,0.129102
-132.911,281.013,0.0574351,0.129982
-129.114,281.013,0.0575256,0.130862
-125.316,281.013,0.0576162,0.131741
-121.519,281.013,0.0576966,0.13265
-117.722,281.013,0.0577491,0.13361
-113.924,281.013,0.0578016,0.134569
-110.127,281.013,0.0578542,0.135528
-106.329,281.013,0.0579067,0.136487
-102.532,281.013,0.0579512,0.137453
-98.7342,281.013,0.0579681,0.138426
-94.9367,281.013,0.057971,0.139396
-91.1392,281.013,0.0579739,0.140367
-87.3418,281.013,0.0579711,0.141379
-83.5443,281.013,0.0579684,0.142392
-79.7468,281.013,0.0579656,0.143405
-75.9494,281.013,0.0579629,0.144417
-72.1519,281.013,0.0579601,0.14543
-68.3544,281.013,0.0579573,0.146443
-64.557,281.013,0.0579546,0.147455
-60.7595,281.013,0.0579518,0.148468
-56.962,281.013,0.0579491,0.149481
-53.1646,281.013,0.0579463,0.150493
-49.3671,281.013,0.0579436,0.151506
-45.5696,281.013,0.0579408,0.152518
-41.7722,281.013,0.057945,0.153507
-37.9747,281.013,0.0579654,0.154353
-34.1772,281.013,0.057828,0.155079
-30.3797,281.013,0.0576856,0.155827
-26.5823,281.013,0.057544,0.156562
-22.7848,281.013,0.0574024,0.157296
-18.9873,281.013,0.0572607,0.158031
-15.1899,281.013,0.0571191,0.158765
-11.3924,281.013,0.0569774,0.1595
-7.59494,281.013,0.0568358,0.160234
-3.79747,281.013,0.0566941,0.160969
0,281.013,0.0565525,0.161703
-300,284.81,0.0506997,0.0945306
-296.203,284.81,0.0508717,0.0953075
-292.405,284.81,0.0510437,0.0960843
-288.608,284.81,0.0512156,0.0968612
-284.81,284.81,0.0513876,0.097638
-281.013,284.81,0.0515867,0.0984731
-277.215,284.81,0.0517987,0.0993357
-273.418,284.81,0.0519986,0.100187
-269.62,284.81,0.0521957,0.101066
-265.823,284.81,0.0523928,0.101944
-262.025,284.81,0.0525899,0.102823
-258.228,284.81,0.0527869,0.103701
-254.43,284.81,0.052984,0.10458
-250.633,284.81,0.0531811,0.105458
-246.835,284.81,0.0533782,0.106337
-243.038,284.81,0.0535752,0.107216
-239.241,284.81,0.0537715,0.108096
-235.443,284.81,0.0539661,0.108978
-231.646,284.81,0.0541608,0.109861
-227.848,284.81,0.0543555,0.110744
-224.051,284.81,0.0545501,0.111627
-220.253,284.81,0.0547448,0.112509
-216.456,284.81,0.0549395,0.113392
-212.658,284.81,0.0551108,0.114185
-208.861,284.81,0.0552746,0.115046
-205.063,284.81,0.0554392,0.115861
-201.266,284.81,0.0556244,0.116724
-197.468,284.81,0.0558283,0.117714
-193.671,284.81,0.0559477,0.118432
-189.873,284.81,0.0560624,0.119134
-186.076,284.81,0.0561771,0.119835
-182.278,284.81,0.0562917,0.120537
-178.481,284.81,0.0564159,0.121331
-174.684,284.81,0.0565407,0.122131
-170.886,284.81,0.0566655,0.122931
-167.089,284.81,0.0567903,0.123731
-163.291,284.81,0.0569151,0.124531
-159.494,284.81,0.0570399,0.125331
-155.696,284.81,0.0571647,0.126131
-151.899,284.81,0.0572895,0.126931
-148.101,284.81,0.0574143,0.127731
-144.304,284.81,0.0575033,0.128524
-140.506,284.81,0.0575882,0.129317
-136.709,284.81,0.0576653,0.130175
-132.911,284.81,0.0577558,0.131054
-129.114,284.81,0.0578464,0.131934
-125.316,284.81,0.0579369,0.132813
-121.519,284.81,0.0579979,0.133716
-117.722,284.81,0.0580504,0.134675
-113.924,284.81,0.058103,0.135635
-110.127,284.81,0.0581555,0.136594
-106.329,284.81,0.058208,0.137553
-102.532,284.81,0.0582483,0.138522
-98.7342,284.81,0.0582682,0.139495
-94.9367,284.81,0.0582711,0.140465
-91.1392,284.81,0.0582741,0.141436
-87.3418,284.81,0.0582746,0.142424
-83.5443,284.81,0.0582719,0.143436
-79.7468,284.81,0.0582691,0.144449
-75.9494,284.81,0.0582664,0.145462
-72.1519,284.81,0.0582636,0.146474
-68.3544,284.81,0.0582609,0.147487
-64.557,284.81,0.0582581,0.148499
-60.7595,284.81,0.0582553,0.149512
-56.962,284.81,0.0582526,0.150525
-53.1646,284.81,0.0582498,0.151537
-49.3671,284.81,0.0582471,0.15255
-45.5696,284.81,0.0582475,0.153552
-41.7722,284.81,0.0582611,0.154507
-37.9747,284.81,0.0582688,0.155342
-34.1772,284.81,0.0581314,0.156067
-30.3797,284.81,0.0579992,0.156708
-26.5823,284.81,0.0578638,0.15738
-22.7848,284.81,0.0577221,0.158114
-18.9873,284.81,0.0575805,0.158849
-15.1899,284.81,0.0574389,0.159583
-11.3924,284.81,0.0572972,0.160318
-7.59494,284.81,0.0571556,0.161052
-3.79747,284.81,0.0570139,0.161787
0,284.81,0.0568723,0.162521
-300,288.608,0.0511046,0.0958073
-296.203,288.608,0.0512765,0.0965842
-292.405,288.608,0.0514485,0.097361
-288.608,288.608,0.0516245,0.0981465
-284.81,288.608,0.0518365,0.0990092
-281.013,288.608,0.0520427,0.0998393
-277.215,288.608,0.0522281,0.100563
-273.418,288.608,0.0524252,0.101442
-269.62,288.608,0.0526222,0.10232
-265.823,288.608,0.0528193,0.103199
-262.025,288.608,0.0530164,0.104078
-258.228,288.608,0.0532135,0.104956
-254.43,288.608,0.0534105,0.105835
-250.633,288.608,0.0536076,0.106713
-246.835,288.608,0.0538047,0.107592
-243.038,288.608,0.0540018,0.10847
-239.241,288.608,0.0541988,0.109349
-235.443,288.608,0.0543937,0.110231
-231.646,288.608,0.0545884,0.111114
-227.848,288.608,0.0547831,0.111997
-224.051,288.608,0.0549777,0.112879
-220.253,288.608,0.0551724,0.113762
-216.456,288.608,0.0553259,0.114487
-212.658,288.608,0.0554887,0.115337
-208.861,288.608,0.0556535,0.116156
-205.063,288.608,0.0558148,0.116916
-201.266,288.608,0.0560254,0.117917
-197.468,288.608,0.056196,0.1188
-193.671,288.608,0.0563107,0.119502
-189.873,288.608,0.0564253,0.120203
-186.076,288.608,0.05654,0.120905
-182.278,288.608,0.0566573,0.121633
-178.481,288.608,0.0567821,0.122433
-174.684,288.608,0.0569069,0.123233
-170.886,288.608,0.0570317,0.124033
-167.089,288.608,0.0571565,0.124833
-163.291,288.608,0.0572813,0.125633
-159.494,288.608,0.0574061,0.126433
-155.696,288.608,0.057531,0.127233
-151.899,288.608,0.0576558,0.128033
-148.101,288.608,0.0577728,0.128832
-144.304,288.608,0.0578596,0.129624
-140.506,288.608,0.0579319,0.130427
-136.709,288.608,0.0579861,0.131247
-132.911,288.608,0.0580766,0.132127
-129.114,288.608,0.0581671,0.133006
-125.316,288.608,0.0582467,0.133823
-121.519,288.608,0.0582993,0.134782
-117.722,288.608,0.0583518,0.135741
-113.924,288.608,0.0584043,0.136701
-110.127,288.608,0.0584568,0.13766
-106.329,288.608,0.0585093,0.138619
-102.532,288.608,0.0585454,0.139591
-98.7342,288.608,0.0585683,0.140565
-94.9367,288.608,0.0585712,0.141535
-91.1392,288.608,0.0585742,0.142505
-87.3418,288.608,0.0585771,0.143475
-83.5443,288.608,0.0585754,0.14448
-79.7468,288.608,0.0585726,0.145493
-75.9494,288.608,0.0585699,0.146506
-72.1519,288.608,0.0585671,0.147518
-68.3544,288.608,0.0585644,0.148531
-64.557,288.608,0.0585616,0.149544
-60.7595,288.608,0.0585589,0.150556
-56.962,288.608,0.0585561,0.151569
-53.1646,288.608,0.0585533,0.152582
-49.3671,288.608,0.0585506,0.153594
-45.5696,288.608,0.0585636,0.154552
-41.7722,288.608,0.0585772,0.155508
-37.9747,288.608,0.0585723,0.15633
-34.1772,288.608,0.0584354,0.157047
-30.3797,288.608,0.0583035,0.157682
-26.5823,288.608,0.0581717,0.158318
-22.7848,288.608,0.0580398,0.158954
-18.9873,288.608,0.0579003,0.159667
-15.1899,288.608,0.0577586,0.160401
-11.3924,288.608,0.057617,0.161136
-7.59494,288.608,0.0574753,0.16187
-3.79747,288.608,0.0573337,0.162605
0,288.608,0.0571921,0.163339
-300,292.405,0.0515094,0.097084
-296.203,292.405,0.0516814,0.0978609
-292.405,292.405,0.0518743,0.0986827
-288.608,292.405,0.0520864,0.0995453
-284.81,292.405,0.0522782,0.100295
-281.013,292.405,0.0524621,0.101
-277.215,292.405,0.0526546,0.101818
-273.418,292.405,0.0528517,0.102697
-269.62,292.405,0.0530487,0.103575
-265.823,292.405,0.0532458,0.104454
-262.025,292.405,0.0534429,0.105332
-258.228,292.405,0.05364,0.106211
-254.43,292.405,0.0538371,0.107089
-250.633,292.405,0.0540341,0.107968
-246.835,292.405,0.0542312,0.108847
-243.038,292.405,0.0544283,0.109725
-239.241,292.405,0.0546254,0.110604
-235.443,292.405,0.0548213,0.111484
-231.646,292.405,0.055016,0.112367
-227.848,292.405,0.0552106,0.11325
-224.051,292.405,0.0553921,0.114082
-220.253,292.405,0.0555411,0.114789
-216.456,292.405,0.0557029,0.115629
-212.658,292.405,0.0558678,0.116451
-208.861,292.405,0.0560292,0.117211
-205.063,292.405,0.0562226,0.11812
-201.266,292.405,0.0564265,0.11911
-197.468,292.405,0.0565589,0.11987
-193.671,292.405,0.0566736,0.120572
-189.873,292.405,0.0567882,0.121273
-186.076,292.405,0.0569029,0.121975
-182.278,292.405,0.0570236,0.122736
-178.481,292.405,0.0571484,0.123536
-174.684,292.405,0.0572732,0.124336
-170.886,292.405,0.057398,0.125136
-167.089,292.405,0.0575228,0.125936
-163.291,292.405,0.0576476,0.126736
-159.494,292.405,0.0577724,0.127536
-155.696,292.405,0.0578972,0.128336
-151.899,292.405,0.058022,0.129136
-148.101,292.405,0.0581291,0.129932
-144.304,292.405,0.0582158,0.130725
-140.506,292.405,0.0582756,0.131537
-136.709,292.405,0.0583286,0.132355
-132.911,292.405,0.0583974,0.133199
-129.114,292.405,0.0584879,0.134078
-125.316,292.405,0.0585481,0.134889
-121.519,292.405,0.0586006,0.135848
-117.722,292.405,0.0586531,0.136807
-113.924,292.405,0.0587056,0.137767
-110.127,292.405,0.0587582,0.138726
-106.329,292.405,0.0588107,0.139685
-102.532,292.405,0.0588425,0.14066
-98.7342,292.405,0.0588684,0.141635
-94.9367,292.405,0.0588713,0.142605
-91.1392,292.405,0.0588743,0.143575
-87.3418,292.405,0.0588772,0.144545
-83.5443,292.405,0.0588789,0.145525
-79.7468,292.405,0.0588761,0.146537
-75.9494,292.405,0.0588734,0.14755
-72.1519,292.405,0.0588706,0.148563
-68.3544,292.405,0.0588679,0.149575
-64.557,292.405,0.0588651,0.150588
-60.7595,292.405,0.0588624,0.151601
-56.962,292.405,0.0588596,0.152613
-53.1646,292.405,0.0588568,0.153626
-49.3671,292.405,0.0588662,0.154597
-45.5696,292.405,0.0588798,0.155552
-41.7722,292.405,0.0588934,0.156508
-37.9747,292.405,0.0588757,0.157319
-34.1772,292.405,0.0587397,0.158021
-30.3797,292.405,0.0586078,0.158657
-26.5823,292.405,0.058476,0.159292
-22.7848,292.405,0.0583441,0.159928
-18.9873,292.405,0.0582123,0.160563
-15.1899,292.405,0.0580784,0.161219
-11.3924,292.405,0.0579368,0.161954
-7.59494,292.405,0.0577951,0.162688
-3.79747,292.405,0.0576535,0.163423
0,292.405,0.0575118,0.164157
-300,296.203,0.0519143,0.0983607
-296.203,296.203,0.0521242,0.0992188
-292.405,296.203,0.0523297,0.100045
-288.608,296.203,0.0525136,0.10075
-284.81,296.203,0.0526976,0.101456
-281.013,296.203,0.052884,0.102194
-277.215,296.203,0.0530811,0.103073
-273.418,296.203,0.0532782,0.103951
-269.62,296.203,0.0534753,0.10483
-265.823,296.203,0.0536723,0.105708
-262.025,296.203,0.0538694,0.106587
-258.228,296.203,0.0540665,0.107466
-254.43,296.203,0.0542636,0.108344
-250.633,296.203,0.0544606,0.109223
-246.835,296.203,0.0546577,0.110101
-243.038,296.203,0.0548548,0.11098
-239.241,296.203,0.0550519,0.111858
-235.443,296.203,0.0552489,0.112737
-231.646,296.203,0.0554436,0.11362
-227.848,296.203,0.0556072,0.114384
-224.051,296.203,0.0557562,0.115091
-220.253,296.203,0.055917,0.11592
-216.456,296.203,0.0560822,0.116746
-212.658,296.203,0.0562435,0.117506
-208.861,296.203,0.0564089,0.118283
-205.063,296.203,0.0566236,0.119313
-201.266,296.203,0.0568072,0.120238
-197.468,296.203,0.0569218,0.12094
-193.671,296.203,0.0570365,0.121641
-189.873,296.203,0.0571511,0.122343
-186.076,296.203,0.0572658,0.123045
-182.278,296.203,0.0573899,0.123839
-178.481,296.203,0.0575147,0.124639
-174.684,296.203,0.0576395,0.125438
-170.886,296.203,0.0577643,0.126238
-167.089,296.203,0.0578891,0.127038
-163.291,296.203,0.0580139,0.127838
-159.494,296.203,0.0581387,0.128638
-155.696,296.203,0.0582635,0.129438
-151.899,296.203,0.0583883,0.130238
-148.101,296.203,0.0584853,0.131033
-144.304,296.203,0.0585662,0.13183
-140.506,296.203,0.0586192,0.132647
-136.709,296.203,0.0586722,0.133465
-132.911,296.203,0.0587252,0.134283
-129.114,296.203,0.0587946,0.135046
-125.316,296.203,0.0588494,0.135955
-121.519,296.203,0.0589019,0.136914
-117.722,296.203,0.0589545,0.137873
-113.924,296.203,0.059007,0.138832
-110.127,296.203,0.0590595,0.139792
-106.329,296.203,0.0591089,0.140753
-102.532,296.203,0.0591396,0.141729
-98.7342,296.203,0.0591685,0.142704
-94.9367,296.203,0.0591714,0.143674
-91.1392,296.203,0.0591744,0.144645
-87.3418,296.203,0.0591773,0.145615
-83.5443,296.203,0.0591803,0.146585
-79.7468,296.203,0.0591797,0.147582
-75.9494,296.203,0.0591769,0.148594
-72.1519,296.203,0.0591741,0.149607
-68.3544,296.203,0.0591714,0.15062
-64.557,296.203,0.0591686,0.151632
-60.7595,296.203,0.0591659,0.152645
-56.962,296.203,0.0591631,0.153658
-53.1646,296.203,0.0591687,0.154641
-49.3671,296.203,0.0591823,0.155597
-45.5696,296.203,0.0591959,0.156553
-41.7722,296.203,0.0592095,0.157508
-37.9747,296.203,0.0591792,0.158307
-34.1772,296.203,0.059044,0.158996
-30.3797,296.203,0.0589122,0.159631
-26.5823,296.203,0.0587803,0.160267
-22.7848,296.203,0.0586485,0.160902
-18.9873,296.203,0.0585166,0.161538
-15.1899,296.203,0.0583848,0.162173
-11.3924,296.203,0.0582529,0.162809
-7.59494,296.203,0.0581149,0.163506
-3.79747,296.203,0.0579733,0.164241
0,296.203,0.0578316,0.164975
-300,300,0.052374,0.099755
-296.203,300,0.0525651,0.100501
-292.405,300,0.0527491,0.101206
-288.608,300,0.052933,0.101911
-284.81,300,0.053117,0.102617
-281.013,300,0.0533106,0.103449
-277.215,300,0.0535076,0.104328
-273.418,300,0.0537047,0.105206
-269.62,300,0.0539018,0.106085
-265.823,300,0.0540989,0.106963
-262.025,300,0.0542959,0.107842
-258.228,300,0.054493,0.10872
-254.43,300,0.0546901,0.109599
-250.633,300,0.0548872,0.110478
-246.835,300,0.0550842,0.111356
-243.038,300,0.0552813,0.112235
-239.241,300,0.0554784,0.113113
-235.443,300,0.0556724,0.11398
-231.646,300,0.0558224,0.114686
-227.848,300,0.0559714,0.115393
-224.051,300,0.0561311,0.116212
-220.253,300,0.0562965,0.117041
-216.456,300,0.0564578,0.117801
-212.658,300,0.0566192,0.11856
-208.861,300,0.0568208,0.119516
-205.063,300,0.0570247,0.120506
-201.266,300,0.0571701,0.121308
-197.468,300,0.0572847,0.12201
-193.671,300,0.0573994,0.122711
-189.873,300,0.057514,0.123413
-186.076,300,0.0576314,0.124141
-182.278,300,0.0577562,0.124941
-178.481,300,0.057881,0.125741
-174.684,300,0.0580058,0.126541
-170.886,300,0.0581306,0.127341
-167.089,300,0.0582554,0.128141
-163.291,300,0.0583802,0.128941
-159.494,300,0.058505,0.129741
-155.696,300,0.0586298,0.130541
-151.899,300,0.0587546,0.131341
-148.101,300,0.0588416,0.132133
-144.304,300,0.0589099,0.13294
-140.506,300,0.0589629,0.133757
-136.709,300,0.0590159,0.134575
-132.911,300,0.059066,0.135371
-129.114,300,0.0590982,0.136061
-125.316,300,0.0591508,0.13702
-121.519,300,0.0592033,0.13798
-117.722,300,0.0592558,0.138939
-113.924,300,0.0593083,0.139898
-110.127,300,0.0593608,0.140858
-106.329,300,0.059406,0.141822
-102.532,300,0.0594367,0.142798
-98.7342,300,0.0594673,0.143774
-94.9367,300,0.0594715,0.144744
-91.1392,300,0.0594745,0.145714
-87.3418,300,0.0594774,0.146684
-83.5443,300,0.0594804,0.147655
-79.7468,300,0.0594832,0.148626
-75.9494,300,0.0594804,0.149639
-72.1519,300,0.0594777,0.150651
-68.3544,300,0.0594749,0.151664
-64.557,300,0.0594721,0.152677
-60.7595,300,0.0594694,0.153689
-56.962,300,0.0594712,0.154686
-53.1646,300,0.0594848,0.155642
-49.3671,300,0.0594984,0.156597
-45.5696,300,0.059512,0.157553
-41.7722,300,0.0595256,0.158509
-37.9747,300,0.0594826,0.159296
-34.1772,300,0.0593483,0.15997
-30.3797,300,0.0592165,0.160606
-26.5823,300,0.0590846,0.161241
-22.7848,300,0.0589528,0.161877
-18.9873,300,0.0588209,0.162512
-15.1899,300,0.0586891,0.163148
-11.3924,300,0.0585572,0.163783
-7.59494,300,0.0584254,0.164419
-3.79747,300,0.0582931,0.165059
0,300,0.0581514,0.165794
