Id,Iq,Phi_d_pred,Phi_q_pred
-300,0,0.00146996,-0.0485525
-296.203,0,0.00175277,-0.0479387
-292.405,0,0.002034,-0.0473096
-288.608,0,0.00231365,-0.0466652
-284.81,0,0.00259171,-0.0460055
-281.013,0,0.00286818,-0.0453304
-277.215,0,0.00314308,-0.0446401
-273.418,0,0.00341639,-0.0439344
-269.62,0,0.00368811,-0.0432135
-265.823,0,0.00395825,-0.0424772
-262.025,0,0.00422681,-0.0417256
-258.228,0,0.00449378,-0.0409587
-254.43,0,0.00475917,-0.0401764
-250.633,0,0.00502297,-0.0393789
-246.835,0,0.00528519,-0.0385661
-243.038,0,0.00554583,-0.0377379
-239.241,0,0.00580488,-0.0368944
-235.443,0,0.00606235,-0.0360357
-231.646,0,0.00631823,-0.0351616
-227.848,0,0.00657253,-0.0342722
-224.051,0,0.00682525,-0.0333674
-220.253,0,0.00707638,-0.0324474
-216.456,0,0.00732593,-0.0315121
-212.658,0,0.00757389,-0.0305614
-208.861,0,0.00782027,-0.0295955
-205.063,0,0.00806507,-0.0286142
-201.266,0,0.00830828,-0.0276176
-197.468,0,0.0085499,-0.0266057
-193.671,0,0.00878995,-0.0255785
-189.873,0,0.0090284,-0.024536
-186.076,0,0.00926528,-0.0234782
-182.278,0,0.00950057,-0.022405
-178.481,0,0.00973428,-0.0213166
-174.684,0,0.0099664,-0.0202128
-170.886,0,0.0101969,-0.0190937
-167.089,0,0.0104259,-0.0179593
-163.291,0,0.0106533,-0.0168096
-159.494,0,0.010879,-0.0156446
-155.696,0,0.0111032,-0.0144643
-151.899,0,0.0113259,-0.0132686
-148.101,0,0.0115469,-0.0120577
-144.304,0,0.0117663,-0.0108314
-140.506,0,0.0119842,-0.00958986
-136.709,0,0.0122005,-0.00833298
-132.911,0,0.0124152,-0.00706079
-129.114,0,0.0126283,-0.00577328
-125.316,0,0.0128398,-0.00447046
-121.519,0,0.0130498,-0.00315233
-117.722,0,0.0132581,-0.00181889
-113.924,0,0.0134649,-0.000470139
-110.127,0,0.0136701,0.000893926
-106.329,0,0.0138737,0.0022733
-102.532,0,0.0140757,0.00366799
-98.7342,0,0.0142762,0.00507799
-94.9367,0,0.014475,0.0065033
-91.1392,0,0.0146723,0.00794392
-87.3418,0,0.014868,0.00939986
-83.5443,0,0.0150621,0.0108711
-79.7468,0,0.0152546,0.0123577
-75.9494,0,0.0154456,0.0138595
-72.1519,0,0.0156349,0.0153767
-68.3544,0,0.0158227,0.0169092
-64.557,0,0.0160089,0.018457
-60.7595,0,0.0161935,0.0200201
-56.962,0,0.0163765,0.0215986
-53.1646,0,0.0165579,0.0231923
-49.3671,0,0.0167378,0.0248013
-45.5696,0,0.016916,0.0264257
-41.7722,0,0.0170927,0.0280654
-37.9747,0,0.0172678,0.0297204
-34.1772,0,0.0174413,0.0313907
-30.3797,0,0.0176132,0.0330763
-26.5823,0,0.0177836,0.0347772
-22.7848,0,0.0179523,0.0364934
-18.9873,0,0.0181195,0.038225
-15.1899,0,0.0182851,0.0399718
-11.3924,0,0.0184491,0.041734
-7.59494,0,0.0186115,0.0435115
-3.79747,0,0.0187724,0.0453043
0,0,0.0189316,0.0471124
-300,3.79747,0.00244567,-0.0455998
-296.203,3.79747,0.0027269,-0.0449893
-292.405,3.79747,0.00300656,-0.0443636
-288.608,3.79747,0.00328463,-0.0437225
-284.81,3.79747,0.00356111,-0.0430661
-281.013,3.79747,0.00383602,-0.0423944
-277.215,3.79747,0.00410933,-0.0417074
-273.418,3.79747,0.00438107,-0.041005
-269.62,3.79747,0.00465122,-0.0402874
-265.823,3.79747,0.00491978,-0.0395544
-262.025,3.79747,0.00518676,-0.0388062
-258.228,3.79747,0.00545216,-0.0380426
-254.43,3.79747,0.00571597,-0.0372637
-250.633,3.79747,0.0059782,-0.0364695
-246.835,3.79747,0.00623885,-0.03566
-243.038,3.79747,0.00649791,-0.0348352
-239.241,3.79747,0.00675539,-0.033995
-235.443,3.79747,0.00701128,-0.0331396
-231.646,3.79747,0.00726559,-0.0322688
-227.848,3.79747,0.00751831,-0.0313828
-224.051,3.79747,0.00776945,-0.0304814
-220.253,3.79747,0.00801901,-0.0295647
-216.456,3.79747,0.00826698,-0.0286327
-212.658,3.79747,0.00851337,-0.0276854
-208.861,3.79747,0.00875817,-0.0267227
-205.063,3.79747,0.00900139,-0.0257448
-201.266,3.79747,0.00924303,-0.0247516
-197.468,3.79747,0.00948308,-0.023743
-193.671,3.79747,0.00972155,-0.0227191
-189.873,3.79747,0.00995843,-0.0216799
-186.076,3.79747,0.0101937,-0.0206254
-182.278,3.79747,0.0104274,-0.0195556
-178.481,3.79747,0.0106596,-0.0184705
-174.684,3.79747,0.0108901,-0.0173701
-170.886,3.79747,0.0111191,-0.0162543
-167.089,3.79747,0.0113465,-0.0151233
-163.291,3.79747,0.0115723,-0.0139769
-159.494,3.79747,0.0117965,-0.0128152
-155.696,3.79747,0.0120191,-0.0116382
-151.899,3.79747,0.0122401,-0.0104459
-148.101,3.79747,0.0124596,-0.00923831
-144.304,3.79747,0.0126775,-0.00801538
-140.506,3.79747,0.0128938,-0.00677714
-136.709,3.79747,0.0131085,-0.00552359
-132.911,3.79747,0.0133216,-0.00425473
-129.114,3.79747,0.0135331,-0.00297056
-125.316,3.79747,0.0137431,-0.00167107
-121.519,3.79747,0.0139514,-0.000356275
-117.722,3.79747,0.0141582,0.000973833
-113.924,3.79747,0.0143634,0.00231925
-110.127,3.79747,0.0145671,0.00367998
-106.329,3.79747,0.0147691,0.00505603
-102.532,3.79747,0.0149695,0.00644738
-98.7342,3.79747,0.0151684,0.00785405
-94.9367,3.79747,0.0153657,0.00927603
-91.1392,3.79747,0.0155614,0.0107133
-87.3418,3.79747,0.0157555,0.0121659
-83.5443,3.79747,0.015948,0.0136338
-79.7468,3.79747,0.016139,0.0151171
-75.9494,3.79747,0.0163283,0.0166156
-72.1519,3.79747,0.0165161,0.0181294
-68.3544,3.79747,0.0167023,0.0196586
-64.557,3.79747,0.0168869,0.0212031
-60.7595,3.79747,0.0170699,0.0227629
-56.962,3.79747,0.0172514,0.0243379
-53.1646,3.79747,0.0174312,0.0259284
-49.3671,3.79747,0.0176095,0.0275341
-45.5696,3.79747,0.0177862,0.0291551
-41.7722,3.79747,0.0179613,0.0307914
-37.9747,3.79747,0.0181348,0.0324431
-34.1772,3.79747,0.0183067,0.0341101
-30.3797,3.79747,0.0184771,0.0357923
-26.5823,3.79747,0.0186459,0.0374899
-22.7848,3.79747,0.018813,0.0392028
-18.9873,3.79747,0.0189786,0.040931
-15.1899,3.79747,0.0191427,0.0426746
-11.3924,3.79747,0.0193051,0.0444334
-7.59494,3.79747,0.0194659,0.0462075
-3.79747,3.79747,0.0196252,0.047997
0,3.79747,0.0197829,0.0498018
-300,7.59494,0.00341281,-0.0426745
-296.203,7.59494,0.00369248,-0.0420673
-292.405,7.59494,0.00397056,-0.0414449
-288.608,7.59494,0.00424705,-0.0408072
-284.81,7.59494,0.00452196,-0.0401541
-281.013,7.59494,0.00479529,-0.0394857
-277.215,7.59494,0.00506703,-0.038802
-273.418,7.59494,0.00533719,-0.038103
-269.62,7.59494,0.00560576,-0.0373887
-265.823,7.59494,0.00587275,-0.0366591
-262.025,7.59494,0.00613816,-0.0359142
-258.228,7.59494,0.00640198,-0.0351539
-254.43,7.59494,0.00666422,-0.0343784
-250.633,7.59494,0.00692487,-0.0335875
-246.835,7.59494,0.00718394,-0.0327813
-243.038,7.59494,0.00744143,-0.0319598
-239.241,7.59494,0.00769733,-0.031123
-235.443,7.59494,0.00795165,-0.0302709
-231.646,7.59494,0.00820438,-0.0294035
-227.848,7.59494,0.00845553,-0.0285208
-224.051,7.59494,0.00870509,-0.0276227
-220.253,7.59494,0.00895307,-0.0267094
-216.456,7.59494,0.00919947,-0.0257807
-212.658,7.59494,0.00944428,-0.0248367
-208.861,7.59494,0.00968751,-0.0238774
-205.063,7.59494,0.00992916,-0.0229028
-201.266,7.59494,0.0101692,-0.0219129
-197.468,7.59494,0.0104077,-0.0209077
-193.671,7.59494,0.0106446,-0.0198871
-189.873,7.59494,0.0108799,-0.0188513
-186.076,7.59494,0.0111136,-0.0178001
-182.278,7.59494,0.0113458,-0.0167336
-178.481,7.59494,0.0115763,-0.0156518
-174.684,7.59494,0.0118053,-0.0145547
-170.886,7.59494,0.0120327,-0.0134423
-167.089,7.59494,0.0122585,-0.0123146
-163.291,7.59494,0.0124827,-0.0111716
-159.494,7.59494,0.0127053,-0.0100132
-155.696,7.59494,0.0129264,-0.00883955
-151.899,7.59494,0.0131458,-0.00765058
-148.101,7.59494,0.0133637,-0.0064463
-144.304,7.59494,0.01358,-0.00522671
-140.506,7.59494,0.0137947,-0.0039918
-136.709,7.59494,0.0140079,-0.00274159
-132.911,7.59494,0.0142194,-0.00147606
-129.114,7.59494,0.0144294,-0.000195218
-125.316,7.59494,0.0146378,0.00110093
-121.519,7.59494,0.0148446,0.0024124
-117.722,7.59494,0.0150498,0.00373917
-113.924,7.59494,0.0152534,0.00508126
-110.127,7.59494,0.0154554,0.00643866
-106.329,7.59494,0.0156559,0.00781137
-102.532,7.59494,0.0158548,0.00919939
-98.7342,7.59494,0.0160521,0.0106027
-94.9367,7.59494,0.0162478,0.0120214
-91.1392,7.59494,0.0164419,0.0134553
-87.3418,7.59494,0.0166344,0.0149046
-83.5443,7.59494,0.0168254,0.0163692
-79.7468,7.59494,0.0170147,0.0178491
-75.9494,7.59494,0.0172025,0.0193443
-72.1519,7.59494,0.0173887,0.0208548
-68.3544,7.59494,0.0175733,0.0223806
-64.557,7.59494,0.0177564,0.0239217
-60.7595,7.59494,0.0179378,0.0254782
-56.962,7.59494,0.0181177,0.02705
-53.1646,7.59494,0.018296,0.028637
-49.3671,7.59494,0.0184727,0.0302394
-45.5696,7.59494,0.0186478,0.0318571
-41.7722,7.59494,0.0188213,0.0334901
-37.9747,7.59494,0.0189933,0.0351384
-34.1772,7.59494,0.0191636,0.0368021
-30.3797,7.59494,0.0193324,0.038481
-26.5823,7.59494,0.0194996,0.0401753
-22.7848,7.59494,0.0196652,0.0418848
-18.9873,7.59494,0.0198292,0.0436097
-15.1899,7.59494,0.0199917,0.0453499
-11.3924,7.59494,0.0201525,0.0471054
-7.59494,7.59494,0.0203118,0.0488762
-3.79747,7.59494,0.0204695,0.0506623
0,7.59494,0.0206256,0.0524638
-300,11.3924,0.0043714,-0.0397765
-296.203,11.3924,0.00464949,-0.0391727
-292.405,11.3924,0.00492599,-0.0385536
-288.608,11.3924,0.00520091,-0.0379192
-284.81,11.3924,0.00547425,-0.0372695
-281.013,11.3924,0.005746,-0.0366044
-277.215,11.3924,0.00601617,-0.0359241
-273.418,11.3924,0.00628475,-0.0352284
-269.62,11.3924,0.00655175,-0.0345174
-265.823,11.3924,0.00681716,-0.0337912
-262.025,11.3924,0.00708099,-0.0330496
-258.228,11.3924,0.00734324,-0.0322927
-254.43,11.3924,0.0076039,-0.0315204
-250.633,11.3924,0.00786298,-0.0307329
-246.835,11.3924,0.00812047,-0.0299301
-243.038,11.3924,0.00837638,-0.0291119
-239.241,11.3924,0.00863071,-0.0282784
-235.443,11.3924,0.00888345,-0.0274296
-231.646,11.3924,0.00913461,-0.0265656
-227.848,11.3924,0.00938418,-0.0256861
-224.051,11.3924,0.00963217,-0.0247914
-220.253,11.3924,0.00987858,-0.0238814
-216.456,11.3924,0.0101234,-0.0229561
-212.658,11.3924,0.0103666,-0.0220154
-208.861,11.3924,0.0106083,-0.0210595
-205.063,11.3924,0.0108484,-0.0200882
-201.266,11.3924,0.0110868,-0.0191016
-197.468,11.3924,0.0113237,-0.0180997
-193.671,11.3924,0.0115591,-0.0170825
-189.873,11.3924,0.0117928,-0.01605
-186.076,11.3924,0.0120249,-0.0150021
-182.278,11.3924,0.0122555,-0.013939
-178.481,11.3924,0.0124845,-0.0128605
-174.684,11.3924,0.0127119,-0.0117668
-170.886,11.3924,0.0129377,-0.0106577
-167.089,11.3924,0.0131619,-0.00953331
-163.291,11.3924,0.0133846,-0.0083936
-159.494,11.3924,0.0136056,-0.00723859
-155.696,11.3924,0.0138251,-0.00606827
-151.899,11.3924,0.014043,-0.00488263
-148.101,11.3924,0.0142593,-0.00368168
-144.304,11.3924,0.014474,-0.00246542
-140.506,11.3924,0.0146872,-0.00123385
-136.709,11.3924,0.0148987,1.30341e-05
-132.911,11.3924,0.0151087,0.00127523
-129.114,11.3924,0.0153171,0.00255274
-125.316,11.3924,0.0155239,0.00384555
-121.519,11.3924,0.0157291,0.00515368
-117.722,11.3924,0.0159327,0.00647713
-113.924,11.3924,0.0161348,0.00781588
-110.127,11.3924,0.0163353,0.00916994
-106.329,11.3924,0.0165341,0.0105393
-102.532,11.3924,0.0167314,0.011924
-98.7342,11.3924,0.0169272,0.013324
-94.9367,11.3924,0.0171213,0.0147393
-91.1392,11.3924,0.0173138,0.0161699
-87.3418,11.3924,0.0175048,0.0176159
-83.5443,11.3924,0.0176942,0.0190771
-79.7468,11.3924,0.017882,0.0205537
-75.9494,11.3924,0.0180682,0.0220456
-72.1519,11.3924,0.0182528,0.0235527
-68.3544,11.3924,0.0184358,0.0250752
-64.557,11.3924,0.0186173,0.026613
-60.7595,11.3924,0.0187972,0.0281662
-56.962,11.3924,0.0189755,0.0297346
-53.1646,11.3924,0.0191522,0.0313183
-49.3671,11.3924,0.0193273,0.0329174
-45.5696,11.3924,0.0195008,0.0345317
-41.7722,11.3924,0.0196728,0.0361614
-37.9747,11.3924,0.0198431,0.0378064
-34.1772,11.3924,0.0200119,0.0394667
-30.3797,11.3924,0.0201791,0.0411423
-26.5823,11.3924,0.0203447,0.0428332
-22.7848,11.3924,0.0205088,0.0445395
-18.9873,11.3924,0.0206712,0.046261
-15.1899,11.3924,0.0208321,0.0479979
-11.3924,11.3924,0.0209914,0.04975
-7.59494,11.3924,0.0211491,0.0515175
-3.79747,11.3924,0.0213052,0.0533003
0,11.3924,0.0214597,0.0550984
-300,15.1899,0.00532143,-0.036906
-296.203,15.1899,0.00559794,-0.0363055
-292.405,15.1899,0.00587287,-0.0356897
-288.608,15.1899,0.00614621,-0.0350586
-284.81,15.1899,0.00641797,-0.0344122
-281.013,15.1899,0.00668815,-0.0337505
-277.215,15.1899,0.00695674,-0.0330735
-273.418,15.1899,0.00722375,-0.0323812
-269.62,15.1899,0.00748917,-0.0316736
-265.823,15.1899,0.00775301,-0.0309506
-262.025,15.1899,0.00801527,-0.0302123
-258.228,15.1899,0.00827594,-0.0294588
-254.43,15.1899,0.00853502,-0.0286899
-250.633,15.1899,0.00879253,-0.0279057
-246.835,15.1899,0.00904845,-0.0271062
-243.038,15.1899,0.00930278,-0.0262913
-239.241,15.1899,0.00955553,-0.0254612
-235.443,15.1899,0.0098067,-0.0246157
-231.646,15.1899,0.0100563,-0.023755
-227.848,15.1899,0.0103043,-0.0228789
-224.051,15.1899,0.0105507,-0.0219875
-220.253,15.1899,0.0107955,-0.0210808
-216.456,15.1899,0.0110388,-0.0201588
-212.658,15.1899,0.0112804,-0.0192215
-208.861,15.1899,0.0115205,-0.0182689
-205.063,15.1899,0.011759,-0.017301
-201.266,15.1899,0.0119959,-0.0163177
-197.468,15.1899,0.0122312,-0.0153191
-193.671,15.1899,0.012465,-0.0143053
-189.873,15.1899,0.0126971,-0.0132761
-186.076,15.1899,0.0129277,-0.0122316
-182.278,15.1899,0.0131567,-0.0111718
-178.481,15.1899,0.0133841,-0.0100966
-174.684,15.1899,0.0136099,-0.00900621
-170.886,15.1899,0.0138342,-0.00790046
-167.089,15.1899,0.0140568,-0.00677941
-163.291,15.1899,0.0142779,-0.00564304
-159.494,15.1899,0.0144974,-0.00449136
-155.696,15.1899,0.0147153,-0.00332437
-151.899,15.1899,0.0149316,-0.00214206
-148.101,15.1899,0.0151463,-0.000944447
-144.304,15.1899,0.0153595,0.00026848
-140.506,15.1899,0.015571,0.00149672
-136.709,15.1899,0.015781,0.00274027
-132.911,15.1899,0.0159894,0.00399913
-129.114,15.1899,0.0161962,0.0052733
-125.316,15.1899,0.0164014,0.00656279
-121.519,15.1899,0.0166051,0.00786759
-117.722,15.1899,0.0168072,0.00918769
-113.924,15.1899,0.0170076,0.0105231
-110.127,15.1899,0.0172065,0.0118738
-106.329,15.1899,0.0174038,0.0132399
-102.532,15.1899,0.0175995,0.0146212
-98.7342,15.1899,0.0177937,0.0160179
-94.9367,15.1899,0.0179862,0.0174299
-91.1392,15.1899,0.0181772,0.0188572
-87.3418,15.1899,0.0183666,0.0202998
-83.5443,15.1899,0.0185544,0.0217577
-79.7468,15.1899,0.0187406,0.0232309
-75.9494,15.1899,0.0189253,0.0247195
-72.1519,15.1899,0.0191083,0.0262233
-68.3544,15.1899,0.0192898,0.0277425
-64.557,15.1899,0.0194697,0.0292769
-60.7595,15.1899,0.019648,0.0308267
-56.962,15.1899,0.0198247,0.0323918
-53.1646,15.1899,0.0199998,0.0339722
-49.3671,15.1899,0.0201733,0.0355679
-45.5696,15.1899,0.0203453,0.037179
-41.7722,15.1899,0.0205157,0.0388053
-37.9747,15.1899,0.0206845,0.040447
-34.1772,15.1899,0.0208517,0.0421039
-30.3797,15.1899,0.0210173,0.0437762
-26.5823,15.1899,0.0211814,0.0454638
-22.7848,15.1899,0.0213438,0.0471667
-18.9873,15.1899,0.0215047,0.0488849
-15.1899,15.1899,0.021664,0.0506184
-11.3924,15.1899,0.0218217,0.0523673
-7.59494,15.1899,0.0219778,0.0541314
-3.79747,15.1899,0.0221323,0.0559109
0,15.1899,0.0222853,0.0577056
-300,18.9873,0.00626289,-0.0340628
-296.203,18.9873,0.00653783,-0.0334657
-292.405,18.9873,0.00681118,-0.0328532
-288.608,18.9873,0.00708295,-0.0322255
-284.81,18.9873,0.00735314,-0.0315824
-281.013,18.9873,0.00762174,-0.030924
-277.215,18.9873,0.00788875,-0.0302503
-273.418,18.9873,0.00815419,-0.0295613
-269.62,18.9873,0.00841803,-0.028857
-265.823,18.9873,0.0086803,-0.0281374
-262.025,18.9873,0.00894098,-0.0274025
-258.228,18.9873,0.00920007,-0.0266522
-254.43,18.9873,0.00945759,-0.0258867
-250.633,18.9873,0.00971351,-0.0251058
-246.835,18.9873,0.00996786,-0.0243096
-243.038,18.9873,0.0102206,-0.0234981
-239.241,18.9873,0.0104718,-0.0226713
-235.443,18.9873,0.0107214,-0.0218292
-231.646,18.9873,0.0109694,-0.0209718
-227.848,18.9873,0.0112158,-0.0200991
-224.051,18.9873,0.0114607,-0.019211
-220.253,18.9873,0.0117039,-0.0183077
-216.456,18.9873,0.0119456,-0.017389
-212.658,18.9873,0.0121857,-0.016455
-208.861,18.9873,0.0124242,-0.0155057
-205.063,18.9873,0.0126611,-0.0145411
-201.266,18.9873,0.0128964,-0.0135612
-197.468,18.9873,0.0131302,-0.012566
-193.671,18.9873,0.0133623,-0.0115554
-189.873,18.9873,0.0135929,-0.0105296
-186.076,18.9873,0.0138219,-0.00948839
-182.278,18.9873,0.0140493,-0.00843192
-178.481,18.9873,0.0142752,-0.00736013
-174.684,18.9873,0.0144994,-0.00627303
-170.886,18.9873,0.0147221,-0.00517061
-167.089,18.9873,0.0149431,-0.00405289
-163.291,18.9873,0.0151626,-0.00291986
-159.494,18.9873,0.0153805,-0.00177151
-155.696,18.9873,0.0155969,-0.00060785
-151.899,18.9873,0.0158116,0.00057112
-148.101,18.9873,0.0160248,0.0017654
-144.304,18.9873,0.0162363,0.002975
-140.506,18.9873,0.0164463,0.0041999
-136.709,18.9873,0.0166547,0.00544012
-132.911,18.9873,0.0168616,0.00669565
-129.114,18.9873,0.0170668,0.00796649
-125.316,18.9873,0.0172704,0.00925264
-121.519,18.9873,0.0174725,0.0105541
-117.722,18.9873,0.017673,0.0118709
-113.924,18.9873,0.0178719,0.013203
-110.127,18.9873,0.0180692,0.0145504
-106.329,18.9873,0.018265,0.0159131
-102.532,18.9873,0.0184591,0.0172911
-98.7342,18.9873,0.0186517,0.0186844
-94.9367,18.9873,0.0188426,0.0200931
-91.1392,18.9873,0.019032,0.021517
-87.3418,18.9873,0.0192198,0.0229563
-83.5443,18.9873,0.0194061,0.0244109
-79.7468,18.9873,0.0195907,0.0258808
-75.9494,18.9873,0.0197738,0.027366
-72.1519,18.9873,0.0199553,0.0288665
-68.3544,18.9873,0.0201351,0.0303823
-64.557,18.9873,0.0203135,0.0319135
-60.7595,18.9873,0.0204902,0.0334599
-56.962,18.9873,0.0206653,0.0350217
-53.1646,18.9873,0.0208389,0.0365987
-49.3671,18.9873,0.0210108,0.0381911
-45.5696,18.9873,0.0211812,0.0397988
-41.7722,18.9873,0.02135,0.0414218
-37.9747,18.9873,0.0215172,0.0430602
-34.1772,18.9873,0.0216829,0.0447138
-30.3797,18.9873,0.0218469,0.0463827
-26.5823,18.9873,0.0220094,0.048067
-22.7848,18.9873,0.0221703,0.0497666
-18.9873,18.9873,0.0223296,0.0514814
-15.1899,18.9873,0.0224873,0.0532116
-11.3924,18.9873,0.0226434,0.0549571
-7.59494,18.9873,0.022798,0.0567179
-3.79747,18.9873,0.0229509,0.0584941
0,18.9873,0.0231023,0.0602855
-300,22.7848,0.0071958,-0.031247
-296.203,22.7848,0.00746916,-0.0306532
-292.405,22.7848,0.00774094,-0.0300441
-288.608,22.7848,0.00801113,-0.0294197
-284.81,22.7848,0.00827974,-0.0287799
-281.013,22.7848,0.00854676,-0.0281249
-277.215,22.7848,0.00881221,-0.0274546
-273.418,22.7848,0.00907606,-0.0267689
-269.62,22.7848,0.00933834,-0.0260679
-265.823,22.7848,0.00959902,-0.0253516
-262.025,22.7848,0.00985813,-0.02462
-258.228,22.7848,0.0101156,-0.0238731
-254.43,22.7848,0.0103716,-0.0231109
-250.633,22.7848,0.0106259,-0.0223334
-246.835,22.7848,0.0108787,-0.0215405
-243.038,22.7848,0.0111299,-0.0207324
-239.241,22.7848,0.0113795,-0.0199089
-235.443,22.7848,0.0116275,-0.0190701
-231.646,22.7848,0.0118739,-0.018216
-227.848,22.7848,0.0121188,-0.0173466
-224.051,22.7848,0.0123621,-0.0164619
-220.253,22.7848,0.0126037,-0.0155619
-216.456,22.7848,0.0128438,-0.0146465
-212.658,22.7848,0.0130823,-0.0137159
-208.861,22.7848,0.0133193,-0.0127699
-205.063,22.7848,0.0135546,-0.0118086
-201.266,22.7848,0.0137884,-0.0108321
-197.468,22.7848,0.0140205,-0.00984016
-193.671,22.7848,0.0142511,-0.00883295
-189.873,22.7848,0.0144801,-0.00781043
-186.076,22.7848,0.0147076,-0.0067726
-182.278,22.7848,0.0149334,-0.00571945
-178.481,22.7848,0.0151577,-0.004651
-174.684,22.7848,0.0153803,-0.00356723
-170.886,22.7848,0.0156014,-0.00246815
-167.089,22.7848,0.0158209,-0.00135376
-163.291,22.7848,0.0160388,-0.000224059
-159.494,22.7848,0.0162552,0.000920955
-155.696,22.7848,0.0164699,0.00208128
-151.899,22.7848,0.0166831,0.00325692
-148.101,22.7848,0.0168947,0.00444787
-144.304,22.7848,0.0171047,0.00565413
-140.506,22.7848,0.0173131,0.0068757
-136.709,22.7848,0.0175199,0.00811258
-132.911,22.7848,0.0177252,0.00936478
-129.114,22.7848,0.0179288,0.0106323
-125.316,22.7848,0.0181309,0.0119151
-121.519,22.7848,0.0183314,0.0132132
-117.722,22.7848,0.0185303,0.0145267
-113.924,22.7848,0.0187276,0.0158554
-110.127,22.7848,0.0189234,0.0171995
-106.329,22.7848,0.0191175,0.0185589
-102.532,22.7848,0.0193101,0.0199336
-98.7342,22.7848,0.0195011,0.0213236
-94.9367,22.7848,0.0196905,0.0227289
-91.1392,22.7848,0.0198783,0.0241495
-87.3418,22.7848,0.0200645,0.0255854
-83.5443,22.7848,0.0202492,0.0270367
-79.7468,22.7848,0.0204323,0.0285032
-75.9494,22.7848,0.0206137,0.0299851
-72.1519,22.7848,0.0207936,0.0314823
-68.3544,22.7848,0.020972,0.0329948
-64.557,22.7848,0.0211487,0.0345226
-60.7595,22.7848,0.0213238,0.0360657
-56.962,22.7848,0.0214974,0.0376241
-53.1646,22.7848,0.0216694,0.0391979
-49.3671,22.7848,0.0218398,0.0407869
-45.5696,22.7848,0.0220086,0.0423913
-41.7722,22.7848,0.0221758,0.044011
-37.9747,22.7848,0.0223415,0.045646
-34.1772,22.7848,0.0225055,0.0472963
-30.3797,22.7848,0.022668,0.0489619
-26.5823,22.7848,0.0228289,0.0506428
-22.7848,22.7848,0.0229882,0.052339
-18.9873,22.7848,0.0231459,0.0540506
-15.1899,22.7848,0.023302,0.0557774
-11.3924,22.7848,0.0234566,0.0575196
-7.59494,22.7848,0.0236096,0.0592771
-3.79747,22.7848,0.023761,0.0610499
0,22.7848,0.0239108,0.062838
-300,26.5823,0.00812014,-0.0284586
-296.203,26.5823,0.00839193,-0.0278681
-292.405,26.5823,0.00866213,-0.0272624
-288.608,26.5823,0.00893075,-0.0266413
-284.81,26.5823,0.00919778,-0.0260049
-281.013,26.5823,0.00946323,-0.0253532
-277.215,26.5823,0.0097271,-0.0246861
-273.418,26.5823,0.00998938,-0.0240038
-269.62,26.5823,0.0102501,-0.0233062
-265.823,26.5823,0.0105092,-0.0225932
-262.025,26.5823,0.0107667,-0.021865
-258.228,26.5823,0.0110227,-0.0211214
-254.43,26.5823,0.011277,-0.0203625
-250.633,26.5823,0.0115298,-0.0195883
-246.835,26.5823,0.011781,-0.0187988
-243.038,26.5823,0.0120306,-0.0179939
-239.241,26.5823,0.0122786,-0.0171738
-235.443,26.5823,0.0125251,-0.0163384
-231.646,26.5823,0.0127699,-0.0154876
-227.848,26.5823,0.0130132,-0.0146215
-224.051,26.5823,0.0132549,-0.0137402
-220.253,26.5823,0.013495,-0.0128435
-216.456,26.5823,0.0137335,-0.0119315
-212.658,26.5823,0.0139704,-0.0110041
-208.861,26.5823,0.0142058,-0.0100615
-205.063,26.5823,0.0144396,-0.00910356
-201.266,26.5823,0.0146718,-0.00813031
-197.468,26.5823,0.0149024,-0.00714175
-193.671,26.5823,0.0151314,-0.00613787
-189.873,26.5823,0.0153588,-0.00511869
-186.076,26.5823,0.0155846,-0.00408419
-182.278,26.5823,0.0158089,-0.00303438
-178.481,26.5823,0.0160316,-0.00196925
-174.684,26.5823,0.0162527,-0.000888819
-170.886,26.5823,0.0164722,0.000206926
-167.089,26.5823,0.0166901,0.00131798
-163.291,26.5823,0.0169065,0.00244435
-159.494,26.5823,0.0171212,0.00358603
-155.696,26.5823,0.0173344,0.00474303
-151.899,26.5823,0.017546,0.00591533
-148.101,26.5823,0.017756,0.00710294
-144.304,26.5823,0.0179644,0.00830587
-140.506,26.5823,0.0181713,0.00952411
-136.709,26.5823,0.0183765,0.0107577
-132.911,26.5823,0.0185802,0.0120065
-129.114,26.5823,0.0187823,0.0132707
-125.316,26.5823,0.0189828,0.0145502
-121.519,26.5823,0.0191817,0.015845
-117.722,26.5823,0.019379,0.0171551
-113.924,26.5823,0.0195748,0.0184805
-110.127,26.5823,0.0197689,0.0198212
-106.329,26.5823,0.0199615,0.0211773
-102.532,26.5823,0.0201525,0.0225486
-98.7342,26.5823,0.0203419,0.0239353
-94.9367,26.5823,0.0205298,0.0253373
-91.1392,26.5823,0.020716,0.0267546
-87.3418,26.5823,0.0209007,0.0281872
-83.5443,26.5823,0.0210837,0.0296351
-79.7468,26.5823,0.0212652,0.0310983
-75.9494,26.5823,0.0214451,0.0325769
-72.1519,26.5823,0.0216235,0.0340707
-68.3544,26.5823,0.0218002,0.0355799
-64.557,26.5823,0.0219754,0.0371043
-60.7595,26.5823,0.0221489,0.0386441
-56.962,26.5823,0.0223209,0.0401992
-53.1646,26.5823,0.0224913,0.0417696
-49.3671,26.5823,0.0226601,0.0433553
-45.5696,26.5823,0.0228274,0.0449564
-41.7722,26.5823,0.022993,0.0465727
-37.9747,26.5823,0.0231571,0.0482044
-34.1772,26.5823,0.0233196,0.0498513
-30.3797,26.5823,0.0234805,0.0515136
-26.5823,26.5823,0.0236398,0.0531912
-22.7848,26.5823,0.0237975,0.0548841
-18.9873,26.5823,0.0239537,0.0565923
-15.1899,26.5823,0.0241082,0.0583158
-11.3924,26.5823,0.0242612,0.0600547
-7.59494,26.5823,0.0244126,0.0618088
-3.79747,26.5823,0.0245624,0.0635783
0,26.5823,0.0247106,0.065363
-300,30.3797,0.00903592,-0.0256976
-296.203,30.3797,0.00930613,-0.0251104
-292.405,30.3797,0.00957476,-0.024508
-288.608,30.3797,0.0098418,-0.0238902
-284.81,30.3797,0.0101073,-0.0232572
-281.013,30.3797,0.0103711,-0.0226088
-277.215,30.3797,0.0106334,-0.0219451
-273.418,30.3797,0.0108941,-0.0212661
-269.62,30.3797,0.0111533,-0.0205718
-265.823,30.3797,0.0114108,-0.0198622
-262.025,30.3797,0.0116667,-0.0191373
-258.228,30.3797,0.0119211,-0.018397
-254.43,30.3797,0.0121739,-0.0176415
-250.633,30.3797,0.0124251,-0.0168706
-246.835,30.3797,0.0126747,-0.0160844
-243.038,30.3797,0.0129228,-0.0152829
-239.241,30.3797,0.0131692,-0.0144661
-235.443,30.3797,0.0134141,-0.013634
-231.646,30.3797,0.0136574,-0.0127866
-227.848,30.3797,0.0138991,-0.0119238
-224.051,30.3797,0.0141392,-0.0110458
-220.253,30.3797,0.0143777,-0.0101524
-216.456,30.3797,0.0146146,-0.00924376
-212.658,30.3797,0.01485,-0.00831978
-208.861,30.3797,0.0150838,-0.00738048
-205.063,30.3797,0.015316,-0.00642587
-201.266,30.3797,0.0155466,-0.00545595
-197.468,30.3797,0.0157756,-0.00447072
-193.671,30.3797,0.016003,-0.00347018
-189.873,30.3797,0.0162289,-0.00245433
-186.076,30.3797,0.0164532,-0.00142316
-182.278,30.3797,0.0166759,-0.000376683
-178.481,30.3797,0.016897,0.000685106
-174.684,30.3797,0.0171165,0.00176221
-170.886,30.3797,0.0173344,0.00285462
-167.089,30.3797,0.0175508,0.00396234
-163.291,30.3797,0.0177655,0.00508538
-159.494,30.3797,0.0179787,0.00622373
-155.696,30.3797,0.0181903,0.00737739
-151.899,30.3797,0.0184003,0.00854636
-148.101,30.3797,0.0186088,0.00973064
-144.304,30.3797,0.0188156,0.0109302
-140.506,30.3797,0.0190209,0.0121451
-136.709,30.3797,0.0192246,0.0133754
-132.911,30.3797,0.0194266,0.0146209
-129.114,30.3797,0.0196272,0.0158817
-125.316,30.3797,0.0198261,0.0171579
-121.519,30.3797,0.0200234,0.0184493
-117.722,30.3797,0.0202192,0.0197561
-113.924,30.3797,0.0204134,0.0210782
-110.127,30.3797,0.020606,0.0224156
-106.329,30.3797,0.020797,0.0237683
-102.532,30.3797,0.0209864,0.0251363
-98.7342,30.3797,0.0211742,0.0265197
-94.9367,30.3797,0.0213605,0.0279183
-91.1392,30.3797,0.0215451,0.0293323
-87.3418,30.3797,0.0217282,0.0307615
-83.5443,30.3797,0.0219097,0.0322061
-79.7468,30.3797,0.0220896,0.033666
-75.9494,30.3797,0.022268,0.0351412
-72.1519,30.3797,0.0224447,0.0366317
-68.3544,30.3797,0.0226199,0.0381376
-64.557,30.3797,0.0227935,0.0396587
-60.7595,30.3797,0.0229655,0.0411952
-56.962,30.3797,0.0231359,0.0427469
-53.1646,30.3797,0.0233047,0.044314
-49.3671,30.3797,0.023472,0.0458964
-45.5696,30.3797,0.0236376,0.0474941
-41.7722,30.3797,0.0238017,0.0491071
-37.9747,30.3797,0.0239642,0.0507354
-34.1772,30.3797,0.0241251,0.052379
-30.3797,30.3797,0.0242844,0.054038
-26.5823,30.3797,0.0244422,0.0557122
-22.7848,30.3797,0.0245983,0.0574018
-18.9873,30.3797,0.0247529,0.0591067
-15.1899,30.3797,0.0249059,0.0608269
-11.3924,30.3797,0.0250573,0.0625624
-7.59494,30.3797,0.0252071,0.0643132
-3.79747,30.3797,0.0253553,0.0660793
0,30.3797,0.025502,0.0678607
-300,34.1772,0.00994314,-0.0229639
-296.203,34.1772,0.0102118,-0.0223801
-292.405,34.1772,0.0104788,-0.021781
-288.608,34.1772,0.0107443,-0.0211666
-284.81,34.1772,0.0110082,-0.0205369
-281.013,34.1772,0.0112705,-0.0198918
-277.215,34.1772,0.0115312,-0.0192315
-273.418,34.1772,0.0117903,-0.0185558
-269.62,34.1772,0.0120479,-0.0178648
-265.823,34.1772,0.0123038,-0.0171586
-262.025,34.1772,0.0125582,-0.016437
-258.228,34.1772,0.012811,-0.0157
-254.43,34.1772,0.0130622,-0.0149478
-250.633,34.1772,0.0133118,-0.0141803
-246.835,34.1772,0.0135599,-0.0133974
-243.038,34.1772,0.0138063,-0.0125993
-239.241,34.1772,0.0140512,-0.0117858
-235.443,34.1772,0.0142945,-0.010957
-231.646,34.1772,0.0145362,-0.0101129
-227.848,34.1772,0.0147763,-0.00925354
-224.051,34.1772,0.0150149,-0.00837882
-220.253,34.1772,0.0152518,-0.00748879
-216.456,34.1772,0.0154872,-0.00658345
-212.658,34.1772,0.015721,-0.0056628
-208.861,34.1772,0.0159532,-0.00472684
-205.063,34.1772,0.0161838,-0.00377557
-201.266,34.1772,0.0164128,-0.00280898
-197.468,34.1772,0.0166403,-0.00182708
-193.671,34.1772,0.0168662,-0.000829874
-189.873,34.1772,0.0170904,0.000182647
-186.076,34.1772,0.0173131,0.00121048
-182.278,34.1772,0.0175342,0.00225362
-178.481,34.1772,0.0177538,0.00331208
-174.684,34.1772,0.0179717,0.00438585
-170.886,34.1772,0.0181881,0.00547493
-167.089,34.1772,0.0184029,0.00657932
-163.291,34.1772,0.018616,0.00769902
-159.494,34.1772,0.0188277,0.00883403
-155.696,34.1772,0.0190377,0.00998436
-151.899,34.1772,0.0192461,0.01115
-148.101,34.1772,0.019453,0.0123309
-144.304,34.1772,0.0196582,0.0135272
-140.506,34.1772,0.0198619,0.0147388
-136.709,34.1772,0.020064,0.0159657
-132.911,34.1772,0.0202646,0.0172079
-129.114,34.1772,0.0204635,0.0184654
-125.316,34.1772,0.0206608,0.0197382
-121.519,34.1772,0.0208566,0.0210263
-117.722,34.1772,0.0210508,0.0223298
-113.924,34.1772,0.0212434,0.0236485
-110.127,34.1772,0.0214344,0.0249826
-106.329,34.1772,0.0216238,0.026332
-102.532,34.1772,0.0218117,0.0276966
-98.7342,34.1772,0.0219979,0.0290766
-94.9367,34.1772,0.0221826,0.030472
-91.1392,34.1772,0.0223657,0.0318826
-87.3418,34.1772,0.0225472,0.0333085
-83.5443,34.1772,0.0227272,0.0347498
-79.7468,34.1772,0.0229055,0.0362063
-75.9494,34.1772,0.0230823,0.0376782
-72.1519,34.1772,0.0232574,0.0391654
-68.3544,34.1772,0.023431,0.0406679
-64.557,34.1772,0.023603,0.0421857
-60.7595,34.1772,0.0237734,0.0437188
-56.962,34.1772,0.0239423,0.0452672
-53.1646,34.1772,0.0241095,0.046831
-49.3671,34.1772,0.0242752,0.04841
-45.5696,34.1772,0.0244393,0.0500044
-41.7722,34.1772,0.0246018,0.0516141
-37.9747,34.1772,0.0247627,0.053239
-34.1772,34.1772,0.024922,0.0548793
-30.3797,34.1772,0.0250798,0.056535
-26.5823,34.1772,0.025236,0.0582059
-22.7848,34.1772,0.0253905,0.0598921
-18.9873,34.1772,0.0255435,0.0615937
-15.1899,34.1772,0.0256949,0.0633105
-11.3924,34.1772,0.0258448,0.0650427
-7.59494,34.1772,0.025993,0.0667902
-3.79747,34.1772,0.0261397,0.068553
0,34.1772,0.0262848,0.0703311
-300,37.9747,0.0108418,-0.0202577
-296.203,37.9747,0.0111089,-0.0196772
-292.405,37.9747,0.0113743,-0.0190814
-288.608,37.9747,0.0116382,-0.0184704
-284.81,37.9747,0.0119005,-0.017844
-281.013,37.9747,0.0121613,-0.0172023
-277.215,37.9747,0.0124204,-0.0165452
-273.418,37.9747,0.012678,-0.0158729
-269.62,37.9747,0.0129339,-0.0151853
-265.823,37.9747,0.0131883,-0.0144823
-262.025,37.9747,0.0134411,-0.013764
-258.228,37.9747,0.0136923,-0.0130305
-254.43,37.9747,0.013942,-0.0122816
-250.633,37.9747,0.01419,-0.0115174
-246.835,37.9747,0.0144365,-0.0107379
-243.038,37.9747,0.0146814,-0.00994303
-239.241,37.9747,0.0149247,-0.0091329
-235.443,37.9747,0.0151664,-0.00830745
-231.646,37.9747,0.0154065,-0.00746669
-227.848,37.9747,0.0156451,-0.00661062
-224.051,37.9747,0.015882,-0.00573923
-220.253,37.9747,0.0161174,-0.00485254
-216.456,37.9747,0.0163512,-0.00395053
-212.658,37.9747,0.0165834,-0.00303322
-208.861,37.9747,0.016814,-0.00210059
-205.063,37.9747,0.0170431,-0.00115265
-201.266,37.9747,0.0172705,-0.000189394
-197.468,37.9747,0.0174964,0.000789171
-193.671,37.9747,0.0177207,0.00178305
-189.873,37.9747,0.0179434,0.00279223
-186.076,37.9747,0.0181645,0.00381673
-182.278,37.9747,0.0183841,0.00485655
-178.481,37.9747,0.018602,0.00591167
-174.684,37.9747,0.0188184,0.0069821
-170.886,37.9747,0.0190332,0.00806785
-167.089,37.9747,0.0192464,0.00916891
-163.291,37.9747,0.019458,0.0102853
-159.494,37.9747,0.019668,0.011417
-155.696,37.9747,0.0198765,0.0125639
-151.899,37.9747,0.0200833,0.0137263
-148.101,37.9747,0.0202886,0.0149039
-144.304,37.9747,0.0204923,0.0160968
-140.506,37.9747,0.0206944,0.017305
-136.709,37.9747,0.020895,0.0185286
-132.911,37.9747,0.0210939,0.0197674
-129.114,37.9747,0.0212913,0.0210216
-125.316,37.9747,0.021487,0.0222911
-121.519,37.9747,0.0216812,0.0235759
-117.722,37.9747,0.0218738,0.024876
-113.924,37.9747,0.0220649,0.0261914
-110.127,37.9747,0.0222543,0.0275222
-106.329,37.9747,0.0224422,0.0288682
-102.532,37.9747,0.0226284,0.0302296
-98.7342,37.9747,0.0228131,0.0316062
-94.9367,37.9747,0.0229962,0.0329982
-91.1392,37.9747,0.0231777,0.0344055
-87.3418,37.9747,0.0233577,0.0358281
-83.5443,37.9747,0.023536,0.037266
-79.7468,37.9747,0.0237128,0.0387193
-75.9494,37.9747,0.023888,0.0401878
-72.1519,37.9747,0.0240616,0.0416716
-68.3544,37.9747,0.0242336,0.0431708
-64.557,37.9747,0.024404,0.0446853
-60.7595,37.9747,0.0245729,0.0462151
-56.962,37.9747,0.0247401,0.0477602
-53.1646,37.9747,0.0249058,0.0493206
-49.3671,37.9747,0.0250699,0.0508963
-45.5696,37.9747,0.0252324,0.0524873
-41.7722,37.9747,0.0253933,0.0540937
-37.9747,37.9747,0.0255527,0.0557153
-34.1772,37.9747,0.0257104,0.0573523
-30.3797,37.9747,0.0258666,0.0590045
-26.5823,37.9747,0.0260212,0.0606721
-22.7848,37.9747,0.0261742,0.062355
-18.9873,37.9747,0.0263256,0.0640532
-15.1899,37.9747,0.0264755,0.0657668
-11.3924,37.9747,0.0266237,0.0674956
-7.59494,37.9747,0.0267704,0.0692398
-3.79747,37.9747,0.0269155,0.0709992
0,37.9747,0.027059,0.072774
-300,41.7722,0.0117319,-0.0175788
-296.203,41.7722,0.0119974,-0.0170017
-292.405,41.7722,0.0122613,-0.0164092
-288.608,41.7722,0.0125236,-0.0158015
-284.81,41.7722,0.0127843,-0.0151784
-281.013,41.7722,0.0130435,-0.0145401
-277.215,41.7722,0.0133011,-0.0138864
-273.418,41.7722,0.013557,-0.0132174
-269.62,41.7722,0.0138114,-0.0125331
-265.823,41.7722,0.0140642,-0.0118334
-262.025,41.7722,0.0143155,-0.0111185
-258.228,41.7722,0.0145651,-0.0103883
-254.43,41.7722,0.0148132,-0.0096427
-250.633,41.7722,0.0150597,-0.00888184
-246.835,41.7722,0.0153045,-0.00810566
-243.038,41.7722,0.0155479,-0.00731416
-239.241,41.7722,0.0157896,-0.00650736
-235.443,41.7722,0.0160297,-0.00568525
-231.646,41.7722,0.0162683,-0.00484782
-227.848,41.7722,0.0165052,-0.00399508
-224.051,41.7722,0.0167406,-0.00312703
-220.253,41.7722,0.0169744,-0.00224367
-216.456,41.7722,0.0172066,-0.001345
-212.658,41.7722,0.0174373,-0.000431015
-208.861,41.7722,0.0176663,0.000498281
-205.063,41.7722,0.0178938,0.00144289
-201.266,41.7722,0.0181197,0.00240281
-197.468,41.7722,0.018344,0.00337804
-193.671,41.7722,0.0185667,0.00436858
-189.873,41.7722,0.0187878,0.00537444
-186.076,41.7722,0.0190074,0.0063956
-182.278,41.7722,0.0192253,0.00743208
-178.481,41.7722,0.0194417,0.00848387
-174.684,41.7722,0.0196565,0.00955097
-170.886,41.7722,0.0198697,0.0106334
-167.089,41.7722,0.0200813,0.0117311
-163.291,41.7722,0.0202914,0.0128441
-159.494,41.7722,0.0204998,0.0139725
-155.696,41.7722,0.0207067,0.0151162
-151.899,41.7722,0.020912,0.0162751
-148.101,41.7722,0.0211157,0.0174494
-144.304,41.7722,0.0213178,0.018639
-140.506,41.7722,0.0215184,0.0198439
-136.709,41.7722,0.0217173,0.0210641
-132.911,41.7722,0.0219147,0.0222997
-129.114,41.7722,0.0221105,0.0235505
-125.316,41.7722,0.0223047,0.0248166
-121.519,41.7722,0.0224973,0.0260981
-117.722,41.7722,0.0226883,0.0273949
-113.924,41.7722,0.0228778,0.028707
-110.127,41.7722,0.0230656,0.0300344
-106.329,41.7722,0.0232519,0.0313771
-102.532,41.7722,0.0234366,0.0327351
-98.7342,41.7722,0.0236197,0.0341084
-94.9367,41.7722,0.0238013,0.0354971
-91.1392,41.7722,0.0239812,0.036901
-87.3418,41.7722,0.0241596,0.0383203
-83.5443,41.7722,0.0243363,0.0397549
-79.7468,41.7722,0.0245115,0.0412048
-75.9494,41.7722,0.0246851,0.04267
-72.1519,41.7722,0.0248572,0.0441505
-68.3544,41.7722,0.0250276,0.0456463
-64.557,41.7722,0.0251964,0.0471575
-60.7595,41.7722,0.0253637,0.0486839
-56.962,41.7722,0.0255294,0.0502257
-53.1646,41.7722,0.0256935,0.0517828
-49.3671,41.7722,0.025856,0.0533552
-45.5696,41.7722,0.026017,0.0549428
-41.7722,41.7722,0.0261763,0.0565459
-37.9747,41.7722,0.0263341,0.0581642
-34.1772,41.7722,0.0264903,0.0597978
-30.3797,41.7722,0.0266449,0.0614468
-26.5823,41.7722,0.0267979,0.063111
-22.7848,41.7722,0.0269493,0.0647906
-18.9873,41.7722,0.0270991,0.0664855
-15.1899,41.7722,0.0272474,0.0681956
-11.3924,41.7722,0.0273941,0.0699212
-7.59494,41.7722,0.0275392,0.071662
-3.79747,41.7722,0.0276827,0.0734181
0,41.7722,0.0278246,0.0751895
-300,45.5696,0.0126134,-0.0149273
-296.203,45.5696,0.0128774,-0.0143535
-292.405,45.5696,0.0131397,-0.0137644
-288.608,45.5696,0.0134004,-0.01316
-284.81,45.5696,0.0136596,-0.0125403
-281.013,45.5696,0.0139172,-0.0119052
-277.215,45.5696,0.0141731,-0.0112549
-273.418,45.5696,0.0144275,-0.0105892
-269.62,45.5696,0.0146804,-0.00990824
-265.823,45.5696,0.0149316,-0.00921196
-262.025,45.5696,0.0151813,-0.00850036
-258.228,45.5696,0.0154293,-0.00777344
-254.43,45.5696,0.0156758,-0.00703122
-250.633,45.5696,0.0159207,-0.00627369
-246.835,45.5696,0.016164,-0.00550084
-243.038,45.5696,0.0164058,-0.00471268
-239.241,45.5696,0.0166459,-0.00390921
-235.443,45.5696,0.0168845,-0.00309043
-231.646,45.5696,0.0171215,-0.00225634
-227.848,45.5696,0.0173568,-0.00140693
-224.051,45.5696,0.0175907,-0.000542217
-220.253,45.5696,0.0178229,0.000337811
-216.456,45.5696,0.0180535,0.00123315
-212.658,45.5696,0.0182826,0.0021438
-208.861,45.5696,0.0185101,0.00306976
-205.063,45.5696,0.018736,0.00401104
-201.266,45.5696,0.0189603,0.00496763
-197.468,45.5696,0.019183,0.00593952
-193.671,45.5696,0.0194041,0.00692673
-189.873,45.5696,0.0196237,0.00792925
-186.076,45.5696,0.0198417,0.00894709
-182.278,45.5696,0.020058,0.00998023
-178.481,45.5696,0.0202728,0.0110287
-174.684,45.5696,0.0204861,0.0120925
-170.886,45.5696,0.0206977,0.0131715
-167.089,45.5696,0.0209077,0.0142659
-163.291,45.5696,0.0211162,0.0153756
-159.494,45.5696,0.0213231,0.0165006
-155.696,45.5696,0.0215284,0.017641
-151.899,45.5696,0.0217321,0.0187966
-148.101,45.5696,0.0219342,0.0199676
-144.304,45.5696,0.0221348,0.0211538
-140.506,45.5696,0.0223337,0.0223554
-136.709,45.5696,0.0225311,0.0235723
-132.911,45.5696,0.0227269,0.0248045
-129.114,45.5696,0.0229211,0.026052
-125.316,45.5696,0.0231138,0.0273148
-121.519,45.5696,0.0233048,0.0285929
-117.722,45.5696,0.0234942,0.0298864
-113.924,45.5696,0.0236821,0.0311951
-110.127,45.5696,0.0238684,0.0325192
-106.329,45.5696,0.0240531,0.0338586
-102.532,45.5696,0.0242362,0.0352133
-98.7342,45.5696,0.0244178,0.0365833
-94.9367,45.5696,0.0245977,0.0379686
-91.1392,45.5696,0.0247761,0.0393692
-87.3418,45.5696,0.0249529,0.0407851
-83.5443,45.5696,0.0251281,0.0422164
-79.7468,45.5696,0.0253017,0.0436629
-75.9494,45.5696,0.0254737,0.0451248
-72.1519,45.5696,0.0256442,0.046602
-68.3544,45.5696,0.025813,0.0480945
-64.557,45.5696,0.0259803,0.0496023
-60.7595,45.5696,0.026146,0.0511254
-56.962,45.5696,0.0263101,0.0526638
-53.1646,45.5696,0.0264727,0.0542176
-49.3671,45.5696,0.0266336,0.0557866
-45.5696,45.5696,0.026793,0.057371
-41.7722,45.5696,0.0269507,0.0589707
-37.9747,45.5696,0.0271069,0.0605857
-34.1772,45.5696,0.0272615,0.062216
-30.3797,45.5696,0.0274146,0.0638616
-26.5823,45.5696,0.027566,0.0655225
-22.7848,45.5696,0.0277158,0.0671987
-18.9873,45.5696,0.0278641,0.0688903
-15.1899,45.5696,0.0280108,0.0705971
-11.3924,45.5696,0.0281559,0.0723193
-7.59494,45.5696,0.0282994,0.0740568
-3.79747,45.5696,0.0284414,0.0758096
0,45.5696,0.0285817,0.0775777
-300,49.3671,0.0134864,-0.0123032
-296.203,49.3671,0.0137488,-0.0117328
-292.405,49.3671,0.0140095,-0.011147
-288.608,49.3671,0.0142687,-0.0105459
-284.81,49.3671,0.0145263,-0.00992952
-281.013,49.3671,0.0147823,-0.00929781
-277.215,49.3671,0.0150367,-0.00865079
-273.418,49.3671,0.0152895,-0.00798846
-269.62,49.3671,0.0155407,-0.00731081
-265.823,49.3671,0.0157904,-0.00661786
-262.025,49.3671,0.0160385,-0.00590959
-258.228,49.3671,0.016285,-0.00518601
-254.43,49.3671,0.0165299,-0.00444712
-250.633,49.3671,0.0167732,-0.00369292
-246.835,49.3671,0.017015,-0.00292341
-243.038,49.3671,0.0172551,-0.00213859
-239.241,49.3671,0.0174937,-0.00133845
-235.443,49.3671,0.0177307,-0.000523
-231.646,49.3671,0.0179661,0.000307759
-227.848,49.3671,0.0181999,0.00115383
-224.051,49.3671,0.0184321,0.00201521
-220.253,49.3671,0.0186628,0.00289191
-216.456,49.3671,0.0188919,0.00378392
-212.658,49.3671,0.0191193,0.00469123
-208.861,49.3671,0.0193452,0.00561386
-205.063,49.3671,0.0195696,0.0065518
-201.266,49.3671,0.0197923,0.00750506
-197.468,49.3671,0.0200134,0.00847362
-193.671,49.3671,0.020233,0.0094575
-189.873,49.3671,0.020451,0.0104567
-186.076,49.3671,0.0206674,0.0114712
-182.278,49.3671,0.0208822,0.012501
-178.481,49.3671,0.0210954,0.0135461
-174.684,49.3671,0.0213071,0.0146066
-170.886,49.3671,0.0215171,0.0156823
-167.089,49.3671,0.0217256,0.0167734
-163.291,49.3671,0.0219325,0.0178797
-159.494,49.3671,0.0221378,0.0190014
-155.696,49.3671,0.0223415,0.0201384
-151.899,49.3671,0.0225436,0.0212907
-148.101,49.3671,0.0227442,0.0224583
-144.304,49.3671,0.0229432,0.0236413
-140.506,49.3671,0.0231406,0.0248395
-136.709,49.3671,0.0233364,0.026053
-132.911,49.3671,0.0235306,0.0272819
-129.114,49.3671,0.0237232,0.0285261
-125.316,49.3671,0.0239143,0.0297856
-121.519,49.3671,0.0241037,0.0310604
-117.722,49.3671,0.0242916,0.0323505
-113.924,49.3671,0.0244779,0.0336559
-110.127,49.3671,0.0246626,0.0349766
-106.329,49.3671,0.0248458,0.0363127
-102.532,49.3671,0.0250273,0.037664
-98.7342,49.3671,0.0252073,0.0390307
-94.9367,49.3671,0.0253856,0.0404127
-91.1392,49.3671,0.0255624,0.04181
-87.3418,49.3671,0.0257376,0.0432226
-83.5443,49.3671,0.0259113,0.0446505
-79.7468,49.3671,0.0260833,0.0460937
-75.9494,49.3671,0.0262538,0.0475523
-72.1519,49.3671,0.0264226,0.0490261
-68.3544,49.3671,0.0265899,0.0505153
-64.557,49.3671,0.0267556,0.0520197
-60.7595,49.3671,0.0269197,0.0535395
-56.962,49.3671,0.0270823,0.0550746
-53.1646,49.3671,0.0272432,0.056625
-49.3671,49.3671,0.0274026,0.0581907
-45.5696,49.3671,0.0275604,0.0597718
-41.7722,49.3671,0.0277166,0.0613681
-37.9747,49.3671,0.0278712,0.0629798
-34.1772,49.3671,0.0280242,0.0646067
-30.3797,49.3671,0.0281757,0.066249
-26.5823,49.3671,0.0283255,0.0679066
-22.7848,49.3671,0.0284738,0.0695795
-18.9873,49.3671,0.0286205,0.0712677
-15.1899,49.3671,0.0287656,0.0729712
-11.3924,49.3671,0.0289092,0.0746901
-7.59494,49.3671,0.0290511,0.0764242
-3.79747,49.3671,0.0291915,0.0781737
0,49.3671,0.0293302,0.0799385
-300,53.1646,0.0143508,-0.00970652
-296.203,53.1646,0.0146116,-0.00913939
-292.405,53.1646,0.0148708,-0.00855695
-288.608,53.1646,0.0151284,-0.0079592
-284.81,53.1646,0.0153844,-0.00734614
-281.013,53.1646,0.0156388,-0.00671776
-277.215,53.1646,0.0158916,-0.00607408
-273.418,53.1646,0.0161429,-0.00541508
-269.62,53.1646,0.0163926,-0.00474077
-265.823,53.1646,0.0166406,-0.00405115
-262.025,53.1646,0.0168871,-0.00334621
-258.228,53.1646,0.0171321,-0.00262597
-254.43,53.1646,0.0173754,-0.00189041
-250.633,53.1646,0.0176171,-0.00113954
-246.835,53.1646,0.0178573,-0.000373365
-243.038,53.1646,0.0180959,0.000408127
-239.241,53.1646,0.0183329,0.00120493
-235.443,53.1646,0.0185683,0.00201705
-231.646,53.1646,0.0188021,0.00284447
-227.848,53.1646,0.0190344,0.00368721
-224.051,53.1646,0.019265,0.00454526
-220.253,53.1646,0.0194941,0.00541862
-216.456,53.1646,0.0197216,0.00630729
-212.658,53.1646,0.0199475,0.00721128
-208.861,53.1646,0.0201718,0.00813058
-205.063,53.1646,0.0203946,0.00906518
-201.266,53.1646,0.0206157,0.0100151
-197.468,53.1646,0.0208353,0.0109803
-193.671,53.1646,0.0210533,0.0119609
-189.873,53.1646,0.0212697,0.0129567
-186.076,53.1646,0.0214845,0.0139679
-182.278,53.1646,0.0216978,0.0149944
-178.481,53.1646,0.0219094,0.0160362
-174.684,53.1646,0.0221195,0.0170933
-170.886,53.1646,0.022328,0.0181657
-167.089,53.1646,0.0225349,0.0192534
-163.291,53.1646,0.0227402,0.0203564
-159.494,53.1646,0.0229439,0.0214748
-155.696,53.1646,0.0231461,0.0226085
-151.899,53.1646,0.0233466,0.0237574
-148.101,53.1646,0.0235456,0.0249217
-144.304,53.1646,0.023743,0.0261013
-140.506,53.1646,0.0239388,0.0272962
-136.709,53.1646,0.024133,0.0285064
-132.911,53.1646,0.0243257,0.029732
-129.114,53.1646,0.0245167,0.0309728
-125.316,53.1646,0.0247062,0.032229
-121.519,53.1646,0.0248941,0.0335004
-117.722,53.1646,0.0250804,0.0347872
-113.924,53.1646,0.0252651,0.0360893
-110.127,53.1646,0.0254483,0.0374067
-106.329,53.1646,0.0256298,0.0387394
-102.532,53.1646,0.0258098,0.0400874
-98.7342,53.1646,0.0259882,0.0414507
-94.9367,53.1646,0.026165,0.0428294
-91.1392,53.1646,0.0263402,0.0442234
-87.3418,53.1646,0.0265138,0.0456326
-83.5443,53.1646,0.0266859,0.0470572
-79.7468,53.1646,0.0268564,0.0484971
-75.9494,53.1646,0.0270252,0.0499523
-72.1519,53.1646,0.0271925,0.0514228
-68.3544,53.1646,0.0273582,0.0529086
-64.557,53.1646,0.0275224,0.0544098
-60.7595,53.1646,0.0276849,0.0559262
-56.962,53.1646,0.0278459,0.057458
-53.1646,53.1646,0.0280053,0.0590051
-49.3671,53.1646,0.028163,0.0605675
-45.5696,53.1646,0.0283193,0.0621452
-41.7722,53.1646,0.0284739,0.0637382
-37.9747,53.1646,0.0286269,0.0653465
-34.1772,53.1646,0.0287784,0.0669701
-30.3797,53.1646,0.0289283,0.0686091
-26.5823,53.1646,0.0290765,0.0702633
-22.7848,53.1646,0.0292232,0.0719329
-18.9873,53.1646,0.0293684,0.0736178
-15.1899,53.1646,0.0295119,0.075318
-11.3924,53.1646,0.0296539,0.0770335
-7.59494,53.1646,0.0297942,0.0787643
-3.79747,53.1646,0.029933,0.0805104
0,53.1646,0.0300702,0.0822718
-300,56.962,0.0152067,-0.0071372
-296.203,56.962,0.0154659,-0.0065734
-292.405,56.962,0.0157235,-0.0059943
-288.608,56.962,0.0159795,-0.00539988
-284.81,56.962,0.0162339,-0.00479015
-281.013,56.962,0.0164868,-0.00416511
-277.215,56.962,0.016738,-0.00352475
-273.418,56.962,0.0169877,-0.00286909
-269.62,56.962,0.0172358,-0.00219811
-265.823,56.962,0.0174823,-0.00151182
-262.025,56.962,0.0177272,-0.000810222
-258.228,56.962,0.0179706,-9.33104e-05
-254.43,56.962,0.0182123,0.000638913
-250.633,56.962,0.0184525,0.00138645
-246.835,56.962,0.0186911,0.00214929
-243.038,56.962,0.0189281,0.00292745
-239.241,56.962,0.0191635,0.00372092
-235.443,56.962,0.0193974,0.00452971
-231.646,56.962,0.0196296,0.0053538
-227.848,56.962,0.0198603,0.0061932
-224.051,56.962,0.0200894,0.00704792
-220.253,56.962,0.0203169,0.00791795
-216.456,56.962,0.0205428,0.00880329
-212.658,56.962,0.0207671,0.00970394
-208.861,56.962,0.0209899,0.0106199
-205.063,56.962,0.0212111,0.0115512
-201.266,56.962,0.0214306,0.0124978
-197.468,56.962,0.0216486,0.0134597
-193.671,56.962,0.0218651,0.0144369
-189.873,56.962,0.0220799,0.0154294
-186.076,56.962,0.0222931,0.0164372
-182.278,56.962,0.0225048,0.0174604
-178.481,56.962,0.0227149,0.0184988
-174.684,56.962,0.0229234,0.0195526
-170.886,56.962,0.0231303,0.0206217
-167.089,56.962,0.0233356,0.0217061
-163.291,56.962,0.0235393,0.0228058
-159.494,56.962,0.0237415,0.0239208
-155.696,56.962,0.0239421,0.0250511
-151.899,56.962,0.024141,0.0261968
-148.101,56.962,0.0243385,0.0273577
-144.304,56.962,0.0245343,0.028534
-140.506,56.962,0.0247285,0.0297255
-136.709,56.962,0.0249212,0.0309324
-132.911,56.962,0.0251122,0.0321546
-129.114,56.962,0.0253017,0.0333921
-125.316,56.962,0.0254896,0.0346449
-121.519,56.962,0.0256759,0.0359131
-117.722,56.962,0.0258607,0.0371965
-113.924,56.962,0.0260438,0.0384953
-110.127,56.962,0.0262254,0.0398093
-106.329,56.962,0.0264053,0.0411387
-102.532,56.962,0.0265837,0.0424834
-98.7342,56.962,0.0267605,0.0438434
-94.9367,56.962,0.0269358,0.0452187
-91.1392,56.962,0.0271094,0.0466094
-87.3418,56.962,0.0272815,0.0480153
-83.5443,56.962,0.027452,0.0494365
-79.7468,56.962,0.0276208,0.0508731
-75.9494,56.962,0.0277881,0.052325
-72.1519,56.962,0.0279539,0.0537922
-68.3544,56.962,0.028118,0.0552746
-64.557,56.962,0.0282806,0.0567725
-60.7595,56.962,0.0284415,0.0582856
-56.962,56.962,0.0286009,0.059814
-53.1646,56.962,0.0287587,0.0613577
-49.3671,56.962,0.0289149,0.0629168
-45.5696,56.962,0.0290696,0.0644912
-41.7722,56.962,0.0292226,0.0660808
-37.9747,56.962,0.0293741,0.0676858
-34.1772,56.962,0.029524,0.0693061
-30.3797,56.962,0.0296723,0.0709417
-26.5823,56.962,0.029819,0.0725927
-22.7848,56.962,0.0299641,0.0742589
-18.9873,56.962,0.0301076,0.0759404
-15.1899,56.962,0.0302496,0.0776373
-11.3924,56.962,0.03039,0.0793495
-7.59494,56.962,0.0305288,0.0810769
-3.79747,56.962,0.030666,0.0828197
0,56.962,0.0308016,0.0845778
-300,60.7595,0.016054,-0.00459526
-296.203,60.7595,0.0163116,-0.0040348
-292.405,60.7595,0.0165676,-0.00345902
-288.608,60.7595,0.0168221,-0.00286794
-284.81,60.7595,0.0170749,-0.00226154
-281.013,60.7595,0.0173262,-0.00163983
-277.215,60.7595,0.0175759,-0.00100281
-273.418,60.7595,0.017824,-0.000350481
-269.62,60.7595,0.0180705,0.000317163
-265.823,60.7595,0.0183154,0.00100012
-262.025,60.7595,0.0185588,0.00169839
-258.228,60.7595,0.0188006,0.00241196
-254.43,60.7595,0.0190407,0.00314085
-250.633,60.7595,0.0192793,0.00388506
-246.835,60.7595,0.0195164,0.00464457
-243.038,60.7595,0.0197518,0.00541939
-239.241,60.7595,0.0199856,0.00620953
-235.443,60.7595,0.0202179,0.00701498
-231.646,60.7595,0.0204486,0.00783574
-227.848,60.7595,0.0206777,0.00867181
-224.051,60.7595,0.0209052,0.0095232
-220.253,60.7595,0.0211311,0.0103899
-216.456,60.7595,0.0213554,0.0112719
-212.658,60.7595,0.0215782,0.0121692
-208.861,60.7595,0.0217994,0.0130818
-205.063,60.7595,0.022019,0.0140098
-201.266,60.7595,0.022237,0.014953
-197.468,60.7595,0.0224534,0.0159116
-193.671,60.7595,0.0226682,0.0168855
-189.873,60.7595,0.0228815,0.0178747
-186.076,60.7595,0.0230932,0.0188792
-182.278,60.7595,0.0233032,0.019899
-178.481,60.7595,0.0235117,0.0209341
-174.684,60.7595,0.0237187,0.0219845
-170.886,60.7595,0.023924,0.0230503
-167.089,60.7595,0.0241277,0.0241313
-163.291,60.7595,0.0243299,0.0252277
-159.494,60.7595,0.0245305,0.0263394
-155.696,60.7595,0.0247295,0.0274664
-151.899,60.7595,0.0249269,0.0286087
-148.101,60.7595,0.0251227,0.0297663
-144.304,60.7595,0.025317,0.0309392
-140.506,60.7595,0.0255096,0.0321275
-136.709,60.7595,0.0257007,0.033331
-132.911,60.7595,0.0258902,0.0345499
-129.114,60.7595,0.0260781,0.0357841
-125.316,60.7595,0.0262644,0.0370336
-121.519,60.7595,0.0264492,0.0382984
-117.722,60.7595,0.0266323,0.0395785
-113.924,60.7595,0.0268139,0.0408739
-110.127,60.7595,0.0269939,0.0421846
-106.329,60.7595,0.0271723,0.0435107
-102.532,60.7595,0.0273491,0.044852
-98.7342,60.7595,0.0275244,0.0462087
-94.9367,60.7595,0.027698,0.0475807
-91.1392,60.7595,0.0278701,0.048968
-87.3418,60.7595,0.0280406,0.0503706
-83.5443,60.7595,0.0282095,0.0517885
-79.7468,60.7595,0.0283768,0.0532217
-75.9494,60.7595,0.0285425,0.0546702
-72.1519,60.7595,0.0287066,0.0561341
-68.3544,60.7595,0.0288692,0.0576133
-64.557,60.7595,0.0290302,0.0591077
-60.7595,60.7595,0.0291896,0.0606175
-56.962,60.7595,0.0293474,0.0621426
-53.1646,60.7595,0.0295036,0.063683
-49.3671,60.7595,0.0296583,0.0652387
-45.5696,60.7595,0.0298113,0.0668098
-41.7722,60.7595,0.0299628,0.0683961
-37.9747,60.7595,0.0301127,0.0699978
-34.1772,60.7595,0.030261,0.0716147
-30.3797,60.7595,0.0304077,0.073247
-26.5823,60.7595,0.0305528,0.0748946
-22.7848,60.7595,0.0306964,0.0765575
-18.9873,60.7595,0.0308384,0.0782357
-15.1899,60.7595,0.0309788,0.0799292
-11.3924,60.7595,0.0311176,0.0816381
-7.59494,60.7595,0.0312548,0.0833622
-3.79747,60.7595,0.0313904,0.0851017
0,60.7595,0.0315245,0.0868565
-300,64.557,0.0168927,-0.00208071
-296.203,64.557,0.0171488,-0.00152358
-292.405,64.557,0.0174032,-0.000951136
-288.608,64.557,0.0176561,-0.000363384
-284.81,64.557,0.0179074,0.00023968
-281.013,64.557,0.018157,0.000858055
-277.215,64.557,0.0184052,0.00149174
-273.418,64.557,0.0186517,0.00214074
-269.62,64.557,0.0188966,0.00280505
-265.823,64.557,0.01914,0.00348467
-262.025,64.557,0.0193818,0.00417961
-258.228,64.557,0.019622,0.00488985
-254.43,64.557,0.0198606,0.00561541
-250.633,64.557,0.0200976,0.00635628
-246.835,64.557,0.020333,0.00711246
-243.038,64.557,0.0205669,0.00788395
-239.241,64.557,0.0207992,0.00867075
-235.443,64.557,0.0210298,0.00947287
-231.646,64.557,0.021259,0.0102903
-227.848,64.557,0.0214865,0.011123
-224.051,64.557,0.0217124,0.0119711
-220.253,64.557,0.0219368,0.0128344
-216.456,64.557,0.0221595,0.0137131
-212.658,64.557,0.0223807,0.0146071
-208.861,64.557,0.0226003,0.0155164
-205.063,64.557,0.0228183,0.016441
-201.266,64.557,0.0230348,0.0173809
-197.468,64.557,0.0232496,0.0183362
-193.671,64.557,0.0234629,0.0193067
-189.873,64.557,0.0236745,0.0202926
-186.076,64.557,0.0238846,0.0212937
-182.278,64.557,0.0240931,0.0223102
-178.481,64.557,0.0243001,0.023342
-174.684,64.557,0.0245054,0.0243891
-170.886,64.557,0.0247092,0.0254515
-167.089,64.557,0.0249113,0.0265292
-163.291,64.557,0.0251119,0.0276223
-159.494,64.557,0.0253109,0.0287306
-155.696,64.557,0.0255084,0.0298543
-151.899,64.557,0.0257042,0.0309933
-148.101,64.557,0.0258985,0.0321475
-144.304,64.557,0.0260911,0.0333171
-140.506,64.557,0.0262822,0.034502
-136.709,64.557,0.0264717,0.0357023
-132.911,64.557,0.0266596,0.0369178
-129.114,64.557,0.026846,0.0381486
-125.316,64.557,0.0270307,0.0393948
-121.519,64.557,0.0272139,0.0406563
-117.722,64.557,0.0273955,0.041933
-113.924,64.557,0.0275755,0.0432251
-110.127,64.557,0.0277539,0.0445325
-106.329,64.557,0.0279307,0.0458552
-102.532,64.557,0.0281059,0.0471933
-98.7342,64.557,0.0282796,0.0485466
-94.9367,64.557,0.0284517,0.0499152
-91.1392,64.557,0.0286222,0.0512992
-87.3418,64.557,0.0287911,0.0526985
-83.5443,64.557,0.0289584,0.054113
-79.7468,64.557,0.0291241,0.0555429
-75.9494,64.557,0.0292883,0.0569881
-72.1519,64.557,0.0294509,0.0584487
-68.3544,64.557,0.0296118,0.0599245
-64.557,64.557,0.0297713,0.0614156
-60.7595,64.557,0.0299291,0.0629221
-56.962,64.557,0.0300853,0.0644438
-53.1646,64.557,0.03024,0.0659809
-49.3671,64.557,0.030393,0.0675333
-45.5696,64.557,0.0305445,0.069101
-41.7722,64.557,0.0306944,0.070684
-37.9747,64.557,0.0308427,0.0722823
-34.1772,64.557,0.0309894,0.073896
-30.3797,64.557,0.0311346,0.0755249
-26.5823,64.557,0.0312782,0.0771692
-22.7848,64.557,0.0314201,0.0788287
-18.9873,64.557,0.0315605,0.0805036
-15.1899,64.557,0.0316993,0.0821938
-11.3924,64.557,0.0318366,0.0838993
-7.59494,64.557,0.0319722,0.0856201
-3.79747,64.557,0.0321063,0.0873563
0,64.557,0.0322387,0.0891077
-300,68.3544,0.0177229,0.000406464
-296.203,68.3544,0.0179774,0.000960259
-292.405,68.3544,0.0182302,0.00152937
-288.608,68.3544,0.0184815,0.00211379
-284.81,68.3544,0.0187312,0.00271352
-281.013,68.3544,0.0189793,0.00332856
-277.215,68.3544,0.0192259,0.00395891
-273.418,68.3544,0.0194708,0.00460458
-269.62,68.3544,0.0197142,0.00526555
-265.823,68.3544,0.019956,0.00594184
-262.025,68.3544,0.0201962,0.00663344
-258.228,68.3544,0.0204348,0.00734036
-254.43,68.3544,0.0206718,0.00806258
-250.633,68.3544,0.0209073,0.00880012
-246.835,68.3544,0.0211412,0.00955296
-243.038,68.3544,0.0213734,0.0103211
-239.241,68.3544,0.0216041,0.0111046
-235.443,68.3544,0.0218332,0.0119034
-231.646,68.3544,0.0220608,0.0127175
-227.848,68.3544,0.0222867,0.0135469
-224.051,68.3544,0.0225111,0.0143916
-220.253,68.3544,0.0227339,0.0152516
-216.456,68.3544,0.022955,0.016127
-212.658,68.3544,0.0231747,0.0170176
-208.861,68.3544,0.0233927,0.0179236
-205.063,68.3544,0.0236091,0.0188449
-201.266,68.3544,0.023824,0.0197814
-197.468,68.3544,0.0240372,0.0207333
-193.671,68.3544,0.0242489,0.0217005
-189.873,68.3544,0.024459,0.0226831
-186.076,68.3544,0.0246676,0.0236809
-182.278,68.3544,0.0248745,0.024694
-178.481,68.3544,0.0250798,0.0257225
-174.684,68.3544,0.0252836,0.0267663
-170.886,68.3544,0.0254858,0.0278254
-167.089,68.3544,0.0256864,0.0288997
-163.291,68.3544,0.0258854,0.0299894
-159.494,68.3544,0.0260828,0.0310945
-155.696,68.3544,0.0262787,0.0322148
-151.899,68.3544,0.0264729,0.0333504
-148.101,68.3544,0.0266656,0.0345014
-144.304,68.3544,0.0268567,0.0356676
-140.506,68.3544,0.0270462,0.0368492
-136.709,68.3544,0.0272341,0.0380461
-132.911,68.3544,0.0274205,0.0392583
-129.114,68.3544,0.0276052,0.0404858
-125.316,68.3544,0.0277884,0.0417286
-121.519,68.3544,0.02797,0.0429868
-117.722,68.3544,0.02815,0.0442602
-113.924,68.3544,0.0283284,0.045549
-110.127,68.3544,0.0285053,0.046853
-106.329,68.3544,0.0286805,0.0481724
-102.532,68.3544,0.0288542,0.0495071
-98.7342,68.3544,0.0290263,0.0508571
-94.9367,68.3544,0.0291968,0.0522224
-91.1392,68.3544,0.0293657,0.053603
-87.3418,68.3544,0.029533,0.054999
-83.5443,68.3544,0.0296988,0.0564102
-79.7468,68.3544,0.0298629,0.0578368
-75.9494,68.3544,0.0300255,0.0592787
-72.1519,68.3544,0.0301865,0.0607358
-68.3544,68.3544,0.0303459,0.0622083
-64.557,68.3544,0.0305038,0.0636961
-60.7595,68.3544,0.03066,0.0651993
-56.962,68.3544,0.0308147,0.0667177
-53.1646,68.3544,0.0309677,0.0682514
-49.3671,68.3544,0.0311192,0.0698005
-45.5696,68.3544,0.0312691,0.0713648
-41.7722,68.3544,0.0314175,0.0729445
-37.9747,68.3544,0.0315642,0.0745395
-34.1772,68.3544,0.0317093,0.0761498
-30.3797,68.3544,0.0318529,0.0777754
-26.5823,68.3544,0.0319949,0.0794163
-22.7848,68.3544,0.0321353,0.0810726
-18.9873,68.3544,0.0322741,0.0827441
-15.1899,68.3544,0.0324114,0.084431
-11.3924,68.3544,0.032547,0.0861332
-7.59494,68.3544,0.0326811,0.0878506
-3.79747,68.3544,0.0328136,0.0895834
0,68.3544,0.0329445,0.0913315
-300,72.1519,0.0185445,0.00286625
-296.203,72.1519,0.0187974,0.00341671
-292.405,72.1519,0.0190487,0.00398248
-288.608,72.1519,0.0192984,0.00456357
-284.81,72.1519,0.0195465,0.00515997
-281.013,72.1519,0.0197931,0.00577168
-277.215,72.1519,0.020038,0.0063987
-273.418,72.1519,0.0202814,0.00704103
-269.62,72.1519,0.0205232,0.00769867
-265.823,72.1519,0.0207634,0.00837163
-262.025,72.1519,0.021002,0.0090599
-258.228,72.1519,0.0212391,0.00976347
-254.43,72.1519,0.0214745,0.0104824
-250.633,72.1519,0.0217084,0.0112166
-246.835,72.1519,0.0219407,0.0119661
-243.038,72.1519,0.0221714,0.0127309
-239.241,72.1519,0.0224005,0.013511
-235.443,72.1519,0.0226281,0.0143065
-231.646,72.1519,0.022854,0.0151173
-227.848,72.1519,0.0230784,0.0159433
-224.051,72.1519,0.0233012,0.0167847
-220.253,72.1519,0.0235224,0.0176414
-216.456,72.1519,0.023742,0.0185134
-212.658,72.1519,0.02396,0.0194007
-208.861,72.1519,0.0241765,0.0203034
-205.063,72.1519,0.0243913,0.0212213
-201.266,72.1519,0.0246046,0.0221546
-197.468,72.1519,0.0248163,0.0231031
-193.671,72.1519,0.0250264,0.024067
-189.873,72.1519,0.025235,0.0250462
-186.076,72.1519,0.0254419,0.0260407
-182.278,72.1519,0.0256473,0.0270505
-178.481,72.1519,0.025851,0.0280756
-174.684,72.1519,0.0260532,0.0291161
-170.886,72.1519,0.0262538,0.0301718
-167.089,72.1519,0.0264529,0.0312429
-163.291,72.1519,0.0266503,0.0323292
-159.494,72.1519,0.0268462,0.0334309
-155.696,72.1519,0.0270404,0.0345479
-151.899,72.1519,0.0272331,0.0356802
-148.101,72.1519,0.0274242,0.0368278
-144.304,72.1519,0.0276137,0.0379908
-140.506,72.1519,0.0278017,0.039169
-136.709,72.1519,0.027988,0.0403626
-132.911,72.1519,0.0281728,0.0415714
-129.114,72.1519,0.028356,0.0427956
-125.316,72.1519,0.0285376,0.0440351
-121.519,72.1519,0.0287176,0.0452899
-117.722,72.1519,0.028896,0.04656
-113.924,72.1519,0.0290729,0.0478454
-110.127,72.1519,0.0292481,0.0491461
-106.329,72.1519,0.0294218,0.0504622
-102.532,72.1519,0.0295939,0.0517936
-98.7342,72.1519,0.0297644,0.0531402
-94.9367,72.1519,0.0299333,0.0545022
-91.1392,72.1519,0.0301007,0.0558795
-87.3418,72.1519,0.0302664,0.0572721
-83.5443,72.1519,0.0304306,0.05868
-79.7468,72.1519,0.0305932,0.0601032
-75.9494,72.1519,0.0307542,0.0615418
-72.1519,72.1519,0.0309136,0.0629956
-68.3544,72.1519,0.0310714,0.0644648
-64.557,72.1519,0.0312277,0.0659493
-60.7595,72.1519,0.0313824,0.067449
-56.962,72.1519,0.0315355,0.0689641
-53.1646,72.1519,0.031687,0.0704946
-49.3671,72.1519,0.0318369,0.0720403
-45.5696,72.1519,0.0319852,0.0736013
-41.7722,72.1519,0.0321319,0.0751776
-37.9747,72.1519,0.0322771,0.0767693
-34.1772,72.1519,0.0324207,0.0783763
-30.3797,72.1519,0.0325627,0.0799985
-26.5823,72.1519,0.0327031,0.0816361
-22.7848,72.1519,0.0328419,0.083289
-18.9873,72.1519,0.0329792,0.0849573
-15.1899,72.1519,0.0331148,0.0866408
-11.3924,72.1519,0.0332489,0.0883396
-7.59494,72.1519,0.0333814,0.0900538
-3.79747,72.1519,0.0335123,0.0917832
0,72.1519,0.0336416,0.093528
-300,75.9494,0.0193576,0.00529865
-296.203,75.9494,0.0196089,0.00584577
-292.405,75.9494,0.0198586,0.00640822
-288.608,75.9494,0.0201067,0.00698597
-284.81,75.9494,0.0203533,0.00757903
-281.013,75.9494,0.0205983,0.00818741
-277.215,75.9494,0.0208416,0.0088111
-273.418,75.9494,0.0210834,0.00945009
-269.62,75.9494,0.0213237,0.0101044
-265.823,75.9494,0.0215623,0.010774
-262.025,75.9494,0.0217993,0.011459
-258.228,75.9494,0.0220348,0.0121592
-254.43,75.9494,0.0222687,0.0128748
-250.633,75.9494,0.022501,0.0136056
-246.835,75.9494,0.0227317,0.0143518
-243.038,75.9494,0.0229608,0.0151133
-239.241,75.9494,0.0231884,0.0158901
-235.443,75.9494,0.0234143,0.0166822
-231.646,75.9494,0.0236387,0.0174897
-227.848,75.9494,0.0238615,0.0183124
-224.051,75.9494,0.0240827,0.0191504
-220.253,75.9494,0.0243024,0.0200038
-216.456,75.9494,0.0245204,0.0208725
-212.658,75.9494,0.0247368,0.0217565
-208.861,75.9494,0.0249517,0.0226558
-205.063,75.9494,0.025165,0.0235704
-201.266,75.9494,0.0253767,0.0245003
-197.468,75.9494,0.0255868,0.0254455
-193.671,75.9494,0.0257954,0.0264061
-189.873,75.9494,0.0260023,0.0273819
-186.076,75.9494,0.0262077,0.0283731
-182.278,75.9494,0.0264115,0.0293796
-178.481,75.9494,0.0266137,0.0304014
-174.684,75.9494,0.0268143,0.0314385
-170.886,75.9494,0.0270133,0.0324909
-167.089,75.9494,0.0272108,0.0335586
-163.291,75.9494,0.0274066,0.0346416
-159.494,75.9494,0.0276009,0.03574
-155.696,75.9494,0.0277936,0.0368536
-151.899,75.9494,0.0279847,0.0379826
-148.101,75.9494,0.0281743,0.0391269
-144.304,75.9494,0.0283622,0.0402865
-140.506,75.9494,0.0285486,0.0414614
-136.709,75.9494,0.0287333,0.0426516
-132.911,75.9494,0.0289165,0.0438572
-129.114,75.9494,0.0290981,0.045078
-125.316,75.9494,0.0292782,0.0463142
-121.519,75.9494,0.0294566,0.0475656
-117.722,75.9494,0.0296334,0.0488324
-113.924,75.9494,0.0298087,0.0501145
-110.127,75.9494,0.0299824,0.0514119
-106.329,75.9494,0.0301545,0.0527246
-102.532,75.9494,0.030325,0.0540526
-98.7342,75.9494,0.030494,0.055396
-94.9367,75.9494,0.0306613,0.0567546
-91.1392,75.9494,0.0308271,0.0581286
-87.3418,75.9494,0.0309913,0.0595178
-83.5443,75.9494,0.0311539,0.0609224
-79.7468,75.9494,0.0313149,0.0623423
-75.9494,75.9494,0.0314743,0.0637775
-72.1519,75.9494,0.0316321,0.065228
-68.3544,75.9494,0.0317884,0.0666939
-64.557,75.9494,0.0319431,0.068175
-60.7595,75.9494,0.0320962,0.0696715
-56.962,75.9494,0.0322477,0.0711832
-53.1646,75.9494,0.0323976,0.0727103
-49.3671,75.9494,0.0325459,0.0742527
-45.5696,75.9494,0.0326927,0.0758104
-41.7722,75.9494,0.0328379,0.0773834
-37.9747,75.9494,0.0329815,0.0789717
-34.1772,75.9494,0.0331235,0.0805753
-30.3797,75.9494,0.0332639,0.0821943
-26.5823,75.9494,0.0334027,0.0838285
-22.7848,75.9494,0.03354,0.0854781
-18.9873,75.9494,0.0336756,0.087143
-15.1899,75.9494,0.0338097,0.0888232
-11.3924,75.9494,0.0339422,0.0905187
-7.59494,75.9494,0.0340731,0.0922295
-3.79747,75.9494,0.0342025,0.0939556
0,75.9494,0.0343302,0.0956971
-300,79.7468,0.020162,0.00770366
-296.203,79.7468,0.0204118,0.00824745
-292.405,79.7468,0.0206599,0.00880656
-288.608,79.7468,0.0209065,0.00938098
-284.81,79.7468,0.0211515,0.00997071
-281.013,79.7468,0.0213949,0.0105758
-277.215,79.7468,0.0216367,0.0111961
-273.418,79.7468,0.0218769,0.0118318
-269.62,79.7468,0.0221156,0.0124828
-265.823,79.7468,0.0223526,0.013149
-262.025,79.7468,0.0225881,0.0138306
-258.228,79.7468,0.022822,0.0145276
-254.43,79.7468,0.0230543,0.0152398
-250.633,79.7468,0.023285,0.0159673
-246.835,79.7468,0.0235141,0.0167102
-243.038,79.7468,0.0237417,0.0174683
-239.241,79.7468,0.0239677,0.0182418
-235.443,79.7468,0.0241921,0.0190306
-231.646,79.7468,0.0244149,0.0198347
-227.848,79.7468,0.0246361,0.0206541
-224.051,79.7468,0.0248557,0.0214888
-220.253,79.7468,0.0250738,0.0223388
-216.456,79.7468,0.0252902,0.0232042
-212.658,79.7468,0.0255051,0.0240848
-208.861,79.7468,0.0257184,0.0249808
-205.063,79.7468,0.0259301,0.0258921
-201.266,79.7468,0.0261402,0.0268186
-197.468,79.7468,0.0263488,0.0277605
-193.671,79.7468,0.0265558,0.0287178
-189.873,79.7468,0.0267611,0.0296903
-186.076,79.7468,0.0269649,0.0306781
-182.278,79.7468,0.0271671,0.0316813
-178.481,79.7468,0.0273678,0.0326997
-174.684,79.7468,0.0275668,0.0337335
-170.886,79.7468,0.0277643,0.0347826
-167.089,79.7468,0.0279601,0.035847
-163.291,79.7468,0.0281544,0.0369267
-159.494,79.7468,0.0283471,0.0380217
-155.696,79.7468,0.0285382,0.039132
-151.899,79.7468,0.0287278,0.0402576
-148.101,79.7468,0.0289157,0.0413986
-144.304,79.7468,0.0291021,0.0425549
-140.506,79.7468,0.0292869,0.0437264
-136.709,79.7468,0.0294701,0.0449133
-132.911,79.7468,0.0296517,0.0461155
-129.114,79.7468,0.0298317,0.047333
-125.316,79.7468,0.0300102,0.0485658
-121.519,79.7468,0.030187,0.049814
-117.722,79.7468,0.0303623,0.0510774
-113.924,79.7468,0.030536,0.0523562
-110.127,79.7468,0.0307081,0.0536502
-106.329,79.7468,0.0308787,0.0549596
-102.532,79.7468,0.0310476,0.0562843
-98.7342,79.7468,0.031215,0.0576243
-94.9367,79.7468,0.0313807,0.0589796
-91.1392,79.7468,0.0315449,0.0603503
-87.3418,79.7468,0.0317075,0.0617362
-83.5443,79.7468,0.0318686,0.0631374
-79.7468,79.7468,0.032028,0.064554
-75.9494,79.7468,0.0321858,0.0659859
-72.1519,79.7468,0.0323421,0.0674331
-68.3544,79.7468,0.0324968,0.0688955
-64.557,79.7468,0.0326499,0.0703734
-60.7595,79.7468,0.0328014,0.0718665
-56.962,79.7468,0.0329514,0.0733749
-53.1646,79.7468,0.0330997,0.0748986
-49.3671,79.7468,0.0332465,0.0764377
-45.5696,79.7468,0.0333916,0.0779921
-41.7722,79.7468,0.0335352,0.0795617
-37.9747,79.7468,0.0336773,0.0811467
-34.1772,79.7468,0.0338177,0.082747
-30.3797,79.7468,0.0339565,0.0843626
-26.5823,79.7468,0.0340938,0.0859936
-22.7848,79.7468,0.0342295,0.0876398
-18.9873,79.7468,0.0343636,0.0893014
-15.1899,79.7468,0.0344961,0.0909782
-11.3924,79.7468,0.034627,0.0926704
-7.59494,79.7468,0.0347563,0.0943779
-3.79747,79.7468,0.0348841,0.0961007
0,79.7468,0.0350103,0.0978388
-300,83.5443,0.020958,0.0100813
-296.203,83.5443,0.0212061,0.0106217
-292.405,83.5443,0.0214527,0.0111775
-288.608,83.5443,0.0216977,0.0117486
-284.81,83.5443,0.0219411,0.012335
-281.013,83.5443,0.0221829,0.0129367
-277.215,83.5443,0.0224232,0.0135537
-273.418,83.5443,0.0226618,0.0141861
-269.62,83.5443,0.0228989,0.0148337
-265.823,83.5443,0.0231344,0.0154967
-262.025,83.5443,0.0233683,0.0161749
-258.228,83.5443,0.0236006,0.0168685
-254.43,83.5443,0.0238313,0.0175774
-250.633,83.5443,0.0240605,0.0183016
-246.835,83.5443,0.024288,0.0190411
-243.038,83.5443,0.024514,0.019796
-239.241,83.5443,0.0247384,0.0205661
-235.443,83.5443,0.0249612,0.0213515
-231.646,83.5443,0.0251824,0.0221523
-227.848,83.5443,0.0254021,0.0229684
-224.051,83.5443,0.0256201,0.0237998
-220.253,83.5443,0.0258366,0.0246465
-216.456,83.5443,0.0260515,0.0255085
-212.658,83.5443,0.0262648,0.0263858
-208.861,83.5443,0.0264765,0.0272784
-205.063,83.5443,0.0266867,0.0281864
-201.266,83.5443,0.0268952,0.0291096
-197.468,83.5443,0.0271022,0.0300482
-193.671,83.5443,0.0273076,0.031002
-189.873,83.5443,0.0275114,0.0319712
-186.076,83.5443,0.0277136,0.0329557
-182.278,83.5443,0.0279142,0.0339556
-178.481,83.5443,0.0281133,0.0349707
-174.684,83.5443,0.0283107,0.0360011
-170.886,83.5443,0.0285066,0.0370469
-167.089,83.5443,0.0287009,0.0381079
-163.291,83.5443,0.0288936,0.0391843
-159.494,83.5443,0.0290848,0.040276
-155.696,83.5443,0.0292743,0.041383
-151.899,83.5443,0.0294623,0.0425053
-148.101,83.5443,0.0296486,0.0436429
-144.304,83.5443,0.0298334,0.0447958
-140.506,83.5443,0.0300166,0.0459641
-136.709,83.5443,0.0301983,0.0471476
-132.911,83.5443,0.0303783,0.0483465
-129.114,83.5443,0.0305568,0.0495607
-125.316,83.5443,0.0307336,0.0507901
-121.519,83.5443,0.0309089,0.0520349
-117.722,83.5443,0.0310826,0.053295
-113.924,83.5443,0.0312548,0.0545705
-110.127,83.5443,0.0314253,0.0558612
-106.329,83.5443,0.0315942,0.0571673
-102.532,83.5443,0.0317616,0.0584886
-98.7342,83.5443,0.0319274,0.0598253
-94.9367,83.5443,0.0320916,0.0611773
-91.1392,83.5443,0.0322542,0.0625446
-87.3418,83.5443,0.0324152,0.0639272
-83.5443,83.5443,0.0325747,0.0653251
-79.7468,83.5443,0.0327325,0.0667383
-75.9494,83.5443,0.0328888,0.0681668
-72.1519,83.5443,0.0330435,0.0696107
-68.3544,83.5443,0.0331966,0.0710699
-64.557,83.5443,0.0333482,0.0725443
-60.7595,83.5443,0.0334981,0.0740341
-56.962,83.5443,0.0336465,0.0755392
-53.1646,83.5443,0.0337932,0.0770596
-49.3671,83.5443,0.0339384,0.0785953
-45.5696,83.5443,0.034082,0.0801464
-41.7722,83.5443,0.0342241,0.0817127
-37.9747,83.5443,0.0343645,0.0832944
-34.1772,83.5443,0.0345033,0.0848913
-30.3797,83.5443,0.0346406,0.0865036
-26.5823,83.5443,0.0347763,0.0881312
-22.7848,83.5443,0.0349104,0.0897741
-18.9873,83.5443,0.0350429,0.0914323
-15.1899,83.5443,0.0351739,0.0931058
-11.3924,83.5443,0.0353032,0.0947947
-7.59494,83.5443,0.035431,0.0964988
-3.79747,83.5443,0.0355571,0.0982183
0,83.5443,0.0356817,0.0999531
-300,87.3418,0.0217453,0.0124315
-296.203,87.3418,0.0219919,0.0129687
-292.405,87.3418,0.0222369,0.0135211
-288.608,87.3418,0.0224803,0.0140889
-284.81,87.3418,0.0227222,0.0146719
-281.013,87.3418,0.0229624,0.0152703
-277.215,87.3418,0.0232011,0.015884
-273.418,87.3418,0.0234382,0.016513
-269.62,87.3418,0.0236736,0.0171573
-265.823,87.3418,0.0239076,0.0178169
-262.025,87.3418,0.0241399,0.0184918
-258.228,87.3418,0.0243706,0.0191821
-254.43,87.3418,0.0245998,0.0198877
-250.633,87.3418,0.0248273,0.0206085
-246.835,87.3418,0.0250533,0.0213447
-243.038,87.3418,0.0252777,0.0220962
-239.241,87.3418,0.0255006,0.022863
-235.443,87.3418,0.0257218,0.0236451
-231.646,87.3418,0.0259414,0.0244425
-227.848,87.3418,0.0261595,0.0252553
-224.051,87.3418,0.026376,0.0260833
-220.253,87.3418,0.0265909,0.0269267
-216.456,87.3418,0.0268042,0.0277854
-212.658,87.3418,0.0270159,0.0286594
-208.861,87.3418,0.0272261,0.0295487
-205.063,87.3418,0.0274347,0.0304533
-201.266,87.3418,0.0276416,0.0313732
-197.468,87.3418,0.027847,0.0323084
-193.671,87.3418,0.0280508,0.033259
-189.873,87.3418,0.0282531,0.0342248
-186.076,87.3418,0.0284537,0.035206
-182.278,87.3418,0.0286528,0.0362025
-178.481,87.3418,0.0288502,0.0372143
-174.684,87.3418,0.0290461,0.0382414
-170.886,87.3418,0.0292404,0.0392838
-167.089,87.3418,0.0294332,0.0403415
-163.291,87.3418,0.0296243,0.0414145
-159.494,87.3418,0.0298138,0.0425029
-155.696,87.3418,0.0300018,0.0436065
-151.899,87.3418,0.0301882,0.0447255
-148.101,87.3418,0.030373,0.0458598
-144.304,87.3418,0.0305562,0.0470094
-140.506,87.3418,0.0307379,0.0481743
-136.709,87.3418,0.0309179,0.0493545
-132.911,87.3418,0.0310964,0.0505501
-129.114,87.3418,0.0312733,0.0517609
-125.316,87.3418,0.0314485,0.0529871
-121.519,87.3418,0.0316223,0.0542285
-117.722,87.3418,0.0317944,0.0554853
-113.924,87.3418,0.0319649,0.0567574
-110.127,87.3418,0.0321339,0.0580448
-106.329,87.3418,0.0323013,0.0593475
-102.532,87.3418,0.0324671,0.0606655
-98.7342,87.3418,0.0326313,0.0619989
-94.9367,87.3418,0.0327939,0.0633475
-91.1392,87.3418,0.0329549,0.0647115
-87.3418,87.3418,0.0331144,0.0660907
-83.5443,87.3418,0.0332723,0.0674853
-79.7468,87.3418,0.0334286,0.0688952
-75.9494,87.3418,0.0335833,0.0703204
-72.1519,87.3418,0.0337364,0.0717609
-68.3544,87.3418,0.0338879,0.0732168
-64.557,87.3418,0.0340379,0.0746879
-60.7595,87.3418,0.0341862,0.0761744
-56.962,87.3418,0.034333,0.0776761
-53.1646,87.3418,0.0344782,0.0791932
-49.3671,87.3418,0.0346218,0.0807256
-45.5696,87.3418,0.0347639,0.0822733
-41.7722,87.3418,0.0349043,0.0838363
-37.9747,87.3418,0.0350432,0.0854146
-34.1772,87.3418,0.0351804,0.0870083
-30.3797,87.3418,0.0353161,0.0886172
-26.5823,87.3418,0.0354502,0.0902415
-22.7848,87.3418,0.0355828,0.091881
-18.9873,87.3418,0.0357137,0.0935359
-15.1899,87.3418,0.0358431,0.0952061
-11.3924,87.3418,0.0359708,0.0968916
-7.59494,87.3418,0.036097,0.0985924
-3.79747,87.3418,0.0362216,0.100309
0,87.3418,0.0363447,0.10204
-300,91.1392,0.0225242,0.0147544
-296.203,91.1392,0.0227692,0.0152882
-292.405,91.1392,0.0230126,0.0158373
-288.608,91.1392,0.0232544,0.0164017
-284.81,91.1392,0.0234947,0.0169814
-281.013,91.1392,0.0237333,0.0175765
-277.215,91.1392,0.0239704,0.0181868
-273.418,91.1392,0.0242059,0.0188125
-269.62,91.1392,0.0244398,0.0194535
-265.823,91.1392,0.0246722,0.0201098
-262.025,91.1392,0.0249029,0.0207814
-258.228,91.1392,0.0251321,0.0214683
-254.43,91.1392,0.0253597,0.0221705
-250.633,91.1392,0.0255857,0.022888
-246.835,91.1392,0.0258101,0.0236209
-243.038,91.1392,0.0260329,0.0243691
-239.241,91.1392,0.0262542,0.0251325
-235.443,91.1392,0.0264738,0.0259113
-231.646,91.1392,0.0266919,0.0267054
-227.848,91.1392,0.0269084,0.0275148
-224.051,91.1392,0.0271233,0.0283395
-220.253,91.1392,0.0273366,0.0291796
-216.456,91.1392,0.0275484,0.0300349
-212.658,91.1392,0.0277585,0.0309056
-208.861,91.1392,0.0279671,0.0317915
-205.063,91.1392,0.0281741,0.0326928
-201.266,91.1392,0.0283795,0.0336094
-197.468,91.1392,0.0285833,0.0345413
-193.671,91.1392,0.0287855,0.0354885
-189.873,91.1392,0.0289862,0.036451
-186.076,91.1392,0.0291853,0.0374288
-182.278,91.1392,0.0293827,0.038422
-178.481,91.1392,0.0295786,0.0394305
-174.684,91.1392,0.0297729,0.0404542
-170.886,91.1392,0.0299657,0.0414933
-167.089,91.1392,0.0301568,0.0425477
-163.291,91.1392,0.0303464,0.0436174
-159.494,91.1392,0.0305344,0.0447024
-155.696,91.1392,0.0307208,0.0458027
-151.899,91.1392,0.0309056,0.0469184
-148.101,91.1392,0.0310888,0.0480493
-144.304,91.1392,0.0312704,0.0491956
-140.506,91.1392,0.0314505,0.0503572
-136.709,91.1392,0.031629,0.0515341
-132.911,91.1392,0.0318059,0.0527263
-129.114,91.1392,0.0319812,0.0539338
-125.316,91.1392,0.0321549,0.0551566
-121.519,91.1392,0.032327,0.0563947
-117.722,91.1392,0.0324976,0.0576482
-113.924,91.1392,0.0326666,0.0589169
-110.127,91.1392,0.0328339,0.060201
-106.329,91.1392,0.0329997,0.0615004
-102.532,91.1392,0.033164,0.0628151
-98.7342,91.1392,0.0333266,0.0641451
-94.9367,91.1392,0.0334876,0.0654904
-91.1392,91.1392,0.0336471,0.066851
-87.3418,91.1392,0.033805,0.0682269
-83.5443,91.1392,0.0339613,0.0696182
-79.7468,91.1392,0.034116,0.0710247
-75.9494,91.1392,0.0342691,0.0724466
-72.1519,91.1392,0.0344207,0.0738838
-68.3544,91.1392,0.0345706,0.0753363
-64.557,91.1392,0.034719,0.0768041
-60.7595,91.1392,0.0348658,0.0782872
-56.962,91.1392,0.035011,0.0797857
-53.1646,91.1392,0.0351546,0.0812994
-49.3671,91.1392,0.0352967,0.0828285
-45.5696,91.1392,0.0354371,0.0843728
-41.7722,91.1392,0.035576,0.0859325
-37.9747,91.1392,0.0357133,0.0875075
-34.1772,91.1392,0.035849,0.0890978
-30.3797,91.1392,0.0359831,0.0907034
-26.5823,91.1392,0.0361156,0.0923243
-22.7848,91.1392,0.0362466,0.0939606
-18.9873,91.1392,0.036376,0.0956121
-15.1899,91.1392,0.0365037,0.097279
-11.3924,91.1392,0.0366299,0.0989611
-7.59494,91.1392,0.0367545,0.100659
-3.79747,91.1392,0.0368776,0.102371
0,91.1392,0.036999,0.1041
-300,94.9367,0.0232944,0.0170499
-296.203,94.9367,0.0235378,0.0175803
-292.405,94.9367,0.0237797,0.0181261
-288.608,94.9367,0.0240199,0.0186872
-284.81,94.9367,0.0242586,0.0192636
-281.013,94.9367,0.0244957,0.0198553
-277.215,94.9367,0.0247312,0.0204623
-273.418,94.9367,0.0249651,0.0210846
-269.62,94.9367,0.0251975,0.0217223
-265.823,94.9367,0.0254282,0.0223752
-262.025,94.9367,0.0256574,0.0230435
-258.228,94.9367,0.025885,0.0237271
-254.43,94.9367,0.026111,0.024426
-250.633,94.9367,0.0263354,0.0251402
-246.835,94.9367,0.0265583,0.0258697
-243.038,94.9367,0.0267795,0.0266145
-239.241,94.9367,0.0269992,0.0273747
-235.443,94.9367,0.0272173,0.0281501
-231.646,94.9367,0.0274338,0.0289409
-227.848,94.9367,0.0276487,0.029747
-224.051,94.9367,0.027862,0.0305683
-220.253,94.9367,0.0280738,0.031405
-216.456,94.9367,0.028284,0.032257
-212.658,94.9367,0.0284925,0.0331244
-208.861,94.9367,0.0286995,0.034007
-205.063,94.9367,0.0289049,0.0349049
-201.266,94.9367,0.0291088,0.0358182
-197.468,94.9367,0.029311,0.0367468
-193.671,94.9367,0.0295117,0.0376906
-189.873,94.9367,0.0297107,0.0386498
-186.076,94.9367,0.0299082,0.0396243
-182.278,94.9367,0.0301041,0.0406141
-178.481,94.9367,0.0302985,0.0416193
-174.684,94.9367,0.0304912,0.0426397
-170.886,94.9367,0.0306824,0.0436754
-167.089,94.9367,0.0308719,0.0447265
-163.291,94.9367,0.0310599,0.0457929
-159.494,94.9367,0.0312463,0.0468746
-155.696,94.9367,0.0314311,0.0479716
-151.899,94.9367,0.0316144,0.0490839
-148.101,94.9367,0.031796,0.0502115
-144.304,94.9367,0.0319761,0.0513544
-140.506,94.9367,0.0321546,0.0525126
-136.709,94.9367,0.0323315,0.0536862
-132.911,94.9367,0.0325068,0.0548751
-129.114,94.9367,0.0326805,0.0560792
-125.316,94.9367,0.0328527,0.0572987
-121.519,94.9367,0.0330232,0.0585335
-117.722,94.9367,0.0331922,0.0597836
-113.924,94.9367,0.0333596,0.0610491
-110.127,94.9367,0.0335254,0.0623298
-106.329,94.9367,0.0336896,0.0636258
-102.532,94.9367,0.0338523,0.0649372
-98.7342,94.9367,0.0340133,0.0662639
-94.9367,94.9367,0.0341728,0.0676059
-91.1392,94.9367,0.0343307,0.0689631
-87.3418,94.9367,0.034487,0.0703357
-83.5443,94.9367,0.0346417,0.0717237
-79.7468,94.9367,0.0347949,0.0731269
-75.9494,94.9367,0.0349464,0.0745454
-72.1519,94.9367,0.0350964,0.0759793
-68.3544,94.9367,0.0352448,0.0774284
-64.557,94.9367,0.0353916,0.0788929
-60.7595,94.9367,0.0355368,0.0803727
-56.962,94.9367,0.0356804,0.0818678
-53.1646,94.9367,0.0358225,0.0833782
-49.3671,94.9367,0.0359629,0.0849039
-45.5696,94.9367,0.0361018,0.086445
-41.7722,94.9367,0.0362391,0.0880013
-37.9747,94.9367,0.0363748,0.089573
-34.1772,94.9367,0.036509,0.0911599
-30.3797,94.9367,0.0366415,0.0927622
-26.5823,94.9367,0.0367725,0.0943798
-22.7848,94.9367,0.0369018,0.0960127
-18.9873,94.9367,0.0370296,0.0976609
-15.1899,94.9367,0.0371558,0.0993244
-11.3924,94.9367,0.0372805,0.101003
-7.59494,94.9367,0.0374035,0.102697
-3.79747,94.9367,0.0375249,0.104407
0,94.9367,0.0376448,0.106132
-300,98.7342,0.0240561,0.0193179
-296.203,98.7342,0.0242979,0.0198451
-292.405,98.7342,0.0245382,0.0203875
-288.608,98.7342,0.0247769,0.0209453
-284.81,98.7342,0.025014,0.0215183
-281.013,98.7342,0.0252495,0.0221067
-277.215,98.7342,0.0254835,0.0227104
-273.418,98.7342,0.0257158,0.0233294
-269.62,98.7342,0.0259466,0.0239637
-265.823,98.7342,0.0261758,0.0246133
-262.025,98.7342,0.0264034,0.0252783
-258.228,98.7342,0.0266294,0.0259585
-254.43,98.7342,0.0268538,0.0266541
-250.633,98.7342,0.0270766,0.0273649
-246.835,98.7342,0.0272979,0.0280911
-243.038,98.7342,0.0275176,0.0288326
-239.241,98.7342,0.0277357,0.0295894
-235.443,98.7342,0.0279522,0.0303615
-231.646,98.7342,0.0281671,0.031149
-227.848,98.7342,0.0283805,0.0319517
-224.051,98.7342,0.0285922,0.0327698
-220.253,98.7342,0.0288024,0.0336031
-216.456,98.7342,0.029011,0.0344518
-212.658,98.7342,0.029218,0.0353158
-208.861,98.7342,0.0294234,0.0361951
-205.063,98.7342,0.0296272,0.0370897
-201.266,98.7342,0.0298295,0.0379996
-197.468,98.7342,0.0300302,0.0389248
-193.671,98.7342,0.0302292,0.0398654
-189.873,98.7342,0.0304267,0.0408212
-186.076,98.7342,0.0306227,0.0417924
-182.278,98.7342,0.030817,0.0427789
-178.481,98.7342,0.0310097,0.0437807
-174.684,98.7342,0.0312009,0.0447978
-170.886,98.7342,0.0313905,0.0458302
-167.089,98.7342,0.0315785,0.0468779
-163.291,98.7342,0.0317649,0.047941
-159.494,98.7342,0.0319497,0.0490193
-155.696,98.7342,0.032133,0.050113
-151.899,98.7342,0.0323146,0.051222
-148.101,98.7342,0.0324947,0.0523462
-144.304,98.7342,0.0326732,0.0534858
-140.506,98.7342,0.0328501,0.0546407
-136.709,98.7342,0.0330254,0.055811
-132.911,98.7342,0.0331992,0.0569965
-129.114,98.7342,0.0333713,0.0581973
-125.316,98.7342,0.0335419,0.0594135
-121.519,98.7342,0.0337109,0.060645
-117.722,98.7342,0.0338783,0.0618917
-113.924,98.7342,0.0340441,0.0631538
-110.127,98.7342,0.0342083,0.0644312
-106.329,98.7342,0.034371,0.0657239
-102.532,98.7342,0.0345321,0.067032
-98.7342,98.7342,0.0346915,0.0683553
-94.9367,98.7342,0.0348494,0.0696939
-91.1392,98.7342,0.0350057,0.0710479
-87.3418,98.7342,0.0351605,0.0724172
-83.5443,98.7342,0.0353136,0.0738018
-79.7468,98.7342,0.0354652,0.0752017
-75.9494,98.7342,0.0356152,0.0766169
-72.1519,98.7342,0.0357636,0.0780474
-68.3544,98.7342,0.0359104,0.0794932
-64.557,98.7342,0.0360556,0.0809543
-60.7595,98.7342,0.0361992,0.0824308
-56.962,98.7342,0.0363413,0.0839226
-53.1646,98.7342,0.0364818,0.0854296
-49.3671,98.7342,0.0366207,0.086952
-45.5696,98.7342,0.036758,0.0884897
-41.7722,98.7342,0.0368937,0.0900427
-37.9747,98.7342,0.0370278,0.0916111
-34.1772,98.7342,0.0371604,0.0931947
-30.3797,98.7342,0.0372913,0.0947936
-26.5823,98.7342,0.0374207,0.0964079
-22.7848,98.7342,0.0375485,0.0980375
-18.9873,98.7342,0.0376747,0.0996824
-15.1899,98.7342,0.0377994,0.101343
-11.3924,98.7342,0.0379224,0.103018
-7.59494,98.7342,0.0380439,0.104709
-3.79747,98.7342,0.0381638,0.106415
0,98.7342,0.0382821,0.108136
-300,102.532,0.0248092,0.0215586
-296.203,102.532,0.0250495,0.0220824
-292.405,102.532,0.0252882,0.0226216
-288.608,102.532,0.0255253,0.023176
-284.81,102.532,0.0257608,0.0237457
-281.013,102.532,0.0259948,0.0243307
-277.215,102.532,0.0262271,0.0249311
-273.418,102.532,0.0264579,0.0255468
-269.62,102.532,0.0266871,0.0261777
-265.823,102.532,0.0269147,0.026824
-262.025,102.532,0.0271407,0.0274856
-258.228,102.532,0.0273652,0.0281626
-254.43,102.532,0.027588,0.0288548
-250.633,102.532,0.0278093,0.0295623
-246.835,102.532,0.028029,0.0302852
-243.038,102.532,0.0282471,0.0310233
-239.241,102.532,0.0284636,0.0317768
-235.443,102.532,0.0286785,0.0325456
-231.646,102.532,0.0288919,0.0333297
-227.848,102.532,0.0291037,0.0341291
-224.051,102.532,0.0293138,0.0349438
-220.253,102.532,0.0295224,0.0357738
-216.456,102.532,0.0297294,0.0366192
-212.658,102.532,0.0299349,0.0374798
-208.861,102.532,0.0301387,0.0383558
-205.063,102.532,0.030341,0.0392471
-201.266,102.532,0.0305417,0.0401536
-197.468,102.532,0.0307408,0.0410755
-193.671,102.532,0.0309383,0.0420128
-189.873,102.532,0.0311342,0.0429653
-186.076,102.532,0.0313285,0.0439331
-182.278,102.532,0.0315213,0.0449163
-178.481,102.532,0.0317125,0.0459147
-174.684,102.532,0.0319021,0.0469285
-170.886,102.532,0.0320901,0.0479576
-167.089,102.532,0.0322765,0.049002
-163.291,102.532,0.0324613,0.0500617
-159.494,102.532,0.0326446,0.0511367
-155.696,102.532,0.0328262,0.052227
-151.899,102.532,0.0330063,0.0533327
-148.101,102.532,0.0331848,0.0544536
-144.304,102.532,0.0333617,0.0555899
-140.506,102.532,0.0335371,0.0567414
-136.709,102.532,0.0337108,0.0579083
-132.911,102.532,0.033883,0.0590905
-129.114,102.532,0.0340536,0.060288
-125.316,102.532,0.0342226,0.0615009
-121.519,102.532,0.03439,0.062729
-117.722,102.532,0.0345558,0.0639724
-113.924,102.532,0.03472,0.0652312
-110.127,102.532,0.0348827,0.0665053
-106.329,102.532,0.0350438,0.0677946
-102.532,102.532,0.0352033,0.0690993
-98.7342,102.532,0.0353612,0.0704193
-94.9367,102.532,0.0355175,0.0717547
-91.1392,102.532,0.0356722,0.0731053
-87.3418,102.532,0.0358254,0.0744712
-83.5443,102.532,0.035977,0.0758525
-79.7468,102.532,0.0361269,0.077249
-75.9494,102.532,0.0362753,0.0786609
-72.1519,102.532,0.0364222,0.0800881
-68.3544,102.532,0.0365674,0.0815306
-64.557,102.532,0.036711,0.0829884
-60.7595,102.532,0.0368531,0.0844615
-56.962,102.532,0.0369936,0.0859499
-53.1646,102.532,0.0371325,0.0874537
-49.3671,102.532,0.0372698,0.0889727
-45.5696,102.532,0.0374055,0.0905071
-41.7722,102.532,0.0375397,0.0920568
-37.9747,102.532,0.0376722,0.0936218
-34.1772,102.532,0.0378032,0.0952021
-30.3797,102.532,0.0379326,0.0967977
-26.5823,102.532,0.0380604,0.0984086
-22.7848,102.532,0.0381866,0.100035
-18.9873,102.532,0.0383113,0.101676
-15.1899,102.532,0.0384343,0.103333
-11.3924,102.532,0.0385558,0.105005
-7.59494,102.532,0.0386757,0.106693
-3.79747,102.532,0.038794,0.108396
0,102.532,0.0389107,0.110114
-300,106.329,0.0255538,0.023772
-296.203,106.329,0.0257925,0.0242924
-292.405,106.329,0.0260296,0.0248282
-288.608,106.329,0.0262651,0.0253793
-284.81,106.329,0.0264991,0.0259457
-281.013,106.329,0.0267315,0.0265274
-277.215,106.329,0.0269622,0.0271244
-273.418,106.329,0.0271914,0.0277368
-269.62,106.329,0.0274191,0.0283644
-265.823,106.329,0.0276451,0.0290074
-262.025,106.329,0.0278695,0.0296656
-258.228,106.329,0.0280924,0.0303392
-254.43,106.329,0.0283137,0.0310281
-250.633,106.329,0.0285334,0.0317323
-246.835,106.329,0.0287515,0.0324518
-243.038,106.329,0.028968,0.0331866
-239.241,106.329,0.029183,0.0339368
-235.443,106.329,0.0293963,0.0347022
-231.646,106.329,0.0296081,0.035483
-227.848,106.329,0.0298183,0.0362791
-224.051,106.329,0.0300269,0.0370904
-220.253,106.329,0.0302339,0.0379171
-216.456,106.329,0.0304394,0.0387592
-212.658,106.329,0.0306432,0.0396165
-208.861,106.329,0.0308455,0.0404891
-205.063,106.329,0.0310462,0.041377
-201.266,106.329,0.0312453,0.0422803
-197.468,106.329,0.0314428,0.0431989
-193.671,106.329,0.0316387,0.0441327
-189.873,106.329,0.0318331,0.0450819
-186.076,106.329,0.0320258,0.0460464
-182.278,106.329,0.032217,0.0470263
-178.481,106.329,0.0324066,0.0480214
-174.684,106.329,0.0325946,0.0490318
-170.886,106.329,0.0327811,0.0500576
-167.089,106.329,0.0329659,0.0510986
-163.291,106.329,0.0331492,0.052155
-159.494,106.329,0.0333308,0.0532267
-155.696,106.329,0.0335109,0.0543137
-151.899,106.329,0.0336894,0.055416
-148.101,106.329,0.0338664,0.0565336
-144.304,106.329,0.0340417,0.0576665
-140.506,106.329,0.0342155,0.0588148
-136.709,106.329,0.0343876,0.0599783
-132.911,106.329,0.0345582,0.0611572
-129.114,106.329,0.0347272,0.0623514
-125.316,106.329,0.0348947,0.0635608
-121.519,106.329,0.0350605,0.0647856
-117.722,106.329,0.0352247,0.0660258
-113.924,106.329,0.0353874,0.0672812
-110.127,106.329,0.0355485,0.0685519
-106.329,106.329,0.035708,0.069838
-102.532,106.329,0.0358659,0.0711393
-98.7342,106.329,0.0360222,0.072456
-94.9367,106.329,0.036177,0.073788
-91.1392,106.329,0.0363302,0.0751353
-87.3418,106.329,0.0364817,0.0764979
-83.5443,106.329,0.0366317,0.0778758
-79.7468,106.329,0.0367801,0.079269
-75.9494,106.329,0.036927,0.0806776
-72.1519,106.329,0.0370722,0.0821014
-68.3544,106.329,0.0372159,0.0835406
-64.557,106.329,0.0373579,0.084995
-60.7595,106.329,0.0374984,0.0864648
-56.962,106.329,0.0376373,0.0879499
-53.1646,106.329,0.0377747,0.0894503
-49.3671,106.329,0.0379104,0.0909661
-45.5696,106.329,0.0380446,0.0924971
-41.7722,106.329,0.0381771,0.0940434
-37.9747,106.329,0.0383081,0.0956051
-34.1772,106.329,0.0384375,0.0971821
-30.3797,106.329,0.0385653,0.0987743
-26.5823,106.329,0.0386916,0.100382
-22.7848,106.329,0.0388162,0.102005
-18.9873,106.329,0.0389393,0.103643
-15.1899,106.329,0.0390608,0.105297
-11.3924,106.329,0.0391807,0.106965
-7.59494,106.329,0.039299,0.10865
-3.79747,106.329,0.0394157,0.110349
0,106.329,0.0395308,0.112064
-300,110.127,0.0262898,0.0259579
-296.203,110.127,0.0265269,0.026475
-292.405,110.127,0.0267625,0.0270075
-288.608,110.127,0.0269964,0.0275552
-284.81,110.127,0.0272288,0.0281183
-281.013,110.127,0.0274596,0.0286967
-277.215,110.127,0.0276888,0.0292903
-273.418,110.127,0.0279164,0.0298993
-269.62,110.127,0.0281425,0.0305237
-265.823,110.127,0.0283669,0.0311633
-262.025,110.127,0.0285898,0.0318182
-258.228,110.127,0.0288111,0.0324885
-254.43,110.127,0.0290308,0.033174
-250.633,110.127,0.0292489,0.0338749
-246.835,110.127,0.0294654,0.0345911
-243.038,110.127,0.0296804,0.0353226
-239.241,110.127,0.0298938,0.0360694
-235.443,110.127,0.0301055,0.0368315
-231.646,110.127,0.0303157,0.0376089
-227.848,110.127,0.0305244,0.0384017
-224.051,110.127,0.0307314,0.0392097
-220.253,110.127,0.0309368,0.0400331
-216.456,110.127,0.0311407,0.0408718
-212.658,110.127,0.031343,0.0417257
-208.861,110.127,0.0315437,0.042595
-205.063,110.127,0.0317428,0.0434796
-201.266,110.127,0.0319403,0.0443796
-197.468,110.127,0.0321363,0.0452948
-193.671,110.127,0.0323306,0.0462253
-189.873,110.127,0.0325234,0.0471712
-186.076,110.127,0.0327146,0.0481324
-182.278,110.127,0.0329042,0.0491089
-178.481,110.127,0.0330922,0.0501006
-174.684,110.127,0.0332786,0.0511077
-170.886,110.127,0.0334635,0.0521302
-167.089,110.127,0.0336468,0.0531679
-163.291,110.127,0.0338285,0.0542209
-159.494,110.127,0.0340086,0.0552893
-155.696,110.127,0.0341871,0.0563729
-151.899,110.127,0.034364,0.0574719
-148.101,110.127,0.0345394,0.0585862
-144.304,110.127,0.0347131,0.0597158
-140.506,110.127,0.0348853,0.0608607
-136.709,110.127,0.0350559,0.0620209
-132.911,110.127,0.0352249,0.0631965
-129.114,110.127,0.0353923,0.0643873
-125.316,110.127,0.0355582,0.0655935
-121.519,110.127,0.0357225,0.0668149
-117.722,110.127,0.0358851,0.0680517
-113.924,110.127,0.0360462,0.0693038
-110.127,110.127,0.0362057,0.0705712
-106.329,110.127,0.0363637,0.0718539
-102.532,110.127,0.03652,0.0731519
-98.7342,110.127,0.0366748,0.0744653
-94.9367,110.127,0.0368279,0.0757939
-91.1392,110.127,0.0369795,0.0771379
-87.3418,110.127,0.0371295,0.0784971
-83.5443,110.127,0.0372779,0.0798717
-79.7468,110.127,0.0374248,0.0812616
-75.9494,110.127,0.03757,0.0826668
-72.1519,110.127,0.0377137,0.0840873
-68.3544,110.127,0.0378558,0.0855232
-64.557,110.127,0.0379963,0.0869743
-60.7595,110.127,0.0381352,0.0884408
-56.962,110.127,0.0382725,0.0899225
-53.1646,110.127,0.0384083,0.0914196
-49.3671,110.127,0.0385424,0.092932
-45.5696,110.127,0.038675,0.0944597
-41.7722,110.127,0.038806,0.0960027
-37.9747,110.127,0.0389354,0.097561
-34.1772,110.127,0.0390632,0.0991347
-30.3797,110.127,0.0391895,0.100724
-26.5823,110.127,0.0393141,0.102328
-22.7848,110.127,0.0394372,0.103947
-18.9873,110.127,0.0395587,0.105582
-15.1899,110.127,0.0396786,0.107233
-11.3924,110.127,0.0397969,0.108898
-7.59494,110.127,0.0399137,0.110579
-3.79747,110.127,0.0400288,0.112275
0,110.127,0.0401424,0.113986
-300,113.924,0.0270172,0.0281164
-296.203,113.924,0.0272528,0.0286302
-292.405,113.924,0.0274867,0.0291593
-288.608,113.924,0.0277191,0.0297038
-284.81,113.924,0.0279499,0.0302635
-281.013,113.924,0.0281791,0.0308385
-277.215,113.924,0.0284068,0.0314289
-273.418,113.924,0.0286328,0.0320346
-269.62,113.924,0.0288573,0.0326555
-265.823,113.924,0.0290802,0.0332918
-262.025,113.924,0.0293015,0.0339434
-258.228,113.924,0.0295212,0.0346103
-254.43,113.924,0.0297393,0.0352926
-250.633,113.924,0.0299559,0.0359901
-246.835,113.924,0.0301708,0.036703
-243.038,113.924,0.0303842,0.0374311
-239.241,113.924,0.030596,0.0381746
-235.443,113.924,0.0308062,0.0389334
-231.646,113.924,0.0310148,0.0397075
-227.848,113.924,0.0312219,0.0404969
-224.051,113.924,0.0314273,0.0413016
-220.253,113.924,0.0316312,0.0421216
-216.456,113.924,0.0318335,0.042957
-212.658,113.924,0.0320342,0.0438076
-208.861,113.924,0.0322333,0.0446736
-205.063,113.924,0.0324308,0.0455549
-201.266,113.924,0.0326268,0.0464515
-197.468,113.924,0.0328212,0.0473634
-193.671,113.924,0.0330139,0.0482906
-189.873,113.924,0.0332051,0.0492331
-186.076,113.924,0.0333948,0.0501909
-182.278,113.924,0.0335828,0.0511641
-178.481,113.924,0.0337692,0.0521525
-174.684,113.924,0.0339541,0.0531563
-170.886,113.924,0.0341374,0.0541754
-167.089,113.924,0.0343191,0.0552098
-163.291,113.924,0.0344992,0.0562595
-159.494,113.924,0.0346777,0.0573245
-155.696,113.924,0.0348547,0.0584048
-151.899,113.924,0.03503,0.0595005
-148.101,113.924,0.0352038,0.0606114
-144.304,113.924,0.035376,0.0617377
-140.506,113.924,0.0355466,0.0628793
-136.709,113.924,0.0357156,0.0640361
-132.911,113.924,0.035883,0.0652083
-129.114,113.924,0.0360489,0.0663958
-125.316,113.924,0.0362132,0.0675987
-121.519,113.924,0.0363759,0.0688168
-117.722,113.924,0.036537,0.0700502
-113.924,113.924,0.0366965,0.071299
-110.127,113.924,0.0368544,0.0725631
-106.329,113.924,0.0370108,0.0738425
-102.532,113.924,0.0371655,0.0751371
-98.7342,113.924,0.0373187,0.0764471
-94.9367,113.924,0.0374703,0.0777725
-91.1392,113.924,0.0376203,0.0791131
-87.3418,113.924,0.0377687,0.080469
-83.5443,113.924,0.0379156,0.0818403
-79.7468,113.924,0.0380608,0.0832268
-75.9494,113.924,0.0382045,0.0846287
-72.1519,113.924,0.0383466,0.0860459
-68.3544,113.924,0.0384871,0.0874784
-64.557,113.924,0.038626,0.0889262
-60.7595,113.924,0.0387634,0.0903893
-56.962,113.924,0.0388991,0.0918678
-53.1646,113.924,0.0390333,0.0933615
-49.3671,113.924,0.0391659,0.0948706
-45.5696,113.924,0.0392969,0.0963949
-41.7722,113.924,0.0394263,0.0979346
-37.9747,113.924,0.0395542,0.0994896
-34.1772,113.924,0.0396804,0.10106
-30.3797,113.924,0.0398051,0.102646
-26.5823,113.924,0.0399282,0.104246
-22.7848,113.924,0.0400497,0.105863
-18.9873,113.924,0.0401696,0.107494
-15.1899,113.924,0.0402879,0.109141
-11.3924,113.924,0.0404047,0.110803
-7.59494,113.924,0.0405198,0.112481
-3.79747,113.924,0.0406334,0.114174
0,113.924,0.0407454,0.115882
-300,117.722,0.0277361,0.0302476
-296.203,117.722,0.0279701,0.0307581
-292.405,117.722,0.0282025,0.0312838
-288.608,117.722,0.0284333,0.0318249
-284.81,117.722,0.0286625,0.0323813
-281.013,117.722,0.0288902,0.032953
-277.215,117.722,0.0291162,0.0335401
-273.418,117.722,0.0293407,0.0341424
-269.62,117.722,0.0295636,0.03476
-265.823,117.722,0.0297849,0.035393
-262.025,117.722,0.0300046,0.0360413
-258.228,117.722,0.0302227,0.0367048
-254.43,117.722,0.0304393,0.0373837
-250.633,117.722,0.0306543,0.0380779
-246.835,117.722,0.0308677,0.0387875
-243.038,117.722,0.0310795,0.0395123
-239.241,117.722,0.0312897,0.0402524
-235.443,117.722,0.0314983,0.0410079
-231.646,117.722,0.0317054,0.0417786
-227.848,117.722,0.0319108,0.0425647
-224.051,117.722,0.0321147,0.0433661
-220.253,117.722,0.032317,0.0441828
-216.456,117.722,0.0325177,0.0450148
-212.658,117.722,0.0327168,0.0458621
-208.861,117.722,0.0329144,0.0467247
-205.063,117.722,0.0331103,0.0476027
-201.266,117.722,0.0333047,0.0484959
-197.468,117.722,0.0334975,0.0494045
-193.671,117.722,0.0336887,0.0503284
-189.873,117.722,0.0338783,0.0512676
-186.076,117.722,0.0340664,0.0522221
-182.278,117.722,0.0342528,0.0531919
-178.481,117.722,0.0344377,0.054177
-174.684,117.722,0.034621,0.0551775
-170.886,117.722,0.0348027,0.0561932
-167.089,117.722,0.0349828,0.0572243
-163.291,117.722,0.0351614,0.0582706
-159.494,117.722,0.0353383,0.0593323
-155.696,117.722,0.0355137,0.0604093
-151.899,117.722,0.0356875,0.0615016
-148.101,117.722,0.0358597,0.0626092
-144.304,117.722,0.0360303,0.0637322
-140.506,117.722,0.0361993,0.0648704
-136.709,117.722,0.0363668,0.066024
-132.911,117.722,0.0365326,0.0671928
-129.114,117.722,0.0366969,0.068377
-125.316,117.722,0.0368596,0.0695765
-121.519,117.722,0.0370207,0.0707913
-117.722,117.722,0.0371802,0.0720214
-113.924,117.722,0.0373382,0.0732668
-110.127,117.722,0.0374945,0.0745276
-106.329,117.722,0.0376493,0.0758036
-102.532,117.722,0.0378025,0.077095
-98.7342,117.722,0.0379541,0.0784016
-94.9367,117.722,0.0381041,0.0797236
-91.1392,117.722,0.0382526,0.0810609
-87.3418,117.722,0.0383994,0.0824135
-83.5443,117.722,0.0385447,0.0837814
-79.7468,117.722,0.0386884,0.0851647
-75.9494,117.722,0.0388305,0.0865632
-72.1519,117.722,0.038971,0.0879771
-68.3544,117.722,0.0391099,0.0894062
-64.557,117.722,0.0392473,0.0908507
-60.7595,117.722,0.039383,0.0923105
-56.962,117.722,0.0395172,0.0937856
-53.1646,117.722,0.0396498,0.095276
-49.3671,117.722,0.0397808,0.0967817
-45.5696,117.722,0.0399102,0.0983028
-41.7722,117.722,0.0400381,0.0998391
-37.9747,117.722,0.0401643,0.101391
-34.1772,117.722,0.040289,0.102958
-30.3797,117.722,0.0404121,0.10454
-26.5823,117.722,0.0405336,0.106138
-22.7848,117.722,0.0406535,0.107751
-18.9873,117.722,0.0407719,0.109379
-15.1899,117.722,0.0408886,0.111022
-11.3924,117.722,0.0410038,0.112681
-7.59494,117.722,0.0411174,0.114355
-3.79747,117.722,0.0412294,0.116045
0,117.722,0.0413398,0.117749
-300,121.519,0.0284464,0.0323514
-296.203,121.519,0.0286788,0.0328585
-292.405,121.519,0.0289096,0.0333809
-288.608,121.519,0.0291389,0.0339187
-284.81,121.519,0.0293665,0.0344718
-281.013,121.519,0.0295926,0.0350401
-277.215,121.519,0.0298171,0.0356238
-273.418,121.519,0.03004,0.0362228
-269.62,121.519,0.0302613,0.0368371
-265.823,121.519,0.030481,0.0374668
-262.025,121.519,0.0306992,0.0381117
-258.228,121.519,0.0309157,0.038772
-254.43,121.519,0.0311307,0.0394475
-250.633,121.519,0.0313441,0.0401384
-246.835,121.519,0.0315559,0.0408446
-243.038,121.519,0.0317661,0.0415661
-239.241,121.519,0.0319748,0.0423029
-235.443,121.519,0.0321818,0.043055
-231.646,121.519,0.0323873,0.0438224
-227.848,121.519,0.0325912,0.0446051
-224.051,121.519,0.0327935,0.0454032
-220.253,121.519,0.0329942,0.0462166
-216.456,121.519,0.0331934,0.0470452
-212.658,121.519,0.0333909,0.0478892
-208.861,121.519,0.0335869,0.0487485
-205.063,121.519,0.0337813,0.0496231
-201.266,121.519,0.0339741,0.0505131
-197.468,121.519,0.0341653,0.0514183
-193.671,121.519,0.0343549,0.0523388
-189.873,121.519,0.034543,0.0532747
-186.076,121.519,0.0347294,0.0542259
-182.278,121.519,0.0349143,0.0551923
-178.481,121.519,0.0350976,0.0561741
-174.684,121.519,0.0352793,0.0571712
-170.886,121.519,0.0354595,0.0581837
-167.089,121.519,0.035638,0.0592114
-163.291,121.519,0.035815,0.0602544
-159.494,121.519,0.0359903,0.0613128
-155.696,121.519,0.0361641,0.0623864
-151.899,121.519,0.0363363,0.0634754
-148.101,121.519,0.036507,0.0645797
-144.304,121.519,0.036676,0.0656993
-140.506,121.519,0.0368435,0.0668342
-136.709,121.519,0.0370093,0.0679844
-132.911,121.519,0.0371736,0.06915
-129.114,121.519,0.0373363,0.0703308
-125.316,121.519,0.0374974,0.071527
-121.519,121.519,0.037657,0.0727384
-117.722,121.519,0.0378149,0.0739652
-113.924,121.519,0.0379713,0.0752073
-110.127,121.519,0.0381261,0.0764647
-106.329,121.519,0.0382793,0.0777374
-102.532,121.519,0.0384309,0.0790254
-98.7342,121.519,0.0385809,0.0803288
-94.9367,121.519,0.0387294,0.0816474
-91.1392,121.519,0.0388762,0.0829814
-87.3418,121.519,0.0390215,0.0843306
-83.5443,121.519,0.0391652,0.0856952
-79.7468,121.519,0.0393073,0.0870751
-75.9494,121.519,0.0394478,0.0884703
-72.1519,121.519,0.0395868,0.0898809
-68.3544,121.519,0.0397241,0.0913067
-64.557,121.519,0.0398599,0.0927478
-60.7595,121.519,0.0399941,0.0942043
-56.962,121.519,0.0401267,0.095676
-53.1646,121.519,0.0402577,0.0971631
-49.3671,121.519,0.0403872,0.0986655
-45.5696,121.519,0.040515,0.100183
-41.7722,121.519,0.0406413,0.101716
-37.9747,121.519,0.040766,0.103265
-34.1772,121.519,0.0408891,0.104828
-30.3797,121.519,0.0410106,0.106407
-26.5823,121.519,0.0411305,0.108001
-22.7848,121.519,0.0412489,0.109611
-18.9873,121.519,0.0413656,0.111236
-15.1899,121.519,0.0414808,0.112876
-11.3924,121.519,0.0415944,0.114532
-7.59494,121.519,0.0417064,0.116202
-3.79747,121.519,0.0418168,0.117888
0,121.519,0.0419257,0.11959
-300,125.316,0.0291482,0.0344278
-296.203,125.316,0.029379,0.0349316
-292.405,125.316,0.0296083,0.0354507
-288.608,125.316,0.0298359,0.0359851
-284.81,125.316,0.030062,0.0365348
-281.013,125.316,0.0302865,0.0370999
-277.215,125.316,0.0305094,0.0376802
-273.418,125.316,0.0307307,0.0382759
-269.62,125.316,0.0309505,0.0388869
-265.823,125.316,0.0311686,0.0395132
-262.025,125.316,0.0313852,0.0401548
-258.228,125.316,0.0316002,0.0408117
-254.43,125.316,0.0318136,0.0414839
-250.633,125.316,0.0320254,0.0421714
-246.835,125.316,0.0322356,0.0428743
-243.038,125.316,0.0324443,0.0435924
-239.241,125.316,0.0326513,0.0443259
-235.443,125.316,0.0328568,0.0450747
-231.646,125.316,0.0330607,0.0458388
-227.848,125.316,0.033263,0.0466182
-224.051,125.316,0.0334638,0.0474129
-220.253,125.316,0.0336629,0.048223
-216.456,125.316,0.0338605,0.0490483
-212.658,125.316,0.0340565,0.049889
-208.861,125.316,0.0342508,0.0507449
-205.063,125.316,0.0344437,0.0516162
-201.266,125.316,0.0346349,0.0525028
-197.468,125.316,0.0348245,0.0534047
-193.671,125.316,0.0350126,0.0543219
-189.873,125.316,0.0351991,0.0552544
-186.076,125.316,0.0353839,0.0562023
-182.278,125.316,0.0355672,0.0571654
-178.481,125.316,0.035749,0.0581439
-174.684,125.316,0.0359291,0.0591376
-170.886,125.316,0.0361077,0.0601467
-167.089,125.316,0.0362846,0.0611711
-163.291,125.316,0.03646,0.0622108
-159.494,125.316,0.0366338,0.0632658
-155.696,125.316,0.036806,0.0643362
-151.899,125.316,0.0369767,0.0654218
-148.101,125.316,0.0371457,0.0665228
-144.304,125.316,0.0373132,0.067639
-140.506,125.316,0.0374791,0.0687706
-136.709,125.316,0.0376434,0.0699175
-132.911,125.316,0.0378061,0.0710797
-129.114,125.316,0.0379672,0.0722572
-125.316,125.316,0.0381267,0.07345
-121.519,125.316,0.0382847,0.0746581
-117.722,125.316,0.0384411,0.0758816
-113.924,125.316,0.0385959,0.0771203
-110.127,125.316,0.0387491,0.0783744
-106.329,125.316,0.0389007,0.0796438
-102.532,125.316,0.0390507,0.0809285
-98.7342,125.316,0.0391992,0.0822285
-94.9367,125.316,0.0393461,0.0835438
-91.1392,125.316,0.0394913,0.0848744
-87.3418,125.316,0.039635,0.0862204
-83.5443,125.316,0.0397772,0.0875816
-79.7468,125.316,0.0399177,0.0889582
-75.9494,125.316,0.0400567,0.0903501
-72.1519,125.316,0.040194,0.0917572
-68.3544,125.316,0.0403298,0.0931797
-64.557,125.316,0.040464,0.0946176
-60.7595,125.316,0.0405966,0.0960707
-56.962,125.316,0.0407276,0.0975391
-53.1646,125.316,0.0408571,0.0990228
-49.3671,125.316,0.040985,0.100522
-45.5696,125.316,0.0411112,0.102036
-41.7722,125.316,0.0412359,0.103566
-37.9747,125.316,0.041359,0.105111
-34.1772,125.316,0.0414806,0.106671
-30.3797,125.316,0.0416005,0.108247
-26.5823,125.316,0.0417189,0.109838
-22.7848,125.316,0.0418356,0.111444
-18.9873,125.316,0.0419508,0.113066
-15.1899,125.316,0.0420644,0.114702
-11.3924,125.316,0.0421764,0.116355
-7.59494,125.316,0.0422869,0.118022
-3.79747,125.316,0.0423957,0.119705
0,125.316,0.042503,0.121403
-300,129.114,0.0298414,0.0364768
-296.203,129.114,0.0300706,0.0369772
-292.405,129.114,0.0302983,0.037493
-288.608,129.114,0.0305244,0.0380241
-284.81,129.114,0.0307489,0.0385705
-281.013,129.114,0.0309718,0.0391322
-277.215,129.114,0.0311931,0.0397092
-273.418,129.114,0.0314129,0.0403016
-269.62,129.114,0.031631,0.0409092
-265.823,129.114,0.0318476,0.0415322
-262.025,129.114,0.0320626,0.0421704
-258.228,129.114,0.032276,0.042824
-254.43,129.114,0.0324879,0.0434929
-250.633,129.114,0.0326981,0.0441771
-246.835,129.114,0.0329068,0.0448766
-243.038,129.114,0.0331138,0.0455915
-239.241,129.114,0.0333193,0.0463216
-235.443,129.114,0.0335232,0.047067
-231.646,129.114,0.0337256,0.0478278
-227.848,129.114,0.0339263,0.0486039
-224.051,129.114,0.0341255,0.0493953
-220.253,129.114,0.034323,0.050202
-216.456,129.114,0.034519,0.051024
-212.658,129.114,0.0347134,0.0518613
-208.861,129.114,0.0349062,0.0527139
-205.063,129.114,0.0350975,0.0535819
-201.266,129.114,0.0352871,0.0544651
-197.468,129.114,0.0354752,0.0553637
-193.671,129.114,0.0356617,0.0562776
-189.873,129.114,0.0358466,0.0572068
-186.076,129.114,0.0360299,0.0581513
-182.278,129.114,0.0362116,0.0591111
-178.481,129.114,0.0363918,0.0600862
-174.684,129.114,0.0365703,0.0610766
-170.886,129.114,0.0367473,0.0620824
-167.089,129.114,0.0369227,0.0631035
-163.291,129.114,0.0370965,0.0641398
-159.494,129.114,0.0372687,0.0651915
-155.696,129.114,0.0374394,0.0662585
-151.899,129.114,0.0376084,0.0673408
-148.101,129.114,0.0377759,0.0684384
-144.304,129.114,0.0379418,0.0695514
-140.506,129.114,0.0381061,0.0706796
-136.709,129.114,0.0382688,0.0718232
-132.911,129.114,0.0384299,0.072982
-129.114,129.114,0.0385895,0.0741562
-125.316,129.114,0.0387475,0.0753457
-121.519,129.114,0.0389039,0.0765505
-117.722,129.114,0.0390587,0.0777706
-113.924,129.114,0.0392119,0.079006
-110.127,129.114,0.0393635,0.0802568
-106.329,129.114,0.0395136,0.0815228
-102.532,129.114,0.039662,0.0828042
-98.7342,129.114,0.0398089,0.0841008
-94.9367,129.114,0.0399542,0.0854128
-91.1392,129.114,0.0400979,0.0867401
-87.3418,129.114,0.04024,0.0880827
-83.5443,129.114,0.0403806,0.0894406
-79.7468,129.114,0.0405195,0.0908139
-75.9494,129.114,0.0406569,0.0922024
-72.1519,129.114,0.0407927,0.0936063
-68.3544,129.114,0.0409269,0.0950254
-64.557,129.114,0.0410595,0.0964599
-60.7595,129.114,0.0411906,0.0979097
-56.962,129.114,0.04132,0.0993748
-53.1646,129.114,0.0414479,0.100855
-49.3671,129.114,0.0415742,0.102351
-45.5696,129.114,0.0416989,0.103862
-41.7722,129.114,0.041822,0.105388
-37.9747,129.114,0.0419435,0.10693
-34.1772,129.114,0.0420635,0.108487
-30.3797,129.114,0.0421819,0.110059
-26.5823,129.114,0.0422986,0.111647
-22.7848,129.114,0.0424138,0.11325
-18.9873,129.114,0.0425274,0.114868
-15.1899,129.114,0.0426395,0.116501
-11.3924,129.114,0.0427499,0.11815
-7.59494,129.114,0.0428588,0.119814
-3.79747,129.114,0.0429661,0.121494
0,129.114,0.0430718,0.123189
-300,132.911,0.030526,0.0384984
-296.203,132.911,0.0307537,0.0389955
-292.405,132.911,0.0309798,0.039508
-288.608,132.911,0.0312043,0.0400357
-284.81,132.911,0.0314272,0.0405788
-281.013,132.911,0.0316486,0.0411372
-277.215,132.911,0.0318683,0.0417108
-273.418,132.911,0.0320865,0.0422998
-269.62,132.911,0.0323031,0.0429042
-265.823,132.911,0.0325181,0.0435238
-262.025,132.911,0.0327315,0.0441587
-258.228,132.911,0.0329433,0.044809
-254.43,132.911,0.0331536,0.0454745
-250.633,132.911,0.0333623,0.0461554
-246.835,132.911,0.0335693,0.0468516
-243.038,132.911,0.0337748,0.0475631
-239.241,132.911,0.0339788,0.0482899
-235.443,132.911,0.0341811,0.049032
-231.646,132.911,0.0343818,0.0497894
-227.848,132.911,0.034581,0.0505622
-224.051,132.911,0.0347786,0.0513502
-220.253,132.911,0.0349746,0.0521536
-216.456,132.911,0.035169,0.0529723
-212.658,132.911,0.0353618,0.0538062
-208.861,132.911,0.0355531,0.0546555
-205.063,132.911,0.0357427,0.0555202
-201.266,132.911,0.0359308,0.0564001
-197.468,132.911,0.0361173,0.0572953
-193.671,132.911,0.0363022,0.0582059
-189.873,132.911,0.0364855,0.0591317
-186.076,132.911,0.0366673,0.0600729
-182.278,132.911,0.0368474,0.0610294
-178.481,132.911,0.037026,0.0620012
-174.684,132.911,0.037203,0.0629883
-170.886,132.911,0.0373784,0.0639907
-167.089,132.911,0.0375522,0.0650084
-163.291,132.911,0.0377244,0.0660414
-159.494,132.911,0.0378951,0.0670898
-155.696,132.911,0.0380641,0.0681535
-151.899,132.911,0.0382316,0.0692324
-148.101,132.911,0.0383975,0.0703267
-144.304,132.911,0.0385618,0.0714363
-140.506,132.911,0.0387246,0.0725612
-136.709,132.911,0.0388857,0.0737014
-132.911,132.911,0.0390453,0.074857
-129.114,132.911,0.0392033,0.0760278
-125.316,132.911,0.0393596,0.077214
-121.519,132.911,0.0395145,0.0784154
-117.722,132.911,0.0396677,0.0796322
-113.924,132.911,0.0398193,0.0808643
-110.127,132.911,0.0399694,0.0821117
-106.329,132.911,0.0401178,0.0833744
-102.532,132.911,0.0402647,0.0846525
-98.7342,132.911,0.04041,0.0859458
-94.9367,132.911,0.0405538,0.0872544
-91.1392,132.911,0.0406959,0.0885784
-87.3418,132.911,0.0408364,0.0899177
-83.5443,132.911,0.0409754,0.0912723
-79.7468,132.911,0.0411128,0.0926422
-75.9494,132.911,0.0412486,0.0940274
-72.1519,132.911,0.0413828,0.0954279
-68.3544,132.911,0.0415154,0.0968437
-64.557,132.911,0.0416465,0.0982749
-60.7595,132.911,0.041776,0.0997213
-56.962,132.911,0.0419038,0.101183
-53.1646,132.911,0.0420301,0.10266
-49.3671,132.911,0.0421548,0.104153
-45.5696,132.911,0.042278,0.10566
-41.7722,132.911,0.0423995,0.107183
-37.9747,132.911,0.0425195,0.108722
-34.1772,132.911,0.0426378,0.110275
-30.3797,132.911,0.0427546,0.111844
-26.5823,132.911,0.0428698,0.113428
-22.7848,132.911,0.0429835,0.115028
-18.9873,132.911,0.0430955,0.116643
-15.1899,132.911,0.043206,0.118273
-11.3924,132.911,0.0433148,0.119919
-7.59494,132.911,0.0434221,0.121579
-3.79747,132.911,0.0435278,0.123256
0,132.911,0.0436319,0.124947
-300,136.709,0.0312021,0.0404926
-296.203,136.709,0.0314282,0.0409864
-292.405,136.709,0.0316527,0.0414955
-288.608,136.709,0.0318756,0.0420199
-284.81,136.709,0.032097,0.0425597
-281.013,136.709,0.0323168,0.0431147
-277.215,136.709,0.0325349,0.0436851
-273.418,136.709,0.0327515,0.0442707
-269.62,136.709,0.0329666,0.0448717
-265.823,136.709,0.03318,0.045488
-262.025,136.709,0.0333918,0.0461196
-258.228,136.709,0.0336021,0.0467665
-254.43,136.709,0.0338108,0.0474288
-250.633,136.709,0.0340179,0.0481063
-246.835,136.709,0.0342234,0.0487992
-243.038,136.709,0.0344273,0.0495073
-239.241,136.709,0.0346296,0.0502308
-235.443,136.709,0.0348304,0.0509696
-231.646,136.709,0.0350296,0.0517237
-227.848,136.709,0.0352272,0.0524931
-224.051,136.709,0.0354232,0.0532778
-220.253,136.709,0.0356176,0.0540778
-216.456,136.709,0.0358104,0.0548932
-212.658,136.709,0.0360017,0.0557238
-208.861,136.709,0.0361913,0.0565698
-205.063,136.709,0.0363794,0.0574311
-201.266,136.709,0.0365659,0.0583077
-197.468,136.709,0.0367508,0.0591996
-193.671,136.709,0.0369342,0.0601068
-189.873,136.709,0.0371159,0.0610293
-186.076,136.709,0.0372961,0.0619671
-182.278,136.709,0.0374747,0.0629203
-178.481,136.709,0.0376517,0.0638887
-174.684,136.709,0.0378271,0.0648725
-170.886,136.709,0.0380009,0.0658716
-167.089,136.709,0.0381731,0.066886
-163.291,136.709,0.0383438,0.0679157
-159.494,136.709,0.0385129,0.0689607
-155.696,136.709,0.0386804,0.070021
-151.899,136.709,0.0388463,0.0710967
-148.101,136.709,0.0390106,0.0721876
-144.304,136.709,0.0391733,0.0732939
-140.506,136.709,0.0393345,0.0744155
-136.709,136.709,0.039494,0.0755524
-132.911,136.709,0.039652,0.0767046
-129.114,136.709,0.0398084,0.0778721
-125.316,136.709,0.0399633,0.0790549
-121.519,136.709,0.0401165,0.080253
-117.722,136.709,0.0402681,0.0814665
-113.924,136.709,0.0404182,0.0826952
-110.127,136.709,0.0405667,0.0839393
-106.329,136.709,0.0407136,0.0851987
-102.532,136.709,0.0408589,0.0864734
-98.7342,136.709,0.0410026,0.0877634
-94.9367,136.709,0.0411448,0.0890687
-91.1392,136.709,0.0412853,0.0903893
-87.3418,136.709,0.0414243,0.0917253
-83.5443,136.709,0.0415617,0.0930765
-79.7468,136.709,0.0416975,0.0944431
-75.9494,136.709,0.0418317,0.0958249
-72.1519,136.709,0.0419644,0.0972221
-68.3544,136.709,0.0420954,0.0986346
-64.557,136.709,0.0422249,0.100062
-60.7595,136.709,0.0423528,0.101506
-56.962,136.709,0.0424791,0.102964
-53.1646,136.709,0.0426038,0.104438
-49.3671,136.709,0.042727,0.105927
-45.5696,136.709,0.0428485,0.107431
-41.7722,136.709,0.0429685,0.108951
-37.9747,136.709,0.0430869,0.110486
-34.1772,136.709,0.0432037,0.112036
-30.3797,136.709,0.0433189,0.113602
-26.5823,136.709,0.0434325,0.115183
-22.7848,136.709,0.0435445,0.116779
-18.9873,136.709,0.043655,0.11839
-15.1899,136.709,0.0437639,0.120017
-11.3924,136.709,0.0438712,0.121659
-7.59494,136.709,0.0439769,0.123317
-3.79747,136.709,0.044081,0.12499
0,136.709,0.0441836,0.126678
-300,140.506,0.0318696,0.0424595
-296.203,140.506,0.0320941,0.0429499
-292.405,140.506,0.0323171,0.0434557
-288.608,140.506,0.0325384,0.0439768
-284.81,140.506,0.0327582,0.0445132
-281.013,140.506,0.0329764,0.0450649
-277.215,140.506,0.033193,0.0456319
-273.418,140.506,0.033408,0.0462143
-269.62,140.506,0.0336215,0.0468119
-265.823,140.506,0.0338333,0.0474249
-262.025,140.506,0.0340436,0.0480531
-258.228,140.506,0.0342523,0.0486967
-254.43,140.506,0.0344594,0.0493556
-250.633,140.506,0.0346649,0.0500298
-246.835,140.506,0.0348688,0.0507193
-243.038,140.506,0.0350712,0.0514242
-239.241,140.506,0.0352719,0.0521443
-235.443,140.506,0.0354711,0.0528798
-231.646,140.506,0.0356687,0.0536305
-227.848,140.506,0.0358647,0.0543966
-224.051,140.506,0.0360592,0.055178
-220.253,140.506,0.036252,0.0559747
-216.456,140.506,0.0364433,0.0567867
-212.658,140.506,0.036633,0.057614
-208.861,140.506,0.036821,0.0584566
-205.063,140.506,0.0370076,0.0593146
-201.266,140.506,0.0371925,0.0601878
-197.468,140.506,0.0373758,0.0610764
-193.671,140.506,0.0375576,0.0619803
-189.873,140.506,0.0377377,0.0628995
-186.076,140.506,0.0379163,0.063834
-182.278,140.506,0.0380933,0.0647838
-178.481,140.506,0.0382688,0.0657489
-174.684,140.506,0.0384426,0.0667294
-170.886,140.506,0.0386148,0.0677251
-167.089,140.506,0.0387855,0.0687362
-163.291,140.506,0.0389546,0.0697625
-159.494,140.506,0.0391221,0.0708042
-155.696,140.506,0.039288,0.0718612
-151.899,140.506,0.0394523,0.0729335
-148.101,140.506,0.0396151,0.0740211
-144.304,140.506,0.0397763,0.0751241
-140.506,140.506,0.0399358,0.0762423
-136.709,140.506,0.0400938,0.0773759
-132.911,140.506,0.0402502,0.0785247
-129.114,140.506,0.0404051,0.0796889
-125.316,140.506,0.0405583,0.0808684
-121.519,140.506,0.04071,0.0820632
-117.722,140.506,0.04086,0.0832733
-113.924,140.506,0.0410085,0.0844987
-110.127,140.506,0.0411554,0.0857395
-106.329,140.506,0.0413008,0.0869955
-102.532,140.506,0.0414445,0.0882669
-98.7342,140.506,0.0415866,0.0895536
-94.9367,140.506,0.0417272,0.0908555
-91.1392,140.506,0.0418662,0.0921728
-87.3418,140.506,0.0420036,0.0935054
-83.5443,140.506,0.0421394,0.0948534
-79.7468,140.506,0.0422737,0.0962166
-75.9494,140.506,0.0424063,0.0975951
-72.1519,140.506,0.0425374,0.098989
-68.3544,140.506,0.0426669,0.100398
-64.557,140.506,0.0427948,0.101823
-60.7595,140.506,0.0429211,0.103262
-56.962,140.506,0.0430458,0.104718
-53.1646,140.506,0.0431689,0.106188
-49.3671,140.506,0.0432905,0.107674
-45.5696,140.506,0.0434105,0.109175
-41.7722,140.506,0.0435289,0.110691
-37.9747,140.506,0.0436457,0.112223
-34.1772,140.506,0.0437609,0.11377
-30.3797,140.506,0.0438745,0.115332
-26.5823,140.506,0.0439866,0.11691
-22.7848,140.506,0.0440971,0.118502
-18.9873,140.506,0.044206,0.120111
-15.1899,140.506,0.0443133,0.121734
-11.3924,140.506,0.044419,0.123373
-7.59494,140.506,0.0445231,0.125027
-3.79747,140.506,0.0446257,0.126697
0,140.506,0.0447266,0.128381
-300,144.304,0.0325286,0.0443989
-296.203,144.304,0.0327515,0.0448861
-292.405,144.304,0.0329729,0.0453885
-288.608,144.304,0.0331927,0.0459063
-284.81,144.304,0.0334109,0.0464393
-281.013,144.304,0.0336275,0.0469877
-277.215,144.304,0.0338425,0.0475514
-273.418,144.304,0.034056,0.0481304
-269.62,144.304,0.0342678,0.0487247
-265.823,144.304,0.0344781,0.0493343
-262.025,144.304,0.0346868,0.0499593
-258.228,144.304,0.0348939,0.0505995
-254.43,144.304,0.0350994,0.0512551
-250.633,144.304,0.0353034,0.0519259
-246.835,144.304,0.0355057,0.0526121
-243.038,144.304,0.0357065,0.0533136
-239.241,144.304,0.0359057,0.0540304
-235.443,144.304,0.0361033,0.0547626
-231.646,144.304,0.0362993,0.05551
-227.848,144.304,0.0364938,0.0562727
-224.051,144.304,0.0366866,0.0570508
-220.253,144.304,0.0368779,0.0578441
-216.456,144.304,0.0370676,0.0586528
-212.658,144.304,0.0372557,0.0594768
-208.861,144.304,0.0374422,0.0603161
-205.063,144.304,0.0376271,0.0611707
-201.266,144.304,0.0378105,0.0620406
-197.468,144.304,0.0379922,0.0629259
-193.671,144.304,0.0381724,0.0638264
-189.873,144.304,0.038351,0.0647423
-186.076,144.304,0.038528,0.0656734
-182.278,144.304,0.0387035,0.0666199
-178.481,144.304,0.0388773,0.0675817
-174.684,144.304,0.0390496,0.0685588
-170.886,144.304,0.0392202,0.0695512
-167.089,144.304,0.0393893,0.070559
-163.291,144.304,0.0395568,0.071582
-159.494,144.304,0.0397228,0.0726204
-155.696,144.304,0.0398871,0.073674
-151.899,144.304,0.0400499,0.074743
-148.101,144.304,0.040211,0.0758273
-144.304,144.304,0.0403706,0.0769269
-140.506,144.304,0.0405286,0.0780418
-136.709,144.304,0.040685,0.079172
-132.911,144.304,0.0408399,0.0803175
-129.114,144.304,0.0409931,0.0814784
-125.316,144.304,0.0411448,0.0826545
-121.519,144.304,0.0412949,0.083846
-117.722,144.304,0.0414434,0.0850528
-113.924,144.304,0.0415903,0.0862749
-110.127,144.304,0.0417356,0.0875123
-106.329,144.304,0.0418794,0.088765
-102.532,144.304,0.0420215,0.090033
-98.7342,144.304,0.0421621,0.0913164
-94.9367,144.304,0.0423011,0.092615
-91.1392,144.304,0.0424385,0.093929
-87.3418,144.304,0.0425743,0.0952582
-83.5443,144.304,0.0427086,0.0966028
-79.7468,144.304,0.0428412,0.0979627
-75.9494,144.304,0.0429723,0.0993379
-72.1519,144.304,0.0431018,0.100728
-68.3544,144.304,0.0432297,0.102134
-64.557,144.304,0.043356,0.103555
-60.7595,144.304,0.0434808,0.104992
-56.962,144.304,0.0436039,0.106444
-53.1646,144.304,0.0437255,0.107911
-49.3671,144.304,0.0438455,0.109393
-45.5696,144.304,0.0439639,0.110891
-41.7722,144.304,0.0440807,0.112404
-37.9747,144.304,0.0441959,0.113932
-34.1772,144.304,0.0443096,0.115476
-30.3797,144.304,0.0444216,0.117035
-26.5823,144.304,0.0445321,0.118609
-22.7848,144.304,0.044641,0.120199
-18.9873,144.304,0.0447483,0.121803
-15.1899,144.304,0.0448541,0.123424
-11.3924,144.304,0.0449582,0.125059
-7.59494,144.304,0.0450608,0.12671
-3.79747,144.304,0.0451617,0.128376
0,144.304,0.0452611,0.130058
-300,148.101,0.033179,0.046311
-296.203,148.101,0.0334003,0.0467948
-292.405,148.101,0.0336201,0.0472939
-288.608,148.101,0.0338383,0.0478083
-284.81,148.101,0.034055,0.0483381
-281.013,148.101,0.03427,0.0488831
-277.215,148.101,0.0344834,0.0494435
-273.418,148.101,0.0346953,0.0500191
-269.62,148.101,0.0349056,0.0506101
-265.823,148.101,0.0351143,0.0512164
-262.025,148.101,0.0353214,0.051838
-258.228,148.101,0.035527,0.0524749
-254.43,148.101,0.0357309,0.0531272
-250.633,148.101,0.0359333,0.0537947
-246.835,148.101,0.0361341,0.0544775
-243.038,148.101,0.0363333,0.0551757
-239.241,148.101,0.0365309,0.0558892
-235.443,148.101,0.0367269,0.056618
-231.646,148.101,0.0369214,0.0573621
-227.848,148.101,0.0371142,0.0581215
-224.051,148.101,0.0373055,0.0588962
-220.253,148.101,0.0374952,0.0596862
-216.456,148.101,0.0376833,0.0604916
-212.658,148.101,0.0378698,0.0613122
-208.861,148.101,0.0380548,0.0621482
-205.063,148.101,0.0382381,0.0629995
-201.266,148.101,0.0384199,0.0638661
-197.468,148.101,0.0386001,0.064748
-193.671,148.101,0.0387787,0.0656452
-189.873,148.101,0.0389557,0.0665577
-186.076,148.101,0.0391312,0.0674855
-182.278,148.101,0.039305,0.0684287
-178.481,148.101,0.0394773,0.0693871
-174.684,148.101,0.039648,0.0703609
-170.886,148.101,0.0398171,0.07135
-167.089,148.101,0.0399846,0.0723544
-163.291,148.101,0.0401505,0.0733741
-159.494,148.101,0.0403149,0.0744091
-155.696,148.101,0.0404776,0.0754594
-151.899,148.101,0.0406388,0.0765251
-148.101,148.101,0.0407984,0.077606
-144.304,148.101,0.0409564,0.0787023
-140.506,148.101,0.0411129,0.0798139
-136.709,148.101,0.0412677,0.0809408
-132.911,148.101,0.041421,0.082083
-129.114,148.101,0.0415726,0.0832405
-125.316,148.101,0.0417227,0.0844133
-121.519,148.101,0.0418712,0.0856014
-117.722,148.101,0.0420182,0.0868049
-113.924,148.101,0.0421635,0.0880236
-110.127,148.101,0.0423073,0.0892577
-106.329,148.101,0.0424494,0.0905071
-102.532,148.101,0.04259,0.0917718
-98.7342,148.101,0.042729,0.0930518
-94.9367,148.101,0.0428664,0.0943471
-91.1392,148.101,0.0430023,0.0956577
-87.3418,148.101,0.0431365,0.0969837
-83.5443,148.101,0.0432692,0.0983249
-79.7468,148.101,0.0434003,0.0996815
-75.9494,148.101,0.0435298,0.101053
-72.1519,148.101,0.0436577,0.102441
-68.3544,148.101,0.043784,0.103843
-64.557,148.101,0.0439088,0.105261
-60.7595,148.101,0.0440319,0.106694
-56.962,148.101,0.0441535,0.108142
-53.1646,148.101,0.0442735,0.109606
-49.3671,148.101,0.0443919,0.111085
-45.5696,148.101,0.0445087,0.11258
-41.7722,148.101,0.044624,0.114089
-37.9747,148.101,0.0447376,0.115614
-34.1772,148.101,0.0448497,0.117155
-30.3797,148.101,0.0449602,0.11871
-26.5823,148.101,0.0450691,0.120281
-22.7848,148.101,0.0451764,0.121867
-18.9873,148.101,0.0452822,0.123469
-15.1899,148.101,0.0453863,0.125086
-11.3924,148.101,0.0454889,0.126718
-7.59494,148.101,0.0455899,0.128365
-3.79747,148.101,0.0456893,0.130028
0,148.101,0.0457871,0.131706
-300,151.899,0.0338208,0.0481957
-296.203,151.899,0.0340406,0.0486762
-292.405,151.899,0.0342588,0.0491719
-288.608,151.899,0.0344754,0.049683
-284.81,151.899,0.0346905,0.0502094
-281.013,151.899,0.0349039,0.0507511
-277.215,151.899,0.0351158,0.0513082
-273.418,151.899,0.0353261,0.0518805
-269.62,151.899,0.0355348,0.0524681
-265.823,151.899,0.035742,0.0530711
-262.025,151.899,0.0359475,0.0536894
-258.228,151.899,0.0361515,0.054323
-254.43,151.899,0.0363538,0.0549719
-250.633,151.899,0.0365546,0.0556361
-246.835,151.899,0.0367538,0.0563156
-243.038,151.899,0.0369515,0.0570104
-239.241,151.899,0.0371475,0.0577205
-235.443,151.899,0.037342,0.058446
-231.646,151.899,0.0375348,0.0591868
-227.848,151.899,0.0377261,0.0599428
-224.051,151.899,0.0379158,0.0607142
-220.253,151.899,0.0381039,0.0615009
-216.456,151.899,0.0382905,0.0623029
-212.658,151.899,0.0384754,0.0631202
-208.861,151.899,0.0386588,0.0639529
-205.063,151.899,0.0388406,0.0648008
-201.266,151.899,0.0390208,0.0656641
-197.468,151.899,0.0391994,0.0665426
-193.671,151.899,0.0393764,0.0674365
-189.873,151.899,0.0395519,0.0683457
-186.076,151.899,0.0397257,0.0692702
-182.278,151.899,0.039898,0.07021
-178.481,151.899,0.0400687,0.0711652
-174.684,151.899,0.0402378,0.0721356
-170.886,151.899,0.0404053,0.0731214
-167.089,151.899,0.0405713,0.0741224
-163.291,151.899,0.0407356,0.0751388
-159.494,151.899,0.0408984,0.0761705
-155.696,151.899,0.0410596,0.0772175
-151.899,151.899,0.0412192,0.0782798
-148.101,151.899,0.0413772,0.0793574
-144.304,151.899,0.0415337,0.0804503
-140.506,151.899,0.0416885,0.0815586
-136.709,151.899,0.0418418,0.0826821
-132.911,151.899,0.0419935,0.083821
-129.114,151.899,0.0421436,0.0849752
-125.316,151.899,0.0422921,0.0861447
-121.519,151.899,0.042439,0.0873295
-117.722,151.899,0.0425844,0.0885296
-113.924,151.899,0.0427281,0.089745
-110.127,151.899,0.0428703,0.0909757
-106.329,151.899,0.0430109,0.0922218
-102.532,151.899,0.0431499,0.0934831
-98.7342,151.899,0.0432874,0.0947598
-94.9367,151.899,0.0434232,0.0960518
-91.1392,151.899,0.0435575,0.0973591
-87.3418,151.899,0.0436901,0.0986817
-83.5443,151.899,0.0438212,0.10002
-79.7468,151.899,0.0439507,0.101373
-75.9494,151.899,0.0440787,0.102741
-72.1519,151.899,0.044205,0.104125
-68.3544,151.899,0.0443298,0.105524
-64.557,151.899,0.0444529,0.106939
-60.7595,151.899,0.0445745,0.108369
-56.962,151.899,0.0446945,0.109814
-53.1646,151.899,0.0448129,0.111274
-49.3671,151.899,0.0449298,0.11275
-45.5696,151.899,0.045045,0.114241
-41.7722,151.899,0.0451587,0.115747
-37.9747,151.899,0.0452708,0.117269
-34.1772,151.899,0.0453813,0.118806
-30.3797,151.899,0.0454902,0.120358
-26.5823,151.899,0.0455975,0.121926
-22.7848,151.899,0.0457033,0.123509
-18.9873,151.899,0.0458074,0.125107
-15.1899,151.899,0.04591,0.12672
-11.3924,151.899,0.046011,0.128349
-7.59494,151.899,0.0461104,0.129993
-3.79747,151.899,0.0462082,0.131653
0,151.899,0.0463045,0.133328
-300,155.696,0.0344541,0.050053
-296.203,155.696,0.0346723,0.0505301
-292.405,155.696,0.0348889,0.0510226
-288.608,155.696,0.035104,0.0515303
-284.81,155.696,0.0353175,0.0520534
-281.013,155.696,0.0355293,0.0525918
-277.215,155.696,0.0357397,0.0531455
-273.418,155.696,0.0359484,0.0537145
-269.62,155.696,0.0361555,0.0542988
-265.823,155.696,0.0363611,0.0548984
-262.025,155.696,0.036565,0.0555134
-258.228,155.696,0.0367674,0.0561436
-254.43,155.696,0.0369682,0.0567892
-250.633,155.696,0.0371674,0.05745
-246.835,155.696,0.0373651,0.0581262
-243.038,155.696,0.0375611,0.0588177
-239.241,155.696,0.0377556,0.0595245
-235.443,155.696,0.0379485,0.0602466
-231.646,155.696,0.0381398,0.0609841
-227.848,155.696,0.0383295,0.0617368
-224.051,155.696,0.0385176,0.0625049
-220.253,155.696,0.0387041,0.0632882
-216.456,155.696,0.0388891,0.0640869
-212.658,155.696,0.0390725,0.0649009
-208.861,155.696,0.0392543,0.0657302
-205.063,155.696,0.0394345,0.0665748
-201.266,155.696,0.0396131,0.0674347
-197.468,155.696,0.0397901,0.06831
-193.671,155.696,0.0399656,0.0692005
-189.873,155.696,0.0401395,0.0701064
-186.076,155.696,0.0403117,0.0710275
-182.278,155.696,0.0404825,0.071964
-178.481,155.696,0.0406516,0.0729158
-174.684,155.696,0.0408191,0.0738829
-170.886,155.696,0.0409851,0.0748653
-167.089,155.696,0.0411494,0.0758631
-163.291,155.696,0.0413122,0.0768761
-159.494,155.696,0.0414734,0.0779045
-155.696,155.696,0.041633,0.0789481
-151.899,155.696,0.041791,0.0800071
-148.101,155.696,0.0419475,0.0810814
-144.304,155.696,0.0421024,0.082171
-140.506,155.696,0.0422556,0.0832759
-136.709,155.696,0.0424073,0.0843961
-132.911,155.696,0.0425574,0.0855316
-129.114,155.696,0.042706,0.0866825
-125.316,155.696,0.0428529,0.0878486
-121.519,155.696,0.0429983,0.0890301
-117.722,155.696,0.043142,0.0902269
-113.924,155.696,0.0432842,0.091439
-110.127,155.696,0.0434248,0.0926664
-106.329,155.696,0.0435638,0.0939091
-102.532,155.696,0.0437013,0.0951671
-98.7342,155.696,0.0438371,0.0964405
-94.9367,155.696,0.0439714,0.0977291
-91.1392,155.696,0.0441041,0.0990331
-87.3418,155.696,0.0442352,0.100352
-83.5443,155.696,0.0443647,0.101687
-79.7468,155.696,0.0444926,0.103037
-75.9494,155.696,0.044619,0.104402
-72.1519,155.696,0.0447437,0.105783
-68.3544,155.696,0.0448669,0.107178
-64.557,155.696,0.0449885,0.10859
-60.7595,155.696,0.0451085,0.110016
-56.962,155.696,0.045227,0.111458
-53.1646,155.696,0.0453438,0.112915
-49.3671,155.696,0.0454591,0.114387
-45.5696,155.696,0.0455727,0.115875
-41.7722,155.696,0.0456848,0.117378
-37.9747,155.696,0.0457953,0.118896
-34.1772,155.696,0.0459043,0.12043
-30.3797,155.696,0.0460116,0.121979
-26.5823,155.696,0.0461174,0.123543
-22.7848,155.696,0.0462215,0.125123
-18.9873,155.696,0.0463241,0.126718
-15.1899,155.696,0.0464251,0.128328
-11.3924,155.696,0.0465245,0.129953
-7.59494,155.696,0.0466224,0.131594
-3.79747,155.696,0.0467186,0.13325
0,155.696,0.0468133,0.134922
-300,159.494,0.0350788,0.0518829
-296.203,159.494,0.0352954,0.0523567
-292.405,159.494,0.0355105,0.0528458
-288.608,159.494,0.035724,0.0533503
-284.81,159.494,0.0359359,0.05387
-281.013,159.494,0.0361462,0.054405
-277.215,159.494,0.0363549,0.0549554
-273.418,159.494,0.0365621,0.0555211
-269.62,159.494,0.0367676,0.056102
-265.823,159.494,0.0369716,0.0566983
-262.025,159.494,0.037174,0.0573099
-258.228,159.494,0.0373748,0.0579369
-254.43,159.494,0.037574,0.0585791
-250.633,159.494,0.0377717,0.0592366
-246.835,159.494,0.0379677,0.0599095
-243.038,159.494,0.0381622,0.0605976
-239.241,159.494,0.0383551,0.0613011
-235.443,159.494,0.0385464,0.0620199
-231.646,159.494,0.0387361,0.062754
-227.848,159.494,0.0389242,0.0635034
-224.051,159.494,0.0391108,0.0642681
-220.253,159.494,0.0392958,0.0650482
-216.456,159.494,0.0394792,0.0658435
-212.658,159.494,0.039661,0.0666541
-208.861,159.494,0.0398412,0.0674801
-205.063,159.494,0.0400198,0.0683214
-201.266,159.494,0.0401968,0.069178
-197.468,159.494,0.0403723,0.0700499
-193.671,159.494,0.0405462,0.0709371
-189.873,159.494,0.0407185,0.0718396
-186.076,159.494,0.0408892,0.0727575
-182.278,159.494,0.0410583,0.0736906
-178.481,159.494,0.0412259,0.0746391
-174.684,159.494,0.0413918,0.0756028
-170.886,159.494,0.0415562,0.0765819
-167.089,159.494,0.041719,0.0775763
-163.291,159.494,0.0418802,0.078586
-159.494,159.494,0.0420398,0.079611
-155.696,159.494,0.0421979,0.0806514
-151.899,159.494,0.0423543,0.081707
-148.101,159.494,0.0425092,0.082778
-144.304,159.494,0.0426625,0.0838642
-140.506,159.494,0.0428142,0.0849658
-136.709,159.494,0.0429643,0.0860827
-132.911,159.494,0.0431128,0.0872149
-129.114,159.494,0.0432598,0.0883624
-125.316,159.494,0.0434051,0.0895252
-121.519,159.494,0.0435489,0.0907034
-117.722,159.494,0.0436911,0.0918968
-113.924,159.494,0.0438317,0.0931056
-110.127,159.494,0.0439708,0.0943296
-106.329,159.494,0.0441082,0.095569
-102.532,159.494,0.0442441,0.0968237
-98.7342,159.494,0.0443784,0.0980937
-94.9367,159.494,0.044511,0.099379
-91.1392,159.494,0.0446422,0.10068
-87.3418,159.494,0.0447717,0.101996
-83.5443,159.494,0.0448996,0.103327
-79.7468,159.494,0.045026,0.104673
-75.9494,159.494,0.0451508,0.106035
-72.1519,159.494,0.0452739,0.107412
-68.3544,159.494,0.0453955,0.108805
-64.557,159.494,0.0455156,0.110213
-60.7595,159.494,0.045634,0.111636
-56.962,159.494,0.0457509,0.113074
-53.1646,159.494,0.0458661,0.114528
-49.3671,159.494,0.0459798,0.115997
-45.5696,159.494,0.0460919,0.117482
-41.7722,159.494,0.0462024,0.118981
-37.9747,159.494,0.0463114,0.120496
-34.1772,159.494,0.0464187,0.122026
-30.3797,159.494,0.0465245,0.123572
-26.5823,159.494,0.0466286,0.125133
-22.7848,159.494,0.0467312,0.126709
-18.9873,159.494,0.0468323,0.128301
-15.1899,159.494,0.0469317,0.129908
-11.3924,159.494,0.0470295,0.13153
-7.59494,159.494,0.0471258,0.133167
-3.79747,159.494,0.0472205,0.13482
0,159.494,0.0473135,0.136488
-300,163.291,0.0356949,0.0536855
-296.203,163.291,0.03591,0.0541559
-292.405,163.291,0.0361235,0.0546417
-288.608,163.291,0.0363354,0.0551428
-284.81,163.291,0.0365457,0.0556592
-281.013,163.291,0.0367545,0.0561909
-277.215,163.291,0.0369616,0.0567379
-273.418,163.291,0.0371672,0.0573003
-269.62,163.291,0.0373712,0.0578779
-265.823,163.291,0.0375736,0.0584709
-262.025,163.291,0.0377744,0.0590791
-258.228,163.291,0.0379736,0.0597027
-254.43,163.291,0.0381713,0.0603416
-250.633,163.291,0.0383673,0.0609958
-246.835,163.291,0.0385618,0.0616653
-243.038,163.291,0.0387547,0.0623502
-239.241,163.291,0.038946,0.0630503
-235.443,163.291,0.0391358,0.0637658
-231.646,163.291,0.0393239,0.0644965
-227.848,163.291,0.0395105,0.0652426
-224.051,163.291,0.0396954,0.066004
-220.253,163.291,0.0398788,0.0667807
-216.456,163.291,0.0400606,0.0675727
-212.658,163.291,0.0402409,0.06838
-208.861,163.291,0.0404195,0.0692027
-205.063,163.291,0.0405966,0.0700406
-201.266,163.291,0.040772,0.0708939
-197.468,163.291,0.0409459,0.0717624
-193.671,163.291,0.0411182,0.0726463
-189.873,163.291,0.041289,0.0735455
-186.076,163.291,0.0414581,0.07446
-182.278,163.291,0.0416256,0.0753898
-178.481,163.291,0.0417916,0.0763349
-174.684,163.291,0.041956,0.0772954
-170.886,163.291,0.0421188,0.0782711
-167.089,163.291,0.04228,0.0792622
-163.291,163.291,0.0424396,0.0802686
-159.494,163.291,0.0425977,0.0812903
-155.696,163.291,0.0427542,0.0823272
-151.899,163.291,0.042909,0.0833796
-148.101,163.291,0.0430623,0.0844472
-144.304,163.291,0.043214,0.0855301
-140.506,163.291,0.0433642,0.0866284
-136.709,163.291,0.0435127,0.0877419
-132.911,163.291,0.0436597,0.0888708
-129.114,163.291,0.043805,0.090015
-125.316,163.291,0.0439488,0.0911744
-121.519,163.291,0.044091,0.0923492
-117.722,163.291,0.0442317,0.0935394
-113.924,163.291,0.0443707,0.0947448
-110.127,163.291,0.0445082,0.0959655
-106.329,163.291,0.044644,0.0972016
-102.532,163.291,0.0447783,0.0984529
-98.7342,163.291,0.044911,0.0997196
-94.9367,163.291,0.0450421,0.101002
-91.1392,163.291,0.0451717,0.102299
-87.3418,163.291,0.0452996,0.103611
-83.5443,163.291,0.045426,0.104939
-79.7468,163.291,0.0455508,0.106283
-75.9494,163.291,0.045674,0.107641
-72.1519,163.291,0.0457956,0.109015
-68.3544,163.291,0.0459156,0.110404
-64.557,163.291,0.046034,0.111809
-60.7595,163.291,0.0461509,0.113228
-56.962,163.291,0.0462662,0.114664
-53.1646,163.291,0.0463799,0.116114
-49.3671,163.291,0.046492,0.11758
-45.5696,163.291,0.0466025,0.119061
-41.7722,163.291,0.0467115,0.120557
-37.9747,163.291,0.0468188,0.122069
-34.1772,163.291,0.0469246,0.123596
-30.3797,163.291,0.0470288,0.125138
-26.5823,163.291,0.0471314,0.126696
-22.7848,163.291,0.0472324,0.128268
-18.9873,163.291,0.0473318,0.129857
-15.1899,163.291,0.0474297,0.13146
-11.3924,163.291,0.0475259,0.133079
-7.59494,163.291,0.0476206,0.134713
-3.79747,163.291,0.0477137,0.136363
0,163.291,0.0478052,0.138027
-300,167.089,0.0363025,0.0554606
-296.203,167.089,0.036516,0.0559278
-292.405,167.089,0.0367279,0.0564102
-288.608,167.089,0.0369383,0.056908
-284.81,167.089,0.037147,0.057421
-281.013,167.089,0.0373542,0.0579494
-277.215,167.089,0.0375597,0.0584931
-273.418,167.089,0.0377637,0.0590521
-269.62,167.089,0.0379662,0.0596264
-265.823,167.089,0.038167,0.060216
-262.025,167.089,0.0383662,0.060821
-258.228,167.089,0.0385639,0.0614412
-254.43,167.089,0.03876,0.0620768
-250.633,167.089,0.0389544,0.0627276
-246.835,167.089,0.0391474,0.0633938
-243.038,167.089,0.0393387,0.0640753
-239.241,167.089,0.0395284,0.0647721
-235.443,167.089,0.0397166,0.0654843
-231.646,167.089,0.0399031,0.0662117
-227.848,167.089,0.0400881,0.0669544
-224.051,167.089,0.0402715,0.0677125
-220.253,167.089,0.0404533,0.0684858
-216.456,167.089,0.0406336,0.0692745
-212.658,167.089,0.0408122,0.0700785
-208.861,167.089,0.0409893,0.0708978
-205.063,167.089,0.0411648,0.0717324
-201.266,167.089,0.0413387,0.0725823
-197.468,167.089,0.041511,0.0734476
-193.671,167.089,0.0416817,0.0743281
-189.873,167.089,0.0418509,0.075224
-186.076,167.089,0.0420184,0.0761352
-182.278,167.089,0.0421844,0.0770616
-178.481,167.089,0.0423488,0.0780034
-174.684,167.089,0.0425116,0.0789605
-170.886,167.089,0.0426728,0.079933
-167.089,167.089,0.0428325,0.0809207
-163.291,167.089,0.0429905,0.0819237
-159.494,167.089,0.043147,0.0829421
-155.696,167.089,0.0433019,0.0839757
-151.899,167.089,0.0434552,0.0850247
-148.101,167.089,0.0436069,0.086089
-144.304,167.089,0.043757,0.0871686
-140.506,167.089,0.0439056,0.0882635
-136.709,167.089,0.0440526,0.0893737
-132.911,167.089,0.0441979,0.0904993
-129.114,167.089,0.0443417,0.0916401
-125.316,167.089,0.044484,0.0927963
-121.519,167.089,0.0446246,0.0939677
-117.722,167.089,0.0447636,0.0951545
-113.924,167.089,0.0449011,0.0963566
-110.127,167.089,0.045037,0.097574
-106.329,167.089,0.0451713,0.0988067
-102.532,167.089,0.045304,0.100055
-98.7342,167.089,0.0454351,0.101318
-94.9367,167.089,0.0455647,0.102597
-91.1392,167.089,0.0456926,0.103891
-87.3418,167.089,0.045819,0.1052
-83.5443,167.089,0.0459438,0.106525
-79.7468,167.089,0.046067,0.107864
-75.9494,167.089,0.0461886,0.10922
-72.1519,167.089,0.0463086,0.11059
-68.3544,167.089,0.0464271,0.111976
-64.557,167.089,0.046544,0.113377
-60.7595,167.089,0.0466593,0.114794
-56.962,167.089,0.046773,0.116225
-53.1646,167.089,0.0468851,0.117672
-49.3671,167.089,0.0469956,0.119135
-45.5696,167.089,0.0471046,0.120613
-41.7722,167.089,0.0472119,0.122106
-37.9747,167.089,0.0473177,0.123614
-34.1772,167.089,0.0474219,0.125138
-30.3797,167.089,0.0475245,0.126676
-26.5823,167.089,0.0476255,0.128231
-22.7848,167.089,0.047725,0.1298
-18.9873,167.089,0.0478228,0.131385
-15.1899,167.089,0.0479191,0.132985
-11.3924,167.089,0.0480138,0.134601
-7.59494,167.089,0.0481069,0.136232
-3.79747,167.089,0.0481984,0.137878
0,167.089,0.0482884,0.139539
-300,170.886,0.0369015,0.0572084
-296.203,170.886,0.0371135,0.0576722
-292.405,170.886,0.0373238,0.0581513
-288.608,170.886,0.0375326,0.0586457
-284.81,170.886,0.0377397,0.0591555
-281.013,170.886,0.0379453,0.0596805
-277.215,170.886,0.0381493,0.0602209
-273.418,170.886,0.0383517,0.0607765
-269.62,170.886,0.0385526,0.0613475
-265.823,170.886,0.0387518,0.0619338
-262.025,170.886,0.0389495,0.0625354
-258.228,170.886,0.0391456,0.0631523
-254.43,170.886,0.0393401,0.0637845
-250.633,170.886,0.039533,0.0644321
-246.835,170.886,0.0397243,0.0650949
-243.038,170.886,0.0399141,0.0657731
-239.241,170.886,0.0401022,0.0664666
-235.443,170.886,0.0402888,0.0671754
-231.646,170.886,0.0404738,0.0678995
-227.848,170.886,0.0406572,0.0686389
-224.051,170.886,0.040839,0.0693936
-220.253,170.886,0.0410193,0.0701636
-216.456,170.886,0.0411979,0.070949
-212.658,170.886,0.041375,0.0717496
-208.861,170.886,0.0415505,0.0725656
-205.063,170.886,0.0417244,0.0733969
-201.266,170.886,0.0418967,0.0742434
-197.468,170.886,0.0420675,0.0751054
-193.671,170.886,0.0422366,0.0759826
-189.873,170.886,0.0424042,0.0768751
-186.076,170.886,0.0425702,0.0777829
-182.278,170.886,0.0427346,0.0787061
-178.481,170.886,0.0428974,0.0796445
-174.684,170.886,0.0430586,0.0805983
-170.886,170.886,0.0432183,0.0815674
-167.089,170.886,0.0433764,0.0825518
-163.291,170.886,0.0435328,0.0835515
-159.494,170.886,0.0436877,0.0845665
-155.696,170.886,0.043841,0.0855968
-151.899,170.886,0.0439928,0.0866425
-148.101,170.886,0.0441429,0.0877034
-144.304,170.886,0.0442915,0.0887797
-140.506,170.886,0.0444385,0.0898713
-136.709,170.886,0.0445838,0.0909782
-132.911,170.886,0.0447277,0.0921004
-129.114,170.886,0.0448699,0.0932379
-125.316,170.886,0.0450105,0.0943907
-121.519,170.886,0.0451496,0.0955588
-117.722,170.886,0.045287,0.0967423
-113.924,170.886,0.0454229,0.097941
-110.127,170.886,0.0455572,0.0991551
-106.329,170.886,0.04569,0.100384
-102.532,170.886,0.0458211,0.101629
-98.7342,170.886,0.0459506,0.102889
-94.9367,170.886,0.0460786,0.104165
-91.1392,170.886,0.046205,0.105455
-87.3418,170.886,0.0463298,0.106761
-83.5443,170.886,0.046453,0.108082
-79.7468,170.886,0.0465746,0.109419
-75.9494,170.886,0.0466947,0.110771
-72.1519,170.886,0.0468132,0.112138
-68.3544,170.886,0.04693,0.11352
-64.557,170.886,0.0470453,0.114918
-60.7595,170.886,0.047159,0.116331
-56.962,170.886,0.0472712,0.11776
-53.1646,170.886,0.0473817,0.119204
-49.3671,170.886,0.0474907,0.120663
-45.5696,170.886,0.047598,0.122137
-41.7722,170.886,0.0477038,0.123627
-37.9747,170.886,0.047808,0.125132
-34.1772,170.886,0.0479107,0.126652
-30.3797,170.886,0.0480117,0.128188
-26.5823,170.886,0.0481111,0.129739
-22.7848,170.886,0.048209,0.131305
-18.9873,170.886,0.0483053,0.132886
-15.1899,170.886,0.0484,0.134483
-11.3924,170.886,0.0484931,0.136095
-7.59494,170.886,0.0485847,0.137723
-3.79747,170.886,0.0486746,0.139366
0,170.886,0.048763,0.141024
-300,174.684,0.037492,0.0589288
-296.203,174.684,0.0377023,0.0593892
-292.405,174.684,0.0379111,0.059865
-288.608,174.684,0.0381183,0.0603561
-284.81,174.684,0.0383239,0.0608625
-281.013,174.684,0.0385279,0.0613842
-277.215,174.684,0.0387303,0.0619212
-273.418,174.684,0.0389312,0.0624736
-269.62,174.684,0.0391304,0.0630412
-265.823,174.684,0.0393281,0.0636242
-262.025,174.684,0.0395242,0.0642224
-258.228,174.684,0.0397187,0.064836
-254.43,174.684,0.0399116,0.0654649
-250.633,174.684,0.040103,0.0661091
-246.835,174.684,0.0402927,0.0667686
-243.038,174.684,0.0404809,0.0674435
-239.241,174.684,0.0406675,0.0681336
-235.443,174.684,0.0408525,0.0688391
-231.646,174.684,0.0410359,0.0695598
-227.848,174.684,0.0412178,0.0702959
-224.051,174.684,0.041398,0.0710473
-220.253,174.684,0.0415767,0.071814
-216.456,174.684,0.0417538,0.072596
-212.658,174.684,0.0419293,0.0733933
-208.861,174.684,0.0421032,0.074206
-205.063,174.684,0.0422755,0.0750339
-201.266,174.684,0.0424462,0.0758772
-197.468,174.684,0.0426154,0.0767357
-193.671,174.684,0.042783,0.0776096
-189.873,174.684,0.042949,0.0784988
-186.076,174.684,0.0431134,0.0794033
-182.278,174.684,0.0432762,0.0803231
-178.481,174.684,0.0434375,0.0812583
-174.684,174.684,0.0435971,0.0822087
-170.886,174.684,0.0437552,0.0831744
-167.089,174.684,0.0439117,0.0841555
-163.291,174.684,0.0440666,0.0851519
-159.494,174.684,0.0442199,0.0861636
-155.696,174.684,0.0443717,0.0871906
-151.899,174.684,0.0445218,0.0882329
-148.101,174.684,0.0446704,0.0892905
-144.304,174.684,0.0448174,0.0903634
-140.506,174.684,0.0449628,0.0914517
-136.709,174.684,0.0451066,0.0925552
-132.911,174.684,0.0452488,0.0936741
-129.114,174.684,0.0453895,0.0948083
-125.316,174.684,0.0455285,0.0959578
-121.519,174.684,0.045666,0.0971226
-117.722,174.684,0.0458019,0.0983027
-113.924,174.684,0.0459362,0.0994981
-110.127,174.684,0.0460689,0.100709
-106.329,174.684,0.0462001,0.101935
-102.532,174.684,0.0463296,0.103176
-98.7342,174.684,0.0464576,0.104433
-94.9367,174.684,0.046584,0.105705
-91.1392,174.684,0.0467088,0.106992
-87.3418,174.684,0.046832,0.108295
-83.5443,174.684,0.0469537,0.109613
-79.7468,174.684,0.0470737,0.110946
-75.9494,174.684,0.0471922,0.112294
-72.1519,174.684,0.0473091,0.113658
-68.3544,174.684,0.0474244,0.115038
-64.557,174.684,0.0475381,0.116432
-60.7595,174.684,0.0476503,0.117842
-56.962,174.684,0.0477608,0.119267
-53.1646,174.684,0.0478698,0.120707
-49.3671,174.684,0.0479772,0.122163
-45.5696,174.684,0.048083,0.123634
-41.7722,174.684,0.0481872,0.12512
-37.9747,174.684,0.0482898,0.126622
-34.1772,174.684,0.0483908,0.128139
-30.3797,174.684,0.0484903,0.129671
-26.5823,174.684,0.0485882,0.131219
-22.7848,174.684,0.0486845,0.132782
-18.9873,174.684,0.0487792,0.13436
-15.1899,174.684,0.0488723,0.135954
-11.3924,174.684,0.0489639,0.137562
-7.59494,174.684,0.0490538,0.139187
-3.79747,174.684,0.0491422,0.140826
0,174.684,0.049229,0.142481
-300,178.481,0.0380739,0.0606218
-296.203,178.481,0.0382827,0.0610789
-292.405,178.481,0.0384899,0.0615513
-288.608,178.481,0.0386955,0.0620391
-284.81,178.481,0.0388995,0.0625422
-281.013,178.481,0.0391019,0.0630605
-277.215,178.481,0.0393028,0.0635942
-273.418,178.481,0.0395021,0.0641432
-269.62,178.481,0.0396997,0.0647075
-265.823,178.481,0.0398958,0.0652872
-262.025,178.481,0.0400904,0.0658821
-258.228,178.481,0.0402833,0.0664924
-254.43,178.481,0.0404746,0.0671179
-250.633,178.481,0.0406644,0.0677588
-246.835,178.481,0.0408526,0.068415
-243.038,178.481,0.0410392,0.0690865
-239.241,178.481,0.0412242,0.0697733
-235.443,178.481,0.0414076,0.0704754
-231.646,178.481,0.0415895,0.0711928
-227.848,178.481,0.0417697,0.0719256
-224.051,178.481,0.0419484,0.0726736
-220.253,178.481,0.0421255,0.073437
-216.456,178.481,0.042301,0.0742157
-212.658,178.481,0.0424749,0.0750097
-208.861,178.481,0.0426473,0.075819
-205.063,178.481,0.042818,0.0766436
-201.266,178.481,0.0429872,0.0774835
-197.468,178.481,0.0431548,0.0783387
-193.671,178.481,0.0433208,0.0792093
-189.873,178.481,0.0434852,0.0800951
-186.076,178.481,0.043648,0.0809963
-182.278,178.481,0.0438093,0.0819128
-178.481,178.481,0.043969,0.0828446
-174.684,178.481,0.044127,0.0837917
-170.886,178.481,0.0442835,0.0847541
-167.089,178.481,0.0444385,0.0857318
-163.291,178.481,0.0445918,0.0867249
-159.494,178.481,0.0447435,0.0877332
-155.696,178.481,0.0448937,0.0887569
-151.899,178.481,0.0450423,0.0897959
-148.101,178.481,0.0451893,0.0908502
-144.304,178.481,0.0453347,0.0919198
-140.506,178.481,0.0454785,0.0930047
-136.709,178.481,0.0456207,0.0941049
-132.911,178.481,0.0457614,0.0952204
-129.114,178.481,0.0459005,0.0963513
-125.316,178.481,0.046038,0.0974974
-121.519,178.481,0.0461739,0.0986589
-117.722,178.481,0.0463082,0.0998357
-113.924,178.481,0.0464409,0.101028
-110.127,178.481,0.0465721,0.102235
-106.329,178.481,0.0467017,0.103458
-102.532,178.481,0.0468296,0.104696
-98.7342,178.481,0.046956,0.105949
-94.9367,178.481,0.0470809,0.107218
-91.1392,178.481,0.0472041,0.108502
-87.3418,178.481,0.0473257,0.109801
-83.5443,178.481,0.0474458,0.111116
-79.7468,178.481,0.0475643,0.112446
-75.9494,178.481,0.0476812,0.113791
-72.1519,178.481,0.0477965,0.115151
-68.3544,178.481,0.0479102,0.116527
-64.557,178.481,0.0480224,0.117918
-60.7595,178.481,0.0481329,0.119325
-56.962,178.481,0.0482419,0.120747
-53.1646,178.481,0.0483493,0.122184
-49.3671,178.481,0.0484551,0.123636
-45.5696,178.481,0.0485593,0.125104
-41.7722,178.481,0.048662,0.126587
-37.9747,178.481,0.048763,0.128085
-34.1772,178.481,0.0488625,0.129599
-30.3797,178.481,0.0489604,0.131128
-26.5823,178.481,0.0490567,0.132672
-22.7848,178.481,0.0491514,0.134231
-18.9873,178.481,0.0492445,0.135806
-15.1899,178.481,0.0493361,0.137397
-11.3924,178.481,0.049426,0.139002
-7.59494,178.481,0.0495144,0.140623
-3.79747,178.481,0.0496012,0.142259
0,178.481,0.0496864,0.14391
-300,182.278,0.0386473,0.0622874
-296.203,182.278,0.0388544,0.0627412
-292.405,182.278,0.0390601,0.0632103
-288.608,182.278,0.0392641,0.0636947
-284.81,182.278,0.0394665,0.0641944
-281.013,182.278,0.0396674,0.0647095
-277.215,182.278,0.0398667,0.0652398
-273.418,182.278,0.0400644,0.0657855
-269.62,182.278,0.0402605,0.0663465
-265.823,182.278,0.040455,0.0669228
-262.025,182.278,0.040648,0.0675144
-258.228,182.278,0.0408393,0.0681213
-254.43,182.278,0.0410291,0.0687435
-250.633,182.278,0.0412173,0.0693811
-246.835,182.278,0.0414039,0.0700339
-243.038,182.278,0.0415889,0.0707021
-239.241,182.278,0.0417723,0.0713856
-235.443,182.278,0.0419542,0.0720843
-231.646,182.278,0.0421345,0.0727984
-227.848,182.278,0.0423131,0.0735279
-224.051,182.278,0.0424902,0.0742726
-220.253,182.278,0.0426658,0.0750326
-216.456,182.278,0.0428397,0.075808
-212.658,182.278,0.043012,0.0765986
-208.861,182.278,0.0431828,0.0774046
-205.063,182.278,0.043352,0.0782259
-201.266,182.278,0.0435196,0.0790624
-197.468,182.278,0.0436856,0.0799143
-193.671,182.278,0.04385,0.0807816
-189.873,182.278,0.0440129,0.0816641
-186.076,182.278,0.0441741,0.0825619
-182.278,182.278,0.0443338,0.0834751
-178.481,182.278,0.0444919,0.0844035
-174.684,182.278,0.0446484,0.0853473
-170.886,182.278,0.0448033,0.0863064
-167.089,182.278,0.0449567,0.0872808
-163.291,182.278,0.0451084,0.0882705
-159.494,182.278,0.0452586,0.0892755
-155.696,182.278,0.0454072,0.0902958
-151.899,182.278,0.0455542,0.0913315
-148.101,182.278,0.0456996,0.0923824
-144.304,182.278,0.0458434,0.0934487
-140.506,182.278,0.0459857,0.0945303
-136.709,182.278,0.0461264,0.0956272
-132.911,182.278,0.0462654,0.0967394
-129.114,182.278,0.0464029,0.0978669
-125.316,182.278,0.0465388,0.0990097
-121.519,182.278,0.0466732,0.100168
-117.722,182.278,0.0468059,0.101341
-113.924,182.278,0.0469371,0.10253
-110.127,182.278,0.0470667,0.103734
-106.329,182.278,0.0471947,0.104954
-102.532,182.278,0.0473211,0.106188
-98.7342,182.278,0.0474459,0.107438
-94.9367,182.278,0.0475691,0.108704
-91.1392,182.278,0.0476908,0.109984
-87.3418,182.278,0.0478109,0.11128
-83.5443,182.278,0.0479294,0.112591
-79.7468,182.278,0.0480463,0.113918
-75.9494,182.278,0.0481616,0.11526
-72.1519,182.278,0.0482753,0.116617
-68.3544,182.278,0.0483875,0.117989
-64.557,182.278,0.048498,0.119377
-60.7595,182.278,0.048607,0.12078
-56.962,182.278,0.0487144,0.122199
-53.1646,182.278,0.0488202,0.123633
-49.3671,182.278,0.0489245,0.125082
-45.5696,182.278,0.0490271,0.126546
-41.7722,182.278,0.0491282,0.128026
-37.9747,182.278,0.0492277,0.129521
-34.1772,182.278,0.0493256,0.131031
-30.3797,182.278,0.0494219,0.132557
-26.5823,182.278,0.0495166,0.134098
-22.7848,182.278,0.0496097,0.135654
-18.9873,182.278,0.0497013,0.137225
-15.1899,182.278,0.0497913,0.138812
-11.3924,182.278,0.0498797,0.140414
-7.59494,182.278,0.0499665,0.142032
-3.79747,182.278,0.0500517,0.143665
0,182.278,0.0501353,0.145313
-300,186.076,0.039212,0.0639256
-296.203,186.076,0.0394177,0.0643761
-292.405,186.076,0.0396217,0.0648418
-288.608,186.076,0.0398242,0.0653229
-284.81,186.076,0.040025,0.0658193
-281.013,186.076,0.0402243,0.066331
-277.215,186.076,0.040422,0.0668581
-273.418,186.076,0.0406181,0.0674004
-269.62,186.076,0.0408127,0.0679581
-265.823,186.076,0.0410056,0.068531
-262.025,186.076,0.041197,0.0691193
-258.228,186.076,0.0413868,0.0697229
-254.43,186.076,0.041575,0.0703418
-250.633,186.076,0.0417616,0.070976
-246.835,186.076,0.0419466,0.0716255
-243.038,186.076,0.0421301,0.0722903
-239.241,186.076,0.0423119,0.0729705
-235.443,186.076,0.0424922,0.0736659
-231.646,186.076,0.0426709,0.0743767
-227.848,186.076,0.042848,0.0751027
-224.051,186.076,0.0430235,0.0758441
-220.253,186.076,0.0431975,0.0766008
-216.456,186.076,0.0433698,0.0773728
-212.658,186.076,0.0435406,0.0781602
-208.861,186.076,0.0437098,0.0789628
-205.063,186.076,0.0438774,0.0797807
-201.266,186.076,0.0440434,0.080614
-197.468,186.076,0.0442078,0.0814626
-193.671,186.076,0.0443707,0.0823265
-189.873,186.076,0.044532,0.0832056
-186.076,186.076,0.0446917,0.0841002
-182.278,186.076,0.0448498,0.08501
-178.481,186.076,0.0450063,0.0859351
-174.684,186.076,0.0451612,0.0868755
-170.886,186.076,0.0453145,0.0878313
-167.089,186.076,0.0454663,0.0888024
-163.291,186.076,0.0456165,0.0897887
-159.494,186.076,0.0457651,0.0907904
-155.696,186.076,0.0459121,0.0918074
-151.899,186.076,0.0460575,0.0928397
-148.101,186.076,0.0462014,0.0938873
-144.304,186.076,0.0463436,0.0949503
-140.506,186.076,0.0464843,0.0960285
-136.709,186.076,0.0466234,0.0971221
-132.911,186.076,0.0467609,0.0982309
-129.114,186.076,0.0468968,0.0993551
-125.316,186.076,0.0470312,0.100495
-121.519,186.076,0.0471639,0.101649
-117.722,186.076,0.0472951,0.10282
-113.924,186.076,0.0474247,0.104005
-110.127,186.076,0.0475527,0.105206
-106.329,186.076,0.0476791,0.106422
-102.532,186.076,0.0478039,0.107653
-98.7342,186.076,0.0479272,0.1089
-94.9367,186.076,0.0480488,0.110162
-91.1392,186.076,0.0481689,0.111439
-87.3418,186.076,0.0482874,0.112732
-83.5443,186.076,0.0484043,0.11404
-79.7468,186.076,0.0485197,0.115363
-75.9494,186.076,0.0486334,0.116701
-72.1519,186.076,0.0487456,0.118055
-68.3544,186.076,0.0488562,0.119424
-64.557,186.076,0.0489651,0.120809
-60.7595,186.076,0.0490726,0.122209
-56.962,186.076,0.0491784,0.123624
-53.1646,186.076,0.0492826,0.125054
-49.3671,186.076,0.0493853,0.1265
-45.5696,186.076,0.0494864,0.127961
-41.7722,186.076,0.0495858,0.129437
-37.9747,186.076,0.0496837,0.130929
-34.1772,186.076,0.0497801,0.132436
-30.3797,186.076,0.0498748,0.133958
-26.5823,186.076,0.049968,0.135496
-22.7848,186.076,0.0500595,0.137049
-18.9873,186.076,0.0501495,0.138617
-15.1899,186.076,0.0502379,0.1402
-11.3924,186.076,0.0503247,0.141799
-7.59494,186.076,0.05041,0.143413
-3.79747,186.076,0.0504936,0.145043
0,186.076,0.0505757,0.146688
-300,189.873,0.0397683,0.0655364
-296.203,189.873,0.0399723,0.0659836
-292.405,189.873,0.0401748,0.066446
-288.608,189.873,0.0403757,0.0669238
-284.81,189.873,0.0405749,0.0674168
-281.013,189.873,0.0407727,0.0679252
-277.215,189.873,0.0409688,0.0684489
-273.418,189.873,0.0411633,0.0689879
-269.62,189.873,0.0413563,0.0695422
-265.823,189.873,0.0415477,0.0701119
-262.025,189.873,0.0417375,0.0706968
-258.228,189.873,0.0419257,0.071297
-254.43,189.873,0.0421123,0.0719126
-250.633,189.873,0.0422973,0.0725435
-246.835,189.873,0.0424808,0.0731897
-243.038,189.873,0.0426626,0.0738512
-239.241,189.873,0.0428429,0.074528
-235.443,189.873,0.0430216,0.0752201
-231.646,189.873,0.0431988,0.0759275
-227.848,189.873,0.0433743,0.0766503
-224.051,189.873,0.0435482,0.0773883
-220.253,189.873,0.0437206,0.0781417
-216.456,189.873,0.0438914,0.0789104
-212.658,189.873,0.0440606,0.0796943
-208.861,189.873,0.0442282,0.0804936
-205.063,189.873,0.0443942,0.0813083
-201.266,189.873,0.0445587,0.0821382
-197.468,189.873,0.0447215,0.0829834
-193.671,189.873,0.0448828,0.083844
-189.873,189.873,0.0450425,0.0847198
-186.076,189.873,0.0452006,0.085611
-182.278,189.873,0.0453571,0.0865175
-178.481,189.873,0.0455121,0.0874393
-174.684,189.873,0.0456654,0.0883764
-170.886,189.873,0.0458172,0.0893288
-167.089,189.873,0.0459674,0.0902965
-163.291,189.873,0.046116,0.0912796
-159.494,189.873,0.046263,0.0922779
-155.696,189.873,0.0464085,0.0932916
-151.899,189.873,0.0465523,0.0943206
-148.101,189.873,0.0466946,0.0953648
-144.304,189.873,0.0468353,0.0964244
-140.506,189.873,0.0469744,0.0974994
-136.709,189.873,0.0471119,0.0985896
-132.911,189.873,0.0472478,0.0996951
-129.114,189.873,0.0473822,0.100816
-125.316,189.873,0.0475149,0.101952
-121.519,189.873,0.0476461,0.103104
-117.722,189.873,0.0477757,0.10427
-113.924,189.873,0.0479037,0.105452
-110.127,189.873,0.0480301,0.10665
-106.329,189.873,0.048155,0.107863
-102.532,189.873,0.0482782,0.109091
-98.7342,189.873,0.0483999,0.110334
-94.9367,189.873,0.04852,0.111593
-91.1392,189.873,0.0486385,0.112867
-87.3418,189.873,0.0487554,0.114156
-83.5443,189.873,0.0488708,0.11546
-79.7468,189.873,0.0489845,0.11678
-75.9494,189.873,0.0490967,0.118116
-72.1519,189.873,0.0492073,0.119466
-68.3544,189.873,0.0493163,0.120832
-64.557,189.873,0.0494237,0.122213
-60.7595,189.873,0.0495295,0.123609
-56.962,189.873,0.0496338,0.125021
-53.1646,189.873,0.0497365,0.126448
-49.3671,189.873,0.0498375,0.127891
-45.5696,189.873,0.049937,0.129348
-41.7722,189.873,0.0500349,0.130821
-37.9747,189.873,0.0501313,0.13231
-34.1772,189.873,0.050226,0.133813
-30.3797,189.873,0.0503192,0.135332
-26.5823,189.873,0.0504108,0.136867
-22.7848,189.873,0.0505008,0.138416
-18.9873,189.873,0.0505892,0.139981
-15.1899,189.873,0.050676,0.141561
-11.3924,189.873,0.0507612,0.143157
-7.59494,189.873,0.0508449,0.144768
-3.79747,189.873,0.050927,0.146394
0,189.873,0.0510074,0.148035
-300,193.671,0.0403159,0.0671199
-296.203,193.671,0.0405184,0.0675637
-292.405,193.671,0.0407193,0.0680228
-288.608,193.671,0.0409186,0.0684972
-284.81,193.671,0.0411163,0.068987
-281.013,193.671,0.0413124,0.069492
-277.215,193.671,0.041507,0.0700124
-273.418,193.671,0.0417,0.070548
-269.62,193.671,0.0418913,0.071099
-265.823,193.671,0.0420811,0.0716653
-262.025,193.671,0.0422694,0.0722469
-258.228,193.671,0.042456,0.0728438
-254.43,193.671,0.042641,0.0734561
-250.633,193.671,0.0428245,0.0740836
-246.835,193.671,0.0430064,0.0747264
-243.038,193.671,0.0431867,0.0753846
-239.241,193.671,0.0433654,0.0760581
-235.443,193.671,0.0435425,0.0767469
-231.646,193.671,0.0437181,0.077451
-227.848,193.671,0.043892,0.0781704
-224.051,193.671,0.0440644,0.0789051
-220.253,193.671,0.0442352,0.0796551
-216.456,193.671,0.0444044,0.0804205
-212.658,193.671,0.044572,0.0812011
-208.861,193.671,0.0447381,0.0819971
-205.063,193.671,0.0449025,0.0828084
-201.266,193.671,0.0450654,0.083635
-197.468,193.671,0.0452267,0.0844769
-193.671,193.671,0.0453864,0.0853341
-189.873,193.671,0.0455445,0.0862066
-186.076,193.671,0.045701,0.0870945
-182.278,193.671,0.045856,0.0879976
-178.481,193.671,0.0460093,0.0889161
-174.684,193.671,0.0461611,0.0898498
-170.886,193.671,0.0463113,0.0907989
-167.089,193.671,0.0464599,0.0917633
-163.291,193.671,0.046607,0.092743
-159.494,193.671,0.0467524,0.093738
-155.696,193.671,0.0468963,0.0947484
-151.899,193.671,0.0470385,0.095774
-148.101,193.671,0.0471792,0.096815
-144.304,193.671,0.0473183,0.0978712
-140.506,193.671,0.0474559,0.0989428
-136.709,193.671,0.0475918,0.10003
-132.911,193.671,0.0477262,0.101132
-129.114,193.671,0.0478589,0.102249
-125.316,193.671,0.0479901,0.103382
-121.519,193.671,0.0481197,0.10453
-117.722,193.671,0.0482477,0.105694
-113.924,193.671,0.0483742,0.106873
-110.127,193.671,0.048499,0.108067
-106.329,193.671,0.0486223,0.109276
-102.532,193.671,0.048744,0.110501
-98.7342,193.671,0.0488641,0.111741
-94.9367,193.671,0.0489826,0.112996
-91.1392,193.671,0.0490995,0.114267
-87.3418,193.671,0.0492149,0.115553
-83.5443,193.671,0.0493286,0.116854
-79.7468,193.671,0.0494408,0.11817
-75.9494,193.671,0.0495514,0.119502
-72.1519,193.671,0.0496604,0.12085
-68.3544,193.671,0.0497679,0.122212
-64.557,193.671,0.0498737,0.12359
-60.7595,193.671,0.049978,0.124983
-56.962,193.671,0.0500806,0.126391
-53.1646,193.671,0.0501817,0.127815
-49.3671,193.671,0.0502812,0.129254
-45.5696,193.671,0.0503791,0.130709
-41.7722,193.671,0.0504755,0.132178
-37.9747,193.671,0.0505702,0.133663
-34.1772,193.671,0.0506634,0.135164
-30.3797,193.671,0.050755,0.136679
-26.5823,193.671,0.050845,0.13821
-22.7848,193.671,0.0509334,0.139756
-18.9873,193.671,0.0510202,0.141318
-15.1899,193.671,0.0511055,0.142895
-11.3924,193.671,0.0511892,0.144487
-7.59494,193.671,0.0512712,0.146094
-3.79747,193.671,0.0513517,0.147717
0,193.671,0.0514307,0.149355
-300,197.468,0.040855,0.068676
-296.203,197.468,0.0410559,0.0691164
-292.405,197.468,0.0412552,0.0695722
-288.608,197.468,0.041453,0.0700433
-284.81,197.468,0.0416491,0.0705297
-281.013,197.468,0.0418437,0.0710314
-277.215,197.468,0.0420366,0.0715484
-273.418,197.468,0.042228,0.0720808
-269.62,197.468,0.0424178,0.0726284
-265.823,197.468,0.0426061,0.0731914
-262.025,197.468,0.0427927,0.0737697
-258.228,197.468,0.0429778,0.0743632
-254.43,197.468,0.0431612,0.0749721
-250.633,197.468,0.0433431,0.0755963
-246.835,197.468,0.0435234,0.0762359
-243.038,197.468,0.0437022,0.0768907
-239.241,197.468,0.0438793,0.0775608
-235.443,197.468,0.0440548,0.0782463
-231.646,197.468,0.0442288,0.078947
-227.848,197.468,0.0444012,0.0796631
-224.051,197.468,0.044572,0.0803945
-220.253,197.468,0.0447412,0.0811412
-216.456,197.468,0.0449088,0.0819032
-212.658,197.468,0.0450749,0.0826805
-208.861,197.468,0.0452393,0.0834732
-205.063,197.468,0.0454022,0.0842811
-201.266,197.468,0.0455635,0.0851044
-197.468,197.468,0.0457232,0.085943
-193.671,197.468,0.0458814,0.0867968
-189.873,197.468,0.0460379,0.087666
-186.076,197.468,0.0461929,0.0885505
-182.278,197.468,0.0463462,0.0894503
-178.481,197.468,0.046498,0.0903655
-174.684,197.468,0.0466482,0.0912959
-170.886,197.468,0.0467969,0.0922417
-167.089,197.468,0.0469439,0.0932027
-163.291,197.468,0.0470893,0.0941791
-159.494,197.468,0.0472332,0.0951708
-155.696,197.468,0.0473755,0.0961778
-151.899,197.468,0.0475162,0.0972001
-148.101,197.468,0.0476553,0.0982377
-144.304,197.468,0.0477929,0.0992906
-140.506,197.468,0.0479288,0.100359
-136.709,197.468,0.0480632,0.101442
-132.911,197.468,0.0481959,0.102541
-129.114,197.468,0.0483271,0.103655
-125.316,197.468,0.0484568,0.104785
-121.519,197.468,0.0485848,0.10593
-117.722,197.468,0.0487112,0.10709
-113.924,197.468,0.0488361,0.108265
-110.127,197.468,0.0489594,0.109456
-106.329,197.468,0.0490811,0.110662
-102.532,197.468,0.0492012,0.111883
-98.7342,197.468,0.0493197,0.11312
-94.9367,197.468,0.0494366,0.114372
-91.1392,197.468,0.049552,0.115639
-87.3418,197.468,0.0496658,0.116922
-83.5443,197.468,0.049778,0.11822
-79.7468,197.468,0.0498886,0.119533
-75.9494,197.468,0.0499976,0.120862
-72.1519,197.468,0.050105,0.122206
-68.3544,197.468,0.0502109,0.123565
-64.557,197.468,0.0503151,0.124939
-60.7595,197.468,0.0504178,0.126329
-56.962,197.468,0.0505189,0.127734
-53.1646,197.468,0.0506184,0.129155
-49.3671,197.468,0.0507164,0.13059
-45.5696,197.468,0.0508127,0.132041
-41.7722,197.468,0.0509075,0.133508
-37.9747,197.468,0.0510006,0.134989
-34.1772,197.468,0.0510922,0.136486
-30.3797,197.468,0.0511822,0.137999
-26.5823,197.468,0.0512707,0.139526
-22.7848,197.468,0.0513575,0.141069
-18.9873,197.468,0.0514428,0.142627
-15.1899,197.468,0.0515265,0.144201
-11.3924,197.468,0.0516085,0.14579
-7.59494,197.468,0.051689,0.147394
-3.79747,197.468,0.051768,0.149013
0,197.468,0.0518453,0.150648
-300,201.266,0.0413856,0.0702046
-296.203,201.266,0.0415849,0.0706418
-292.405,201.266,0.0417826,0.0710942
-288.608,201.266,0.0419788,0.071562
-284.81,201.266,0.0421733,0.072045
-281.013,201.266,0.0423663,0.0725434
-277.215,201.266,0.0425577,0.0730571
-273.418,201.266,0.0427476,0.0735861
-269.62,201.266,0.0429358,0.0741304
-265.823,201.266,0.0431224,0.0746901
-262.025,201.266,0.0433075,0.075265
-258.228,201.266,0.043491,0.0758553
-254.43,201.266,0.0436729,0.0764608
-250.633,201.266,0.0438532,0.0770817
-246.835,201.266,0.0440319,0.0777179
-243.038,201.266,0.0442091,0.0783694
-239.241,201.266,0.0443846,0.0790362
-235.443,201.266,0.0445586,0.0797183
-231.646,201.266,0.044731,0.0804157
-227.848,201.266,0.0449018,0.0811285
-224.051,201.266,0.045071,0.0818565
-220.253,201.266,0.0452387,0.0825999
-216.456,201.266,0.0454047,0.0833586
-212.658,201.266,0.0455692,0.0841326
-208.861,201.266,0.0457321,0.0849219
-205.063,201.266,0.0458934,0.0857265
-201.266,201.266,0.0460531,0.0865464
-197.468,201.266,0.0462112,0.0873816
-193.671,201.266,0.0463678,0.0882322
-189.873,201.266,0.0465228,0.089098
-186.076,201.266,0.0466761,0.0899792
-182.278,201.266,0.0468279,0.0908757
-178.481,201.266,0.0469782,0.0917875
-174.684,201.266,0.0471268,0.0927146
-170.886,201.266,0.0472738,0.093657
-167.089,201.266,0.0474193,0.0946147
-163.291,201.266,0.0475632,0.0955878
-159.494,201.266,0.0477055,0.0965761
-155.696,201.266,0.0478462,0.0975798
-151.899,201.266,0.0479853,0.0985988
-148.101,201.266,0.0481228,0.0996331
-144.304,201.266,0.0482588,0.100683
-140.506,201.266,0.0483932,0.101748
-136.709,201.266,0.048526,0.102828
-132.911,201.266,0.0486572,0.103923
-129.114,201.266,0.0487868,0.105034
-125.316,201.266,0.0489148,0.10616
-121.519,201.266,0.0490413,0.107302
-117.722,201.266,0.0491662,0.108459
-113.924,201.266,0.0492894,0.109631
-110.127,201.266,0.0494111,0.110818
-106.329,201.266,0.0495313,0.112021
-102.532,201.266,0.0496498,0.113239
-98.7342,201.266,0.0497667,0.114472
-94.9367,201.266,0.0498821,0.115721
-91.1392,201.266,0.0499959,0.116985
-87.3418,201.266,0.0501081,0.118264
-83.5443,201.266,0.0502187,0.119559
-79.7468,201.266,0.0503277,0.120869
-75.9494,201.266,0.0504352,0.122194
-72.1519,201.266,0.050541,0.123534
-68.3544,201.266,0.0506453,0.12489
-64.557,201.266,0.050748,0.126261
-60.7595,201.266,0.0508491,0.127648
-56.962,201.266,0.0509486,0.129049
-53.1646,201.266,0.0510466,0.130467
-49.3671,201.266,0.0511429,0.131899
-45.5696,201.266,0.0512377,0.133347
-41.7722,201.266,0.0513309,0.13481
-37.9747,201.266,0.0514225,0.136288
-34.1772,201.266,0.0515125,0.137782
-30.3797,201.266,0.0516009,0.139291
-26.5823,201.266,0.0516878,0.140815
-22.7848,201.266,0.0517731,0.142354
-18.9873,201.266,0.0518567,0.143909
-15.1899,201.266,0.0519388,0.145479
-11.3924,201.266,0.0520194,0.147065
-7.59494,201.266,0.0520983,0.148666
-3.79747,201.266,0.0521756,0.150282
0,201.266,0.0522514,0.151913
-300,205.063,0.0419075,0.0717059
-296.203,205.063,0.0421053,0.0721397
-292.405,205.063,0.0423015,0.0725889
-288.608,205.063,0.042496,0.0730533
-284.81,205.063,0.042689,0.073533
-281.013,205.063,0.0428804,0.0740281
-277.215,205.063,0.0430703,0.0745384
-273.418,205.063,0.0432585,0.0750641
-269.62,205.063,0.0434452,0.0756051
-265.823,205.063,0.0436302,0.0761614
-262.025,205.063,0.0438137,0.076733
-258.228,205.063,0.0439956,0.0773199
-254.43,205.063,0.044176,0.0779221
-250.633,205.063,0.0443547,0.0785397
-246.835,205.063,0.0445318,0.0791725
-243.038,205.063,0.0447074,0.0798207
-239.241,205.063,0.0448814,0.0804841
-235.443,205.063,0.0450538,0.0811629
-231.646,205.063,0.0452246,0.081857
-227.848,205.063,0.0453938,0.0825664
-224.051,205.063,0.0455615,0.0832912
-220.253,205.063,0.0457276,0.0840312
-216.456,205.063,0.045892,0.0847865
-212.658,205.063,0.0460549,0.0855572
-208.861,205.063,0.0462163,0.0863432
-205.063,205.063,0.046376,0.0871444
-201.266,205.063,0.0465341,0.087961
-197.468,205.063,0.0466907,0.0887929
-193.671,205.063,0.0468457,0.0896402
-189.873,205.063,0.0469991,0.0905027
-186.076,205.063,0.0471509,0.0913805
-182.278,205.063,0.0473011,0.0922737
-178.481,205.063,0.0474497,0.0931821
-174.684,205.063,0.0475968,0.0941059
-170.886,205.063,0.0477423,0.095045
-167.089,205.063,0.0478861,0.0959994
-163.291,205.063,0.0480284,0.0969691
-159.494,205.063,0.0481692,0.0979541
-155.696,205.063,0.0483083,0.0989544
-151.899,205.063,0.0484458,0.0999701
-148.101,205.063,0.0485818,0.101001
-144.304,205.063,0.0487162,0.102047
-140.506,205.063,0.048849,0.103109
-136.709,205.063,0.0489802,0.104186
-132.911,205.063,0.0491098,0.105278
-129.114,205.063,0.0492379,0.106385
-125.316,205.063,0.0493644,0.107508
-121.519,205.063,0.0494892,0.108646
-117.722,205.063,0.0496125,0.1098
-113.924,205.063,0.0497342,0.110969
-110.127,205.063,0.0498544,0.112153
-106.329,205.063,0.0499729,0.113352
-102.532,205.063,0.0500899,0.114567
-98.7342,205.063,0.0502052,0.115797
-94.9367,205.063,0.050319,0.117042
-91.1392,205.063,0.0504312,0.118303
-87.3418,205.063,0.0505418,0.119579
-83.5443,205.063,0.0506509,0.12087
-79.7468,205.063,0.0507583,0.122177
-75.9494,205.063,0.0508642,0.123498
-72.1519,205.063,0.0509685,0.124836
-68.3544,205.063,0.0510712,0.126188
-64.557,205.063,0.0511723,0.127556
-60.7595,205.063,0.0512718,0.128939
-56.962,205.063,0.0513698,0.130337
-53.1646,205.063,0.0514662,0.131751
-49.3671,205.063,0.0515609,0.13318
-45.5696,205.063,0.0516541,0.134625
-41.7722,205.063,0.0517457,0.136084
-37.9747,205.063,0.0518358,0.137559
-34.1772,205.063,0.0519242,0.13905
-30.3797,205.063,0.0520111,0.140555
-26.5823,205.063,0.0520964,0.142076
-22.7848,205.063,0.05218,0.143612
-18.9873,205.063,0.0522622,0.145164
-15.1899,205.063,0.0523427,0.146731
-11.3924,205.063,0.0524216,0.148313
-7.59494,205.063,0.052499,0.14991
-3.79747,205.063,0.0525747,0.151523
0,205.063,0.0526489,0.153151
-300,208.861,0.042421,0.0731799
-296.203,208.861,0.0426171,0.0736103
-292.405,208.861,0.0428117,0.0740561
-288.608,208.861,0.0430047,0.0745172
-284.81,208.861,0.0431961,0.0749936
-281.013,208.861,0.043386,0.0754853
-277.215,208.861,0.0435742,0.0759923
-273.418,208.861,0.0437609,0.0765147
-269.62,208.861,0.043946,0.0770523
-265.823,208.861,0.0441295,0.0776053
-262.025,208.861,0.0443114,0.0781736
-258.228,208.861,0.0444917,0.0787571
-254.43,208.861,0.0446705,0.079356
-250.633,208.861,0.0448476,0.0799702
-246.835,208.861,0.0450232,0.0805998
-243.038,208.861,0.0451972,0.0812446
-239.241,208.861,0.0453696,0.0819047
-235.443,208.861,0.0455404,0.0825802
-231.646,208.861,0.0457097,0.0832709
-227.848,208.861,0.0458773,0.083977
-224.051,208.861,0.0460434,0.0846984
-220.253,208.861,0.0462079,0.0854351
-216.456,208.861,0.0463708,0.0861871
-212.658,208.861,0.0465321,0.0869544
-208.861,208.861,0.0466919,0.0877371
-205.063,208.861,0.04685,0.088535
-201.266,208.861,0.0470066,0.0893483
-197.468,208.861,0.0471616,0.0901769
-193.671,208.861,0.047315,0.0910207
-189.873,208.861,0.0474668,0.0918799
-186.076,208.861,0.047617,0.0927544
-182.278,208.861,0.0477657,0.0936443
-178.481,208.861,0.0479127,0.0945494
-174.684,208.861,0.0480582,0.0954698
-170.886,208.861,0.0482021,0.0964056
-167.089,208.861,0.0483444,0.0973566
-163.291,208.861,0.0484852,0.098323
-159.494,208.861,0.0486243,0.0993047
-155.696,208.861,0.0487619,0.100302
-151.899,208.861,0.0488978,0.101314
-148.101,208.861,0.0490322,0.102342
-144.304,208.861,0.049165,0.103385
-140.506,208.861,0.0492963,0.104443
-136.709,208.861,0.0494259,0.105516
-132.911,208.861,0.0495539,0.106605
-129.114,208.861,0.0496804,0.107709
-125.316,208.861,0.0498053,0.108829
-121.519,208.861,0.0499286,0.109964
-117.722,208.861,0.0500503,0.111114
-113.924,208.861,0.0501705,0.112279
-110.127,208.861,0.050289,0.11346
-106.329,208.861,0.050406,0.114656
-102.532,208.861,0.0505214,0.115867
-98.7342,208.861,0.0506352,0.117094
-94.9367,208.861,0.0507474,0.118336
-91.1392,208.861,0.050858,0.119593
-87.3418,208.861,0.050967,0.120866
-83.5443,208.861,0.0510745,0.122154
-79.7468,208.861,0.0511804,0.123457
-75.9494,208.861,0.0512847,0.124776
-72.1519,208.861,0.0513874,0.12611
-68.3544,208.861,0.0514885,0.127459
-64.557,208.861,0.0515881,0.128823
-60.7595,208.861,0.051686,0.130203
-56.962,208.861,0.0517824,0.131598
-53.1646,208.861,0.0518772,0.133008
-49.3671,208.861,0.0519704,0.134434
-45.5696,208.861,0.052062,0.135875
-41.7722,208.861,0.052152,0.137332
-37.9747,208.861,0.0522405,0.138803
-34.1772,208.861,0.0523274,0.14029
-30.3797,208.861,0.0524126,0.141792
-26.5823,208.861,0.0524963,0.14331
-22.7848,208.861,0.0525785,0.144843
-18.9873,208.861,0.052659,0.146391
-15.1899,208.861,0.0527379,0.147955
-11.3924,208.861,0.0528153,0.149534
-7.59494,208.861,0.0528911,0.151128
-3.79747,208.861,0.0529653,0.152737
0,208.861,0.0530379,0.154362
-300,212.658,0.0429258,0.0746264
-296.203,212.658,0.0431204,0.0750535
-292.405,212.658,0.0433134,0.075496
-288.608,212.658,0.0435049,0.0759537
-284.81,212.658,0.0436947,0.0764268
-281.013,212.658,0.043883,0.0769152
-277.215,212.658,0.0440696,0.0774189
-273.418,212.658,0.0442547,0.0779379
-269.62,212.658,0.0444382,0.0784722
-265.823,212.658,0.0446202,0.0790218
-262.025,212.658,0.0448005,0.0795867
-258.228,212.658,0.0449792,0.080167
-254.43,212.658,0.0451564,0.0807626
-250.633,212.658,0.045332,0.0813734
-246.835,212.658,0.045506,0.0819996
-243.038,212.658,0.0456784,0.0826411
-239.241,212.658,0.0458493,0.0832979
-235.443,212.658,0.0460185,0.08397
-231.646,212.658,0.0461862,0.0846575
-227.848,212.658,0.0463523,0.0853602
-224.051,212.658,0.0465168,0.0860783
-220.253,212.658,0.0466797,0.0868116
-216.456,212.658,0.046841,0.0875603
-212.658,212.658,0.0470008,0.0883243
-208.861,212.658,0.0471589,0.0891036
-205.063,212.658,0.0473155,0.0898982
-201.266,212.658,0.0474705,0.0907082
-197.468,212.658,0.0476239,0.0915334
-193.671,212.658,0.0477757,0.0923739
-189.873,212.658,0.047926,0.0932298
-186.076,212.658,0.0480746,0.094101
-182.278,212.658,0.0482217,0.0949875
-178.481,212.658,0.0483672,0.0958892
-174.684,212.658,0.0485111,0.0968064
-170.886,212.658,0.0486534,0.0977388
-167.089,212.658,0.0487941,0.0986865
-163.291,212.658,0.0489333,0.0996495
-159.494,212.658,0.0490709,0.100628
-155.696,212.658,0.0492068,0.101622
-151.899,212.658,0.0493413,0.102631
-148.101,212.658,0.0494741,0.103655
-144.304,212.658,0.0496053,0.104694
-140.506,212.658,0.0497349,0.105749
-136.709,212.658,0.049863,0.10682
-132.911,212.658,0.0499895,0.107905
-129.114,212.658,0.0501144,0.109006
-125.316,212.658,0.0502377,0.110122
-121.519,212.658,0.0503594,0.111254
-117.722,212.658,0.0504796,0.1124
-113.924,212.658,0.0505981,0.113562
-110.127,212.658,0.0507151,0.11474
-106.329,212.658,0.0508305,0.115933
-102.532,212.658,0.0509443,0.117141
-98.7342,212.658,0.0510565,0.118364
-94.9367,212.658,0.0511672,0.119603
-91.1392,212.658,0.0512762,0.120857
-87.3418,212.658,0.0513837,0.122126
-83.5443,212.658,0.0514896,0.12341
-79.7468,212.658,0.0515939,0.12471
-75.9494,212.658,0.0516966,0.126026
-72.1519,212.658,0.0517977,0.127356
-68.3544,212.658,0.0518973,0.128702
-64.557,212.658,0.0519952,0.130063
-60.7595,212.658,0.0520916,0.131439
-56.962,212.658,0.0521864,0.132831
-53.1646,212.658,0.0522796,0.134238
-49.3671,212.658,0.0523713,0.135661
-45.5696,212.658,0.0524613,0.137098
-41.7722,212.658,0.0525498,0.138551
-37.9747,212.658,0.0526367,0.14002
-34.1772,212.658,0.0527219,0.141503
-30.3797,212.658,0.0528057,0.143002
-26.5823,212.658,0.0528878,0.144517
-22.7848,212.658,0.0529683,0.146046
-18.9873,212.658,0.0530473,0.147591
-15.1899,212.658,0.0531247,0.149151
-11.3924,212.658,0.0532004,0.150727
-7.59494,212.658,0.0532746,0.152318
-3.79747,212.658,0.0533473,0.153924
0,212.658,0.0534183,0.155545
-300,216.456,0.0434221,0.0760455
-296.203,216.456,0.0436151,0.0764693
-292.405,216.456,0.0438066,0.0769084
-288.608,216.456,0.0439964,0.0773629
-284.81,216.456,0.0441847,0.0778326
-281.013,216.456,0.0443714,0.0783176
-277.215,216.456,0.0445565,0.078818
-273.418,216.456,0.04474,0.0793337
-269.62,216.456,0.0449219,0.0798647
-265.823,216.456,0.0451023,0.080411
-262.025,216.456,0.045281,0.0809726
-258.228,216.456,0.0454582,0.0815495
-254.43,216.456,0.0456338,0.0821417
-250.633,216.456,0.0458078,0.0827492
-246.835,216.456,0.0459803,0.0833721
-243.038,216.456,0.0461511,0.0840103
-239.241,216.456,0.0463204,0.0846637
-235.443,216.456,0.046488,0.0853325
-231.646,216.456,0.0466541,0.0860166
-227.848,216.456,0.0468186,0.086716
-224.051,216.456,0.0469816,0.0874308
-220.253,216.456,0.0471429,0.0881608
-216.456,216.456,0.0473026,0.0889061
-212.658,216.456,0.0474608,0.0896668
-208.861,216.456,0.0476174,0.0904428
-205.063,216.456,0.0477724,0.091234
-201.266,216.456,0.0479258,0.0920406
-197.468,216.456,0.0480777,0.0928625
-193.671,216.456,0.0482279,0.0936997
-189.873,216.456,0.0483766,0.0945523
-186.076,216.456,0.0485237,0.0954201
-182.278,216.456,0.0486692,0.0963033
-178.481,216.456,0.0488131,0.0972017
-174.684,216.456,0.0489554,0.0981155
-170.886,216.456,0.0490961,0.0990446
-167.089,216.456,0.0492353,0.099989
-163.291,216.456,0.0493729,0.100949
-159.494,216.456,0.0495089,0.101924
-155.696,216.456,0.0496433,0.102914
-151.899,216.456,0.0497761,0.10392
-148.101,216.456,0.0499074,0.104941
-144.304,216.456,0.050037,0.105977
-140.506,216.456,0.0501651,0.107028
-136.709,216.456,0.0502916,0.108095
-132.911,216.456,0.0504165,0.109178
-129.114,216.456,0.0505398,0.110275
-125.316,216.456,0.0506615,0.111388
-121.519,216.456,0.0507817,0.112516
-117.722,216.456,0.0509003,0.11366
-113.924,216.456,0.0510172,0.114818
-110.127,216.456,0.0511326,0.115992
-106.329,216.456,0.0512465,0.117182
-102.532,216.456,0.0513587,0.118386
-98.7342,216.456,0.0514693,0.119606
-94.9367,216.456,0.0515784,0.120842
-91.1392,216.456,0.0516859,0.122092
-87.3418,216.456,0.0517918,0.123358
-83.5443,216.456,0.0518961,0.12464
-79.7468,216.456,0.0519988,0.125936
-75.9494,216.456,0.0521,0.127248
-72.1519,216.456,0.0521995,0.128575
-68.3544,216.456,0.0522975,0.129918
-64.557,216.456,0.0523939,0.131276
-60.7595,216.456,0.0524887,0.132649
-56.962,216.456,0.0525819,0.134037
-53.1646,216.456,0.0526735,0.135441
-49.3671,216.456,0.0527636,0.13686
-45.5696,216.456,0.0528521,0.138294
-41.7722,216.456,0.052939,0.139744
-37.9747,216.456,0.0530243,0.141209
-34.1772,216.456,0.053108,0.142689
-30.3797,216.456,0.0531901,0.144185
-26.5823,216.456,0.0532707,0.145696
-22.7848,216.456,0.0533496,0.147222
-18.9873,216.456,0.053427,0.148764
-15.1899,216.456,0.0535028,0.15032
-11.3924,216.456,0.053577,0.151893
-7.59494,216.456,0.0536496,0.15348
-3.79747,216.456,0.0537207,0.155083
0,216.456,0.0537902,0.156701
-300,220.253,0.0439098,0.0774373
-296.203,220.253,0.0441013,0.0778578
-292.405,220.253,0.0442912,0.0782935
-288.608,220.253,0.0444794,0.0787446
-284.81,220.253,0.0446661,0.079211
-281.013,220.253,0.0448512,0.0796927
-277.215,220.253,0.0450348,0.0801898
-273.418,220.253,0.0452167,0.0807021
-269.62,220.253,0.0453971,0.0812298
-265.823,220.253,0.0455758,0.0817727
-262.025,220.253,0.045753,0.082331
-258.228,220.253,0.0459286,0.0829046
-254.43,220.253,0.0461026,0.0834935
-250.633,220.253,0.0462751,0.0840977
-246.835,220.253,0.0464459,0.0847172
-243.038,220.253,0.0466152,0.085352
-239.241,220.253,0.0467829,0.0860022
-235.443,220.253,0.046949,0.0866676
-231.646,220.253,0.0471135,0.0873484
-227.848,220.253,0.0472764,0.0880445
-224.051,220.253,0.0474378,0.0887558
-220.253,220.253,0.0475975,0.0894825
-216.456,220.253,0.0477557,0.0902246
-212.658,220.253,0.0479123,0.0909819
-208.861,220.253,0.0480673,0.0917545
-205.063,220.253,0.0482208,0.0925425
-201.266,220.253,0.0483726,0.0933457
-197.468,220.253,0.0485229,0.0941643
-193.671,220.253,0.0486715,0.0949982
-189.873,220.253,0.0488186,0.0958474
-186.076,220.253,0.0489641,0.0967119
-182.278,220.253,0.0491081,0.0975917
-178.481,220.253,0.0492504,0.0984868
-174.684,220.253,0.0493911,0.0993973
-170.886,220.253,0.0495303,0.100323
-167.089,220.253,0.0496679,0.101264
-163.291,220.253,0.0498039,0.10222
-159.494,220.253,0.0499383,0.103192
-155.696,220.253,0.0500712,0.104179
-151.899,220.253,0.0502024,0.105181
-148.101,220.253,0.0503321,0.106199
-144.304,220.253,0.0504602,0.107232
-140.506,220.253,0.0505867,0.10828
-136.709,220.253,0.0507116,0.109344
-132.911,220.253,0.0508349,0.110423
-129.114,220.253,0.0509566,0.111517
-125.316,220.253,0.0510768,0.112626
-121.519,220.253,0.0511954,0.113751
-117.722,220.253,0.0513124,0.114891
-113.924,220.253,0.0514278,0.116047
-110.127,220.253,0.0515416,0.117217
-106.329,220.253,0.0516538,0.118403
-102.532,220.253,0.0517645,0.119605
-98.7342,220.253,0.0518736,0.120822
-94.9367,220.253,0.0519811,0.122054
-91.1392,220.253,0.052087,0.123301
-87.3418,220.253,0.0521913,0.124563
-83.5443,220.253,0.052294,0.125841
-79.7468,220.253,0.0523952,0.127135
-75.9494,220.253,0.0524947,0.128443
-72.1519,220.253,0.0525927,0.129767
-68.3544,220.253,0.0526891,0.131106
-64.557,220.253,0.0527839,0.132461
-60.7595,220.253,0.0528772,0.13383
-56.962,220.253,0.0529688,0.135215
-53.1646,220.253,0.0530589,0.136616
-49.3671,220.253,0.0531474,0.138032
-45.5696,220.253,0.0532343,0.139463
-41.7722,220.253,0.0533196,0.140909
-37.9747,220.253,0.0534033,0.142371
-34.1772,220.253,0.0534854,0.143848
-30.3797,220.253,0.053566,0.14534
-26.5823,220.253,0.053645,0.146848
-22.7848,220.253,0.0537224,0.14837
-18.9873,220.253,0.0537982,0.149909
-15.1899,220.253,0.0538724,0.151462
-11.3924,220.253,0.053945,0.153031
-7.59494,220.253,0.0540161,0.154615
-3.79747,220.253,0.0540856,0.156215
0,220.253,0.0541534,0.157829
-300,224.051,0.044389,0.0788017
-296.203,224.051,0.0445789,0.0792188
-292.405,224.051,0.0447672,0.0796512
-288.608,224.051,0.0449539,0.080099
-284.81,224.051,0.045139,0.0805621
-281.013,224.051,0.0453225,0.0810404
-277.215,224.051,0.0455045,0.0815341
-273.418,224.051,0.0456848,0.0820431
-269.62,224.051,0.0458636,0.0825675
-265.823,224.051,0.0460408,0.0831071
-262.025,224.051,0.0462164,0.083662
-258.228,224.051,0.0463905,0.0842323
-254.43,224.051,0.0465629,0.0848178
-250.633,224.051,0.0467338,0.0854187
-246.835,224.051,0.0469031,0.0860349
-243.038,224.051,0.0470707,0.0866664
-239.241,224.051,0.0472369,0.0873132
-235.443,224.051,0.0474014,0.0879753
-231.646,224.051,0.0475643,0.0886528
-227.848,224.051,0.0477257,0.0893455
-224.051,224.051,0.0478855,0.0900536
-220.253,224.051,0.0480436,0.0907769
-216.456,224.051,0.0482002,0.0915156
-212.658,224.051,0.0483553,0.0922696
-208.861,224.051,0.0485087,0.0930389
-205.063,224.051,0.0486606,0.0938235
-201.266,224.051,0.0488108,0.0946234
-197.468,224.051,0.0489595,0.0954387
-193.671,224.051,0.0491066,0.0962692
-189.873,224.051,0.0492521,0.0971151
-186.076,224.051,0.049396,0.0979763
-182.278,224.051,0.0495384,0.0988527
-178.481,224.051,0.0496792,0.0997445
-174.684,224.051,0.0498183,0.100652
-170.886,224.051,0.0499559,0.101574
-167.089,224.051,0.0500919,0.102512
-163.291,224.051,0.0502264,0.103465
-159.494,224.051,0.0503592,0.104433
-155.696,224.051,0.0504905,0.105417
-151.899,224.051,0.0506201,0.106416
-148.101,224.051,0.0507482,0.10743
-144.304,224.051,0.0508747,0.10846
-140.506,224.051,0.0509997,0.109505
-136.709,224.051,0.051123,0.110565
-132.911,224.051,0.0512448,0.11164
-129.114,224.051,0.0513649,0.112731
-125.316,224.051,0.0514835,0.113837
-121.519,224.051,0.0516005,0.114959
-117.722,224.051,0.0517159,0.116096
-113.924,224.051,0.0518298,0.117248
-110.127,224.051,0.051942,0.118415
-106.329,224.051,0.0520527,0.119598
-102.532,224.051,0.0521618,0.120796
-98.7342,224.051,0.0522693,0.122009
-94.9367,224.051,0.0523752,0.123238
-91.1392,224.051,0.0524795,0.124482
-87.3418,224.051,0.0525822,0.125741
-83.5443,224.051,0.0526834,0.127016
-79.7468,224.051,0.052783,0.128306
-75.9494,224.051,0.052881,0.129611
-72.1519,224.051,0.0529774,0.130931
-68.3544,224.051,0.0530722,0.132267
-64.557,224.051,0.0531654,0.133618
-60.7595,224.051,0.0532571,0.134985
-56.962,224.051,0.0533472,0.136367
-53.1646,224.051,0.0534357,0.137764
-49.3671,224.051,0.0535226,0.139176
-45.5696,224.051,0.0536079,0.140604
-41.7722,224.051,0.0536916,0.142047
-37.9747,224.051,0.0537738,0.143505
-34.1772,224.051,0.0538543,0.144979
-30.3797,224.051,0.0539333,0.146468
-26.5823,224.051,0.0540107,0.147972
-22.7848,224.051,0.0540865,0.149491
-18.9873,224.051,0.0541608,0.151026
-15.1899,224.051,0.0542334,0.152577
-11.3924,224.051,0.0543045,0.154142
-7.59494,224.051,0.054374,0.155723
-3.79747,224.051,0.0544419,0.157319
0,224.051,0.0545082,0.15893
-300,227.848,0.0448596,0.0801386
-296.203,227.848,0.0450479,0.0805524
-292.405,227.848,0.0452346,0.0809816
-288.608,227.848,0.0454198,0.081426
-284.81,227.848,0.0456033,0.0818857
-281.013,227.848,0.0457853,0.0823608
-277.215,227.848,0.0459656,0.0828511
-273.418,227.848,0.0461444,0.0833568
-269.62,227.848,0.0463216,0.0838778
-265.823,227.848,0.0464973,0.0844141
-262.025,227.848,0.0466713,0.0849657
-258.228,227.848,0.0468438,0.0855326
-254.43,227.848,0.0470146,0.0861148
-250.633,227.848,0.0471839,0.0867124
-246.835,227.848,0.0473516,0.0873252
-243.038,227.848,0.0475177,0.0879534
-239.241,227.848,0.0476823,0.0885969
-235.443,227.848,0.0478452,0.0892556
-231.646,227.848,0.0480066,0.0899297
-227.848,227.848,0.0481664,0.0906192
-224.051,227.848,0.0483246,0.0913239
-220.253,227.848,0.0484812,0.0920439
-216.456,227.848,0.0486362,0.0927793
-212.658,227.848,0.0487896,0.0935299
-208.861,227.848,0.0489415,0.0942959
-205.063,227.848,0.0490918,0.0950772
-201.266,227.848,0.0492405,0.0958738
-197.468,227.848,0.0493876,0.0966857
-193.671,227.848,0.0495331,0.0975129
-189.873,227.848,0.049677,0.0983554
-186.076,227.848,0.0498194,0.0992132
-182.278,227.848,0.0499602,0.100086
-178.481,227.848,0.0500994,0.100975
-174.684,227.848,0.050237,0.101879
-170.886,227.848,0.050373,0.102798
-167.089,227.848,0.0505074,0.103732
-163.291,227.848,0.0506403,0.104682
-159.494,227.848,0.0507715,0.105647
-155.696,227.848,0.0509012,0.106627
-151.899,227.848,0.0510293,0.107623
-148.101,227.848,0.0511558,0.108634
-144.304,227.848,0.0512808,0.10966
-140.506,227.848,0.0514041,0.110702
-136.709,227.848,0.0515259,0.111759
-132.911,227.848,0.0516461,0.112831
-129.114,227.848,0.0517647,0.113918
-125.316,227.848,0.0518817,0.115021
-121.519,227.848,0.0519971,0.116139
-117.722,227.848,0.0521109,0.117273
-113.924,227.848,0.0522232,0.118421
-110.127,227.848,0.0523339,0.119585
-106.329,227.848,0.052443,0.120765
-102.532,227.848,0.0525505,0.12196
-98.7342,227.848,0.0526564,0.12317
-94.9367,227.848,0.0527607,0.124395
-91.1392,227.848,0.0528635,0.125636
-87.3418,227.848,0.0529646,0.126891
-83.5443,227.848,0.0530642,0.128163
-79.7468,227.848,0.0531622,0.129449
-75.9494,227.848,0.0532586,0.130751
-72.1519,227.848,0.0533535,0.132068
-68.3544,227.848,0.0534467,0.133401
-64.557,227.848,0.0535384,0.134749
-60.7595,227.848,0.0536285,0.136112
-56.962,227.848,0.053717,0.13749
-53.1646,227.848,0.0538039,0.138884
-49.3671,227.848,0.0538892,0.140293
-45.5696,227.848,0.053973,0.141717
-41.7722,227.848,0.0540551,0.143157
-37.9747,227.848,0.0541357,0.144612
-34.1772,227.848,0.0542147,0.146082
-30.3797,227.848,0.0542921,0.147568
-26.5823,227.848,0.0543679,0.149069
-22.7848,227.848,0.0544422,0.150585
-18.9873,227.848,0.0545148,0.152117
-15.1899,227.848,0.0545859,0.153664
-11.3924,227.848,0.0546554,0.155226
-7.59494,227.848,0.0547233,0.156803
-3.79747,227.848,0.0547896,0.158396
0,227.848,0.0548543,0.160004
-300,231.646,0.0453217,0.0814482
-296.203,231.646,0.0455084,0.0818587
-292.405,231.646,0.0456935,0.0822845
-288.608,231.646,0.0458771,0.0827256
-284.81,231.646,0.0460591,0.083182
-281.013,231.646,0.0462394,0.0836537
-277.215,231.646,0.0464182,0.0841407
-273.418,231.646,0.0465955,0.0846431
-269.62,231.646,0.0467711,0.0851607
-265.823,231.646,0.0469451,0.0856937
-262.025,231.646,0.0471176,0.0862419
-258.228,231.646,0.0472885,0.0868055
-254.43,231.646,0.0474578,0.0873844
-250.633,231.646,0.0476255,0.0879786
-246.835,231.646,0.0477916,0.0885882
-243.038,231.646,0.0479562,0.089213
-239.241,231.646,0.0481191,0.0898531
-235.443,231.646,0.0482805,0.0905086
-231.646,231.646,0.0484403,0.0911793
-227.848,231.646,0.0485985,0.0918654
-224.051,231.646,0.0487551,0.0925668
-220.253,231.646,0.0489101,0.0932835
-216.456,231.646,0.0490636,0.0940155
-212.658,231.646,0.0492155,0.0947629
-208.861,231.646,0.0493658,0.0955255
-205.063,231.646,0.0495145,0.0963034
-201.266,231.646,0.0496616,0.0970967
-197.468,231.646,0.0498071,0.0979053
-193.671,231.646,0.0499511,0.0987291
-189.873,231.646,0.0500934,0.0995683
-186.076,231.646,0.0502342,0.100423
-182.278,231.646,0.0503734,0.101293
-178.481,231.646,0.050511,0.102178
-174.684,231.646,0.050647,0.103078
-170.886,231.646,0.0507815,0.103994
-167.089,231.646,0.0509143,0.104925
-163.291,231.646,0.0510456,0.105871
-159.494,231.646,0.0511753,0.106833
-155.696,231.646,0.0513034,0.10781
-151.899,231.646,0.0514299,0.108802
-148.101,231.646,0.0515549,0.10981
-144.304,231.646,0.0516782,0.110833
-140.506,231.646,0.0518,0.111871
-136.709,231.646,0.0519202,0.112925
-132.911,231.646,0.0520388,0.113994
-129.114,231.646,0.0521558,0.115078
-125.316,231.646,0.0522713,0.116177
-121.519,231.646,0.0523851,0.117292
-117.722,231.646,0.0524974,0.118422
-113.924,231.646,0.0526081,0.119568
-110.127,231.646,0.0527171,0.120728
-106.329,231.646,0.0528247,0.121904
-102.532,231.646,0.0529306,0.123096
-98.7342,231.646,0.0530349,0.124302
-94.9367,231.646,0.0531377,0.125524
-91.1392,231.646,0.0532389,0.126762
-87.3418,231.646,0.0533385,0.128014
-83.5443,231.646,0.0534365,0.129282
-79.7468,231.646,0.0535329,0.130566
-75.9494,231.646,0.0536278,0.131864
-72.1519,231.646,0.053721,0.133178
-68.3544,231.646,0.0538127,0.134507
-64.557,231.646,0.0539028,0.135852
-60.7595,231.646,0.0539913,0.137211
-56.962,231.646,0.0540782,0.138586
-53.1646,231.646,0.0541635,0.139977
-49.3671,231.646,0.0542473,0.141383
-45.5696,231.646,0.0543295,0.142804
-41.7722,231.646,0.05441,0.14424
-37.9747,231.646,0.054489,0.145692
-34.1772,231.646,0.0545665,0.147159
-30.3797,231.646,0.0546423,0.148641
-26.5823,231.646,0.0547165,0.150139
-22.7848,231.646,0.0547892,0.151651
-18.9873,231.646,0.0548603,0.15318
-15.1899,231.646,0.0549298,0.154723
-11.3924,231.646,0.0549977,0.156282
-7.59494,231.646,0.055064,0.157856
-3.79747,231.646,0.0551288,0.159446
0,231.646,0.0551919,0.16105
-300,235.443,0.0457752,0.0827305
-296.203,235.443,0.0459603,0.0831376
-292.405,235.443,0.0461439,0.08356
-288.608,235.443,0.0463259,0.0839978
-284.81,235.443,0.0465063,0.0844509
-281.013,235.443,0.0466851,0.0849193
-277.215,235.443,0.0468623,0.0854029
-273.418,235.443,0.0470379,0.085902
-269.62,235.443,0.047212,0.0864163
-265.823,235.443,0.0473845,0.0869459
-262.025,235.443,0.0475553,0.0874908
-258.228,235.443,0.0477246,0.0880511
-254.43,235.443,0.0478924,0.0886266
-250.633,235.443,0.0480585,0.0892175
-246.835,235.443,0.048223,0.0898237
-243.038,235.443,0.048386,0.0904452
-239.241,235.443,0.0485474,0.091082
-235.443,235.443,0.0487072,0.0917341
-231.646,235.443,0.0488654,0.0924016
-227.848,235.443,0.049022,0.0930843
-224.051,235.443,0.0491771,0.0937824
-220.253,235.443,0.0493306,0.0944957
-216.456,235.443,0.0494824,0.0952244
-212.658,235.443,0.0496327,0.0959684
-208.861,235.443,0.0497814,0.0967277
-205.063,235.443,0.0499286,0.0975023
-201.266,235.443,0.0500741,0.0982922
-197.468,235.443,0.0502181,0.0990975
-193.671,235.443,0.0503604,0.099918
-189.873,235.443,0.0505012,0.100754
-186.076,235.443,0.0506404,0.101605
-182.278,235.443,0.050778,0.102472
-178.481,235.443,0.0509141,0.103353
-174.684,235.443,0.0510485,0.10425
-170.886,235.443,0.0511814,0.105163
-167.089,235.443,0.0513127,0.106091
-163.291,235.443,0.0514424,0.107034
-159.494,235.443,0.0515705,0.107992
-155.696,235.443,0.051697,0.108966
-151.899,235.443,0.051822,0.109955
-148.101,235.443,0.0519454,0.110959
-144.304,235.443,0.0520671,0.111979
-140.506,235.443,0.0521873,0.113013
-136.709,235.443,0.0523059,0.114064
-132.911,235.443,0.052423,0.115129
-129.114,235.443,0.0525384,0.11621
-125.316,235.443,0.0526523,0.117306
-121.519,235.443,0.0527646,0.118418
-117.722,235.443,0.0528752,0.119544
-113.924,235.443,0.0529844,0.120687
-110.127,235.443,0.0530919,0.121844
-106.329,235.443,0.0531978,0.123017
-102.532,235.443,0.0533022,0.124205
-98.7342,235.443,0.0534049,0.125408
-94.9367,235.443,0.0535061,0.126627
-91.1392,235.443,0.0536057,0.127861
-87.3418,235.443,0.0537038,0.12911
-83.5443,235.443,0.0538002,0.130375
-79.7468,235.443,0.053895,0.131654
-75.9494,235.443,0.0539883,0.13295
-72.1519,235.443,0.05408,0.13426
-68.3544,235.443,0.0541701,0.135586
-64.557,235.443,0.0542586,0.136927
-60.7595,235.443,0.0543455,0.138284
-56.962,235.443,0.0544309,0.139655
-53.1646,235.443,0.0545146,0.141042
-49.3671,235.443,0.0545968,0.142445
-45.5696,235.443,0.0546774,0.143863
-41.7722,235.443,0.0547564,0.145296
-37.9747,235.443,0.0548338,0.146744
-34.1772,235.443,0.0549097,0.148208
-30.3797,235.443,0.0549839,0.149686
-26.5823,235.443,0.0550566,0.151181
-22.7848,235.443,0.0551277,0.15269
-18.9873,235.443,0.0551972,0.154215
-15.1899,235.443,0.0552651,0.155755
-11.3924,235.443,0.0553315,0.157311
-7.59494,235.443,0.0553962,0.158882
-3.79747,235.443,0.0554594,0.160468
0,235.443,0.055521,0.162069
-300,239.241,0.0462201,0.0839853
-296.203,239.241,0.0464037,0.0843891
-292.405,239.241,0.0465857,0.0848082
-288.608,239.241,0.0467661,0.0852426
-284.81,239.241,0.0469449,0.0856924
-281.013,239.241,0.0471221,0.0861574
-277.215,239.241,0.0472978,0.0866378
-273.418,239.241,0.0474718,0.0871334
-269.62,239.241,0.0476443,0.0876444
-265.823,239.241,0.0478152,0.0881707
-262.025,239.241,0.0479845,0.0887123
-258.228,239.241,0.0481522,0.0892693
-254.43,239.241,0.0483184,0.0898415
-250.633,239.241,0.048483,0.090429
-246.835,239.241,0.0486459,0.0910319
-243.038,239.241,0.0488073,0.09165
-239.241,239.241,0.0489671,0.0922835
-235.443,239.241,0.0491253,0.0929323
-231.646,239.241,0.049282,0.0935964
-227.848,239.241,0.049437,0.0942758
-224.051,239.241,0.0495905,0.0949705
-220.253,239.241,0.0497424,0.0956806
-216.456,239.241,0.0498927,0.0964059
-212.658,239.241,0.0500414,0.0971466
-208.861,239.241,0.0501886,0.0979025
-205.063,239.241,0.0503341,0.0986738
-201.266,239.241,0.0504781,0.0994604
-197.468,239.241,0.0506205,0.100262
-193.671,239.241,0.0507613,0.10108
-189.873,239.241,0.0509005,0.101912
-186.076,239.241,0.0510381,0.10276
-182.278,239.241,0.0511741,0.103623
-178.481,239.241,0.0513086,0.104502
-174.684,239.241,0.0514415,0.105395
-170.886,239.241,0.0515728,0.106304
-167.089,239.241,0.0517025,0.107229
-163.291,239.241,0.0518306,0.108168
-159.494,239.241,0.0519572,0.109124
-155.696,239.241,0.0520821,0.110094
-151.899,239.241,0.0522055,0.111079
-148.101,239.241,0.0523273,0.11208
-144.304,239.241,0.0524475,0.113097
-140.506,239.241,0.0525661,0.114128
-136.709,239.241,0.0526831,0.115175
-132.911,239.241,0.0527986,0.116237
-129.114,239.241,0.0529125,0.117315
-125.316,239.241,0.0530247,0.118408
-121.519,239.241,0.0531354,0.119516
-117.722,239.241,0.0532446,0.120639
-113.924,239.241,0.0533521,0.121778
-110.127,239.241,0.053458,0.122932
-106.329,239.241,0.0535624,0.124102
-102.532,239.241,0.0536652,0.125286
-98.7342,239.241,0.0537664,0.126486
-94.9367,239.241,0.053866,0.127702
-91.1392,239.241,0.053964,0.128932
-87.3418,239.241,0.0540605,0.130178
-83.5443,239.241,0.0541553,0.131439
-79.7468,239.241,0.0542486,0.132716
-75.9494,239.241,0.0543403,0.134008
-72.1519,239.241,0.0544304,0.135315
-68.3544,239.241,0.0545189,0.136638
-64.557,239.241,0.0546059,0.137975
-60.7595,239.241,0.0546912,0.139328
-56.962,239.241,0.054775,0.140697
-53.1646,239.241,0.0548572,0.142081
-49.3671,239.241,0.0549378,0.14348
-45.5696,239.241,0.0550168,0.144894
-41.7722,239.241,0.0550942,0.146324
-37.9747,239.241,0.0551701,0.147769
-34.1772,239.241,0.0552443,0.149229
-30.3797,239.241,0.055317,0.150705
-26.5823,239.241,0.0553881,0.152196
-22.7848,239.241,0.0554576,0.153702
-18.9873,239.241,0.0555256,0.155223
-15.1899,239.241,0.0555919,0.15676
-11.3924,239.241,0.0556567,0.158312
-7.59494,239.241,0.0557199,0.15988
-3.79747,239.241,0.0557814,0.161463
0,239.241,0.0558415,0.163061
-300,243.038,0.0466565,0.0852127
-296.203,243.038,0.0468385,0.0856132
-292.405,243.038,0.0470189,0.086029
-288.608,243.038,0.0471977,0.0864601
-284.81,243.038,0.047375,0.0869065
-281.013,243.038,0.0475506,0.0873682
-277.215,243.038,0.0477247,0.0878452
-273.418,243.038,0.0478972,0.0883376
-269.62,243.038,0.0480681,0.0888452
-265.823,243.038,0.0482374,0.0893682
-262.025,243.038,0.0484051,0.0899064
-258.228,243.038,0.0485713,0.09046
-254.43,243.038,0.0487359,0.0910289
-250.633,243.038,0.0488988,0.0916131
-246.835,243.038,0.0490602,0.0922127
-243.038,243.038,0.0492201,0.0928275
-239.241,243.038,0.0493783,0.0934576
-235.443,243.038,0.0495349,0.0941031
-231.646,243.038,0.04969,0.0947638
-227.848,243.038,0.0498435,0.0954399
-224.051,243.038,0.0499954,0.0961313
-220.253,243.038,0.0501457,0.096838
-216.456,243.038,0.0502944,0.09756
-212.658,243.038,0.0504416,0.0982974
-208.861,243.038,0.0505871,0.09905
-205.063,243.038,0.0507311,0.0998179
-201.266,243.038,0.0508735,0.100601
-197.468,243.038,0.0510143,0.1014
-193.671,243.038,0.0511535,0.102214
-189.873,243.038,0.0512912,0.103043
-186.076,243.038,0.0514272,0.103887
-182.278,243.038,0.0515617,0.104747
-178.481,243.038,0.0516946,0.105622
-174.684,243.038,0.0518259,0.106513
-170.886,243.038,0.0519556,0.107418
-167.089,243.038,0.0520837,0.10834
-163.291,243.038,0.0522103,0.109276
-159.494,243.038,0.0523352,0.110228
-155.696,243.038,0.0524586,0.111195
-151.899,243.038,0.0525804,0.112177
-148.101,243.038,0.0527006,0.113175
-144.304,243.038,0.0528193,0.114187
-140.506,243.038,0.0529363,0.115216
-136.709,243.038,0.0530518,0.116259
-132.911,243.038,0.0531656,0.117318
-129.114,243.038,0.0532779,0.118392
-125.316,243.038,0.0533887,0.119482
-121.519,243.038,0.0534978,0.120587
-117.722,243.038,0.0536053,0.121707
-113.924,243.038,0.0537113,0.122842
-110.127,243.038,0.0538156,0.123993
-106.329,243.038,0.0539184,0.125159
-102.532,243.038,0.0540196,0.12634
-98.7342,243.038,0.0541193,0.127537
-94.9367,243.038,0.0542173,0.128749
-91.1392,243.038,0.0543137,0.129976
-87.3418,243.038,0.0544086,0.131219
-83.5443,243.038,0.0545019,0.132477
-79.7468,243.038,0.0545936,0.13375
-75.9494,243.038,0.0546837,0.135039
-72.1519,243.038,0.0547722,0.136342
-68.3544,243.038,0.0548592,0.137662
-64.557,243.038,0.0549446,0.138996
-60.7595,243.038,0.0550283,0.140346
-56.962,243.038,0.0551105,0.141711
-53.1646,243.038,0.0551911,0.143091
-49.3671,243.038,0.0552702,0.144487
-45.5696,243.038,0.0553476,0.145898
-41.7722,243.038,0.0554235,0.147325
-37.9747,243.038,0.0554978,0.148766
-34.1772,243.038,0.0555704,0.150223
-30.3797,243.038,0.0556415,0.151695
-26.5823,243.038,0.0557111,0.153183
-22.7848,243.038,0.055779,0.154686
-18.9873,243.038,0.0558454,0.156204
-15.1899,243.038,0.0559101,0.157738
-11.3924,243.038,0.0559733,0.159287
-7.59494,243.038,0.0560349,0.160851
-3.79747,243.038,0.0560949,0.16243
0,243.038,0.0561534,0.164025
-300,246.835,0.0470843,0.0864128
-296.203,246.835,0.0472647,0.0868099
-292.405,246.835,0.0474435,0.0872224
-288.608,246.835,0.0476208,0.0876501
-284.81,246.835,0.0477965,0.0880932
-281.013,246.835,0.0479705,0.0885516
-277.215,246.835,0.048143,0.0890253
-273.418,246.835,0.048314,0.0895143
-269.62,246.835,0.0484833,0.0900186
-265.823,246.835,0.048651,0.0905382
-262.025,246.835,0.0488172,0.0910732
-258.228,246.835,0.0489818,0.0916234
-254.43,246.835,0.0491448,0.092189
-250.633,246.835,0.0493062,0.0927699
-246.835,246.835,0.049466,0.0933661
-243.038,246.835,0.0496242,0.0939775
-239.241,246.835,0.0497809,0.0946044
-235.443,246.835,0.049936,0.0952465
-231.646,246.835,0.0500895,0.0959039
-227.848,246.835,0.0502414,0.0965767
-224.051,246.835,0.0503917,0.0972647
-220.253,246.835,0.0505404,0.0979681
-216.456,246.835,0.0506876,0.0986868
-212.658,246.835,0.0508331,0.0994208
-208.861,246.835,0.0509771,0.10017
-205.063,246.835,0.0511195,0.100935
-201.266,246.835,0.0512603,0.101715
-197.468,246.835,0.0513996,0.10251
-193.671,246.835,0.0515372,0.10332
-189.873,246.835,0.0516733,0.104146
-186.076,246.835,0.0518078,0.104987
-182.278,246.835,0.0519407,0.105844
-178.481,246.835,0.052072,0.106716
-174.684,246.835,0.0522017,0.107603
-170.886,246.835,0.0523298,0.108505
-167.089,246.835,0.0524564,0.109423
-163.291,246.835,0.0525814,0.110356
-159.494,246.835,0.0527048,0.111304
-155.696,246.835,0.0528266,0.112268
-151.899,246.835,0.0529468,0.113247
-148.101,246.835,0.0530654,0.114241
-144.304,246.835,0.0531825,0.115251
-140.506,246.835,0.053298,0.116276
-136.709,246.835,0.0534118,0.117316
-132.911,246.835,0.0535241,0.118372
-129.114,246.835,0.0536349,0.119442
-125.316,246.835,0.053744,0.120529
-121.519,246.835,0.0538515,0.12163
-117.722,246.835,0.0539575,0.122747
-113.924,246.835,0.0540619,0.123879
-110.127,246.835,0.0541647,0.125026
-106.329,246.835,0.0542659,0.126189
-102.532,246.835,0.0543655,0.127367
-98.7342,246.835,0.0544636,0.12856
-94.9367,246.835,0.05456,0.129769
-91.1392,246.835,0.0546549,0.130993
-87.3418,246.835,0.0547482,0.132232
-83.5443,246.835,0.0548399,0.133487
-79.7468,246.835,0.05493,0.134757
-75.9494,246.835,0.0550186,0.136042
-72.1519,246.835,0.0551055,0.137343
-68.3544,246.835,0.0551909,0.138658
-64.557,246.835,0.0552747,0.13999
-60.7595,246.835,0.0553569,0.141336
-56.962,246.835,0.0554375,0.142698
-53.1646,246.835,0.0555166,0.144075
-49.3671,246.835,0.055594,0.145467
-45.5696,246.835,0.0556699,0.146875
-41.7722,246.835,0.0557442,0.148298
-37.9747,246.835,0.0558169,0.149736
-34.1772,246.835,0.055888,0.15119
-30.3797,246.835,0.0559575,0.152659
-26.5823,246.835,0.0560255,0.154143
-22.7848,246.835,0.0560918,0.155643
-18.9873,246.835,0.0561566,0.157158
-15.1899,246.835,0.0562198,0.158688
-11.3924,246.835,0.0562814,0.160233
-7.59494,246.835,0.0563414,0.161794
-3.79747,246.835,0.0563999,0.16337
0,246.835,0.0564567,0.164962
-300,250.633,0.0475035,0.0875855
-296.203,250.633,0.0476824,0.0879793
-292.405,250.633,0.0478596,0.0883884
-288.608,250.633,0.0480353,0.0888128
-284.81,250.633,0.0482094,0.0892526
-281.013,250.633,0.0483819,0.0897076
-277.215,250.633,0.0485528,0.090178
-273.418,250.633,0.0487222,0.0906636
-269.62,250.633,0.0488899,0.0911646
-265.823,250.633,0.0490561,0.0916809
-262.025,250.633,0.0492207,0.0922125
-258.228,250.633,0.0493837,0.0927594
-254.43,250.633,0.0495451,0.0933217
-250.633,250.633,0.0497049,0.0938992
-246.835,250.633,0.0498632,0.0944921
-243.038,250.633,0.0500199,0.0951002
-239.241,250.633,0.0501749,0.0957237
-235.443,250.633,0.0503284,0.0963625
-231.646,250.633,0.0504803,0.0970166
-227.848,250.633,0.0506307,0.097686
-224.051,250.633,0.0507794,0.0983707
-220.253,250.633,0.0509266,0.0990708
-216.456,250.633,0.0510722,0.0997861
-212.658,250.633,0.0512162,0.100517
-208.861,250.633,0.0513586,0.101263
-205.063,250.633,0.0514994,0.102024
-201.266,250.633,0.0516386,0.102801
-197.468,250.633,0.0517763,0.103593
-193.671,250.633,0.0519124,0.1044
-189.873,250.633,0.0520468,0.105222
-186.076,250.633,0.0521797,0.10606
-182.278,250.633,0.0523111,0.106913
-178.481,250.633,0.0524408,0.107782
-174.684,250.633,0.052569,0.108665
-170.886,250.633,0.0526955,0.109565
-167.089,250.633,0.0528205,0.110479
-163.291,250.633,0.0529439,0.111409
-159.494,250.633,0.0530657,0.112354
-155.696,250.633,0.053186,0.113314
-151.899,250.633,0.0533046,0.11429
-148.101,250.633,0.0534217,0.115281
-144.304,250.633,0.0535371,0.116287
-140.506,250.633,0.053651,0.117308
-136.709,250.633,0.0537634,0.118345
-132.911,250.633,0.0538741,0.119398
-129.114,250.633,0.0539832,0.120465
-125.316,250.633,0.0540908,0.121548
-121.519,250.633,0.0541968,0.122646
-117.722,250.633,0.0543011,0.12376
-113.924,250.633,0.054404,0.124888
-110.127,250.633,0.0545052,0.126032
-106.329,250.633,0.0546048,0.127192
-102.532,250.633,0.0547029,0.128366
-98.7342,250.633,0.0547993,0.129556
-94.9367,250.633,0.0548942,0.130762
-91.1392,250.633,0.0549875,0.131982
-87.3418,250.633,0.0550792,0.133218
-83.5443,250.633,0.0551694,0.13447
-79.7468,250.633,0.0552579,0.135736
-75.9494,250.633,0.0553449,0.137018
-72.1519,250.633,0.0554303,0.138315
-68.3544,250.633,0.0555141,0.139628
-64.557,250.633,0.0555963,0.140956
-60.7595,250.633,0.0556769,0.142299
-56.962,250.633,0.055756,0.143657
-53.1646,250.633,0.0558334,0.145031
-49.3671,250.633,0.0559093,0.14642
-45.5696,250.633,0.0559836,0.147824
-41.7722,250.633,0.0560563,0.149244
-37.9747,250.633,0.0561274,0.150679
-34.1772,250.633,0.056197,0.152129
-30.3797,250.633,0.0562649,0.153595
-26.5823,250.633,0.0563313,0.155076
-22.7848,250.633,0.0563961,0.156572
-18.9873,250.633,0.0564593,0.158084
-15.1899,250.633,0.0565209,0.15961
-11.3924,250.633,0.0565809,0.161153
-7.59494,250.633,0.0566394,0.16271
-3.79747,250.633,0.0566962,0.164283
0,250.633,0.0567515,0.165871
-300,254.43,0.0479142,0.0887308
-296.203,254.43,0.0480915,0.0891212
-292.405,254.43,0.0482672,0.089527
-288.608,254.43,0.0484413,0.0899481
-284.81,254.43,0.0486138,0.0903845
-281.013,254.43,0.0487847,0.0908362
-277.215,254.43,0.0489541,0.0913033
-273.418,254.43,0.0491218,0.0917856
-269.62,254.43,0.049288,0.0922832
-265.823,254.43,0.0494526,0.0927962
-262.025,254.43,0.0496156,0.0933245
-258.228,254.43,0.049777,0.0938681
-254.43,254.43,0.0499369,0.094427
-250.633,254.43,0.0500951,0.0950012
-246.835,254.43,0.0502518,0.0955907
-243.038,254.43,0.0504069,0.0961955
-239.241,254.43,0.0505604,0.0968157
-235.443,254.43,0.0507123,0.0974511
-231.646,254.43,0.0508627,0.0981019
-227.848,254.43,0.0510114,0.098768
-224.051,254.43,0.0511586,0.0994494
-220.253,254.43,0.0513042,0.100146
-216.456,254.43,0.0514482,0.100858
-212.658,254.43,0.0515906,0.101585
-208.861,254.43,0.0517314,0.102328
-205.063,254.43,0.0518707,0.103086
-201.266,254.43,0.0520084,0.103859
-197.468,254.43,0.0521444,0.104648
-193.671,254.43,0.0522789,0.105452
-189.873,254.43,0.0524118,0.106271
-186.076,254.43,0.0525432,0.107105
-182.278,254.43,0.0526729,0.107955
-178.481,254.43,0.0528011,0.10882
-174.684,254.43,0.0529277,0.109701
-170.886,254.43,0.0530527,0.110597
-167.089,254.43,0.0531761,0.111508
-163.291,254.43,0.0532979,0.112434
-159.494,254.43,0.0534181,0.113376
-155.696,254.43,0.0535368,0.114333
-151.899,254.43,0.0536539,0.115305
-148.101,254.43,0.0537693,0.116293
-144.304,254.43,0.0538832,0.117296
-140.506,254.43,0.0539956,0.118314
-136.709,254.43,0.0541063,0.119347
-132.911,254.43,0.0542155,0.120396
-129.114,254.43,0.054323,0.12146
-125.316,254.43,0.054429,0.12254
-121.519,254.43,0.0545334,0.123635
-117.722,254.43,0.0546362,0.124745
-113.924,254.43,0.0547374,0.12587
-110.127,254.43,0.0548371,0.127011
-106.329,254.43,0.0549352,0.128167
-102.532,254.43,0.0550316,0.129338
-98.7342,254.43,0.0551265,0.130525
-94.9367,254.43,0.0552198,0.131727
-91.1392,254.43,0.0553116,0.132944
-87.3418,254.43,0.0554017,0.134177
-83.5443,254.43,0.0554903,0.135425
-79.7468,254.43,0.0555772,0.136688
-75.9494,254.43,0.0556626,0.137967
-72.1519,254.43,0.0557464,0.139261
-68.3544,254.43,0.0558287,0.14057
-64.557,254.43,0.0559093,0.141894
-60.7595,254.43,0.0559884,0.143234
-56.962,254.43,0.0560658,0.144589
-53.1646,254.43,0.0561417,0.145959
-49.3671,254.43,0.056216,0.147345
-45.5696,254.43,0.0562887,0.148746
-41.7722,254.43,0.0563599,0.150163
-37.9747,254.43,0.0564294,0.151594
-34.1772,254.43,0.0564974,0.153041
-30.3797,254.43,0.0565638,0.154503
-26.5823,254.43,0.0566285,0.155981
-22.7848,254.43,0.0566918,0.157474
-18.9873,254.43,0.0567534,0.158982
-15.1899,254.43,0.0568134,0.160506
-11.3924,254.43,0.0568719,0.162045
-7.59494,254.43,0.0569288,0.163599
-3.79747,254.43,0.0569841,0.165168
0,254.43,0.0570378,0.166753
-300,258.228,0.0483164,0.0898487
-296.203,258.228,0.048492,0.0902358
-292.405,258.228,0.0486662,0.0906383
-288.608,258.228,0.0488387,0.091056
-284.81,258.228,0.0490096,0.0914891
-281.013,258.228,0.049179,0.0919375
-277.215,258.228,0.0493467,0.0924012
-273.418,258.228,0.0495129,0.0928802
-269.62,258.228,0.0496775,0.0933745
-265.823,258.228,0.0498406,0.0938841
-262.025,258.228,0.050002,0.094409
-258.228,258.228,0.0501618,0.0949493
-254.43,258.228,0.0503201,0.0955049
-250.633,258.228,0.0504768,0.0960757
-246.835,258.228,0.0506319,0.0966619
-243.038,258.228,0.0507854,0.0972634
-239.241,258.228,0.0509373,0.0978802
-235.443,258.228,0.0510877,0.0985124
-231.646,258.228,0.0512365,0.0991598
-227.848,258.228,0.0513836,0.0998225
-224.051,258.228,0.0515292,0.100501
-220.253,258.228,0.0516732,0.101194
-216.456,258.228,0.0518157,0.101903
-212.658,258.228,0.0519565,0.102627
-208.861,258.228,0.0520958,0.103366
-205.063,258.228,0.0522334,0.104121
-201.266,258.228,0.0523695,0.10489
-197.468,258.228,0.052504,0.105676
-193.671,258.228,0.052637,0.106476
-189.873,258.228,0.0527683,0.107292
-186.076,258.228,0.052898,0.108123
-182.278,258.228,0.0530262,0.10897
-178.481,258.228,0.0531528,0.109832
-174.684,258.228,0.0532778,0.110709
-170.886,258.228,0.0534012,0.111601
-167.089,258.228,0.0535231,0.112509
-163.291,258.228,0.0536433,0.113432
-159.494,258.228,0.053762,0.11437
-155.696,258.228,0.053879,0.115324
-151.899,258.228,0.0539945,0.116293
-148.101,258.228,0.0541085,0.117277
-144.304,258.228,0.0542208,0.118277
-140.506,258.228,0.0543315,0.119292
-136.709,258.228,0.0544407,0.120322
-132.911,258.228,0.0545483,0.121367
-129.114,258.228,0.0546543,0.122428
-125.316,258.228,0.0547587,0.123504
-121.519,258.228,0.0548615,0.124596
-117.722,258.228,0.0549627,0.125703
-113.924,258.228,0.0550624,0.126825
-110.127,258.228,0.0551605,0.127962
-106.329,258.228,0.0552569,0.129115
-102.532,258.228,0.0553518,0.130283
-98.7342,258.228,0.0554452,0.131466
-94.9367,258.228,0.0555369,0.132665
-91.1392,258.228,0.0556271,0.133879
-87.3418,258.228,0.0557156,0.135108
-83.5443,258.228,0.0558026,0.136353
-79.7468,258.228,0.055888,0.137613
-75.9494,258.228,0.0559718,0.138888
-72.1519,258.228,0.056054,0.140178
-68.3544,258.228,0.0561347,0.141484
-64.557,258.228,0.0562138,0.142805
-60.7595,258.228,0.0562912,0.144142
-56.962,258.228,0.0563671,0.145494
-53.1646,258.228,0.0564414,0.146861
-49.3671,258.228,0.0565142,0.148243
-45.5696,258.228,0.0565853,0.149641
-41.7722,258.228,0.0566549,0.151054
-37.9747,258.228,0.0567228,0.152482
-34.1772,258.228,0.0567892,0.153926
-30.3797,258.228,0.056854,0.155385
-26.5823,258.228,0.0569173,0.156859
-22.7848,258.228,0.0569789,0.158349
-18.9873,258.228,0.0570389,0.159853
-15.1899,258.228,0.0570974,0.161374
-11.3924,258.228,0.0571543,0.162909
-7.59494,258.228,0.0572096,0.16446
-3.79747,258.228,0.0572633,0.166026
0,258.228,0.0573154,0.167608
-300,262.025,0.0487099,0.0909392
-296.203,262.025,0.048884,0.091323
-292.405,262.025,0.0490566,0.0917221
-288.608,262.025,0.0492275,0.0921365
-284.81,262.025,0.0493969,0.0925663
-281.013,262.025,0.0495647,0.0930113
-277.215,262.025,0.0497309,0.0934717
-273.418,262.025,0.0498955,0.0939474
-269.62,262.025,0.0500585,0.0944383
-265.823,262.025,0.0502199,0.0949446
-262.025,262.025,0.0503798,0.0954662
-258.228,262.025,0.0505381,0.0960032
-254.43,262.025,0.0506948,0.0965554
-250.633,262.025,0.0508499,0.0971229
-246.835,262.025,0.0510034,0.0977058
-243.038,262.025,0.0511553,0.0983039
-239.241,262.025,0.0513057,0.0989174
-235.443,262.025,0.0514545,0.0995462
-231.646,262.025,0.0516017,0.10019
-227.848,262.025,0.0517473,0.10085
-224.051,262.025,0.0518913,0.101524
-220.253,262.025,0.0520337,0.102214
-216.456,262.025,0.0521746,0.10292
-212.658,262.025,0.0523138,0.10364
-208.861,262.025,0.0524515,0.104376
-205.063,262.025,0.0525876,0.105128
-201.266,262.025,0.0527221,0.105894
-197.468,262.025,0.0528551,0.106676
-193.671,262.025,0.0529864,0.107473
-189.873,262.025,0.0531162,0.108286
-186.076,262.025,0.0532444,0.109114
-182.278,262.025,0.0533709,0.109957
-178.481,262.025,0.053496,0.110815
-174.684,262.025,0.0536194,0.111689
-170.886,262.025,0.0537412,0.112578
-167.089,262.025,0.0538615,0.113483
-163.291,262.025,0.0539802,0.114402
-159.494,262.025,0.0540972,0.115337
-155.696,262.025,0.0542127,0.116288
-151.899,262.025,0.0543267,0.117253
-148.101,262.025,0.054439,0.118234
-144.304,262.025,0.0545498,0.119231
-140.506,262.025,0.0546589,0.120242
-136.709,262.025,0.0547665,0.121269
-132.911,262.025,0.0548725,0.122311
-129.114,262.025,0.0549769,0.123369
-125.316,262.025,0.0550798,0.124442
-121.519,262.025,0.055181,0.12553
-117.722,262.025,0.0552807,0.126633
-113.924,262.025,0.0553788,0.127752
-110.127,262.025,0.0554753,0.128886
-106.329,262.025,0.0555702,0.130035
-102.532,262.025,0.0556635,0.1312
-98.7342,262.025,0.0557552,0.13238
-94.9367,262.025,0.0558454,0.133575
-91.1392,262.025,0.055934,0.134786
-87.3418,262.025,0.056021,0.136012
-83.5443,262.025,0.0561064,0.137253
-79.7468,262.025,0.0561902,0.13851
-75.9494,262.025,0.0562724,0.139782
-72.1519,262.025,0.0563531,0.141069
-68.3544,262.025,0.0564322,0.142371
-64.557,262.025,0.0565096,0.143689
-60.7595,262.025,0.0565856,0.145022
-56.962,262.025,0.0566599,0.146371
-53.1646,262.025,0.0567326,0.147735
-49.3671,262.025,0.0568038,0.149114
-45.5696,262.025,0.0568733,0.150508
-41.7722,262.025,0.0569413,0.151918
-37.9747,262.025,0.0570077,0.153343
-34.1772,262.025,0.0570725,0.154783
-30.3797,262.025,0.0571357,0.156239
-26.5823,262.025,0.0571974,0.15771
-22.7848,262.025,0.0572575,0.159196
-18.9873,262.025,0.0573159,0.160697
-15.1899,262.025,0.0573728,0.162214
-11.3924,262.025,0.0574281,0.163746
-7.59494,262.025,0.0574819,0.165294
-3.79747,262.025,0.057534,0.166857
0,262.025,0.0575846,0.168435
-300,265.823,0.0490949,0.0920023
-296.203,265.823,0.0492675,0.0923828
-292.405,265.823,0.0494384,0.0927786
-288.608,265.823,0.0496078,0.0931897
-284.81,265.823,0.0497756,0.0936161
-281.013,265.823,0.0499418,0.0940578
-277.215,265.823,0.0501064,0.0945148
-273.418,265.823,0.0502695,0.0949872
-269.62,265.823,0.0504309,0.0954748
-265.823,265.823,0.0505908,0.0959778
-262.025,265.823,0.0507491,0.096496
-258.228,265.823,0.0509058,0.0970296
-254.43,265.823,0.0510609,0.0975785
-250.633,265.823,0.0512144,0.0981427
-246.835,265.823,0.0513664,0.0987223
-243.038,265.823,0.0515167,0.0993171
-239.241,265.823,0.0516655,0.0999272
-235.443,265.823,0.0518127,0.100553
-231.646,265.823,0.0519583,0.101193
-227.848,265.823,0.0521023,0.10185
-224.051,265.823,0.0522448,0.102521
-220.253,265.823,0.0523856,0.103208
-216.456,265.823,0.0525249,0.10391
-212.658,265.823,0.0526626,0.104627
-208.861,265.823,0.0527987,0.10536
-205.063,265.823,0.0529332,0.106108
-201.266,265.823,0.0530662,0.106871
-197.468,265.823,0.0531975,0.107649
-193.671,265.823,0.0533273,0.108443
-189.873,265.823,0.0534555,0.109252
-186.076,265.823,0.0535821,0.110077
-182.278,265.823,0.0537071,0.110917
-178.481,265.823,0.0538305,0.111772
-174.684,265.823,0.0539524,0.112642
-170.886,265.823,0.0540727,0.113528
-167.089,265.823,0.0541913,0.114429
-163.291,265.823,0.0543084,0.115346
-159.494,265.823,0.054424,0.116277
-155.696,265.823,0.0545379,0.117224
-151.899,265.823,0.0546502,0.118187
-148.101,265.823,0.054761,0.119164
-144.304,265.823,0.0548702,0.120157
-140.506,265.823,0.0549778,0.121165
-136.709,265.823,0.0550838,0.122189
-132.911,265.823,0.0551882,0.123228
-129.114,265.823,0.055291,0.124282
-125.316,265.823,0.0553923,0.125351
-121.519,265.823,0.055492,0.126436
-117.722,265.823,0.0555901,0.127536
-113.924,265.823,0.0556866,0.128652
-110.127,265.823,0.0557815,0.129783
-106.329,265.823,0.0558748,0.130929
-102.532,265.823,0.0559666,0.13209
-98.7342,265.823,0.0560568,0.133267
-94.9367,265.823,0.0561453,0.134459
-91.1392,265.823,0.0562323,0.135666
-87.3418,265.823,0.0563178,0.136889
-83.5443,265.823,0.0564016,0.138126
-79.7468,265.823,0.0564838,0.13938
-75.9494,265.823,0.0565645,0.140648
-72.1519,265.823,0.0566436,0.141932
-68.3544,265.823,0.0567211,0.143231
-64.557,265.823,0.056797,0.144546
-60.7595,265.823,0.0568713,0.145876
-56.962,265.823,0.0569441,0.147221
-53.1646,265.823,0.0570152,0.148581
-49.3671,265.823,0.0570848,0.149957
-45.5696,265.823,0.0571528,0.151348
-41.7722,265.823,0.0572192,0.152754
-37.9747,265.823,0.057284,0.154176
-34.1772,265.823,0.0573473,0.155613
-30.3797,265.823,0.0574089,0.157065
-26.5823,265.823,0.057469,0.158533
-22.7848,265.823,0.0575275,0.160016
-18.9873,265.823,0.0575844,0.161514
-15.1899,265.823,0.0576397,0.163027
-11.3924,265.823,0.0576934,0.164556
-7.59494,265.823,0.0577456,0.1661
-3.79747,265.823,0.0577961,0.16766
0,265.823,0.0578451,0.169235
-300,269.62,0.0494714,0.0930381
-296.203,269.62,0.0496423,0.0934152
-292.405,269.62,0.0498117,0.0938077
-288.608,269.62,0.0499795,0.0942154
-284.81,269.62,0.0501457,0.0946385
-281.013,269.62,0.0503104,0.0950769
-277.215,269.62,0.0504734,0.0955306
-273.418,269.62,0.0506349,0.0959996
-269.62,269.62,0.0507947,0.0964839
-265.823,269.62,0.050953,0.0969835
-262.025,269.62,0.0511097,0.0974985
-258.228,269.62,0.0512649,0.0980287
-254.43,269.62,0.0514184,0.0985743
-250.633,269.62,0.0515704,0.0991351
-246.835,269.62,0.0517207,0.0997113
-243.038,269.62,0.0518695,0.100303
-239.241,269.62,0.0520167,0.10091
-235.443,269.62,0.0521624,0.101532
-231.646,269.62,0.0523064,0.102169
-227.848,269.62,0.0524488,0.102822
-224.051,269.62,0.0525897,0.10349
-220.253,269.62,0.052729,0.104173
-216.456,269.62,0.0528667,0.104872
-212.658,269.62,0.0530028,0.105586
-208.861,269.62,0.0531374,0.106315
-205.063,269.62,0.0532703,0.10706
-201.266,269.62,0.0534017,0.10782
-197.468,269.62,0.0535314,0.108595
-193.671,269.62,0.0536596,0.109386
-189.873,269.62,0.0537863,0.110192
-186.076,269.62,0.0539113,0.111013
-182.278,269.62,0.0540347,0.111849
-178.481,269.62,0.0541566,0.112701
-174.684,269.62,0.0542769,0.113568
-170.886,269.62,0.0543955,0.114451
-167.089,269.62,0.0545127,0.115348
-163.291,269.62,0.0546282,0.116261
-159.494,269.62,0.0547421,0.11719
-155.696,269.62,0.0548545,0.118133
-151.899,269.62,0.0549652,0.119092
-148.101,269.62,0.0550744,0.120067
-144.304,269.62,0.055182,0.121056
-140.506,269.62,0.0552881,0.122061
-136.709,269.62,0.0553925,0.123081
-132.911,269.62,0.0554953,0.124117
-129.114,269.62,0.0555966,0.125168
-125.316,269.62,0.0556963,0.126234
-121.519,269.62,0.0557944,0.127315
-117.722,269.62,0.0558909,0.128412
-113.924,269.62,0.0559858,0.129524
-110.127,269.62,0.0560792,0.130652
-106.329,269.62,0.0561709,0.131794
-102.532,269.62,0.0562611,0.132952
-98.7342,269.62,0.0563497,0.134126
-94.9367,269.62,0.0564367,0.135314
-91.1392,269.62,0.0565221,0.136518
-87.3418,269.62,0.056606,0.137738
-83.5443,269.62,0.0566882,0.138972
-79.7468,269.62,0.0567689,0.140222
-75.9494,269.62,0.056848,0.141487
-72.1519,269.62,0.0569255,0.142768
-68.3544,269.62,0.0570014,0.144064
-64.557,269.62,0.0570758,0.145375
-60.7595,269.62,0.0571485,0.146701
-56.962,269.62,0.0572197,0.148043
-53.1646,269.62,0.0572893,0.1494
-49.3671,269.62,0.0573573,0.150773
-45.5696,269.62,0.0574237,0.15216
-41.7722,269.62,0.0574885,0.153563
-37.9747,269.62,0.0575518,0.154982
-34.1772,269.62,0.0576134,0.156415
-30.3797,269.62,0.0576735,0.157864
-26.5823,269.62,0.057732,0.159328
-22.7848,269.62,0.0577889,0.160808
-18.9873,269.62,0.0578442,0.162303
-15.1899,269.62,0.057898,0.163813
-11.3924,269.62,0.0579501,0.165339
-7.59494,269.62,0.0580007,0.166879
-3.79747,269.62,0.0580497,0.168436
0,269.62,0.0580971,0.170007
-300,273.418,0.0498392,0.0940464
-296.203,273.418,0.0500086,0.0944202
-292.405,273.418,0.0501764,0.0948094
-288.608,273.418,0.0503427,0.0952138
-284.81,273.418,0.0505073,0.0956335
-281.013,273.418,0.0506704,0.0960686
-277.215,273.418,0.0508318,0.0965189
-273.418,273.418,0.0509917,0.0969846
-269.62,273.418,0.05115,0.0974656
-265.823,273.418,0.0513067,0.0979619
-262.025,273.418,0.0514619,0.0984735
-258.228,273.418,0.0516154,0.0990004
-254.43,273.418,0.0517674,0.0995426
-250.633,273.418,0.0519178,0.1001
-246.835,273.418,0.0520666,0.100673
-243.038,273.418,0.0522138,0.101261
-239.241,273.418,0.0523594,0.101865
-235.443,273.418,0.0525035,0.102483
-231.646,273.418,0.0526459,0.103118
-227.848,273.418,0.0527868,0.103767
-224.051,273.418,0.0529261,0.104432
-220.253,273.418,0.0530638,0.105112
-216.456,273.418,0.0531999,0.105807
-212.658,273.418,0.0533345,0.106518
-208.861,273.418,0.0534674,0.107244
-205.063,273.418,0.0535988,0.107985
-201.266,273.418,0.0537286,0.108742
-197.468,273.418,0.0538568,0.109513
-193.671,273.418,0.0539834,0.110301
-189.873,273.418,0.0541085,0.111103
-186.076,273.418,0.0542319,0.111921
-182.278,273.418,0.0543538,0.112754
-178.481,273.418,0.0544741,0.113603
-174.684,273.418,0.0545928,0.114466
-170.886,273.418,0.0547099,0.115346
-167.089,273.418,0.0548254,0.11624
-163.291,273.418,0.0549394,0.11715
-159.494,273.418,0.0550517,0.118075
-155.696,273.418,0.0551625,0.119015
-151.899,273.418,0.0552717,0.119971
-148.101,273.418,0.0553793,0.120942
-144.304,273.418,0.0554853,0.121928
-140.506,273.418,0.0555898,0.122929
-136.709,273.418,0.0556926,0.123946
-132.911,273.418,0.0557939,0.124979
-129.114,273.418,0.0558936,0.126026
-125.316,273.418,0.0559917,0.127089
-121.519,273.418,0.0560882,0.128167
-117.722,273.418,0.0561832,0.129261
-113.924,273.418,0.0562765,0.130369
-110.127,273.418,0.0563683,0.131493
-106.329,273.418,0.0564585,0.132633
-102.532,273.418,0.0565471,0.133787
-98.7342,273.418,0.0566341,0.134957
-94.9367,273.418,0.0567195,0.136143
-91.1392,273.418,0.0568034,0.137343
-87.3418,273.418,0.0568856,0.138559
-83.5443,273.418,0.0569663,0.139791
-79.7468,273.418,0.0570454,0.141037
-75.9494,273.418,0.0571229,0.142299
-72.1519,273.418,0.0571989,0.143576
-68.3544,273.418,0.0572732,0.144869
-64.557,273.418,0.057346,0.146177
-60.7595,273.418,0.0574171,0.1475
-56.962,273.418,0.0574867,0.148838
-53.1646,273.418,0.0575548,0.150192
-49.3671,273.418,0.0576212,0.151561
-45.5696,273.418,0.057686,0.152945
-41.7722,273.418,0.0577493,0.154345
-37.9747,273.418,0.0578109,0.15576
-34.1772,273.418,0.057871,0.15719
-30.3797,273.418,0.0579295,0.158636
-26.5823,273.418,0.0579865,0.160097
-22.7848,273.418,0.0580418,0.161573
-18.9873,273.418,0.0580955,0.163065
-15.1899,273.418,0.0581477,0.164571
-11.3924,273.418,0.0581983,0.166094
-7.59494,273.418,0.0582473,0.167631
-3.79747,273.418,0.0582947,0.169184
0,273.418,0.0583405,0.170752
-300,277.215,0.0501986,0.0950274
-296.203,277.215,0.0503664,0.0953979
-292.405,277.215,0.0505326,0.0957837
-288.608,277.215,0.0506973,0.0961848
-284.81,277.215,0.0508603,0.0966012
-281.013,277.215,0.0510218,0.0970329
-277.215,277.215,0.0511817,0.0974799
-273.418,277.215,0.05134,0.0979422
-269.62,277.215,0.0514967,0.0984199
-265.823,277.215,0.0516519,0.0989129
-262.025,277.215,0.0518054,0.0994211
-258.228,277.215,0.0519574,0.0999447
-254.43,277.215,0.0521078,0.100484
-250.633,277.215,0.0522566,0.101038
-246.835,277.215,0.0524038,0.101607
-243.038,277.215,0.0525495,0.102192
-239.241,277.215,0.0526935,0.102792
-235.443,277.215,0.052836,0.103408
-231.646,277.215,0.0529769,0.104039
-227.848,277.215,0.0531162,0.104685
-224.051,277.215,0.0532539,0.105346
-220.253,277.215,0.05339,0.106023
-216.456,277.215,0.0535246,0.106715
-212.658,277.215,0.0536576,0.107422
-208.861,277.215,0.0537889,0.108145
-205.063,277.215,0.0539187,0.108883
-201.266,277.215,0.054047,0.109636
-197.468,277.215,0.0541736,0.110404
-193.671,277.215,0.0542986,0.111188
-189.873,277.215,0.0544221,0.111988
-186.076,277.215,0.054544,0.112802
-182.278,277.215,0.0546643,0.113632
-178.481,277.215,0.054783,0.114477
-174.684,277.215,0.0549001,0.115337
-170.886,277.215,0.0550156,0.116213
-167.089,277.215,0.0551296,0.117104
-163.291,277.215,0.055242,0.118011
-159.494,277.215,0.0553527,0.118932
-155.696,277.215,0.055462,0.119869
-151.899,277.215,0.0555696,0.120822
-148.101,277.215,0.0556756,0.121789
-144.304,277.215,0.0557801,0.122772
-140.506,277.215,0.0558829,0.12377
-136.709,277.215,0.0559842,0.124784
-132.911,277.215,0.0560839,0.125813
-129.114,277.215,0.056182,0.126857
-125.316,277.215,0.0562786,0.127917
-121.519,277.215,0.0563735,0.128991
-117.722,277.215,0.0564669,0.130081
-113.924,277.215,0.0565586,0.131187
-110.127,277.215,0.0566488,0.132308
-106.329,277.215,0.0567375,0.133444
-102.532,277.215,0.0568245,0.134595
-98.7342,277.215,0.0569099,0.135762
-94.9367,277.215,0.0569938,0.136944
-91.1392,277.215,0.0570761,0.138141
-87.3418,277.215,0.0571567,0.139354
-83.5443,277.215,0.0572359,0.140582
-79.7468,277.215,0.0573134,0.141825
-75.9494,277.215,0.0573893,0.143083
-72.1519,277.215,0.0574637,0.144357
-68.3544,277.215,0.0575364,0.145646
-64.557,277.215,0.0576076,0.146951
-60.7595,277.215,0.0576772,0.148271
-56.962,277.215,0.0577452,0.149606
-53.1646,277.215,0.0578117,0.150956
-49.3671,277.215,0.0578765,0.152322
-45.5696,277.215,0.0579398,0.153703
-41.7722,277.215,0.0580015,0.155099
-37.9747,277.215,0.0580616,0.156511
-34.1772,277.215,0.0581201,0.157938
-30.3797,277.215,0.058177,0.15938
-26.5823,277.215,0.0582324,0.160838
-22.7848,277.215,0.0582861,0.162311
-18.9873,277.215,0.0583383,0.163799
-15.1899,277.215,0.0583889,0.165302
-11.3924,277.215,0.0584379,0.166821
-7.59494,277.215,0.0584853,0.168355
-3.79747,277.215,0.0585312,0.169905
0,277.215,0.0585754,0.17147
-300,281.013,0.0505493,0.095981
-296.203,281.013,0.0507156,0.0963481
-292.405,281.013,0.0508802,0.0967306
-288.608,281.013,0.0510433,0.0971284
-284.81,281.013,0.0512048,0.0975414
-281.013,281.013,0.0513647,0.0979698
-277.215,281.013,0.051523,0.0984135
-273.418,281.013,0.0516797,0.0988725
-269.62,281.013,0.0518349,0.0993468
-265.823,281.013,0.0519885,0.0998365
-262.025,281.013,0.0521405,0.100341
-258.228,281.013,0.0522909,0.100862
-254.43,281.013,0.0524397,0.101397
-250.633,281.013,0.0525869,0.101948
-246.835,281.013,0.0527325,0.102514
-243.038,281.013,0.0528766,0.103096
-239.241,281.013,0.0530191,0.103693
-235.443,281.013,0.05316,0.104305
-231.646,281.013,0.0532993,0.104932
-227.848,281.013,0.053437,0.105575
-224.051,281.013,0.0535732,0.106233
-220.253,281.013,0.0537077,0.106906
-216.456,281.013,0.0538407,0.107595
-212.658,281.013,0.0539721,0.108299
-208.861,281.013,0.0541019,0.109018
-205.063,281.013,0.0542301,0.109753
-201.266,281.013,0.0543568,0.110503
-197.468,281.013,0.0544818,0.111268
-193.671,281.013,0.0546053,0.112049
-189.873,281.013,0.0547272,0.112844
-186.076,281.013,0.0548475,0.113656
-182.278,281.013,0.0549662,0.114482
-178.481,281.013,0.0550833,0.115324
-174.684,281.013,0.0551989,0.116181
-170.886,281.013,0.0553128,0.117053
-167.089,281.013,0.0554252,0.117941
-163.291,281.013,0.055536,0.118844
-159.494,281.013,0.0556452,0.119763
-155.696,281.013,0.0557529,0.120696
-151.899,281.013,0.0558589,0.121645
-148.101,281.013,0.0559634,0.12261
-144.304,281.013,0.0560662,0.123589
-140.506,281.013,0.0561675,0.124584
-136.709,281.013,0.0562672,0.125594
-132.911,281.013,0.0563654,0.12662
-129.114,281.013,0.0564619,0.127661
-125.316,281.013,0.0565569,0.128717
-121.519,281.013,0.0566502,0.129788
-117.722,281.013,0.056742,0.130875
-113.924,281.013,0.0568322,0.131977
-110.127,281.013,0.0569208,0.133095
-106.329,281.013,0.0570079,0.134227
-102.532,281.013,0.0570933,0.135375
-98.7342,281.013,0.0571772,0.136539
-94.9367,281.013,0.0572595,0.137717
-91.1392,281.013,0.0573402,0.138911
-87.3418,281.013,0.0574193,0.140121
-83.5443,281.013,0.0574968,0.141345
-79.7468,281.013,0.0575728,0.142585
-75.9494,281.013,0.0576471,0.14384
-72.1519,281.013,0.0577199,0.145111
-68.3544,281.013,0.0577911,0.146397
-64.557,281.013,0.0578607,0.147698
-60.7595,281.013,0.0579287,0.149014
-56.962,281.013,0.0579952,0.150346
-53.1646,281.013,0.05806,0.151693
-49.3671,281.013,0.0581233,0.153055
-45.5696,281.013,0.058185,0.154433
-41.7722,281.013,0.0582451,0.155826
-37.9747,281.013,0.0583036,0.157235
-34.1772,281.013,0.0583606,0.158658
-30.3797,281.013,0.0584159,0.160097
-26.5823,281.013,0.0584697,0.161551
-22.7848,281.013,0.0585219,0.163021
-18.9873,281.013,0.0585725,0.164506
-15.1899,281.013,0.0586215,0.166006
-11.3924,281.013,0.0586689,0.167522
-7.59494,281.013,0.0587148,0.169052
-3.79747,281.013,0.058759,0.170599
0,281.013,0.0588017,0.17216
-300,284.81,0.0508915,0.0969072
-296.203,284.81,0.0510562,0.097271
-292.405,284.81,0.0512193,0.0976501
-288.608,284.81,0.0513808,0.0980446
-284.81,284.81,0.0515407,0.0984543
-281.013,284.81,0.051699,0.0988793
-277.215,284.81,0.0518558,0.0993197
-273.418,284.81,0.0520109,0.0997754
-269.62,284.81,0.0521645,0.100246
-265.823,284.81,0.0523165,0.100733
-262.025,284.81,0.0524669,0.101234
-258.228,284.81,0.0526157,0.101751
-254.43,284.81,0.052763,0.102283
-250.633,284.81,0.0529086,0.102831
-246.835,284.81,0.0530527,0.103394
-243.038,284.81,0.0531952,0.103972
-239.241,284.81,0.0533361,0.104565
-235.443,284.81,0.0534754,0.105174
-231.646,284.81,0.0536131,0.105798
-227.848,284.81,0.0537493,0.106438
-224.051,284.81,0.0538839,0.107092
-220.253,284.81,0.0540168,0.107763
-216.456,284.81,0.0541482,0.108448
-212.658,284.81,0.0542781,0.109149
-208.861,284.81,0.0544063,0.109865
-205.063,284.81,0.0545329,0.110596
-201.266,284.81,0.054658,0.111342
-197.468,284.81,0.0547815,0.112104
-193.671,284.81,0.0549034,0.112882
-189.873,284.81,0.0550237,0.113674
-186.076,284.81,0.0551424,0.114482
-182.278,284.81,0.0552595,0.115305
-178.481,284.81,0.0553751,0.116143
-174.684,284.81,0.0554891,0.116997
-170.886,284.81,0.0556015,0.117866
-167.089,284.81,0.0557123,0.118751
-163.291,284.81,0.0558215,0.11965
-159.494,284.81,0.0559291,0.120565
-155.696,284.81,0.0560352,0.121496
-151.899,284.81,0.0561397,0.122441
-148.101,284.81,0.0562425,0.123402
-144.304,284.81,0.0563438,0.124379
-140.506,284.81,0.0564436,0.12537
-136.709,284.81,0.0565417,0.126377
-132.911,284.81,0.0566382,0.127399
-129.114,284.81,0.0567332,0.128437
-125.316,284.81,0.0568266,0.12949
-121.519,284.81,0.0569184,0.130558
-117.722,284.81,0.0570086,0.131641
-113.924,284.81,0.0570972,0.13274
-110.127,284.81,0.0571843,0.133854
-106.329,284.81,0.0572697,0.134984
-102.532,284.81,0.0573536,0.136128
-98.7342,284.81,0.0574359,0.137288
-94.9367,284.81,0.0575166,0.138464
-91.1392,284.81,0.0575957,0.139654
-87.3418,284.81,0.0576733,0.14086
-83.5443,284.81,0.0577492,0.142081
-79.7468,284.81,0.0578236,0.143318
-75.9494,284.81,0.0578964,0.14457
-72.1519,284.81,0.0579676,0.145837
-68.3544,284.81,0.0580372,0.14712
-64.557,284.81,0.0581052,0.148417
-60.7595,284.81,0.0581717,0.14973
-56.962,284.81,0.0582366,0.151059
-53.1646,284.81,0.0582998,0.152403
-49.3671,284.81,0.0583615,0.153762
-45.5696,284.81,0.0584217,0.155136
-41.7722,284.81,0.0584802,0.156526
-37.9747,284.81,0.0585371,0.157931
-34.1772,284.81,0.0585925,0.159351
-30.3797,284.81,0.0586463,0.160787
-26.5823,284.81,0.0586985,0.162238
-22.7848,284.81,0.0587491,0.163704
-18.9873,284.81,0.0587981,0.165185
-15.1899,284.81,0.0588456,0.166682
-11.3924,284.81,0.0588914,0.168194
-7.59494,284.81,0.0589357,0.169722
-3.79747,284.81,0.0589784,0.171265
0,284.81,0.0590195,0.172823
-300,288.608,0.0512252,0.097806
-296.203,288.608,0.0513883,0.0981665
-292.405,288.608,0.0515498,0.0985423
-288.608,288.608,0.0517097,0.0989334
-284.81,288.608,0.051868,0.0993398
-281.013,288.608,0.0520248,0.0997615
-277.215,288.608,0.0521799,0.100199
-273.418,288.608,0.0523335,0.100651
-269.62,288.608,0.0524855,0.101119
-265.823,288.608,0.052636,0.101601
-262.025,288.608,0.0527848,0.1021
-258.228,288.608,0.052932,0.102613
-254.43,288.608,0.0530777,0.103142
-250.633,288.608,0.0532218,0.103686
-246.835,288.608,0.0533643,0.104246
-243.038,288.608,0.0535052,0.104821
-239.241,288.608,0.0536445,0.105411
-235.443,288.608,0.0537823,0.106016
-231.646,288.608,0.0539184,0.106637
-227.848,288.608,0.054053,0.107273
-224.051,288.608,0.054186,0.107925
-220.253,288.608,0.0543174,0.108591
-216.456,288.608,0.0544472,0.109273
-212.658,288.608,0.0545755,0.109971
-208.861,288.608,0.0547021,0.110683
-205.063,288.608,0.0548272,0.111411
-201.266,288.608,0.0549507,0.112155
-197.468,288.608,0.0550726,0.112913
-193.671,288.608,0.0551929,0.113687
-189.873,288.608,0.0553116,0.114476
-186.076,288.608,0.0554288,0.115281
-182.278,288.608,0.0555444,0.116101
-178.481,288.608,0.0556583,0.116936
-174.684,288.608,0.0557707,0.117786
-170.886,288.608,0.0558815,0.118652
-167.089,288.608,0.0559908,0.119533
-163.291,288.608,0.0560984,0.120429
-159.494,288.608,0.0562045,0.121341
-155.696,288.608,0.056309,0.122268
-151.899,288.608,0.0564119,0.12321
-148.101,288.608,0.0565132,0.124168
-144.304,288.608,0.0566129,0.125141
-140.506,288.608,0.056711,0.126129
-136.709,288.608,0.0568076,0.127133
-132.911,288.608,0.0569026,0.128152
-129.114,288.608,0.056996,0.129186
-125.316,288.608,0.0570878,0.130235
-121.519,288.608,0.057178,0.1313
-117.722,288.608,0.0572666,0.13238
-113.924,288.608,0.0573537,0.133476
-110.127,288.608,0.0574391,0.134586
-106.329,288.608,0.057523,0.135712
-102.532,288.608,0.0576053,0.136854
-98.7342,288.608,0.057686,0.13801
-94.9367,288.608,0.0577652,0.139182
-91.1392,288.608,0.0578427,0.14037
-87.3418,288.608,0.0579187,0.141572
-83.5443,288.608,0.0579931,0.14279
-79.7468,288.608,0.0580659,0.144023
-75.9494,288.608,0.0581371,0.145272
-72.1519,288.608,0.0582067,0.146536
-68.3544,288.608,0.0582748,0.147815
-64.557,288.608,0.0583412,0.14911
-60.7595,288.608,0.0584061,0.150419
-56.962,288.608,0.0584694,0.151744
-53.1646,288.608,0.0585311,0.153085
-49.3671,288.608,0.0585912,0.154441
-45.5696,288.608,0.0586498,0.155812
-41.7722,288.608,0.0587067,0.157198
-37.9747,288.608,0.0587621,0.1586
-34.1772,288.608,0.0588159,0.160017
-30.3797,288.608,0.0588681,0.161449
-26.5823,288.608,0.0589187,0.162896
-22.7848,288.608,0.0589677,0.164359
-18.9873,288.608,0.0590152,0.165838
-15.1899,288.608,0.059061,0.167331
-11.3924,288.608,0.0591053,0.16884
-7.59494,288.608,0.059148,0.170364
-3.79747,288.608,0.0591891,0.171904
0,288.608,0.0592287,0.173458
-300,292.405,0.0515502,0.0986775
-296.203,292.405,0.0517118,0.0990346
-292.405,292.405,0.0518717,0.0994071
-288.608,292.405,0.05203,0.0997948
-284.81,292.405,0.0521868,0.100198
-281.013,292.405,0.052342,0.100616
-277.215,292.405,0.0524956,0.10105
-273.418,292.405,0.0526476,0.101499
-269.62,292.405,0.052798,0.101963
-265.823,292.405,0.0529469,0.102443
-262.025,292.405,0.0530941,0.102938
-258.228,292.405,0.0532398,0.103448
-254.43,292.405,0.0533839,0.103974
-250.633,292.405,0.0535264,0.104515
-246.835,292.405,0.0536673,0.105071
-243.038,292.405,0.0538066,0.105642
-239.241,292.405,0.0539444,0.106229
-235.443,292.405,0.0540806,0.106831
-231.646,292.405,0.0542151,0.107449
-227.848,292.405,0.0543481,0.108081
-224.051,292.405,0.0544796,0.108729
-220.253,292.405,0.0546094,0.109393
-216.456,292.405,0.0547376,0.110071
-212.658,292.405,0.0548643,0.110765
-208.861,292.405,0.0549894,0.111475
-205.063,292.405,0.0551129,0.112199
-201.266,292.405,0.0552348,0.112939
-197.468,292.405,0.0553551,0.113695
-193.671,292.405,0.0554739,0.114465
-189.873,292.405,0.055591,0.115251
-186.076,292.405,0.0557066,0.116052
-182.278,292.405,0.0558206,0.116869
-178.481,292.405,0.055933,0.1177
-174.684,292.405,0.0560438,0.118548
-170.886,292.405,0.0561531,0.11941
-167.089,292.405,0.0562607,0.120288
-163.291,292.405,0.0563668,0.121181
-159.494,292.405,0.0564713,0.122089
-155.696,292.405,0.0565742,0.123013
-151.899,292.405,0.0566755,0.123952
-148.101,292.405,0.0567752,0.124906
-144.304,292.405,0.0568734,0.125876
-140.506,292.405,0.05697,0.126861
-136.709,292.405,0.0570649,0.127861
-132.911,292.405,0.0571583,0.128876
-129.114,292.405,0.0572501,0.129907
-125.316,292.405,0.0573404,0.130953
-121.519,292.405,0.057429,0.132015
-117.722,292.405,0.0575161,0.133092
-113.924,292.405,0.0576016,0.134184
-110.127,292.405,0.0576855,0.135291
-106.329,292.405,0.0577678,0.136414
-102.532,292.405,0.0578485,0.137552
-98.7342,292.405,0.0579276,0.138705
-94.9367,292.405,0.0580052,0.139874
-91.1392,292.405,0.0580812,0.141058
-87.3418,292.405,0.0581556,0.142257
-83.5443,292.405,0.0582284,0.143472
-79.7468,292.405,0.0582996,0.144702
-75.9494,292.405,0.0583692,0.145947
-72.1519,292.405,0.0584373,0.147207
-68.3544,292.405,0.0585037,0.148483
-64.557,292.405,0.0585686,0.149774
-60.7595,292.405,0.0586319,0.151081
-56.962,292.405,0.0586936,0.152403
-53.1646,292.405,0.0587538,0.15374
-49.3671,292.405,0.0588123,0.155092
-45.5696,292.405,0.0588693,0.15646
-41.7722,292.405,0.0589247,0.157843
-37.9747,292.405,0.0589785,0.159241
-34.1772,292.405,0.0590307,0.160655
-30.3797,292.405,0.0590813,0.162084
-26.5823,292.405,0.0591303,0.163528
-22.7848,292.405,0.0591778,0.164987
-18.9873,292.405,0.0592237,0.166462
-15.1899,292.405,0.059268,0.167953
-11.3924,292.405,0.0593107,0.169458
-7.59494,292.405,0.0593518,0.170979
-3.79747,292.405,0.0593913,0.172515
0,292.405,0.0594293,0.174066
-300,296.203,0.0518668,0.0995215
-296.203,296.203,0.0520267,0.0998753
-292.405,296.203,0.0521851,0.100244
-288.608,296.203,0.0523418,0.100629
-284.81,296.203,0.052497,0.101029
-281.013,296.203,0.0526506,0.101444
-277.215,296.203,0.0528026,0.101874
-273.418,296.203,0.0529531,0.10232
-269.62,296.203,0.0531019,0.102781
-265.823,296.203,0.0532492,0.103257
-262.025,296.203,0.0533949,0.103749
-258.228,296.203,0.053539,0.104256
-254.43,296.203,0.0536815,0.104778
-250.633,296.203,0.0538224,0.105315
-246.835,296.203,0.0539618,0.105868
-243.038,296.203,0.0540995,0.106436
-239.241,296.203,0.0542357,0.10702
-235.443,296.203,0.0543703,0.107619
-231.646,296.203,0.0545033,0.108233
-227.848,296.203,0.0546347,0.108862
-224.051,296.203,0.0547646,0.109507
-220.253,296.203,0.0548928,0.110167
-216.456,296.203,0.0550195,0.110842
-212.658,296.203,0.0551446,0.111533
-208.861,296.203,0.0552681,0.112239
-205.063,296.203,0.05539,0.11296
-201.266,296.203,0.0555104,0.113697
-197.468,296.203,0.0556291,0.114449
-193.671,296.203,0.0557463,0.115216
-189.873,296.203,0.0558619,0.115998
-186.076,296.203,0.0559759,0.116796
-182.278,296.203,0.0560883,0.117609
-178.481,296.203,0.0561991,0.118438
-174.684,296.203,0.0563084,0.119282
-170.886,296.203,0.056416,0.120141
-167.089,296.203,0.0565221,0.121015
-163.291,296.203,0.0566266,0.121905
-159.494,296.203,0.0567295,0.12281
-155.696,296.203,0.0568308,0.12373
-151.899,296.203,0.0569306,0.124666
-148.101,296.203,0.0570287,0.125617
-144.304,296.203,0.0571253,0.126583
-140.506,296.203,0.0572203,0.127565
-136.709,296.203,0.0573137,0.128561
-132.911,296.203,0.0574055,0.129574
-129.114,296.203,0.0574958,0.130601
-125.316,296.203,0.0575844,0.131644
-121.519,296.203,0.0576715,0.132702
-117.722,296.203,0.057757,0.133776
-113.924,296.203,0.0578409,0.134864
-110.127,296.203,0.0579232,0.135968
-106.329,296.203,0.0580039,0.137088
-102.532,296.203,0.0580831,0.138223
-98.7342,296.203,0.0581607,0.139373
-94.9367,296.203,0.0582366,0.140538
-91.1392,296.203,0.058311,0.141719
-87.3418,296.203,0.0583839,0.142914
-83.5443,296.203,0.0584551,0.144126
-79.7468,296.203,0.0585247,0.145352
-75.9494,296.203,0.0585928,0.146594
-72.1519,296.203,0.0586593,0.147851
-68.3544,296.203,0.0587242,0.149124
-64.557,296.203,0.0587875,0.150412
-60.7595,296.203,0.0588492,0.151715
-56.962,296.203,0.0589093,0.153033
-53.1646,296.203,0.0589679,0.154367
-49.3671,296.203,0.0590249,0.155716
-45.5696,296.203,0.0590803,0.15708
-41.7722,296.203,0.0591341,0.15846
-37.9747,296.203,0.0591863,0.159855
-34.1772,296.203,0.0592369,0.161265
-30.3797,296.203,0.059286,0.162691
-26.5823,296.203,0.0593334,0.164132
-22.7848,296.203,0.0593793,0.165588
-18.9873,296.203,0.0594236,0.16706
-15.1899,296.203,0.0594663,0.168547
-11.3924,296.203,0.0595075,0.170049
-7.59494,296.203,0.059547,0.171566
-3.79747,296.203,0.059585,0.173099
0,296.203,0.0596214,0.174647
-300,300,0.0521747,0.100338
-296.203,300,0.0523331,0.100689
-292.405,300,0.0524899,0.101054
-288.608,300,0.0526451,0.101436
-284.81,300,0.0527987,0.101832
-281.013,300,0.0529507,0.102244
-277.215,300,0.0531011,0.102671
-273.418,300,0.05325,0.103113
-269.62,300,0.0533973,0.103571
-265.823,300,0.053543,0.104044
-262.025,300,0.0536871,0.104532
-258.228,300,0.0538296,0.105036
-254.43,300,0.0539705,0.105554
-250.633,300,0.0541099,0.106089
-246.835,300,0.0542477,0.106638
-243.038,300,0.0543839,0.107203
-239.241,300,0.0545185,0.107783
-235.443,300,0.0546515,0.108379
-231.646,300,0.0547829,0.108989
-227.848,300,0.0549128,0.109615
-224.051,300,0.055041,0.110257
-220.253,300,0.0551677,0.110914
-216.456,300,0.0552928,0.111586
-212.658,300,0.0554163,0.112273
-208.861,300,0.0555382,0.112975
-205.063,300,0.0556586,0.113693
-201.266,300,0.0557774,0.114427
-197.468,300,0.0558945,0.115175
-193.671,300,0.0560101,0.115939
-189.873,300,0.0561241,0.116718
-186.076,300,0.0562366,0.117513
-182.278,300,0.0563474,0.118323
-178.481,300,0.0564567,0.119148
-174.684,300,0.0565643,0.119988
-170.886,300,0.0566704,0.120844
-167.089,300,0.0567749,0.121715
-163.291,300,0.0568778,0.122601
-159.494,300,0.0569792,0.123503
-155.696,300,0.0570789,0.12442
-151.899,300,0.0571771,0.125352
-148.101,300,0.0572737,0.1263
-144.304,300,0.0573687,0.127263
-140.506,300,0.0574621,0.128241
-136.709,300,0.0575539,0.129235
-132.911,300,0.0576442,0.130244
-129.114,300,0.0577328,0.131268
-125.316,300,0.0578199,0.132307
-121.519,300,0.0579054,0.133362
-117.722,300,0.0579893,0.134432
-113.924,300,0.0580717,0.135518
-110.127,300,0.0581524,0.136618
-106.329,300,0.0582316,0.137735
-102.532,300,0.0583091,0.138866
-98.7342,300,0.0583851,0.140013
-94.9367,300,0.0584595,0.141175
-91.1392,300,0.0585324,0.142352
-87.3418,300,0.0586036,0.143544
-83.5443,300,0.0586732,0.144752
-79.7468,300,0.0587413,0.145976
-75.9494,300,0.0588078,0.147214
-72.1519,300,0.0588727,0.148468
-68.3544,300,0.058936,0.149737
-64.557,300,0.0589978,0.151022
-60.7595,300,0.0590579,0.152321
-56.962,300,0.0591165,0.153637
-53.1646,300,0.0591735,0.154967
-49.3671,300,0.0592289,0.156313
-45.5696,300,0.0592827,0.157674
-41.7722,300,0.0593349,0.15905
-37.9747,300,0.0593855,0.160442
-34.1772,300,0.0594346,0.161849
-30.3797,300,0.0594821,0.163271
-26.5823,300,0.059528,0.164709
-22.7848,300,0.0595723,0.166162
-18.9873,300,0.059615,0.16763
-15.1899,300,0.0596561,0.169113
-11.3924,300,0.0596957,0.170612
-7.59494,300,0.0597337,0.172126
-3.79747,300,0.0597701,0.173656
0,300,0.0598049,0.175201
