Id,Iq,Phi_d_pred,Phi_q_pred
-300,0,0.00643262,-0.033337
-296.203,0,0.006471,-0.0328538
-292.405,0,0.00650483,-0.0324056
-288.608,0,0.00653469,-0.0319906
-284.81,0,0.00656112,-0.0316069
-281.013,0,0.00658466,-0.0312527
-277.215,0,0.00660583,-0.0309261
-273.418,0,0.00662514,-0.0306252
-269.62,0,0.00664309,-0.0303483
-265.823,0,0.00666014,-0.0300933
-262.025,0,0.00667675,-0.0298586
-258.228,0,0.00669338,-0.0296422
-254.43,0,0.00671044,-0.0294422
-250.633,0,0.00672834,-0.0292568
-246.835,0,0.0067475,-0.0290841
-243.038,0,0.00676828,-0.0289223
-239.241,0,0.00679106,-0.0287694
-235.443,0,0.00681619,-0.0286236
-231.646,0,0.00684399,-0.028483
-227.848,0,0.00687479,-0.0283457
-224.051,0,0.0069089,-0.0282099
-220.253,0,0.0069466,-0.0280737
-216.456,0,0.00698816,-0.0279351
-212.658,0,0.00703384,-0.0277924
-208.861,0,0.00708389,-0.0276435
-205.063,0,0.00713853,-0.0274867
-201.266,0,0.00719796,-0.0273199
-197.468,0,0.0072624,-0.0271414
-193.671,0,0.007332,-0.0269493
-189.873,0,0.00740695,-0.0267415
-186.076,0,0.00748738,-0.0265163
-182.278,0,0.00757344,-0.0262717
-178.481,0,0.00766523,-0.0260058
-174.684,0,0.00776286,-0.0257168
-170.886,0,0.00786641,-0.0254026
-167.089,0,0.00797596,-0.0250614
-163.291,0,0.00809156,-0.0246913
-159.494,0,0.00821325,-0.0242904
-155.696,0,0.00834106,-0.0238567
-151.899,0,0.00847498,-0.0233884
-148.101,0,0.00861503,-0.0228834
-144.304,0,0.00876117,-0.02234
-140.506,0,0.00891336,-0.0217561
-136.709,0,0.00907155,-0.0211298
-132.911,0,0.00923567,-0.0204593
-129.114,0,0.00940565,-0.0197425
-125.316,0,0.00958136,-0.0189776
-121.519,0,0.00976271,-0.0181625
-117.722,0,0.00994956,-0.0172955
-113.924,0,0.0101418,-0.0163745
-110.127,0,0.0103391,-0.0153975
-106.329,0,0.0105416,-0.0143628
-102.532,0,0.0107488,-0.0132682
-98.7342,0,0.0109606,-0.0121119
-94.9367,0,0.0111768,-0.0108919
-91.1392,0,0.0113972,-0.00960625
-87.3418,0,0.0116214,-0.00825303
-83.5443,0,0.0118493,-0.00683026
-79.7468,0,0.0120804,-0.005336
-75.9494,0,0.0123146,-0.00376827
-72.1519,0,0.0125516,-0.00212513
-68.3544,0,0.0127909,-0.000404615
-64.557,0,0.0130322,0.00139525
-60.7595,0,0.0132751,0.00327642
-56.962,0,0.0135194,0.00524086
-53.1646,0,0.0137645,0.00729056
-49.3671,0,0.0140102,0.00942747
-45.5696,0,0.0142558,0.0116536
-41.7722,0,0.0145011,0.0139708
-37.9747,0,0.0147455,0.0163813
-34.1772,0,0.0149886,0.0188868
-30.3797,0,0.0152298,0.0214894
-26.5823,0,0.0154688,0.0241912
-22.7848,0,0.0157049,0.026994
-18.9873,0,0.0159376,0.0298998
-15.1899,0,0.0161664,0.0329107
-11.3924,0,0.0163907,0.0360287
-7.59494,0,0.0166099,0.0392557
-3.79747,0,0.0168234,0.0425937
0,0,0.0170307,0.0460448
-300,3.79747,0.00717717,-0.0314514
-296.203,3.79747,0.0072274,-0.0309272
-292.405,3.79747,0.00727308,-0.0304371
-288.608,3.79747,0.00731477,-0.0299794
-284.81,3.79747,0.00735302,-0.0295523
-281.013,3.79747,0.00738836,-0.0291539
-277.215,3.79747,0.00742131,-0.0287825
-273.418,3.79747,0.00745238,-0.0284362
-269.62,3.79747,0.00748204,-0.0281131
-265.823,3.79747,0.00751078,-0.0278116
-262.025,3.79747,0.00753904,-0.0275296
-258.228,3.79747,0.00756728,-0.0272655
-254.43,3.79747,0.0075959,-0.0270174
-250.633,3.79747,0.00762533,-0.0267834
-246.835,3.79747,0.00765595,-0.0265617
-243.038,3.79747,0.00768814,-0.0263505
-239.241,3.79747,0.00772228,-0.026148
-235.443,3.79747,0.00775869,-0.0259523
-231.646,3.79747,0.00779772,-0.0257615
-227.848,3.79747,0.00783968,-0.0255738
-224.051,3.79747,0.00788487,-0.0253874
-220.253,3.79747,0.00793358,-0.0252005
-216.456,3.79747,0.00798607,-0.0250111
-212.658,3.79747,0.0080426,-0.0248174
-208.861,3.79747,0.00810341,-0.0246177
-205.063,3.79747,0.00816871,-0.0244099
-201.266,3.79747,0.00823873,-0.0241923
-197.468,3.79747,0.00831364,-0.023963
-193.671,3.79747,0.00839362,-0.0237201
-189.873,3.79747,0.00847884,-0.0234618
-186.076,3.79747,0.00856944,-0.0231862
-182.278,3.79747,0.00866555,-0.0228915
-178.481,3.79747,0.00876728,-0.0225757
-174.684,3.79747,0.00887473,-0.0222371
-170.886,3.79747,0.00898799,-0.0218737
-167.089,3.79747,0.00910711,-0.0214836
-163.291,3.79747,0.00923216,-0.021065
-159.494,3.79747,0.00936316,-0.020616
-155.696,3.79747,0.00950015,-0.0201347
-151.899,3.79747,0.00964312,-0.0196193
-148.101,3.79747,0.00979205,-0.0190678
-144.304,3.79747,0.00994694,-0.0184784
-140.506,3.79747,0.0101077,-0.0178492
-136.709,3.79747,0.0102744,-0.0171782
-132.911,3.79747,0.0104468,-0.0164637
-129.114,3.79747,0.0106249,-0.0157036
-125.316,3.79747,0.0108086,-0.0148961
-121.519,3.79747,0.0109977,-0.0140394
-117.722,3.79747,0.0111922,-0.0131314
-113.924,3.79747,0.0113918,-0.0121704
-110.127,3.79747,0.0115965,-0.0111543
-106.329,3.79747,0.011806,-0.0100814
-102.532,3.79747,0.0120201,-0.00894961
-98.7342,3.79747,0.0122387,-0.00775711
-94.9367,3.79747,0.0124614,-0.00650197
-91.1392,3.79747,0.0126881,-0.00518227
-87.3418,3.79747,0.0129184,-0.00379611
-83.5443,3.79747,0.0131522,-0.00234156
-79.7468,3.79747,0.0133891,-0.000816708
-75.9494,3.79747,0.0136288,0.000780377
-72.1519,3.79747,0.013871,0.00245161
-68.3544,3.79747,0.0141154,0.00419893
-64.557,3.79747,0.0143616,0.00602425
-60.7595,3.79747,0.0146092,0.00792951
-56.962,3.79747,0.0148579,0.00991664
-53.1646,3.79747,0.0151072,0.0119876
-49.3671,3.79747,0.0153567,0.0141442
-45.5696,3.79747,0.0156061,0.0163886
-41.7722,3.79747,0.0158548,0.0187225
-37.9747,3.79747,0.0161025,0.021148
-34.1772,3.79747,0.0163485,0.023667
-30.3797,3.79747,0.0165925,0.0262815
-26.5823,3.79747,0.0168339,0.0289933
-22.7848,3.79747,0.0170722,0.0318045
-18.9873,3.79747,0.0173068,0.034717
-15.1899,3.79747,0.0175373,0.0377327
-11.3924,3.79747,0.017763,0.0408537
-7.59494,3.79747,0.0179833,0.0440818
-3.79747,3.79747,0.0181977,0.047419
0,3.79747,0.0184055,0.0508672
-300,7.59494,0.00791447,-0.0295771
-296.203,7.59494,0.00797606,-0.0290139
-292.405,7.59494,0.00803307,-0.0284841
-288.608,7.59494,0.00808609,-0.0279859
-284.81,7.59494,0.00813564,-0.0275175
-281.013,7.59494,0.00818227,-0.0270772
-277.215,7.59494,0.00822649,-0.0266631
-273.418,7.59494,0.00826879,-0.0262734
-269.62,7.59494,0.00830967,-0.0259064
-265.823,7.59494,0.00834958,-0.0255604
-262.025,7.59494,0.00838898,-0.0252334
-258.228,7.59494,0.00842831,-0.0249238
-254.43,7.59494,0.00846799,-0.0246296
-250.633,7.59494,0.00850843,-0.0243492
-246.835,7.59494,0.00855,-0.0240807
-243.038,7.59494,0.0085931,-0.0238224
-239.241,7.59494,0.00863807,-0.0235723
-235.443,7.59494,0.00868527,-0.0233288
-231.646,7.59494,0.00873501,-0.02309
-227.848,7.59494,0.00878762,-0.0228541
-224.051,7.59494,0.00884338,-0.0226193
-220.253,7.59494,0.00890259,-0.0223838
-216.456,7.59494,0.0089655,-0.0221458
-212.658,7.59494,0.00903236,-0.0219034
-208.861,7.59494,0.00910342,-0.0216548
-205.063,7.59494,0.00917888,-0.0213983
-201.266,7.59494,0.00925896,-0.021132
-197.468,7.59494,0.00934384,-0.020854
-193.671,7.59494,0.00943369,-0.0205626
-189.873,7.59494,0.00952868,-0.020256
-186.076,7.59494,0.00962893,-0.0199322
-182.278,7.59494,0.00973459,-0.0195895
-178.481,7.59494,0.00984575,-0.019226
-174.684,7.59494,0.00996251,-0.0188399
-170.886,7.59494,0.010085,-0.0184294
-167.089,7.59494,0.0102131,-0.0179926
-163.291,7.59494,0.0103471,-0.0175276
-159.494,7.59494,0.0104869,-0.0170327
-155.696,7.59494,0.0106326,-0.016506
-151.899,7.59494,0.0107841,-0.0159457
-148.101,7.59494,0.0109414,-0.0153498
-144.304,7.59494,0.0111045,-0.0147166
-140.506,7.59494,0.0112734,-0.0140442
-136.709,7.59494,0.011448,-0.0133307
-132.911,7.59494,0.0116282,-0.0125743
-129.114,7.59494,0.0118139,-0.0117731
-125.316,7.59494,0.012005,-0.0109253
-121.519,7.59494,0.0122015,-0.010029
-117.722,7.59494,0.012403,-0.00908228
-113.924,7.59494,0.0126096,-0.00808337
-110.127,7.59494,0.0128211,-0.00703036
-106.329,7.59494,0.0130371,-0.00592138
-102.532,7.59494,0.0132576,-0.00475457
-98.7342,7.59494,0.0134824,-0.00352803
-94.9367,7.59494,0.0137111,-0.00223991
-91.1392,7.59494,0.0139436,-0.000888322
-87.3418,7.59494,0.0141796,0.000528618
-83.5443,7.59494,0.0144188,0.00201279
-79.7468,7.59494,0.0146609,0.00356607
-75.9494,7.59494,0.0149056,0.00519036
-72.1519,7.59494,0.0151526,0.00688753
-68.3544,7.59494,0.0154016,0.00865949
-64.557,7.59494,0.0156521,0.0105081
-60.7595,7.59494,0.0159038,0.0124353
-56.962,7.59494,0.0161564,0.0144429
-53.1646,7.59494,0.0164094,0.0165329
-49.3671,7.59494,0.0166624,0.0187072
-45.5696,7.59494,0.0169149,0.0209676
-41.7722,7.59494,0.0171666,0.0233161
-37.9747,7.59494,0.0174169,0.0257545
-34.1772,7.59494,0.0176654,0.0282849
-30.3797,7.59494,0.0179116,0.030909
-26.5823,7.59494,0.0181549,0.0336288
-22.7848,7.59494,0.0183949,0.0364462
-18.9873,7.59494,0.018631,0.0393631
-15.1899,7.59494,0.0188626,0.0423815
-11.3924,7.59494,0.0190892,0.0455032
-7.59494,7.59494,0.0193102,0.0487302
-3.79747,7.59494,0.0195249,0.0520645
0,7.59494,0.0197328,0.0555078
-300,11.3924,0.00864495,-0.0277126
-296.203,11.3924,0.00871737,-0.0271127
-292.405,11.3924,0.00878523,-0.0265452
-288.608,11.3924,0.00884907,-0.0260086
-284.81,11.3924,0.00890943,-0.0255011
-281.013,11.3924,0.00896685,-0.0250208
-277.215,11.3924,0.00902184,-0.0245662
-273.418,11.3924,0.00907488,-0.0241353
-269.62,11.3924,0.00912646,-0.0237266
-265.823,11.3924,0.00917705,-0.0233381
-262.025,11.3924,0.00922709,-0.0229682
-258.228,11.3924,0.00927702,-0.0226152
-254.43,11.3924,0.00932726,-0.0222772
-250.633,11.3924,0.00937819,-0.0219524
-246.835,11.3924,0.00943023,-0.0216393
-243.038,11.3924,0.00948372,-0.0213358
-239.241,11.3924,0.00953904,-0.0210404
-235.443,11.3924,0.00959651,-0.0207512
-231.646,11.3924,0.00965647,-0.0204665
-227.848,11.3924,0.00971923,-0.0201845
-224.051,11.3924,0.00978506,-0.0199034
-220.253,11.3924,0.00985427,-0.0196214
-216.456,11.3924,0.00992709,-0.0193369
-212.658,11.3924,0.0100038,-0.0190479
-208.861,11.3924,0.0100846,-0.0187527
-205.063,11.3924,0.0101697,-0.0184495
-201.266,11.3924,0.0102594,-0.0181366
-197.468,11.3924,0.0103537,-0.0178121
-193.671,11.3924,0.0104529,-0.0174743
-189.873,11.3924,0.0105572,-0.0171214
-186.076,11.3924,0.0106666,-0.0167515
-182.278,11.3924,0.0107813,-0.0163629
-178.481,11.3924,0.0109014,-0.0159538
-174.684,11.3924,0.011027,-0.0155224
-170.886,11.3924,0.0111581,-0.0150669
-167.089,11.3924,0.0112948,-0.0145855
-163.291,11.3924,0.0114373,-0.0140763
-159.494,11.3924,0.0115854,-0.0135376
-155.696,11.3924,0.0117392,-0.0129676
-151.899,11.3924,0.0118987,-0.0123644
-148.101,11.3924,0.0120639,-0.0117263
-144.304,11.3924,0.0122348,-0.0110514
-140.506,11.3924,0.0124113,-0.0103379
-136.709,11.3924,0.0125933,-0.00958402
-132.911,11.3924,0.0127807,-0.00878789
-129.114,11.3924,0.0129736,-0.00794771
-125.316,11.3924,0.0131717,-0.00706165
-121.519,11.3924,0.0133749,-0.00612788
-117.722,11.3924,0.0135831,-0.00514459
-113.924,11.3924,0.0137961,-0.00410993
-110.127,11.3924,0.0140138,-0.00302208
-106.329,11.3924,0.0142359,-0.00187921
-102.532,11.3924,0.0144623,-0.000679463
-98.7342,11.3924,0.0146928,0.000578982
-94.9367,11.3924,0.0149271,0.00189797
-91.1392,11.3924,0.0151649,0.00327934
-87.3418,11.3924,0.015406,0.00472494
-83.5443,11.3924,0.0156501,0.00623662
-79.7468,11.3924,0.0158969,0.00781621
-75.9494,11.3924,0.0161461,0.00946558
-72.1519,11.3924,0.0163974,0.0111866
-68.3544,11.3924,0.0166504,0.012981
-64.557,11.3924,0.0169048,0.0148509
-60.7595,11.3924,0.0171601,0.0167979
-56.962,11.3924,0.0174161,0.0188239
-53.1646,11.3924,0.0176722,0.0209309
-49.3671,11.3924,0.0179281,0.0231206
-45.5696,11.3924,0.0181834,0.025395
-41.7722,11.3924,0.0184375,0.0277559
-37.9747,11.3924,0.01869,0.0302051
-34.1772,11.3924,0.0189405,0.0327446
-30.3797,11.3924,0.0191884,0.0353763
-26.5823,11.3924,0.0194332,0.0381019
-22.7848,11.3924,0.0196744,0.0409234
-18.9873,11.3924,0.0199114,0.0438427
-15.1899,11.3924,0.0201436,0.0468616
-11.3924,11.3924,0.0203706,0.049982
-7.59494,11.3924,0.0205917,0.0532059
-3.79747,11.3924,0.0208062,0.056535
0,11.3924,0.0210137,0.0599713
-300,15.1899,0.00936898,-0.0258568
-296.203,15.1899,0.00945176,-0.0252221
-292.405,15.1899,0.00952996,-0.0246191
-288.608,15.1899,0.00960414,-0.0240462
-284.81,15.1899,0.00967483,-0.0235016
-281.013,15.1899,0.00974255,-0.0229835
-277.215,15.1899,0.00980781,-0.0224904
-273.418,15.1899,0.0098711,-0.0220204
-269.62,15.1899,0.00993291,-0.0215719
-265.823,15.1899,0.00999368,-0.0211432
-262.025,15.1899,0.0100539,-0.0207324
-258.228,15.1899,0.0101139,-0.020338
-254.43,15.1899,0.0101742,-0.0199582
-250.633,15.1899,0.0102352,-0.0195912
-246.835,15.1899,0.0102972,-0.0192354
-243.038,15.1899,0.0103606,-0.018889
-239.241,15.1899,0.0104257,-0.0185503
-235.443,15.1899,0.010493,-0.0182175
-231.646,15.1899,0.0105627,-0.017889
-227.848,15.1899,0.0106351,-0.0175629
-224.051,15.1899,0.0107105,-0.0172376
-220.253,15.1899,0.0107892,-0.0169112
-216.456,15.1899,0.0108715,-0.0165822
-212.658,15.1899,0.0109575,-0.0162487
-208.861,15.1899,0.0110476,-0.0159089
-205.063,15.1899,0.0111419,-0.0155612
-201.266,15.1899,0.0112406,-0.0152037
-197.468,15.1899,0.011344,-0.0148348
-193.671,15.1899,0.0114521,-0.0144526
-189.873,15.1899,0.0115651,-0.0140555
-186.076,15.1899,0.0116832,-0.0136416
-182.278,15.1899,0.0118064,-0.0132092
-178.481,15.1899,0.0119349,-0.0127566
-174.684,15.1899,0.0120688,-0.012282
-170.886,15.1899,0.0122082,-0.0117835
-167.089,15.1899,0.012353,-0.0112595
-163.291,15.1899,0.0125034,-0.0107082
-159.494,15.1899,0.0126593,-0.0101278
-155.696,15.1899,0.0128208,-0.00951658
-151.899,15.1899,0.0129878,-0.00887268
-148.101,15.1899,0.0131605,-0.00819436
-144.304,15.1899,0.0133386,-0.00747985
-140.506,15.1899,0.0135221,-0.00672736
-136.709,15.1899,0.0137111,-0.00593512
-132.911,15.1899,0.0139053,-0.00510133
-129.114,15.1899,0.0141048,-0.00422422
-125.316,15.1899,0.0143094,-0.00330199
-121.519,15.1899,0.0145189,-0.00233285
-117.722,15.1899,0.0147332,-0.00131501
-113.924,15.1899,0.0149522,-0.000246682
-110.127,15.1899,0.0151756,0.000873939
-106.329,15.1899,0.0154034,0.00204865
-102.532,15.1899,0.0156352,0.00327924
-98.7342,15.1899,0.0158709,0.00456753
-94.9367,15.1899,0.0161101,0.00591531
-91.1392,15.1899,0.0163528,0.00732439
-87.3418,15.1899,0.0165985,0.00879658
-83.5443,15.1899,0.0168471,0.0103337
-79.7468,15.1899,0.0170981,0.0119375
-75.9494,15.1899,0.0173513,0.0136099
-72.1519,15.1899,0.0176064,0.0153526
-68.3544,15.1899,0.017863,0.0171676
-64.557,15.1899,0.0181207,0.0190565
-60.7595,15.1899,0.0183792,0.0210212
-56.962,15.1899,0.0186381,0.0230636
-53.1646,15.1899,0.0188969,0.0251854
-49.3671,15.1899,0.0191552,0.0273886
-45.5696,15.1899,0.0194127,0.0296748
-41.7722,15.1899,0.0196688,0.0320461
-37.9747,15.1899,0.019923,0.0345041
-34.1772,15.1899,0.0201749,0.0370507
-30.3797,15.1899,0.020424,0.0396878
-26.5823,15.1899,0.0206698,0.0424172
-22.7848,15.1899,0.0209117,0.0452408
-18.9873,15.1899,0.0211491,0.0481603
-15.1899,15.1899,0.0213816,0.0511777
-11.3924,15.1899,0.0216084,0.0542947
-7.59494,15.1899,0.0218291,0.0575133
-3.79747,15.1899,0.022043,0.0608353
0,15.1899,0.0222495,0.0642624
-300,18.9873,0.0100869,-0.0240084
-296.203,18.9873,0.0101796,-0.023341
-292.405,18.9873,0.0102677,-0.0227046
-288.608,18.9873,0.0103517,-0.0220973
-284.81,18.9873,0.0104322,-0.0215176
-281.013,18.9873,0.0105098,-0.0209638
-277.215,18.9873,0.0105848,-0.0204342
-273.418,18.9873,0.0106579,-0.0199271
-269.62,18.9873,0.0107295,-0.0194409
-265.823,18.9873,0.0108,-0.0189739
-262.025,18.9873,0.0108698,-0.0185244
-258.228,18.9873,0.0109395,-0.0180906
-254.43,18.9873,0.0110094,-0.017671
-250.633,18.9873,0.0110799,-0.0172639
-246.835,18.9873,0.0111514,-0.0168675
-243.038,18.9873,0.0112242,-0.0164801
-239.241,18.9873,0.0112987,-0.0161001
-235.443,18.9873,0.0113753,-0.0157258
-231.646,18.9873,0.0114543,-0.0153554
-227.848,18.9873,0.0115358,-0.0149873
-224.051,18.9873,0.0116204,-0.0146198
-220.253,18.9873,0.0117081,-0.0142511
-216.456,18.9873,0.0117993,-0.0138796
-212.658,18.9873,0.0118942,-0.0135035
-208.861,18.9873,0.0119931,-0.0131212
-205.063,18.9873,0.0120961,-0.012731
-201.266,18.9873,0.0122034,-0.012331
-197.468,18.9873,0.0123152,-0.0119197
-193.671,18.9873,0.0124317,-0.0114952
-189.873,18.9873,0.0125531,-0.0110559
-186.076,18.9873,0.0126793,-0.0106
-182.278,18.9873,0.0128106,-0.0101259
-178.481,18.9873,0.0129471,-0.00963176
-174.684,18.9873,0.0130889,-0.0091159
-170.886,18.9873,0.0132359,-0.00857658
-167.089,18.9873,0.0133884,-0.00801207
-163.291,18.9873,0.0135462,-0.00742064
-159.494,18.9873,0.0137095,-0.00680055
-155.696,18.9873,0.0138782,-0.00615007
-151.899,18.9873,0.0140523,-0.00546747
-148.101,18.9873,0.0142318,-0.00475098
-144.304,18.9873,0.0144167,-0.00399889
-140.506,18.9873,0.0146069,-0.00320944
-136.709,18.9873,0.0148023,-0.00238088
-132.911,18.9873,0.0150029,-0.00151146
-129.114,18.9873,0.0152085,-0.000599445
-125.316,18.9873,0.015419,0.000356928
-121.519,18.9873,0.0156344,0.00135941
-117.722,18.9873,0.0158543,0.00240977
-113.924,18.9873,0.0160788,0.00350974
-110.127,18.9873,0.0163075,0.00466111
-106.329,18.9873,0.0165404,0.00586562
-102.532,18.9873,0.0167771,0.00712504
-98.7342,18.9873,0.0170175,0.00844114
-94.9367,18.9873,0.0172614,0.00981569
-91.1392,18.9873,0.0175084,0.0112504
-87.3418,18.9873,0.0177583,0.0127472
-83.5443,18.9873,0.0180107,0.0143077
-79.7468,18.9873,0.0182655,0.0159338
-75.9494,18.9873,0.0185223,0.0176271
-72.1519,18.9873,0.0187807,0.0193896
-68.3544,18.9873,0.0190404,0.0212229
-64.557,18.9873,0.019301,0.0231289
-60.7595,18.9873,0.0195621,0.0251094
-56.962,18.9873,0.0198234,0.027166
-53.1646,18.9873,0.0200844,0.0293008
-49.3671,18.9873,0.0203447,0.0315153
-45.5696,18.9873,0.0206039,0.0338114
-41.7722,18.9873,0.0208615,0.0361909
-37.9747,18.9873,0.021117,0.0386557
-34.1772,18.9873,0.0213699,0.0412074
-30.3797,18.9873,0.0216197,0.0438479
-26.5823,18.9873,0.021866,0.0465791
-22.7848,18.9873,0.022108,0.0494026
-18.9873,18.9873,0.0223454,0.0523204
-15.1899,18.9873,0.0225776,0.0553342
-11.3924,18.9873,0.0228039,0.0584458
-7.59494,18.9873,0.0230237,0.0616571
-3.79747,18.9873,0.0232365,0.0649699
0,18.9873,0.0234416,0.0683859
-300,22.7848,0.0107992,-0.0221664
-296.203,22.7848,0.0109013,-0.0214683
-292.405,22.7848,0.0109988,-0.0208003
-288.608,22.7848,0.0110922,-0.0201607
-284.81,22.7848,0.0111821,-0.019548
-281.013,22.7848,0.011269,-0.0189604
-277.215,22.7848,0.0113534,-0.0183963
-273.418,22.7848,0.0114358,-0.0178541
-269.62,22.7848,0.0115166,-0.0173322
-265.823,22.7848,0.0115963,-0.0168289
-262.025,22.7848,0.0116754,-0.0163425
-258.228,22.7848,0.0117542,-0.0158714
-254.43,22.7848,0.0118332,-0.015414
-250.633,22.7848,0.0119128,-0.0149686
-246.835,22.7848,0.0119933,-0.0145336
-243.038,22.7848,0.0120751,-0.0141073
-239.241,22.7848,0.0121586,-0.013688
-235.443,22.7848,0.012244,-0.0132741
-231.646,22.7848,0.0123317,-0.0128639
-227.848,22.7848,0.012422,-0.0124557
-224.051,22.7848,0.0125152,-0.012048
-220.253,22.7848,0.0126115,-0.011639
-216.456,22.7848,0.0127112,-0.011227
-212.658,22.7848,0.0128145,-0.0108104
-208.861,22.7848,0.0129217,-0.0103875
-205.063,22.7848,0.0130329,-0.00995671
-201.266,22.7848,0.0131483,-0.00951624
-197.468,22.7848,0.0132682,-0.00906444
-193.671,22.7848,0.0133926,-0.00859964
-189.873,22.7848,0.0135218,-0.00812015
-186.076,22.7848,0.0136558,-0.0076243
-182.278,22.7848,0.0137947,-0.00711038
-178.481,22.7848,0.0139387,-0.00657673
-174.684,22.7848,0.0140878,-0.00602163
-170.886,22.7848,0.0142422,-0.00544341
-167.089,22.7848,0.0144017,-0.00484036
-163.291,22.7848,0.0145665,-0.00421079
-159.494,22.7848,0.0147367,-0.003553
-155.696,22.7848,0.0149121,-0.00286529
-151.899,22.7848,0.0150928,-0.00214596
-148.101,22.7848,0.0152788,-0.00139329
-144.304,22.7848,0.01547,-0.000605598
-140.506,22.7848,0.0156663,0.00021884
-136.709,22.7848,0.0158678,0.00108173
-132.911,22.7848,0.0160742,0.00198479
-129.114,22.7848,0.0162855,0.00292973
-125.316,22.7848,0.0165015,0.00391826
-121.519,22.7848,0.0167222,0.00495211
-117.722,22.7848,0.0169474,0.00603299
-113.924,22.7848,0.0171768,0.00716263
-110.127,22.7848,0.0174104,0.00834276
-106.329,22.7848,0.0176479,0.00957509
-102.532,22.7848,0.0178891,0.0108614
-98.7342,22.7848,0.0181338,0.0122033
-94.9367,22.7848,0.0183817,0.0136026
-91.1392,22.7848,0.0186326,0.0150611
-87.3418,22.7848,0.0188862,0.0165804
-83.5443,22.7848,0.0191421,0.0181623
-79.7468,22.7848,0.0194002,0.0198086
-75.9494,22.7848,0.01966,0.021521
-72.1519,22.7848,0.0199213,0.0233012
-68.3544,22.7848,0.0201836,0.025151
-64.557,22.7848,0.0204466,0.027072
-60.7595,22.7848,0.0207099,0.0290662
-56.962,22.7848,0.0209732,0.0311352
-53.1646,22.7848,0.0212359,0.0332808
-49.3671,22.7848,0.0214978,0.0355047
-45.5696,22.7848,0.0217582,0.0378087
-41.7722,22.7848,0.0220168,0.0401946
-37.9747,22.7848,0.022273,0.042664
-34.1772,22.7848,0.0225265,0.0452189
-30.3797,22.7848,0.0227766,0.0478609
-26.5823,22.7848,0.0230228,0.0505918
-22.7848,22.7848,0.0232647,0.0534133
-18.9873,22.7848,0.0235016,0.0563274
-15.1899,22.7848,0.0237329,0.0593356
-11.3924,22.7848,0.0239582,0.0624399
-7.59494,22.7848,0.0241767,0.0656419
-3.79747,22.7848,0.0243879,0.0689435
0,22.7848,0.0245911,0.0723464
-300,26.5823,0.0115061,-0.0203297
-296.203,26.5823,0.0116171,-0.0196028
-292.405,26.5823,0.0117236,-0.0189052
-288.608,26.5823,0.0118259,-0.0182353
-284.81,26.5823,0.0119247,-0.0175914
-281.013,26.5823,0.0120205,-0.0169719
-277.215,26.5823,0.0121138,-0.0163753
-273.418,26.5823,0.012205,-0.0158
-269.62,26.5823,0.0122947,-0.0152443
-265.823,26.5823,0.0123832,-0.0147066
-262.025,26.5823,0.012471,-0.0141853
-258.228,26.5823,0.0125586,-0.0136789
-254.43,26.5823,0.0126463,-0.0131856
-250.633,26.5823,0.0127344,-0.0127039
-246.835,26.5823,0.0128235,-0.0122322
-243.038,26.5823,0.0129138,-0.0117688
-239.241,26.5823,0.0130057,-0.0113122
-235.443,26.5823,0.0130996,-0.0108606
-231.646,26.5823,0.0131956,-0.0104125
-227.848,26.5823,0.0132942,-0.0099663
-224.051,26.5823,0.0133955,-0.00952028
-220.253,26.5823,0.0134999,-0.00907284
-216.456,26.5823,0.0136077,-0.00862235
-212.658,26.5823,0.0137189,-0.00816718
-208.861,26.5823,0.013834,-0.00770568
-205.063,26.5823,0.0139529,-0.00723623
-201.266,26.5823,0.0140761,-0.00675717
-197.468,26.5823,0.0142035,-0.00626687
-193.671,26.5823,0.0143354,-0.00576368
-189.873,26.5823,0.014472,-0.00524595
-186.076,26.5823,0.0146132,-0.00471203
-182.278,26.5823,0.0147593,-0.00416028
-178.481,26.5823,0.0149103,-0.00358903
-174.684,26.5823,0.0150664,-0.00299665
-170.886,26.5823,0.0152275,-0.00238146
-167.089,26.5823,0.0153937,-0.00174181
-163.291,26.5823,0.0155651,-0.00107603
-159.494,26.5823,0.0157417,-0.000382478
-155.696,26.5823,0.0159234,0.000340526
-151.899,26.5823,0.0161102,0.00109465
-148.101,26.5823,0.0163022,0.00188155
-144.304,26.5823,0.0164993,0.00270291
-140.506,26.5823,0.0167013,0.00356039
-136.709,26.5823,0.0169083,0.00445567
-132.911,26.5823,0.0171201,0.00539044
-129.114,26.5823,0.0173366,0.00636636
-125.316,26.5823,0.0175577,0.00738511
-121.519,26.5823,0.0177833,0.00844839
-117.722,26.5823,0.0180132,0.00955786
-113.924,26.5823,0.0182472,0.0107152
-110.127,26.5823,0.0184852,0.0119222
-106.329,26.5823,0.0187268,0.0131804
-102.532,26.5823,0.0189721,0.0144916
-98.7342,26.5823,0.0192206,0.0158574
-94.9367,26.5823,0.0194721,0.0172795
-91.1392,26.5823,0.0197264,0.0187598
-87.3418,26.5823,0.0199832,0.0202997
-83.5443,26.5823,0.0202422,0.0219012
-79.7468,26.5823,0.0205031,0.0235657
-75.9494,26.5823,0.0207655,0.0252952
-72.1519,26.5823,0.0210291,0.0270911
-68.3544,26.5823,0.0212936,0.0289554
-64.557,26.5823,0.0215586,0.0308897
-60.7595,26.5823,0.0218237,0.0328956
-56.962,26.5823,0.0220885,0.034975
-53.1646,26.5823,0.0223525,0.0371295
-49.3671,26.5823,0.0226153,0.0393609
-45.5696,26.5823,0.0228766,0.0416708
-41.7722,26.5823,0.0231357,0.0440611
-37.9747,26.5823,0.0233923,0.0465334
-34.1772,26.5823,0.0236458,0.0490894
-30.3797,26.5823,0.0238957,0.0517309
-26.5823,26.5823,0.0241415,0.0544596
-22.7848,26.5823,0.0243827,0.0572772
-18.9873,26.5823,0.0246186,0.0601856
-15.1899,26.5823,0.0248487,0.0631863
-11.3924,26.5823,0.0250725,0.0662813
-7.59494,26.5823,0.0252892,0.0694721
-3.79747,26.5823,0.0254984,0.0727605
0,26.5823,0.0256993,0.0761484
-300,30.3797,0.012208,-0.0184973
-296.203,30.3797,0.0123275,-0.0177436
-292.405,30.3797,0.0124424,-0.0170183
-288.608,30.3797,0.0125533,-0.0163198
-284.81,30.3797,0.0126606,-0.0156467
-281.013,30.3797,0.0127648,-0.0149973
-277.215,30.3797,0.0128666,-0.01437
-273.418,30.3797,0.0129662,-0.0137634
-269.62,30.3797,0.0130642,-0.0131758
-265.823,30.3797,0.0131611,-0.0126057
-262.025,30.3797,0.0132572,-0.0120514
-258.228,30.3797,0.013353,-0.0115114
-254.43,30.3797,0.0134489,-0.0109842
-250.633,30.3797,0.0135453,-0.0104681
-246.835,30.3797,0.0136425,-0.00996163
-243.038,30.3797,0.0137409,-0.00946311
-239.241,30.3797,0.0138408,-0.008971
-235.443,30.3797,0.0139425,-0.00848369
-231.646,30.3797,0.0140465,-0.00799961
-227.848,30.3797,0.0141528,-0.00751717
-224.051,30.3797,0.0142619,-0.00703476
-220.253,30.3797,0.014374,-0.0065508
-216.456,30.3797,0.0144893,-0.00606368
-212.658,30.3797,0.0146081,-0.00557181
-208.861,30.3797,0.0147305,-0.00507359
-205.063,30.3797,0.0148569,-0.0045674
-201.266,30.3797,0.0149872,-0.00405166
-197.468,30.3797,0.0151218,-0.00352475
-193.671,30.3797,0.0152608,-0.00298506
-189.873,30.3797,0.0154042,-0.00243098
-186.076,30.3797,0.0155523,-0.00186089
-182.278,30.3797,0.0157051,-0.00127319
-178.481,30.3797,0.0158627,-0.000666257
-174.684,30.3797,0.0160253,-3.84697e-05
-170.886,30.3797,0.0161927,0.000611792
-167.089,30.3797,0.0163652,0.00128615
-163.291,30.3797,0.0165427,0.00198623
-159.494,30.3797,0.0167252,0.00271366
-155.696,30.3797,0.0169127,0.00347006
-151.899,30.3797,0.0171053,0.00425707
-148.101,30.3797,0.0173028,0.00507632
-144.304,30.3797,0.0175053,0.00592945
-140.506,30.3797,0.0177126,0.00681808
-136.709,30.3797,0.0179246,0.00774387
-132.911,30.3797,0.0181414,0.00870844
-129.114,30.3797,0.0183627,0.00971345
-125.316,30.3797,0.0185885,0.0107605
-121.519,30.3797,0.0188185,0.0118513
-117.722,30.3797,0.0190526,0.0129875
-113.924,30.3797,0.0192908,0.0141707
-110.127,30.3797,0.0195326,0.0154026
-106.329,30.3797,0.0197781,0.0166848
-102.532,30.3797,0.0200269,0.018019
-98.7342,30.3797,0.0202787,0.0194068
-94.9367,30.3797,0.0205334,0.0208499
-91.1392,30.3797,0.0207907,0.02235
-87.3418,30.3797,0.0210503,0.0239087
-83.5443,30.3797,0.0213119,0.0255277
-79.7468,30.3797,0.0215751,0.0272087
-75.9494,30.3797,0.0218397,0.0289533
-72.1519,30.3797,0.0221053,0.0307632
-68.3544,30.3797,0.0223716,0.03264
-64.557,30.3797,0.0226381,0.0345856
-60.7595,30.3797,0.0229044,0.0366014
-56.962,30.3797,0.0231703,0.0386893
-53.1646,30.3797,0.0234351,0.0408508
-49.3671,30.3797,0.0236986,0.0430878
-45.5696,30.3797,0.0239602,0.0454018
-41.7722,30.3797,0.0242194,0.0477945
-37.9747,30.3797,0.0244759,0.0502677
-34.1772,30.3797,0.024729,0.052823
-30.3797,30.3797,0.0249783,0.0554621
-26.5823,30.3797,0.0252232,0.0581867
-22.7848,30.3797,0.0254632,0.0609986
-18.9873,30.3797,0.0256977,0.0638993
-15.1899,30.3797,0.0259262,0.0668907
-11.3924,30.3797,0.026148,0.0699744
-7.59494,30.3797,0.0263626,0.0731521
-3.79747,30.3797,0.0265692,0.0764256
0,30.3797,0.0267673,0.0797964
-300,34.1772,0.0129051,-0.0166682
-296.203,34.1772,0.0130327,-0.0158895
-292.405,34.1772,0.0131557,-0.0151384
-288.608,34.1772,0.0132746,-0.0144133
-284.81,34.1772,0.01339,-0.0137128
-281.013,34.1772,0.0135022,-0.0130352
-277.215,34.1772,0.013612,-0.0123792
-273.418,34.1772,0.0137196,-0.0117431
-269.62,34.1772,0.0138255,-0.0111255
-265.823,34.1772,0.0139303,-0.0105247
-262.025,34.1772,0.0140343,-0.00993931
-258.228,34.1772,0.014138,-0.00936771
-254.43,34.1772,0.0142416,-0.00880837
-250.633,34.1772,0.0143457,-0.00825975
-246.835,34.1772,0.0144506,-0.00772031
-243.038,34.1772,0.0145567,-0.0071885
-239.241,34.1772,0.0146641,-0.00666277
-235.443,34.1772,0.0147734,-0.00614157
-231.646,34.1772,0.0148848,-0.00562334
-227.848,34.1772,0.0149986,-0.00510654
-224.051,34.1772,0.015115,-0.0045896
-220.253,34.1772,0.0152343,-0.00407096
-216.456,34.1772,0.0153567,-0.00354906
-212.658,34.1772,0.0154826,-0.00302234
-208.861,34.1772,0.015612,-0.00248924
-205.063,34.1772,0.0157452,-0.00194818
-201.266,34.1772,0.0158824,-0.0013976
-197.468,34.1772,0.0160237,-0.000835928
-193.671,34.1772,0.0161692,-0.000261587
-189.873,34.1772,0.0163192,0.000326995
-186.076,34.1772,0.0164736,0.000931396
-182.278,34.1772,0.0166327,0.00155319
-178.481,34.1772,0.0167965,0.00219397
-174.684,34.1772,0.0169651,0.00285531
-170.886,34.1772,0.0171385,0.00353879
-167.089,34.1772,0.0173168,0.00424601
-163.291,34.1772,0.0174999,0.00497854
-159.494,34.1772,0.017688,0.00573799
-155.696,34.1772,0.0178809,0.00652595
-151.899,34.1772,0.0180787,0.007344
-148.101,34.1772,0.0182814,0.00819375
-144.304,34.1772,0.0184888,0.00907679
-140.506,34.1772,0.0187009,0.00999473
-136.709,34.1772,0.0189177,0.0109492
-132.911,34.1772,0.0191389,0.0119417
-129.114,34.1772,0.0193646,0.0129739
-125.316,34.1772,0.0195945,0.0140475
-121.519,34.1772,0.0198286,0.015164
-117.722,34.1772,0.0200666,0.016325
-113.924,34.1772,0.0203084,0.0175322
-110.127,34.1772,0.0205538,0.0187871
-106.329,34.1772,0.0208025,0.0200915
-102.532,34.1772,0.0210544,0.0214468
-98.7342,34.1772,0.0213092,0.0228548
-94.9367,34.1772,0.0215667,0.024317
-91.1392,34.1772,0.0218265,0.0258351
-87.3418,34.1772,0.0220885,0.0274107
-83.5443,34.1772,0.0223522,0.0290455
-79.7468,34.1772,0.0226174,0.030741
-75.9494,34.1772,0.0228837,0.0324989
-72.1519,34.1772,0.0231508,0.0343209
-68.3544,34.1772,0.0234184,0.0362085
-64.557,34.1772,0.0236859,0.0381634
-60.7595,34.1772,0.0239532,0.0401873
-56.962,34.1772,0.0242196,0.0422818
-53.1646,34.1772,0.0244849,0.0444486
-49.3671,34.1772,0.0247485,0.0466892
-45.5696,34.1772,0.02501,0.0490054
-41.7722,34.1772,0.025269,0.0513988
-37.9747,34.1772,0.0255249,0.053871
-34.1772,34.1772,0.0257772,0.0564237
-30.3797,34.1772,0.0260254,0.0590586
-26.5823,34.1772,0.026269,0.0617773
-22.7848,34.1772,0.0265074,0.0645815
-18.9873,34.1772,0.0267401,0.0674729
-15.1899,34.1772,0.0269665,0.070453
-11.3924,34.1772,0.0271859,0.0735236
-7.59494,34.1772,0.0273978,0.0766864
-3.79747,34.1772,0.0276015,0.079943
0,34.1772,0.0277964,0.083295
-300,37.9747,0.0135978,-0.0148417
-296.203,37.9747,0.0137331,-0.0140397
-292.405,37.9747,0.0138637,-0.0132645
-288.608,37.9747,0.0139903,-0.0125146
-284.81,37.9747,0.0141132,-0.0117885
-281.013,37.9747,0.0142331,-0.0110847
-277.215,37.9747,0.0143504,-0.0104017
-273.418,37.9747,0.0144656,-0.00973799
-269.62,37.9747,0.014579,-0.0090921
-265.823,37.9747,0.0146913,-0.00846253
-262.025,37.9747,0.0148028,-0.00784777
-258.228,37.9747,0.0149138,-0.00724632
-254.43,37.9747,0.0150249,-0.00665667
-250.633,37.9747,0.0151363,-0.00607731
-246.835,37.9747,0.0152484,-0.00550674
-243.038,37.9747,0.0153617,-0.00494344
-239.241,37.9747,0.0154763,-0.00438591
-235.443,37.9747,0.0155927,-0.00383261
-231.646,37.9747,0.0157111,-0.00328205
-227.848,37.9747,0.0158318,-0.00273269
-224.051,37.9747,0.0159551,-0.00218301
-220.253,37.9747,0.0160812,-0.00163151
-216.456,37.9747,0.0162104,-0.00107663
-212.658,37.9747,0.0163429,-0.000516873
-208.861,37.9747,0.0164789,4.93065e-05
-205.063,37.9747,0.0166186,0.000623436
-201.266,37.9747,0.0167621,0.00120705
-197.468,37.9747,0.0169097,0.00180168
-193.671,37.9747,0.0170614,0.00240886
-189.873,37.9747,0.0172174,0.00303014
-186.076,37.9747,0.0173779,0.00366705
-182.278,37.9747,0.0175428,0.00432114
-178.481,37.9747,0.0177124,0.00499396
-174.684,37.9747,0.0178866,0.00568704
-170.886,37.9747,0.0180655,0.00640194
-167.089,37.9747,0.0182491,0.00714021
-163.291,37.9747,0.0184375,0.0079034
-159.494,37.9747,0.0186307,0.00869307
-155.696,37.9747,0.0188286,0.00951077
-151.899,37.9747,0.0190313,0.0103581
-148.101,37.9747,0.0192386,0.0112365
-144.304,37.9747,0.0194506,0.0121477
-140.506,37.9747,0.0196671,0.0130931
-136.709,37.9747,0.0198881,0.0140744
-132.911,37.9747,0.0201134,0.0150931
-129.114,37.9747,0.020343,0.0161507
-125.316,37.9747,0.0205767,0.017249
-121.519,37.9747,0.0208144,0.0183893
-117.722,37.9747,0.0210558,0.0195734
-113.924,37.9747,0.0213009,0.0208028
-110.127,37.9747,0.0215493,0.022079
-106.329,37.9747,0.021801,0.0234037
-102.532,37.9747,0.0220556,0.0247783
-98.7342,37.9747,0.0223129,0.0262047
-94.9367,37.9747,0.0225727,0.0276842
-91.1392,37.9747,0.0228347,0.0292185
-87.3418,37.9747,0.0230985,0.0308092
-83.5443,37.9747,0.023364,0.0324579
-79.7468,37.9747,0.0236307,0.0341661
-75.9494,37.9747,0.0238983,0.0359356
-72.1519,37.9747,0.0241666,0.0377678
-68.3544,37.9747,0.024435,0.0396643
-64.557,37.9747,0.0247032,0.0416269
-60.7595,37.9747,0.0249709,0.043657
-56.962,37.9747,0.0252375,0.0457564
-53.1646,37.9747,0.0255028,0.0479265
-49.3671,37.9747,0.0257661,0.0501691
-45.5696,37.9747,0.0260272,0.0524856
-41.7722,37.9747,0.0262854,0.0548779
-37.9747,37.9747,0.0265403,0.0573473
-34.1772,37.9747,0.0267913,0.0598957
-30.3797,37.9747,0.0270381,0.0625245
-26.5823,37.9747,0.02728,0.0652355
-22.7848,37.9747,0.0275164,0.0680302
-18.9873,37.9747,0.0277468,0.0709103
-15.1899,37.9747,0.0279706,0.0738774
-11.3924,37.9747,0.0281873,0.0769332
-7.59494,37.9747,0.0283961,0.0800792
-3.79747,37.9747,0.0285964,0.0833171
0,37.9747,0.0287877,0.0866485
-300,41.7722,0.0142863,-0.0130168
-296.203,41.7722,0.0144288,-0.0121934
-292.405,41.7722,0.0145667,-0.0113959
-288.608,41.7722,0.0147005,-0.0106229
-284.81,41.7722,0.0148307,-0.00987297
-281.013,41.7722,0.0149577,-0.00914462
-277.215,41.7722,0.0150822,-0.00843638
-273.418,41.7722,0.0152045,-0.00774682
-269.62,41.7722,0.0153251,-0.00707446
-265.823,41.7722,0.0154444,-0.00641783
-262.025,41.7722,0.0155629,-0.00577549
-258.228,41.7722,0.015681,-0.00514595
-254.43,41.7722,0.015799,-0.00452775
-250.633,41.7722,0.0159173,-0.00391941
-246.835,41.7722,0.0160363,-0.00331947
-243.038,41.7722,0.0161564,-0.00272645
-239.241,41.7722,0.0162778,-0.00213886
-235.443,41.7722,0.0164008,-0.00155524
-231.646,41.7722,0.0165259,-0.000974088
-227.848,41.7722,0.0166531,-0.000393936
-224.051,41.7722,0.0167829,0.000186705
-220.253,41.7722,0.0169154,0.000769325
-216.456,41.7722,0.0170509,0.00135541
-212.658,41.7722,0.0171897,0.00194645
-208.861,41.7722,0.0173318,0.00254395
-205.063,41.7722,0.0174775,0.00314939
-201.266,41.7722,0.017627,0.00376427
-197.468,41.7722,0.0177805,0.0043901
-193.671,41.7722,0.017938,0.00502837
-189.873,41.7722,0.0180997,0.00568058
-186.076,41.7722,0.0182657,0.00634824
-182.278,41.7722,0.018436,0.00703287
-178.481,41.7722,0.0186109,0.00773596
-174.684,41.7722,0.0187903,0.00845902
-170.886,41.7722,0.0189743,0.00920358
-167.089,41.7722,0.0191629,0.00997114
-163.291,41.7722,0.0193562,0.0107632
-159.494,41.7722,0.019554,0.0115814
-155.696,41.7722,0.0197565,0.012427
-151.899,41.7722,0.0199636,0.0133018
-148.101,41.7722,0.0201753,0.0142072
-144.304,41.7722,0.0203914,0.0151447
-140.506,41.7722,0.0206119,0.0161159
-136.709,41.7722,0.0208367,0.0171222
-132.911,41.7722,0.0210657,0.0181653
-129.114,41.7722,0.0212988,0.0192467
-125.316,41.7722,0.0215359,0.0203678
-121.519,41.7722,0.0217767,0.0215303
-117.722,41.7722,0.0220212,0.0227356
-113.924,41.7722,0.0222691,0.0239854
-110.127,41.7722,0.0225202,0.0252812
-106.329,41.7722,0.0227743,0.0266244
-102.532,41.7722,0.0230312,0.0280167
-98.7342,41.7722,0.0232907,0.0294596
-94.9367,41.7722,0.0235524,0.0309546
-91.1392,41.7722,0.0238161,0.0325034
-87.3418,41.7722,0.0240814,0.0341074
-83.5443,41.7722,0.0243482,0.0357683
-79.7468,41.7722,0.024616,0.0374875
-75.9494,41.7722,0.0248846,0.0392667
-72.1519,41.7722,0.0251535,0.0411074
-68.3544,41.7722,0.0254224,0.0430112
-64.557,41.7722,0.0256909,0.0449796
-60.7595,41.7722,0.0259585,0.0470142
-56.962,41.7722,0.026225,0.0491166
-53.1646,41.7722,0.0264898,0.0512884
-49.3671,41.7722,0.0267525,0.0535311
-45.5696,41.7722,0.0270126,0.0558463
-41.7722,41.7722,0.0272697,0.0582356
-37.9747,41.7722,0.0275232,0.0607005
-34.1772,41.7722,0.0277726,0.0632427
-30.3797,41.7722,0.0280175,0.0658638
-26.5823,41.7722,0.0282572,0.0685653
-22.7848,41.7722,0.0284912,0.0713488
-18.9873,41.7722,0.0287189,0.0742159
-15.1899,41.7722,0.0289398,0.0771682
-11.3924,41.7722,0.0291532,0.0802073
-7.59494,41.7722,0.0293586,0.0833348
-3.79747,41.7722,0.0295552,0.0865523
0,41.7722,0.0297424,0.0898613
-300,45.5696,0.0149709,-0.0111928
-296.203,45.5696,0.0151203,-0.0103496
-292.405,45.5696,0.015265,-0.00953157
-288.608,45.5696,0.0154056,-0.00873723
-284.81,45.5696,0.0155426,-0.00796518
-281.013,45.5696,0.0156765,-0.007214
-277.215,45.5696,0.0158077,-0.00648226
-273.418,45.5696,0.0159368,-0.00576854
-269.62,45.5696,0.0160641,-0.00507142
-265.823,45.5696,0.0161901,-0.00438946
-262.025,45.5696,0.0163152,-0.00372125
-258.228,45.5696,0.0164399,-0.00306534
-254.43,45.5696,0.0165644,-0.00242031
-250.633,45.5696,0.0166893,-0.00178471
-246.835,45.5696,0.0168148,-0.00115711
-243.038,45.5696,0.0169412,-0.000536074
-239.241,45.5696,0.0170689,7.98443e-05
-235.443,45.5696,0.0171983,0.000692087
-231.646,45.5696,0.0173295,0.0013021
-227.848,45.5696,0.0174629,0.00191133
-224.051,45.5696,0.0175988,0.00252122
-220.253,45.5696,0.0177373,0.00313324
-216.456,45.5696,0.0178787,0.00374882
-212.658,45.5696,0.0180233,0.00436943
-208.861,45.5696,0.0181712,0.00499652
-205.063,45.5696,0.0183226,0.00563156
-201.266,45.5696,0.0184776,0.006276
-197.468,45.5696,0.0186365,0.0069313
-193.671,45.5696,0.0187994,0.00759894
-189.873,45.5696,0.0189664,0.00828037
-186.076,45.5696,0.0191375,0.00897708
-182.278,45.5696,0.019313,0.00969051
-178.481,45.5696,0.0194928,0.0104222
-174.684,45.5696,0.019677,0.0111735
-170.886,45.5696,0.0198657,0.011946
-167.089,45.5696,0.0200588,0.0127411
-163.291,45.5696,0.0202565,0.0135604
-159.494,45.5696,0.0204587,0.0144053
-155.696,45.5696,0.0206654,0.0152772
-151.899,45.5696,0.0208765,0.0161777
-148.101,45.5696,0.021092,0.0171083
-144.304,45.5696,0.0213119,0.0180705
-140.506,45.5696,0.021536,0.0190657
-136.709,45.5696,0.0217642,0.0200954
-132.911,45.5696,0.0219965,0.0211612
-129.114,45.5696,0.0222328,0.0222645
-125.316,45.5696,0.0224728,0.0234068
-121.519,45.5696,0.0227164,0.0245897
-117.722,45.5696,0.0229635,0.0258146
-113.924,45.5696,0.0232138,0.0270831
-110.127,45.5696,0.0234672,0.0283966
-106.329,45.5696,0.0237234,0.0297567
-102.532,45.5696,0.0239822,0.0311649
-98.7342,45.5696,0.0242433,0.0326227
-94.9367,45.5696,0.0245065,0.0341315
-91.1392,45.5696,0.0247716,0.035693
-87.3418,45.5696,0.0250381,0.0373087
-83.5443,45.5696,0.0253057,0.03898
-79.7468,45.5696,0.0255743,0.0407085
-75.9494,45.5696,0.0258433,0.0424957
-72.1519,45.5696,0.0261125,0.0443432
-68.3544,45.5696,0.0263815,0.0462524
-64.557,45.5696,0.0266498,0.048225
-60.7595,45.5696,0.0269171,0.0502624
-56.962,45.5696,0.027183,0.0523661
-53.1646,45.5696,0.0274469,0.0545378
-49.3671,45.5696,0.0277086,0.0567789
-45.5696,45.5696,0.0279674,0.059091
-41.7722,45.5696,0.0282229,0.0614757
-37.9747,45.5696,0.0284746,0.0639344
-34.1772,45.5696,0.028722,0.0664688
-30.3797,45.5696,0.0289645,0.0690803
-26.5823,45.5696,0.0292017,0.0717706
-22.7848,45.5696,0.0294329,0.0745412
-18.9873,45.5696,0.0296576,0.0773936
-15.1899,45.5696,0.0298751,0.0803294
-11.3924,45.5696,0.0300849,0.0833501
-7.59494,45.5696,0.0302864,0.0864574
-3.79747,45.5696,0.0304788,0.0896527
0,45.5696,0.0306616,0.0929377
-300,49.3671,0.0156519,-0.00936894
-296.203,49.3671,0.0158078,-0.0085077
-292.405,49.3671,0.0159589,-0.00767076
-288.608,49.3671,0.016106,-0.00685674
-284.81,49.3671,0.0162494,-0.00606425
-281.013,49.3671,0.0163896,-0.00529191
-277.215,49.3671,0.0165273,-0.00453833
-273.418,49.3671,0.0166626,-0.00380213
-269.62,49.3671,0.0167963,-0.00308192
-265.823,49.3671,0.0169286,-0.00237631
-262.025,49.3671,0.01706,-0.0016839
-258.228,49.3671,0.0171908,-0.00100329
-254.43,49.3671,0.0173216,-0.00033309
-250.633,49.3671,0.0174525,0.000328099
-246.835,49.3671,0.0175841,0.00098168
-243.038,49.3671,0.0177165,0.00162906
-239.241,49.3671,0.0178502,0.00227164
-235.443,49.3671,0.0179855,0.00291082
-231.646,49.3671,0.0181225,0.00354803
-227.848,49.3671,0.0182617,0.00418467
-224.051,49.3671,0.0184032,0.00482214
-220.253,49.3671,0.0185474,0.00546188
-216.456,49.3671,0.0186943,0.00610529
-212.658,49.3671,0.0188443,0.0067538
-208.861,49.3671,0.0189976,0.00740882
-205.063,49.3671,0.0191543,0.00807178
-201.266,49.3671,0.0193145,0.0087441
-197.468,49.3671,0.0194785,0.00942721
-193.671,49.3671,0.0196463,0.0101225
-189.873,49.3671,0.0198182,0.0108315
-186.076,49.3671,0.0199941,0.0115556
-182.278,49.3671,0.0201742,0.0122962
-178.481,49.3671,0.0203585,0.0130547
-174.684,49.3671,0.0205472,0.0138327
-170.886,49.3671,0.0207402,0.0146314
-167.089,49.3671,0.0209375,0.0154525
-163.291,49.3671,0.0211392,0.0162972
-159.494,49.3671,0.0213453,0.0171672
-155.696,49.3671,0.0215558,0.0180637
-151.899,49.3671,0.0217705,0.0189883
-148.101,49.3671,0.0219896,0.0199425
-144.304,49.3671,0.0222128,0.0209276
-140.506,49.3671,0.0224401,0.0219451
-136.709,49.3671,0.0226714,0.0229966
-132.911,49.3671,0.0229066,0.0240833
-129.114,49.3671,0.0231455,0.0252069
-125.316,49.3671,0.0233881,0.0263688
-121.519,49.3671,0.0236341,0.0275704
-117.722,49.3671,0.0238834,0.0288132
-113.924,49.3671,0.0241358,0.0300987
-110.127,49.3671,0.0243911,0.0314284
-106.329,49.3671,0.024649,0.0328037
-102.532,49.3671,0.0249093,0.034226
-98.7342,49.3671,0.0251717,0.035697
-94.9367,49.3671,0.0254361,0.037218
-91.1392,49.3671,0.025702,0.0387906
-87.3418,49.3671,0.0259693,0.0404162
-83.5443,49.3671,0.0262375,0.0420963
-79.7468,49.3671,0.0265063,0.0438324
-75.9494,49.3671,0.0267755,0.045626
-72.1519,49.3671,0.0270446,0.0474785
-68.3544,49.3671,0.0273132,0.0493916
-64.557,49.3671,0.027581,0.0513666
-60.7595,49.3671,0.0278476,0.0534051
-56.962,49.3671,0.0281124,0.0555085
-53.1646,49.3671,0.0283752,0.0576784
-49.3671,49.3671,0.0286353,0.0599163
-45.5696,49.3671,0.0288924,0.0622237
-41.7722,49.3671,0.029146,0.064602
-37.9747,49.3671,0.0293955,0.0670529
-34.1772,49.3671,0.0296405,0.0695777
-30.3797,49.3671,0.0298804,0.0721781
-26.5823,49.3671,0.0301146,0.0748555
-22.7848,49.3671,0.0303426,0.0776114
-18.9873,49.3671,0.0305638,0.0804474
-15.1899,49.3671,0.0307776,0.083365
-11.3924,49.3671,0.0309835,0.0863657
-7.59494,49.3671,0.0311806,0.0894511
-3.79747,49.3671,0.0313685,0.0926226
0,49.3671,0.0315465,0.0958818
-300,53.1646,0.0163295,-0.00754462
-296.203,53.1646,0.0164914,-0.00666693
-292.405,53.1646,0.0166486,-0.00581272
-288.608,53.1646,0.0168017,-0.00498064
-284.81,53.1646,0.0169512,-0.00416933
-281.013,53.1646,0.0170975,-0.00337747
-277.215,53.1646,0.0172411,-0.00260368
-273.418,53.1646,0.0173825,-0.00184663
-269.62,53.1646,0.017522,-0.00110496
-265.823,53.1646,0.0176603,-0.000377309
-262.025,53.1646,0.0177975,0.000337675
-258.228,53.1646,0.0179342,0.00104135
-254.43,53.1646,0.0180707,0.00173509
-250.633,53.1646,0.0182074,0.00242024
-246.835,53.1646,0.0183447,0.00309818
-243.038,53.1646,0.0184828,0.00377027
-239.241,53.1646,0.018622,0.00443788
-235.443,53.1646,0.0187628,0.00510239
-231.646,53.1646,0.0189053,0.00576516
-227.848,53.1646,0.0190499,0.00642758
-224.051,53.1646,0.0191967,0.00709101
-220.253,53.1646,0.0193461,0.00775684
-216.456,53.1646,0.0194982,0.00842645
-212.658,53.1646,0.0196533,0.00910123
-208.861,53.1646,0.0198115,0.00978255
-205.063,53.1646,0.0199731,0.0104718
-201.266,53.1646,0.0201381,0.0111704
-197.468,53.1646,0.0203068,0.0118797
-193.671,53.1646,0.0204793,0.0126011
-189.873,53.1646,0.0206556,0.013336
-186.076,53.1646,0.0208359,0.0140858
-182.278,53.1646,0.0210203,0.0148519
-178.481,53.1646,0.0212088,0.0156357
-174.684,53.1646,0.0214015,0.0164386
-170.886,53.1646,0.0215984,0.017262
-167.089,53.1646,0.0217996,0.0181073
-163.291,53.1646,0.022005,0.018976
-159.494,53.1646,0.0222146,0.0198694
-155.696,53.1646,0.0224284,0.0207889
-151.899,53.1646,0.0226465,0.021736
-148.101,53.1646,0.0228686,0.022712
-144.304,53.1646,0.0230948,0.0237185
-140.506,53.1646,0.0233249,0.0247567
-136.709,53.1646,0.0235589,0.0258282
-132.911,53.1646,0.0237966,0.0269344
-129.114,53.1646,0.0240379,0.0280767
-125.316,53.1646,0.0242827,0.0292564
-121.519,53.1646,0.0245307,0.0304751
-117.722,53.1646,0.0247819,0.0317342
-113.924,53.1646,0.0250359,0.0330351
-110.127,53.1646,0.0252927,0.0343793
-106.329,53.1646,0.0255519,0.0357681
-102.532,53.1646,0.0258133,0.0372031
-98.7342,53.1646,0.0260767,0.0386856
-94.9367,53.1646,0.0263418,0.0402171
-91.1392,53.1646,0.0266083,0.0417991
-87.3418,53.1646,0.0268759,0.043433
-83.5443,53.1646,0.0271443,0.0451203
-79.7468,53.1646,0.0274131,0.0468624
-75.9494,53.1646,0.027682,0.0486607
-72.1519,53.1646,0.0279506,0.0505167
-68.3544,53.1646,0.0282185,0.052432
-64.557,53.1646,0.0284854,0.0544078
-60.7595,53.1646,0.0287508,0.0564458
-56.962,53.1646,0.0290143,0.0585473
-53.1646,53.1646,0.0292754,0.0607138
-49.3671,53.1646,0.0295338,0.0629468
-45.5696,53.1646,0.0297888,0.0652478
-41.7722,53.1646,0.0300401,0.0676182
-37.9747,53.1646,0.030287,0.0700595
-34.1772,53.1646,0.0305292,0.0725732
-30.3797,53.1646,0.030766,0.0751608
-26.5823,53.1646,0.0309969,0.0778236
-22.7848,53.1646,0.0312213,0.0805634
-18.9873,53.1646,0.0314387,0.0833814
-15.1899,53.1646,0.0316484,0.0862792
-11.3924,53.1646,0.0318499,0.0892582
-7.59494,53.1646,0.0320424,0.09232
-3.79747,53.1646,0.0322254,0.0954661
0,53.1646,0.0323981,0.098698
-300,56.962,0.0170038,-0.00571921
-296.203,56.962,0.0171714,-0.00482666
-292.405,56.962,0.0173344,-0.00395676
-288.608,56.962,0.0174932,-0.0031082
-284.81,56.962,0.0176483,-0.00227967
-281.013,56.962,0.0178003,-0.00146986
-277.215,56.962,0.0179495,-0.000677445
-273.418,56.962,0.0180965,9.88777e-05
-269.62,56.962,0.0182417,0.00086043
-265.823,56.962,0.0183854,0.00160853
-262.025,56.962,0.0185282,0.00234451
-258.228,56.962,0.0186704,0.00306967
-254.43,56.962,0.0188123,0.00378536
-250.633,56.962,0.0189544,0.0044929
-246.835,56.962,0.0190969,0.00519361
-243.038,56.962,0.0192403,0.00588883
-239.241,56.962,0.0193848,0.0065799
-235.443,56.962,0.0195307,0.00726814
-231.646,56.962,0.0196783,0.0079549
-227.848,56.962,0.0198279,0.00864151
-224.051,56.962,0.0199796,0.00932932
-220.253,56.962,0.0201339,0.0100197
-216.456,56.962,0.0202908,0.0107139
-212.658,56.962,0.0204506,0.0114134
-208.861,56.962,0.0206134,0.0121194
-205.063,56.962,0.0207795,0.0128334
-201.266,56.962,0.020949,0.0135566
-197.468,56.962,0.021122,0.0142905
-193.671,56.962,0.0212987,0.0150364
-189.873,56.962,0.0214792,0.0157956
-186.076,56.962,0.0216635,0.0165696
-182.278,56.962,0.0218518,0.0173596
-178.481,56.962,0.0220441,0.0181671
-174.684,56.962,0.0222405,0.0189934
-170.886,56.962,0.022441,0.0198399
-167.089,56.962,0.0226455,0.0207079
-163.291,56.962,0.0228543,0.0215989
-159.494,56.962,0.0230671,0.0225141
-155.696,56.962,0.0232839,0.023455
-151.899,56.962,0.0235049,0.024423
-148.101,56.962,0.0237298,0.0254194
-144.304,56.962,0.0239585,0.0264456
-140.506,56.962,0.0241911,0.027503
-136.709,56.962,0.0244274,0.028593
-132.911,56.962,0.0246673,0.0297169
-129.114,56.962,0.0249106,0.0308763
-125.316,56.962,0.0251572,0.0320723
-121.519,56.962,0.0254069,0.0333066
-117.722,56.962,0.0256595,0.0345803
-113.924,56.962,0.0259149,0.0358951
-110.127,56.962,0.0261727,0.0372521
-106.329,56.962,0.0264329,0.0386529
-102.532,56.962,0.0266951,0.0400989
-98.7342,56.962,0.0269591,0.0415914
-94.9367,56.962,0.0272246,0.0431319
-91.1392,56.962,0.0274912,0.0447218
-87.3418,56.962,0.0277588,0.0463624
-83.5443,56.962,0.028027,0.0480552
-79.7468,56.962,0.0282953,0.0498017
-75.9494,56.962,0.0285636,0.0516032
-72.1519,56.962,0.0288314,0.0534611
-68.3544,56.962,0.0290982,0.0553769
-64.557,56.962,0.0293638,0.057352
-60.7595,56.962,0.0296277,0.0593879
-56.962,56.962,0.0298895,0.0614858
-53.1646,56.962,0.0301487,0.0636474
-49.3671,56.962,0.0304048,0.065874
-45.5696,56.962,0.0306574,0.068167
-41.7722,56.962,0.030906,0.0705279
-37.9747,56.962,0.03115,0.0729581
-34.1772,56.962,0.031389,0.075459
-30.3797,56.962,0.0316224,0.0780322
-26.5823,56.962,0.0318496,0.080679
-22.7848,56.962,0.0320701,0.0834009
-18.9873,56.962,0.0322833,0.0861993
-15.1899,56.962,0.0324885,0.0890757
-11.3924,56.962,0.0326852,0.0920315
-7.59494,56.962,0.0328727,0.0950682
-3.79747,56.962,0.0330504,0.0981873
0,56.962,0.0332176,0.10139
-300,60.7595,0.0176751,-0.00389218
-296.203,60.7595,0.0178481,-0.00298631
-292.405,60.7595,0.0180164,-0.00210225
-288.608,60.7595,0.0181806,-0.00123875
-284.81,60.7595,0.018341,-0.000394532
-281.013,60.7595,0.0184983,0.000431691
-277.215,60.7595,0.0186528,0.00124119
-273.418,60.7595,0.018805,0.00203525
-269.62,60.7595,0.0189554,0.00281514
-265.823,60.7595,0.0191044,0.00358216
-262.025,60.7595,0.0192523,0.00433758
-258.228,60.7595,0.0193996,0.0050827
-254.43,60.7595,0.0195466,0.00581881
-250.633,60.7595,0.0196937,0.00654719
-246.835,60.7595,0.0198412,0.00726914
-243.038,60.7595,0.0199895,0.00798595
-239.241,60.7595,0.0201388,0.00869893
-235.443,60.7595,0.0202895,0.00940937
-231.646,60.7595,0.0204418,0.0101186
-227.848,60.7595,0.0205961,0.0108278
-224.051,60.7595,0.0207524,0.0115385
-220.253,60.7595,0.0209112,0.0122518
-216.456,60.7595,0.0210725,0.0129691
-212.658,60.7595,0.0212367,0.0136917
-208.861,60.7595,0.0214038,0.014421
-205.063,60.7595,0.021574,0.0151581
-201.266,60.7595,0.0217476,0.0159045
-197.468,60.7595,0.0219246,0.0166614
-193.671,60.7595,0.0221052,0.0174303
-189.873,60.7595,0.0222894,0.0182123
-186.076,60.7595,0.0224775,0.0190089
-182.278,60.7595,0.0226693,0.0198214
-178.481,60.7595,0.0228651,0.020651
-174.684,60.7595,0.0230648,0.0214991
-170.886,60.7595,0.0232684,0.0223671
-167.089,60.7595,0.0234761,0.0232563
-163.291,60.7595,0.0236877,0.024168
-159.494,60.7595,0.0239034,0.0251036
-155.696,60.7595,0.0241229,0.0260643
-151.899,60.7595,0.0243464,0.0270516
-148.101,60.7595,0.0245737,0.0280668
-144.304,60.7595,0.0248047,0.0291112
-140.506,60.7595,0.0250394,0.0301862
-136.709,60.7595,0.0252776,0.0312932
-132.911,60.7595,0.0255193,0.0324334
-129.114,60.7595,0.0257642,0.0336083
-125.316,60.7595,0.0260123,0.0348191
-121.519,60.7595,0.0262633,0.0360674
-117.722,60.7595,0.026517,0.0373543
-113.924,60.7595,0.0267734,0.0386813
-110.127,60.7595,0.027032,0.0400497
-106.329,60.7595,0.0272928,0.041461
-102.532,60.7595,0.0275554,0.0429164
-98.7342,60.7595,0.0278196,0.0444174
-94.9367,60.7595,0.0280851,0.0459653
-91.1392,60.7595,0.0283516,0.0475614
-87.3418,60.7595,0.0286188,0.0492073
-83.5443,60.7595,0.0288864,0.0509041
-79.7468,60.7595,0.029154,0.0526534
-75.9494,60.7595,0.0294212,0.0544565
-72.1519,60.7595,0.0296878,0.0563148
-68.3544,60.7595,0.0299533,0.0582297
-64.557,60.7595,0.0302172,0.0602025
-60.7595,60.7595,0.0304793,0.0622347
-56.962,60.7595,0.0307389,0.0643276
-53.1646,60.7595,0.0309958,0.0664827
-49.3671,60.7595,0.0312494,0.0687012
-45.5696,60.7595,0.0314992,0.0709848
-41.7722,60.7595,0.0317447,0.0733346
-37.9747,60.7595,0.0319855,0.0757522
-34.1772,60.7595,0.0322209,0.0782388
-30.3797,60.7595,0.0324505,0.0807961
-26.5823,60.7595,0.0326737,0.0834253
-22.7848,60.7595,0.0328899,0.0861278
-18.9873,60.7595,0.0330985,0.0889051
-15.1899,60.7595,0.0332989,0.0917585
-11.3924,60.7595,0.0334905,0.0946896
-7.59494,60.7595,0.0336727,0.0976997
-3.79747,60.7595,0.0338447,0.10079
0,60.7595,0.0340059,0.103962
-300,64.557,0.0183436,-0.00206304
-296.203,64.557,0.0185216,-0.00114533
-292.405,64.557,0.0186949,-0.000248627
-288.608,64.557,0.0188641,0.000628319
-284.81,64.557,0.0190295,0.00148674
-281.013,64.557,0.0191917,0.00232788
-277.215,64.557,0.0193512,0.00315297
-273.418,64.557,0.0195083,0.00396327
-269.62,64.557,0.0196636,0.00476001
-265.823,64.557,0.0198174,0.00554445
-262.025,64.557,0.0199701,0.00631783
-258.228,64.557,0.0201222,0.00708141
-254.43,64.557,0.0202739,0.00783644
-250.633,64.557,0.0204257,0.00858417
-246.835,64.557,0.0205778,0.00932587
-243.038,64.557,0.0207307,0.0100628
-239.241,64.557,0.0208845,0.0107962
-235.443,64.557,0.0210397,0.0115273
-231.646,64.557,0.0211964,0.0122575
-227.848,64.557,0.0213549,0.0129879
-224.051,64.557,0.0215155,0.0137199
-220.253,64.557,0.0216785,0.0144547
-216.456,64.557,0.0218439,0.0151936
-212.658,64.557,0.022012,0.0159379
-208.861,64.557,0.0221831,0.0166888
-205.063,64.557,0.0223571,0.0174476
-201.266,64.557,0.0225345,0.0182157
-197.468,64.557,0.0227151,0.0189942
-193.671,64.557,0.0228992,0.0197845
-189.873,64.557,0.0230869,0.0205878
-186.076,64.557,0.0232782,0.0214055
-182.278,64.557,0.0234733,0.0222389
-178.481,64.557,0.0236721,0.0230891
-174.684,64.557,0.0238748,0.0239576
-170.886,64.557,0.0240814,0.0248457
-167.089,64.557,0.0242918,0.0257545
-163.291,64.557,0.024506,0.0266855
-159.494,64.557,0.0247241,0.0276399
-155.696,64.557,0.024946,0.028619
-151.899,64.557,0.0251717,0.0296241
-148.101,64.557,0.025401,0.0306566
-144.304,64.557,0.025634,0.0317178
-140.506,64.557,0.0258704,0.0328089
-136.709,64.557,0.0261102,0.0339313
-132.911,64.557,0.0263533,0.0350863
-129.114,64.557,0.0265996,0.0362752
-125.316,64.557,0.0268487,0.0374994
-121.519,64.557,0.0271007,0.0387601
-117.722,64.557,0.0273552,0.0400587
-113.924,64.557,0.0276122,0.0413965
-110.127,64.557,0.0278713,0.0427748
-106.329,64.557,0.0281323,0.044195
-102.532,64.557,0.0283949,0.0456584
-98.7342,64.557,0.028659,0.0471663
-94.9367,64.557,0.0289242,0.0487201
-91.1392,64.557,0.0291902,0.0503211
-87.3418,64.557,0.0294567,0.0519706
-83.5443,64.557,0.0297233,0.05367
-79.7468,64.557,0.0299898,0.0554207
-75.9494,64.557,0.0302558,0.0572239
-72.1519,64.557,0.0305208,0.0590811
-68.3544,64.557,0.0307845,0.0609935
-64.557,64.557,0.0310465,0.0629626
-60.7595,64.557,0.0313063,0.0649896
-56.962,64.557,0.0315635,0.0670759
-53.1646,64.557,0.0318177,0.069223
-49.3671,64.557,0.0320684,0.0714321
-45.5696,64.557,0.032315,0.0737046
-41.7722,64.557,0.0325572,0.0760419
-37.9747,64.557,0.0327943,0.0784453
-34.1772,64.557,0.0330259,0.0809163
-30.3797,64.557,0.0332514,0.0834561
-26.5823,64.557,0.0334702,0.0860661
-22.7848,64.557,0.0336817,0.0887478
-18.9873,64.557,0.0338854,0.0915025
-15.1899,64.557,0.0340807,0.0943315
-11.3924,64.557,0.0342668,0.0972363
-7.59494,64.557,0.0344433,0.100218
-3.79747,64.557,0.0346093,0.103279
0,64.557,0.0347643,0.106419
-300,68.3544,0.0190094,-0.000231366
-296.203,68.3544,0.0191921,0.000696723
-292.405,68.3544,0.0193701,0.00160464
-288.608,68.3544,0.0195439,0.00249358
-284.81,68.3544,0.019714,0.00336475
-281.013,68.3544,0.0198808,0.00421936
-277.215,68.3544,0.0200449,0.0050586
-273.418,68.3544,0.0202066,0.00588369
-269.62,68.3544,0.0203664,0.00669583
-265.823,68.3544,0.0205247,0.00749624
-262.025,68.3544,0.0206819,0.00828614
-258.228,68.3544,0.0208384,0.00906672
-254.43,68.3544,0.0209945,0.00983923
-250.633,68.3544,0.0211507,0.0106049
-246.835,68.3544,0.0213071,0.0113649
-243.038,68.3544,0.0214642,0.0121204
-239.241,68.3544,0.0216222,0.0128728
-235.443,68.3544,0.0217815,0.0136232
-231.646,68.3544,0.0219422,0.0143729
-227.848,68.3544,0.0221048,0.015123
-224.051,68.3544,0.0222693,0.0158749
-220.253,68.3544,0.022436,0.0166297
-216.456,68.3544,0.0226052,0.0173888
-212.658,68.3544,0.022777,0.0181532
-208.861,68.3544,0.0229517,0.0189244
-205.063,68.3544,0.0231292,0.0197035
-201.266,68.3544,0.02331,0.0204917
-197.468,68.3544,0.0234939,0.0212903
-193.671,68.3544,0.0236812,0.0221006
-189.873,68.3544,0.023872,0.0229238
-186.076,68.3544,0.0240663,0.0237612
-182.278,68.3544,0.0242643,0.024614
-178.481,68.3544,0.0244659,0.0254835
-174.684,68.3544,0.0246712,0.0263709
-170.886,68.3544,0.0248803,0.0272775
-167.089,68.3544,0.0250931,0.0282046
-163.291,68.3544,0.0253096,0.0291534
-159.494,68.3544,0.0255299,0.0301251
-155.696,68.3544,0.0257538,0.0311212
-151.899,68.3544,0.0259813,0.0321427
-148.101,68.3544,0.0262123,0.0331911
-144.304,68.3544,0.0264469,0.0342675
-140.506,68.3544,0.0266847,0.0353733
-136.709,68.3544,0.0269259,0.0365097
-132.911,68.3544,0.0271701,0.037678
-129.114,68.3544,0.0274172,0.0388795
-125.316,68.3544,0.0276672,0.0401155
-121.519,68.3544,0.0279198,0.0413872
-117.722,68.3544,0.0281748,0.042696
-113.924,68.3544,0.028432,0.0440432
-110.127,68.3544,0.0286912,0.0454299
-106.329,68.3544,0.0289521,0.0468576
-102.532,68.3544,0.0292145,0.0483275
-98.7342,68.3544,0.0294781,0.049841
-94.9367,68.3544,0.0297426,0.0513992
-91.1392,68.3544,0.0300078,0.0530036
-87.3418,68.3544,0.0302732,0.0546554
-83.5443,68.3544,0.0305387,0.0563559
-79.7468,68.3544,0.0308037,0.0581065
-75.9494,68.3544,0.031068,0.0599084
-72.1519,68.3544,0.0313311,0.0617629
-68.3544,68.3544,0.0315927,0.0636715
-64.557,68.3544,0.0318524,0.0656353
-60.7595,68.3544,0.0321096,0.0676557
-56.962,68.3544,0.0323641,0.0697341
-53.1646,68.3544,0.0326153,0.0718717
-49.3671,68.3544,0.0328627,0.0740699
-45.5696,68.3544,0.0331059,0.0763299
-41.7722,68.3544,0.0333444,0.0786532
-37.9747,68.3544,0.0335776,0.0810411
-34.1772,68.3544,0.0338049,0.0834948
-30.3797,68.3544,0.0340259,0.0860157
-26.5823,68.3544,0.03424,0.0886052
-22.7848,68.3544,0.0344466,0.0912646
-18.9873,68.3544,0.0346451,0.0939952
-15.1899,68.3544,0.0348348,0.0967983
-11.3924,68.3544,0.0350152,0.0996754
-7.59494,68.3544,0.0351856,0.102628
-3.79747,68.3544,0.0353453,0.105657
0,68.3544,0.0354937,0.108764
-300,72.1519,0.0196727,0.00160321
-296.203,72.1519,0.0198597,0.00254028
-292.405,72.1519,0.0200421,0.003458
-288.608,72.1519,0.0202202,0.00435754
-284.81,72.1519,0.0203946,0.00524006
-281.013,72.1519,0.0205658,0.00610672
-277.215,72.1519,0.0207341,0.00695871
-273.418,72.1519,0.0209001,0.00779719
-269.62,72.1519,0.0210641,0.00862333
-265.823,72.1519,0.0212266,0.00943831
-262.025,72.1519,0.021388,0.0102433
-258.228,72.1519,0.0215486,0.0110395
-254.43,72.1519,0.0217088,0.0118281
-250.633,72.1519,0.0218689,0.0126102
-246.835,72.1519,0.0220293,0.0133871
-243.038,72.1519,0.0221903,0.0141599
-239.241,72.1519,0.0223522,0.0149298
-235.443,72.1519,0.0225153,0.0156981
-231.646,72.1519,0.0226798,0.0164659
-227.848,72.1519,0.022846,0.0172343
-224.051,72.1519,0.0230141,0.0180047
-220.253,72.1519,0.0231843,0.0187782
-216.456,72.1519,0.023357,0.0195559
-212.658,72.1519,0.0235321,0.0203392
-208.861,72.1519,0.02371,0.0211292
-205.063,72.1519,0.0238908,0.0219271
-201.266,72.1519,0.0240746,0.0227341
-197.468,72.1519,0.0242615,0.0235515
-193.671,72.1519,0.0244517,0.0243804
-189.873,72.1519,0.0246452,0.0252221
-186.076,72.1519,0.0248422,0.0260777
-182.278,72.1519,0.0250427,0.0269486
-178.481,72.1519,0.0252468,0.0278358
-174.684,72.1519,0.0254545,0.0287407
-170.886,72.1519,0.0256657,0.0296645
-167.089,72.1519,0.0258806,0.0306084
-163.291,72.1519,0.0260991,0.0315736
-159.494,72.1519,0.0263211,0.0325613
-155.696,72.1519,0.0265467,0.0335729
-151.899,72.1519,0.0267758,0.0346094
-148.101,72.1519,0.0270083,0.0356722
-144.304,72.1519,0.027244,0.0367625
-140.506,72.1519,0.027483,0.0378816
-136.709,72.1519,0.0277251,0.0390306
-132.911,72.1519,0.0279701,0.0402108
-129.114,72.1519,0.0282179,0.0414235
-125.316,72.1519,0.0284683,0.04267
-121.519,72.1519,0.0287212,0.0439513
-117.722,72.1519,0.0289763,0.0452689
-113.924,72.1519,0.0292335,0.046624
-110.127,72.1519,0.0294924,0.0480178
-106.329,72.1519,0.029753,0.0494516
-102.532,72.1519,0.0300148,0.0509266
-98.7342,72.1519,0.0302776,0.0524441
-94.9367,72.1519,0.0305412,0.0540054
-91.1392,72.1519,0.0308052,0.0556118
-87.3418,72.1519,0.0310692,0.0572644
-83.5443,72.1519,0.0313331,0.0589646
-79.7468,72.1519,0.0315963,0.0607137
-75.9494,72.1519,0.0318586,0.0625129
-72.1519,72.1519,0.0321196,0.0643635
-68.3544,72.1519,0.0323787,0.0662667
-64.557,72.1519,0.0326358,0.0682239
-60.7595,72.1519,0.0328902,0.0702363
-56.962,72.1519,0.0331416,0.0723053
-53.1646,72.1519,0.0333894,0.074432
-49.3671,72.1519,0.0336333,0.0766179
-45.5696,72.1519,0.0338727,0.0788641
-41.7722,72.1519,0.0341071,0.081172
-37.9747,72.1519,0.034336,0.0835428
-34.1772,72.1519,0.0345589,0.0859779
-30.3797,72.1519,0.0347751,0.0884786
-26.5823,72.1519,0.0349842,0.0910461
-22.7848,72.1519,0.0351854,0.0936818
-18.9873,72.1519,0.0353783,0.0963869
-15.1899,72.1519,0.0355623,0.0991628
-11.3924,72.1519,0.0357365,0.102011
-7.59494,72.1519,0.0359005,0.104932
-3.79747,72.1519,0.0360536,0.107928
0,72.1519,0.0361951,0.111
-300,75.9494,0.0203336,0.00344101
-296.203,75.9494,0.0205247,0.0043857
-292.405,75.9494,0.0207111,0.00531187
-288.608,75.9494,0.0208932,0.00622064
-284.81,75.9494,0.0210716,0.00711314
-281.013,75.9494,0.0212468,0.00799051
-277.215,75.9494,0.0214191,0.00885388
-273.418,75.9494,0.021589,0.00970438
-269.62,75.9494,0.021757,0.0105432
-265.823,75.9494,0.0219233,0.0113713
-262.025,75.9494,0.0220885,0.0121901
-258.228,75.9494,0.0222529,0.0130005
-254.43,75.9494,0.0224169,0.0138038
-250.633,75.9494,0.0225807,0.0146011
-246.835,75.9494,0.0227448,0.0153935
-243.038,75.9494,0.0229094,0.0161822
-239.241,75.9494,0.0230749,0.0169684
-235.443,75.9494,0.0232414,0.0177531
-231.646,75.9494,0.0234093,0.0185376
-227.848,75.9494,0.0235789,0.019323
-224.051,75.9494,0.0237502,0.0201105
-220.253,75.9494,0.0239237,0.0209013
-216.456,75.9494,0.0240995,0.0216964
-212.658,75.9494,0.0242777,0.0224971
-208.861,75.9494,0.0244585,0.0233046
-205.063,75.9494,0.0246421,0.02412
-201.266,75.9494,0.0248287,0.0249444
-197.468,75.9494,0.0250183,0.0257791
-193.671,75.9494,0.025211,0.0266253
-189.873,75.9494,0.0254071,0.0274841
-186.076,75.9494,0.0256064,0.0283566
-182.278,75.9494,0.0258092,0.0292442
-178.481,75.9494,0.0260154,0.0301479
-174.684,75.9494,0.0262251,0.0310689
-170.886,75.9494,0.0264382,0.0320085
-167.089,75.9494,0.0266549,0.0329679
-163.291,75.9494,0.026875,0.0339481
-159.494,75.9494,0.0270986,0.0349505
-155.696,75.9494,0.0273255,0.0359762
-151.899,75.9494,0.0275558,0.0370263
-148.101,75.9494,0.0277894,0.0381022
-144.304,75.9494,0.0280261,0.0392051
-140.506,75.9494,0.0282658,0.040336
-136.709,75.9494,0.0285085,0.0414963
-132.911,75.9494,0.028754,0.0426871
-129.114,75.9494,0.0290022,0.0439096
-125.316,75.9494,0.0292528,0.0451651
-121.519,75.9494,0.0295056,0.0464547
-117.722,75.9494,0.0297606,0.0477798
-113.924,75.9494,0.0300174,0.0491414
-110.127,75.9494,0.0302758,0.0505409
-106.329,75.9494,0.0305356,0.0519794
-102.532,75.9494,0.0307965,0.0534582
-98.7342,75.9494,0.0310583,0.0549785
-94.9367,75.9494,0.0313205,0.0565415
-91.1392,75.9494,0.031583,0.0581484
-87.3418,75.9494,0.0318454,0.0598006
-83.5443,75.9494,0.0321074,0.0614991
-79.7468,75.9494,0.0323686,0.0632453
-75.9494,75.9494,0.0326286,0.0650404
-72.1519,75.9494,0.032887,0.0668856
-68.3544,75.9494,0.0331434,0.0687822
-64.557,75.9494,0.0333975,0.0707315
-60.7595,75.9494,0.0336488,0.0727345
-56.962,75.9494,0.0338967,0.0747927
-53.1646,75.9494,0.034141,0.0769072
-49.3671,75.9494,0.034381,0.0790794
-45.5696,75.9494,0.0346163,0.0813104
-41.7722,75.9494,0.0348464,0.0836015
-37.9747,75.9494,0.0350707,0.085954
-34.1772,75.9494,0.0352887,0.0883691
-30.3797,75.9494,0.0354998,0.0908482
-26.5823,75.9494,0.0357035,0.0933924
-22.7848,75.9494,0.0358992,0.096003
-18.9873,75.9494,0.0360862,0.0986812
-15.1899,75.9494,0.036264,0.101428
-11.3924,75.9494,0.0364319,0.104246
-7.59494,75.9494,0.0365892,0.107135
-3.79747,75.9494,0.0367353,0.110097
0,75.9494,0.0368695,0.113133
-300,79.7468,0.0209921,0.00528228
-296.203,79.7468,0.021187,0.00623328
-292.405,79.7468,0.0213771,0.00716657
-288.608,79.7468,0.021563,0.00808326
-284.81,79.7468,0.0217452,0.00898444
-281.013,79.7468,0.021924,0.00987119
-277.215,79.7468,0.0221,0.0107446
-273.418,79.7468,0.0222735,0.0116058
-269.62,79.7468,0.0224451,0.0124559
-265.823,79.7468,0.0226151,0.013296
-262.025,79.7468,0.0227838,0.0141272
-258.228,79.7468,0.0229517,0.0149506
-254.43,79.7468,0.0231191,0.0157673
-250.633,79.7468,0.0232864,0.0165784
-246.835,79.7468,0.0234538,0.017385
-243.038,79.7468,0.0236217,0.0181883
-239.241,79.7468,0.0237904,0.0189893
-235.443,79.7468,0.0239601,0.0197892
-231.646,79.7468,0.0241312,0.0205892
-227.848,79.7468,0.0243038,0.0213902
-224.051,79.7468,0.0244781,0.0221935
-220.253,79.7468,0.0246545,0.0230002
-216.456,79.7468,0.0248331,0.0238114
-212.658,79.7468,0.025014,0.0246283
-208.861,79.7468,0.0251975,0.0254519
-205.063,79.7468,0.0253837,0.0262834
-201.266,79.7468,0.0255727,0.027124
-197.468,79.7468,0.0257647,0.0279748
-193.671,79.7468,0.0259597,0.0288368
-189.873,79.7468,0.0261579,0.0297114
-186.076,79.7468,0.0263593,0.0305996
-182.278,79.7468,0.0265641,0.0315025
-178.481,79.7468,0.0267721,0.0324213
-174.684,79.7468,0.0269835,0.0333572
-170.886,79.7468,0.0271982,0.0343113
-167.089,79.7468,0.0274163,0.0352848
-163.291,79.7468,0.0276378,0.0362788
-159.494,79.7468,0.0278626,0.0372944
-155.696,79.7468,0.0280906,0.0383329
-151.899,79.7468,0.0283218,0.0393954
-148.101,79.7468,0.0285562,0.0404831
-144.304,79.7468,0.0287935,0.0415971
-140.506,79.7468,0.0290338,0.0427387
-136.709,79.7468,0.0292768,0.0439089
-132.911,79.7468,0.0295225,0.0451089
-129.114,79.7468,0.0297707,0.0463399
-125.316,79.7468,0.0300211,0.0476032
-121.519,79.7468,0.0302737,0.0488998
-117.722,79.7468,0.0305281,0.050231
-113.924,79.7468,0.0307843,0.0515979
-110.127,79.7468,0.0310419,0.0530017
-106.329,79.7468,0.0313007,0.0544437
-102.532,79.7468,0.0315604,0.0559249
-98.7342,79.7468,0.0318207,0.0574466
-94.9367,79.7468,0.0320814,0.05901
-91.1392,79.7468,0.0323421,0.0606162
-87.3418,79.7468,0.0326026,0.0622665
-83.5443,79.7468,0.0328624,0.0639621
-79.7468,79.7468,0.0331211,0.0657041
-75.9494,79.7468,0.0333785,0.0674938
-72.1519,79.7468,0.0336341,0.0693324
-68.3544,79.7468,0.0338876,0.071221
-64.557,79.7468,0.0341384,0.0731609
-60.7595,79.7468,0.0343862,0.0751533
-56.962,79.7468,0.0346305,0.0771994
-53.1646,79.7468,0.0348708,0.0793004
-49.3671,79.7468,0.0351066,0.0814576
-45.5696,79.7468,0.0353375,0.0836721
-41.7722,79.7468,0.0355629,0.0859451
-37.9747,79.7468,0.0357823,0.0882779
-34.1772,79.7468,0.0359952,0.0906718
-30.3797,79.7468,0.036201,0.0931278
-26.5823,79.7468,0.036399,0.0956474
-22.7848,79.7468,0.0365888,0.0982316
-18.9873,79.7468,0.0367696,0.100882
-15.1899,79.7468,0.036941,0.103599
-11.3924,79.7468,0.0371021,0.106385
-7.59494,79.7468,0.0372525,0.10924
-3.79747,79.7468,0.0373913,0.112166
0,79.7468,0.037518,0.115165
-300,83.5443,0.0216485,0.00712723
-296.203,83.5443,0.0218469,0.00808326
-292.405,83.5443,0.0220404,0.00902241
-288.608,83.5443,0.0222298,0.00994575
-284.81,83.5443,0.0224153,0.0108543
-281.013,83.5443,0.0225976,0.0117492
-277.215,83.5443,0.0227769,0.0126314
-273.418,83.5443,0.0229539,0.0135021
-269.62,83.5443,0.0231287,0.0143622
-265.823,83.5443,0.023302,0.015213
-262.025,83.5443,0.023474,0.0160553
-258.228,83.5443,0.0236451,0.0168903
-254.43,83.5443,0.0238157,0.0177191
-250.633,83.5443,0.0239861,0.0185428
-246.835,83.5443,0.0241566,0.0193624
-243.038,83.5443,0.0243275,0.0201789
-239.241,83.5443,0.0244992,0.0209936
-235.443,83.5443,0.0246718,0.0218074
-231.646,83.5443,0.0248457,0.0226215
-227.848,83.5443,0.025021,0.023437
-224.051,83.5443,0.0251981,0.0242548
-220.253,83.5443,0.025377,0.0250762
-216.456,83.5443,0.0255581,0.0259022
-212.658,83.5443,0.0257415,0.0267339
-208.861,83.5443,0.0259274,0.0275724
-205.063,83.5443,0.0261159,0.0284188
-201.266,83.5443,0.0263071,0.0292742
-197.468,83.5443,0.0265011,0.0301398
-193.671,83.5443,0.0266982,0.0310165
-189.873,83.5443,0.0268982,0.0319056
-186.076,83.5443,0.0271014,0.0328081
-182.278,83.5443,0.0273078,0.0337251
-178.481,83.5443,0.0275174,0.0346578
-174.684,83.5443,0.0277302,0.0356072
-170.886,83.5443,0.0279462,0.0365745
-167.089,83.5443,0.0281655,0.0375609
-163.291,83.5443,0.028388,0.0385673
-159.494,83.5443,0.0286137,0.039595
-155.696,83.5443,0.0288426,0.0406451
-151.899,83.5443,0.0290744,0.0417187
-148.101,83.5443,0.0293093,0.0428169
-144.304,83.5443,0.029547,0.0439408
-140.506,83.5443,0.0297875,0.0450916
-136.709,83.5443,0.0300305,0.0462705
-132.911,83.5443,0.0302761,0.0474785
-129.114,83.5443,0.030524,0.0487168
-125.316,83.5443,0.030774,0.0499865
-121.519,83.5443,0.031026,0.0512888
-117.722,83.5443,0.0312797,0.0526249
-113.924,83.5443,0.0315349,0.0539958
-110.127,83.5443,0.0317913,0.0554027
-106.329,83.5443,0.0320488,0.0568468
-102.532,83.5443,0.032307,0.0583292
-98.7342,83.5443,0.0325657,0.059851
-94.9367,83.5443,0.0328245,0.0614135
-91.1392,83.5443,0.0330832,0.0630178
-87.3418,83.5443,0.0333414,0.064665
-83.5443,83.5443,0.0335987,0.0663563
-79.7468,83.5443,0.0338548,0.0680929
-75.9494,83.5443,0.0341093,0.069876
-72.1519,83.5443,0.0343618,0.0717066
-68.3544,83.5443,0.0346119,0.073586
-64.557,83.5443,0.0348592,0.0755153
-60.7595,83.5443,0.0351032,0.0774958
-56.962,83.5443,0.0353435,0.0795285
-53.1646,83.5443,0.0355796,0.0816147
-49.3671,83.5443,0.035811,0.0837556
-45.5696,83.5443,0.0360372,0.0859523
-41.7722,83.5443,0.0362577,0.088206
-37.9747,83.5443,0.0364719,0.0905179
-34.1772,83.5443,0.0366794,0.0928891
-30.3797,83.5443,0.0368794,0.095321
-26.5823,83.5443,0.0370715,0.0978146
-22.7848,83.5443,0.0372551,0.100371
-18.9873,83.5443,0.0374295,0.102992
-15.1899,83.5443,0.0375941,0.105678
-11.3924,83.5443,0.0377483,0.108431
-7.59494,83.5443,0.0378914,0.111251
-3.79747,83.5443,0.0380227,0.11414
0,83.5443,0.0381415,0.1171
-300,87.3418,0.0223028,0.00897598
-296.203,87.3418,0.0225043,0.00993582
-292.405,87.3418,0.0227011,0.0108796
-288.608,87.3418,0.0228936,0.0118084
-284.81,87.3418,0.0230823,0.0127231
-281.013,87.3418,0.0232677,0.0136249
-277.215,87.3418,0.0234501,0.0145147
-273.418,87.3418,0.0236301,0.0153936
-269.62,87.3418,0.0238081,0.0162626
-265.823,87.3418,0.0239843,0.0171227
-262.025,87.3418,0.0241593,0.0179749
-258.228,87.3418,0.0243334,0.0188204
-254.43,87.3418,0.0245069,0.0196601
-250.633,87.3418,0.0246801,0.0204951
-246.835,87.3418,0.0248534,0.0213264
-243.038,87.3418,0.025027,0.022155
-239.241,87.3418,0.0252014,0.0229821
-235.443,87.3418,0.0253766,0.0238086
-231.646,87.3418,0.025553,0.0246356
-227.848,87.3418,0.0257309,0.0254642
-224.051,87.3418,0.0259103,0.0262954
-220.253,87.3418,0.0260917,0.0271302
-216.456,87.3418,0.026275,0.0279698
-212.658,87.3418,0.0264606,0.0288151
-208.861,87.3418,0.0266485,0.0296673
-205.063,87.3418,0.026839,0.0305274
-201.266,87.3418,0.0270321,0.0313964
-197.468,87.3418,0.027228,0.0322755
-193.671,87.3418,0.0274267,0.0331656
-189.873,87.3418,0.0276284,0.034068
-186.076,87.3418,0.0278331,0.0349836
-182.278,87.3418,0.0280408,0.0359135
-178.481,87.3418,0.0282517,0.0368588
-174.684,87.3418,0.0284656,0.0378206
-170.886,87.3418,0.0286827,0.0387999
-167.089,87.3418,0.0289029,0.0397979
-163.291,87.3418,0.0291262,0.0408156
-159.494,87.3418,0.0293525,0.0418541
-155.696,87.3418,0.0295819,0.0429145
-151.899,87.3418,0.0298141,0.0439979
-148.101,87.3418,0.0300492,0.0451054
-144.304,87.3418,0.030287,0.046238
-140.506,87.3418,0.0305273,0.0473969
-136.709,87.3418,0.0307702,0.0485832
-132.911,87.3418,0.0310154,0.049798
-129.114,87.3418,0.0312627,0.0510423
-125.316,87.3418,0.031512,0.0523173
-121.519,87.3418,0.0317631,0.0536241
-117.722,87.3418,0.0320158,0.0549637
-113.924,87.3418,0.0322697,0.0563374
-110.127,87.3418,0.0325248,0.0577462
-106.329,87.3418,0.0327807,0.0591912
-102.532,87.3418,0.0330372,0.0606735
-98.7342,87.3418,0.0332939,0.0621943
-94.9367,87.3418,0.0335506,0.0637547
-91.1392,87.3418,0.0338069,0.0653558
-87.3418,87.3418,0.0340625,0.0669987
-83.5443,87.3418,0.0343171,0.0686845
-79.7468,87.3418,0.0345702,0.0704144
-75.9494,87.3418,0.0348216,0.0721896
-72.1519,87.3418,0.0350707,0.074011
-68.3544,87.3418,0.0353172,0.07588
-64.557,87.3418,0.0355607,0.0777975
-60.7595,87.3418,0.0358007,0.0797648
-56.962,87.3418,0.0360367,0.081783
-53.1646,87.3418,0.0362683,0.0838531
-49.3671,87.3418,0.036495,0.0859765
-45.5696,87.3418,0.0367162,0.0881542
-41.7722,87.3418,0.0369315,0.0903873
-37.9747,87.3418,0.0371402,0.092677
-34.1772,87.3418,0.037342,0.0950245
-30.3797,87.3418,0.0375361,0.0974309
-26.5823,87.3418,0.037722,0.0998974
-22.7848,87.3418,0.0378991,0.102425
-18.9873,87.3418,0.0380667,0.105015
-15.1899,87.3418,0.0382244,0.107669
-11.3924,87.3418,0.0383713,0.110387
-7.59494,87.3418,0.0385068,0.113171
-3.79747,87.3418,0.0386303,0.116023
0,87.3418,0.038741,0.118942
-300,91.1392,0.0229551,0.0108286
-296.203,91.1392,0.0231595,0.0117911
-292.405,91.1392,0.0233592,0.0127384
-288.608,91.1392,0.0235546,0.0136714
-284.81,91.1392,0.0237461,0.0145911
-281.013,91.1392,0.0239344,0.0154986
-277.215,91.1392,0.0241197,0.0163948
-273.418,91.1392,0.0243025,0.0172807
-269.62,91.1392,0.0244832,0.0181573
-265.823,91.1392,0.0246622,0.0190256
-262.025,91.1392,0.0248399,0.0198866
-258.228,91.1392,0.0250167,0.0207414
-254.43,91.1392,0.0251928,0.0215908
-250.633,91.1392,0.0253686,0.0224359
-246.835,91.1392,0.0255444,0.0232778
-243.038,91.1392,0.0257205,0.0241173
-239.241,91.1392,0.0258973,0.0249556
-235.443,91.1392,0.0260749,0.0257936
-231.646,91.1392,0.0262536,0.0266324
-227.848,91.1392,0.0264336,0.0274729
-224.051,91.1392,0.0266152,0.0283162
-220.253,91.1392,0.0267986,0.0291633
-216.456,91.1392,0.026984,0.0300153
-212.658,91.1392,0.0271715,0.0308731
-208.861,91.1392,0.0273612,0.0317377
-205.063,91.1392,0.0275534,0.0326103
-201.266,91.1392,0.0277482,0.0334917
-197.468,91.1392,0.0279456,0.0343832
-193.671,91.1392,0.0281457,0.0352856
-189.873,91.1392,0.0283488,0.0362001
-186.076,91.1392,0.0285547,0.0371276
-182.278,91.1392,0.0287635,0.0380692
-178.481,91.1392,0.0289754,0.0390259
-174.684,91.1392,0.0291902,0.0399989
-170.886,91.1392,0.0294081,0.040989
-167.089,91.1392,0.0296289,0.0419975
-163.291,91.1392,0.0298527,0.0430252
-159.494,91.1392,0.0300794,0.0440734
-155.696,91.1392,0.030309,0.0451429
-151.899,91.1392,0.0305413,0.046235
-148.101,91.1392,0.0307764,0.0473505
-144.304,91.1392,0.031014,0.0484907
-140.506,91.1392,0.031254,0.0496565
-136.709,91.1392,0.0314964,0.0508491
-132.911,91.1392,0.0317409,0.0520694
-129.114,91.1392,0.0319874,0.0533185
-125.316,91.1392,0.0322358,0.0545976
-121.519,91.1392,0.0324857,0.0559077
-117.722,91.1392,0.0327371,0.0572498
-113.924,91.1392,0.0329895,0.0586251
-110.127,91.1392,0.0332429,0.0600345
-106.329,91.1392,0.033497,0.0614792
-102.532,91.1392,0.0337514,0.0629604
-98.7342,91.1392,0.0340059,0.0644789
-94.9367,91.1392,0.0342602,0.066036
-91.1392,91.1392,0.0345139,0.0676327
-87.3418,91.1392,0.0347667,0.0692701
-83.5443,91.1392,0.0350183,0.0709493
-79.7468,91.1392,0.0352682,0.0726713
-75.9494,91.1392,0.0355161,0.0744374
-72.1519,91.1392,0.0357616,0.0762485
-68.3544,91.1392,0.0360042,0.0781058
-64.557,91.1392,0.0362436,0.0800103
-60.7595,91.1392,0.0364793,0.0819633
-56.962,91.1392,0.0367108,0.0839657
-53.1646,91.1392,0.0369376,0.0860187
-49.3671,91.1392,0.0371593,0.0881233
-45.5696,91.1392,0.0373753,0.0902808
-41.7722,91.1392,0.0375851,0.0924922
-37.9747,91.1392,0.0377882,0.0947586
-34.1772,91.1392,0.0379839,0.0970811
-30.3797,91.1392,0.0381718,0.0994609
-26.5823,91.1392,0.0383512,0.101899
-22.7848,91.1392,0.0385216,0.104397
-18.9873,91.1392,0.0386822,0.106955
-15.1899,91.1392,0.0388326,0.109575
-11.3924,91.1392,0.0389719,0.112258
-7.59494,91.1392,0.0390997,0.115005
-3.79747,91.1392,0.0392151,0.117817
0,91.1392,0.0393174,0.120695
-300,94.9367,0.0236053,0.0126852
-296.203,94.9367,0.0238124,0.0136492
-292.405,94.9367,0.0240147,0.0145987
-288.608,94.9367,0.0242128,0.0155348
-284.81,94.9367,0.024407,0.0164584
-281.013,94.9367,0.0245978,0.0173705
-277.215,94.9367,0.0247857,0.018272
-273.418,94.9367,0.0249711,0.0191638
-269.62,94.9367,0.0251543,0.0200469
-265.823,94.9367,0.0253358,0.0209223
-262.025,94.9367,0.025516,0.0217909
-258.228,94.9367,0.0256951,0.0226538
-254.43,94.9367,0.0258736,0.0235118
-250.633,94.9367,0.0260517,0.0243659
-246.835,94.9367,0.0262298,0.0252171
-243.038,94.9367,0.0264082,0.0260665
-239.241,94.9367,0.0265871,0.0269148
-235.443,94.9367,0.0267668,0.0277632
-231.646,94.9367,0.0269475,0.0286126
-227.848,94.9367,0.0271295,0.0294639
-224.051,94.9367,0.027313,0.0303182
-220.253,94.9367,0.0274983,0.0311765
-216.456,94.9367,0.0276853,0.0320397
-212.658,94.9367,0.0278745,0.0329088
-208.861,94.9367,0.0280658,0.0337848
-205.063,94.9367,0.0282595,0.0346687
-201.266,94.9367,0.0284556,0.0355615
-197.468,94.9367,0.0286543,0.0364641
-193.671,94.9367,0.0288556,0.0373777
-189.873,94.9367,0.0290597,0.0383031
-186.076,94.9367,0.0292666,0.0392414
-182.278,94.9367,0.0294764,0.0401936
-178.481,94.9367,0.0296889,0.0411606
-174.684,94.9367,0.0299044,0.0421436
-170.886,94.9367,0.0301228,0.0431434
-167.089,94.9367,0.030344,0.0441612
-163.291,94.9367,0.0305681,0.0451979
-159.494,94.9367,0.0307949,0.0462545
-155.696,94.9367,0.0310244,0.0473321
-151.899,94.9367,0.0312566,0.0484316
-148.101,94.9367,0.0314913,0.0495541
-144.304,94.9367,0.0317285,0.0507007
-140.506,94.9367,0.031968,0.0518723
-136.709,94.9367,0.0322096,0.0530699
-132.911,94.9367,0.0324532,0.0542947
-129.114,94.9367,0.0326987,0.0555476
-125.316,94.9367,0.0329458,0.0568296
-121.519,94.9367,0.0331943,0.0581418
-117.722,94.9367,0.0334441,0.0594852
-113.924,94.9367,0.0336948,0.0608609
-110.127,94.9367,0.0339463,0.0622699
-106.329,94.9367,0.0341983,0.0637133
-102.532,94.9367,0.0344504,0.065192
-98.7342,94.9367,0.0347024,0.0667072
-94.9367,94.9367,0.034954,0.0682598
-91.1392,94.9367,0.0352049,0.069851
-87.3418,94.9367,0.0354546,0.0714817
-83.5443,94.9367,0.0357029,0.0731531
-79.7468,94.9367,0.0359493,0.0748662
-75.9494,94.9367,0.0361936,0.076622
-72.1519,94.9367,0.0364352,0.0784217
-68.3544,94.9367,0.0366737,0.0802662
-64.557,94.9367,0.0369088,0.0821566
-60.7595,94.9367,0.0371399,0.0840941
-56.962,94.9367,0.0373666,0.0860796
-53.1646,94.9367,0.0375884,0.0881142
-49.3671,94.9367,0.0378048,0.0901991
-45.5696,94.9367,0.0380153,0.0923352
-41.7722,94.9367,0.0382194,0.0945237
-37.9747,94.9367,0.0384165,0.0967656
-34.1772,94.9367,0.038606,0.099062
-30.3797,94.9367,0.0387874,0.101414
-26.5823,94.9367,0.0389601,0.103823
-22.7848,94.9367,0.0391235,0.106289
-18.9873,94.9367,0.0392769,0.108814
-15.1899,94.9367,0.0394197,0.1114
-11.3924,94.9367,0.0395512,0.114046
-7.59494,94.9367,0.0396709,0.116754
-3.79747,94.9367,0.039778,0.119526
0,94.9367,0.0398717,0.122362
-300,98.7342,0.0242536,0.0145457
-296.203,98.7342,0.0244631,0.0155101
-292.405,98.7342,0.0246679,0.0164608
-288.608,98.7342,0.0248683,0.017399
-284.81,98.7342,0.0250649,0.0183253
-281.013,98.7342,0.0252581,0.0192409
-277.215,98.7342,0.0254483,0.0201465
-273.418,98.7342,0.025636,0.0210431
-269.62,98.7342,0.0258215,0.0219316
-265.823,98.7342,0.0260053,0.022813
-262.025,98.7342,0.0261876,0.0236882
-258.228,98.7342,0.026369,0.024558
-254.43,98.7342,0.0265496,0.0254235
-250.633,98.7342,0.0267298,0.0262856
-246.835,98.7342,0.0269099,0.0271451
-243.038,98.7342,0.0270902,0.0280031
-239.241,98.7342,0.027271,0.0288605
-235.443,98.7342,0.0274526,0.0297181
-231.646,98.7342,0.0276351,0.030577
-227.848,98.7342,0.0278189,0.0314381
-224.051,98.7342,0.028004,0.0323023
-220.253,98.7342,0.0281908,0.0331706
-216.456,98.7342,0.0283794,0.034044
-212.658,98.7342,0.0285699,0.0349233
-208.861,98.7342,0.0287626,0.0358096
-205.063,98.7342,0.0289575,0.0367037
-201.266,98.7342,0.0291547,0.0376067
-197.468,98.7342,0.0293545,0.0385195
-193.671,98.7342,0.0295568,0.0394431
-189.873,98.7342,0.0297617,0.0403783
-186.076,98.7342,0.0299693,0.0413263
-182.278,98.7342,0.0301796,0.042288
-178.481,98.7342,0.0303927,0.0432643
-174.684,98.7342,0.0306086,0.0442561
-170.886,98.7342,0.0308272,0.0452646
-167.089,98.7342,0.0310486,0.0462906
-163.291,98.7342,0.0312726,0.0473351
-159.494,98.7342,0.0314994,0.0483991
-155.696,98.7342,0.0317286,0.0494836
-151.899,98.7342,0.0319604,0.0505896
-148.101,98.7342,0.0321946,0.051718
-144.304,98.7342,0.0324311,0.0528698
-140.506,98.7342,0.0326697,0.0540461
-136.709,98.7342,0.0329103,0.0552478
-132.911,98.7342,0.0331528,0.0564758
-129.114,98.7342,0.033397,0.0577313
-125.316,98.7342,0.0336426,0.0590152
-121.519,98.7342,0.0338895,0.0603285
-117.722,98.7342,0.0341375,0.0616721
-113.924,98.7342,0.0343862,0.0630472
-110.127,98.7342,0.0346355,0.0644546
-106.329,98.7342,0.0348851,0.0658955
-102.532,98.7342,0.0351347,0.0673707
-98.7342,98.7342,0.035384,0.0688814
-94.9367,98.7342,0.0356327,0.0704285
-91.1392,98.7342,0.0358804,0.0720131
-87.3418,98.7342,0.0361269,0.0736361
-83.5443,98.7342,0.0363717,0.0752986
-79.7468,98.7342,0.0366144,0.0770016
-75.9494,98.7342,0.0368547,0.0787462
-72.1519,98.7342,0.0370921,0.0805332
-68.3544,98.7342,0.0373263,0.0823639
-64.557,98.7342,0.0375568,0.0842391
-60.7595,98.7342,0.0377831,0.08616
-56.962,98.7342,0.0380048,0.0881275
-53.1646,98.7342,0.0382213,0.0901427
-49.3671,98.7342,0.0384323,0.0922066
-45.5696,98.7342,0.038637,0.0943203
-41.7722,98.7342,0.0388351,0.0964848
-37.9747,98.7342,0.039026,0.0987012
-34.1772,98.7342,0.039209,0.10097
-30.3797,98.7342,0.0393837,0.103294
-26.5823,98.7342,0.0395494,0.105672
-22.7848,98.7342,0.0397055,0.108106
-18.9873,98.7342,0.0398515,0.110597
-15.1899,98.7342,0.0399865,0.113146
-11.3924,98.7342,0.04011,0.115755
-7.59494,98.7342,0.0402214,0.118424
-3.79747,98.7342,0.0403198,0.121154
0,98.7342,0.0404047,0.123946
-300,102.532,0.0249,0.01641
-296.203,102.532,0.0251116,0.0173737
-292.405,102.532,0.0253186,0.0183247
-288.608,102.532,0.0255212,0.0192637
-284.81,102.532,0.0257199,0.0201918
-281.013,102.532,0.0259152,0.0211098
-277.215,102.532,0.0261076,0.0220185
-273.418,102.532,0.0262973,0.0229189
-269.62,102.532,0.0264849,0.0238118
-265.823,102.532,0.0266707,0.0246981
-262.025,102.532,0.026855,0.0255788
-258.228,102.532,0.0270383,0.0264546
-254.43,102.532,0.0272208,0.0273265
-250.633,102.532,0.0274028,0.0281955
-246.835,102.532,0.0275848,0.0290623
-243.038,102.532,0.0277668,0.0299279
-239.241,102.532,0.0279493,0.0307932
-235.443,102.532,0.0281325,0.031659
-231.646,102.532,0.0283166,0.0325264
-227.848,102.532,0.0285018,0.0333962
-224.051,102.532,0.0286884,0.0342693
-220.253,102.532,0.0288765,0.0351466
-216.456,102.532,0.0290663,0.036029
-212.658,102.532,0.029258,0.0369175
-208.861,102.532,0.0294518,0.037813
-205.063,102.532,0.0296477,0.0387163
-201.266,102.532,0.0298458,0.0396285
-197.468,102.532,0.0300464,0.0405504
-193.671,102.532,0.0302494,0.0414829
-189.873,102.532,0.0304549,0.042427
-186.076,102.532,0.030663,0.0433837
-182.278,102.532,0.0308738,0.0443537
-178.481,102.532,0.0310871,0.0453382
-174.684,102.532,0.0313032,0.0463379
-170.886,102.532,0.0315218,0.0473539
-167.089,102.532,0.0317431,0.0483871
-163.291,102.532,0.0319669,0.0494384
-159.494,102.532,0.0321933,0.0505088
-155.696,102.532,0.032422,0.0515991
-151.899,102.532,0.0326532,0.0527105
-148.101,102.532,0.0328866,0.0538437
-144.304,102.532,0.0331222,0.0549998
-140.506,102.532,0.0333597,0.0561797
-136.709,102.532,0.0335991,0.0573843
-132.911,102.532,0.0338402,0.0586147
-129.114,102.532,0.0340828,0.0598717
-125.316,102.532,0.0343268,0.0611564
-121.519,102.532,0.0345718,0.0624697
-117.722,102.532,0.0348177,0.0638125
-113.924,102.532,0.0350642,0.0651859
-110.127,102.532,0.0353111,0.0665907
-106.329,102.532,0.0355582,0.068028
-102.532,102.532,0.035805,0.0694988
-98.7342,102.532,0.0360513,0.071004
-94.9367,102.532,0.0362969,0.0725445
-91.1392,102.532,0.0365413,0.0741214
-87.3418,102.532,0.0367842,0.0757357
-83.5443,102.532,0.0370252,0.0773882
-79.7468,102.532,0.037264,0.0790801
-75.9494,102.532,0.0375001,0.0808123
-72.1519,102.532,0.0377332,0.0825857
-68.3544,102.532,0.0379628,0.0844014
-64.557,102.532,0.0381885,0.0862604
-60.7595,102.532,0.0384097,0.0881637
-56.962,102.532,0.0386261,0.0901121
-53.1646,102.532,0.0388372,0.0921069
-49.3671,102.532,0.0390424,0.0941488
-45.5696,102.532,0.0392412,0.0962391
-41.7722,102.532,0.0394331,0.0983785
-37.9747,102.532,0.0396175,0.100568
-34.1772,102.532,0.0397938,0.102809
-30.3797,102.532,0.0399616,0.105102
-26.5823,102.532,0.04012,0.107449
-22.7848,102.532,0.0402687,0.10985
-18.9873,102.532,0.0404069,0.112306
-15.1899,102.532,0.0405339,0.114818
-11.3924,102.532,0.0406492,0.117388
-7.59494,102.532,0.040752,0.120016
-3.79747,102.532,0.0408416,0.122704
0,102.532,0.0409174,0.125452
-300,106.329,0.0255443,0.018278
-296.203,106.329,0.025758,0.01924
-292.405,106.329,0.0259669,0.0201901
-288.608,106.329,0.0261714,0.0211292
-284.81,106.329,0.0263721,0.022058
-281.013,106.329,0.0265693,0.0229774
-277.215,106.329,0.0267635,0.0238882
-273.418,106.329,0.0269552,0.0247913
-269.62,106.329,0.0271446,0.0256876
-265.823,106.329,0.0273321,0.0265779
-262.025,106.329,0.0275182,0.027463
-258.228,106.329,0.0277032,0.0283438
-254.43,106.329,0.0278874,0.0292212
-250.633,106.329,0.0280711,0.030096
-246.835,106.329,0.0282546,0.030969
-243.038,106.329,0.0284381,0.0318413
-239.241,106.329,0.0286221,0.0327135
-235.443,106.329,0.0288067,0.0335866
-231.646,106.329,0.0289921,0.0344614
-227.848,106.329,0.0291786,0.0353389
-224.051,106.329,0.0293663,0.0362198
-220.253,106.329,0.0295556,0.0371051
-216.456,106.329,0.0297464,0.0379957
-212.658,106.329,0.0299391,0.0388923
-208.861,106.329,0.0301337,0.039796
-205.063,106.329,0.0303304,0.0407075
-201.266,106.329,0.0305293,0.0416278
-197.468,106.329,0.0307304,0.0425578
-193.671,106.329,0.0309339,0.0434983
-189.873,106.329,0.0311398,0.0444503
-186.076,106.329,0.0313482,0.0454145
-182.278,106.329,0.0315591,0.046392
-178.481,106.329,0.0317725,0.0473836
-174.684,106.329,0.0319884,0.0483903
-170.886,106.329,0.0322069,0.0494128
-167.089,106.329,0.0324278,0.0504522
-163.291,106.329,0.0326512,0.0515092
-159.494,106.329,0.032877,0.0525849
-155.696,106.329,0.0331051,0.0536802
-151.899,106.329,0.0333354,0.0547959
-148.101,106.329,0.0335678,0.0559329
-144.304,106.329,0.0338022,0.0570923
-140.506,106.329,0.0340385,0.0582748
-136.709,106.329,0.0342764,0.0594814
-132.911,106.329,0.0345159,0.0607131
-129.114,106.329,0.0347568,0.0619707
-125.316,106.329,0.0349988,0.0632552
-121.519,106.329,0.0352417,0.0645674
-117.722,106.329,0.0354853,0.0659084
-113.924,106.329,0.0357294,0.0672791
-110.127,106.329,0.0359737,0.0686804
-106.329,106.329,0.0362179,0.0701131
-102.532,106.329,0.0364618,0.0715784
-98.7342,106.329,0.036705,0.073077
-94.9367,106.329,0.0369471,0.07461
-91.1392,106.329,0.037188,0.0761782
-87.3418,106.329,0.0374271,0.0777827
-83.5443,106.329,0.0376641,0.0794243
-79.7468,106.329,0.0378988,0.0811041
-75.9494,106.329,0.0381305,0.0828229
-72.1519,106.329,0.038359,0.0845817
-68.3544,106.329,0.0385838,0.0863815
-64.557,106.329,0.0388044,0.0882232
-60.7595,106.329,0.0390204,0.0901078
-56.962,106.329,0.0392314,0.0920362
-53.1646,106.329,0.0394367,0.0940095
-49.3671,106.329,0.0396359,0.0960285
-45.5696,106.329,0.0398285,0.0980942
-41.7722,106.329,0.040014,0.100208
-37.9747,106.329,0.0401917,0.10237
-34.1772,106.329,0.0403611,0.104581
-30.3797,106.329,0.0405217,0.106844
-26.5823,106.329,0.0406727,0.109158
-22.7848,106.329,0.0408137,0.111524
-18.9873,106.329,0.0409439,0.113944
-15.1899,106.329,0.0410627,0.116419
-11.3924,106.329,0.0411695,0.118949
-7.59494,106.329,0.0412635,0.121535
-3.79747,106.329,0.0413441,0.124179
0,106.329,0.0414106,0.126882
-300,110.127,0.0261868,0.0201494
-296.203,110.127,0.0264022,0.0211088
-292.405,110.127,0.0266128,0.0220572
-288.608,110.127,0.0268191,0.0229952
-284.81,110.127,0.0270215,0.0239238
-281.013,110.127,0.0272204,0.0248436
-277.215,110.127,0.0274163,0.0257556
-273.418,110.127,0.0276096,0.0266606
-269.62,110.127,0.0278006,0.0275592
-265.823,110.127,0.0279897,0.0284525
-262.025,110.127,0.0281774,0.0293411
-258.228,110.127,0.0283639,0.0302259
-254.43,110.127,0.0285495,0.0311078
-250.633,110.127,0.0287346,0.0319875
-246.835,110.127,0.0289194,0.0328658
-243.038,110.127,0.0291043,0.0337437
-239.241,110.127,0.0292895,0.0346219
-235.443,110.127,0.0294753,0.0355013
-231.646,110.127,0.0296618,0.0363826
-227.848,110.127,0.0298494,0.0372668
-224.051,110.127,0.0300381,0.0381546
-220.253,110.127,0.0302283,0.039047
-216.456,110.127,0.03042,0.0399447
-212.658,110.127,0.0306134,0.0408486
-208.861,110.127,0.0308086,0.0417595
-205.063,110.127,0.0310059,0.0426782
-201.266,110.127,0.0312052,0.0436058
-197.468,110.127,0.0314067,0.0445429
-193.671,110.127,0.0316105,0.0454904
-189.873,110.127,0.0318166,0.0464492
-186.076,110.127,0.032025,0.0474201
-182.278,110.127,0.0322359,0.0484041
-178.481,110.127,0.0324491,0.0494019
-174.684,110.127,0.0326648,0.0504144
-170.886,110.127,0.0328829,0.0514426
-167.089,110.127,0.0331033,0.0524871
-163.291,110.127,0.033326,0.053549
-159.494,110.127,0.033551,0.0546291
-155.696,110.127,0.0337781,0.0557283
-151.899,110.127,0.0340074,0.0568474
-148.101,110.127,0.0342386,0.0579873
-144.304,110.127,0.0344716,0.0591489
-140.506,110.127,0.0347064,0.0603331
-136.709,110.127,0.0349427,0.0615408
-132.911,110.127,0.0351804,0.0627727
-129.114,110.127,0.0354193,0.0640299
-125.316,110.127,0.0356591,0.0653133
-121.519,110.127,0.0358997,0.0666236
-117.722,110.127,0.0361409,0.0679618
-113.924,110.127,0.0363823,0.0693288
-110.127,110.127,0.0366238,0.0707255
-106.329,110.127,0.036865,0.0721528
-102.532,110.127,0.0371057,0.0736115
-98.7342,110.127,0.0373454,0.0751027
-94.9367,110.127,0.037584,0.0766271
-91.1392,110.127,0.0378211,0.0781857
-87.3418,110.127,0.0380562,0.0797795
-83.5443,110.127,0.0382891,0.0814092
-79.7468,110.127,0.0385194,0.0830759
-75.9494,110.127,0.0387465,0.0847804
-72.1519,110.127,0.0389702,0.0865236
-68.3544,110.127,0.03919,0.0883065
-64.557,110.127,0.0394053,0.09013
-60.7595,110.127,0.0396159,0.091995
-56.962,110.127,0.0398211,0.0939025
-53.1646,110.127,0.0400205,0.0958533
-49.3671,110.127,0.0402136,0.0978484
-45.5696,110.127,0.0403998,0.0998886
-41.7722,110.127,0.0405786,0.101975
-37.9747,110.127,0.0407495,0.104109
-34.1772,110.127,0.0409117,0.10629
-30.3797,110.127,0.0410649,0.108521
-26.5823,110.127,0.0412083,0.110801
-22.7848,110.127,0.0413414,0.113132
-18.9873,110.127,0.0414634,0.115515
-15.1899,110.127,0.0415738,0.117951
-11.3924,110.127,0.0416719,0.12044
-7.59494,110.127,0.0417569,0.122984
-3.79747,110.127,0.0418283,0.125584
0,110.127,0.0418852,0.12824
-300,113.924,0.0268272,0.022024
-296.203,113.924,0.0270442,0.0229799
-292.405,113.924,0.0272563,0.0239256
-288.608,113.924,0.0274641,0.0248617
-284.81,113.924,0.027668,0.0257891
-281.013,113.924,0.0278685,0.0267085
-277.215,113.924,0.0280658,0.0276208
-273.418,113.924,0.0282605,0.0285266
-269.62,113.924,0.028453,0.0294267
-265.823,113.924,0.0286435,0.030322
-262.025,113.924,0.0288325,0.0312133
-258.228,113.924,0.0290203,0.0321012
-254.43,113.924,0.0292072,0.0329866
-250.633,113.924,0.0293935,0.0338703
-246.835,113.924,0.0295795,0.0347531
-243.038,113.924,0.0297656,0.0356357
-239.241,113.924,0.0299518,0.0365189
-235.443,113.924,0.0301385,0.0374036
-231.646,113.924,0.030326,0.0382906
-227.848,113.924,0.0305144,0.0391806
-224.051,113.924,0.0307039,0.0400744
-220.253,113.924,0.0308948,0.0409729
-216.456,113.924,0.0310871,0.0418768
-212.658,113.924,0.0312811,0.042787
-208.861,113.924,0.0314768,0.0437042
-205.063,113.924,0.0316744,0.0446293
-201.266,113.924,0.031874,0.0455631
-197.468,113.924,0.0320757,0.0465064
-193.671,113.924,0.0322795,0.04746
-189.873,113.924,0.0324856,0.0484248
-186.076,113.924,0.0326939,0.0494015
-182.278,113.924,0.0329045,0.050391
-178.481,113.924,0.0331174,0.0513941
-174.684,113.924,0.0333326,0.0524117
-170.886,113.924,0.03355,0.0534445
-167.089,113.924,0.0337697,0.0544933
-163.291,113.924,0.0339916,0.0555592
-159.494,113.924,0.0342156,0.0566427
-155.696,113.924,0.0344416,0.0577449
-151.899,113.924,0.0346696,0.0588665
-148.101,113.924,0.0348994,0.0600083
-144.304,113.924,0.0351309,0.0611713
-140.506,113.924,0.035364,0.0623563
-136.709,113.924,0.0355984,0.063564
-132.911,113.924,0.0358341,0.0647954
-129.114,113.924,0.0360708,0.0660513
-125.316,113.924,0.0363083,0.0673325
-121.519,113.924,0.0365464,0.06864
-117.722,113.924,0.0367849,0.0699745
-113.924,113.924,0.0370235,0.0713369
-110.127,113.924,0.0372619,0.0727282
-106.329,113.924,0.0374999,0.074149
-102.532,113.924,0.0377372,0.0756004
-98.7342,113.924,0.0379734,0.0770831
-94.9367,113.924,0.0382082,0.0785981
-91.1392,113.924,0.0384412,0.0801462
-87.3418,113.924,0.0386722,0.0817283
-83.5443,113.924,0.0389007,0.0833452
-79.7468,113.924,0.0391264,0.0849979
-75.9494,113.924,0.0393487,0.0866871
-72.1519,113.924,0.0395674,0.0884139
-68.3544,113.924,0.039782,0.090179
-64.557,113.924,0.0399919,0.0919834
-60.7595,113.924,0.0401968,0.0938279
-56.962,113.924,0.0403961,0.0957134
-53.1646,113.924,0.0405894,0.0976408
-49.3671,113.924,0.0407761,0.0996111
-45.5696,113.924,0.0409557,0.101625
-41.7722,113.924,0.0411277,0.103684
-37.9747,113.924,0.0412914,0.105788
-34.1772,113.924,0.0414464,0.107938
-30.3797,113.924,0.041592,0.110136
-26.5823,113.924,0.0417275,0.112382
-22.7848,113.924,0.0418525,0.114677
-18.9873,113.924,0.0419662,0.117022
-15.1899,113.924,0.0420679,0.119417
-11.3924,113.924,0.0421571,0.121865
-7.59494,113.924,0.042233,0.124366
-3.79747,113.924,0.0422948,0.12692
0,113.924,0.042342,0.129528
-300,117.722,0.0274656,0.0239015
-296.203,117.722,0.0276839,0.0248531
-292.405,117.722,0.0278974,0.0257951
-288.608,117.722,0.0281066,0.0267285
-284.81,117.722,0.0283118,0.0276538
-281.013,117.722,0.0285135,0.028572
-277.215,117.722,0.0287122,0.0294836
-273.418,117.722,0.0289082,0.0303894
-269.62,117.722,0.0291019,0.0312902
-265.823,117.722,0.0292936,0.0321867
-262.025,117.722,0.0294837,0.0330796
-258.228,117.722,0.0296726,0.0339698
-254.43,117.722,0.0298606,0.0348579
-250.633,117.722,0.030048,0.0357447
-246.835,117.722,0.030235,0.036631
-243.038,117.722,0.0304219,0.0375175
-239.241,117.722,0.030609,0.0384049
-235.443,117.722,0.0307965,0.0392941
-231.646,117.722,0.0309847,0.0401858
-227.848,117.722,0.0311738,0.0410807
-224.051,117.722,0.0313639,0.0419797
-220.253,117.722,0.0315553,0.0428834
-216.456,117.722,0.031748,0.0437927
-212.658,117.722,0.0319424,0.0447083
-208.861,117.722,0.0321384,0.045631
-205.063,117.722,0.0323361,0.0465615
-201.266,117.722,0.0325358,0.0475008
-197.468,117.722,0.0327375,0.0484494
-193.671,117.722,0.0329412,0.0494082
-189.873,117.722,0.0331471,0.0503781
-186.076,117.722,0.0333551,0.0513597
-182.278,117.722,0.0335652,0.0523539
-178.481,117.722,0.0337776,0.0533614
-174.684,117.722,0.0339921,0.0543831
-170.886,117.722,0.0342088,0.0554197
-167.089,117.722,0.0344275,0.056472
-163.291,117.722,0.0346484,0.0575409
-159.494,117.722,0.0348712,0.058627
-155.696,117.722,0.0350959,0.0597313
-151.899,117.722,0.0353224,0.0608545
-148.101,117.722,0.0355506,0.0619975
-144.304,117.722,0.0357804,0.063161
-140.506,117.722,0.0360115,0.0643458
-136.709,117.722,0.036244,0.0655527
-132.911,117.722,0.0364774,0.0667827
-129.114,117.722,0.0367117,0.0680364
-125.316,117.722,0.0369467,0.0693147
-121.519,117.722,0.0371822,0.0706184
-117.722,117.722,0.0374178,0.0719484
-113.924,117.722,0.0376533,0.0733054
-110.127,117.722,0.0378886,0.0746902
-106.329,117.722,0.0381231,0.0761038
-102.532,117.722,0.0383568,0.0775469
-98.7342,117.722,0.0385892,0.0790204
-94.9367,117.722,0.0388201,0.0805251
-91.1392,117.722,0.039049,0.0820618
-87.3418,117.722,0.0392756,0.0836313
-83.5443,117.722,0.0394996,0.0852346
-79.7468,117.722,0.0397204,0.0868723
-75.9494,117.722,0.0399378,0.0885455
-72.1519,117.722,0.0401513,0.0902549
-68.3544,117.722,0.0403604,0.0920013
-64.557,117.722,0.0405647,0.0937857
-60.7595,117.722,0.0407637,0.0956088
-56.962,117.722,0.040957,0.0974716
-53.1646,117.722,0.041144,0.0993748
-49.3671,117.722,0.0413241,0.101319
-45.5696,117.722,0.0414969,0.103306
-41.7722,117.722,0.0416619,0.105336
-37.9747,117.722,0.0418183,0.107409
-34.1772,117.722,0.0419658,0.109528
-30.3797,117.722,0.0421036,0.111692
-26.5823,117.722,0.0422311,0.113902
-22.7848,117.722,0.0423478,0.11616
-18.9873,117.722,0.0424529,0.118466
-15.1899,117.722,0.0425458,0.120822
-11.3924,117.722,0.0426259,0.123227
-7.59494,117.722,0.0426924,0.125683
-3.79747,117.722,0.0427447,0.128191
0,117.722,0.0427819,0.130751
-300,121.519,0.0281018,0.0257816
-296.203,121.519,0.0283214,0.0267279
-292.405,121.519,0.0285361,0.0276656
-288.608,121.519,0.0287464,0.0285953
-284.81,121.519,0.0289528,0.0295178
-281.013,121.519,0.0291556,0.0304338
-277.215,121.519,0.0293554,0.0313439
-273.418,121.519,0.0295525,0.0322489
-269.62,121.519,0.0297472,0.0331495
-265.823,121.519,0.0299399,0.0340464
-262.025,121.519,0.0301311,0.0349403
-258.228,121.519,0.0303209,0.0358318
-254.43,121.519,0.0305098,0.0367218
-250.633,121.519,0.030698,0.0376109
-246.835,121.519,0.0308858,0.0384999
-243.038,121.519,0.0310734,0.0393894
-239.241,121.519,0.0312612,0.0402803
-235.443,121.519,0.0314494,0.0411731
-231.646,121.519,0.0316382,0.0420687
-227.848,121.519,0.0318277,0.0429677
-224.051,121.519,0.0320183,0.0438709
-220.253,121.519,0.03221,0.0447791
-216.456,121.519,0.032403,0.0456929
-212.658,121.519,0.0325975,0.0466131
-208.861,121.519,0.0327936,0.0475404
-205.063,121.519,0.0329913,0.0484756
-201.266,121.519,0.0331909,0.0494195
-197.468,121.519,0.0333924,0.0503726
-193.671,121.519,0.0335959,0.0513359
-189.873,121.519,0.0338013,0.05231
-186.076,121.519,0.0340088,0.0532957
-182.278,121.519,0.0342184,0.0542937
-178.481,121.519,0.03443,0.0553048
-174.684,121.519,0.0346436,0.0563298
-170.886,121.519,0.0348593,0.0573694
-167.089,121.519,0.035077,0.0584243
-163.291,121.519,0.0352966,0.0594954
-159.494,121.519,0.0355181,0.0605833
-155.696,121.519,0.0357413,0.0616889
-151.899,121.519,0.0359662,0.0628129
-148.101,121.519,0.0361927,0.0639561
-144.304,121.519,0.0364205,0.0651193
-140.506,121.519,0.0366496,0.0663032
-136.709,121.519,0.0368798,0.0675085
-132.911,121.519,0.0371108,0.0687362
-129.114,121.519,0.0373426,0.0699869
-125.316,121.519,0.0375749,0.0712614
-121.519,121.519,0.0378075,0.0725606
-117.722,121.519,0.0380401,0.0738851
-113.924,121.519,0.0382724,0.0752359
-110.127,121.519,0.0385042,0.0766136
-106.329,121.519,0.0387352,0.0780191
-102.532,121.519,0.0389651,0.0794531
-98.7342,121.519,0.0391936,0.0809165
-94.9367,121.519,0.0394203,0.08241
-91.1392,121.519,0.0396449,0.0839344
-87.3418,121.519,0.039867,0.0854906
-83.5443,121.519,0.0400862,0.0870794
-79.7468,121.519,0.0403021,0.0887015
-75.9494,121.519,0.0405143,0.0903577
-72.1519,121.519,0.0407224,0.0920489
-68.3544,121.519,0.0409259,0.0937759
-64.557,121.519,0.0411244,0.0955394
-60.7595,121.519,0.0413174,0.0973403
-56.962,121.519,0.0415044,0.0991795
-53.1646,121.519,0.0416849,0.101058
-49.3671,121.519,0.0418583,0.102976
-45.5696,121.519,0.0420242,0.104934
-41.7722,121.519,0.0421819,0.106934
-37.9747,121.519,0.0423309,0.108977
-34.1772,121.519,0.0424707,0.111063
-30.3797,121.519,0.0426005,0.113192
-26.5823,121.519,0.0427198,0.115366
-22.7848,121.519,0.042828,0.117586
-18.9873,121.519,0.0429244,0.119853
-15.1899,121.519,0.0430083,0.122167
-11.3924,121.519,0.0430792,0.124529
-7.59494,121.519,0.0431361,0.126939
-3.79747,121.519,0.0431786,0.1294
0,121.519,0.0432057,0.131912
-300,125.316,0.0287359,0.0276637
-296.203,125.316,0.0289564,0.028604
-292.405,125.316,0.0291722,0.0295365
-288.608,125.316,0.0293835,0.0304619
-284.81,125.316,0.0295908,0.0313808
-281.013,125.316,0.0297947,0.0322938
-277.215,125.316,0.0299954,0.0332017
-273.418,125.316,0.0301934,0.0341051
-269.62,125.316,0.030389,0.0350047
-265.823,125.316,0.0305826,0.0359012
-262.025,125.316,0.0307745,0.0367952
-258.228,125.316,0.0309652,0.0376874
-254.43,125.316,0.0311548,0.0385785
-250.633,125.316,0.0313436,0.0394691
-246.835,125.316,0.0315321,0.04036
-243.038,125.316,0.0317203,0.0412518
-239.241,125.316,0.0319086,0.0421452
-235.443,125.316,0.0320973,0.0430409
-231.646,125.316,0.0322864,0.0439396
-227.848,125.316,0.0324763,0.044842
-224.051,125.316,0.0326671,0.0457487
-220.253,125.316,0.0328589,0.0466605
-216.456,125.316,0.0330521,0.0475781
-212.658,125.316,0.0332466,0.0485021
-208.861,125.316,0.0334426,0.0494333
-205.063,125.316,0.0336402,0.0503723
-201.266,125.316,0.0338395,0.05132
-197.468,125.316,0.0340407,0.0522769
-193.671,125.316,0.0342437,0.0532437
-189.873,125.316,0.0344485,0.0542213
-186.076,125.316,0.0346554,0.0552103
-182.278,125.316,0.0348641,0.0562114
-178.481,125.316,0.0350749,0.0572253
-174.684,125.316,0.0352875,0.0582528
-170.886,125.316,0.0355021,0.0592946
-167.089,125.316,0.0357185,0.0603514
-163.291,125.316,0.0359367,0.0614239
-159.494,125.316,0.0361567,0.0625128
-155.696,125.316,0.0363782,0.0636189
-151.899,125.316,0.0366013,0.064743
-148.101,125.316,0.0368258,0.0658856
-144.304,125.316,0.0370516,0.0670477
-140.506,125.316,0.0372784,0.0682298
-136.709,125.316,0.0375062,0.0694328
-132.911,125.316,0.0377348,0.0706574
-129.114,125.316,0.0379639,0.0719043
-125.316,125.316,0.0381933,0.0731743
-121.519,125.316,0.0384228,0.0744682
-117.722,125.316,0.0386522,0.0757865
-113.924,125.316,0.0388811,0.0771302
-110.127,125.316,0.0391094,0.0785
-106.329,125.316,0.0393366,0.0798966
-102.532,125.316,0.0395626,0.0813207
-98.7342,125.316,0.039787,0.0827732
-94.9367,125.316,0.0400094,0.0842548
-91.1392,125.316,0.0402294,0.0857663
-87.3418,125.316,0.0404468,0.0873084
-83.5443,125.316,0.0406611,0.0888818
-79.7468,125.316,0.0408719,0.0904874
-75.9494,125.316,0.0410788,0.0921259
-72.1519,125.316,0.0412814,0.0937982
-68.3544,125.316,0.0414791,0.0955049
-64.557,125.316,0.0416717,0.0972468
-60.7595,125.316,0.0418585,0.0990247
-56.962,125.316,0.042039,0.100839
-53.1646,125.316,0.0422128,0.102692
-49.3671,125.316,0.0423794,0.104583
-45.5696,125.316,0.0425381,0.106512
-41.7722,125.316,0.0426884,0.108482
-37.9747,125.316,0.0428298,0.110493
-34.1772,125.316,0.0429617,0.112545
-30.3797,125.316,0.0430834,0.114639
-26.5823,125.316,0.0431944,0.116776
-22.7848,125.316,0.0432939,0.118958
-18.9873,125.316,0.0433814,0.121184
-15.1899,125.316,0.0434562,0.123455
-11.3924,125.316,0.0435176,0.125773
-7.59494,125.316,0.0435648,0.128138
-3.79747,125.316,0.0435973,0.130551
0,125.316,0.0436142,0.133012
-300,129.114,0.0293677,0.0295475
-296.203,129.114,0.0295891,0.030481
-292.405,129.114,0.0298057,0.0314076
-288.608,129.114,0.0300178,0.0323279
-284.81,129.114,0.030226,0.0332424
-281.013,129.114,0.0304307,0.0341518
-277.215,129.114,0.0306322,0.0350567
-273.418,129.114,0.0308309,0.0359578
-269.62,129.114,0.0310272,0.0368557
-265.823,129.114,0.0312216,0.037751
-262.025,129.114,0.0314142,0.0386444
-258.228,129.114,0.0316054,0.0395364
-254.43,129.114,0.0317956,0.0404279
-250.633,129.114,0.031985,0.0413193
-246.835,129.114,0.0321739,0.0422113
-243.038,129.114,0.0323626,0.0431047
-239.241,129.114,0.0325512,0.0439999
-235.443,129.114,0.0327402,0.0448978
-231.646,129.114,0.0329295,0.0457989
-227.848,129.114,0.0331196,0.0467038
-224.051,129.114,0.0333105,0.0476133
-220.253,129.114,0.0335024,0.0485281
-216.456,129.114,0.0336954,0.0494487
-212.658,129.114,0.0338898,0.0503758
-208.861,129.114,0.0340856,0.0513101
-205.063,129.114,0.0342829,0.0522522
-201.266,129.114,0.0344818,0.0532029
-197.468,129.114,0.0346824,0.0541628
-193.671,129.114,0.0348848,0.0551326
-189.873,129.114,0.035089,0.0561129
-186.076,129.114,0.035295,0.0571045
-182.278,129.114,0.0355028,0.0581079
-178.481,129.114,0.0357125,0.0591239
-174.684,129.114,0.035924,0.0601532
-170.886,129.114,0.0361372,0.0611964
-167.089,129.114,0.0363523,0.0622543
-163.291,129.114,0.0365689,0.0633275
-159.494,129.114,0.0367872,0.0644167
-155.696,129.114,0.037007,0.0655226
-151.899,129.114,0.0372281,0.0666459
-148.101,129.114,0.0374505,0.0677873
-144.304,129.114,0.037674,0.0689475
-140.506,129.114,0.0378985,0.0701272
-136.709,129.114,0.0381237,0.0713271
-132.911,129.114,0.0383496,0.0725479
-129.114,129.114,0.0385758,0.0737903
-125.316,129.114,0.0388022,0.075055
-121.519,129.114,0.0390285,0.0763427
-117.722,129.114,0.0392545,0.0776542
-113.924,129.114,0.0394799,0.0789901
-110.127,129.114,0.0397045,0.0803512
-106.329,129.114,0.0399278,0.0817382
-102.532,129.114,0.0401497,0.0831517
-98.7342,129.114,0.0403698,0.0845926
-94.9367,129.114,0.0405877,0.0860616
-91.1392,129.114,0.0408031,0.0875593
-87.3418,129.114,0.0410157,0.0890865
-83.5443,129.114,0.0412249,0.0906439
-79.7468,129.114,0.0414304,0.0922323
-75.9494,129.114,0.0416318,0.0938524
-72.1519,129.114,0.0418287,0.0955049
-68.3544,129.114,0.0420206,0.0971906
-64.557,129.114,0.042207,0.0989102
-60.7595,129.114,0.0423874,0.100664
-56.962,129.114,0.0425614,0.102454
-53.1646,129.114,0.0427284,0.10428
-49.3671,129.114,0.0428879,0.106142
-45.5696,129.114,0.0430393,0.108043
-41.7722,129.114,0.0431821,0.109981
-37.9747,129.114,0.0433158,0.111959
-34.1772,129.114,0.0434396,0.113977
-30.3797,129.114,0.0435531,0.116035
-26.5823,129.114,0.0436555,0.118135
-22.7848,129.114,0.0437462,0.120277
-18.9873,129.114,0.0438247,0.122462
-15.1899,129.114,0.0438901,0.12469
-11.3924,129.114,0.0439419,0.126963
-7.59494,129.114,0.0439793,0.129281
-3.79747,129.114,0.0440016,0.131645
0,129.114,0.0440081,0.134056
-300,132.911,0.029997,0.0314323
-296.203,132.911,0.0302192,0.0323584
-292.405,132.911,0.0304365,0.0332784
-288.608,132.911,0.0306493,0.0341928
-284.81,132.911,0.0308582,0.0351023
-281.013,132.911,0.0310635,0.0360073
-277.215,132.911,0.0312657,0.0369086
-273.418,132.911,0.031465,0.0378067
-269.62,132.911,0.031662,0.0387021
-265.823,132.911,0.0318568,0.0395956
-262.025,132.911,0.0320499,0.0404877
-258.228,132.911,0.0322417,0.041379
-254.43,132.911,0.0324323,0.04227
-250.633,132.911,0.032622,0.0431616
-246.835,132.911,0.0328113,0.0440541
-243.038,132.911,0.0330002,0.0449483
-239.241,132.911,0.0331891,0.0458447
-235.443,132.911,0.0333782,0.046744
-231.646,132.911,0.0335677,0.0476468
-227.848,132.911,0.0337578,0.0485536
-224.051,132.911,0.0339486,0.0494652
-220.253,132.911,0.0341404,0.0503822
-216.456,132.911,0.0343332,0.0513051
-212.658,132.911,0.0345273,0.0522346
-208.861,132.911,0.0347227,0.0531713
-205.063,132.911,0.0349195,0.0541159
-201.266,132.911,0.0351179,0.055069
-197.468,132.911,0.0353179,0.0560312
-193.671,132.911,0.0355195,0.0570032
-189.873,132.911,0.0357228,0.0579855
-186.076,132.911,0.0359278,0.0589789
-182.278,132.911,0.0361346,0.059984
-178.481,132.911,0.0363431,0.0610014
-174.684,132.911,0.0365533,0.0620318
-170.886,132.911,0.0367651,0.0630758
-167.089,132.911,0.0369786,0.0641341
-163.291,132.911,0.0371936,0.0652073
-159.494,132.911,0.03741,0.0662961
-155.696,132.911,0.0376278,0.0674011
-151.899,132.911,0.0378469,0.068523
-148.101,132.911,0.038067,0.0696624
-144.304,132.911,0.0382882,0.0708201
-140.506,132.911,0.0385101,0.0719966
-136.709,132.911,0.0387326,0.0731927
-132.911,132.911,0.0389556,0.074409
-129.114,132.911,0.0391789,0.0756462
-125.316,132.911,0.0394021,0.0769049
-121.519,132.911,0.0396251,0.0781859
-117.722,132.911,0.0398476,0.0794898
-113.924,132.911,0.0400693,0.0808172
-110.127,132.911,0.04029,0.0821689
-106.329,132.911,0.0405093,0.0835456
-102.532,132.911,0.040727,0.0849478
-98.7342,132.911,0.0409426,0.0863764
-94.9367,132.911,0.0411559,0.087832
-91.1392,132.911,0.0413665,0.0893153
-87.3418,132.911,0.0415741,0.0908269
-83.5443,132.911,0.0417781,0.0923676
-79.7468,132.911,0.0419782,0.0939381
-75.9494,132.911,0.042174,0.0955391
-72.1519,132.911,0.042365,0.0971712
-68.3544,132.911,0.0425508,0.0988352
-64.557,132.911,0.042731,0.100532
-60.7595,132.911,0.0429049,0.102262
-56.962,132.911,0.0430721,0.104025
-53.1646,132.911,0.0432322,0.105824
-49.3671,132.911,0.0433845,0.107658
-45.5696,132.911,0.0435285,0.109528
-41.7722,132.911,0.0436636,0.111435
-37.9747,132.911,0.0437893,0.113379
-34.1772,132.911,0.043905,0.115362
-30.3797,132.911,0.04401,0.117383
-26.5823,132.911,0.0441038,0.119445
-22.7848,132.911,0.0441856,0.121546
-18.9873,132.911,0.0442549,0.123689
-15.1899,132.911,0.0443109,0.125874
-11.3924,132.911,0.0443529,0.128102
-7.59494,132.911,0.0443803,0.130372
-3.79747,132.911,0.0443923,0.132687
0,132.911,0.0443882,0.135047
-300,136.709,0.0306239,0.0333175
-296.203,136.709,0.0308466,0.0342356
-292.405,136.709,0.0310644,0.0351483
-288.608,136.709,0.0312779,0.0360563
-284.81,136.709,0.0314873,0.03696
-281.013,136.709,0.0316932,0.0378601
-277.215,136.709,0.0318958,0.038757
-273.418,136.709,0.0320957,0.0396514
-269.62,136.709,0.0322931,0.0405439
-265.823,136.709,0.0324883,0.0414349
-262.025,136.709,0.0326818,0.042325
-258.228,136.709,0.0328739,0.0432148
-254.43,136.709,0.0330648,0.0441049
-250.633,136.709,0.0332548,0.0449959
-246.835,136.709,0.0334443,0.0458882
-243.038,136.709,0.0336334,0.0467826
-239.241,136.709,0.0338224,0.0476796
-235.443,136.709,0.0340115,0.0485796
-231.646,136.709,0.0342009,0.0494835
-227.848,136.709,0.0343909,0.0503916
-224.051,136.709,0.0345815,0.0513046
-220.253,136.709,0.034773,0.0522231
-216.456,136.709,0.0349656,0.0531477
-212.658,136.709,0.0351592,0.054079
-208.861,136.709,0.0353541,0.0550175
-205.063,136.709,0.0355504,0.0559639
-201.266,136.709,0.035748,0.0569187
-197.468,136.709,0.0359472,0.0578826
-193.671,136.709,0.0361479,0.0588561
-189.873,136.709,0.0363503,0.0598398
-186.076,136.709,0.0365542,0.0608345
-182.278,136.709,0.0367597,0.0618406
-178.481,136.709,0.0369669,0.0628587
-174.684,136.709,0.0371756,0.0638895
-170.886,136.709,0.0373859,0.0649337
-167.089,136.709,0.0375977,0.0659917
-163.291,136.709,0.0378109,0.0670643
-159.494,136.709,0.0380254,0.068152
-155.696,136.709,0.0382411,0.0692554
-151.899,136.709,0.0384579,0.0703753
-148.101,136.709,0.0386757,0.0715121
-144.304,136.709,0.0388943,0.0726666
-140.506,136.709,0.0391136,0.0738393
-136.709,136.709,0.0393333,0.075031
-132.911,136.709,0.0395533,0.0762421
-129.114,136.709,0.0397734,0.0774735
-125.316,136.709,0.0399933,0.0787256
-121.519,136.709,0.0402128,0.0799991
-117.722,136.709,0.0404317,0.0812947
-113.924,136.709,0.0406496,0.0826131
-110.127,136.709,0.0408663,0.0839547
-106.329,136.709,0.0410815,0.0853204
-102.532,136.709,0.0412948,0.0867108
-98.7342,136.709,0.0415059,0.0881264
-94.9367,136.709,0.0417144,0.089568
-91.1392,136.709,0.0419201,0.0910362
-87.3418,136.709,0.0421225,0.0925316
-83.5443,136.709,0.0423211,0.094055
-79.7468,136.709,0.0425157,0.0956069
-75.9494,136.709,0.0427058,0.0971881
-72.1519,136.709,0.0428908,0.0987991
-68.3544,136.709,0.0430705,0.100441
-64.557,136.709,0.0432442,0.102114
-60.7595,136.709,0.0434115,0.103818
-56.962,136.709,0.0435719,0.105556
-53.1646,136.709,0.0437248,0.107326
-49.3671,136.709,0.0438698,0.109131
-45.5696,136.709,0.0440062,0.11097
-41.7722,136.709,0.0441336,0.112844
-37.9747,136.709,0.0442512,0.114755
-34.1772,136.709,0.0443586,0.116702
-30.3797,136.709,0.0444551,0.118686
-26.5823,136.709,0.04454,0.120708
-22.7848,136.709,0.0446128,0.122769
-18.9873,136.709,0.0446727,0.12487
-15.1899,136.709,0.0447191,0.12701
-11.3924,136.709,0.0447513,0.129192
-7.59494,136.709,0.0447685,0.131414
-3.79747,136.709,0.0447701,0.133679
0,136.709,0.0447553,0.135987
-300,140.506,0.031248,0.0352026
-296.203,140.506,0.0314712,0.036112
-292.405,140.506,0.0316895,0.0370169
-288.608,140.506,0.0319034,0.0379178
-284.81,140.506,0.0321133,0.0388152
-281.013,140.506,0.0323195,0.0397097
-277.215,140.506,0.0325226,0.0406017
-273.418,140.506,0.0327228,0.0414918
-269.62,140.506,0.0329205,0.0423806
-265.823,140.506,0.0331161,0.0432685
-262.025,140.506,0.0333098,0.0441561
-258.228,140.506,0.0335021,0.0450438
-254.43,140.506,0.0336932,0.0459324
-250.633,140.506,0.0338834,0.0468222
-246.835,140.506,0.0340729,0.0477138
-243.038,140.506,0.034262,0.0486077
-239.241,140.506,0.034451,0.0495046
-235.443,140.506,0.03464,0.0504049
-231.646,140.506,0.0348292,0.0513091
-227.848,140.506,0.035019,0.0522179
-224.051,140.506,0.0352093,0.0531318
-220.253,140.506,0.0354005,0.0540513
-216.456,140.506,0.0355925,0.0549769
-212.658,140.506,0.0357856,0.0559094
-208.861,140.506,0.0359799,0.056849
-205.063,140.506,0.0361754,0.0577966
-201.266,140.506,0.0363723,0.0587525
-197.468,140.506,0.0365706,0.0597175
-193.671,140.506,0.0367703,0.0606919
-189.873,140.506,0.0369715,0.0616765
-186.076,140.506,0.0371742,0.0626717
-182.278,140.506,0.0373784,0.0636782
-178.481,140.506,0.0375841,0.0646965
-174.684,140.506,0.0377913,0.0657272
-170.886,140.506,0.0379999,0.0667708
-167.089,140.506,0.0382098,0.067828
-163.291,140.506,0.0384211,0.0688993
-159.494,140.506,0.0386335,0.0699854
-155.696,140.506,0.038847,0.0710867
-151.899,140.506,0.0390615,0.0722039
-148.101,140.506,0.0392768,0.0733375
-144.304,140.506,0.0394928,0.0744882
-140.506,140.506,0.0397092,0.0756565
-136.709,140.506,0.039926,0.0768431
-132.911,140.506,0.040143,0.0780486
-129.114,140.506,0.0403598,0.0792734
-125.316,140.506,0.0405763,0.0805183
-121.519,140.506,0.0407922,0.0817838
-117.722,140.506,0.0410073,0.0830706
-113.924,140.506,0.0412213,0.0843792
-110.127,140.506,0.0414338,0.0857102
-106.329,140.506,0.0416447,0.0870644
-102.532,140.506,0.0418535,0.0884422
-98.7342,140.506,0.04206,0.0898442
-94.9367,140.506,0.0422637,0.0912712
-91.1392,140.506,0.0424643,0.0927237
-87.3418,140.506,0.0426614,0.0942024
-83.5443,140.506,0.0428546,0.0957078
-79.7468,140.506,0.0430435,0.0972405
-75.9494,140.506,0.0432277,0.0988013
-72.1519,140.506,0.0434066,0.100391
-68.3544,140.506,0.04358,0.102009
-64.557,140.506,0.0437471,0.103658
-60.7595,140.506,0.0439077,0.105337
-56.962,140.506,0.0440611,0.107047
-53.1646,140.506,0.0442068,0.10879
-49.3671,140.506,0.0443444,0.110564
-45.5696,140.506,0.0444731,0.112372
-41.7722,140.506,0.0445925,0.114213
-37.9747,140.506,0.044702,0.116089
-34.1772,140.506,0.044801,0.117999
-30.3797,140.506,0.0448888,0.119946
-26.5823,140.506,0.0449648,0.121928
-22.7848,140.506,0.0450284,0.123948
-18.9873,140.506,0.0450788,0.126005
-15.1899,140.506,0.0451155,0.128101
-11.3924,140.506,0.0451377,0.130235
-7.59494,140.506,0.0451447,0.13241
-3.79747,140.506,0.0451357,0.134624
0,140.506,0.0451101,0.136879
-300,144.304,0.0318693,0.0370867
-296.203,144.304,0.0320928,0.0379869
-292.405,144.304,0.0323115,0.0388834
-288.608,144.304,0.0325257,0.0397766
-284.81,144.304,0.0327359,0.0406672
-281.013,144.304,0.0329425,0.0415555
-277.215,144.304,0.0331458,0.0424421
-273.418,144.304,0.0333462,0.0433274
-269.62,144.304,0.0335442,0.0442119
-265.823,144.304,0.03374,0.0450962
-262.025,144.304,0.0339339,0.0459807
-258.228,144.304,0.0341263,0.0468658
-254.43,144.304,0.0343174,0.0477522
-250.633,144.304,0.0345076,0.0486403
-246.835,144.304,0.0346971,0.0495306
-243.038,144.304,0.0348861,0.0504236
-239.241,144.304,0.0350749,0.0513198
-235.443,144.304,0.0352637,0.0522197
-231.646,144.304,0.0354527,0.0531238
-227.848,144.304,0.0356421,0.0540327
-224.051,144.304,0.0358321,0.0549469
-220.253,144.304,0.0360227,0.0558668
-216.456,144.304,0.0362142,0.056793
-212.658,144.304,0.0364067,0.057726
-208.861,144.304,0.0366002,0.0586663
-205.063,144.304,0.0367949,0.0596144
-201.266,144.304,0.0369908,0.060571
-197.468,144.304,0.0371881,0.0615364
-193.671,144.304,0.0373867,0.0625113
-189.873,144.304,0.0375867,0.0634961
-186.076,144.304,0.0377881,0.0644914
-182.278,144.304,0.0379908,0.0654977
-178.481,144.304,0.038195,0.0665155
-174.684,144.304,0.0384005,0.0675455
-170.886,144.304,0.0386073,0.0685881
-167.089,144.304,0.0388153,0.0696439
-163.291,144.304,0.0390245,0.0707134
-159.494,144.304,0.0392347,0.0717972
-155.696,144.304,0.0394459,0.0728958
-151.899,144.304,0.0396579,0.0740098
-148.101,144.304,0.0398706,0.0751397
-144.304,144.304,0.0400838,0.076286
-140.506,144.304,0.0402974,0.0774494
-136.709,144.304,0.0405112,0.0786304
-132.911,144.304,0.0407249,0.0798295
-129.114,144.304,0.0409383,0.0810474
-125.316,144.304,0.0411513,0.0822845
-121.519,144.304,0.0413635,0.0835414
-117.722,144.304,0.0415747,0.0848188
-113.924,144.304,0.0417847,0.0861171
-110.127,144.304,0.041993,0.087437
-106.329,144.304,0.0421995,0.088779
-102.532,144.304,0.0424037,0.0901437
-98.7342,144.304,0.0426053,0.0915316
-94.9367,144.304,0.0428041,0.0929434
-91.1392,144.304,0.0429995,0.0943797
-87.3418,144.304,0.0431912,0.095841
-83.5443,144.304,0.0433789,0.0973279
-79.7468,144.304,0.043562,0.0988409
-75.9494,144.304,0.0437402,0.100381
-72.1519,144.304,0.043913,0.101948
-68.3544,144.304,0.0440799,0.103543
-64.557,144.304,0.0442404,0.105167
-60.7595,144.304,0.0443941,0.10682
-56.962,144.304,0.0445404,0.108502
-53.1646,144.304,0.0446788,0.110216
-49.3671,144.304,0.0448088,0.111959
-45.5696,144.304,0.0449297,0.113735
-41.7722,144.304,0.0450411,0.115543
-37.9747,144.304,0.0451423,0.117383
-34.1772,144.304,0.0452328,0.119257
-30.3797,144.304,0.0453118,0.121165
-26.5823,144.304,0.0453787,0.123107
-22.7848,144.304,0.045433,0.125085
-18.9873,144.304,0.0454739,0.127099
-15.1899,144.304,0.0455008,0.129149
-11.3924,144.304,0.0455129,0.131236
-7.59494,144.304,0.0455095,0.133361
-3.79747,144.304,0.0454899,0.135524
0,144.304,0.0454534,0.137726
-300,148.101,0.0324875,0.0389692
-296.203,148.101,0.0327113,0.0398596
-292.405,148.101,0.0329302,0.0407472
-288.608,148.101,0.0331447,0.0416323
-284.81,148.101,0.0333551,0.0425155
-281.013,148.101,0.0335619,0.0433971
-277.215,148.101,0.0337654,0.0442777
-273.418,148.101,0.033966,0.0451577
-269.62,148.101,0.0341641,0.0460375
-265.823,148.101,0.0343599,0.0469176
-262.025,148.101,0.0345539,0.0477984
-258.228,148.101,0.0347463,0.0486805
-254.43,148.101,0.0349374,0.0495642
-250.633,148.101,0.0351275,0.0504501
-246.835,148.101,0.0353169,0.0513385
-243.038,148.101,0.0355057,0.05223
-239.241,148.101,0.0356943,0.0531251
-235.443,148.101,0.0358828,0.0540241
-231.646,148.101,0.0360714,0.0549276
-227.848,148.101,0.0362604,0.0558361
-224.051,148.101,0.0364498,0.05675
-220.253,148.101,0.0366398,0.0576698
-216.456,148.101,0.0368307,0.058596
-212.658,148.101,0.0370224,0.0595291
-208.861,148.101,0.0372151,0.0604695
-205.063,148.101,0.0374088,0.0614178
-201.266,148.101,0.0376038,0.0623744
-197.468,148.101,0.0377999,0.0633398
-193.671,148.101,0.0379973,0.0643145
-189.873,148.101,0.0381959,0.0652991
-186.076,148.101,0.0383959,0.0662939
-182.278,148.101,0.0385971,0.0672995
-178.481,148.101,0.0387996,0.0683165
-174.684,148.101,0.0390033,0.0693452
-170.886,148.101,0.0392082,0.0703863
-167.089,148.101,0.0394142,0.0714402
-163.291,148.101,0.0396213,0.0725074
-159.494,148.101,0.0398292,0.0735884
-155.696,148.101,0.040038,0.0746838
-151.899,148.101,0.0402474,0.075794
-148.101,148.101,0.0404574,0.0769196
-144.304,148.101,0.0406678,0.0780611
-140.506,148.101,0.0408784,0.079219
-136.709,148.101,0.041089,0.0803939
-132.911,148.101,0.0412994,0.0815862
-129.114,148.101,0.0415094,0.0827965
-125.316,148.101,0.0417187,0.0840253
-121.519,148.101,0.0419271,0.0852732
-117.722,148.101,0.0421344,0.0865406
-113.924,148.101,0.0423401,0.0878281
-110.127,148.101,0.0425442,0.0891363
-106.329,148.101,0.0427461,0.0904657
-102.532,148.101,0.0429456,0.0918168
-98.7342,148.101,0.0431424,0.0931901
-94.9367,148.101,0.0433361,0.0945863
-91.1392,148.101,0.0435262,0.0960058
-87.3418,148.101,0.0437125,0.0974492
-83.5443,148.101,0.0438945,0.098917
-79.7468,148.101,0.0440717,0.10041
-75.9494,148.101,0.0442438,0.101928
-72.1519,148.101,0.0444103,0.103473
-68.3544,148.101,0.0445707,0.105044
-64.557,148.101,0.0447245,0.106642
-60.7595,148.101,0.0448712,0.108268
-56.962,148.101,0.0450103,0.109923
-53.1646,148.101,0.0451413,0.111606
-49.3671,148.101,0.0452636,0.113319
-45.5696,148.101,0.0453767,0.115062
-41.7722,148.101,0.0454799,0.116836
-37.9747,148.101,0.0455728,0.118641
-34.1772,148.101,0.0456545,0.120477
-30.3797,148.101,0.0457247,0.122346
-26.5823,148.101,0.0457825,0.124248
-22.7848,148.101,0.0458274,0.126183
-18.9873,148.101,0.0458586,0.128153
-15.1899,148.101,0.0458755,0.130157
-11.3924,148.101,0.0458774,0.132196
-7.59494,148.101,0.0458636,0.134271
-3.79747,148.101,0.0458332,0.136383
0,148.101,0.0457857,0.138531
-300,151.899,0.0331025,0.0408492
-296.203,151.899,0.0333265,0.0417293
-292.405,151.899,0.0335456,0.0426075
-288.608,151.899,0.0337602,0.043484
-284.81,151.899,0.0339707,0.0443594
-281.013,151.899,0.0341776,0.0452339
-277.215,151.899,0.0343812,0.046108
-273.418,151.899,0.0345819,0.0469822
-269.62,151.899,0.03478,0.0478568
-265.823,151.899,0.0349759,0.0487323
-262.025,151.899,0.0351698,0.049609
-258.228,151.899,0.0353621,0.0504875
-254.43,151.899,0.0355531,0.0513681
-250.633,151.899,0.035743,0.0522512
-246.835,151.899,0.0359322,0.0531374
-243.038,151.899,0.0361208,0.0540269
-239.241,151.899,0.036309,0.0549204
-235.443,151.899,0.0364971,0.0558181
-231.646,151.899,0.0366853,0.0567205
-227.848,151.899,0.0368737,0.0576281
-224.051,151.899,0.0370625,0.0585413
-220.253,151.899,0.0372519,0.0594605
-216.456,151.899,0.0374419,0.0603863
-212.658,151.899,0.0376328,0.0613189
-208.861,151.899,0.0378246,0.062259
-205.063,151.899,0.0380173,0.0632069
-201.266,151.899,0.0382112,0.0641631
-197.468,151.899,0.0384061,0.065128
-193.671,151.899,0.0386022,0.0661022
-189.873,151.899,0.0387994,0.0670859
-186.076,151.899,0.0389978,0.0680799
-182.278,151.899,0.0391974,0.0690844
-178.481,151.899,0.0393982,0.0700999
-174.684,151.899,0.0396,0.071127
-170.886,151.899,0.039803,0.072166
-167.089,151.899,0.0400068,0.0732175
-163.291,151.899,0.0402116,0.0742819
-159.494,151.899,0.0404172,0.0753597
-155.696,151.899,0.0406235,0.0764514
-151.899,151.899,0.0408303,0.0775574
-148.101,151.899,0.0410375,0.0786783
-144.304,151.899,0.0412449,0.0798145
-140.506,151.899,0.0414524,0.0809665
-136.709,151.899,0.0416598,0.0821347
-132.911,151.899,0.0418668,0.0833198
-129.114,151.899,0.0420732,0.0845221
-125.316,151.899,0.0422788,0.0857421
-121.519,151.899,0.0424833,0.0869804
-117.722,151.899,0.0426865,0.0882375
-113.924,151.899,0.0428881,0.0895137
-110.127,151.899,0.0430877,0.0908097
-106.329,151.899,0.043285,0.092126
-102.532,151.899,0.0434798,0.093463
-98.7342,151.899,0.0436716,0.0948213
-94.9367,151.899,0.0438601,0.0962013
-91.1392,151.899,0.0440449,0.0976035
-87.3418,151.899,0.0442256,0.0990286
-83.5443,151.899,0.0444018,0.100477
-79.7468,151.899,0.0445731,0.101949
-75.9494,151.899,0.044739,0.103446
-72.1519,151.899,0.0448991,0.104967
-68.3544,151.899,0.0450529,0.106514
-64.557,151.899,0.0451998,0.108086
-60.7595,151.899,0.0453395,0.109685
-56.962,151.899,0.0454713,0.111311
-53.1646,151.899,0.0455948,0.112964
-49.3671,151.899,0.0457094,0.114646
-45.5696,151.899,0.0458145,0.116356
-41.7722,151.899,0.0459095,0.118095
-37.9747,151.899,0.0459938,0.119863
-34.1772,151.899,0.0460669,0.121662
-30.3797,151.899,0.0461281,0.123491
-26.5823,151.899,0.0461767,0.125352
-22.7848,151.899,0.0462121,0.127244
-18.9873,151.899,0.0462336,0.129169
-15.1899,151.899,0.0462405,0.131127
-11.3924,151.899,0.0462321,0.133118
-7.59494,151.899,0.0462077,0.135143
-3.79747,151.899,0.0461665,0.137202
0,151.899,0.0461078,0.139297
-300,155.696,0.0337141,0.0427257
-296.203,155.696,0.0339382,0.0435953
-292.405,155.696,0.0341573,0.0444636
-288.608,155.696,0.034372,0.0453311
-284.81,155.696,0.0345826,0.0461982
-281.013,155.696,0.0347895,0.0470651
-277.215,155.696,0.0349931,0.0479324
-273.418,155.696,0.0351938,0.0488003
-269.62,155.696,0.0353919,0.0496693
-265.823,155.696,0.0355876,0.0505397
-262.025,155.696,0.0357815,0.051412
-258.228,155.696,0.0359736,0.0522864
-254.43,155.696,0.0361644,0.0531634
-250.633,155.696,0.0363541,0.0540435
-246.835,155.696,0.036543,0.0549269
-243.038,155.696,0.0367312,0.0558141
-239.241,155.696,0.036919,0.0567054
-235.443,155.696,0.0371066,0.0576014
-231.646,155.696,0.0372943,0.0585023
-227.848,155.696,0.0374821,0.0594086
-224.051,155.696,0.0376702,0.0603206
-220.253,155.696,0.0378589,0.0612389
-216.456,155.696,0.0380481,0.0621638
-212.658,155.696,0.038238,0.0630956
-208.861,155.696,0.0384288,0.0640349
-205.063,155.696,0.0386205,0.064982
-201.266,155.696,0.0388131,0.0659374
-197.468,155.696,0.0390067,0.0669014
-193.671,155.696,0.0392014,0.0678745
-189.873,155.696,0.0393972,0.0688571
-186.076,155.696,0.039594,0.0698497
-182.278,155.696,0.0397919,0.0708526
-178.481,155.696,0.0399908,0.0718664
-174.684,155.696,0.0401908,0.0728913
-170.886,155.696,0.0403916,0.0739279
-167.089,155.696,0.0405933,0.0749766
-163.291,155.696,0.0407958,0.0760378
-159.494,155.696,0.0409989,0.077112
-155.696,155.696,0.0412026,0.0781995
-151.899,155.696,0.0414067,0.0793009
-148.101,155.696,0.041611,0.0804166
-144.304,155.696,0.0418154,0.0815471
-140.506,155.696,0.0420198,0.0826927
-136.709,155.696,0.0422238,0.0838539
-132.911,155.696,0.0424273,0.0850313
-129.114,155.696,0.0426301,0.0862251
-125.316,155.696,0.0428319,0.087436
-121.519,155.696,0.0430325,0.0886643
-117.722,155.696,0.0432315,0.0899105
-113.924,155.696,0.0434288,0.0911751
-110.127,155.696,0.0436239,0.0924586
-106.329,155.696,0.0438166,0.0937613
-102.532,155.696,0.0440065,0.0950838
-98.7342,155.696,0.0441932,0.0964265
-94.9367,155.696,0.0443765,0.09779
-91.1392,155.696,0.0445559,0.0991746
-87.3418,155.696,0.0447309,0.100581
-83.5443,155.696,0.0449013,0.102009
-79.7468,155.696,0.0450666,0.10346
-75.9494,155.696,0.0452262,0.104934
-72.1519,155.696,0.0453798,0.106432
-68.3544,155.696,0.0455269,0.107954
-64.557,155.696,0.045667,0.1095
-60.7595,155.696,0.0457995,0.111072
-56.962,155.696,0.045924,0.112668
-53.1646,155.696,0.0460399,0.114291
-49.3671,155.696,0.0461466,0.115941
-45.5696,155.696,0.0462437,0.117617
-41.7722,155.696,0.0463304,0.119321
-37.9747,155.696,0.0464062,0.121053
-34.1772,155.696,0.0464704,0.122814
-30.3797,155.696,0.0465226,0.124603
-26.5823,155.696,0.0465619,0.126422
-22.7848,155.696,0.0465877,0.128271
-18.9873,155.696,0.0465993,0.130151
-15.1899,155.696,0.0465962,0.132062
-11.3924,155.696,0.0465774,0.134004
-7.59494,155.696,0.0465423,0.135978
-3.79747,155.696,0.0464903,0.137985
0,155.696,0.0464204,0.140025
-300,159.494,0.034322,0.0445979
-296.203,159.494,0.0345461,0.0454565
-292.405,159.494,0.0347653,0.0463146
-288.608,159.494,0.03498,0.0471727
-284.81,159.494,0.0351906,0.0480311
-281.013,159.494,0.0353974,0.0488901
-277.215,159.494,0.035601,0.0497501
-273.418,159.494,0.0358016,0.0506114
-269.62,159.494,0.0359995,0.0514744
-265.823,159.494,0.0361952,0.0523394
-262.025,159.494,0.0363888,0.0532068
-258.228,159.494,0.0365808,0.0540768
-254.43,159.494,0.0367713,0.0549499
-250.633,159.494,0.0369607,0.0558265
-246.835,159.494,0.0371492,0.0567068
-243.038,159.494,0.037337,0.0575912
-239.241,159.494,0.0375243,0.0584801
-235.443,159.494,0.0377114,0.0593739
-231.646,159.494,0.0378984,0.0602729
-227.848,159.494,0.0380856,0.0611775
-224.051,159.494,0.038273,0.0620881
-220.253,159.494,0.0384608,0.063005
-216.456,159.494,0.0386491,0.0639286
-212.658,159.494,0.0388381,0.0648592
-208.861,159.494,0.0390278,0.0657973
-205.063,159.494,0.0392183,0.0667433
-201.266,159.494,0.0394097,0.0676974
-197.468,159.494,0.0396019,0.0686602
-193.671,159.494,0.0397952,0.0696319
-189.873,159.494,0.0399894,0.070613
-186.076,159.494,0.0401846,0.0716038
-182.278,159.494,0.0403807,0.0726048
-178.481,159.494,0.0405777,0.0736163
-174.684,159.494,0.0407756,0.0746388
-170.886,159.494,0.0409743,0.0756725
-167.089,159.494,0.0411738,0.076718
-163.291,159.494,0.0413739,0.0777757
-159.494,159.494,0.0415745,0.0788458
-155.696,159.494,0.0417755,0.0799289
-151.899,159.494,0.0419768,0.0810253
-148.101,159.494,0.0421782,0.0821354
-144.304,159.494,0.0423796,0.0832597
-140.506,159.494,0.0425807,0.0843986
-136.709,159.494,0.0427813,0.0855525
-132.911,159.494,0.0429813,0.0867217
-129.114,159.494,0.0431804,0.0879068
-125.316,159.494,0.0433784,0.0891081
-121.519,159.494,0.0435749,0.090326
-117.722,159.494,0.0437697,0.0915611
-113.924,159.494,0.0439626,0.0928136
-110.127,159.494,0.0441531,0.094084
-106.329,159.494,0.0443411,0.0953729
-102.532,159.494,0.044526,0.0966805
-98.7342,159.494,0.0447077,0.0980073
-94.9367,159.494,0.0448856,0.0993538
-91.1392,159.494,0.0450595,0.10072
-87.3418,159.494,0.0452289,0.102108
-83.5443,159.494,0.0453934,0.103516
-79.7468,159.494,0.0455525,0.104945
-75.9494,159.494,0.0457058,0.106397
-72.1519,159.494,0.0458529,0.10787
-68.3544,159.494,0.0459932,0.109367
-64.557,159.494,0.0461263,0.110886
-60.7595,159.494,0.0462517,0.11243
-56.962,159.494,0.0463687,0.113997
-53.1646,159.494,0.046477,0.115589
-49.3671,159.494,0.0465758,0.117206
-45.5696,159.494,0.0466647,0.118849
-41.7722,159.494,0.0467431,0.120518
-37.9747,159.494,0.0468103,0.122213
-34.1772,159.494,0.0468657,0.123934
-30.3797,159.494,0.0469087,0.125684
-26.5823,159.494,0.0469386,0.127461
-22.7848,159.494,0.0469548,0.129266
-18.9873,159.494,0.0469566,0.1311
-15.1899,159.494,0.0469432,0.132964
-11.3924,159.494,0.046914,0.134857
-7.59494,159.494,0.0468683,0.13678
-3.79747,159.494,0.0468052,0.138734
0,159.494,0.0467241,0.14072
-300,163.291,0.0349259,0.0464648
-296.203,163.291,0.03515,0.047312
-292.405,163.291,0.0353692,0.0481596
-288.608,163.291,0.0355838,0.0490079
-284.81,163.291,0.0357944,0.0498574
-281.013,163.291,0.0360012,0.0507081
-277.215,163.291,0.0362046,0.0515605
-273.418,163.291,0.0364051,0.0524149
-269.62,163.291,0.0366028,0.0532715
-265.823,163.291,0.0367983,0.0541307
-262.025,163.291,0.0369917,0.0549929
-258.228,163.291,0.0371834,0.0558582
-254.43,163.291,0.0373736,0.056727
-250.633,163.291,0.0375626,0.0575997
-246.835,163.291,0.0377507,0.0584766
-243.038,163.291,0.037938,0.0593579
-239.241,163.291,0.0381248,0.0602441
-235.443,163.291,0.0383113,0.0611354
-231.646,163.291,0.0384977,0.0620322
-227.848,163.291,0.0386841,0.0629348
-224.051,163.291,0.0388707,0.0638435
-220.253,163.291,0.0390576,0.0647587
-216.456,163.291,0.039245,0.0656806
-212.658,163.291,0.0394329,0.0666098
-208.861,163.291,0.0396215,0.0675464
-205.063,163.291,0.0398108,0.0684908
-201.266,163.291,0.0400009,0.0694434
-197.468,163.291,0.0401917,0.0704046
-193.671,163.291,0.0403835,0.0713745
-189.873,163.291,0.0405761,0.0723538
-186.076,163.291,0.0407695,0.0733425
-182.278,163.291,0.0409638,0.0743412
-178.481,163.291,0.0411589,0.0753502
-174.684,163.291,0.0413548,0.0763698
-170.886,163.291,0.0415513,0.0774004
-167.089,163.291,0.0417484,0.0784424
-163.291,163.291,0.0419461,0.0794961
-159.494,163.291,0.0421441,0.0805619
-155.696,163.291,0.0423425,0.0816401
-151.899,163.291,0.0425409,0.0827312
-148.101,163.291,0.0427393,0.0838355
-144.304,163.291,0.0429375,0.0849533
-140.506,163.291,0.0431354,0.0860851
-136.709,163.291,0.0433326,0.0872313
-132.911,163.291,0.043529,0.0883921
-129.114,163.291,0.0437243,0.089568
-125.316,163.291,0.0439183,0.0907594
-121.519,163.291,0.0441108,0.0919667
-117.722,163.291,0.0443013,0.0931901
-113.924,163.291,0.0444898,0.0944303
-110.127,163.291,0.0446757,0.0956874
-106.329,163.291,0.0448588,0.096962
-102.532,163.291,0.0450388,0.0982544
-98.7342,163.291,0.0452153,0.099565
-94.9367,163.291,0.0453879,0.100894
-91.1392,163.291,0.0455562,0.102242
-87.3418,163.291,0.0457198,0.10361
-83.5443,163.291,0.0458784,0.104998
-79.7468,163.291,0.0460313,0.106405
-75.9494,163.291,0.0461783,0.107834
-72.1519,163.291,0.0463188,0.109283
-68.3544,163.291,0.0464523,0.110754
-64.557,163.291,0.0465784,0.112247
-60.7595,163.291,0.0466965,0.113762
-56.962,163.291,0.0468061,0.115299
-53.1646,163.291,0.0469066,0.11686
-49.3671,163.291,0.0469975,0.118445
-45.5696,163.291,0.0470782,0.120053
-41.7722,163.291,0.0471481,0.121686
-37.9747,163.291,0.0472067,0.123344
-34.1772,163.291,0.0472532,0.125026
-30.3797,163.291,0.047287,0.126735
-26.5823,163.291,0.0473075,0.12847
-22.7848,163.291,0.047314,0.130231
-18.9873,163.291,0.0473058,0.13202
-15.1899,163.291,0.0472822,0.133835
-11.3924,163.291,0.0472426,0.135679
-7.59494,163.291,0.0471861,0.137551
-3.79747,163.291,0.047112,0.139452
0,163.291,0.0470195,0.141382
-300,167.089,0.0355257,0.0483253
-296.203,167.089,0.0357498,0.0491608
-292.405,167.089,0.0359688,0.0499976
-288.608,167.089,0.0361834,0.0508359
-284.81,167.089,0.0363938,0.051676
-281.013,167.089,0.0366005,0.0525182
-277.215,167.089,0.0368038,0.0533628
-273.418,167.089,0.037004,0.0542099
-269.62,167.089,0.0372016,0.0550599
-265.823,167.089,0.0373968,0.0559131
-262.025,167.089,0.03759,0.0567697
-258.228,167.089,0.0377813,0.05763
-254.43,167.089,0.0379712,0.0584943
-250.633,167.089,0.0381598,0.0593628
-246.835,167.089,0.0383474,0.060236
-243.038,167.089,0.0385342,0.0611139
-239.241,167.089,0.0387204,0.061997
-235.443,167.089,0.0389063,0.0628856
-231.646,167.089,0.039092,0.0637798
-227.848,167.089,0.0392776,0.0646801
-224.051,167.089,0.0394634,0.0655867
-220.253,167.089,0.0396494,0.0664998
-216.456,167.089,0.0398357,0.0674199
-212.658,167.089,0.0400226,0.0683472
-208.861,167.089,0.04021,0.0692821
-205.063,167.089,0.040398,0.0702247
-201.266,167.089,0.0405867,0.0711755
-197.468,167.089,0.0407762,0.0721347
-193.671,167.089,0.0409664,0.0731027
-189.873,167.089,0.0411573,0.0740797
-186.076,167.089,0.041349,0.0750661
-182.278,167.089,0.0415414,0.0760623
-178.481,167.089,0.0417345,0.0770684
-174.684,167.089,0.0419283,0.0780849
-170.886,167.089,0.0421226,0.0791121
-167.089,167.089,0.0423174,0.0801502
-163.291,167.089,0.0425125,0.0811997
-159.494,167.089,0.042708,0.0822609
-155.696,167.089,0.0429035,0.083334
-151.899,167.089,0.0430991,0.0844194
-148.101,167.089,0.0432945,0.0855175
-144.304,167.089,0.0434895,0.0866286
-140.506,167.089,0.043684,0.0877531
-136.709,167.089,0.0438777,0.0888912
-132.911,167.089,0.0440705,0.0900433
-129.114,167.089,0.044262,0.0912098
-125.316,167.089,0.0444521,0.092391
-121.519,167.089,0.0446404,0.0935872
-117.722,167.089,0.0448267,0.0947989
-113.924,167.089,0.0450106,0.0960263
-110.127,167.089,0.0451919,0.0972699
-106.329,167.089,0.0453702,0.0985299
-102.532,167.089,0.0455452,0.0998068
-98.7342,167.089,0.0457164,0.101101
-94.9367,167.089,0.0458836,0.102413
-91.1392,167.089,0.0460463,0.103742
-87.3418,167.089,0.0462042,0.10509
-83.5443,167.089,0.0463567,0.106457
-79.7468,167.089,0.0465034,0.107842
-75.9494,167.089,0.046644,0.109247
-72.1519,167.089,0.0467778,0.110672
-68.3544,167.089,0.0469045,0.112117
-64.557,167.089,0.0470235,0.113582
-60.7595,167.089,0.0471343,0.115069
-56.962,167.089,0.0472364,0.116576
-53.1646,167.089,0.0473292,0.118106
-49.3671,167.089,0.0474121,0.119657
-45.5696,167.089,0.0474846,0.121231
-41.7722,167.089,0.047546,0.122828
-37.9747,167.089,0.0475958,0.124448
-34.1772,167.089,0.0476334,0.126092
-30.3797,167.089,0.047658,0.127759
-26.5823,167.089,0.047669,0.129452
-22.7848,167.089,0.0476658,0.131169
-18.9873,167.089,0.0476476,0.132911
-15.1899,167.089,0.0476138,0.134679
-11.3924,167.089,0.0475636,0.136473
-7.59494,167.089,0.0474963,0.138293
-3.79747,167.089,0.0474111,0.14014
0,167.089,0.0473073,0.142015
-300,170.886,0.0361211,0.0501782
-296.203,170.886,0.036345,0.0510019
-292.405,170.886,0.0365639,0.0518276
-288.608,170.886,0.0367784,0.0526556
-284.81,170.886,0.0369887,0.0534862
-281.013,170.886,0.0371952,0.0543196
-277.215,170.886,0.0373983,0.055156
-273.418,170.886,0.0375983,0.0559957
-269.62,170.886,0.0377957,0.0568388
-265.823,170.886,0.0379906,0.0576857
-262.025,170.886,0.0381834,0.0585365
-258.228,170.886,0.0383745,0.0593915
-254.43,170.886,0.0385639,0.060251
-250.633,170.886,0.0387521,0.0611152
-246.835,170.886,0.0389392,0.0619844
-243.038,170.886,0.0391254,0.0628587
-239.241,170.886,0.0393111,0.0637385
-235.443,170.886,0.0394963,0.064624
-231.646,170.886,0.0396812,0.0655155
-227.848,170.886,0.039866,0.0664132
-224.051,170.886,0.0400509,0.0673174
-220.253,170.886,0.040236,0.0682284
-216.456,170.886,0.0404213,0.0691463
-212.658,170.886,0.040607,0.0700715
-208.861,170.886,0.0407932,0.0710043
-205.063,170.886,0.04098,0.0719449
-201.266,170.886,0.0411673,0.0728936
-197.468,170.886,0.0413553,0.0738507
-193.671,170.886,0.0415439,0.0748164
-189.873,170.886,0.0417331,0.075791
-186.076,170.886,0.041923,0.0767748
-182.278,170.886,0.0421135,0.0777681
-178.481,170.886,0.0423046,0.0787712
-174.684,170.886,0.0424962,0.0797844
-170.886,170.886,0.0426883,0.0808078
-167.089,170.886,0.0428807,0.0818419
-163.291,170.886,0.0430733,0.082887
-159.494,170.886,0.0432661,0.0839432
-155.696,170.886,0.0434589,0.085011
-151.899,170.886,0.0436516,0.0860905
-148.101,170.886,0.0438439,0.0871822
-144.304,170.886,0.0440357,0.0882863
-140.506,170.886,0.0442268,0.0894031
-136.709,170.886,0.044417,0.090533
-132.911,170.886,0.0446061,0.0916761
-129.114,170.886,0.0447938,0.0928329
-125.316,170.886,0.0449799,0.0940037
-121.519,170.886,0.045164,0.0951887
-117.722,170.886,0.045346,0.0963883
-113.924,170.886,0.0455254,0.0976028
-110.127,170.886,0.045702,0.0988326
-106.329,170.886,0.0458755,0.100078
-102.532,170.886,0.0460454,0.101339
-98.7342,170.886,0.0462114,0.102616
-94.9367,170.886,0.0463731,0.10391
-91.1392,170.886,0.0465302,0.105221
-87.3418,170.886,0.0466822,0.106549
-83.5443,170.886,0.0468287,0.107894
-79.7468,170.886,0.0469692,0.109257
-75.9494,170.886,0.0471033,0.110639
-72.1519,170.886,0.0472305,0.112038
-68.3544,170.886,0.0473503,0.113457
-64.557,170.886,0.0474622,0.114895
-60.7595,170.886,0.0475657,0.116353
-56.962,170.886,0.0476602,0.11783
-53.1646,170.886,0.0477452,0.119328
-49.3671,170.886,0.0478201,0.120846
-45.5696,170.886,0.0478843,0.122385
-41.7722,170.886,0.0479372,0.123946
-37.9747,170.886,0.0479783,0.125528
-34.1772,170.886,0.0480068,0.127132
-30.3797,170.886,0.0480222,0.128759
-26.5823,170.886,0.0480237,0.130408
-22.7848,170.886,0.0480108,0.132081
-18.9873,170.886,0.0479826,0.133776
-15.1899,170.886,0.0479385,0.135496
-11.3924,170.886,0.0478777,0.13724
-7.59494,170.886,0.0477995,0.139009
-3.79747,170.886,0.0477033,0.140802
0,170.886,0.0475881,0.142621
-300,174.684,0.0367117,0.0520225
-296.203,174.684,0.0369354,0.052834
-292.405,174.684,0.0371543,0.0536485
-288.608,174.684,0.0373685,0.0544661
-284.81,174.684,0.0375787,0.0552869
-281.013,174.684,0.037785,0.0561113
-277.215,174.684,0.0379879,0.0569394
-273.418,174.684,0.0381877,0.0577713
-269.62,174.684,0.0383848,0.0586074
-265.823,174.684,0.0385795,0.0594478
-262.025,174.684,0.038772,0.0602926
-258.228,174.684,0.0389626,0.0611422
-254.43,174.684,0.0391516,0.0619967
-250.633,174.684,0.0393393,0.0628563
-246.835,174.684,0.0395259,0.0637213
-243.038,174.684,0.0397116,0.0645918
-239.241,174.684,0.0398966,0.0654681
-235.443,174.684,0.0400811,0.0663504
-231.646,174.684,0.0402653,0.0672389
-227.848,174.684,0.0404493,0.0681338
-224.051,174.684,0.0406333,0.0690354
-220.253,174.684,0.0408174,0.0699439
-216.456,174.684,0.0410017,0.0708596
-212.658,174.684,0.0411862,0.0717825
-208.861,174.684,0.0413712,0.0727131
-205.063,174.684,0.0415567,0.0736514
-201.266,174.684,0.0417426,0.0745978
-197.468,174.684,0.041929,0.0755526
-193.671,174.684,0.042116,0.0765158
-189.873,174.684,0.0423036,0.0774878
-186.076,174.684,0.0424917,0.0784688
-182.278,174.684,0.0426803,0.0794591
-178.481,174.684,0.0428693,0.0804589
-174.684,174.684,0.0430587,0.0814685
-170.886,174.684,0.0432485,0.082488
-167.089,174.684,0.0434385,0.0835179
-163.291,174.684,0.0436286,0.0845583
-159.494,174.684,0.0438187,0.0856094
-155.696,174.684,0.0440087,0.0866716
-151.899,174.684,0.0441984,0.0877451
-148.101,174.684,0.0443877,0.0888301
-144.304,174.684,0.0445763,0.089927
-140.506,174.684,0.044764,0.091036
-136.709,174.684,0.0449507,0.0921574
-132.911,174.684,0.0451361,0.0932914
-129.114,174.684,0.0453199,0.0944383
-125.316,174.684,0.045502,0.0955985
-121.519,174.684,0.0456819,0.0967721
-117.722,174.684,0.0458595,0.0979594
-113.924,174.684,0.0460344,0.0991608
-110.127,174.684,0.0462063,0.100376
-106.329,174.684,0.0463748,0.101607
-102.532,174.684,0.0465397,0.102852
-98.7342,174.684,0.0467004,0.104112
-94.9367,174.684,0.0468567,0.105388
-91.1392,174.684,0.0470081,0.10668
-87.3418,174.684,0.0471543,0.107987
-83.5443,174.684,0.0472947,0.109311
-79.7468,174.684,0.047429,0.110652
-75.9494,174.684,0.0475566,0.112009
-72.1519,174.684,0.0476771,0.113384
-68.3544,174.684,0.04779,0.114777
-64.557,174.684,0.0478948,0.116187
-60.7595,174.684,0.0479909,0.117615
-56.962,174.684,0.0480778,0.119062
-53.1646,174.684,0.048155,0.120528
-49.3671,174.684,0.0482219,0.122013
-45.5696,174.684,0.0482778,0.123517
-41.7722,174.684,0.0483222,0.125041
-37.9747,174.684,0.0483545,0.126585
-34.1772,174.684,0.0483741,0.12815
-30.3797,174.684,0.0483802,0.129735
-26.5823,174.684,0.0483722,0.131341
-22.7848,174.684,0.0483494,0.132969
-18.9873,174.684,0.0483112,0.134619
-15.1899,174.684,0.0482567,0.13629
-11.3924,174.684,0.0481854,0.137984
-7.59494,174.684,0.0480964,0.1397
-3.79747,174.684,0.047989,0.14144
0,174.684,0.0478623,0.143203
-300,178.481,0.0372972,0.0538568
-296.203,178.481,0.0375208,0.0546561
-292.405,178.481,0.0377395,0.0554592
-288.608,178.481,0.0379536,0.0562661
-284.81,178.481,0.0381636,0.0570771
-281.013,178.481,0.0383697,0.0578923
-277.215,178.481,0.0385724,0.0587119
-273.418,178.481,0.038772,0.059536
-269.62,178.481,0.0389688,0.0603648
-265.823,178.481,0.0391631,0.0611985
-262.025,178.481,0.0393553,0.0620373
-258.228,178.481,0.0395455,0.0628812
-254.43,178.481,0.0397341,0.0637305
-250.633,178.481,0.0399214,0.0645854
-246.835,178.481,0.0401074,0.065446
-243.038,178.481,0.0402925,0.0663126
-239.241,178.481,0.0404769,0.0671852
-235.443,178.481,0.0406607,0.0680641
-231.646,178.481,0.0408441,0.0689495
-227.848,178.481,0.0410273,0.0698416
-224.051,178.481,0.0412104,0.0707404
-220.253,178.481,0.0413935,0.0716463
-216.456,178.481,0.0415767,0.0725594
-212.658,178.481,0.0417601,0.07348
-208.861,178.481,0.0419439,0.0744081
-205.063,178.481,0.042128,0.0753441
-201.266,178.481,0.0423125,0.0762881
-197.468,178.481,0.0424975,0.0772403
-193.671,178.481,0.0426828,0.0782009
-189.873,178.481,0.0428687,0.0791701
-186.076,178.481,0.0430549,0.0801482
-182.278,178.481,0.0432416,0.0811353
-178.481,178.481,0.0434286,0.0821317
-174.684,178.481,0.0436158,0.0831375
-170.886,178.481,0.0438033,0.084153
-167.089,178.481,0.0439909,0.0851784
-163.291,178.481,0.0441785,0.086214
-159.494,178.481,0.0443659,0.0872599
-155.696,178.481,0.0445531,0.0883163
-151.899,178.481,0.0447398,0.0893836
-148.101,178.481,0.044926,0.0904619
-144.304,178.481,0.0451113,0.0915514
-140.506,178.481,0.0452957,0.0926525
-136.709,178.481,0.0454788,0.0937652
-132.911,178.481,0.0456605,0.0948899
-129.114,178.481,0.0458405,0.0960268
-125.316,178.481,0.0460185,0.0971761
-121.519,178.481,0.0461942,0.0983381
-117.722,178.481,0.0463675,0.099513
-113.924,178.481,0.0465378,0.100701
-110.127,178.481,0.046705,0.101903
-106.329,178.481,0.0468686,0.103118
-102.532,178.481,0.0470284,0.104347
-98.7342,178.481,0.0471839,0.10559
-94.9367,178.481,0.0473347,0.106848
-91.1392,178.481,0.0474804,0.10812
-87.3418,178.481,0.0476207,0.109407
-83.5443,178.481,0.0477551,0.11071
-79.7468,178.481,0.047883,0.112028
-75.9494,178.481,0.0480042,0.113361
-72.1519,178.481,0.048118,0.114711
-68.3544,178.481,0.048224,0.116077
-64.557,178.481,0.0483216,0.117459
-60.7595,178.481,0.0484104,0.118858
-56.962,178.481,0.0484897,0.120275
-53.1646,178.481,0.0485591,0.121708
-49.3671,178.481,0.0486179,0.12316
-45.5696,178.481,0.0486656,0.124629
-41.7722,178.481,0.0487015,0.126116
-37.9747,178.481,0.048725,0.127622
-34.1772,178.481,0.0487355,0.129147
-30.3797,178.481,0.0487323,0.130691
-26.5823,178.481,0.0487148,0.132254
-22.7848,178.481,0.0486822,0.133836
-18.9873,178.481,0.0486339,0.135439
-15.1899,178.481,0.0485692,0.137062
-11.3924,178.481,0.0484872,0.138705
-7.59494,178.481,0.0483874,0.14037
-3.79747,178.481,0.0482688,0.142055
0,178.481,0.0481308,0.143762
-300,182.278,0.0378773,0.05568
-296.203,182.278,0.0381008,0.0564669
-292.405,182.278,0.0383194,0.0572584
-288.608,182.278,0.0385333,0.0580546
-284.81,182.278,0.0387431,0.0588556
-281.013,182.278,0.038949,0.0596615
-277.215,182.278,0.0391515,0.0604725
-273.418,182.278,0.0393509,0.0612887
-269.62,182.278,0.0395474,0.0621101
-265.823,182.278,0.0397414,0.0629371
-262.025,182.278,0.0399332,0.0637696
-258.228,182.278,0.0401231,0.0646078
-254.43,182.278,0.0403113,0.0654518
-250.633,182.278,0.040498,0.0663019
-246.835,182.278,0.0406836,0.0671581
-243.038,182.278,0.0408681,0.0680205
-239.241,182.278,0.0410518,0.0688894
-235.443,182.278,0.0412349,0.0697648
-231.646,182.278,0.0414176,0.0706469
-227.848,182.278,0.0415999,0.0715359
-224.051,182.278,0.0417821,0.072432
-220.253,182.278,0.0419642,0.0733351
-216.456,182.278,0.0421464,0.0742457
-212.658,182.278,0.0423287,0.0751637
-208.861,182.278,0.0425112,0.0760893
-205.063,182.278,0.042694,0.0770228
-201.266,182.278,0.0428771,0.0779642
-197.468,182.278,0.0430605,0.0789137
-193.671,182.278,0.0432443,0.0798716
-189.873,182.278,0.0434284,0.080838
-186.076,182.278,0.0436128,0.081813
-182.278,182.278,0.0437975,0.0827968
-178.481,182.278,0.0439825,0.0837896
-174.684,182.278,0.0441676,0.0847916
-170.886,182.278,0.0443527,0.085803
-167.089,182.278,0.0445379,0.0868239
-163.291,182.278,0.0447229,0.0878545
-159.494,182.278,0.0449077,0.088895
-155.696,182.278,0.0450921,0.0899456
-151.899,182.278,0.0452759,0.0910065
-148.101,182.278,0.0454589,0.0920779
-144.304,182.278,0.045641,0.09316
-140.506,182.278,0.045822,0.094253
-136.709,182.278,0.0460015,0.095357
-132.911,182.278,0.0461795,0.0964722
-129.114,182.278,0.0463556,0.097599
-125.316,182.278,0.0465296,0.0987374
-121.519,182.278,0.0467012,0.0998877
-117.722,182.278,0.04687,0.10105
-113.924,182.278,0.0470359,0.102225
-110.127,182.278,0.0471983,0.103412
-106.329,182.278,0.0473571,0.104612
-102.532,182.278,0.0475117,0.105825
-98.7342,182.278,0.0476619,0.107051
-94.9367,182.278,0.0478073,0.10829
-91.1392,182.278,0.0479474,0.109543
-87.3418,182.278,0.0480818,0.11081
-83.5443,182.278,0.0482101,0.11209
-79.7468,182.278,0.0483318,0.113386
-75.9494,182.278,0.0484464,0.114695
-72.1519,182.278,0.0485535,0.116019
-68.3544,182.278,0.0486526,0.117359
-64.557,182.278,0.0487431,0.118713
-60.7595,182.278,0.0488245,0.120083
-56.962,182.278,0.0488963,0.121469
-53.1646,182.278,0.0489578,0.12287
-49.3671,182.278,0.0490086,0.124288
-45.5696,182.278,0.049048,0.125722
-41.7722,182.278,0.0490753,0.127172
-37.9747,182.278,0.0490901,0.12864
-34.1772,182.278,0.0490916,0.130125
-30.3797,182.278,0.0490791,0.131627
-26.5823,182.278,0.049052,0.133146
-22.7848,182.278,0.0490097,0.134684
-18.9873,182.278,0.0489513,0.13624
-15.1899,182.278,0.0488763,0.137814
-11.3924,182.278,0.0487837,0.139407
-7.59494,182.278,0.048673,0.141019
-3.79747,182.278,0.0485433,0.14265
0,182.278,0.0483938,0.144301
-300,186.076,0.0384517,0.0574906
-296.203,186.076,0.0386751,0.0582651
-292.405,186.076,0.0388935,0.059045
-288.608,186.076,0.0391073,0.0598304
-284.81,186.076,0.0393169,0.0606213
-281.013,186.076,0.0395227,0.0614179
-277.215,186.076,0.039725,0.0622202
-273.418,186.076,0.0399241,0.0630283
-269.62,186.076,0.0401204,0.0638424
-265.823,186.076,0.0403141,0.0646625
-262.025,186.076,0.0405056,0.0654887
-258.228,186.076,0.0406951,0.0663211
-254.43,186.076,0.0408828,0.0671598
-250.633,186.076,0.0410691,0.0680049
-246.835,186.076,0.0412541,0.0688566
-243.038,186.076,0.0414381,0.0697149
-239.241,186.076,0.0416212,0.0705799
-235.443,186.076,0.0418036,0.0714518
-231.646,186.076,0.0419855,0.0723306
-227.848,186.076,0.042167,0.0732165
-224.051,186.076,0.0423483,0.0741096
-220.253,186.076,0.0425294,0.07501
-216.456,186.076,0.0427106,0.0759178
-212.658,186.076,0.0428917,0.0768332
-208.861,186.076,0.043073,0.0777563
-205.063,186.076,0.0432545,0.0786872
-201.266,186.076,0.0434362,0.079626
-197.468,186.076,0.0436181,0.0805728
-193.671,186.076,0.0438003,0.0815279
-189.873,186.076,0.0439827,0.0824913
-186.076,186.076,0.0441653,0.0834632
-182.278,186.076,0.0443481,0.0844436
-178.481,186.076,0.044531,0.0854328
-174.684,186.076,0.0447139,0.0864309
-170.886,186.076,0.0448968,0.087438
-167.089,186.076,0.0450796,0.0884543
-163.291,186.076,0.0452621,0.08948
-159.494,186.076,0.0454442,0.0905151
-155.696,186.076,0.0456258,0.0915598
-151.899,186.076,0.0458066,0.0926143
-148.101,186.076,0.0459866,0.0936787
-144.304,186.076,0.0461654,0.0947533
-140.506,186.076,0.046343,0.0958381
-136.709,186.076,0.0465191,0.0969333
-132.911,186.076,0.0466933,0.098039
-129.114,186.076,0.0468656,0.0991556
-125.316,186.076,0.0470356,0.100283
-121.519,186.076,0.047203,0.101422
-117.722,186.076,0.0473675,0.102571
-113.924,186.076,0.0475288,0.103732
-110.127,186.076,0.0476865,0.104905
-106.329,186.076,0.0478403,0.10609
-102.532,186.076,0.0479899,0.107286
-98.7342,186.076,0.0481349,0.108495
-94.9367,186.076,0.0482748,0.109716
-91.1392,186.076,0.0484092,0.11095
-87.3418,186.076,0.0485378,0.112196
-83.5443,186.076,0.04866,0.113455
-79.7468,186.076,0.0487755,0.114727
-75.9494,186.076,0.0488836,0.116012
-72.1519,186.076,0.0489841,0.117311
-68.3544,186.076,0.0490762,0.118624
-64.557,186.076,0.0491596,0.11995
-60.7595,186.076,0.0492337,0.121291
-56.962,186.076,0.0492979,0.122646
-53.1646,186.076,0.0493516,0.124015
-49.3671,186.076,0.0493943,0.125399
-45.5696,186.076,0.0494254,0.126797
-41.7722,186.076,0.0494443,0.128211
-37.9747,186.076,0.0494503,0.12964
-34.1772,186.076,0.0494427,0.131085
-30.3797,186.076,0.049421,0.132545
-26.5823,186.076,0.0493844,0.134022
-22.7848,186.076,0.0493323,0.135514
-18.9873,186.076,0.0492639,0.137023
-15.1899,186.076,0.0491785,0.138549
-11.3924,186.076,0.0490754,0.140091
-7.59494,186.076,0.0489538,0.141651
-3.79747,186.076,0.048813,0.143228
0,186.076,0.0486521,0.144822
-300,189.873,0.03902,0.0592873
-296.203,189.873,0.0392433,0.0600493
-292.405,189.873,0.0394616,0.0608176
-288.608,189.873,0.0396753,0.0615921
-284.81,189.873,0.0398847,0.0623729
-281.013,189.873,0.0400904,0.0631601
-277.215,189.873,0.0402925,0.0639538
-273.418,189.873,0.0404914,0.0647539
-269.62,189.873,0.0406874,0.0655605
-265.823,189.873,0.0408809,0.0663737
-262.025,189.873,0.041072,0.0671936
-258.228,189.873,0.0412612,0.0680202
-254.43,189.873,0.0414486,0.0688535
-250.633,189.873,0.0416344,0.0696937
-246.835,189.873,0.0418189,0.0705408
-243.038,189.873,0.0420023,0.0713949
-239.241,189.873,0.0421848,0.0722561
-235.443,189.873,0.0423666,0.0731244
-231.646,189.873,0.0425478,0.0739999
-227.848,189.873,0.0427285,0.0748827
-224.051,189.873,0.0429089,0.0757728
-220.253,189.873,0.0430891,0.0766704
-216.456,189.873,0.0432692,0.0775756
-212.658,189.873,0.0434492,0.0784883
-208.861,189.873,0.0436293,0.0794088
-205.063,189.873,0.0438095,0.0803371
-201.266,189.873,0.0439898,0.0812732
-197.468,189.873,0.0441703,0.0822174
-193.671,189.873,0.0443509,0.0831696
-189.873,189.873,0.0445316,0.08413
-186.076,189.873,0.0447124,0.0850987
-182.278,189.873,0.0448933,0.0860758
-178.481,189.873,0.0450742,0.0870614
-174.684,189.873,0.045255,0.0880555
-170.886,189.873,0.0454356,0.0890584
-167.089,189.873,0.045616,0.0900701
-163.291,189.873,0.045796,0.0910907
-159.494,189.873,0.0459754,0.0921203
-155.696,189.873,0.0461542,0.0931591
-151.899,189.873,0.0463322,0.0942072
-148.101,189.873,0.046509,0.0952647
-144.304,189.873,0.0466847,0.0963316
-140.506,189.873,0.0468589,0.0974082
-136.709,189.873,0.0470315,0.0984946
-132.911,189.873,0.0472021,0.0995909
-129.114,189.873,0.0473705,0.100697
-125.316,189.873,0.0475365,0.101814
-121.519,189.873,0.0476997,0.10294
-117.722,189.873,0.0478599,0.104077
-113.924,189.873,0.0480167,0.105225
-110.127,189.873,0.0481697,0.106384
-106.329,189.873,0.0483187,0.107553
-102.532,189.873,0.0484633,0.108733
-98.7342,189.873,0.048603,0.109924
-94.9367,189.873,0.0487374,0.111127
-91.1392,189.873,0.0488662,0.112341
-87.3418,189.873,0.048989,0.113567
-83.5443,189.873,0.0491052,0.114804
-79.7468,189.873,0.0492144,0.116053
-75.9494,189.873,0.0493161,0.117314
-72.1519,189.873,0.0494099,0.118588
-68.3544,189.873,0.0494952,0.119874
-64.557,189.873,0.0495715,0.121172
-60.7595,189.873,0.0496382,0.122483
-56.962,189.873,0.0496948,0.123807
-53.1646,189.873,0.0497408,0.125144
-49.3671,189.873,0.0497755,0.126494
-45.5696,189.873,0.0497983,0.127858
-41.7722,189.873,0.0498087,0.129235
-37.9747,189.873,0.0498059,0.130625
-34.1772,189.873,0.0497894,0.13203
-30.3797,189.873,0.0497584,0.133449
-26.5823,189.873,0.0497123,0.134882
-22.7848,189.873,0.0496504,0.136329
-18.9873,189.873,0.049572,0.137791
-15.1899,189.873,0.0494764,0.139268
-11.3924,189.873,0.0493627,0.14076
-7.59494,189.873,0.0492303,0.142267
-3.79747,189.873,0.0490783,0.143789
0,189.873,0.0489061,0.145327
-300,193.671,0.0395818,0.0610685
-296.203,193.671,0.039805,0.0618181
-292.405,193.671,0.0400233,0.0625748
-288.608,193.671,0.0402369,0.0633385
-284.81,193.671,0.0404462,0.0641093
-281.013,193.671,0.0406517,0.0648871
-277.215,193.671,0.0408537,0.0656721
-273.418,193.671,0.0410524,0.0664642
-269.62,193.671,0.0412483,0.0672634
-265.823,193.671,0.0414415,0.0680697
-262.025,193.671,0.0416324,0.0688833
-258.228,193.671,0.0418212,0.0697041
-254.43,193.671,0.0420082,0.0705321
-250.633,193.671,0.0421937,0.0713674
-246.835,193.671,0.0423777,0.07221
-243.038,193.671,0.0425606,0.0730599
-239.241,193.671,0.0427426,0.0739172
-235.443,193.671,0.0429237,0.074782
-231.646,193.671,0.0431041,0.0756541
-227.848,193.671,0.0432841,0.0765338
-224.051,193.671,0.0434637,0.0774211
-220.253,193.671,0.0436429,0.0783159
-216.456,193.671,0.043822,0.0792183
-212.658,193.671,0.044001,0.0801285
-208.861,193.671,0.04418,0.0810464
-205.063,193.671,0.0443589,0.0819721
-201.266,193.671,0.0445378,0.0829056
-197.468,193.671,0.0447169,0.0838471
-193.671,193.671,0.0448959,0.0847965
-189.873,193.671,0.045075,0.085754
-186.076,193.671,0.045254,0.0867195
-182.278,193.671,0.0454331,0.0876932
-178.481,193.671,0.045612,0.0886752
-174.684,193.671,0.0457907,0.0896655
-170.886,193.671,0.0459691,0.0906641
-167.089,193.671,0.0461471,0.0916712
-163.291,193.671,0.0463246,0.0926868
-159.494,193.671,0.0465015,0.093711
-155.696,193.671,0.0466775,0.0947439
-151.899,193.671,0.0468526,0.0957855
-148.101,193.671,0.0470264,0.096836
-144.304,193.671,0.0471989,0.0978955
-140.506,193.671,0.0473698,0.0989639
-136.709,193.671,0.0475389,0.100041
-132.911,193.671,0.0477059,0.101128
-129.114,193.671,0.0478705,0.102224
-125.316,193.671,0.0480325,0.10333
-121.519,193.671,0.0481916,0.104445
-117.722,193.671,0.0483475,0.105569
-113.924,193.671,0.0484998,0.106703
-110.127,193.671,0.0486482,0.107847
-106.329,193.671,0.0487924,0.109001
-102.532,193.671,0.0489319,0.110165
-98.7342,193.671,0.0490664,0.111339
-94.9367,193.671,0.0491954,0.112524
-91.1392,193.671,0.0493187,0.113718
-87.3418,193.671,0.0494356,0.114923
-83.5443,193.671,0.0495458,0.116139
-79.7468,193.671,0.0496488,0.117365
-75.9494,193.671,0.0497441,0.118602
-72.1519,193.671,0.0498313,0.11985
-68.3544,193.671,0.0499097,0.12111
-64.557,193.671,0.0499789,0.12238
-60.7595,193.671,0.0500384,0.123662
-56.962,193.671,0.0500875,0.124955
-53.1646,193.671,0.0501257,0.126259
-49.3671,193.671,0.0501524,0.127576
-45.5696,193.671,0.050167,0.128904
-41.7722,193.671,0.0501689,0.130244
-37.9747,193.671,0.0501575,0.131596
-34.1772,193.671,0.050132,0.132961
-30.3797,193.671,0.0500918,0.134338
-26.5823,193.671,0.0500362,0.135728
-22.7848,193.671,0.0499646,0.13713
-18.9873,193.671,0.0498762,0.138545
-15.1899,193.671,0.0497703,0.139973
-11.3924,193.671,0.0496461,0.141415
-7.59494,193.671,0.0495029,0.142869
-3.79747,193.671,0.0493399,0.144337
0,193.671,0.0491563,0.145819
-300,197.468,0.0401368,0.0628329
-296.203,197.468,0.04036,0.0635701
-292.405,197.468,0.0405782,0.0643152
-288.608,197.468,0.0407917,0.0650682
-284.81,197.468,0.041001,0.065829
-281.013,197.468,0.0412065,0.0665975
-277.215,197.468,0.0414083,0.0673739
-273.418,197.468,0.0416069,0.068158
-269.62,197.468,0.0418026,0.0689499
-265.823,197.468,0.0419956,0.0697495
-262.025,197.468,0.0421863,0.0705568
-258.228,197.468,0.0423749,0.0713718
-254.43,197.468,0.0425616,0.0721945
-250.633,197.468,0.0427466,0.073025
-246.835,197.468,0.0429303,0.0738631
-243.038,197.468,0.0431127,0.074709
-239.241,197.468,0.0432941,0.0755625
-235.443,197.468,0.0434747,0.0764237
-231.646,197.468,0.0436545,0.0772927
-227.848,197.468,0.0438337,0.0781693
-224.051,197.468,0.0440125,0.0790537
-220.253,197.468,0.0441909,0.0799458
-216.456,197.468,0.044369,0.0808457
-212.658,197.468,0.044547,0.0817533
-208.861,197.468,0.0447248,0.0826687
-205.063,197.468,0.0449025,0.0835918
-201.266,197.468,0.0450802,0.0845228
-197.468,197.468,0.0452578,0.0854616
-193.671,197.468,0.0454353,0.0864083
-189.873,197.468,0.0456128,0.0873629
-186.076,197.468,0.0457902,0.0883254
-182.278,197.468,0.0459674,0.0892958
-178.481,197.468,0.0461443,0.0902742
-174.684,197.468,0.046321,0.0912606
-170.886,197.468,0.0464972,0.0922551
-167.089,197.468,0.046673,0.0932576
-163.291,197.468,0.046848,0.0942683
-159.494,197.468,0.0470223,0.0952872
-155.696,197.468,0.0471957,0.0963142
-151.899,197.468,0.0473679,0.0973495
-148.101,197.468,0.0475387,0.0983931
-144.304,197.468,0.0477081,0.0994451
-140.506,197.468,0.0478757,0.100505
-136.709,197.468,0.0480414,0.101574
-132.911,197.468,0.0482048,0.102652
-129.114,197.468,0.0483656,0.103738
-125.316,197.468,0.0485238,0.104832
-121.519,197.468,0.0486788,0.105935
-117.722,197.468,0.0488304,0.107047
-113.924,197.468,0.0489783,0.108168
-110.127,197.468,0.0491221,0.109298
-106.329,197.468,0.0492614,0.110436
-102.532,197.468,0.049396,0.111584
-98.7342,197.468,0.0495253,0.112741
-94.9367,197.468,0.049649,0.113907
-91.1392,197.468,0.0497667,0.115082
-87.3418,197.468,0.0498779,0.116267
-83.5443,197.468,0.0499821,0.117461
-79.7468,197.468,0.050079,0.118664
-75.9494,197.468,0.0501679,0.119877
-72.1519,197.468,0.0502485,0.1211
-68.3544,197.468,0.0503201,0.122332
-64.557,197.468,0.0503823,0.123575
-60.7595,197.468,0.0504345,0.124827
-56.962,197.468,0.0504762,0.126089
-53.1646,197.468,0.0505067,0.127362
-49.3671,197.468,0.0505255,0.128645
-45.5696,197.468,0.0505319,0.129938
-41.7722,197.468,0.0505254,0.131241
-37.9747,197.468,0.0505053,0.132555
-34.1772,197.468,0.0504709,0.13388
-30.3797,197.468,0.0504215,0.135215
-26.5823,197.468,0.0503565,0.136561
-22.7848,197.468,0.0502752,0.137919
-18.9873,197.468,0.0501769,0.139287
-15.1899,197.468,0.0500608,0.140666
-11.3924,197.468,0.0499261,0.142057
-7.59494,197.468,0.0497721,0.14346
-3.79747,197.468,0.0495981,0.144874
0,197.468,0.0494032,0.146299
-300,201.266,0.0406844,0.0645787
-296.203,201.266,0.0409077,0.0653037
-292.405,201.266,0.0411259,0.0660374
-288.608,201.266,0.0413395,0.0667797
-284.81,201.266,0.0415488,0.0675306
-281.013,201.266,0.0417542,0.06829
-277.215,201.266,0.041956,0.0690579
-273.418,201.266,0.0421545,0.0698341
-269.62,201.266,0.0423501,0.0706187
-265.823,201.266,0.042543,0.0714117
-262.025,201.266,0.0427335,0.0722129
-258.228,201.266,0.0429219,0.0730223
-254.43,201.266,0.0431083,0.0738398
-250.633,201.266,0.0432931,0.0746655
-246.835,201.266,0.0434764,0.0754993
-243.038,201.266,0.0436584,0.0763412
-239.241,201.266,0.0438393,0.0771911
-235.443,201.266,0.0440193,0.0780489
-231.646,201.266,0.0441986,0.0789147
-227.848,201.266,0.0443771,0.0797884
-224.051,201.266,0.0445552,0.0806701
-220.253,201.266,0.0447328,0.0815596
-216.456,201.266,0.04491,0.0824569
-212.658,201.266,0.045087,0.0833621
-208.861,201.266,0.0452637,0.0842751
-205.063,201.266,0.0454403,0.0851959
-201.266,201.266,0.0456167,0.0861244
-197.468,201.266,0.045793,0.0870607
-193.671,201.266,0.0459691,0.0880048
-189.873,201.266,0.046145,0.0889565
-186.076,201.266,0.0463207,0.0899161
-182.278,201.266,0.0464962,0.0908833
-178.481,201.266,0.0466712,0.0918583
-174.684,201.266,0.0468459,0.092841
-170.886,201.266,0.04702,0.0938314
-167.089,201.266,0.0471935,0.0948295
-163.291,201.266,0.0473662,0.0958353
-159.494,201.266,0.047538,0.0968489
-155.696,201.266,0.0477087,0.0978702
-151.899,201.266,0.0478781,0.0988993
-148.101,201.266,0.048046,0.0999361
-144.304,201.266,0.0482123,0.100981
-140.506,201.266,0.0483767,0.102033
-136.709,201.266,0.048539,0.103093
-132.911,201.266,0.0486989,0.104161
-129.114,201.266,0.048856,0.105237
-125.316,201.266,0.0490103,0.106321
-121.519,201.266,0.0491613,0.107413
-117.722,201.266,0.0493087,0.108512
-113.924,201.266,0.0494522,0.10962
-110.127,201.266,0.0495915,0.110735
-106.329,201.266,0.0497261,0.111859
-102.532,201.266,0.0498557,0.11299
-98.7342,201.266,0.0499799,0.11413
-94.9367,201.266,0.0500984,0.115278
-91.1392,201.266,0.0502105,0.116434
-87.3418,201.266,0.050316,0.117598
-83.5443,201.266,0.0504144,0.11877
-79.7468,201.266,0.0505051,0.119951
-75.9494,201.266,0.0505878,0.12114
-72.1519,201.266,0.0506618,0.122338
-68.3544,201.266,0.0507267,0.123544
-64.557,201.266,0.0507819,0.124758
-60.7595,201.266,0.050827,0.125981
-56.962,201.266,0.0508612,0.127213
-53.1646,201.266,0.0508841,0.128453
-49.3671,201.266,0.050895,0.129702
-45.5696,201.266,0.0508933,0.13096
-41.7722,201.266,0.0508784,0.132227
-37.9747,201.266,0.0508497,0.133503
-34.1772,201.266,0.0508064,0.134788
-30.3797,201.266,0.050748,0.136081
-26.5823,201.266,0.0506736,0.137385
-22.7848,201.266,0.0505827,0.138697
-18.9873,201.266,0.0504745,0.140018
-15.1899,201.266,0.0503482,0.14135
-11.3924,201.266,0.0502031,0.14269
-7.59494,201.266,0.0500384,0.14404
-3.79747,201.266,0.0498534,0.1454
0,201.266,0.0496472,0.146769
-300,205.063,0.0412244,0.0663045
-296.203,205.063,0.0414478,0.0670174
-292.405,205.063,0.0416661,0.0677398
-288.608,205.063,0.0418797,0.0684716
-284.81,205.063,0.0420891,0.0692127
-281.013,205.063,0.0422946,0.0699631
-277.215,205.063,0.0424964,0.0707226
-273.418,205.063,0.0426949,0.0714912
-269.62,205.063,0.0428905,0.0722688
-265.823,205.063,0.0430833,0.0730552
-262.025,205.063,0.0432737,0.0738504
-258.228,205.063,0.0434619,0.0746543
-254.43,205.063,0.0436482,0.0754669
-250.633,205.063,0.0438327,0.076288
-246.835,205.063,0.0440157,0.0771176
-243.038,205.063,0.0441974,0.0779556
-239.241,205.063,0.0443779,0.078802
-235.443,205.063,0.0445575,0.0796566
-231.646,205.063,0.0447361,0.0805194
-227.848,205.063,0.0449141,0.0813904
-224.051,205.063,0.0450915,0.0822694
-220.253,205.063,0.0452683,0.0831565
-216.456,205.063,0.0454448,0.0840515
-212.658,205.063,0.0456208,0.0849544
-208.861,205.063,0.0457966,0.0858651
-205.063,205.063,0.0459721,0.0867836
-201.266,205.063,0.0461473,0.0877099
-197.468,205.063,0.0463223,0.0886438
-193.671,205.063,0.046497,0.0895854
-189.873,205.063,0.0466715,0.0905346
-186.076,205.063,0.0468456,0.0914913
-182.278,205.063,0.0470193,0.0924555
-178.481,205.063,0.0471926,0.0934272
-174.684,205.063,0.0473653,0.0944063
-170.886,205.063,0.0475374,0.0953928
-167.089,205.063,0.0477087,0.0963866
-163.291,205.063,0.0478791,0.0973878
-159.494,205.063,0.0480484,0.0983963
-155.696,205.063,0.0482165,0.099412
-151.899,205.063,0.0483832,0.100435
-148.101,205.063,0.0485483,0.101465
-144.304,205.063,0.0487116,0.102503
-140.506,205.063,0.0488729,0.103547
-136.709,205.063,0.0490318,0.104599
-132.911,205.063,0.0491882,0.105658
-129.114,205.063,0.0493418,0.106724
-125.316,205.063,0.0494922,0.107797
-121.519,205.063,0.0496393,0.108877
-117.722,205.063,0.0497826,0.109964
-113.924,205.063,0.0499218,0.111059
-110.127,205.063,0.0500565,0.11216
-106.329,205.063,0.0501865,0.113269
-102.532,205.063,0.0503113,0.114384
-98.7342,205.063,0.0504305,0.115507
-94.9367,205.063,0.0505437,0.116637
-91.1392,205.063,0.0506504,0.117774
-87.3418,205.063,0.0507503,0.118918
-83.5443,205.063,0.0508428,0.120069
-79.7468,205.063,0.0509275,0.121227
-75.9494,205.063,0.0510039,0.122392
-72.1519,205.063,0.0510715,0.123564
-68.3544,205.063,0.0511297,0.124744
-64.557,205.063,0.051178,0.125931
-60.7595,205.063,0.0512159,0.127125
-56.962,205.063,0.0512428,0.128326
-53.1646,205.063,0.0512581,0.129534
-49.3671,205.063,0.0512612,0.13075
-45.5696,205.063,0.0512515,0.131973
-41.7722,205.063,0.0512283,0.133203
-37.9747,205.063,0.051191,0.134441
-34.1772,205.063,0.051139,0.135686
-30.3797,205.063,0.0510715,0.136939
-26.5823,205.063,0.0509879,0.138199
-22.7848,205.063,0.0508874,0.139466
-18.9873,205.063,0.0507693,0.140741
-15.1899,205.063,0.050633,0.142024
-11.3924,205.063,0.0504775,0.143314
-7.59494,205.063,0.0503022,0.144612
-3.79747,205.063,0.0501063,0.145918
0,205.063,0.0498889,0.147232
-300,208.861,0.0417563,0.0680084
-296.203,208.861,0.0419798,0.0687094
-292.405,208.861,0.0421983,0.0694207
-288.608,208.861,0.0424121,0.0701423
-284.81,208.861,0.0426216,0.0708739
-281.013,208.861,0.0428272,0.0716154
-277.215,208.861,0.0430291,0.0723668
-273.418,208.861,0.0432277,0.0731279
-269.62,208.861,0.0434233,0.0738986
-265.823,208.861,0.0436162,0.0746787
-262.025,208.861,0.0438065,0.0754681
-258.228,208.861,0.0439947,0.0762667
-254.43,208.861,0.0441808,0.0770745
-250.633,208.861,0.0443652,0.0778912
-246.835,208.861,0.044548,0.0787169
-243.038,208.861,0.0447294,0.0795512
-239.241,208.861,0.0449096,0.0803943
-235.443,208.861,0.0450888,0.0812459
-231.646,208.861,0.045267,0.0821059
-227.848,208.861,0.0454445,0.0829743
-224.051,208.861,0.0456212,0.083851
-220.253,208.861,0.0457974,0.0847358
-216.456,208.861,0.0459731,0.0856286
-212.658,208.861,0.0461483,0.0865294
-208.861,208.861,0.0463232,0.0874381
-205.063,208.861,0.0464977,0.0883546
-201.266,208.861,0.0466718,0.0892788
-197.468,208.861,0.0468456,0.0902105
-193.671,208.861,0.047019,0.0911498
-189.873,208.861,0.0471921,0.0920966
-186.076,208.861,0.0473647,0.0930507
-182.278,208.861,0.0475368,0.0940121
-178.481,208.861,0.0477083,0.0949807
-174.684,208.861,0.0478792,0.0959564
-170.886,208.861,0.0480493,0.0969392
-167.089,208.861,0.0482185,0.097929
-163.291,208.861,0.0483867,0.0989257
-159.494,208.861,0.0485536,0.0999293
-155.696,208.861,0.0487193,0.10094
-151.899,208.861,0.0488833,0.101957
-148.101,208.861,0.0490456,0.10298
-144.304,208.861,0.049206,0.104011
-140.506,208.861,0.0493642,0.105048
-136.709,208.861,0.0495199,0.106091
-132.911,208.861,0.0496729,0.107141
-129.114,208.861,0.0498229,0.108197
-125.316,208.861,0.0499697,0.10926
-121.519,208.861,0.0501128,0.110329
-117.722,208.861,0.0502521,0.111404
-113.924,208.861,0.050387,0.112486
-110.127,208.861,0.0505174,0.113573
-106.329,208.861,0.0506428,0.114667
-102.532,208.861,0.0507628,0.115767
-98.7342,208.861,0.050877,0.116873
-94.9367,208.861,0.0509851,0.117985
-91.1392,208.861,0.0510865,0.119103
-87.3418,208.861,0.0511808,0.120227
-83.5443,208.861,0.0512676,0.121356
-79.7468,208.861,0.0513463,0.122492
-75.9494,208.861,0.0514165,0.123634
-72.1519,208.861,0.0514777,0.124781
-68.3544,208.861,0.0515294,0.125935
-64.557,208.861,0.0515709,0.127094
-60.7595,208.861,0.0516017,0.128259
-56.962,208.861,0.0516214,0.12943
-53.1646,208.861,0.0516291,0.130607
-49.3671,208.861,0.0516245,0.131789
-45.5696,208.861,0.0516068,0.132978
-41.7722,208.861,0.0515754,0.134172
-37.9747,208.861,0.0515296,0.135371
-34.1772,208.861,0.0514689,0.136577
-30.3797,208.861,0.0513924,0.137788
-26.5823,208.861,0.0512996,0.139006
-22.7848,208.861,0.0511897,0.140229
-18.9873,208.861,0.0510619,0.141457
-15.1899,208.861,0.0509155,0.142692
-11.3924,208.861,0.0507498,0.143932
-7.59494,208.861,0.0505639,0.145178
-3.79747,208.861,0.0503572,0.14643
0,208.861,0.0501287,0.147688
-300,212.658,0.0422795,0.0696888
-296.203,212.658,0.0425033,0.0703781
-292.405,212.658,0.042722,0.0710786
-288.608,212.658,0.0429361,0.0717901
-284.81,212.658,0.0431459,0.0725124
-281.013,212.658,0.0433517,0.0732454
-277.215,212.658,0.0435538,0.0739889
-273.418,212.658,0.0437525,0.0747428
-269.62,212.658,0.0439483,0.0755068
-265.823,212.658,0.0441412,0.0762808
-262.025,212.658,0.0443317,0.0770647
-258.228,212.658,0.0445198,0.0778583
-254.43,212.658,0.0447059,0.0786615
-250.633,212.658,0.0448902,0.0794741
-246.835,212.658,0.0450729,0.080296
-243.038,212.658,0.0452542,0.081127
-239.241,212.658,0.0454342,0.0819669
-235.443,212.658,0.045613,0.0828158
-231.646,212.658,0.0457909,0.0836733
-227.848,212.658,0.0459679,0.0845393
-224.051,212.658,0.0461442,0.0854138
-220.253,212.658,0.0463198,0.0862966
-216.456,212.658,0.0464948,0.0871876
-212.658,212.658,0.0466693,0.0880866
-208.861,212.658,0.0468433,0.0889935
-205.063,212.658,0.0470169,0.0899081
-201.266,212.658,0.04719,0.0908304
-197.468,212.658,0.0473627,0.0917603
-193.671,212.658,0.0475349,0.0926976
-189.873,212.658,0.0477067,0.0936421
-186.076,212.658,0.0478779,0.0945938
-182.278,212.658,0.0480484,0.0955527
-178.481,212.658,0.0482183,0.0965184
-174.684,212.658,0.0483874,0.097491
-170.886,212.658,0.0485556,0.0984703
-167.089,212.658,0.0487228,0.0994563
-163.291,212.658,0.0488889,0.100449
-159.494,212.658,0.0490536,0.101448
-155.696,212.658,0.0492168,0.102453
-151.899,212.658,0.0493783,0.103464
-148.101,212.658,0.0495379,0.104482
-144.304,212.658,0.0496954,0.105506
-140.506,212.658,0.0498506,0.106535
-136.709,212.658,0.0500032,0.107571
-132.911,212.658,0.0501529,0.108612
-129.114,212.658,0.0502995,0.109659
-125.316,212.658,0.0504426,0.110711
-121.519,212.658,0.050582,0.111769
-117.722,212.658,0.0507172,0.112832
-113.924,212.658,0.0508481,0.113901
-110.127,212.658,0.0509741,0.114975
-106.329,212.658,0.051095,0.116054
-102.532,212.658,0.0512104,0.117139
-98.7342,212.658,0.0513197,0.118228
-94.9367,212.658,0.0514227,0.119322
-91.1392,212.658,0.0515188,0.120422
-87.3418,212.658,0.0516077,0.121526
-83.5443,212.658,0.0516888,0.122635
-79.7468,212.658,0.0517617,0.123748
-75.9494,212.658,0.0518259,0.124867
-72.1519,212.658,0.0518808,0.12599
-68.3544,212.658,0.0519259,0.127117
-64.557,212.658,0.0519607,0.128249
-60.7595,212.658,0.0519846,0.129385
-56.962,212.658,0.051997,0.130526
-53.1646,212.658,0.0519974,0.131672
-49.3671,212.658,0.0519851,0.132821
-45.5696,212.658,0.0519595,0.133975
-41.7722,212.658,0.05192,0.135133
-37.9747,212.658,0.0518659,0.136295
-34.1772,212.658,0.0517965,0.137461
-30.3797,212.658,0.0517112,0.138632
-26.5823,212.658,0.0516092,0.139806
-22.7848,212.658,0.0514899,0.140985
-18.9873,212.658,0.0513524,0.142168
-15.1899,212.658,0.0511961,0.143354
-11.3924,212.658,0.0510202,0.144545
-7.59494,212.658,0.0508239,0.145739
-3.79747,212.658,0.0506064,0.146938
0,212.658,0.0503669,0.14814
-300,216.456,0.0427937,0.0713439
-296.203,216.456,0.0430178,0.0720218
-292.405,216.456,0.0432369,0.0727118
-288.608,216.456,0.0434514,0.0734135
-284.81,216.456,0.0436615,0.0741268
-281.013,216.456,0.0438676,0.0748515
-277.215,216.456,0.04407,0.0755874
-273.418,216.456,0.044269,0.0763343
-269.62,216.456,0.044465,0.0770919
-265.823,216.456,0.0446581,0.0778602
-262.025,216.456,0.0448487,0.0786389
-258.228,216.456,0.045037,0.0794277
-254.43,216.456,0.0452232,0.0802266
-250.633,216.456,0.0454075,0.0810354
-246.835,216.456,0.0455902,0.0818538
-243.038,216.456,0.0457714,0.0826817
-239.241,216.456,0.0459512,0.0835189
-235.443,216.456,0.0461299,0.0843652
-231.646,216.456,0.0463075,0.0852205
-227.848,216.456,0.0464842,0.0860845
-224.051,216.456,0.0466601,0.0869571
-220.253,216.456,0.0468352,0.0878382
-216.456,216.456,0.0470097,0.0887275
-212.658,216.456,0.0471835,0.089625
-208.861,216.456,0.0473568,0.0905304
-205.063,216.456,0.0475296,0.0914435
-201.266,216.456,0.0477018,0.0923643
-197.468,216.456,0.0478735,0.0932925
-193.671,216.456,0.0480446,0.094228
-189.873,216.456,0.0482151,0.0951707
-186.076,216.456,0.048385,0.0961203
-182.278,216.456,0.0485541,0.0970768
-178.481,216.456,0.0487225,0.09804
-174.684,216.456,0.0488899,0.0990098
-170.886,216.456,0.0490564,0.099986
-167.089,216.456,0.0492216,0.100968
-163.291,216.456,0.0493856,0.101957
-159.494,216.456,0.0495482,0.102951
-155.696,216.456,0.0497091,0.103952
-151.899,216.456,0.0498681,0.104958
-148.101,216.456,0.0500252,0.10597
-144.304,216.456,0.05018,0.106987
-140.506,216.456,0.0503322,0.108009
-136.709,216.456,0.0504818,0.109037
-132.911,216.456,0.0506283,0.11007
-129.114,216.456,0.0507715,0.111107
-125.316,216.456,0.0509111,0.11215
-121.519,216.456,0.0510468,0.113197
-117.722,216.456,0.0511782,0.114249
-113.924,216.456,0.051305,0.115305
-110.127,216.456,0.0514269,0.116366
-106.329,216.456,0.0515433,0.117431
-102.532,216.456,0.0516541,0.1185
-98.7342,216.456,0.0517587,0.119573
-94.9367,216.456,0.0518567,0.12065
-91.1392,216.456,0.0519477,0.121731
-87.3418,216.456,0.0520312,0.122816
-83.5443,216.456,0.0521067,0.123904
-79.7468,216.456,0.0521739,0.124996
-75.9494,216.456,0.052232,0.126091
-72.1519,216.456,0.0522808,0.12719
-68.3544,216.456,0.0523195,0.128291
-64.557,216.456,0.0523476,0.129396
-60.7595,216.456,0.0523647,0.130505
-56.962,216.456,0.05237,0.131616
-53.1646,216.456,0.0523631,0.13273
-49.3671,216.456,0.0523433,0.133846
-45.5696,216.456,0.0523099,0.134966
-41.7722,216.456,0.0522624,0.136088
-37.9747,216.456,0.0522,0.137213
-34.1772,216.456,0.0521221,0.138341
-30.3797,216.456,0.052028,0.13947
-26.5823,216.456,0.051917,0.140603
-22.7848,216.456,0.0517884,0.141737
-18.9873,216.456,0.0516414,0.142874
-15.1899,216.456,0.0514753,0.144013
-11.3924,216.456,0.0512893,0.145154
-7.59494,216.456,0.0510826,0.146297
-3.79747,216.456,0.0508545,0.147442
0,216.456,0.0506041,0.14859
-300,220.253,0.0432983,0.0729717
-296.203,220.253,0.0435229,0.0736386
-292.405,220.253,0.0437425,0.0743184
-288.608,220.253,0.0439574,0.0750107
-284.81,220.253,0.0441679,0.0757153
-281.013,220.253,0.0443744,0.0764321
-277.215,220.253,0.0445773,0.0771607
-273.418,220.253,0.0447767,0.0779009
-269.62,220.253,0.044973,0.0786526
-265.823,220.253,0.0451665,0.0794154
-262.025,220.253,0.0453573,0.0801891
-258.228,220.253,0.0455459,0.0809736
-254.43,220.253,0.0457323,0.0817686
-250.633,220.253,0.0459167,0.0825738
-246.835,220.253,0.0460995,0.0833891
-243.038,220.253,0.0462807,0.0842142
-239.241,220.253,0.0464605,0.085049
-235.443,220.253,0.0466391,0.0858931
-231.646,220.253,0.0468166,0.0867465
-227.848,220.253,0.0469931,0.0876088
-224.051,220.253,0.0471686,0.0884799
-220.253,220.253,0.0473434,0.0893596
-216.456,220.253,0.0475174,0.0902476
-212.658,220.253,0.0476908,0.0911439
-208.861,220.253,0.0478634,0.0920481
-205.063,220.253,0.0480355,0.09296
-201.266,220.253,0.0482069,0.0938796
-197.468,220.253,0.0483777,0.0948065
-193.671,220.253,0.0485478,0.0957406
-189.873,220.253,0.0487172,0.0966817
-186.076,220.253,0.0488859,0.0976296
-182.278,220.253,0.0490537,0.0985842
-178.481,220.253,0.0492206,0.0995451
-174.684,220.253,0.0493865,0.100512
-170.886,220.253,0.0495513,0.101486
-167.089,220.253,0.0497148,0.102465
-163.291,220.253,0.0498768,0.10345
-159.494,220.253,0.0500373,0.10444
-155.696,220.253,0.050196,0.105436
-151.899,220.253,0.0503528,0.106437
-148.101,220.253,0.0505073,0.107443
-144.304,220.253,0.0506595,0.108454
-140.506,220.253,0.050809,0.10947
-136.709,220.253,0.0509556,0.11049
-132.911,220.253,0.051099,0.111515
-129.114,220.253,0.051239,0.112544
-125.316,220.253,0.0513752,0.113577
-121.519,220.253,0.0515073,0.114614
-117.722,220.253,0.051635,0.115654
-113.924,220.253,0.0517579,0.116699
-110.127,220.253,0.0518756,0.117746
-106.329,220.253,0.0519878,0.118797
-102.532,220.253,0.0520941,0.119851
-98.7342,220.253,0.052194,0.120909
-94.9367,220.253,0.0522872,0.121969
-91.1392,220.253,0.0523731,0.123032
-87.3418,220.253,0.0524514,0.124097
-83.5443,220.253,0.0525215,0.125165
-79.7468,220.253,0.052583,0.126235
-75.9494,220.253,0.0526353,0.127308
-72.1519,220.253,0.0526779,0.128382
-68.3544,220.253,0.0527103,0.129459
-64.557,220.253,0.052732,0.130537
-60.7595,220.253,0.0527423,0.131617
-56.962,220.253,0.0527407,0.132699
-53.1646,220.253,0.0527265,0.133782
-49.3671,220.253,0.0526993,0.134867
-45.5696,220.253,0.0526582,0.135952
-41.7722,220.253,0.0526028,0.137039
-37.9747,220.253,0.0525322,0.138127
-34.1772,220.253,0.0524459,0.139216
-30.3797,220.253,0.0523432,0.140305
-26.5823,220.253,0.0522233,0.141396
-22.7848,220.253,0.0520855,0.142487
-18.9873,220.253,0.051929,0.143578
-15.1899,220.253,0.0517532,0.144669
-11.3924,220.253,0.0515573,0.145761
-7.59494,220.253,0.0513404,0.146854
-3.79747,220.253,0.0511017,0.147946
0,220.253,0.0508405,0.149038
-300,224.051,0.0437928,0.0745704
-296.203,224.051,0.0440181,0.0752267
-292.405,224.051,0.0442382,0.0758966
-288.608,224.051,0.0444537,0.0765799
-284.81,224.051,0.0446648,0.0772762
-281.013,224.051,0.0448719,0.0779854
-277.215,224.051,0.0450752,0.0787071
-273.418,224.051,0.0452752,0.0794411
-269.62,224.051,0.0454719,0.0801871
-265.823,224.051,0.0456658,0.0809449
-262.025,224.051,0.0458571,0.0817141
-258.228,224.051,0.046046,0.0824945
-254.43,224.051,0.0462327,0.0832859
-250.633,224.051,0.0464174,0.084088
-246.835,224.051,0.0466004,0.0849005
-243.038,224.051,0.0467818,0.0857233
-239.241,224.051,0.0469617,0.086556
-235.443,224.051,0.0471403,0.0873983
-231.646,224.051,0.0473178,0.0882501
-227.848,224.051,0.0474942,0.0891111
-224.051,224.051,0.0476696,0.0899811
-220.253,224.051,0.0478441,0.0908598
-216.456,224.051,0.0480178,0.0917469
-212.658,224.051,0.0481908,0.0926423
-208.861,224.051,0.0483629,0.0935457
-205.063,224.051,0.0485344,0.0944569
-201.266,224.051,0.0487052,0.0953756
-197.468,224.051,0.0488752,0.0963016
-193.671,224.051,0.0490444,0.0972346
-189.873,224.051,0.0492129,0.0981745
-186.076,224.051,0.0493804,0.0991211
-182.278,224.051,0.0495471,0.100074
-178.481,224.051,0.0497127,0.101033
-174.684,224.051,0.0498772,0.101998
-170.886,224.051,0.0500404,0.102969
-167.089,224.051,0.0502022,0.103946
-163.291,224.051,0.0503624,0.104927
-159.494,224.051,0.050521,0.105914
-155.696,224.051,0.0506776,0.106906
-151.899,224.051,0.0508321,0.107902
-148.101,224.051,0.0509843,0.108903
-144.304,224.051,0.051134,0.109909
-140.506,224.051,0.0512809,0.110918
-136.709,224.051,0.0514247,0.111931
-132.911,224.051,0.0515651,0.112948
-129.114,224.051,0.051702,0.113968
-125.316,224.051,0.0518349,0.114992
-121.519,224.051,0.0519635,0.116019
-117.722,224.051,0.0520876,0.117049
-113.924,224.051,0.0522067,0.118081
-110.127,224.051,0.0523204,0.119116
-106.329,224.051,0.0524285,0.120154
-102.532,224.051,0.0525304,0.121194
-98.7342,224.051,0.0526258,0.122235
-94.9367,224.051,0.0527142,0.123279
-91.1392,224.051,0.0527953,0.124324
-87.3418,224.051,0.0528684,0.125371
-83.5443,224.051,0.0529332,0.126419
-79.7468,224.051,0.0529891,0.127468
-75.9494,224.051,0.0530357,0.128518
-72.1519,224.051,0.0530724,0.129569
-68.3544,224.051,0.0530986,0.13062
-64.557,224.051,0.0531139,0.131673
-60.7595,224.051,0.0531176,0.132725
-56.962,224.051,0.0531091,0.133778
-53.1646,224.051,0.0530879,0.13483
-49.3671,224.051,0.0530533,0.135883
-45.5696,224.051,0.0530047,0.136935
-41.7722,224.051,0.0529415,0.137987
-37.9747,224.051,0.0528629,0.139038
-34.1772,224.051,0.0527683,0.140089
-30.3797,224.051,0.052657,0.141138
-26.5823,224.051,0.0525283,0.142187
-22.7848,224.051,0.0523815,0.143234
-18.9873,224.051,0.0522158,0.14428
-15.1899,224.051,0.0520304,0.145325
-11.3924,224.051,0.0518245,0.146368
-7.59494,224.051,0.0515975,0.14741
-3.79747,224.051,0.0513485,0.14845
0,224.051,0.0510766,0.149487
-300,227.848,0.0442767,0.0761381
-296.203,227.848,0.0445027,0.0767841
-292.405,227.848,0.0447236,0.0774446
-288.608,227.848,0.0449398,0.0781193
-284.81,227.848,0.0451516,0.0788078
-281.013,227.848,0.0453594,0.0795098
-277.215,227.848,0.0455634,0.080225
-273.418,227.848,0.045764,0.0809532
-269.62,227.848,0.0459613,0.081694
-265.823,227.848,0.0461558,0.0824471
-262.025,227.848,0.0463476,0.0832122
-258.228,227.848,0.046537,0.083989
-254.43,227.848,0.0467242,0.0847772
-250.633,227.848,0.0469093,0.0855766
-246.835,227.848,0.0470926,0.0863868
-243.038,227.848,0.0472743,0.0872076
-239.241,227.848,0.0474545,0.0880386
-235.443,227.848,0.0476333,0.0888796
-231.646,227.848,0.0478108,0.0897303
-227.848,227.848,0.0479872,0.0905904
-224.051,227.848,0.0481626,0.0914597
-220.253,227.848,0.0483371,0.0923378
-216.456,227.848,0.0485106,0.0932244
-212.658,227.848,0.0486832,0.0941194
-208.861,227.848,0.0488551,0.0950224
-205.063,227.848,0.0490261,0.0959332
-201.266,227.848,0.0491963,0.0968514
-197.468,227.848,0.0493657,0.0977769
-193.671,227.848,0.0495342,0.0987094
-189.873,227.848,0.0497018,0.0996486
-186.076,227.848,0.0498684,0.100594
-182.278,227.848,0.050034,0.101546
-178.481,227.848,0.0501984,0.102504
-174.684,227.848,0.0503616,0.103467
-170.886,227.848,0.0505234,0.104436
-167.089,227.848,0.0506836,0.10541
-163.291,227.848,0.0508422,0.106389
-159.494,227.848,0.050999,0.107372
-155.696,227.848,0.0511537,0.10836
-151.899,227.848,0.0513061,0.109353
-148.101,227.848,0.0514561,0.110349
-144.304,227.848,0.0516034,0.111349
-140.506,227.848,0.0517477,0.112352
-136.709,227.848,0.0518889,0.113359
-132.911,227.848,0.0520265,0.114368
-129.114,227.848,0.0521604,0.115381
-125.316,227.848,0.0522901,0.116396
-121.519,227.848,0.0524155,0.117413
-117.722,227.848,0.052536,0.118432
-113.924,227.848,0.0526514,0.119454
-110.127,227.848,0.0527613,0.120477
-106.329,227.848,0.0528654,0.121501
-102.532,227.848,0.0529631,0.122526
-98.7342,227.848,0.0530541,0.123553
-94.9367,227.848,0.0531379,0.12458
-91.1392,227.848,0.0532142,0.125608
-87.3418,227.848,0.0532823,0.126637
-83.5443,227.848,0.0533419,0.127665
-79.7468,227.848,0.0533925,0.128694
-75.9494,227.848,0.0534334,0.129722
-72.1519,227.848,0.0534643,0.130749
-68.3544,227.848,0.0534845,0.131777
-64.557,227.848,0.0534935,0.132803
-60.7595,227.848,0.0534907,0.133828
-56.962,227.848,0.0534755,0.134852
-53.1646,227.848,0.0534474,0.135875
-49.3671,227.848,0.0534056,0.136896
-45.5696,227.848,0.0533496,0.137915
-41.7722,227.848,0.0532787,0.138932
-37.9747,227.848,0.0531923,0.139947
-34.1772,227.848,0.0530895,0.14096
-30.3797,227.848,0.0529698,0.14197
-26.5823,227.848,0.0528325,0.142977
-22.7848,227.848,0.0526767,0.143982
-18.9873,227.848,0.0525018,0.144983
-15.1899,227.848,0.052307,0.145982
-11.3924,227.848,0.0520914,0.146976
-7.59494,227.848,0.0518544,0.147968
-3.79747,227.848,0.0515951,0.148955
0,227.848,0.0513126,0.149939
-300,231.646,0.0447495,0.0776726
-296.203,231.646,0.0449764,0.0783089
-292.405,231.646,0.0451982,0.0789605
-288.608,231.646,0.0454153,0.0796269
-284.81,231.646,0.0456279,0.080308
-281.013,231.646,0.0458365,0.0810034
-277.215,231.646,0.0460413,0.0817126
-273.418,231.646,0.0462427,0.0824354
-269.62,231.646,0.0464408,0.0831714
-265.823,231.646,0.046636,0.0839203
-262.025,231.646,0.0468285,0.0846818
-258.228,231.646,0.0470185,0.0854555
-254.43,231.646,0.0472062,0.086241
-250.633,231.646,0.0473919,0.0870382
-246.835,231.646,0.0475757,0.0878465
-243.038,231.646,0.0477579,0.0886658
-239.241,231.646,0.0479384,0.0894956
-235.443,231.646,0.0481175,0.0903357
-231.646,231.646,0.0482953,0.0911858
-227.848,231.646,0.0484719,0.0920455
-224.051,231.646,0.0486474,0.0929144
-220.253,231.646,0.0488219,0.0937924
-216.456,231.646,0.0489954,0.0946791
-212.658,231.646,0.0491679,0.0955741
-208.861,231.646,0.0493395,0.0964772
-205.063,231.646,0.0495103,0.097388
-201.266,231.646,0.0496801,0.0983063
-197.468,231.646,0.049849,0.0992318
-193.671,231.646,0.0500169,0.100164
-189.873,231.646,0.0501838,0.101103
-186.076,231.646,0.0503496,0.102048
-182.278,231.646,0.0505143,0.102999
-178.481,231.646,0.0506777,0.103956
-174.684,231.646,0.0508397,0.104918
-170.886,231.646,0.0510002,0.105885
-167.089,231.646,0.0511591,0.106857
-163.291,231.646,0.0513161,0.107834
-159.494,231.646,0.0514712,0.108815
-155.696,231.646,0.0516241,0.1098
-151.899,231.646,0.0517746,0.110788
-148.101,231.646,0.0519226,0.11178
-144.304,231.646,0.0520676,0.112775
-140.506,231.646,0.0522096,0.113773
-136.709,231.646,0.0523482,0.114773
-132.911,231.646,0.0524832,0.115776
-129.114,231.646,0.0526142,0.116781
-125.316,231.646,0.0527409,0.117788
-121.519,231.646,0.0528631,0.118796
-117.722,231.646,0.0529803,0.119805
-113.924,231.646,0.0530922,0.120816
-110.127,231.646,0.0531984,0.121827
-106.329,231.646,0.0532986,0.122839
-102.532,231.646,0.0533922,0.12385
-98.7342,231.646,0.053479,0.124862
-94.9367,231.646,0.0535584,0.125874
-91.1392,231.646,0.0536299,0.126885
-87.3418,231.646,0.0536933,0.127896
-83.5443,231.646,0.0537478,0.128905
-79.7468,231.646,0.0537931,0.129913
-75.9494,231.646,0.0538286,0.13092
-72.1519,231.646,0.0538538,0.131925
-68.3544,231.646,0.0538681,0.132928
-64.557,231.646,0.053871,0.133929
-60.7595,231.646,0.0538619,0.134927
-56.962,231.646,0.0538401,0.135923
-53.1646,231.646,0.0538052,0.136916
-49.3671,231.646,0.0537564,0.137906
-45.5696,231.646,0.0536931,0.138893
-41.7722,231.646,0.0536147,0.139876
-37.9747,231.646,0.0535205,0.140855
-34.1772,231.646,0.0534098,0.14183
-30.3797,231.646,0.0532818,0.142801
-26.5823,231.646,0.0531359,0.143768
-22.7848,231.646,0.0529714,0.14473
-18.9873,231.646,0.0527874,0.145687
-15.1899,231.646,0.0525833,0.14664
-11.3924,231.646,0.0523582,0.147587
-7.59494,231.646,0.0521113,0.148528
-3.79747,231.646,0.0518419,0.149464
0,231.646,0.051549,0.150394
-300,235.443,0.0452106,0.079172
-296.203,235.443,0.0454386,0.079799
-292.405,235.443,0.0456614,0.0804421
-288.608,235.443,0.0458795,0.0811009
-284.81,235.443,0.0460931,0.0817751
-281.013,235.443,0.0463027,0.0824643
-277.215,235.443,0.0465085,0.083168
-273.418,235.443,0.0467108,0.083886
-269.62,235.443,0.0469098,0.0846178
-265.823,235.443,0.0471058,0.085363
-262.025,235.443,0.0472992,0.0861213
-258.228,235.443,0.04749,0.0868924
-254.43,235.443,0.0476785,0.0876758
-250.633,235.443,0.0478649,0.0884712
-246.835,235.443,0.0480494,0.0892782
-243.038,235.443,0.0482321,0.0900965
-239.241,235.443,0.0484131,0.0909256
-235.443,235.443,0.0485927,0.0917654
-231.646,235.443,0.048771,0.0926153
-227.848,235.443,0.0489479,0.093475
-224.051,235.443,0.0491237,0.0943442
-220.253,235.443,0.0492983,0.0952226
-216.456,235.443,0.0494719,0.0961098
-212.658,235.443,0.0496445,0.0970053
-208.861,235.443,0.0498161,0.097909
-205.063,235.443,0.0499866,0.0988205
-201.266,235.443,0.0501562,0.0997393
-197.468,235.443,0.0503248,0.100665
-193.671,235.443,0.0504923,0.101598
-189.873,235.443,0.0506586,0.102537
-186.076,235.443,0.0508238,0.103482
-182.278,235.443,0.0509877,0.104433
-178.481,235.443,0.0511502,0.105389
-174.684,235.443,0.0513113,0.106351
-170.886,235.443,0.0514707,0.107317
-167.089,235.443,0.0516283,0.108288
-163.291,235.443,0.051784,0.109262
-159.494,235.443,0.0519376,0.110241
-155.696,235.443,0.0520888,0.111223
-151.899,235.443,0.0522376,0.112208
-148.101,235.443,0.0523836,0.113196
-144.304,235.443,0.0525266,0.114187
-140.506,235.443,0.0526663,0.11518
-136.709,235.443,0.0528026,0.116175
-132.911,235.443,0.052935,0.117171
-129.114,235.443,0.0530633,0.118169
-125.316,235.443,0.0531872,0.119168
-121.519,235.443,0.0533064,0.120167
-117.722,235.443,0.0534204,0.121167
-113.924,235.443,0.0535289,0.122168
-110.127,235.443,0.0536316,0.123168
-106.329,235.443,0.053728,0.124167
-102.532,235.443,0.0538178,0.125166
-98.7342,235.443,0.0539004,0.126164
-94.9367,235.443,0.0539755,0.12716
-91.1392,235.443,0.0540426,0.128155
-87.3418,235.443,0.0541013,0.129148
-83.5443,235.443,0.0541509,0.130139
-79.7468,235.443,0.0541911,0.131127
-75.9494,235.443,0.0542213,0.132113
-72.1519,235.443,0.054241,0.133096
-68.3544,235.443,0.0542496,0.134075
-64.557,235.443,0.0542465,0.135052
-60.7595,235.443,0.0542312,0.136024
-56.962,235.443,0.0542031,0.136992
-53.1646,235.443,0.0541615,0.137956
-49.3671,235.443,0.0541058,0.138915
-45.5696,235.443,0.0540354,0.13987
-41.7722,235.443,0.0539497,0.140819
-37.9747,235.443,0.0538478,0.141763
-34.1772,235.443,0.0537292,0.142702
-30.3797,235.443,0.0535932,0.143634
-26.5823,235.443,0.053439,0.144561
-22.7848,235.443,0.0532658,0.145481
-18.9873,235.443,0.053073,0.146394
-15.1899,235.443,0.0528597,0.147301
-11.3924,235.443,0.0526252,0.148201
-7.59494,235.443,0.0523686,0.149093
-3.79747,235.443,0.0520892,0.149978
0,235.443,0.0517861,0.150855
-300,239.241,0.0456595,0.080634
-296.203,239.241,0.0458886,0.0812523
-292.405,239.241,0.0461127,0.0818875
-288.608,239.241,0.0463319,0.0825393
-284.81,239.241,0.0465468,0.0832071
-281.013,239.241,0.0467575,0.0838907
-277.215,239.241,0.0469644,0.0845895
-273.418,239.241,0.0471678,0.0853031
-269.62,239.241,0.0473679,0.0860312
-265.823,239.241,0.047565,0.0867733
-262.025,239.241,0.0477593,0.0875291
-258.228,239.241,0.0479511,0.0882981
-254.43,239.241,0.0481405,0.0890799
-250.633,239.241,0.0483278,0.0898741
-246.835,239.241,0.0485131,0.0906803
-243.038,239.241,0.0486965,0.0914981
-239.241,239.241,0.0488783,0.0923272
-235.443,239.241,0.0490586,0.0931671
-231.646,239.241,0.0492374,0.0940174
-227.848,239.241,0.0494148,0.0948778
-224.051,239.241,0.049591,0.0957478
-220.253,239.241,0.049766,0.0966271
-216.456,239.241,0.0499399,0.0975153
-212.658,239.241,0.0501127,0.098412
-208.861,239.241,0.0502844,0.0993169
-205.063,239.241,0.050455,0.100229
-201.266,239.241,0.0506245,0.101149
-197.468,239.241,0.0507928,0.102076
-193.671,239.241,0.0509601,0.10301
-189.873,239.241,0.0511261,0.10395
-186.076,239.241,0.0512908,0.104896
-182.278,239.241,0.0514541,0.105847
-178.481,239.241,0.0516159,0.106803
-174.684,239.241,0.0517761,0.107765
-170.886,239.241,0.0519346,0.10873
-167.089,239.241,0.0520911,0.1097
-163.291,239.241,0.0522456,0.110674
-159.494,239.241,0.0523979,0.11165
-155.696,239.241,0.0525477,0.11263
-151.899,239.241,0.0526948,0.113613
-148.101,239.241,0.052839,0.114598
-144.304,239.241,0.0529801,0.115585
-140.506,239.241,0.0531179,0.116573
-136.709,239.241,0.0532519,0.117563
-132.911,239.241,0.053382,0.118553
-129.114,239.241,0.0535078,0.119545
-125.316,239.241,0.053629,0.120536
-121.519,239.241,0.0537453,0.121528
-117.722,239.241,0.0538563,0.122519
-113.924,239.241,0.0539616,0.123509
-110.127,239.241,0.0540609,0.124499
-106.329,239.241,0.0541538,0.125487
-102.532,239.241,0.0542398,0.126473
-98.7342,239.241,0.0543185,0.127457
-94.9367,239.241,0.0543895,0.128439
-91.1392,239.241,0.0544523,0.129418
-87.3418,239.241,0.0545064,0.130394
-83.5443,239.241,0.0545513,0.131367
-79.7468,239.241,0.0545866,0.132337
-75.9494,239.241,0.0546116,0.133302
-72.1519,239.241,0.054626,0.134263
-68.3544,239.241,0.054629,0.13522
-64.557,239.241,0.0546201,0.136171
-60.7595,239.241,0.0545988,0.137118
-56.962,239.241,0.0545644,0.138059
-53.1646,239.241,0.0545164,0.138994
-49.3671,239.241,0.054454,0.139924
-45.5696,239.241,0.0543767,0.140846
-41.7722,239.241,0.0542837,0.141763
-37.9747,239.241,0.0541745,0.142672
-34.1772,239.241,0.0540482,0.143574
-30.3797,239.241,0.0539042,0.144469
-26.5823,239.241,0.0537418,0.145356
-22.7848,239.241,0.0535602,0.146235
-18.9873,239.241,0.0533586,0.147105
-15.1899,239.241,0.0531364,0.147967
-11.3924,239.241,0.0528926,0.14882
-7.59494,239.241,0.0526265,0.149663
-3.79747,239.241,0.0523373,0.150497
0,239.241,0.0520242,0.151322
-300,243.038,0.0460955,0.0820564
-296.203,243.038,0.046326,0.0826666
-292.405,243.038,0.0465514,0.0832946
-288.608,243.038,0.0467721,0.0839399
-284.81,243.038,0.0469882,0.084602
-281.013,243.038,0.0472003,0.0852805
-277.215,243.038,0.0474085,0.085975
-273.418,243.038,0.0476132,0.0866849
-269.62,243.038,0.0478145,0.0874099
-265.823,243.038,0.0480128,0.0881495
-262.025,243.038,0.0482084,0.0889033
-258.228,243.038,0.0484013,0.0896708
-254.43,243.038,0.0485918,0.0904516
-250.633,243.038,0.0487801,0.0912452
-246.835,243.038,0.0489664,0.0920512
-243.038,243.038,0.0491508,0.0928693
-239.241,243.038,0.0493335,0.0936988
-235.443,243.038,0.0495145,0.0945395
-231.646,243.038,0.0496941,0.0953908
-227.848,243.038,0.0498723,0.0962524
-224.051,243.038,0.0500491,0.0971239
-220.253,243.038,0.0502246,0.0980047
-216.456,243.038,0.050399,0.0988946
-212.658,243.038,0.0505721,0.099793
-208.861,243.038,0.0507441,0.1007
-205.063,243.038,0.0509149,0.101614
-201.266,243.038,0.0510845,0.102536
-197.468,243.038,0.0512529,0.103464
-193.671,243.038,0.05142,0.104399
-189.873,243.038,0.0515858,0.105341
-186.076,243.038,0.0517502,0.106288
-182.278,243.038,0.0519131,0.10724
-178.481,243.038,0.0520744,0.108197
-174.684,243.038,0.052234,0.109159
-170.886,243.038,0.0523917,0.110124
-167.089,243.038,0.0525473,0.111094
-163.291,243.038,0.0527008,0.112067
-159.494,243.038,0.0528519,0.113042
-155.696,243.038,0.0530004,0.114021
-151.899,243.038,0.0531461,0.115001
-148.101,243.038,0.0532888,0.115983
-144.304,243.038,0.0534282,0.116967
-140.506,243.038,0.053564,0.117952
-136.709,243.038,0.053696,0.118937
-132.911,243.038,0.0538239,0.119923
-129.114,243.038,0.0539474,0.120908
-125.316,243.038,0.0540661,0.121893
-121.519,243.038,0.0541797,0.122877
-117.722,243.038,0.0542879,0.12386
-113.924,243.038,0.0543902,0.124841
-110.127,243.038,0.0544863,0.12582
-106.329,243.038,0.0545758,0.126797
-102.532,243.038,0.0546582,0.127772
-98.7342,243.038,0.0547332,0.128743
-94.9367,243.038,0.0548002,0.129711
-91.1392,243.038,0.0548589,0.130675
-87.3418,243.038,0.0549086,0.131635
-83.5443,243.038,0.054949,0.13259
-79.7468,243.038,0.0549796,0.133541
-75.9494,243.038,0.0549997,0.134486
-72.1519,243.038,0.0550088,0.135426
-68.3544,243.038,0.0550064,0.136361
-64.557,243.038,0.054992,0.137289
-60.7595,243.038,0.0549648,0.13821
-56.962,243.038,0.0549244,0.139125
-53.1646,243.038,0.05487,0.140032
-49.3671,243.038,0.0548011,0.140932
-45.5696,243.038,0.054717,0.141824
-41.7722,243.038,0.0546171,0.142708
-37.9747,243.038,0.0545006,0.143583
-34.1772,243.038,0.0543668,0.14445
-30.3797,243.038,0.0542151,0.145307
-26.5823,243.038,0.0540446,0.146155
-22.7848,243.038,0.0538548,0.146993
-18.9873,243.038,0.0536447,0.147821
-15.1899,243.038,0.0534136,0.148638
-11.3924,243.038,0.0531608,0.149445
-7.59494,243.038,0.0528854,0.15024
-3.79747,243.038,0.0525866,0.151024
0,243.038,0.0522635,0.151797
-300,246.835,0.046518,0.0834371
-296.203,246.835,0.0467501,0.0840398
-292.405,246.835,0.0469771,0.0846612
-288.608,246.835,0.0471993,0.0853006
-284.81,246.835,0.047417,0.0859576
-281.013,246.835,0.0476306,0.0866318
-277.215,246.835,0.0478403,0.0873225
-273.418,246.835,0.0480464,0.0880294
-269.62,246.835,0.0482492,0.088752
-265.823,246.835,0.048449,0.0894898
-262.025,246.835,0.0486459,0.0902422
-258.228,246.835,0.0488401,0.0910089
-254.43,246.835,0.0490319,0.0917893
-250.633,246.835,0.0492215,0.092583
-246.835,246.835,0.0494089,0.0933894
-243.038,246.835,0.0495945,0.0942083
-239.241,246.835,0.0497782,0.0950389
-235.443,246.835,0.0499603,0.095881
-231.646,246.835,0.0501408,0.096734
-227.848,246.835,0.0503199,0.0975975
-224.051,246.835,0.0504975,0.098471
-220.253,246.835,0.0506738,0.0993541
-216.456,246.835,0.0508488,0.100246
-212.658,246.835,0.0510225,0.101147
-208.861,246.835,0.0511949,0.102056
-205.063,246.835,0.0513661,0.102973
-201.266,246.835,0.051536,0.103897
-197.468,246.835,0.0517046,0.104828
-193.671,246.835,0.0518718,0.105765
-189.873,246.835,0.0520376,0.106708
-186.076,246.835,0.0522019,0.107657
-182.278,246.835,0.0523646,0.108611
-178.481,246.835,0.0525255,0.109569
-174.684,246.835,0.0526847,0.110532
-170.886,246.835,0.0528418,0.111499
-167.089,246.835,0.0529967,0.112469
-163.291,246.835,0.0531494,0.113441
-159.494,246.835,0.0532995,0.114417
-155.696,246.835,0.0534469,0.115394
-151.899,246.835,0.0535914,0.116373
-148.101,246.835,0.0537327,0.117353
-144.304,246.835,0.0538705,0.118334
-140.506,246.835,0.0540047,0.119316
-136.709,246.835,0.0541349,0.120297
-132.911,246.835,0.0542608,0.121278
-129.114,246.835,0.0543821,0.122258
-125.316,246.835,0.0544985,0.123237
-121.519,246.835,0.0546096,0.124215
-117.722,246.835,0.0547151,0.12519
-113.924,246.835,0.0548146,0.126163
-110.127,246.835,0.0549077,0.127132
-106.329,246.835,0.054994,0.128099
-102.532,246.835,0.0550731,0.129062
-98.7342,246.835,0.0551445,0.130021
-94.9367,246.835,0.0552078,0.130975
-91.1392,246.835,0.0552625,0.131925
-87.3418,246.835,0.0553081,0.132869
-83.5443,246.835,0.0553441,0.133808
-79.7468,246.835,0.0553701,0.134741
-75.9494,246.835,0.0553854,0.135667
-72.1519,246.835,0.0553896,0.136587
-68.3544,246.835,0.055382,0.137499
-64.557,246.835,0.0553621,0.138404
-60.7595,246.835,0.0553293,0.139301
-56.962,246.835,0.055283,0.14019
-53.1646,246.835,0.0552226,0.14107
-49.3671,246.835,0.0551473,0.141941
-45.5696,246.835,0.0550567,0.142803
-41.7722,246.835,0.0549499,0.143655
-37.9747,246.835,0.0548263,0.144497
-34.1772,246.835,0.0546852,0.145328
-30.3797,246.835,0.0545259,0.146149
-26.5823,246.835,0.0543477,0.146958
-22.7848,246.835,0.0541497,0.147756
-18.9873,246.835,0.0539313,0.148542
-15.1899,246.835,0.0536916,0.149316
-11.3924,246.835,0.0534299,0.150077
-7.59494,246.835,0.0531454,0.150825
-3.79747,246.835,0.0528371,0.15156
0,246.835,0.0525043,0.152281
-300,250.633,0.0469265,0.0847736
-296.203,250.633,0.0471604,0.0853696
-292.405,250.633,0.0473891,0.085985
-288.608,250.633,0.0476131,0.0866193
-284.81,250.633,0.0478325,0.0872719
-281.013,250.633,0.0480478,0.0879424
-277.215,250.633,0.0482592,0.0886301
-273.418,250.633,0.048467,0.0893347
-269.62,250.633,0.0486715,0.0900555
-265.823,250.633,0.0488728,0.0907921
-262.025,250.633,0.0490713,0.0915439
-258.228,250.633,0.0492671,0.0923104
-254.43,250.633,0.0494604,0.0930911
-250.633,250.633,0.0496514,0.0938855
-246.835,250.633,0.0498402,0.0946932
-243.038,250.633,0.0500271,0.0955135
-239.241,250.633,0.0502121,0.096346
-235.443,250.633,0.0503954,0.0971902
-231.646,250.633,0.0505771,0.0980455
-227.848,250.633,0.0507572,0.0989116
-224.051,250.633,0.0509358,0.0997878
-220.253,250.633,0.051113,0.100674
-216.456,250.633,0.0512889,0.101569
-212.658,250.633,0.0514634,0.102473
-208.861,250.633,0.0516365,0.103385
-205.063,250.633,0.0518083,0.104305
-201.266,250.633,0.0519787,0.105232
-197.468,250.633,0.0521477,0.106166
-193.671,250.633,0.0523152,0.107106
-189.873,250.633,0.0524812,0.108052
-186.076,250.633,0.0526456,0.109003
-182.278,250.633,0.0528082,0.109959
-178.481,250.633,0.052969,0.11092
-174.684,250.633,0.0531279,0.111884
-170.886,250.633,0.0532846,0.112852
-167.089,250.633,0.0534391,0.113823
-163.291,250.633,0.0535911,0.114797
-159.494,250.633,0.0537405,0.115772
-155.696,250.633,0.053887,0.116749
-151.899,250.633,0.0540304,0.117728
-148.101,250.633,0.0541705,0.118706
-144.304,250.633,0.054307,0.119686
-140.506,250.633,0.0544397,0.120665
-136.709,250.633,0.0545683,0.121643
-132.911,250.633,0.0546924,0.12262
-129.114,250.633,0.0548118,0.123596
-125.316,250.633,0.0549261,0.124569
-121.519,250.633,0.0550349,0.125541
-117.722,250.633,0.0551379,0.126509
-113.924,250.633,0.0552348,0.127474
-110.127,250.633,0.0553251,0.128435
-106.329,250.633,0.0554084,0.129392
-102.532,250.633,0.0554843,0.130344
-98.7342,250.633,0.0555524,0.131291
-94.9367,250.633,0.0556121,0.132233
-91.1392,250.633,0.055663,0.133169
-87.3418,250.633,0.0557047,0.134098
-83.5443,250.633,0.0557366,0.135021
-79.7468,250.633,0.0557582,0.135937
-75.9494,250.633,0.055769,0.136845
-72.1519,250.633,0.0557683,0.137744
-68.3544,250.633,0.0557558,0.138636
-64.557,250.633,0.0557307,0.139518
-60.7595,250.633,0.0556924,0.140392
-56.962,250.633,0.0556404,0.141255
-53.1646,250.633,0.0555741,0.142109
-49.3671,250.633,0.0554927,0.142952
-45.5696,250.633,0.0553957,0.143784
-41.7722,250.633,0.0552823,0.144605
-37.9747,250.633,0.0551518,0.145414
-34.1772,250.633,0.0550036,0.146211
-30.3797,250.633,0.054837,0.146996
-26.5823,250.633,0.0546511,0.147767
-22.7848,250.633,0.0544453,0.148526
-18.9873,250.633,0.0542187,0.14927
-15.1899,250.633,0.0539706,0.150001
-11.3924,250.633,0.0537003,0.150717
-7.59494,250.633,0.0534067,0.151419
-3.79747,250.633,0.0530893,0.152105
0,250.633,0.052747,0.152775
-300,254.43,0.0473202,0.0860637
-296.203,254.43,0.0475561,0.0866537
-292.405,254.43,0.0477868,0.0872638
-288.608,254.43,0.0480127,0.0878937
-284.81,254.43,0.0482342,0.0885426
-281.013,254.43,0.0484514,0.0892101
-277.215,254.43,0.0486647,0.0898956
-273.418,254.43,0.0488744,0.0905986
-269.62,254.43,0.0490807,0.0913184
-265.823,254.43,0.0492839,0.0920545
-262.025,254.43,0.0494841,0.0928064
-258.228,254.43,0.0496816,0.0935735
-254.43,254.43,0.0498766,0.0943553
-250.633,254.43,0.0500693,0.0951512
-246.835,254.43,0.0502597,0.0959607
-243.038,254.43,0.0504482,0.0967833
-239.241,254.43,0.0506347,0.0976183
-235.443,254.43,0.0508194,0.0984653
-231.646,254.43,0.0510024,0.0993238
-227.848,254.43,0.0511838,0.100193
-224.051,254.43,0.0513637,0.101073
-220.253,254.43,0.051542,0.101962
-216.456,254.43,0.0517189,0.102861
-212.658,254.43,0.0518944,0.103769
-208.861,254.43,0.0520684,0.104685
-205.063,254.43,0.052241,0.105608
-201.266,254.43,0.0524121,0.106539
-197.468,254.43,0.0525817,0.107477
-193.671,254.43,0.0527498,0.108421
-189.873,254.43,0.0529162,0.10937
-186.076,254.43,0.0530809,0.110325
-182.278,254.43,0.0532437,0.111284
-178.481,254.43,0.0534046,0.112247
-174.684,254.43,0.0535634,0.113214
-170.886,254.43,0.05372,0.114184
-167.089,254.43,0.0538742,0.115157
-163.291,254.43,0.0540257,0.116132
-159.494,254.43,0.0541746,0.117108
-155.696,254.43,0.0543204,0.118086
-151.899,254.43,0.054463,0.119064
-148.101,254.43,0.0546021,0.120043
-144.304,254.43,0.0547375,0.121021
-140.506,254.43,0.054869,0.121998
-136.709,254.43,0.0549961,0.122974
-132.911,254.43,0.0551186,0.123948
-129.114,254.43,0.0552363,0.12492
-125.316,254.43,0.0553486,0.125889
-121.519,254.43,0.0554554,0.126854
-117.722,254.43,0.0555562,0.127816
-113.924,254.43,0.0556507,0.128774
-110.127,254.43,0.0557384,0.129728
-106.329,254.43,0.0558189,0.130676
-102.532,254.43,0.0558918,0.131618
-98.7342,254.43,0.0559567,0.132554
-94.9367,254.43,0.0560131,0.133484
-91.1392,254.43,0.0560605,0.134407
-87.3418,254.43,0.0560985,0.135322
-83.5443,254.43,0.0561264,0.13623
-79.7468,254.43,0.0561439,0.137129
-75.9494,254.43,0.0561503,0.138019
-72.1519,254.43,0.0561451,0.1389
-68.3544,254.43,0.0561277,0.139771
-64.557,254.43,0.0560976,0.140632
-60.7595,254.43,0.0560541,0.141482
-56.962,254.43,0.0559967,0.142321
-53.1646,254.43,0.0559247,0.143149
-49.3671,254.43,0.0558374,0.143964
-45.5696,254.43,0.0557342,0.144768
-41.7722,254.43,0.0556144,0.145558
-37.9747,254.43,0.0554773,0.146335
-34.1772,254.43,0.0553222,0.147099
-30.3797,254.43,0.0551484,0.147848
-26.5823,254.43,0.0549551,0.148583
-22.7848,254.43,0.0547416,0.149302
-18.9873,254.43,0.0545071,0.150007
-15.1899,254.43,0.0542508,0.150695
-11.3924,254.43,0.053972,0.151367
-7.59494,254.43,0.0536697,0.152022
-3.79747,254.43,0.0533432,0.152661
0,254.43,0.0529916,0.153281
-300,258.228,0.0476986,0.0873049
-296.203,258.228,0.0479367,0.0878896
-292.405,258.228,0.0481696,0.0884953
-288.608,258.228,0.0483977,0.0891215
-284.81,258.228,0.0486213,0.0897676
-281.013,258.228,0.0488407,0.0904329
-277.215,258.228,0.0490562,0.0911169
-273.418,258.228,0.049268,0.091819
-269.62,258.228,0.0494764,0.0925385
-265.823,258.228,0.0496816,0.093275
-262.025,258.228,0.0498838,0.0940278
-258.228,258.228,0.0500833,0.0947963
-254.43,258.228,0.0502802,0.0955799
-250.633,258.228,0.0504747,0.0963781
-246.835,258.228,0.050667,0.0971902
-243.038,258.228,0.0508572,0.0980158
-239.241,258.228,0.0510454,0.0988542
-235.443,258.228,0.0512318,0.0997048
-231.646,258.228,0.0514164,0.100567
-227.848,258.228,0.0515993,0.101441
-224.051,258.228,0.0517806,0.102325
-220.253,258.228,0.0519604,0.103218
-216.456,258.228,0.0521385,0.104122
-212.658,258.228,0.0523152,0.105034
-208.861,258.228,0.0524904,0.105955
-205.063,258.228,0.052664,0.106883
-201.266,258.228,0.052836,0.107818
-197.468,258.228,0.0530065,0.10876
-193.671,258.228,0.0531752,0.109708
-189.873,258.228,0.0533423,0.110662
-186.076,258.228,0.0535075,0.111621
-182.278,258.228,0.0536707,0.112584
-178.481,258.228,0.0538319,0.11355
-174.684,258.228,0.0539909,0.114521
-170.886,258.228,0.0541475,0.115494
-167.089,258.228,0.0543017,0.116469
-163.291,258.228,0.054453,0.117446
-159.494,258.228,0.0546015,0.118424
-155.696,258.228,0.0547469,0.119403
-151.899,258.228,0.0548889,0.120382
-148.101,258.228,0.0550273,0.121361
-144.304,258.228,0.0551618,0.122339
-140.506,258.228,0.0552922,0.123315
-136.709,258.228,0.0554181,0.124289
-132.911,258.228,0.0555393,0.125261
-129.114,258.228,0.0556554,0.12623
-125.316,258.228,0.0557661,0.127195
-121.519,258.228,0.0558711,0.128156
-117.722,258.228,0.0559698,0.129113
-113.924,258.228,0.0560621,0.130064
-110.127,258.228,0.0561474,0.13101
-106.329,258.228,0.0562254,0.13195
-102.532,258.228,0.0562956,0.132883
-98.7342,258.228,0.0563576,0.13381
-94.9367,258.228,0.0564109,0.134728
-91.1392,258.228,0.0564549,0.135639
-87.3418,258.228,0.0564894,0.136541
-83.5443,258.228,0.0565136,0.137434
-79.7468,258.228,0.0565271,0.138317
-75.9494,258.228,0.0565294,0.13919
-72.1519,258.228,0.0565199,0.140053
-68.3544,258.228,0.0564979,0.140904
-64.557,258.228,0.056463,0.141744
-60.7595,258.228,0.0564146,0.142572
-56.962,258.228,0.0563519,0.143388
-53.1646,258.228,0.0562744,0.14419
-49.3671,258.228,0.0561814,0.14498
-45.5696,258.228,0.0560722,0.145755
-41.7722,258.228,0.0559463,0.146516
-37.9747,258.228,0.0558027,0.147261
-34.1772,258.228,0.055641,0.147992
-30.3797,258.228,0.0554602,0.148707
-26.5823,258.228,0.0552598,0.149405
-22.7848,258.228,0.0550388,0.150087
-18.9873,258.228,0.0547966,0.150751
-15.1899,258.228,0.0545324,0.151398
-11.3924,258.228,0.0542453,0.152027
-7.59494,258.228,0.0539345,0.152637
-3.79747,258.228,0.0535992,0.153228
0,258.228,0.0532386,0.1538
-300,262.025,0.0480609,0.0884946
-296.203,262.025,0.0483015,0.0890749
-292.405,262.025,0.0485368,0.089677
-288.608,262.025,0.0487674,0.0903004
-284.81,262.025,0.0489934,0.0909444
-281.013,262.025,0.0492152,0.0916084
-277.215,262.025,0.049433,0.0922917
-273.418,262.025,0.0496471,0.0929938
-269.62,262.025,0.0498578,0.0937139
-265.823,262.025,0.0500653,0.0944515
-262.025,262.025,0.0502698,0.095206
-258.228,262.025,0.0504715,0.0959767
-254.43,262.025,0.0506706,0.096763
-250.633,262.025,0.0508672,0.0975642
-246.835,262.025,0.0510615,0.0983799
-243.038,262.025,0.0512537,0.0992093
-239.241,262.025,0.0514439,0.100052
-235.443,262.025,0.0516322,0.100907
-231.646,262.025,0.0518186,0.101774
-227.848,262.025,0.0520033,0.102652
-224.051,262.025,0.0521862,0.103541
-220.253,262.025,0.0523676,0.10444
-216.456,262.025,0.0525473,0.105349
-212.658,262.025,0.0527254,0.106267
-208.861,262.025,0.0529019,0.107193
-205.063,262.025,0.0530767,0.108126
-201.266,262.025,0.05325,0.109067
-197.468,262.025,0.0534215,0.110014
-193.671,262.025,0.0535912,0.110968
-189.873,262.025,0.0537591,0.111926
-186.076,262.025,0.0539251,0.11289
-182.278,262.025,0.054089,0.113858
-178.481,262.025,0.0542507,0.114829
-174.684,262.025,0.0544101,0.115803
-170.886,262.025,0.054567,0.11678
-167.089,262.025,0.0547213,0.117759
-163.291,262.025,0.0548727,0.118739
-159.494,262.025,0.0550211,0.11972
-155.696,262.025,0.0551663,0.120701
-151.899,262.025,0.0553079,0.121681
-148.101,262.025,0.0554458,0.122661
-144.304,262.025,0.0555796,0.123639
-140.506,262.025,0.0557092,0.124615
-136.709,262.025,0.0558342,0.125588
-132.911,262.025,0.0559542,0.126559
-129.114,262.025,0.0560691,0.127525
-125.316,262.025,0.0561783,0.128488
-121.519,262.025,0.0562817,0.129445
-117.722,262.025,0.0563787,0.130397
-113.924,262.025,0.056469,0.131343
-110.127,262.025,0.0565522,0.132283
-106.329,262.025,0.0566278,0.133215
-102.532,262.025,0.0566955,0.13414
-98.7342,262.025,0.0567548,0.135057
-94.9367,262.025,0.0568052,0.135965
-91.1392,262.025,0.0568462,0.136864
-87.3418,262.025,0.0568773,0.137754
-83.5443,262.025,0.0568981,0.138633
-79.7468,262.025,0.0569079,0.139501
-75.9494,262.025,0.0569063,0.140358
-72.1519,262.025,0.0568927,0.141204
-68.3544,262.025,0.0568664,0.142036
-64.557,262.025,0.056827,0.142856
-60.7595,262.025,0.0567737,0.143663
-56.962,262.025,0.056706,0.144456
-53.1646,262.025,0.0566233,0.145234
-49.3671,262.025,0.0565248,0.145998
-45.5696,262.025,0.05641,0.146745
-41.7722,262.025,0.056278,0.147477
-37.9747,262.025,0.0561283,0.148193
-34.1772,262.025,0.0559601,0.148891
-30.3797,262.025,0.0557727,0.149573
-26.5823,262.025,0.0555653,0.150236
-22.7848,262.025,0.0553371,0.15088
-18.9873,262.025,0.0550875,0.151506
-15.1899,262.025,0.0548155,0.152112
-11.3924,262.025,0.0545204,0.152698
-7.59494,262.025,0.0542013,0.153264
-3.79747,262.025,0.0538575,0.153809
0,262.025,0.053488,0.154332
-300,265.823,0.0484065,0.0896305
-296.203,265.823,0.0486498,0.0902071
-292.405,265.823,0.0488878,0.0908065
-288.608,265.823,0.049121,0.091428
-284.81,265.823,0.0493497,0.0920708
-281.013,265.823,0.0495741,0.0927343
-277.215,265.823,0.0497946,0.0934178
-273.418,265.823,0.0500113,0.0941207
-269.62,265.823,0.0502245,0.0948423
-265.823,265.823,0.0504346,0.0955819
-262.025,265.823,0.0506415,0.096339
-258.228,265.823,0.0508457,0.0971127
-254.43,265.823,0.0510471,0.0979025
-250.633,265.823,0.0512461,0.0987077
-246.835,265.823,0.0514428,0.0995277
-243.038,265.823,0.0516372,0.100362
-239.241,265.823,0.0518296,0.101209
-235.443,265.823,0.05202,0.10207
-231.646,265.823,0.0522084,0.102942
-227.848,265.823,0.0523951,0.103826
-224.051,265.823,0.05258,0.104721
-220.253,265.823,0.0527632,0.105627
-216.456,265.823,0.0529447,0.106542
-212.658,265.823,0.0531244,0.107465
-208.861,265.823,0.0533025,0.108398
-205.063,265.823,0.0534789,0.109338
-201.266,265.823,0.0536536,0.110285
-197.468,265.823,0.0538264,0.111238
-193.671,265.823,0.0539974,0.112197
-189.873,265.823,0.0541664,0.113162
-186.076,265.823,0.0543333,0.114131
-182.278,265.823,0.0544981,0.115104
-178.481,265.823,0.0546606,0.116081
-174.684,265.823,0.0548207,0.11706
-170.886,265.823,0.0549781,0.118042
-167.089,265.823,0.0551328,0.119025
-163.291,265.823,0.0552845,0.120009
-159.494,265.823,0.0554331,0.120993
-155.696,265.823,0.0555782,0.121977
-151.899,265.823,0.0557197,0.12296
-148.101,265.823,0.0558573,0.123941
-144.304,265.823,0.0559908,0.124921
-140.506,265.823,0.0561198,0.125898
-136.709,265.823,0.0562441,0.126871
-132.911,265.823,0.0563633,0.127841
-129.114,265.823,0.0564771,0.128806
-125.316,265.823,0.0565851,0.129766
-121.519,265.823,0.0566871,0.130721
-117.722,265.823,0.0567825,0.131669
-113.924,265.823,0.0568711,0.13261
-110.127,265.823,0.0569524,0.133544
-106.329,265.823,0.057026,0.134471
-102.532,265.823,0.0570915,0.135388
-98.7342,265.823,0.0571483,0.136297
-94.9367,265.823,0.057196,0.137195
-91.1392,265.823,0.0572342,0.138084
-87.3418,265.823,0.0572623,0.138962
-83.5443,265.823,0.0572798,0.139828
-79.7468,265.823,0.0572862,0.140682
-75.9494,265.823,0.057281,0.141524
-72.1519,265.823,0.0572634,0.142353
-68.3544,265.823,0.0572331,0.143168
-64.557,265.823,0.0571894,0.143969
-60.7595,265.823,0.0571316,0.144755
-56.962,265.823,0.0570591,0.145525
-53.1646,265.823,0.0569714,0.14628
-49.3671,265.823,0.0568677,0.147019
-45.5696,265.823,0.0567474,0.14774
-41.7722,265.823,0.0566098,0.148444
-37.9747,265.823,0.0564541,0.14913
-34.1772,265.823,0.0562797,0.149798
-30.3797,265.823,0.0560858,0.150446
-26.5823,265.823,0.0558717,0.151075
-22.7848,265.823,0.0556366,0.151683
-18.9873,265.823,0.0553797,0.152271
-15.1899,265.823,0.0551002,0.152837
-11.3924,265.823,0.0547974,0.153381
-7.59494,265.823,0.0544703,0.153904
-3.79747,265.823,0.0541181,0.154403
0,265.823,0.05374,0.154879
-300,269.62,0.0487347,0.0907097
-296.203,269.62,0.0489809,0.0912838
-292.405,269.62,0.0492219,0.0918814
-288.608,269.62,0.049458,0.0925017
-284.81,269.62,0.0496896,0.0931443
-281.013,269.62,0.0499169,0.0938082
-277.215,269.62,0.0501402,0.0944928
-273.418,269.62,0.0503598,0.0951975
-269.62,269.62,0.0505759,0.0959214
-265.823,269.62,0.0507887,0.096664
-262.025,269.62,0.0509984,0.0974245
-258.228,269.62,0.0512052,0.0982022
-254.43,269.62,0.0514094,0.0989965
-250.633,269.62,0.051611,0.0998066
-246.835,269.62,0.0518102,0.100632
-243.038,269.62,0.0520071,0.101472
-239.241,269.62,0.0522019,0.102325
-235.443,269.62,0.0523947,0.103192
-231.646,269.62,0.0525855,0.104071
-227.848,269.62,0.0527744,0.104961
-224.051,269.62,0.0529615,0.105863
-220.253,269.62,0.0531468,0.106776
-216.456,269.62,0.0533303,0.107698
-212.658,269.62,0.053512,0.108629
-208.861,269.62,0.0536919,0.109568
-205.063,269.62,0.0538701,0.110515
-201.266,269.62,0.0540464,0.111469
-197.468,269.62,0.0542208,0.11243
-193.671,269.62,0.0543932,0.113396
-189.873,269.62,0.0545636,0.114368
-186.076,269.62,0.0547318,0.115343
-182.278,269.62,0.0548978,0.116323
-178.481,269.62,0.0550613,0.117306
-174.684,269.62,0.0552223,0.118291
-170.886,269.62,0.0553805,0.119278
-167.089,269.62,0.0555359,0.120266
-163.291,269.62,0.0556882,0.121255
-159.494,269.62,0.0558371,0.122243
-155.696,269.62,0.0559825,0.123231
-151.899,269.62,0.0561242,0.124218
-148.101,269.62,0.0562618,0.125202
-144.304,269.62,0.0563951,0.126184
-140.506,269.62,0.0565238,0.127162
-136.709,269.62,0.0566476,0.128137
-132.911,269.62,0.0567661,0.129107
-129.114,269.62,0.0568792,0.130071
-125.316,269.62,0.0569863,0.13103
-121.519,269.62,0.0570871,0.131983
-117.722,269.62,0.0571813,0.132928
-113.924,269.62,0.0572684,0.133866
-110.127,269.62,0.0573481,0.134795
-106.329,269.62,0.0574199,0.135716
-102.532,269.62,0.0574833,0.136627
-98.7342,269.62,0.057538,0.137528
-94.9367,269.62,0.0575833,0.138418
-91.1392,269.62,0.0576189,0.139297
-87.3418,269.62,0.0576443,0.140164
-83.5443,269.62,0.0576588,0.141018
-79.7468,269.62,0.057662,0.141859
-75.9494,269.62,0.0576533,0.142687
-72.1519,269.62,0.0576322,0.1435
-68.3544,269.62,0.057598,0.144298
-64.557,269.62,0.0575502,0.145081
-60.7595,269.62,0.0574882,0.145847
-56.962,269.62,0.0574112,0.146597
-53.1646,269.62,0.0573188,0.147329
-49.3671,269.62,0.0572101,0.148044
-45.5696,269.62,0.0570846,0.14874
-41.7722,269.62,0.0569415,0.149417
-37.9747,269.62,0.0567802,0.150074
-34.1772,269.62,0.0565999,0.150711
-30.3797,269.62,0.0563998,0.151328
-26.5823,269.62,0.0561792,0.151923
-22.7848,269.62,0.0559374,0.152496
-18.9873,269.62,0.0556735,0.153046
-15.1899,269.62,0.0553868,0.153574
-11.3924,269.62,0.0550764,0.154077
-7.59494,269.62,0.0547416,0.154557
-3.79747,269.62,0.0543813,0.155012
0,269.62,0.0539949,0.155441
-300,273.418,0.0490447,0.0917298
-296.203,273.418,0.0492941,0.0923022
-292.405,273.418,0.0495383,0.0928989
-288.608,273.418,0.0497777,0.0935192
-284.81,273.418,0.0500124,0.0941624
-281.013,273.418,0.0502429,0.0948277
-277.215,273.418,0.0504694,0.0955144
-273.418,273.418,0.0506921,0.0962218
-269.62,273.418,0.0509112,0.096949
-265.823,273.418,0.051127,0.0976955
-262.025,273.418,0.0513398,0.0984604
-258.228,273.418,0.0515496,0.0992431
-254.43,273.418,0.0517566,0.100043
-250.633,273.418,0.0519611,0.100859
-246.835,273.418,0.0521632,0.10169
-243.038,273.418,0.0523629,0.102536
-239.241,273.418,0.0525604,0.103397
-235.443,273.418,0.0527558,0.104271
-231.646,273.418,0.0529492,0.105157
-227.848,273.418,0.0531406,0.106055
-224.051,273.418,0.0533302,0.106965
-220.253,273.418,0.0535178,0.107885
-216.456,273.418,0.0537036,0.108815
-212.658,273.418,0.0538875,0.109754
-208.861,273.418,0.0540696,0.110702
-205.063,273.418,0.0542498,0.111657
-201.266,273.418,0.054428,0.11262
-197.468,273.418,0.0546043,0.113588
-193.671,273.418,0.0547784,0.114563
-189.873,273.418,0.0549505,0.115542
-186.076,273.418,0.0551202,0.116525
-182.278,273.418,0.0552876,0.117512
-178.481,273.418,0.0554524,0.118502
-174.684,273.418,0.0556146,0.119494
-170.886,273.418,0.0557739,0.120487
-167.089,273.418,0.0559302,0.121482
-163.291,273.418,0.0560832,0.122476
-159.494,273.418,0.0562329,0.12347
-155.696,273.418,0.0563788,0.124463
-151.899,273.418,0.0565209,0.125453
-148.101,273.418,0.0566587,0.126442
-144.304,273.418,0.0567921,0.127427
-140.506,273.418,0.0569208,0.128408
-136.709,273.418,0.0570444,0.129384
-132.911,273.418,0.0571626,0.130355
-129.114,273.418,0.0572751,0.13132
-125.316,273.418,0.0573816,0.132279
-121.519,273.418,0.0574816,0.133231
-117.722,273.418,0.0575748,0.134174
-113.924,273.418,0.0576607,0.135109
-110.127,273.418,0.057739,0.136035
-106.329,273.418,0.0578092,0.136951
-102.532,273.418,0.0578709,0.137856
-98.7342,273.418,0.0579237,0.138751
-94.9367,273.418,0.0579669,0.139633
-91.1392,273.418,0.0580002,0.140504
-87.3418,273.418,0.058023,0.141361
-83.5443,273.418,0.0580348,0.142204
-79.7468,273.418,0.0580351,0.143033
-75.9494,273.418,0.0580233,0.143847
-72.1519,273.418,0.0579989,0.144645
-68.3544,273.418,0.0579611,0.145428
-64.557,273.418,0.0579096,0.146193
-60.7595,273.418,0.0578435,0.146941
-56.962,273.418,0.0577623,0.14767
-53.1646,273.418,0.0576654,0.148381
-49.3671,273.418,0.0575521,0.149073
-45.5696,273.418,0.0574216,0.149744
-41.7722,273.418,0.0572733,0.150395
-37.9747,273.418,0.0571066,0.151025
-34.1772,273.418,0.0569206,0.151633
-30.3797,273.418,0.0567146,0.152218
-26.5823,273.418,0.0564878,0.15278
-22.7848,273.418,0.0562396,0.153319
-18.9873,273.418,0.055969,0.153833
-15.1899,273.418,0.0556753,0.154323
-11.3924,273.418,0.0553577,0.154787
-7.59494,273.418,0.0550153,0.155225
-3.79747,273.418,0.0546473,0.155636
0,273.418,0.0542528,0.15602
-300,277.215,0.0493358,0.092688
-296.203,277.215,0.0495887,0.0932597
-292.405,277.215,0.0498364,0.0938565
-288.608,277.215,0.0500793,0.0944777
-284.81,277.215,0.0503175,0.0951226
-281.013,277.215,0.0505514,0.0957903
-277.215,277.215,0.0507813,0.0964801
-273.418,277.215,0.0510074,0.0971912
-269.62,277.215,0.0512299,0.0979228
-265.823,277.215,0.051449,0.0986741
-262.025,277.215,0.051665,0.0994445
-258.228,277.215,0.0518781,0.100233
-254.43,277.215,0.0520884,0.101039
-250.633,277.215,0.052296,0.101862
-246.835,277.215,0.0525012,0.1027
-243.038,277.215,0.0527039,0.103554
-239.241,277.215,0.0529044,0.104423
-235.443,277.215,0.0531028,0.105305
-231.646,277.215,0.0532991,0.106199
-227.848,277.215,0.0534933,0.107107
-224.051,277.215,0.0536855,0.108025
-220.253,277.215,0.0538758,0.108954
-216.456,277.215,0.0540642,0.109893
-212.658,277.215,0.0542506,0.110842
-208.861,277.215,0.0544351,0.111798
-205.063,277.215,0.0546176,0.112763
-201.266,277.215,0.054798,0.113734
-197.468,277.215,0.0549764,0.114712
-193.671,277.215,0.0551526,0.115695
-189.873,277.215,0.0553265,0.116683
-186.076,277.215,0.0554981,0.117675
-182.278,277.215,0.0556671,0.11867
-178.481,277.215,0.0558335,0.119668
-174.684,277.215,0.0559972,0.120668
-170.886,277.215,0.0561578,0.121669
-167.089,277.215,0.0563153,0.122671
-163.291,277.215,0.0564695,0.123672
-159.494,277.215,0.0566201,0.124672
-155.696,277.215,0.0567668,0.12567
-151.899,277.215,0.0569096,0.126666
-148.101,277.215,0.057048,0.127659
-144.304,277.215,0.0571818,0.128649
-140.506,277.215,0.0573107,0.129633
-136.709,277.215,0.0574343,0.130612
-132.911,277.215,0.0575525,0.131586
-129.114,277.215,0.0576648,0.132553
-125.316,277.215,0.0577708,0.133512
-121.519,277.215,0.0578703,0.134464
-117.722,277.215,0.0579627,0.135406
-113.924,277.215,0.0580477,0.13634
-110.127,277.215,0.058125,0.137263
-106.329,277.215,0.0581939,0.138175
-102.532,277.215,0.0582542,0.139076
-98.7342,277.215,0.0583052,0.139965
-94.9367,277.215,0.0583467,0.140841
-91.1392,277.215,0.0583779,0.141703
-87.3418,277.215,0.0583985,0.142551
-83.5443,277.215,0.0584079,0.143385
-79.7468,277.215,0.0584055,0.144203
-75.9494,277.215,0.0583909,0.145004
-72.1519,277.215,0.0583634,0.145789
-68.3544,277.215,0.0583223,0.146556
-64.557,277.215,0.0582673,0.147305
-60.7595,277.215,0.0581975,0.148035
-56.962,277.215,0.0581124,0.148746
-53.1646,277.215,0.0580113,0.149436
-49.3671,277.215,0.0578935,0.150106
-45.5696,277.215,0.0577584,0.150754
-41.7722,277.215,0.0576052,0.15138
-37.9747,277.215,0.0574333,0.151983
-34.1772,277.215,0.0572419,0.152562
-30.3797,277.215,0.0570303,0.153118
-26.5823,277.215,0.0567976,0.153648
-22.7848,277.215,0.0565432,0.154154
-18.9873,277.215,0.0562662,0.154633
-15.1899,277.215,0.0559658,0.155085
-11.3924,277.215,0.0556413,0.155511
-7.59494,277.215,0.0552916,0.155908
-3.79747,277.215,0.0549161,0.156276
0,277.215,0.0545138,0.156616
-300,281.013,0.0496073,0.0935815
-296.203,281.013,0.049864,0.0941535
-292.405,281.013,0.0501155,0.0947515
-288.608,281.013,0.0503621,0.0953747
-284.81,281.013,0.0506041,0.0960223
-281.013,281.013,0.0508417,0.0966935
-277.215,281.013,0.0510753,0.0973873
-273.418,281.013,0.0513051,0.0981032
-269.62,281.013,0.0515312,0.0988402
-265.823,281.013,0.051754,0.0995975
-262.025,281.013,0.0519736,0.100374
-258.228,281.013,0.0521902,0.10117
-254.43,281.013,0.052404,0.101983
-250.633,281.013,0.052615,0.102814
-246.835,281.013,0.0528236,0.103661
-243.038,281.013,0.0530297,0.104523
-239.241,281.013,0.0532335,0.105401
-235.443,281.013,0.0534351,0.106292
-231.646,281.013,0.0536345,0.107196
-227.848,281.013,0.0538318,0.108113
-224.051,281.013,0.0540271,0.109041
-220.253,281.013,0.0542203,0.10998
-216.456,281.013,0.0544115,0.11093
-212.658,281.013,0.0546007,0.111888
-208.861,281.013,0.0547879,0.112855
-205.063,281.013,0.054973,0.11383
-201.266,281.013,0.0551559,0.114811
-197.468,281.013,0.0553367,0.115799
-193.671,281.013,0.0555152,0.116792
-189.873,281.013,0.0556913,0.11779
-186.076,281.013,0.055865,0.118792
-182.278,281.013,0.056036,0.119796
-178.481,281.013,0.0562043,0.120803
-174.684,281.013,0.0563697,0.121812
-170.886,281.013,0.056532,0.122822
-167.089,281.013,0.056691,0.123831
-163.291,281.013,0.0568465,0.12484
-159.494,281.013,0.0569984,0.125848
-155.696,281.013,0.0571462,0.126853
-151.899,281.013,0.0572899,0.127856
-148.101,281.013,0.0574291,0.128854
-144.304,281.013,0.0575636,0.129849
-140.506,281.013,0.057693,0.130838
-136.709,281.013,0.0578171,0.131821
-132.911,281.013,0.0579355,0.132798
-129.114,281.013,0.0580478,0.133767
-125.316,281.013,0.0581538,0.134729
-121.519,281.013,0.0582529,0.135681
-117.722,281.013,0.0583449,0.136624
-113.924,281.013,0.0584293,0.137556
-110.127,281.013,0.0585058,0.138478
-106.329,281.013,0.0585737,0.139388
-102.532,281.013,0.0586328,0.140285
-98.7342,281.013,0.0586826,0.14117
-94.9367,281.013,0.0587224,0.14204
-91.1392,281.013,0.0587519,0.142896
-87.3418,281.013,0.0587706,0.143736
-83.5443,281.013,0.0587778,0.144561
-79.7468,281.013,0.0587731,0.145368
-75.9494,281.013,0.0587559,0.146159
-72.1519,281.013,0.0587256,0.146931
-68.3544,281.013,0.0586816,0.147684
-64.557,281.013,0.0586233,0.148418
-60.7595,281.013,0.0585501,0.149131
-56.962,281.013,0.0584613,0.149824
-53.1646,281.013,0.0583563,0.150495
-49.3671,281.013,0.0582344,0.151143
-45.5696,281.013,0.0580949,0.151769
-41.7722,281.013,0.0579372,0.152371
-37.9747,281.013,0.0577604,0.152948
-34.1772,281.013,0.0575639,0.1535
-30.3797,281.013,0.0573469,0.154027
-26.5823,281.013,0.0571086,0.154527
-22.7848,281.013,0.0568483,0.155
-18.9873,281.013,0.0565652,0.155445
-15.1899,281.013,0.0562585,0.155862
-11.3924,281.013,0.0559272,0.156249
-7.59494,281.013,0.0555706,0.156607
-3.79747,281.013,0.0551879,0.156934
0,281.013,0.0547781,0.15723
-300,284.81,0.0498584,0.0944076
-296.203,284.81,0.0501192,0.094981
-292.405,284.81,0.0503748,0.0955813
-288.608,284.81,0.0506254,0.0962075
-284.81,284.81,0.0508714,0.0968589
-281.013,284.81,0.0511131,0.0975346
-277.215,284.81,0.0513507,0.0982337
-273.418,284.81,0.0515844,0.0989553
-269.62,284.81,0.0518146,0.0996988
-265.823,284.81,0.0520413,0.100463
-262.025,284.81,0.0522647,0.101247
-258.228,284.81,0.0524852,0.102051
-254.43,284.81,0.0527027,0.102873
-250.633,284.81,0.0529176,0.103713
-246.835,284.81,0.0531298,0.104569
-243.038,284.81,0.0533396,0.105441
-239.241,284.81,0.053547,0.106328
-235.443,284.81,0.053752,0.10723
-231.646,284.81,0.0539549,0.108145
-227.848,284.81,0.0541556,0.109072
-224.051,284.81,0.0543542,0.110012
-220.253,284.81,0.0545507,0.110962
-216.456,284.81,0.054745,0.111922
-212.658,284.81,0.0549373,0.112892
-208.861,284.81,0.0551275,0.11387
-205.063,284.81,0.0553155,0.114856
-201.266,284.81,0.0555012,0.115849
-197.468,284.81,0.0556847,0.116848
-193.671,284.81,0.0558658,0.117852
-189.873,284.81,0.0560445,0.118861
-186.076,284.81,0.0562205,0.119873
-182.278,284.81,0.0563939,0.120889
-178.481,284.81,0.0565643,0.121906
-174.684,284.81,0.0567318,0.122925
-170.886,284.81,0.056896,0.123944
-167.089,284.81,0.0570568,0.124963
-163.291,284.81,0.057214,0.125981
-159.494,284.81,0.0573674,0.126997
-155.696,284.81,0.0575167,0.12801
-151.899,284.81,0.0576616,0.12902
-148.101,284.81,0.057802,0.130025
-144.304,284.81,0.0579374,0.131026
-140.506,284.81,0.0580677,0.132021
-136.709,284.81,0.0581924,0.133009
-132.911,284.81,0.0583113,0.133991
-129.114,284.81,0.058424,0.134964
-125.316,284.81,0.0585302,0.135928
-121.519,284.81,0.0586293,0.136882
-117.722,284.81,0.0587212,0.137826
-113.924,284.81,0.0588053,0.138759
-110.127,284.81,0.0588812,0.13968
-106.329,284.81,0.0589485,0.140589
-102.532,284.81,0.0590067,0.141484
-98.7342,284.81,0.0590554,0.142365
-94.9367,284.81,0.059094,0.143231
-91.1392,284.81,0.0591221,0.144081
-87.3418,284.81,0.0591391,0.144915
-83.5443,284.81,0.0591445,0.145731
-79.7468,284.81,0.0591378,0.14653
-75.9494,284.81,0.0591183,0.14731
-72.1519,284.81,0.0590855,0.14807
-68.3544,284.81,0.0590388,0.148811
-64.557,284.81,0.0589776,0.14953
-60.7595,284.81,0.0589013,0.150228
-56.962,284.81,0.0588091,0.150904
-53.1646,284.81,0.0587005,0.151556
-49.3671,284.81,0.0585748,0.152185
-45.5696,284.81,0.0584313,0.152789
-41.7722,284.81,0.0582692,0.153368
-37.9747,284.81,0.0580879,0.153921
-34.1772,284.81,0.0578865,0.154447
-30.3797,284.81,0.0576645,0.154946
-26.5823,284.81,0.0574209,0.155416
-22.7848,284.81,0.0571551,0.155858
-18.9873,284.81,0.0568661,0.15627
-15.1899,284.81,0.0565532,0.156652
-11.3924,284.81,0.0562156,0.157003
-7.59494,284.81,0.0558524,0.157322
-3.79747,284.81,0.0554628,0.157609
0,284.81,0.0550458,0.157862
-300,288.608,0.0500883,0.0951632
-296.203,288.608,0.0503535,0.0957392
-292.405,288.608,0.0506135,0.0963429
-288.608,288.608,0.0508685,0.0969733
-284.81,288.608,0.0511189,0.0976296
-281.013,288.608,0.0513649,0.0983109
-277.215,288.608,0.0516068,0.0990164
-273.418,288.608,0.0518448,0.099745
-269.62,288.608,0.0520792,0.100496
-265.823,288.608,0.0523101,0.101269
-262.025,288.608,0.0525378,0.102062
-258.228,288.608,0.0527624,0.102874
-254.43,288.608,0.0529841,0.103706
-250.633,288.608,0.053203,0.104556
-246.835,288.608,0.0534192,0.105423
-243.038,288.608,0.0536329,0.106306
-239.241,288.608,0.0538442,0.107204
-235.443,288.608,0.0540531,0.108117
-231.646,288.608,0.0542598,0.109044
-227.848,288.608,0.0544642,0.109983
-224.051,288.608,0.0546664,0.110934
-220.253,288.608,0.0548664,0.111897
-216.456,288.608,0.0550643,0.11287
-212.658,288.608,0.0552599,0.113852
-208.861,288.608,0.0554534,0.114842
-205.063,288.608,0.0556446,0.115841
-201.266,288.608,0.0558335,0.116846
-197.468,288.608,0.05602,0.117857
-193.671,288.608,0.056204,0.118874
-189.873,288.608,0.0563855,0.119894
-186.076,288.608,0.0565642,0.120919
-182.278,288.608,0.0567402,0.121946
-178.481,288.608,0.0569131,0.122974
-174.684,288.608,0.0570829,0.124004
-170.886,288.608,0.0572494,0.125034
-167.089,288.608,0.0574123,0.126063
-163.291,288.608,0.0575715,0.127091
-159.494,288.608,0.0577267,0.128117
-155.696,288.608,0.0578778,0.129139
-151.899,288.608,0.0580243,0.130158
-148.101,288.608,0.0581661,0.131171
-144.304,288.608,0.0583028,0.13218
-140.506,288.608,0.0584342,0.133181
-136.709,288.608,0.05856,0.134176
-132.911,288.608,0.0586797,0.135163
-129.114,288.608,0.0587931,0.13614
-125.316,288.608,0.0588997,0.137109
-121.519,288.608,0.0589992,0.138066
-117.722,288.608,0.0590913,0.139013
-113.924,288.608,0.0591753,0.139947
-110.127,288.608,0.0592511,0.140869
-106.329,288.608,0.059318,0.141777
-102.532,288.608,0.0593757,0.142671
-98.7342,288.608,0.0594236,0.143549
-94.9367,288.608,0.0594613,0.144412
-91.1392,288.608,0.0594883,0.145258
-87.3418,288.608,0.0595039,0.146086
-83.5443,288.608,0.0595078,0.146896
-79.7468,288.608,0.0594993,0.147687
-75.9494,288.608,0.0594779,0.148458
-72.1519,288.608,0.059443,0.149208
-68.3544,288.608,0.0593939,0.149937
-64.557,288.608,0.0593301,0.150643
-60.7595,288.608,0.0592509,0.151327
-56.962,288.608,0.0591557,0.151986
-53.1646,288.608,0.0590438,0.152622
-49.3671,288.608,0.0589146,0.153232
-45.5696,288.608,0.0587673,0.153815
-41.7722,288.608,0.0586012,0.154372
-37.9747,288.608,0.0584157,0.154902
-34.1772,288.608,0.0582099,0.155403
-30.3797,288.608,0.0579831,0.155875
-26.5823,288.608,0.0577345,0.156317
-22.7848,288.608,0.0574634,0.156729
-18.9873,288.608,0.0571689,0.157109
-15.1899,288.608,0.0568502,0.157457
-11.3924,288.608,0.0565066,0.157772
-7.59494,288.608,0.056137,0.158054
-3.79747,288.608,0.0557408,0.158302
0,288.608,0.0553169,0.158514
-300,292.405,0.0502962,0.0958455
-296.203,292.405,0.0505661,0.0964252
-292.405,292.405,0.0508308,0.0970335
-288.608,292.405,0.0510905,0.0976693
-284.81,292.405,0.0513456,0.0983317
-281.013,292.405,0.0515963,0.0990199
-277.215,292.405,0.0518429,0.0997329
-273.418,292.405,0.0520855,0.10047
-269.62,292.405,0.0523245,0.101229
-265.823,292.405,0.0525599,0.102011
-262.025,292.405,0.0527921,0.102814
-258.228,292.405,0.0530212,0.103637
-254.43,292.405,0.0532473,0.10448
-250.633,292.405,0.0534706,0.105341
-246.835,292.405,0.0536912,0.106219
-243.038,292.405,0.0539092,0.107114
-239.241,292.405,0.0541247,0.108025
-235.443,292.405,0.0543377,0.108951
-231.646,292.405,0.0545485,0.10989
-227.848,292.405,0.0547569,0.110843
-224.051,292.405,0.0549631,0.111807
-220.253,292.405,0.055167,0.112783
-216.456,292.405,0.0553686,0.11377
-212.658,292.405,0.055568,0.114765
-208.861,292.405,0.0557651,0.11577
-205.063,292.405,0.0559598,0.116782
-201.266,292.405,0.0561521,0.1178
-197.468,292.405,0.056342,0.118825
-193.671,292.405,0.0565293,0.119855
-189.873,292.405,0.0567139,0.120889
-186.076,292.405,0.0568957,0.121926
-182.278,292.405,0.0570745,0.122966
-178.481,292.405,0.0572503,0.124007
-174.684,292.405,0.0574228,0.125049
-170.886,292.405,0.0575918,0.126091
-167.089,292.405,0.0577572,0.127132
-163.291,292.405,0.0579187,0.128171
-159.494,292.405,0.0580761,0.129207
-155.696,292.405,0.0582291,0.13024
-151.899,292.405,0.0583776,0.131268
-148.101,292.405,0.0585211,0.132291
-144.304,292.405,0.0586595,0.133308
-140.506,292.405,0.0587924,0.134318
-136.709,292.405,0.0589194,0.13532
-132.911,292.405,0.0590403,0.136313
-129.114,292.405,0.0591547,0.137297
-125.316,292.405,0.0592621,0.13827
-121.519,292.405,0.0593623,0.139233
-117.722,292.405,0.0594548,0.140183
-113.924,292.405,0.0595392,0.14112
-110.127,292.405,0.0596151,0.142043
-106.329,292.405,0.059682,0.142952
-102.532,292.405,0.0597395,0.143846
-98.7342,292.405,0.059787,0.144723
-94.9367,292.405,0.059824,0.145584
-91.1392,292.405,0.0598502,0.146426
-87.3418,292.405,0.0598649,0.14725
-83.5443,292.405,0.0598675,0.148055
-79.7468,292.405,0.0598576,0.148839
-75.9494,292.405,0.0598346,0.149602
-72.1519,292.405,0.0597978,0.150343
-68.3544,292.405,0.0597467,0.151061
-64.557,292.405,0.0596806,0.151755
-60.7595,292.405,0.0595989,0.152426
-56.962,292.405,0.059501,0.153071
-53.1646,292.405,0.0593862,0.15369
-49.3671,292.405,0.0592537,0.154282
-45.5696,292.405,0.059103,0.154847
-41.7722,292.405,0.0589333,0.155384
-37.9747,292.405,0.0587438,0.155891
-34.1772,292.405,0.0585338,0.156368
-30.3797,292.405,0.0583026,0.156815
-26.5823,292.405,0.0580494,0.15723
-22.7848,292.405,0.0577733,0.157612
-18.9873,292.405,0.0574736,0.157962
-15.1899,292.405,0.0571495,0.158278
-11.3924,292.405,0.0568001,0.158558
-7.59494,292.405,0.0564246,0.158804
-3.79747,292.405,0.056022,0.159013
0,292.405,0.0555916,0.159185
-300,296.203,0.0504813,0.0964514
-296.203,296.203,0.0507563,0.0970362
-292.405,296.203,0.051026,0.0976502
-288.608,296.203,0.0512908,0.0982926
-284.81,296.203,0.0515509,0.0989624
-281.013,296.203,0.0518066,0.0996586
-277.215,296.203,0.0520581,0.10038
-273.418,296.203,0.0523057,0.101127
-269.62,296.203,0.0525496,0.101896
-265.823,296.203,0.0527899,0.102689
-262.025,296.203,0.053027,0.103503
-258.228,296.203,0.0532609,0.104338
-254.43,296.203,0.0534917,0.105192
-250.633,296.203,0.0537197,0.106066
-246.835,296.203,0.053945,0.106957
-243.038,296.203,0.0541676,0.107865
-239.241,296.203,0.0543876,0.10879
-235.443,296.203,0.0546052,0.109729
-231.646,296.203,0.0548204,0.110683
-227.848,296.203,0.0550332,0.111649
-224.051,296.203,0.0552436,0.112629
-220.253,296.203,0.0554517,0.113619
-216.456,296.203,0.0556575,0.11462
-212.658,296.203,0.0558609,0.115631
-208.861,296.203,0.056062,0.11665
-205.063,296.203,0.0562606,0.117677
-201.266,296.203,0.0564567,0.11871
-197.468,296.203,0.0566502,0.11975
-193.671,296.203,0.0568411,0.120794
-189.873,296.203,0.0570291,0.121842
-186.076,296.203,0.0572143,0.122894
-182.278,296.203,0.0573964,0.123948
-178.481,296.203,0.0575753,0.125003
-174.684,296.203,0.0577508,0.126059
-170.886,296.203,0.0579228,0.127114
-167.089,296.203,0.0580909,0.128167
-163.291,296.203,0.0582551,0.129219
-159.494,296.203,0.058415,0.130267
-155.696,296.203,0.0585704,0.131311
-151.899,296.203,0.0587211,0.13235
-148.101,296.203,0.0588668,0.133384
-144.304,296.203,0.0590071,0.134411
-140.506,296.203,0.0591417,0.13543
-136.709,296.203,0.0592704,0.13644
-132.911,296.203,0.0593928,0.137441
-129.114,296.203,0.0595085,0.138432
-125.316,296.203,0.0596171,0.139412
-121.519,296.203,0.0597183,0.14038
-117.722,296.203,0.0598117,0.141335
-113.924,296.203,0.0598967,0.142276
-110.127,296.203,0.0599731,0.143203
-106.329,296.203,0.0600403,0.144114
-102.532,296.203,0.0600978,0.145008
-98.7342,296.203,0.0601452,0.145886
-94.9367,296.203,0.060182,0.146745
-91.1392,296.203,0.0602077,0.147586
-87.3418,296.203,0.0602217,0.148407
-83.5443,296.203,0.0602235,0.149207
-79.7468,296.203,0.0602125,0.149985
-75.9494,296.203,0.0601882,0.150741
-72.1519,296.203,0.0601499,0.151474
-68.3544,296.203,0.0600971,0.152183
-64.557,296.203,0.060029,0.152867
-60.7595,296.203,0.0599452,0.153526
-56.962,296.203,0.0598449,0.154157
-53.1646,296.203,0.0597274,0.154762
-49.3671,296.203,0.0595921,0.155338
-45.5696,296.203,0.0594383,0.155885
-41.7722,296.203,0.0592652,0.156402
-37.9747,296.203,0.0590722,0.156888
-34.1772,296.203,0.0588584,0.157343
-30.3797,296.203,0.0586231,0.157765
-26.5823,296.203,0.0583655,0.158154
-22.7848,296.203,0.0580848,0.158509
-18.9873,296.203,0.0577803,0.158829
-15.1899,296.203,0.057451,0.159113
-11.3924,296.203,0.0570962,0.159361
-7.59494,296.203,0.056715,0.159572
-3.79747,296.203,0.0563065,0.159744
0,296.203,0.0558698,0.159877
-300,300,0.0506428,0.096978
-296.203,300,0.0509231,0.097569
-292.405,300,0.0511983,0.0981901
-288.608,300,0.0514684,0.0988404
-284.81,300,0.0517339,0.0995188
-281.013,300,0.0519949,0.100224
-277.215,300,0.0522518,0.100956
-273.418,300,0.0525047,0.101713
-269.62,300,0.0527538,0.102494
-265.823,300,0.0529994,0.103298
-262.025,300,0.0532416,0.104125
-258.228,300,0.0534807,0.104972
-254.43,300,0.0537167,0.10584
-250.633,300,0.0539497,0.106727
-246.835,300,0.05418,0.107633
-243.038,300,0.0544075,0.108556
-239.241,300,0.0546325,0.109495
-235.443,300,0.0548549,0.11045
-231.646,300,0.0550748,0.111418
-227.848,300,0.0552923,0.112401
-224.051,300,0.0555074,0.113396
-220.253,300,0.0557201,0.114402
-216.456,300,0.0559303,0.115419
-212.658,300,0.0561381,0.116446
-208.861,300,0.0563435,0.117481
-205.063,300,0.0565463,0.118524
-201.266,300,0.0567466,0.119574
-197.468,300,0.0569441,0.120629
-193.671,300,0.0571389,0.121689
-189.873,300,0.0573308,0.122753
-186.076,300,0.0575197,0.123821
-182.278,300,0.0577054,0.12489
-178.481,300,0.0578878,0.12596
-174.684,300,0.0580666,0.12703
-170.886,300,0.0582418,0.1281
-167.089,300,0.0584131,0.129168
-163.291,300,0.0585802,0.130233
-159.494,300,0.058743,0.131294
-155.696,300,0.0589012,0.132351
-151.899,300,0.0590545,0.133403
-148.101,300,0.0592025,0.134448
-144.304,300,0.0593452,0.135486
-140.506,300,0.059482,0.136515
-136.709,300,0.0596127,0.137536
-132.911,300,0.0597369,0.138546
-129.114,300,0.0598542,0.139545
-125.316,300,0.0599644,0.140533
-121.519,300,0.0600669,0.141508
-117.722,300,0.0601614,0.142469
-113.924,300,0.0602475,0.143415
-110.127,300,0.0603247,0.144346
-106.329,300,0.0603925,0.14526
-102.532,300,0.0604505,0.146157
-98.7342,300,0.0604982,0.147036
-94.9367,300,0.060535,0.147896
-91.1392,300,0.0605606,0.148736
-87.3418,300,0.0605743,0.149555
-83.5443,300,0.0605755,0.150352
-79.7468,300,0.0605638,0.151126
-75.9494,300,0.0605385,0.151877
-72.1519,300,0.0604991,0.152603
-68.3544,300,0.0604449,0.153304
-64.557,300,0.0603753,0.153979
-60.7595,300,0.0602896,0.154626
-56.962,300,0.0601872,0.155246
-53.1646,300,0.0600675,0.155837
-49.3671,300,0.0599297,0.156397
-45.5696,300,0.0597731,0.156928
-41.7722,300,0.059597,0.157427
-37.9747,300,0.0594007,0.157893
-34.1772,300,0.0591834,0.158327
-30.3797,300,0.0589444,0.158726
-26.5823,300,0.0586828,0.15909
-22.7848,300,0.0583979,0.159419
-18.9873,300,0.0580889,0.159711
-15.1899,300,0.0577548,0.159965
-11.3924,300,0.057395,0.160181
-7.59494,300,0.0570084,0.160358
-3.79747,300,0.0565943,0.160494
0,300,0.0561518,0.16059
