Id,Iq,Phi_d_pred,Phi_q_pred
-300,0,0.00606949,-0.0327326
-296.203,0,0.00597541,-0.0329647
-292.405,0,0.00589213,-0.0331769
-288.608,0,0.0058195,-0.0333685
-284.81,0,0.00575734,-0.0335392
-281.013,0,0.00570548,-0.0336884
-277.215,0,0.00566377,-0.0338157
-273.418,0,0.00563203,-0.0339206
-269.62,0,0.0056101,-0.0340026
-265.823,0,0.00559781,-0.0340613
-262.025,0,0.00559499,-0.0340962
-258.228,0,0.00560149,-0.0341067
-254.43,0,0.00561712,-0.0340925
-250.633,0,0.00564173,-0.0340531
-246.835,0,0.00567516,-0.0339879
-243.038,0,0.00571722,-0.0338966
-239.241,0,0.00576777,-0.0337785
-235.443,0,0.00582663,-0.0336334
-231.646,0,0.00589363,-0.0334606
-227.848,0,0.0059686,-0.0332597
-224.051,0,0.0060514,-0.0330303
-220.253,0,0.00614183,-0.0327719
-216.456,0,0.00623975,-0.0324839
-212.658,0,0.00634498,-0.0321659
-208.861,0,0.00645736,-0.0318175
-205.063,0,0.00657672,-0.0314381
-201.266,0,0.00670289,-0.0310274
-197.468,0,0.00683571,-0.0305847
-193.671,0,0.00697501,-0.0301097
-189.873,0,0.00712063,-0.0296019
-186.076,0,0.0072724,-0.0290607
-182.278,0,0.00743015,-0.0284858
-178.481,0,0.00759371,-0.0278766
-174.684,0,0.00776293,-0.0272327
-170.886,0,0.00793763,-0.0265536
-167.089,0,0.00811765,-0.0258388
-163.291,0,0.00830282,-0.0250879
-159.494,0,0.00849298,-0.0243003
-155.696,0,0.00868795,-0.0234756
-151.899,0,0.00888758,-0.0226134
-148.101,0,0.00909169,-0.0217131
-144.304,0,0.00930012,-0.0207742
-140.506,0,0.00951271,-0.0197964
-136.709,0,0.00972928,-0.0187791
-132.911,0,0.00994967,-0.0177219
-129.114,0,0.0101737,-0.0166242
-125.316,0,0.0104013,-0.0154857
-121.519,0,0.0106321,-0.0143058
-117.722,0,0.0108661,-0.013084
-113.924,0,0.0111031,-0.0118199
-110.127,0,0.011343,-0.010513
-106.329,0,0.0115854,-0.00916289
-102.532,0,0.0118304,-0.007769
-98.7342,0,0.0120777,-0.0063309
-94.9367,0,0.0123272,-0.00484811
-91.1392,0,0.0125786,-0.00332015
-87.3418,0,0.0128319,-0.00174655
-83.5443,0,0.0130868,-0.000126845
-79.7468,0,0.0133433,0.00153945
-75.9494,0,0.013601,0.00325281
-72.1519,0,0.0138599,0.0050137
-68.3544,0,0.0141198,0.0068226
-64.557,0,0.0143806,0.00867999
-60.7595,0,0.014642,0.0105863
-56.962,0,0.0149038,0.0125421
-53.1646,0,0.0151661,0.0145478
-49.3671,0,0.0154284,0.0166039
-45.5696,0,0.0156908,0.0187108
-41.7722,0,0.015953,0.020869
-37.9747,0,0.0162149,0.0230791
-34.1772,0,0.0164763,0.0253414
-30.3797,0,0.016737,0.0276565
-26.5823,0,0.0169968,0.0300249
-22.7848,0,0.0172557,0.0324469
-18.9873,0,0.0175134,0.0349231
-15.1899,0,0.0177697,0.0374539
-11.3924,0,0.0180246,0.0400399
-7.59494,0,0.0182778,0.0426815
-3.79747,0,0.0185291,0.0453791
0,0,0.0187785,0.0481333
-300,3.79747,0.00697465,-0.0302479
-296.203,3.79747,0.00688809,-0.0304431
-292.405,3.79747,0.00681217,-0.0306189
-288.608,3.79747,0.00674675,-0.0307748
-284.81,3.79747,0.00669166,-0.0309102
-281.013,3.79747,0.00664672,-0.0310248
-277.215,3.79747,0.00661177,-0.0311181
-273.418,3.79747,0.00658665,-0.0311895
-269.62,3.79747,0.00657118,-0.0312387
-265.823,3.79747,0.00656521,-0.0312651
-262.025,3.79747,0.00656857,-0.0312682
-258.228,3.79747,0.00658109,-0.0312476
-254.43,3.79747,0.0066026,-0.0312029
-250.633,3.79747,0.00663294,-0.0311334
-246.835,3.79747,0.00667194,-0.0310389
-243.038,3.79747,0.00671943,-0.0309187
-239.241,3.79747,0.00677525,-0.0307725
-235.443,3.79747,0.00683924,-0.0305996
-231.646,3.79747,0.00691122,-0.0303998
-227.848,3.79747,0.00699103,-0.0301724
-224.051,3.79747,0.0070785,-0.0299171
-220.253,3.79747,0.00717348,-0.0296333
-216.456,3.79747,0.00727578,-0.0293205
-212.658,3.79747,0.00738525,-0.0289784
-208.861,3.79747,0.00750171,-0.0286064
-205.063,3.79747,0.00762501,-0.028204
-201.266,3.79747,0.00775497,-0.0277708
-197.468,3.79747,0.00789143,-0.0273063
-193.671,3.79747,0.00803423,-0.02681
-189.873,3.79747,0.00818319,-0.0262814
-186.076,3.79747,0.00833815,-0.0257202
-182.278,3.79747,0.00849895,-0.0251257
-178.481,3.79747,0.00866541,-0.0244975
-174.684,3.79747,0.00883738,-0.0238352
-170.886,3.79747,0.00901468,-0.0231383
-167.089,3.79747,0.00919714,-0.0224063
-163.291,3.79747,0.00938462,-0.0216387
-159.494,3.79747,0.00957692,-0.0208351
-155.696,3.79747,0.0097739,-0.0199949
-151.899,3.79747,0.00997538,-0.0191178
-148.101,3.79747,0.0101812,-0.0182032
-144.304,3.79747,0.0103912,-0.0172506
-140.506,3.79747,0.0106052,-0.0162596
-136.709,3.79747,0.010823,-0.0152297
-132.911,3.79747,0.0110445,-0.0141605
-129.114,3.79747,0.0112695,-0.0130514
-125.316,3.79747,0.0114979,-0.011902
-121.519,3.79747,0.0117294,-0.0107118
-117.722,3.79747,0.0119639,-0.00948034
-113.924,3.79747,0.0122013,-0.00820715
-110.127,3.79747,0.0124414,-0.00689174
-106.329,3.79747,0.0126839,-0.00553365
-102.532,3.79747,0.0129288,-0.00413239
-98.7342,3.79747,0.0131759,-0.0026875
-94.9367,3.79747,0.013425,-0.00119849
-91.1392,3.79747,0.0136759,0.000335093
-87.3418,3.79747,0.0139285,0.00191374
-83.5443,3.79747,0.0141826,0.00353792
-79.7468,3.79747,0.014438,0.00520811
-75.9494,3.79747,0.0146947,0.00692477
-72.1519,3.79747,0.0149523,0.0086884
-68.3544,3.79747,0.0152108,0.0104995
-64.557,3.79747,0.01547,0.0123584
-60.7595,3.79747,0.0157296,0.0142658
-56.962,3.79747,0.0159897,0.0162219
-53.1646,3.79747,0.0162499,0.0182275
-49.3671,3.79747,0.0165101,0.0202828
-45.5696,3.79747,0.0167701,0.0223884
-41.7722,3.79747,0.0170299,0.0245447
-37.9747,3.79747,0.0172891,0.0267523
-34.1772,3.79747,0.0175478,0.0290116
-30.3797,3.79747,0.0178055,0.031323
-26.5823,3.79747,0.0180623,0.0336871
-22.7848,3.79747,0.018318,0.0361043
-18.9873,3.79747,0.0185723,0.0385752
-15.1899,3.79747,0.0188252,0.0411
-11.3924,3.79747,0.0190764,0.0436795
-7.59494,3.79747,0.0193258,0.0463139
-3.79747,3.79747,0.0195732,0.0490039
0,3.79747,0.0198184,0.0517498
-300,7.59494,0.00786569,-0.0278071
-296.203,7.59494,0.00778655,-0.0279658
-292.405,7.59494,0.00771792,-0.0281057
-288.608,7.59494,0.00765963,-0.0282263
-284.81,7.59494,0.00761151,-0.028327
-281.013,7.59494,0.00757341,-0.0284074
-277.215,7.59494,0.00754515,-0.0284671
-273.418,7.59494,0.00752656,-0.0285055
-269.62,7.59494,0.00751748,-0.0285222
-265.823,7.59494,0.00751775,-0.0285168
-262.025,7.59494,0.0075272,-0.0284886
-258.228,7.59494,0.00754566,-0.0284374
-254.43,7.59494,0.00757296,-0.0283625
-250.633,7.59494,0.00760894,-0.0282635
-246.835,7.59494,0.00765343,-0.02814
-243.038,7.59494,0.00770627,-0.0279915
-239.241,7.59494,0.00776729,-0.0278174
-235.443,7.59494,0.00783632,-0.0276174
-231.646,7.59494,0.0079132,-0.0273909
-227.848,7.59494,0.00799776,-0.0271375
-224.051,7.59494,0.00808984,-0.0268567
-220.253,7.59494,0.00818926,-0.026548
-216.456,7.59494,0.00829587,-0.0262109
-212.658,7.59494,0.00840949,-0.025845
-208.861,7.59494,0.00852996,-0.0254498
-205.063,7.59494,0.00865712,-0.0250249
-201.266,7.59494,0.00879079,-0.0245697
-197.468,7.59494,0.00893081,-0.0240838
-193.671,7.59494,0.00907701,-0.0235666
-189.873,7.59494,0.00922924,-0.0230178
-186.076,7.59494,0.00938731,-0.0224369
-182.278,7.59494,0.00955107,-0.0218233
-178.481,7.59494,0.00972035,-0.0211767
-174.684,7.59494,0.00989498,-0.0204964
-170.886,7.59494,0.0100748,-0.0197821
-167.089,7.59494,0.0102596,-0.0190334
-163.291,7.59494,0.0104493,-0.0182496
-159.494,7.59494,0.0106437,-0.0174303
-155.696,7.59494,0.0108426,-0.0165751
-151.899,7.59494,0.0110459,-0.0156835
-148.101,7.59494,0.0112533,-0.014755
-144.304,7.59494,0.0114648,-0.0137891
-140.506,7.59494,0.0116801,-0.0127854
-136.709,7.59494,0.0118991,-0.0117434
-132.911,7.59494,0.0121216,-0.0106626
-129.114,7.59494,0.0123475,-0.00954253
-125.316,7.59494,0.0125766,-0.00838272
-121.519,7.59494,0.0128087,-0.00718271
-117.722,7.59494,0.0130437,-0.00594201
-113.924,7.59494,0.0132813,-0.00466015
-110.127,7.59494,0.0135215,-0.00333666
-106.329,7.59494,0.0137641,-0.00197106
-102.532,7.59494,0.0140088,-0.000562878
-98.7342,7.59494,0.0142555,0.000888359
-94.9367,7.59494,0.0145042,0.00238313
-91.1392,7.59494,0.0147545,0.0039219
-87.3418,7.59494,0.0150063,0.00550515
-83.5443,7.59494,0.0152595,0.00713336
-79.7468,7.59494,0.0155139,0.00880699
-75.9494,7.59494,0.0157694,0.0105265
-72.1519,7.59494,0.0160256,0.0122924
-68.3544,7.59494,0.0162826,0.0141052
-64.557,7.59494,0.0165401,0.0159653
-60.7595,7.59494,0.016798,0.0178732
-56.962,7.59494,0.0170561,0.0198293
-53.1646,7.59494,0.0173142,0.0218342
-49.3671,7.59494,0.0175722,0.0238884
-45.5696,7.59494,0.0178298,0.0259922
-41.7722,7.59494,0.018087,0.0281462
-37.9747,7.59494,0.0183436,0.0303508
-34.1772,7.59494,0.0185994,0.0326066
-30.3797,7.59494,0.0188542,0.034914
-26.5823,7.59494,0.0191078,0.0372734
-22.7848,7.59494,0.0193602,0.0396854
-18.9873,7.59494,0.0196111,0.0421503
-15.1899,7.59494,0.0198604,0.0446688
-11.3924,7.59494,0.0201078,0.0472413
-7.59494,7.59494,0.0203534,0.0498681
-3.79747,7.59494,0.0205967,0.0525499
0,7.59494,0.0208378,0.0552871
-300,11.3924,0.00874283,-0.0254094
-296.203,11.3924,0.00867103,-0.0255321
-292.405,11.3924,0.0086096,-0.0256365
-288.608,11.3924,0.00855836,-0.0257221
-284.81,11.3924,0.00851714,-0.0257885
-281.013,11.3924,0.00848579,-0.0258352
-277.215,11.3924,0.00846413,-0.0258618
-273.418,11.3924,0.008452,-0.0258676
-269.62,11.3924,0.00844923,-0.0258524
-265.823,11.3924,0.00845565,-0.0258155
-262.025,11.3924,0.0084711,-0.0257565
-258.228,11.3924,0.00849542,-0.025675
-254.43,11.3924,0.00852843,-0.0255705
-250.633,11.3924,0.00856997,-0.0254424
-246.835,11.3924,0.00861988,-0.0252904
-243.038,11.3924,0.00867798,-0.025114
-239.241,11.3924,0.00874412,-0.0249126
-235.443,11.3924,0.00881811,-0.0246858
-231.646,11.3924,0.00889981,-0.0244331
-227.848,11.3924,0.00898904,-0.0241541
-224.051,11.3924,0.00908563,-0.0238482
-220.253,11.3924,0.00918943,-0.0235151
-216.456,11.3924,0.00930025,-0.0231541
-212.658,11.3924,0.00941795,-0.022765
-208.861,11.3924,0.00954234,-0.0223471
-205.063,11.3924,0.00967327,-0.0219
-201.266,11.3924,0.00981057,-0.0214232
-197.468,11.3924,0.00995407,-0.0209163
-193.671,11.3924,0.0101036,-0.0203788
-189.873,11.3924,0.010259,-0.0198102
-186.076,11.3924,0.0104201,-0.01921
-182.278,11.3924,0.0105867,-0.0185778
-178.481,11.3924,0.0107588,-0.0179131
-174.684,11.3924,0.010936,-0.0172153
-170.886,11.3924,0.0111182,-0.0164842
-167.089,11.3924,0.0113054,-0.015719
-163.291,11.3924,0.0114972,-0.0149195
-159.494,11.3924,0.0116935,-0.0140851
-155.696,11.3924,0.0118943,-0.0132153
-151.899,11.3924,0.0120992,-0.0123096
-148.101,11.3924,0.0123082,-0.0113677
-144.304,11.3924,0.0125211,-0.010389
-140.506,11.3924,0.0127376,-0.00937299
-136.709,11.3924,0.0129578,-0.00831928
-132.911,11.3924,0.0131812,-0.00722735
-129.114,11.3924,0.0134079,-0.00609675
-125.316,11.3924,0.0136377,-0.00492699
-121.519,11.3924,0.0138703,-0.0037176
-117.722,11.3924,0.0141056,-0.0024681
-113.924,11.3924,0.0143434,-0.00117802
-110.127,11.3924,0.0145837,0.000153105
-106.329,11.3924,0.0148261,0.00152576
-102.532,11.3924,0.0150706,0.00294042
-98.7342,11.3924,0.015317,0.00439756
-94.9367,11.3924,0.0155651,0.00589764
-91.1392,11.3924,0.0158147,0.00744116
-87.3418,11.3924,0.0160657,0.00902857
-83.5443,11.3924,0.0163179,0.0106604
-79.7468,11.3924,0.0165712,0.012337
-75.9494,11.3924,0.0168253,0.0140589
-72.1519,11.3924,0.0170801,0.0158267
-68.3544,11.3924,0.0173356,0.0176407
-64.557,11.3924,0.0175913,0.0195015
-60.7595,11.3924,0.0178473,0.0214095
-56.962,11.3924,0.0181034,0.0233652
-53.1646,11.3924,0.0183593,0.025369
-49.3671,11.3924,0.0186149,0.0274215
-45.5696,11.3924,0.0188701,0.0295231
-41.7722,11.3924,0.0191247,0.0316743
-37.9747,11.3924,0.0193785,0.0338756
-34.1772,11.3924,0.0196314,0.0361274
-30.3797,11.3924,0.0198831,0.0384302
-26.5823,11.3924,0.0201335,0.0407845
-22.7848,11.3924,0.0203825,0.0431908
-18.9873,11.3924,0.0206299,0.0456495
-15.1899,11.3924,0.0208755,0.0481611
-11.3924,11.3924,0.0211192,0.0507261
-7.59494,11.3924,0.0213607,0.053345
-3.79747,11.3924,0.0216,0.0560182
0,11.3924,0.0218368,0.0587462
-300,15.1899,0.00960629,-0.0230538
-296.203,15.1899,0.00954176,-0.0231409
-292.405,15.1899,0.00948744,-0.0232103
-288.608,15.1899,0.00944317,-0.0232615
-284.81,15.1899,0.00940877,-0.023294
-281.013,15.1899,0.00938409,-0.0233075
-277.215,15.1899,0.00936895,-0.0233013
-273.418,15.1899,0.00936319,-0.023275
-269.62,15.1899,0.00936664,-0.0232282
-265.823,15.1899,0.00937914,-0.0231604
-262.025,15.1899,0.00940052,-0.0230711
-258.228,15.1899,0.00943061,-0.0229598
-254.43,15.1899,0.00946925,-0.022826
-250.633,15.1899,0.00951627,-0.0226693
-246.835,15.1899,0.0095715,-0.0224892
-243.038,15.1899,0.00963479,-0.0222853
-239.241,15.1899,0.00970595,-0.022057
-235.443,15.1899,0.00978484,-0.0218038
-231.646,15.1899,0.00987127,-0.0215254
-227.848,15.1899,0.00996508,-0.0212212
-224.051,15.1899,0.0100661,-0.0208908
-220.253,15.1899,0.0101742,-0.0205337
-216.456,15.1899,0.0102892,-0.0201493
-212.658,15.1899,0.0104108,-0.0197373
-208.861,15.1899,0.0105391,-0.0192971
-205.063,15.1899,0.0106737,-0.0188284
-201.266,15.1899,0.0108145,-0.0183305
-197.468,15.1899,0.0109614,-0.0178031
-193.671,15.1899,0.0111142,-0.0172456
-189.873,15.1899,0.0112727,-0.0166576
-186.076,15.1899,0.0114368,-0.0160387
-182.278,15.1899,0.0116062,-0.0153883
-178.481,15.1899,0.0117809,-0.0147059
-174.684,15.1899,0.0119606,-0.0139911
-170.886,15.1899,0.0121452,-0.0132435
-167.089,15.1899,0.0123345,-0.0124624
-163.291,15.1899,0.0125284,-0.0116476
-159.494,15.1899,0.0127267,-0.0107984
-155.696,15.1899,0.0129292,-0.0099145
-151.899,15.1899,0.0131357,-0.0089953
-148.101,15.1899,0.0133462,-0.00804038
-144.304,15.1899,0.0135604,-0.00704924
-140.506,15.1899,0.0137781,-0.00602143
-136.709,15.1899,0.0139992,-0.00495647
-132.911,15.1899,0.0142235,-0.00385387
-129.114,15.1899,0.014451,-0.00271318
-125.316,15.1899,0.0146813,-0.00153391
-121.519,15.1899,0.0149143,-0.000315584
-117.722,15.1899,0.0151499,0.000942264
-113.924,15.1899,0.0153878,0.00224011
-110.127,15.1899,0.015628,0.00357843
-106.329,15.1899,0.0158703,0.0049577
-102.532,15.1899,0.0161145,0.00637839
-98.7342,15.1899,0.0163604,0.00784098
-94.9367,15.1899,0.0166078,0.00934594
-91.1392,15.1899,0.0168567,0.0108937
-87.3418,15.1899,0.0171068,0.0124849
-83.5443,15.1899,0.0173579,0.0141198
-79.7468,15.1899,0.0176099,0.015799
-75.9494,15.1899,0.0178627,0.0175229
-72.1519,15.1899,0.0181161,0.0192921
-68.3544,15.1899,0.0183698,0.0211069
-64.557,15.1899,0.0186238,0.0229679
-60.7595,15.1899,0.0188778,0.0248755
-56.962,15.1899,0.0191317,0.0268303
-53.1646,15.1899,0.0193854,0.0288327
-49.3671,15.1899,0.0196386,0.0308831
-45.5696,15.1899,0.0198913,0.032982
-41.7722,15.1899,0.0201431,0.03513
-37.9747,15.1899,0.0203941,0.0373274
-34.1772,15.1899,0.0206439,0.0395748
-30.3797,15.1899,0.0208925,0.0418727
-26.5823,15.1899,0.0211396,0.0442214
-22.7848,15.1899,0.0213852,0.0466215
-18.9873,15.1899,0.021629,0.0490735
-15.1899,15.1899,0.0218708,0.0515778
-11.3924,15.1899,0.0221106,0.054135
-7.59494,15.1899,0.0223481,0.0567454
-3.79747,15.1899,0.0225831,0.0594095
0,15.1899,0.0228156,0.0621279
-300,18.9873,0.0104563,-0.0207395
-296.203,18.9873,0.010399,-0.0207914
-292.405,18.9873,0.0103517,-0.0208262
-288.608,18.9873,0.0103143,-0.0208434
-284.81,18.9873,0.0102866,-0.0208426
-281.013,18.9873,0.0102685,-0.0208232
-277.215,18.9873,0.0102598,-0.0207848
-273.418,18.9873,0.0102604,-0.0207268
-269.62,18.9873,0.01027,-0.0206489
-265.823,18.9873,0.0102884,-0.0205506
-262.025,18.9873,0.0103157,-0.0204313
-258.228,18.9873,0.0103515,-0.0202906
-254.43,18.9873,0.0103956,-0.0201281
-250.633,18.9873,0.0104481,-0.0199432
-246.835,18.9873,0.0105085,-0.0197355
-243.038,18.9873,0.0105769,-0.0195045
-239.241,18.9873,0.010653,-0.0192498
-235.443,18.9873,0.0107367,-0.0189708
-231.646,18.9873,0.0108278,-0.0186671
-227.848,18.9873,0.0109261,-0.0183382
-224.051,18.9873,0.0110315,-0.0179836
-220.253,18.9873,0.0111438,-0.0176029
-216.456,18.9873,0.0112628,-0.0171956
-212.658,18.9873,0.0113884,-0.0167612
-208.861,18.9873,0.0115204,-0.0162992
-205.063,18.9873,0.0116586,-0.0158092
-201.266,18.9873,0.0118029,-0.0152906
-197.468,18.9873,0.0119531,-0.0147431
-193.671,18.9873,0.0121091,-0.0141662
-189.873,18.9873,0.0122706,-0.0135593
-186.076,18.9873,0.0124375,-0.012922
-182.278,18.9873,0.0126097,-0.0122538
-178.481,18.9873,0.0127869,-0.0115542
-174.684,18.9873,0.0129691,-0.0108229
-170.886,18.9873,0.0131559,-0.0100592
-167.089,18.9873,0.0133474,-0.00926274
-163.291,18.9873,0.0135432,-0.00843302
-159.494,18.9873,0.0137433,-0.00756958
-155.696,18.9873,0.0139475,-0.00667194
-151.899,18.9873,0.0141556,-0.00573962
-148.101,18.9873,0.0143674,-0.00477215
-144.304,18.9873,0.0145828,-0.00376905
-140.506,18.9873,0.0148016,-0.00272986
-136.709,18.9873,0.0150237,-0.00165409
-132.911,18.9873,0.0152488,-0.00054127
-129.114,18.9873,0.0154768,0.00060907
-125.316,18.9873,0.0157076,0.00179741
-121.519,18.9873,0.015941,0.00302422
-117.722,18.9873,0.0161768,0.00428997
-113.924,18.9873,0.0164148,0.00559514
-110.127,18.9873,0.0166549,0.00694021
-106.329,18.9873,0.0168969,0.00832565
-102.532,18.9873,0.0171406,0.00975193
-98.7342,18.9873,0.017386,0.0112195
-94.9367,18.9873,0.0176327,0.0127289
-91.1392,18.9873,0.0178807,0.0142806
-87.3418,18.9873,0.0181298,0.015875
-83.5443,18.9873,0.0183798,0.0175126
-79.7468,18.9873,0.0186305,0.0191939
-75.9494,18.9873,0.0188819,0.0209193
-72.1519,18.9873,0.0191336,0.0226894
-68.3544,18.9873,0.0193856,0.0245046
-64.557,18.9873,0.0196377,0.0263654
-60.7595,18.9873,0.0198897,0.0282723
-56.962,18.9873,0.0201414,0.0302257
-53.1646,18.9873,0.0203927,0.0322261
-49.3671,18.9873,0.0206435,0.0342739
-45.5696,18.9873,0.0208935,0.0363698
-41.7722,18.9873,0.0211425,0.0385141
-37.9747,18.9873,0.0213905,0.0407072
-34.1772,18.9873,0.0216373,0.0429498
-30.3797,18.9873,0.0218826,0.0452422
-26.5823,18.9873,0.0221264,0.0475849
-22.7848,18.9873,0.0223684,0.0499785
-18.9873,18.9873,0.0226085,0.0524233
-15.1899,18.9873,0.0228465,0.0549199
-11.3924,18.9873,0.0230823,0.0574687
-7.59494,18.9873,0.0233157,0.0600702
-3.79747,18.9873,0.0235464,0.0627249
0,18.9873,0.0237745,0.0654332
-300,22.7848,0.0112931,-0.0184655
-296.203,22.7848,0.0112429,-0.0184828
-292.405,22.7848,0.0112025,-0.0184834
-288.608,22.7848,0.0111719,-0.0184671
-284.81,22.7848,0.0111509,-0.0184333
-281.013,22.7848,0.0111394,-0.0183815
-277.215,22.7848,0.011137,-0.0183113
-273.418,22.7848,0.0111437,-0.0182221
-269.62,22.7848,0.0111594,-0.0181136
-265.823,22.7848,0.0111838,-0.0179852
-262.025,22.7848,0.0112168,-0.0178364
-258.228,22.7848,0.0112582,-0.0176668
-254.43,22.7848,0.0113078,-0.017476
-250.633,22.7848,0.0113656,-0.0172633
-246.835,22.7848,0.0114312,-0.0170285
-243.038,22.7848,0.0115046,-0.0167709
-239.241,22.7848,0.0115856,-0.0164901
-235.443,22.7848,0.011674,-0.0161857
-231.646,22.7848,0.0117696,-0.0158571
-227.848,22.7848,0.0118724,-0.0155039
-224.051,22.7848,0.011982,-0.0151257
-220.253,22.7848,0.0120985,-0.0147219
-216.456,22.7848,0.0122215,-0.014292
-212.658,22.7848,0.0123509,-0.0138356
-208.861,22.7848,0.0124866,-0.0133523
-205.063,22.7848,0.0126283,-0.0128415
-201.266,22.7848,0.012776,-0.0123028
-197.468,22.7848,0.0129294,-0.0117356
-193.671,22.7848,0.0130885,-0.0111396
-189.873,22.7848,0.0132529,-0.0105142
-186.076,22.7848,0.0134226,-0.00985902
-182.278,22.7848,0.0135974,-0.00917352
-178.481,22.7848,0.0137771,-0.00845724
-174.684,22.7848,0.0139616,-0.00770971
-170.886,22.7848,0.0141507,-0.00693046
-167.089,22.7848,0.0143442,-0.006119
-163.291,22.7848,0.0145419,-0.00527487
-159.494,22.7848,0.0147437,-0.00439759
-155.696,22.7848,0.0149495,-0.00348669
-151.899,22.7848,0.015159,-0.0025417
-148.101,22.7848,0.0153722,-0.00156213
-144.304,22.7848,0.0155887,-0.000547515
-140.506,22.7848,0.0158085,0.000502619
-136.709,22.7848,0.0160314,0.00158875
-132.911,22.7848,0.0162572,0.00271134
-129.114,22.7848,0.0164858,0.00387088
-125.316,22.7848,0.016717,0.00506784
-121.519,22.7848,0.0169506,0.00630269
-117.722,22.7848,0.0171865,0.0075759
-113.924,22.7848,0.0174245,0.00888796
-110.127,22.7848,0.0176644,0.0102393
-106.329,22.7848,0.0179061,0.0116305
-102.532,22.7848,0.0181493,0.0130619
-98.7342,22.7848,0.018394,0.0145341
-94.9367,22.7848,0.01864,0.0160474
-91.1392,22.7848,0.018887,0.0176025
-87.3418,22.7848,0.019135,0.0191997
-83.5443,22.7848,0.0193838,0.0208396
-79.7468,22.7848,0.0196332,0.0225225
-75.9494,22.7848,0.019883,0.0242491
-72.1519,22.7848,0.020133,0.0260197
-68.3544,22.7848,0.0203832,0.0278348
-64.557,22.7848,0.0206333,0.0296949
-60.7595,22.7848,0.0208831,0.0316005
-56.962,22.7848,0.0211326,0.0335521
-53.1646,22.7848,0.0213815,0.0355501
-49.3671,22.7848,0.0216297,0.037595
-45.5696,22.7848,0.0218769,0.0396873
-41.7722,22.7848,0.0221231,0.0418275
-37.9747,22.7848,0.0223681,0.0440159
-34.1772,22.7848,0.0226117,0.0462532
-30.3797,22.7848,0.0228537,0.0485397
-26.5823,22.7848,0.023094,0.050876
-22.7848,22.7848,0.0233324,0.0532625
-18.9873,22.7848,0.0235687,0.0556997
-15.1899,22.7848,0.0238029,0.0581881
-11.3924,22.7848,0.0240346,0.0607282
-7.59494,22.7848,0.0242637,0.0633203
-3.79747,22.7848,0.0244901,0.065965
0,22.7848,0.0247137,0.0686629
-300,26.5823,0.0121169,-0.0162311
-296.203,26.5823,0.0120737,-0.016214
-292.405,26.5823,0.0120402,-0.0161811
-288.608,26.5823,0.0120164,-0.0161316
-284.81,26.5823,0.0120019,-0.0160653
-281.013,26.5823,0.0119968,-0.0159816
-277.215,26.5823,0.0120007,-0.01588
-273.418,26.5823,0.0120136,-0.01576
-269.62,26.5823,0.0120352,-0.0156213
-265.823,26.5823,0.0120654,-0.0154632
-262.025,26.5823,0.0121041,-0.0152854
-258.228,26.5823,0.012151,-0.0150874
-254.43,26.5823,0.012206,-0.0148686
-250.633,26.5823,0.012269,-0.0146287
-246.835,26.5823,0.0123397,-0.0143671
-243.038,26.5823,0.0124181,-0.0140834
-239.241,26.5823,0.0125039,-0.0137771
-235.443,26.5823,0.0125969,-0.0134476
-231.646,26.5823,0.012697,-0.0130947
-227.848,26.5823,0.0128041,-0.0127177
-224.051,26.5823,0.012918,-0.0123162
-220.253,26.5823,0.0130384,-0.0118897
-216.456,26.5823,0.0131653,-0.0114377
-212.658,26.5823,0.0132985,-0.0109599
-208.861,26.5823,0.0134377,-0.0104556
-205.063,26.5823,0.0135829,-0.00992444
-201.266,26.5823,0.0137339,-0.00936594
-197.468,26.5823,0.0138905,-0.00877961
-193.671,26.5823,0.0140525,-0.00816498
-189.873,26.5823,0.0142198,-0.00752158
-186.076,26.5823,0.0143922,-0.00684893
-182.278,26.5823,0.0145696,-0.00614656
-178.481,26.5823,0.0147517,-0.00541399
-174.684,26.5823,0.0149384,-0.00465075
-170.886,26.5823,0.0151296,-0.00385637
-167.089,26.5823,0.0153251,-0.00303036
-163.291,26.5823,0.0155246,-0.00217226
-159.494,26.5823,0.0157281,-0.00128159
-155.696,26.5823,0.0159354,-0.00035788
-151.899,26.5823,0.0161463,0.000599349
-148.101,26.5823,0.0163606,0.00159057
-144.304,26.5823,0.0165782,0.00261626
-140.506,26.5823,0.016799,0.00367688
-136.709,26.5823,0.0170226,0.00477292
-132.911,26.5823,0.0172491,0.00590485
-129.114,26.5823,0.0174781,0.00707315
-125.316,26.5823,0.0177097,0.00827828
-121.519,26.5823,0.0179434,0.00952072
-117.722,26.5823,0.0181793,0.0108009
-113.924,26.5823,0.0184172,0.0121194
-110.127,26.5823,0.0186568,0.0134767
-106.329,26.5823,0.0188981,0.0148731
-102.532,26.5823,0.0191408,0.0163092
-98.7342,26.5823,0.0193847,0.0177855
-94.9367,26.5823,0.0196298,0.0193024
-91.1392,26.5823,0.0198759,0.0208604
-87.3418,26.5823,0.0201227,0.02246
-83.5443,26.5823,0.0203701,0.0241016
-79.7468,26.5823,0.020618,0.0257858
-75.9494,26.5823,0.0208662,0.027513
-72.1519,26.5823,0.0211145,0.0292837
-68.3544,26.5823,0.0213628,0.0310983
-64.557,26.5823,0.0216108,0.0329573
-60.7595,26.5823,0.0218584,0.0348613
-56.962,26.5823,0.0221055,0.0368106
-53.1646,26.5823,0.0223519,0.0388057
-49.3671,26.5823,0.0225975,0.0408472
-45.5696,26.5823,0.0228419,0.0429355
-41.7722,26.5823,0.0230852,0.0450711
-37.9747,26.5823,0.0233271,0.0472544
-34.1772,26.5823,0.0235674,0.0494859
-30.3797,26.5823,0.023806,0.0517661
-26.5823,26.5823,0.0240427,0.0540955
-22.7848,26.5823,0.0242774,0.0564745
-18.9873,26.5823,0.0245099,0.0589037
-15.1899,26.5823,0.02474,0.0613834
-11.3924,26.5823,0.0249676,0.0639142
-7.59494,26.5823,0.0251925,0.0664966
-3.79747,26.5823,0.0254145,0.069131
0,26.5823,0.0256334,0.0718178
-300,30.3797,0.012928,-0.0140352
-296.203,30.3797,0.0128917,-0.0139844
-292.405,30.3797,0.012865,-0.0139182
-288.608,30.3797,0.0128478,-0.0138361
-284.81,30.3797,0.0128399,-0.0137377
-281.013,30.3797,0.012841,-0.0136224
-277.215,30.3797,0.0128512,-0.0134899
-273.418,30.3797,0.0128701,-0.0133397
-269.62,30.3797,0.0128976,-0.0131711
-265.823,30.3797,0.0129336,-0.0129839
-262.025,30.3797,0.0129778,-0.0127775
-258.228,30.3797,0.0130302,-0.0125515
-254.43,30.3797,0.0130905,-0.0123053
-250.633,30.3797,0.0131586,-0.0120385
-246.835,30.3797,0.0132344,-0.0117506
-243.038,30.3797,0.0133176,-0.0114412
-239.241,30.3797,0.013408,-0.0111098
-235.443,30.3797,0.0135056,-0.0107558
-231.646,30.3797,0.0136102,-0.0103789
-227.848,30.3797,0.0137215,-0.00997848
-224.051,30.3797,0.0138395,-0.00955417
-220.253,30.3797,0.0139639,-0.00910546
-216.456,30.3797,0.0140946,-0.00863188
-212.658,30.3797,0.0142314,-0.00813295
-208.861,30.3797,0.0143742,-0.00760819
-205.063,30.3797,0.0145228,-0.00705714
-201.266,30.3797,0.014677,-0.00647932
-197.468,30.3797,0.0148366,-0.00587425
-193.671,30.3797,0.0150016,-0.00524146
-189.873,30.3797,0.0151716,-0.00458047
-186.076,30.3797,0.0153467,-0.00389082
-182.278,30.3797,0.0155265,-0.00317202
-178.481,30.3797,0.0157109,-0.00242361
-174.684,30.3797,0.0158998,-0.00164511
-170.886,30.3797,0.016093,-0.000836037
-167.089,30.3797,0.0162904,4.07372e-06
-163.291,30.3797,0.0164916,0.000875699
-159.494,30.3797,0.0166967,0.00177931
-155.696,30.3797,0.0169054,0.00271539
-151.899,30.3797,0.0171176,0.00368441
-148.101,30.3797,0.0173331,0.00468683
-144.304,30.3797,0.0175517,0.00572315
-140.506,30.3797,0.0177732,0.00679382
-136.709,30.3797,0.0179976,0.00789933
-132.911,30.3797,0.0182246,0.00904015
-129.114,30.3797,0.018454,0.0102167
-125.316,30.3797,0.0186858,0.0114296
-121.519,30.3797,0.0189196,0.0126792
-117.722,30.3797,0.0191555,0.013966
-113.924,30.3797,0.0193931,0.0152905
-110.127,30.3797,0.0196324,0.0166531
-106.329,30.3797,0.0198731,0.0180544
-102.532,30.3797,0.0201152,0.0194947
-98.7342,30.3797,0.0203583,0.0209747
-94.9367,30.3797,0.0206025,0.0224947
-91.1392,30.3797,0.0208474,0.0240552
-87.3418,30.3797,0.021093,0.0256567
-83.5443,30.3797,0.0213391,0.0272997
-79.7468,30.3797,0.0215854,0.0289847
-75.9494,30.3797,0.0218319,0.030712
-72.1519,30.3797,0.0220783,0.0324823
-68.3544,30.3797,0.0223246,0.034296
-64.557,30.3797,0.0225705,0.0361535
-60.7595,30.3797,0.0228158,0.0380553
-56.962,30.3797,0.0230605,0.0400019
-53.1646,30.3797,0.0233043,0.0419938
-49.3671,30.3797,0.0235471,0.0440314
-45.5696,30.3797,0.0237887,0.0461152
-41.7722,30.3797,0.0240289,0.0482457
-37.9747,30.3797,0.0242676,0.0504234
-34.1772,30.3797,0.0245046,0.0526488
-30.3797,30.3797,0.0247397,0.0549222
-26.5823,30.3797,0.0249728,0.0572443
-22.7848,30.3797,0.0252037,0.0596154
-18.9873,30.3797,0.0254323,0.0620361
-15.1899,30.3797,0.0256583,0.0645067
-11.3924,30.3797,0.0258817,0.0670279
-7.59494,30.3797,0.0261022,0.0696
-3.79747,30.3797,0.0263196,0.0722235
0,30.3797,0.0265339,0.074899
-300,34.1772,0.0137265,-0.0118771
-296.203,34.1772,0.0136971,-0.0117929
-292.405,34.1772,0.0136771,-0.0116939
-288.608,34.1772,0.0136665,-0.0115796
-284.81,34.1772,0.0136649,-0.0114496
-281.013,34.1772,0.0136724,-0.0113033
-277.215,34.1772,0.0136886,-0.0111403
-273.418,34.1772,0.0137135,-0.0109601
-269.62,34.1772,0.0137468,-0.0107623
-265.823,34.1772,0.0137884,-0.0105464
-262.025,34.1772,0.0138382,-0.0103118
-258.228,34.1772,0.013896,-0.0100582
-254.43,34.1772,0.0139615,-0.00978501
-250.633,34.1772,0.0140347,-0.0094918
-246.835,34.1772,0.0141153,-0.0091781
-243.038,34.1772,0.0142033,-0.00884342
-239.241,34.1772,0.0142984,-0.00848729
-235.443,34.1772,0.0144005,-0.00810925
-231.646,34.1772,0.0145093,-0.0077088
-227.848,34.1772,0.0146249,-0.00728548
-224.051,34.1772,0.0147468,-0.00683882
-220.253,34.1772,0.0148751,-0.00636833
-216.456,34.1772,0.0150096,-0.00587355
-212.658,34.1772,0.01515,-0.005354
-208.861,34.1772,0.0152962,-0.00480921
-205.063,34.1772,0.015448,-0.00423871
-201.266,34.1772,0.0156054,-0.00364201
-197.468,34.1772,0.015768,-0.00301864
-193.671,34.1772,0.0159358,-0.00236813
-189.873,34.1772,0.0161085,-0.00169001
-186.076,34.1772,0.0162861,-0.000983801
-182.278,34.1772,0.0164683,-0.000249027
-178.481,34.1772,0.016655,0.000514784
-174.684,34.1772,0.016846,0.00130811
-170.886,34.1772,0.0170411,0.00213142
-167.089,34.1772,0.0172403,0.00298519
-163.291,34.1772,0.0174432,0.00386989
-159.494,34.1772,0.0176498,0.00478601
-155.696,34.1772,0.0178598,0.005734
-151.899,34.1772,0.0180732,0.00671436
-148.101,34.1772,0.0182897,0.00772755
-144.304,34.1772,0.0185092,0.00877404
-140.506,34.1772,0.0187315,0.00985432
-136.709,34.1772,0.0189565,0.0109688
-132.911,34.1772,0.0191839,0.0121181
-129.114,34.1772,0.0194137,0.0133026
-125.316,34.1772,0.0196456,0.0145227
-121.519,34.1772,0.0198794,0.015779
-117.722,34.1772,0.0201152,0.0170719
-113.924,34.1772,0.0203525,0.0184019
-110.127,34.1772,0.0205913,0.0197695
-106.329,34.1772,0.0208315,0.0211752
-102.532,34.1772,0.0210728,0.0226194
-98.7342,34.1772,0.0213151,0.0241025
-94.9367,34.1772,0.0215582,0.0256252
-91.1392,34.1772,0.0218019,0.0271878
-87.3418,34.1772,0.0220462,0.0287908
-83.5443,34.1772,0.0222908,0.0304347
-79.7468,34.1772,0.0225355,0.03212
-75.9494,34.1772,0.0227802,0.0338471
-72.1519,34.1772,0.0230247,0.0356165
-68.3544,34.1772,0.0232689,0.0374287
-64.557,34.1772,0.0235125,0.0392842
-60.7595,34.1772,0.0237555,0.0411835
-56.962,34.1772,0.0239977,0.0431269
-53.1646,34.1772,0.0242388,0.0451151
-49.3671,34.1772,0.0244788,0.0471484
-45.5696,34.1772,0.0247174,0.0492273
-41.7722,34.1772,0.0249545,0.0513524
-37.9747,34.1772,0.0251899,0.0535241
-34.1772,34.1772,0.0254235,0.0557428
-30.3797,34.1772,0.0256551,0.058009
-26.5823,34.1772,0.0258845,0.0603233
-22.7848,34.1772,0.0261115,0.062686
-18.9873,34.1772,0.0263361,0.0650977
-15.1899,34.1772,0.0265579,0.0675588
-11.3924,34.1772,0.026777,0.0700699
-7.59494,34.1772,0.026993,0.0726313
-3.79747,34.1772,0.0272059,0.0752436
0,34.1772,0.0274154,0.0779072
-300,37.9747,0.0145128,-0.00975583
-296.203,37.9747,0.0144901,-0.00963871
-292.405,37.9747,0.0144768,-0.00950735
-288.608,37.9747,0.0144726,-0.0093613
-284.81,37.9747,0.0144774,-0.00920006
-281.013,37.9747,0.014491,-0.00902318
-277.215,37.9747,0.0145132,-0.00883017
-273.418,37.9747,0.014544,-0.00862056
-269.62,37.9747,0.0145831,-0.00839388
-265.823,37.9747,0.0146303,-0.00814964
-262.025,37.9747,0.0146855,-0.00788739
-258.228,37.9747,0.0147485,-0.00760663
-254.43,37.9747,0.0148192,-0.00730691
-250.633,37.9747,0.0148974,-0.00698774
-246.835,37.9747,0.0149829,-0.00664865
-243.038,37.9747,0.0150755,-0.00628916
-239.241,37.9747,0.0151751,-0.0059088
-235.443,37.9747,0.0152816,-0.00550711
-231.646,37.9747,0.0153947,-0.00508359
-227.848,37.9747,0.0155143,-0.00463778
-224.051,37.9747,0.0156403,-0.00416921
-220.253,37.9747,0.0157723,-0.0036774
-216.456,37.9747,0.0159104,-0.00316187
-212.658,37.9747,0.0160543,-0.00262215
-208.861,37.9747,0.0162039,-0.00205777
-205.063,37.9747,0.0163589,-0.00146825
-201.266,37.9747,0.0165193,-0.000853119
-197.468,37.9747,0.0166849,-0.000211902
-193.671,37.9747,0.0168554,0.000455876
-189.873,37.9747,0.0170308,0.00115069
-186.076,37.9747,0.0172108,0.00187301
-182.278,37.9747,0.0173953,0.00262332
-178.481,37.9747,0.0175841,0.00340208
-174.684,37.9747,0.0177771,0.00420978
-170.886,37.9747,0.0179741,0.00504688
-167.089,37.9747,0.018175,0.00591386
-163.291,37.9747,0.0183795,0.0068112
-159.494,37.9747,0.0185875,0.00773937
-155.696,37.9747,0.0187988,0.00869884
-151.899,37.9747,0.0190133,0.0096901
-148.101,37.9747,0.0192308,0.0107136
-144.304,37.9747,0.0194511,0.0117698
-140.506,37.9747,0.0196741,0.0128593
-136.709,37.9747,0.0198995,0.0139824
-132.911,37.9747,0.0201273,0.0151396
-129.114,37.9747,0.0203573,0.0163315
-125.316,37.9747,0.0205893,0.0175585
-121.519,37.9747,0.0208231,0.018821
-117.722,37.9747,0.0210586,0.0201196
-113.924,37.9747,0.0212956,0.0214548
-110.127,37.9747,0.0215339,0.0228269
-106.329,37.9747,0.0217734,0.0242365
-102.532,37.9747,0.0220139,0.025684
-98.7342,37.9747,0.0222552,0.0271699
-94.9367,37.9747,0.0224972,0.0286948
-91.1392,37.9747,0.0227397,0.030259
-87.3418,37.9747,0.0229825,0.031863
-83.5443,37.9747,0.0232255,0.0335074
-79.7468,37.9747,0.0234685,0.0351926
-75.9494,37.9747,0.0237113,0.036919
-72.1519,37.9747,0.0239539,0.0386871
-68.3544,37.9747,0.0241959,0.0404975
-64.557,37.9747,0.0244372,0.0423506
-60.7595,37.9747,0.0246778,0.0442468
-56.962,37.9747,0.0249173,0.0461866
-53.1646,37.9747,0.0251557,0.0481706
-49.3671,37.9747,0.0253927,0.0501992
-45.5696,37.9747,0.0256283,0.0522728
-41.7722,37.9747,0.0258622,0.0543919
-37.9747,37.9747,0.0260943,0.0565571
-34.1772,37.9747,0.0263244,0.0587687
-30.3797,37.9747,0.0265523,0.0610273
-26.5823,37.9747,0.0267779,0.0633333
-22.7848,37.9747,0.027001,0.0656873
-18.9873,37.9747,0.0272215,0.0680896
-15.1899,37.9747,0.0274391,0.0705407
-11.3924,37.9747,0.0276538,0.0730412
-7.59494,37.9747,0.0278652,0.0755915
-3.79747,37.9747,0.0280734,0.0781921
0,37.9747,0.0282781,0.0808434
-300,41.7722,0.015287,-0.0076705
-296.203,41.7722,0.015271,-0.0075209
-292.405,41.7722,0.0152642,-0.00735765
-288.608,41.7722,0.0152664,-0.00718027
-284.81,41.7722,0.0152774,-0.0069883
-281.013,41.7722,0.0152971,-0.00678126
-277.215,41.7722,0.0153253,-0.00655867
-273.418,41.7722,0.0153619,-0.00632006
-269.62,41.7722,0.0154066,-0.00606496
-265.823,41.7722,0.0154593,-0.00579288
-262.025,41.7722,0.0155199,-0.00550337
-258.228,41.7722,0.0155881,-0.00519593
-254.43,41.7722,0.0156638,-0.00487011
-250.633,41.7722,0.0157469,-0.00452541
-246.835,41.7722,0.0158372,-0.00416138
-243.038,41.7722,0.0159344,-0.00377753
-239.241,41.7722,0.0160385,-0.0033734
-235.443,41.7722,0.0161493,-0.0029485
-231.646,41.7722,0.0162666,-0.00250236
-227.848,41.7722,0.0163902,-0.00203451
-224.051,41.7722,0.01652,-0.00154447
-220.253,41.7722,0.0166558,-0.00103177
-216.456,41.7722,0.0167974,-0.00049594
-212.658,41.7722,0.0169447,6.35025e-05
-208.861,41.7722,0.0170976,0.000647028
-205.063,41.7722,0.0172557,0.00125511
-201.266,41.7722,0.0174191,0.00188823
-197.468,41.7722,0.0175874,0.00254685
-193.671,41.7722,0.0177606,0.00323146
-189.873,41.7722,0.0179385,0.00394251
-186.076,41.7722,0.0181209,0.0046805
-182.278,41.7722,0.0183077,0.0054459
-178.481,41.7722,0.0184986,0.00623917
-174.684,41.7722,0.0186935,0.00706079
-170.886,41.7722,0.0188923,0.00791124
-167.089,41.7722,0.0190948,0.00879099
-163.291,41.7722,0.0193007,0.00970052
-159.494,41.7722,0.0195101,0.0106403
-155.696,41.7722,0.0197226,0.0116108
-151.899,41.7722,0.0199381,0.0126125
-148.101,41.7722,0.0201565,0.0136459
-144.304,41.7722,0.0203775,0.0147114
-140.506,41.7722,0.0206011,0.0158095
-136.709,41.7722,0.020827,0.0169408
-132.911,41.7722,0.0210551,0.0181056
-129.114,41.7722,0.0212852,0.0193044
-125.316,41.7722,0.0215172,0.0205378
-121.519,41.7722,0.0217508,0.0218062
-117.722,41.7722,0.021986,0.02311
-113.924,41.7722,0.0222225,0.0244498
-110.127,41.7722,0.0224603,0.025826
-106.329,41.7722,0.022699,0.027239
-102.532,41.7722,0.0229386,0.0286895
-98.7342,41.7722,0.0231788,0.0301778
-94.9367,41.7722,0.0234196,0.0317043
-91.1392,41.7722,0.0236608,0.0332697
-87.3418,41.7722,0.0239021,0.0348744
-83.5443,41.7722,0.0241435,0.0365188
-79.7468,41.7722,0.0243847,0.0382033
-75.9494,41.7722,0.0246256,0.0399286
-72.1519,41.7722,0.024866,0.0416951
-68.3544,41.7722,0.0251058,0.0435031
-64.557,41.7722,0.0253448,0.0453533
-60.7595,41.7722,0.0255828,0.0472461
-56.962,41.7722,0.0258196,0.0491819
-53.1646,41.7722,0.0260552,0.0511612
-49.3671,41.7722,0.0262892,0.0531846
-45.5696,41.7722,0.0265217,0.0552524
-41.7722,41.7722,0.0267523,0.0573652
-37.9747,41.7722,0.0269809,0.0595234
-34.1772,41.7722,0.0272074,0.0617275
-30.3797,41.7722,0.0274316,0.063978
-26.5823,41.7722,0.0276534,0.0662753
-22.7848,41.7722,0.0278725,0.06862
-18.9873,41.7722,0.0280887,0.0710125
-15.1899,41.7722,0.028302,0.0734532
-11.3924,41.7722,0.0285122,0.0759427
-7.59494,41.7722,0.0287191,0.0784814
-3.79747,41.7722,0.0289225,0.0810698
0,41.7722,0.0291223,0.0837084
-300,45.5696,0.0160493,-0.00562024
-296.203,45.5696,0.01604,-0.0054386
-292.405,45.5696,0.0160396,-0.0052439
-288.608,45.5696,0.0160481,-0.00503565
-284.81,45.5696,0.0160653,-0.00481339
-281.013,45.5696,0.016091,-0.00457663
-277.215,45.5696,0.0161251,-0.00432491
-273.418,45.5696,0.0161674,-0.00405775
-269.62,45.5696,0.0162176,-0.00377467
-265.823,45.5696,0.0162758,-0.0034752
-262.025,45.5696,0.0163416,-0.00315887
-258.228,45.5696,0.016415,-0.0028252
-254.43,45.5696,0.0164957,-0.00247372
-250.633,45.5696,0.0165836,-0.00210395
-246.835,45.5696,0.0166785,-0.00171542
-243.038,45.5696,0.0167803,-0.00130766
-239.241,45.5696,0.0168887,-0.000880184
-235.443,45.5696,0.0170037,-0.000432526
-231.646,45.5696,0.0171251,3.57894e-05
-227.848,45.5696,0.0172526,0.000525237
-224.051,45.5696,0.0173862,0.00103629
-220.253,45.5696,0.0175256,0.00156943
-216.456,45.5696,0.0176708,0.00212512
-212.658,45.5696,0.0178214,0.00270384
-208.861,45.5696,0.0179774,0.00330606
-205.063,45.5696,0.0181386,0.00393227
-201.266,45.5696,0.0183049,0.00458292
-197.468,45.5696,0.018476,0.00525851
-193.671,45.5696,0.0186518,0.00595949
-189.873,45.5696,0.0188321,0.00668635
-186.076,45.5696,0.0190168,0.00743956
-182.278,45.5696,0.0192057,0.00821959
-178.481,45.5696,0.0193986,0.00902693
-174.684,45.5696,0.0195954,0.00986203
-170.886,45.5696,0.0197958,0.0107254
-167.089,45.5696,0.0199998,0.0116175
-163.291,45.5696,0.0202072,0.0125387
-159.494,45.5696,0.0204178,0.0134897
-155.696,45.5696,0.0206314,0.0144708
-151.899,45.5696,0.0208479,0.0154825
-148.101,45.5696,0.021067,0.0165253
-144.304,45.5696,0.0212888,0.0175996
-140.506,45.5696,0.0215128,0.018706
-136.709,45.5696,0.0217391,0.0198449
-132.911,45.5696,0.0219674,0.0210169
-129.114,45.5696,0.0221976,0.0222222
-125.316,45.5696,0.0224295,0.0234615
-121.519,45.5696,0.0226629,0.0247353
-117.722,45.5696,0.0228977,0.0260439
-113.924,45.5696,0.0231337,0.0273879
-110.127,45.5696,0.0233707,0.0287677
-106.329,45.5696,0.0236086,0.0301838
-102.532,45.5696,0.0238472,0.0316367
-98.7342,45.5696,0.0240863,0.0331269
-94.9367,45.5696,0.0243259,0.0346548
-91.1392,45.5696,0.0245656,0.0362209
-87.3418,45.5696,0.0248053,0.0378257
-83.5443,45.5696,0.025045,0.0394696
-79.7468,45.5696,0.0252843,0.0411532
-75.9494,45.5696,0.0255232,0.0428769
-72.1519,45.5696,0.0257614,0.0446412
-68.3544,45.5696,0.0259989,0.0464465
-64.557,45.5696,0.0262354,0.0482933
-60.7595,45.5696,0.0264708,0.0501822
-56.962,45.5696,0.0267048,0.0521135
-53.1646,45.5696,0.0269375,0.0540878
-49.3671,45.5696,0.0271685,0.0561055
-45.5696,45.5696,0.0273977,0.0581671
-41.7722,45.5696,0.0276249,0.0602731
-37.9747,45.5696,0.0278501,0.0624239
-34.1772,45.5696,0.0280729,0.06462
-30.3797,45.5696,0.0282933,0.066862
-26.5823,45.5696,0.0285111,0.0691502
-22.7848,45.5696,0.0287261,0.0714852
-18.9873,45.5696,0.0289381,0.0738673
-15.1899,45.5696,0.029147,0.0762972
-11.3924,45.5696,0.0293526,0.0787753
-7.59494,45.5696,0.0295548,0.0813019
-3.79747,45.5696,0.0297533,0.0838777
0,45.5696,0.0299481,0.0865031
-300,49.3671,0.0168001,-0.00360416
-296.203,49.3671,0.0167972,-0.00339093
-292.405,49.3671,0.0168033,-0.00316522
-288.608,49.3671,0.016818,-0.00292655
-284.81,49.3671,0.0168413,-0.00267444
-281.013,49.3671,0.0168729,-0.00240841
-277.215,49.3671,0.0169128,-0.002128
-273.418,49.3671,0.0169607,-0.00183273
-269.62,49.3671,0.0170164,-0.00152212
-265.823,49.3671,0.0170799,-0.00119571
-262.025,49.3671,0.0171509,-0.000853007
-258.228,49.3671,0.0172293,-0.000493548
-254.43,49.3671,0.0173149,-0.000116857
-250.633,49.3671,0.0174075,0.000277541
-246.835,49.3671,0.017507,0.00069012
-243.038,49.3671,0.0176133,0.00112135
-239.241,49.3671,0.017726,0.00157172
-235.443,49.3671,0.0178452,0.00204169
-231.646,49.3671,0.0179705,0.00253173
-227.848,49.3671,0.0181019,0.00304233
-224.051,49.3671,0.0182392,0.00357396
-220.253,49.3671,0.0183822,0.00412709
-216.456,49.3671,0.0185307,0.00470219
-212.658,49.3671,0.0186846,0.00529975
-208.861,49.3671,0.0188437,0.00592023
-205.063,49.3671,0.0190079,0.0065641
-201.266,49.3671,0.0191769,0.00723185
-197.468,49.3671,0.0193507,0.00792395
-193.671,49.3671,0.019529,0.00864087
-189.873,49.3671,0.0197117,0.00938308
-186.076,49.3671,0.0198986,0.0101511
-182.278,49.3671,0.0200895,0.0109453
-178.481,49.3671,0.0202843,0.0117662
-174.684,49.3671,0.0204829,0.0126144
-170.886,49.3671,0.020685,0.0134902
-167.089,49.3671,0.0208904,0.0143941
-163.291,49.3671,0.0210991,0.0153267
-159.494,49.3671,0.0213109,0.0162884
-155.696,49.3671,0.0215255,0.0172796
-151.899,49.3671,0.0217428,0.0183009
-148.101,49.3671,0.0219627,0.0193526
-144.304,49.3671,0.022185,0.0204354
-140.506,49.3671,0.0224095,0.0215496
-136.709,49.3671,0.0226361,0.0226958
-132.911,49.3671,0.0228645,0.0238743
-129.114,49.3671,0.0230947,0.0250858
-125.316,49.3671,0.0233264,0.0263306
-121.519,49.3671,0.0235595,0.0276093
-117.722,49.3671,0.0237938,0.0289222
-113.924,49.3671,0.0240292,0.03027
-110.127,49.3671,0.0242654,0.031653
-106.329,49.3671,0.0245024,0.0330717
-102.532,49.3671,0.0247399,0.0345266
-98.7342,49.3671,0.0249779,0.0360182
-94.9367,49.3671,0.025216,0.037547
-91.1392,49.3671,0.0254542,0.0391134
-87.3418,49.3671,0.0256923,0.0407179
-83.5443,49.3671,0.0259302,0.042361
-79.7468,49.3671,0.0261675,0.0440431
-75.9494,49.3671,0.0264043,0.0457647
-72.1519,49.3671,0.0266403,0.0475264
-68.3544,49.3671,0.0268754,0.0493285
-64.557,49.3671,0.0271093,0.0511716
-60.7595,49.3671,0.027342,0.0530561
-56.962,49.3671,0.0275732,0.0549825
-53.1646,49.3671,0.0278028,0.0569512
-49.3671,49.3671,0.0280307,0.0589628
-45.5696,49.3671,0.0282566,0.0610178
-41.7722,49.3671,0.0284804,0.0631165
-37.9747,49.3671,0.028702,0.0652595
-34.1772,49.3671,0.0289211,0.0674472
-30.3797,49.3671,0.0291376,0.0696802
-26.5823,49.3671,0.0293513,0.0719588
-22.7848,49.3671,0.0295621,0.0742836
-18.9873,49.3671,0.0297698,0.0766551
-15.1899,49.3671,0.0299742,0.0790736
-11.3924,49.3671,0.0301752,0.0815398
-7.59494,49.3671,0.0303725,0.084054
-3.79747,49.3671,0.0305662,0.0866167
0,49.3671,0.0307558,0.0892285
-300,53.1646,0.0175394,-0.00162136
-296.203,53.1646,0.017543,-0.001377
-292.405,53.1646,0.0175554,-0.00112073
-288.608,53.1646,0.0175762,-0.000852076
-284.81,53.1646,0.0176055,-0.000570563
-281.013,53.1646,0.017643,-0.000275717
-277.215,53.1646,0.0176886,3.29366e-05
-273.418,53.1646,0.017742,0.000355871
-269.62,53.1646,0.0178032,0.000693561
-265.823,53.1646,0.0178719,0.00104648
-262.025,53.1646,0.017948,0.0014151
-258.228,53.1646,0.0180314,0.00179991
-254.43,53.1646,0.0181218,0.00220136
-250.633,53.1646,0.0182191,0.00261994
-246.835,53.1646,0.0183231,0.00305613
-243.038,53.1646,0.0184337,0.00351039
-239.241,53.1646,0.0185506,0.0039832
-235.443,53.1646,0.0186738,0.00447503
-231.646,53.1646,0.0188031,0.00498637
-227.848,53.1646,0.0189383,0.00551767
-224.051,53.1646,0.0190791,0.00606942
-220.253,53.1646,0.0192256,0.0066421
-216.456,53.1646,0.0193774,0.00723617
-212.658,53.1646,0.0195345,0.00785211
-208.861,53.1646,0.0196967,0.0084904
-205.063,53.1646,0.0198637,0.0091515
-201.266,53.1646,0.0200355,0.0098359
-197.468,53.1646,0.0202118,0.0105441
-193.671,53.1646,0.0203925,0.0112765
-189.873,53.1646,0.0205775,0.0120336
-186.076,53.1646,0.0207665,0.0128159
-182.278,53.1646,0.0209594,0.0136239
-178.481,53.1646,0.0211561,0.014458
-174.684,53.1646,0.0213563,0.0153187
-170.886,53.1646,0.0215599,0.0162066
-167.089,53.1646,0.0217668,0.0171219
-163.291,53.1646,0.0219767,0.0180654
-159.494,53.1646,0.0221895,0.0190373
-155.696,53.1646,0.0224051,0.0200382
-151.899,53.1646,0.0226232,0.0210686
-148.101,53.1646,0.0228438,0.0221289
-144.304,53.1646,0.0230665,0.0232196
-140.506,53.1646,0.0232914,0.0243412
-136.709,53.1646,0.0235181,0.0254941
-132.911,53.1646,0.0237466,0.0266789
-129.114,53.1646,0.0239767,0.027896
-125.316,53.1646,0.0242081,0.0291459
-121.519,53.1646,0.0244408,0.030429
-117.722,53.1646,0.0246746,0.0317459
-113.924,53.1646,0.0249093,0.0330969
-110.127,53.1646,0.0251447,0.0344827
-106.329,53.1646,0.0253807,0.0359035
-102.532,53.1646,0.025617,0.03736
-98.7342,53.1646,0.0258537,0.0388527
-94.9367,53.1646,0.0260904,0.0403818
-91.1392,53.1646,0.026327,0.0419481
-87.3418,53.1646,0.0265634,0.0435518
-83.5443,53.1646,0.0267993,0.0451936
-79.7468,53.1646,0.0270346,0.0468738
-75.9494,53.1646,0.0272692,0.048593
-72.1519,53.1646,0.0275029,0.0503515
-68.3544,53.1646,0.0277354,0.05215
-64.557,53.1646,0.0279668,0.0539889
-60.7595,53.1646,0.0281966,0.0558686
-56.962,53.1646,0.0284249,0.0577896
-53.1646,53.1646,0.0286515,0.0597524
-49.3671,53.1646,0.0288761,0.0617575
-45.5696,53.1646,0.0290987,0.0638053
-41.7722,53.1646,0.0293189,0.0658963
-37.9747,53.1646,0.0295368,0.068031
-34.1772,53.1646,0.0297521,0.0702099
-30.3797,53.1646,0.0299646,0.0724334
-26.5823,53.1646,0.0301742,0.074702
-22.7848,53.1646,0.0303807,0.0770162
-18.9873,53.1646,0.030584,0.0793765
-15.1899,53.1646,0.0307838,0.0817833
-11.3924,53.1646,0.0309801,0.0842371
-7.59494,53.1646,0.0311726,0.0867384
-3.79747,53.1646,0.0313612,0.0892877
0,53.1646,0.0315457,0.0918854
-300,56.962,0.0182676,0.000329019
-296.203,56.962,0.0182776,0.000604075
-292.405,56.962,0.0182961,0.000890462
-288.608,56.962,0.0183231,0.00118865
-284.81,56.962,0.0183583,0.00149912
-281.013,56.962,0.0184015,0.00182235
-277.215,56.962,0.0184527,0.00215879
-273.418,56.962,0.0185116,0.00250895
-269.62,56.962,0.0185781,0.00287327
-265.823,56.962,0.018652,0.00325225
-262.025,56.962,0.0187332,0.00364635
-258.228,56.962,0.0188214,0.00405605
-254.43,56.962,0.0189165,0.00448183
-250.633,56.962,0.0190184,0.00492415
-246.835,56.962,0.0191268,0.00538349
-243.038,56.962,0.0192417,0.00586033
-239.241,56.962,0.0193628,0.00635514
-235.443,56.962,0.01949,0.00686839
-231.646,56.962,0.0196231,0.00740057
-227.848,56.962,0.0197619,0.00795213
-224.051,56.962,0.0199063,0.00852357
-220.253,56.962,0.0200562,0.00911534
-216.456,56.962,0.0202112,0.00972793
-212.658,56.962,0.0203714,0.0103618
-208.861,56.962,0.0205365,0.0110175
-205.063,56.962,0.0207063,0.0116954
-201.266,56.962,0.0208807,0.012396
-197.468,56.962,0.0210595,0.0131197
-193.671,56.962,0.0212426,0.0138672
-189.873,56.962,0.0214298,0.0146388
-186.076,56.962,0.0216208,0.015435
-182.278,56.962,0.0218157,0.0162563
-178.481,56.962,0.0220141,0.0171031
-174.684,56.962,0.0222159,0.017976
-170.886,56.962,0.022421,0.0188754
-167.089,56.962,0.0226291,0.0198017
-163.291,56.962,0.0228402,0.0207556
-159.494,56.962,0.023054,0.0217373
-155.696,56.962,0.0232705,0.0227475
-151.899,56.962,0.0234893,0.0237865
-148.101,56.962,0.0237104,0.0248549
-144.304,56.962,0.0239336,0.0259531
-140.506,56.962,0.0241587,0.0270817
-136.709,56.962,0.0243855,0.028241
-132.911,56.962,0.024614,0.0294315
-129.114,56.962,0.0248438,0.0306538
-125.316,56.962,0.0250749,0.0319083
-121.519,56.962,0.0253072,0.0331954
-117.722,56.962,0.0255403,0.0345157
-113.924,56.962,0.0257742,0.0358696
-110.127,56.962,0.0260087,0.0372577
-106.329,56.962,0.0262436,0.0386803
-102.532,56.962,0.0264787,0.0401379
-98.7342,56.962,0.026714,0.0416311
-94.9367,56.962,0.0269492,0.0431602
-91.1392,56.962,0.0271841,0.0447258
-87.3418,56.962,0.0274186,0.0463284
-83.5443,56.962,0.0276526,0.0479684
-79.7468,56.962,0.0278858,0.0496462
-75.9494,56.962,0.0281181,0.0513625
-72.1519,56.962,0.0283494,0.0531176
-68.3544,56.962,0.0285794,0.054912
-64.557,56.962,0.028808,0.0567461
-60.7595,56.962,0.029035,0.0586206
-56.962,56.962,0.0292603,0.0605358
-53.1646,56.962,0.0294837,0.0624922
-49.3671,56.962,0.029705,0.0644903
-45.5696,56.962,0.0299241,0.0665305
-41.7722,56.962,0.0301407,0.0686134
-37.9747,56.962,0.0303548,0.0707394
-34.1772,56.962,0.0305662,0.0729089
-30.3797,56.962,0.0307747,0.0751226
-26.5823,56.962,0.0309801,0.0773807
-22.7848,56.962,0.0311822,0.0796839
-18.9873,56.962,0.031381,0.0820325
-15.1899,56.962,0.0315762,0.0844271
-11.3924,56.962,0.0317677,0.0868682
-7.59494,56.962,0.0319552,0.0893561
-3.79747,56.962,0.0321387,0.0918914
0,56.962,0.032318,0.0944746
-300,60.7595,0.0189849,0.00224788
-296.203,60.7595,0.0190012,0.00255319
-292.405,60.7595,0.0190258,0.00286924
-288.608,60.7595,0.0190588,0.00319652
-284.81,60.7595,0.0190998,0.0035355
-281.013,60.7595,0.0191487,0.00388666
-277.215,60.7595,0.0192055,0.00425046
-273.418,60.7595,0.0192698,0.00462738
-269.62,60.7595,0.0193415,0.0050179
-265.823,60.7595,0.0194205,0.00542249
-262.025,60.7595,0.0195066,0.00584162
-258.228,60.7595,0.0195996,0.00627577
-254.43,60.7595,0.0196993,0.00672542
-250.633,60.7595,0.0198057,0.00719104
-246.835,60.7595,0.0199185,0.00767309
-243.038,60.7595,0.0200375,0.00817206
-239.241,60.7595,0.0201627,0.00868843
-235.443,60.7595,0.0202938,0.00922266
-231.646,60.7595,0.0204306,0.00977522
-227.848,60.7595,0.0205731,0.0103466
-224.051,60.7595,0.0207209,0.0109373
-220.253,60.7595,0.0208741,0.0115477
-216.456,60.7595,0.0210323,0.0121784
-212.658,60.7595,0.0211955,0.0128298
-208.861,60.7595,0.0213634,0.0135023
-205.063,60.7595,0.021536,0.0141965
-201.266,60.7595,0.0217129,0.0149129
-197.468,60.7595,0.0218941,0.0156519
-193.671,60.7595,0.0220795,0.0164139
-189.873,60.7595,0.0222688,0.0171995
-186.076,60.7595,0.0224618,0.0180092
-182.278,60.7595,0.0226584,0.0188433
-178.481,60.7595,0.0228585,0.0197024
-174.684,60.7595,0.0230618,0.020587
-170.886,60.7595,0.0232683,0.0214975
-167.089,60.7595,0.0234777,0.0224344
-163.291,60.7595,0.0236898,0.0233982
-159.494,60.7595,0.0239046,0.0243893
-155.696,60.7595,0.0241218,0.0254083
-151.899,60.7595,0.0243412,0.0264555
-148.101,60.7595,0.0245628,0.0275316
-144.304,60.7595,0.0247863,0.0286369
-140.506,60.7595,0.0250116,0.0297719
-136.709,60.7595,0.0252385,0.0309371
-132.911,60.7595,0.0254668,0.0321329
-129.114,60.7595,0.0256964,0.03336
-125.316,60.7595,0.0259271,0.0346186
-121.519,60.7595,0.0261587,0.0359093
-117.722,60.7595,0.0263911,0.0372326
-113.924,60.7595,0.0266242,0.038589
-110.127,60.7595,0.0268576,0.0399789
-106.329,60.7595,0.0270914,0.0414027
-102.532,60.7595,0.0273252,0.042861
-98.7342,60.7595,0.027559,0.0443543
-94.9367,60.7595,0.0277926,0.045883
-91.1392,60.7595,0.0280258,0.0474476
-87.3418,60.7595,0.0282584,0.0490485
-83.5443,60.7595,0.0284903,0.0506862
-79.7468,60.7595,0.0287213,0.0523613
-75.9494,60.7595,0.0289513,0.0540742
-72.1519,60.7595,0.02918,0.0558253
-68.3544,60.7595,0.0294074,0.0576152
-64.557,60.7595,0.0296332,0.0594443
-60.7595,60.7595,0.0298573,0.061313
-56.962,60.7595,0.0300794,0.0632219
-53.1646,60.7595,0.0302996,0.0651715
-49.3671,60.7595,0.0305175,0.0671621
-45.5696,60.7595,0.030733,0.0691944
-41.7722,60.7595,0.030946,0.0712686
-37.9747,60.7595,0.0311563,0.0733855
-34.1772,60.7595,0.0313637,0.0755453
-30.3797,60.7595,0.031568,0.0777486
-26.5823,60.7595,0.0317691,0.0799958
-22.7848,60.7595,0.0319668,0.0822875
-18.9873,60.7595,0.032161,0.0846241
-15.1899,60.7595,0.0323515,0.087006
-11.3924,60.7595,0.0325381,0.0894338
-7.59494,60.7595,0.0327206,0.091908
-3.79747,60.7595,0.0328989,0.0944289
0,60.7595,0.0330728,0.0969971
-300,64.557,0.0196915,0.00413611
-296.203,64.557,0.019714,0.00447122
-292.405,64.557,0.0197447,0.0048165
-288.608,64.557,0.0197835,0.00517242
-284.81,64.557,0.0198303,0.00553947
-281.013,64.557,0.0198849,0.0059181
-277.215,64.557,0.019947,0.00630881
-273.418,64.557,0.0200166,0.00671206
-269.62,64.557,0.0200935,0.00712832
-265.823,64.557,0.0201775,0.00755808
-262.025,64.557,0.0202684,0.0080018
-258.228,64.557,0.0203662,0.00845996
-254.43,64.557,0.0204705,0.00893303
-250.633,64.557,0.0205813,0.00942149
-246.835,64.557,0.0206983,0.00992582
-243.038,64.557,0.0208215,0.0104465
-239.241,64.557,0.0209506,0.0109839
-235.443,64.557,0.0210855,0.0115387
-231.646,64.557,0.021226,0.0121112
-227.848,64.557,0.021372,0.012702
-224.051,64.557,0.0215232,0.0133114
-220.253,64.557,0.0216796,0.0139401
-216.456,64.557,0.0218409,0.0145884
-212.658,64.557,0.022007,0.0152568
-208.861,64.557,0.0221777,0.0159458
-205.063,64.557,0.0223529,0.0166559
-201.266,64.557,0.0225323,0.0173876
-197.468,64.557,0.0227159,0.0181413
-193.671,64.557,0.0229034,0.0189175
-189.873,64.557,0.0230947,0.0197167
-186.076,64.557,0.0232896,0.0205393
-182.278,64.557,0.023488,0.0213859
-178.481,64.557,0.0236896,0.0222568
-174.684,64.557,0.0238944,0.0231527
-170.886,64.557,0.0241021,0.0240738
-167.089,64.557,0.0243126,0.0250208
-163.291,64.557,0.0245258,0.0259941
-159.494,64.557,0.0247414,0.0269942
-155.696,64.557,0.0249593,0.0280215
-151.899,64.557,0.0251793,0.0290766
-148.101,64.557,0.0254012,0.0301598
-144.304,64.557,0.025625,0.0312717
-140.506,64.557,0.0258503,0.0324127
-136.709,64.557,0.0260772,0.0335834
-132.911,64.557,0.0263053,0.0347841
-129.114,64.557,0.0265345,0.0360155
-125.316,64.557,0.0267647,0.0372778
-121.519,64.557,0.0269957,0.0385717
-117.722,64.557,0.0272274,0.0398976
-113.924,64.557,0.0274594,0.0412559
-110.127,64.557,0.0276918,0.0426471
-106.329,64.557,0.0279243,0.0440718
-102.532,64.557,0.0281568,0.0455304
-98.7342,64.557,0.028389,0.0470233
-94.9367,64.557,0.0286209,0.0485511
-91.1392,64.557,0.0288523,0.0501141
-87.3418,64.557,0.0290829,0.051713
-83.5443,64.557,0.0293127,0.0533481
-79.7468,64.557,0.0295414,0.0550199
-75.9494,64.557,0.0297689,0.056729
-72.1519,64.557,0.0299951,0.0584757
-68.3544,64.557,0.0302197,0.0602606
-64.557,64.557,0.0304426,0.0620841
-60.7595,64.557,0.0306637,0.0639467
-56.962,64.557,0.0308827,0.0658489
-53.1646,64.557,0.0310995,0.0677912
-49.3671,64.557,0.0313139,0.0697739
-45.5696,64.557,0.0315258,0.0717977
-41.7722,64.557,0.031735,0.073863
-37.9747,64.557,0.0319414,0.0759702
-34.1772,64.557,0.0321447,0.0781198
-30.3797,64.557,0.0323448,0.0803123
-26.5823,64.557,0.0325415,0.0825482
-22.7848,64.557,0.0327348,0.084828
-18.9873,64.557,0.0329243,0.087152
-15.1899,64.557,0.0331099,0.0895209
-11.3924,64.557,0.0332915,0.091935
-7.59494,64.557,0.0334689,0.0943949
-3.79747,64.557,0.033642,0.096901
0,64.557,0.0338105,0.0994538
-300,68.3544,0.0203877,0.00599458
-296.203,68.3544,0.0204162,0.00635905
-292.405,68.3544,0.0204529,0.00673311
-288.608,68.3544,0.0204976,0.00711723
-284.81,68.3544,0.02055,0.0075119
-281.013,68.3544,0.0206101,0.00791757
-277.215,68.3544,0.0206776,0.00833474
-273.418,68.3544,0.0207525,0.00876387
-269.62,68.3544,0.0208344,0.00920543
-265.823,68.3544,0.0209233,0.00965991
-262.025,68.3544,0.021019,0.0101278
-258.228,68.3544,0.0211214,0.0106095
-254.43,68.3544,0.0212302,0.0111055
-250.633,68.3544,0.0213453,0.0116164
-246.835,68.3544,0.0214665,0.0121426
-243.038,68.3544,0.0215937,0.0126845
-239.241,68.3544,0.0217268,0.0132426
-235.443,68.3544,0.0218654,0.0138174
-231.646,68.3544,0.0220095,0.0144094
-227.848,68.3544,0.0221589,0.0150191
-224.051,68.3544,0.0223134,0.0156469
-220.253,68.3544,0.0224729,0.0162933
-216.456,68.3544,0.0226372,0.0169588
-212.658,68.3544,0.0228061,0.0176438
-208.861,68.3544,0.0229795,0.0183489
-205.063,68.3544,0.0231572,0.0190745
-201.266,68.3544,0.0233391,0.019821
-197.468,68.3544,0.0235249,0.020589
-193.671,68.3544,0.0237145,0.0213789
-189.873,68.3544,0.0239078,0.0221912
-186.076,68.3544,0.0241045,0.0230264
-182.278,68.3544,0.0243045,0.0238849
-178.481,68.3544,0.0245076,0.0247672
-174.684,68.3544,0.0247138,0.0256739
-170.886,68.3544,0.0249227,0.0266053
-167.089,68.3544,0.0251343,0.0275619
-163.291,68.3544,0.0253483,0.0285443
-159.494,68.3544,0.0255647,0.0295528
-155.696,68.3544,0.0257832,0.0305881
-151.899,68.3544,0.0260036,0.0316504
-148.101,68.3544,0.0262259,0.0327404
-144.304,68.3544,0.0264498,0.0338585
-140.506,68.3544,0.0266752,0.0350051
-136.709,68.3544,0.0269019,0.0361808
-132.911,68.3544,0.0271297,0.037386
-129.114,68.3544,0.0273586,0.0386211
-125.316,68.3544,0.0275882,0.0398868
-121.519,68.3544,0.0278184,0.0411833
-117.722,68.3544,0.0280492,0.0425113
-113.924,68.3544,0.0282802,0.0438712
-110.127,68.3544,0.0285114,0.0452634
-106.329,68.3544,0.0287426,0.0466884
-102.532,68.3544,0.0289736,0.0481468
-98.7342,68.3544,0.0292042,0.0496389
-94.9367,68.3544,0.0294343,0.0511653
-91.1392,68.3544,0.0296638,0.0527264
-87.3418,68.3544,0.0298923,0.0543228
-83.5443,68.3544,0.0301199,0.0559548
-79.7468,68.3544,0.0303462,0.0576229
-75.9494,68.3544,0.0305713,0.0593277
-72.1519,68.3544,0.0307947,0.0610696
-68.3544,68.3544,0.0310165,0.0628491
-64.557,68.3544,0.0312365,0.0646666
-60.7595,68.3544,0.0314544,0.0665226
-56.962,68.3544,0.0316702,0.0684176
-53.1646,68.3544,0.0318836,0.0703521
-49.3671,68.3544,0.0320945,0.0723266
-45.5696,68.3544,0.0323027,0.0743415
-41.7722,68.3544,0.032508,0.0763972
-37.9747,68.3544,0.0327104,0.0784944
-34.1772,68.3544,0.0329095,0.0806334
-30.3797,68.3544,0.0331053,0.0828147
-26.5823,68.3544,0.0332976,0.0850388
-22.7848,68.3544,0.0334862,0.0873061
-18.9873,68.3544,0.033671,0.0896172
-15.1899,68.3544,0.0338517,0.0919726
-11.3924,68.3544,0.0340283,0.0943726
-7.59494,68.3544,0.0342005,0.0968177
-3.79747,68.3544,0.0343682,0.0993086
0,68.3544,0.0345313,0.101845
-300,72.1519,0.0210736,0.00782419
-296.203,72.1519,0.0211082,0.00821757
-292.405,72.1519,0.0211508,0.00861997
-288.608,72.1519,0.0212011,0.00903184
-284.81,72.1519,0.0212592,0.00945368
-281.013,72.1519,0.0213247,0.00988595
-277.215,72.1519,0.0213975,0.0103291
-273.418,72.1519,0.0214775,0.0107837
-269.62,72.1519,0.0215644,0.0112501
-265.823,72.1519,0.0216582,0.0117289
-262.025,72.1519,0.0217586,0.0122204
-258.228,72.1519,0.0218655,0.0127253
-254.43,72.1519,0.0219787,0.0132438
-250.633,72.1519,0.0220981,0.0137767
-246.835,72.1519,0.0222234,0.0143242
-243.038,72.1519,0.0223545,0.0148869
-239.241,72.1519,0.0224913,0.0154652
-235.443,72.1519,0.0226336,0.0160597
-231.646,72.1519,0.0227812,0.0166708
-227.848,72.1519,0.022934,0.0172989
-224.051,72.1519,0.0230917,0.0179446
-220.253,72.1519,0.0232543,0.0186084
-216.456,72.1519,0.0234215,0.0192906
-212.658,72.1519,0.0235932,0.0199918
-208.861,72.1519,0.0237692,0.0207124
-205.063,72.1519,0.0239494,0.021453
-201.266,72.1519,0.0241335,0.0222139
-197.468,72.1519,0.0243215,0.0229958
-193.671,72.1519,0.0245131,0.0237989
-189.873,72.1519,0.0247082,0.0246239
-186.076,72.1519,0.0249067,0.0254712
-182.278,72.1519,0.0251082,0.0263412
-178.481,72.1519,0.0253128,0.0272345
-174.684,72.1519,0.0255202,0.0281515
-170.886,72.1519,0.0257303,0.0290927
-167.089,72.1519,0.0259428,0.0300585
-163.291,72.1519,0.0261577,0.0310495
-159.494,72.1519,0.0263747,0.0320661
-155.696,72.1519,0.0265937,0.0331088
-151.899,72.1519,0.0268146,0.0341781
-148.101,72.1519,0.0270371,0.0352744
-144.304,72.1519,0.0272611,0.0363982
-140.506,72.1519,0.0274864,0.0375499
-136.709,72.1519,0.0277129,0.0387302
-132.911,72.1519,0.0279404,0.0399393
-129.114,72.1519,0.0281687,0.0411779
-125.316,72.1519,0.0283976,0.0424464
-121.519,72.1519,0.0286271,0.0437452
-117.722,72.1519,0.0288568,0.0450748
-113.924,72.1519,0.0290868,0.0464358
-110.127,72.1519,0.0293167,0.0478285
-106.329,72.1519,0.0295465,0.0492535
-102.532,72.1519,0.0297759,0.0507112
-98.7342,72.1519,0.0300048,0.0522021
-94.9367,72.1519,0.0302331,0.0537267
-91.1392,72.1519,0.0304605,0.0552854
-87.3418,72.1519,0.0306869,0.0568787
-83.5443,72.1519,0.0309122,0.0585072
-79.7468,72.1519,0.0311361,0.0601712
-75.9494,72.1519,0.0313585,0.0618713
-72.1519,72.1519,0.0315793,0.0636079
-68.3544,72.1519,0.0317982,0.0653815
-64.557,72.1519,0.0320151,0.0671925
-60.7595,72.1519,0.0322298,0.0690415
-56.962,72.1519,0.0324422,0.070929
-53.1646,72.1519,0.0326521,0.0728553
-49.3671,72.1519,0.0328594,0.074821
-45.5696,72.1519,0.0330638,0.0768265
-41.7722,72.1519,0.0332652,0.0788723
-37.9747,72.1519,0.0334634,0.080959
-34.1772,72.1519,0.0336584,0.0830869
-30.3797,72.1519,0.0338498,0.0852565
-26.5823,72.1519,0.0340375,0.0874684
-22.7848,72.1519,0.0342215,0.0897229
-18.9873,72.1519,0.0344014,0.0920206
-15.1899,72.1519,0.0345772,0.0943619
-11.3924,72.1519,0.0347486,0.0967474
-7.59494,72.1519,0.0349156,0.0991774
-3.79747,72.1519,0.0350778,0.101652
0,72.1519,0.0352353,0.104173
-300,75.9494,0.0217495,0.00962583
-296.203,75.9494,0.0217901,0.0100477
-292.405,75.9494,0.0218384,0.010478
-288.608,75.9494,0.0218945,0.0109171
-284.81,75.9494,0.021958,0.0113657
-281.013,75.9494,0.0220289,0.0118241
-277.215,75.9494,0.0221069,0.0122929
-273.418,75.9494,0.0221919,0.0127724
-269.62,75.9494,0.0222838,0.0132632
-265.823,75.9494,0.0223823,0.0137658
-262.025,75.9494,0.0224873,0.0142806
-258.228,75.9494,0.0225987,0.0148081
-254.43,75.9494,0.0227162,0.0153488
-250.633,75.9494,0.0228397,0.0159031
-246.835,75.9494,0.0229691,0.0164716
-243.038,75.9494,0.0231041,0.0170547
-239.241,75.9494,0.0232446,0.0176528
-235.443,75.9494,0.0233905,0.0182664
-231.646,75.9494,0.0235415,0.0188961
-227.848,75.9494,0.0236975,0.0195423
-224.051,75.9494,0.0238584,0.0202055
-220.253,75.9494,0.0240239,0.0208861
-216.456,75.9494,0.024194,0.0215846
-212.658,75.9494,0.0243683,0.0223015
-208.861,75.9494,0.0245469,0.0230373
-205.063,75.9494,0.0247294,0.0237924
-201.266,75.9494,0.0249158,0.0245673
-197.468,75.9494,0.0251059,0.0253625
-193.671,75.9494,0.0252994,0.0261785
-189.873,75.9494,0.0254963,0.0270157
-186.076,75.9494,0.0256964,0.0278747
-182.278,75.9494,0.0258995,0.0287558
-178.481,75.9494,0.0261054,0.0296595
-174.684,75.9494,0.026314,0.0305865
-170.886,75.9494,0.0265251,0.031537
-167.089,75.9494,0.0267385,0.0325116
-163.291,75.9494,0.0269541,0.0335108
-159.494,75.9494,0.0271717,0.034535
-155.696,75.9494,0.0273912,0.0355847
-151.899,75.9494,0.0276123,0.0366604
-148.101,75.9494,0.027835,0.0377625
-144.304,75.9494,0.028059,0.0388916
-140.506,75.9494,0.0282842,0.040048
-136.709,75.9494,0.0285103,0.0412324
-132.911,75.9494,0.0287374,0.0424451
-129.114,75.9494,0.0289651,0.0436866
-125.316,75.9494,0.0291933,0.0449575
-121.519,75.9494,0.0294218,0.0462581
-117.722,75.9494,0.0296506,0.047589
-113.924,75.9494,0.0298793,0.0489505
-110.127,75.9494,0.0301079,0.0503433
-106.329,75.9494,0.0303362,0.0517678
-102.532,75.9494,0.030564,0.0532244
-98.7342,75.9494,0.0307911,0.0547136
-94.9367,75.9494,0.0310174,0.0562359
-91.1392,75.9494,0.0312428,0.0577918
-87.3418,75.9494,0.0314669,0.0593818
-83.5443,75.9494,0.0316898,0.0610062
-79.7468,75.9494,0.0319112,0.0626657
-75.9494,75.9494,0.0321309,0.0643606
-72.1519,75.9494,0.0323488,0.0660915
-68.3544,75.9494,0.0325648,0.0678587
-64.557,75.9494,0.0327785,0.0696629
-60.7595,75.9494,0.03299,0.0715044
-56.962,75.9494,0.033199,0.0733838
-53.1646,75.9494,0.0334053,0.0753015
-49.3671,75.9494,0.0336089,0.077258
-45.5696,75.9494,0.0338094,0.0792537
-41.7722,75.9494,0.0340068,0.0812892
-37.9747,75.9494,0.0342009,0.0833648
-34.1772,75.9494,0.0343915,0.0854812
-30.3797,75.9494,0.0345784,0.0876387
-26.5823,75.9494,0.0347616,0.0898379
-22.7848,75.9494,0.0349407,0.0920791
-18.9873,75.9494,0.0351157,0.094363
-15.1899,75.9494,0.0352865,0.0966899
-11.3924,75.9494,0.0354527,0.0990603
-7.59494,75.9494,0.0356143,0.101475
-3.79747,75.9494,0.035771,0.103934
0,75.9494,0.0359228,0.106438
-300,79.7468,0.0224157,0.0114004
-296.203,79.7468,0.0224621,0.0118502
-292.405,79.7468,0.0225162,0.012308
-288.608,79.7468,0.0225778,0.012774
-284.81,79.7468,0.0226467,0.0132488
-281.013,79.7468,0.0227229,0.013733
-277.215,79.7468,0.022806,0.0142268
-273.418,79.7468,0.022896,0.0147309
-269.62,79.7468,0.0229927,0.0152457
-265.823,79.7468,0.0230959,0.0157717
-262.025,79.7468,0.0232055,0.0163093
-258.228,79.7468,0.0233212,0.016859
-254.43,79.7468,0.023443,0.0174214
-250.633,79.7468,0.0235706,0.0179967
-246.835,79.7468,0.0237039,0.0185857
-243.038,79.7468,0.0238427,0.0191886
-239.241,79.7468,0.0239868,0.0198061
-235.443,79.7468,0.0241362,0.0204385
-231.646,79.7468,0.0242905,0.0210864
-227.848,79.7468,0.0244498,0.0217501
-224.051,79.7468,0.0246137,0.0224303
-220.253,79.7468,0.0247821,0.0231273
-216.456,79.7468,0.0249549,0.0238417
-212.658,79.7468,0.0251318,0.0245738
-208.861,79.7468,0.0253128,0.0253243
-205.063,79.7468,0.0254977,0.0260935
-201.266,79.7468,0.0256862,0.026882
-197.468,79.7468,0.0258782,0.0276902
-193.671,79.7468,0.0260737,0.0285185
-189.873,79.7468,0.0262723,0.0293675
-186.076,79.7468,0.0264739,0.0302377
-182.278,79.7468,0.0266784,0.0311294
-178.481,79.7468,0.0268855,0.0320432
-174.684,79.7468,0.0270952,0.0329796
-170.886,79.7468,0.0273073,0.033939
-167.089,79.7468,0.0275215,0.034922
-163.291,79.7468,0.0277378,0.0359289
-159.494,79.7468,0.0279559,0.0369602
-155.696,79.7468,0.0281758,0.0380165
-151.899,79.7468,0.0283971,0.0390982
-148.101,79.7468,0.0286198,0.0402057
-144.304,79.7468,0.0288437,0.0413396
-140.506,79.7468,0.0290687,0.0425004
-136.709,79.7468,0.0292945,0.0436884
-132.911,79.7468,0.029521,0.0449042
-129.114,79.7468,0.029748,0.0461482
-125.316,79.7468,0.0299754,0.047421
-121.519,79.7468,0.030203,0.048723
-117.722,79.7468,0.0304306,0.0500546
-113.924,79.7468,0.030658,0.0514164
-110.127,79.7468,0.0308852,0.0528088
-106.329,79.7468,0.0311119,0.0542323
-102.532,79.7468,0.031338,0.0556873
-98.7342,79.7468,0.0315633,0.0571745
-94.9367,79.7468,0.0317876,0.0586941
-91.1392,79.7468,0.0320107,0.0602467
-87.3418,79.7468,0.0322326,0.0618328
-83.5443,79.7468,0.032453,0.0634528
-79.7468,79.7468,0.0326718,0.0651072
-75.9494,79.7468,0.0328887,0.0667965
-72.1519,79.7468,0.0331037,0.0685212
-68.3544,79.7468,0.0333166,0.0702817
-64.557,79.7468,0.0335272,0.0720785
-60.7595,79.7468,0.0337353,0.0739121
-56.962,79.7468,0.0339408,0.075783
-53.1646,79.7468,0.0341434,0.0776916
-49.3671,79.7468,0.0343432,0.0796384
-45.5696,79.7468,0.0345397,0.0816239
-41.7722,79.7468,0.034733,0.0836486
-37.9747,79.7468,0.0349229,0.0857129
-34.1772,79.7468,0.0351091,0.0878172
-30.3797,79.7468,0.0352915,0.0899622
-26.5823,79.7468,0.0354699,0.0921482
-22.7848,79.7468,0.0356442,0.0943758
-18.9873,79.7468,0.0358142,0.0966453
-15.1899,79.7468,0.0359798,0.0989574
-11.3924,79.7468,0.0361407,0.101312
-7.59494,79.7468,0.0362969,0.103711
-3.79747,79.7468,0.0364481,0.106153
0,79.7468,0.0365941,0.10864
-300,83.5443,0.0230723,0.0131487
-296.203,83.5443,0.0231245,0.0136261
-292.405,83.5443,0.0231842,0.0141109
-288.608,83.5443,0.0232513,0.0146033
-284.81,83.5443,0.0233256,0.015104
-281.013,83.5443,0.0234069,0.0156134
-277.215,83.5443,0.0234951,0.0161319
-273.418,83.5443,0.02359,0.0166601
-269.62,83.5443,0.0236915,0.0171984
-265.823,83.5443,0.0237993,0.0177473
-262.025,83.5443,0.0239133,0.0183073
-258.228,83.5443,0.0240333,0.0188788
-254.43,83.5443,0.0241592,0.0194623
-250.633,83.5443,0.0242908,0.0200583
-246.835,83.5443,0.024428,0.0206673
-243.038,83.5443,0.0245705,0.0212897
-239.241,83.5443,0.0247182,0.0219261
-235.443,83.5443,0.0248709,0.0225768
-231.646,83.5443,0.0250286,0.0232424
-227.848,83.5443,0.0251909,0.0239233
-224.051,83.5443,0.0253577,0.02462
-220.253,83.5443,0.025529,0.025333
-216.456,83.5443,0.0257044,0.0260628
-212.658,83.5443,0.0258839,0.0268098
-208.861,83.5443,0.0260672,0.0275745
-205.063,83.5443,0.0262543,0.0283573
-201.266,83.5443,0.0264449,0.0291589
-197.468,83.5443,0.0266389,0.0299795
-193.671,83.5443,0.0268361,0.0308198
-189.873,83.5443,0.0270363,0.0316802
-186.076,83.5443,0.0272394,0.0325611
-182.278,83.5443,0.0274452,0.033463
-178.481,83.5443,0.0276535,0.0343865
-174.684,83.5443,0.0278642,0.0353319
-170.886,83.5443,0.0280772,0.0362997
-167.089,83.5443,0.0282922,0.0372905
-163.291,83.5443,0.028509,0.0383047
-159.494,83.5443,0.0287276,0.0393427
-155.696,83.5443,0.0289477,0.0404052
-151.899,83.5443,0.0291692,0.0414924
-148.101,83.5443,0.0293919,0.0426049
-144.304,83.5443,0.0296156,0.0437432
-140.506,83.5443,0.0298402,0.0449077
-136.709,83.5443,0.0300656,0.046099
-132.911,83.5443,0.0302914,0.0473174
-129.114,83.5443,0.0305177,0.0485636
-125.316,83.5443,0.0307442,0.0498378
-121.519,83.5443,0.0309707,0.0511407
-117.722,83.5443,0.0311971,0.0524727
-113.924,83.5443,0.0314232,0.0538342
-110.127,83.5443,0.0316489,0.0552258
-106.329,83.5443,0.0318739,0.0566478
-102.532,83.5443,0.0320982,0.0581009
-98.7342,83.5443,0.0323215,0.0595855
-94.9367,83.5443,0.0325437,0.0611019
-91.1392,83.5443,0.0327646,0.0626508
-87.3418,83.5443,0.0329841,0.0642326
-83.5443,83.5443,0.033202,0.0658477
-79.7468,83.5443,0.033418,0.0674967
-75.9494,83.5443,0.0336321,0.0691799
-72.1519,83.5443,0.0338442,0.070898
-68.3544,83.5443,0.0340539,0.0726513
-64.557,83.5443,0.0342612,0.0744403
-60.7595,83.5443,0.0344658,0.0762656
-56.962,83.5443,0.0346677,0.0781275
-53.1646,83.5443,0.0348667,0.0800266
-49.3671,83.5443,0.0350625,0.0819633
-45.5696,83.5443,0.035255,0.0839381
-41.7722,83.5443,0.0354441,0.0859515
-37.9747,83.5443,0.0356296,0.0880039
-34.1772,83.5443,0.0358114,0.0900959
-30.3797,83.5443,0.0359891,0.0922278
-26.5823,83.5443,0.0361628,0.0944003
-22.7848,83.5443,0.0363322,0.0966137
-18.9873,83.5443,0.0364971,0.0988685
-15.1899,83.5443,0.0366575,0.101165
-11.3924,83.5443,0.036813,0.103504
-7.59494,83.5443,0.0369637,0.105886
-3.79747,83.5443,0.0371092,0.108311
0,83.5443,0.0372494,0.11078
-300,87.3418,0.0237196,0.0148717
-296.203,87.3418,0.0237775,0.0153763
-292.405,87.3418,0.0238428,0.0158876
-288.608,87.3418,0.0239153,0.016406
-284.81,87.3418,0.0239948,0.0169321
-281.013,87.3418,0.0240813,0.0174663
-277.215,87.3418,0.0241744,0.018009
-273.418,87.3418,0.0242741,0.0185609
-269.62,87.3418,0.0243802,0.0191223
-265.823,87.3418,0.0244926,0.0196936
-262.025,87.3418,0.0246109,0.0202755
-258.228,87.3418,0.0247352,0.0208684
-254.43,87.3418,0.0248651,0.0214726
-250.633,87.3418,0.0250007,0.0220888
-246.835,87.3418,0.0251416,0.0227174
-243.038,87.3418,0.0252877,0.0233588
-239.241,87.3418,0.0254389,0.0240136
-235.443,87.3418,0.025595,0.0246822
-231.646,87.3418,0.0257558,0.025365
-227.848,87.3418,0.0259211,0.0260626
-224.051,87.3418,0.0260909,0.0267755
-220.253,87.3418,0.0262648,0.027504
-216.456,87.3418,0.0264429,0.0282487
-212.658,87.3418,0.0266248,0.0290101
-208.861,87.3418,0.0268104,0.0297886
-205.063,87.3418,0.0269996,0.0305847
-201.266,87.3418,0.0271922,0.0313989
-197.468,87.3418,0.027388,0.0322316
-193.671,87.3418,0.0275868,0.0330833
-189.873,87.3418,0.0277886,0.0339546
-186.076,87.3418,0.0279931,0.0348458
-182.278,87.3418,0.0282001,0.0357575
-178.481,87.3418,0.0284096,0.0366901
-174.684,87.3418,0.0286212,0.0376441
-170.886,87.3418,0.028835,0.0386199
-167.089,87.3418,0.0290506,0.0396181
-163.291,87.3418,0.0292679,0.0406392
-159.494,87.3418,0.0294868,0.0416835
-155.696,87.3418,0.0297071,0.0427516
-151.899,87.3418,0.0299287,0.0438439
-148.101,87.3418,0.0301513,0.0449609
-144.304,87.3418,0.0303748,0.0461032
-140.506,87.3418,0.030599,0.0472711
-136.709,87.3418,0.0308238,0.0484651
-132.911,87.3418,0.031049,0.0496858
-129.114,87.3418,0.0312744,0.0509335
-125.316,87.3418,0.0314999,0.0522088
-121.519,87.3418,0.0317253,0.0535121
-117.722,87.3418,0.0319504,0.054844
-113.924,87.3418,0.0321751,0.0562048
-110.127,87.3418,0.0323991,0.0575951
-106.329,87.3418,0.0326224,0.0590154
-102.532,87.3418,0.0328448,0.060466
-98.7342,87.3418,0.0330661,0.0619475
-94.9367,87.3418,0.0332861,0.0634604
-91.1392,87.3418,0.0335047,0.0650051
-87.3418,87.3418,0.0337217,0.0665821
-83.5443,87.3418,0.0339369,0.0681919
-79.7468,87.3418,0.0341502,0.069835
-75.9494,87.3418,0.0343614,0.0715117
-72.1519,87.3418,0.0345703,0.0732227
-68.3544,87.3418,0.0347768,0.0749684
-64.557,87.3418,0.0349808,0.0767492
-60.7595,87.3418,0.0351819,0.0785656
-56.962,87.3418,0.0353801,0.0804181
-53.1646,87.3418,0.0355752,0.0823072
-49.3671,87.3418,0.0357671,0.0842334
-45.5696,87.3418,0.0359555,0.0861971
-41.7722,87.3418,0.0361404,0.0881988
-37.9747,87.3418,0.0363215,0.0902389
-34.1772,87.3418,0.0364986,0.092318
-30.3797,87.3418,0.0366717,0.0944365
-26.5823,87.3418,0.0368405,0.0965949
-22.7848,87.3418,0.0370049,0.0987937
-18.9873,87.3418,0.0371646,0.101033
-15.1899,87.3418,0.0373197,0.103314
-11.3924,87.3418,0.0374698,0.105637
-7.59494,87.3418,0.0376148,0.108002
-3.79747,87.3418,0.0377545,0.11041
0,87.3418,0.0378889,0.112861
-300,91.1392,0.0243578,0.0165703
-296.203,91.1392,0.0244213,0.0171016
-292.405,91.1392,0.0244921,0.0176389
-288.608,91.1392,0.0245699,0.0181829
-284.81,91.1392,0.0246546,0.0187339
-281.013,91.1392,0.0247461,0.0192925
-277.215,91.1392,0.0248441,0.019859
-273.418,91.1392,0.0249486,0.0204341
-269.62,91.1392,0.0250593,0.0210181
-265.823,91.1392,0.025176,0.0216115
-262.025,91.1392,0.0252987,0.0222149
-258.228,91.1392,0.0254271,0.0228286
-254.43,91.1392,0.025561,0.0234532
-250.633,91.1392,0.0257004,0.0240891
-246.835,91.1392,0.025845,0.0247368
-243.038,91.1392,0.0259947,0.0253968
-239.241,91.1392,0.0261492,0.0260696
-235.443,91.1392,0.0263085,0.0267555
-231.646,91.1392,0.0264724,0.0274552
-227.848,91.1392,0.0266407,0.0281691
-224.051,91.1392,0.0268133,0.0288976
-220.253,91.1392,0.0269899,0.0296412
-216.456,91.1392,0.0271704,0.0304004
-212.658,91.1392,0.0273547,0.0311757
-208.861,91.1392,0.0275425,0.0319676
-205.063,91.1392,0.0277337,0.0327765
-201.266,91.1392,0.0279282,0.0336028
-197.468,91.1392,0.0281258,0.0344472
-193.671,91.1392,0.0283263,0.03531
-189.873,91.1392,0.0285295,0.0361917
-186.076,91.1392,0.0287353,0.0370928
-182.278,91.1392,0.0289435,0.0380137
-178.481,91.1392,0.0291539,0.038955
-174.684,91.1392,0.0293664,0.0399171
-170.886,91.1392,0.0295809,0.0409006
-167.089,91.1392,0.0297971,0.0419057
-163.291,91.1392,0.0300148,0.0429332
-159.494,91.1392,0.030234,0.0439833
-155.696,91.1392,0.0304544,0.0450566
-151.899,91.1392,0.0306759,0.0461536
-148.101,91.1392,0.0308983,0.0472747
-144.304,91.1392,0.0311215,0.0484204
-140.506,91.1392,0.0313453,0.0495913
-136.709,91.1392,0.0315694,0.0507876
-132.911,91.1392,0.0317938,0.05201
-129.114,91.1392,0.0320183,0.053259
-125.316,91.1392,0.0322427,0.0545349
-121.519,91.1392,0.0324669,0.0558382
-117.722,91.1392,0.0326906,0.0571695
-113.924,91.1392,0.0329138,0.0585292
-110.127,91.1392,0.0331362,0.0599178
-106.329,91.1392,0.0333577,0.0613357
-102.532,91.1392,0.0335781,0.0627835
-98.7342,91.1392,0.0337973,0.0642615
-94.9367,91.1392,0.034015,0.0657704
-91.1392,91.1392,0.0342312,0.0673105
-87.3418,91.1392,0.0344456,0.0688823
-83.5443,91.1392,0.0346581,0.0704863
-79.7468,91.1392,0.0348686,0.072123
-75.9494,91.1392,0.0350768,0.0737928
-72.1519,91.1392,0.0352825,0.0754963
-68.3544,91.1392,0.0354857,0.0772338
-64.557,91.1392,0.0356862,0.079006
-60.7595,91.1392,0.0358837,0.0808131
-56.962,91.1392,0.0360782,0.0826558
-53.1646,91.1392,0.0362694,0.0845345
-49.3671,91.1392,0.0364572,0.0864497
-45.5696,91.1392,0.0366414,0.0884018
-41.7722,91.1392,0.0368219,0.0903913
-37.9747,91.1392,0.0369985,0.0924187
-34.1772,91.1392,0.037171,0.0944845
-30.3797,91.1392,0.0373393,0.0965891
-26.5823,91.1392,0.0375032,0.098733
-22.7848,91.1392,0.0376624,0.100917
-18.9873,91.1392,0.037817,0.103141
-15.1899,91.1392,0.0379666,0.105405
-11.3924,91.1392,0.0381112,0.107711
-7.59494,91.1392,0.0382505,0.110059
-3.79747,91.1392,0.0383844,0.112449
0,91.1392,0.0385128,0.114881
-300,94.9367,0.0249871,0.0182453
-296.203,94.9367,0.0250562,0.0188028
-292.405,94.9367,0.0251324,0.0193659
-288.608,94.9367,0.0252154,0.0199349
-284.81,94.9367,0.0253053,0.0205104
-281.013,94.9367,0.0254017,0.0210929
-277.215,94.9367,0.0255045,0.0216828
-273.418,94.9367,0.0256136,0.0222806
-269.62,94.9367,0.0257288,0.0228868
-265.823,94.9367,0.0258499,0.0235018
-262.025,94.9367,0.0259767,0.0241262
-258.228,94.9367,0.0261092,0.0247604
-254.43,94.9367,0.026247,0.0254048
-250.633,94.9367,0.0263902,0.02606
-246.835,94.9367,0.0265384,0.0267264
-243.038,94.9367,0.0266915,0.0274045
-239.241,94.9367,0.0268494,0.0280948
-235.443,94.9367,0.0270119,0.0287978
-231.646,94.9367,0.0271788,0.0295138
-227.848,94.9367,0.0273499,0.0302435
-224.051,94.9367,0.0275252,0.0309872
-220.253,94.9367,0.0277044,0.0317455
-216.456,94.9367,0.0278873,0.0325188
-212.658,94.9367,0.0280738,0.0333076
-208.861,94.9367,0.0282638,0.0341123
-205.063,94.9367,0.028457,0.0349335
-201.266,94.9367,0.0286533,0.0357717
-197.468,94.9367,0.0288525,0.0366272
-193.671,94.9367,0.0290545,0.0375005
-189.873,94.9367,0.0292591,0.0383922
-186.076,94.9367,0.0294661,0.0393028
-182.278,94.9367,0.0296754,0.0402326
-178.481,94.9367,0.0298868,0.0411822
-174.684,94.9367,0.0301001,0.042152
-170.886,94.9367,0.0303151,0.0431425
-167.089,94.9367,0.0305318,0.0441542
-163.291,94.9367,0.0307499,0.0451876
-159.494,94.9367,0.0309693,0.0462431
-155.696,94.9367,0.0311897,0.0473212
-151.899,94.9367,0.0314111,0.0484224
-148.101,94.9367,0.0316333,0.0495471
-144.304,94.9367,0.031856,0.0506959
-140.506,94.9367,0.0320792,0.0518692
-136.709,94.9367,0.0323027,0.0530675
-132.911,94.9367,0.0325262,0.0542912
-129.114,94.9367,0.0327497,0.0555408
-125.316,94.9367,0.0329729,0.0568169
-121.519,94.9367,0.0331958,0.0581198
-117.722,94.9367,0.0334181,0.0594501
-113.924,94.9367,0.0336396,0.0608082
-110.127,94.9367,0.0338603,0.0621946
-106.329,94.9367,0.0340799,0.0636098
-102.532,94.9367,0.0342983,0.0650542
-98.7342,94.9367,0.0345152,0.0665284
-94.9367,94.9367,0.0347306,0.0680327
-91.1392,94.9367,0.0349443,0.0695677
-87.3418,94.9367,0.0351561,0.0711339
-83.5443,94.9367,0.0353658,0.0727317
-79.7468,94.9367,0.0355733,0.0743616
-75.9494,94.9367,0.0357784,0.076024
-72.1519,94.9367,0.0359809,0.0777195
-68.3544,94.9367,0.0361807,0.0794485
-64.557,94.9367,0.0363777,0.0812116
-60.7595,94.9367,0.0365715,0.083009
-56.962,94.9367,0.0367621,0.0848414
-53.1646,94.9367,0.0369494,0.0867093
-49.3671,94.9367,0.0371331,0.088613
-45.5696,94.9367,0.037313,0.0905531
-41.7722,94.9367,0.0374891,0.09253
-37.9747,94.9367,0.0376611,0.0945442
-34.1772,94.9367,0.0378289,0.0965962
-30.3797,94.9367,0.0379922,0.0986865
-26.5823,94.9367,0.0381511,0.100816
-22.7848,94.9367,0.0383052,0.102984
-18.9873,94.9367,0.0384544,0.105192
-15.1899,94.9367,0.0385986,0.10744
-11.3924,94.9367,0.0387375,0.109728
-7.59494,94.9367,0.0388711,0.112058
-3.79747,94.9367,0.0389991,0.11443
0,94.9367,0.0391214,0.116843
-300,98.7342,0.0256079,0.0198977
-296.203,98.7342,0.0256824,0.020481
-292.405,98.7342,0.0257639,0.0210692
-288.608,98.7342,0.0258521,0.0216629
-284.81,98.7342,0.0259469,0.0222625
-281.013,98.7342,0.0260482,0.0228684
-277.215,98.7342,0.0261558,0.0234812
-273.418,98.7342,0.0262694,0.0241013
-269.62,98.7342,0.026389,0.0247293
-265.823,98.7342,0.0265144,0.0253655
-262.025,98.7342,0.0266454,0.0260104
-258.228,98.7342,0.0267818,0.0266646
-254.43,98.7342,0.0269235,0.0273284
-250.633,98.7342,0.0270703,0.0280025
-246.835,98.7342,0.027222,0.0286871
-243.038,98.7342,0.0273785,0.0293829
-239.241,98.7342,0.0275396,0.0300903
-235.443,98.7342,0.0277052,0.0308098
-231.646,98.7342,0.027875,0.0315418
-227.848,98.7342,0.0280489,0.0322868
-224.051,98.7342,0.0282268,0.0330453
-220.253,98.7342,0.0284085,0.0338178
-216.456,98.7342,0.0285938,0.0346047
-212.658,98.7342,0.0287825,0.0354065
-208.861,98.7342,0.0289745,0.0362237
-205.063,98.7342,0.0291696,0.0370568
-201.266,98.7342,0.0293676,0.0379062
-197.468,98.7342,0.0295684,0.0387725
-193.671,98.7342,0.0297719,0.039656
-189.873,98.7342,0.0299777,0.0405572
-186.076,98.7342,0.0301859,0.0414767
-182.278,98.7342,0.0303962,0.042415
-178.481,98.7342,0.0306084,0.0433724
-174.684,98.7342,0.0308224,0.0443494
-170.886,98.7342,0.031038,0.0453466
-167.089,98.7342,0.0312551,0.0463644
-163.291,98.7342,0.0314734,0.0474033
-159.494,98.7342,0.0316929,0.0484637
-155.696,98.7342,0.0319133,0.0495461
-151.899,98.7342,0.0321345,0.0506511
-148.101,98.7342,0.0323563,0.051779
-144.304,98.7342,0.0325785,0.0529304
-140.506,98.7342,0.0328011,0.0541057
-136.709,98.7342,0.0330237,0.0553054
-132.911,98.7342,0.0332464,0.05653
-129.114,98.7342,0.0334688,0.05778
-125.316,98.7342,0.0336908,0.0590557
-121.519,98.7342,0.0339122,0.0603578
-117.722,98.7342,0.034133,0.0616866
-113.924,98.7342,0.0343529,0.0630427
-110.127,98.7342,0.0345717,0.0644265
-106.329,98.7342,0.0347893,0.0658385
-102.532,98.7342,0.0350055,0.0672791
-98.7342,98.7342,0.0352202,0.0687489
-94.9367,98.7342,0.0354332,0.0702483
-91.1392,98.7342,0.0356443,0.0717779
-87.3418,98.7342,0.0358534,0.0733379
-83.5443,98.7342,0.0360602,0.074929
-79.7468,98.7342,0.0362647,0.0765517
-75.9494,98.7342,0.0364666,0.0782063
-72.1519,98.7342,0.0366658,0.0798934
-68.3544,98.7342,0.0368621,0.0816134
-64.557,98.7342,0.0370554,0.0833669
-60.7595,98.7342,0.0372455,0.0851542
-56.962,98.7342,0.0374322,0.0869759
-53.1646,98.7342,0.0376154,0.0888324
-49.3671,98.7342,0.0377949,0.0907242
-45.5696,98.7342,0.0379705,0.0926518
-41.7722,98.7342,0.038142,0.0946157
-37.9747,98.7342,0.0383093,0.0966163
-34.1772,98.7342,0.0384723,0.0986541
-30.3797,98.7342,0.0386307,0.10073
-26.5823,98.7342,0.0387845,0.102843
-22.7848,98.7342,0.0389333,0.104996
-18.9873,98.7342,0.0390771,0.107187
-15.1899,98.7342,0.0392158,0.109418
-11.3924,98.7342,0.039349,0.111689
-7.59494,98.7342,0.0394767,0.114
-3.79747,98.7342,0.0395987,0.116353
0,98.7342,0.0397148,0.118747
-300,102.532,0.0262202,0.0215283
-296.203,102.532,0.0263001,0.0221369
-292.405,102.532,0.0263868,0.0227499
-288.608,102.532,0.0264801,0.0233678
-284.81,102.532,0.0265799,0.023991
-281.013,102.532,0.026686,0.0246199
-277.215,102.532,0.0267982,0.0252552
-273.418,102.532,0.0269163,0.0258972
-269.62,102.532,0.0270402,0.0265464
-265.823,102.532,0.0271698,0.0272033
-262.025,102.532,0.0273048,0.0278684
-258.228,102.532,0.0274451,0.0285421
-254.43,102.532,0.0275905,0.0292249
-250.633,102.532,0.0277409,0.0299173
-246.835,102.532,0.0278961,0.0306198
-243.038,102.532,0.0280559,0.0313329
-239.241,102.532,0.0282201,0.0320569
-235.443,102.532,0.0283887,0.0327924
-231.646,102.532,0.0285614,0.0335399
-227.848,102.532,0.028738,0.0342999
-224.051,102.532,0.0289184,0.0350727
-220.253,102.532,0.0291025,0.0358589
-216.456,102.532,0.02929,0.036659
-212.658,102.532,0.0294808,0.0374734
-208.861,102.532,0.0296748,0.0383027
-205.063,102.532,0.0298717,0.0391472
-201.266,102.532,0.0300714,0.0400074
-197.468,102.532,0.0302737,0.0408839
-193.671,102.532,0.0304785,0.0417771
-189.873,102.532,0.0306856,0.0426875
-186.076,102.532,0.0308948,0.0436156
-182.278,102.532,0.031106,0.0445617
-178.481,102.532,0.031319,0.0455265
-174.684,102.532,0.0315336,0.0465104
-170.886,102.532,0.0317497,0.0475138
-167.089,102.532,0.0319671,0.0485372
-163.291,102.532,0.0321856,0.0495811
-159.494,102.532,0.0324051,0.050646
-155.696,102.532,0.0326253,0.0517324
-151.899,102.532,0.0328462,0.0528407
-148.101,102.532,0.0330676,0.0539713
-144.304,102.532,0.0332893,0.0551249
-140.506,102.532,0.0335111,0.0563018
-136.709,102.532,0.0337329,0.0575025
-132.911,102.532,0.0339545,0.0587275
-129.114,102.532,0.0341757,0.0599773
-125.316,102.532,0.0343964,0.0612523
-121.519,102.532,0.0346164,0.062553
-117.722,102.532,0.0348356,0.0638799
-113.924,102.532,0.0350537,0.0652335
-110.127,102.532,0.0352706,0.0666143
-106.329,102.532,0.0354861,0.0680226
-102.532,102.532,0.0357001,0.0694591
-98.7342,102.532,0.0359125,0.0709241
-94.9367,102.532,0.0361229,0.0724181
-91.1392,102.532,0.0363314,0.0739417
-87.3418,102.532,0.0365376,0.0754952
-83.5443,102.532,0.0367415,0.0770792
-79.7468,102.532,0.0369429,0.0786942
-75.9494,102.532,0.0371415,0.0803405
-72.1519,102.532,0.0373373,0.0820187
-68.3544,102.532,0.0375301,0.0837293
-64.557,102.532,0.0377197,0.0854727
-60.7595,102.532,0.037906,0.0872495
-56.962,102.532,0.0380887,0.08906
-53.1646,102.532,0.0382677,0.0909048
-49.3671,102.532,0.0384429,0.0927843
-45.5696,102.532,0.038614,0.094699
-41.7722,102.532,0.038781,0.0966493
-37.9747,102.532,0.0389436,0.0986359
-34.1772,102.532,0.0391016,0.100659
-30.3797,102.532,0.039255,0.102719
-26.5823,102.532,0.0394036,0.104817
-22.7848,102.532,0.0395471,0.106953
-18.9873,102.532,0.0396854,0.109127
-15.1899,102.532,0.0398184,0.111341
-11.3924,102.532,0.0399458,0.113594
-7.59494,102.532,0.0400676,0.115887
-3.79747,102.532,0.0401835,0.11822
0,102.532,0.0402934,0.120594
-300,106.329,0.0268244,0.023138
-296.203,106.329,0.0269096,0.0237715
-292.405,106.329,0.0270014,0.0244089
-288.608,106.329,0.0270997,0.0250505
-284.81,106.329,0.0272044,0.0256968
-281.013,106.329,0.0273151,0.0263483
-277.215,106.329,0.0274319,0.0270056
-273.418,106.329,0.0275544,0.027669
-269.62,106.329,0.0276826,0.0283391
-265.823,106.329,0.0278163,0.0290162
-262.025,106.329,0.0279552,0.029701
-258.228,106.329,0.0280993,0.0303938
-254.43,106.329,0.0282484,0.0310952
-250.633,106.329,0.0284023,0.0318055
-246.835,106.329,0.0285608,0.0325254
-243.038,106.329,0.0287239,0.0332552
-239.241,106.329,0.0288912,0.0339955
-235.443,106.329,0.0290626,0.0347466
-231.646,106.329,0.0292381,0.0355092
-227.848,106.329,0.0294173,0.0362835
-224.051,106.329,0.0296002,0.0370703
-220.253,106.329,0.0297866,0.0378698
-216.456,106.329,0.0299763,0.0386826
-212.658,106.329,0.0301691,0.0395092
-208.861,106.329,0.030365,0.04035
-205.063,106.329,0.0305636,0.0412055
-201.266,106.329,0.0307649,0.0420762
-197.468,106.329,0.0309686,0.0429625
-193.671,106.329,0.0311747,0.043865
-189.873,106.329,0.0313829,0.044784
-186.076,106.329,0.0315931,0.0457201
-182.278,106.329,0.0318051,0.0466738
-178.481,106.329,0.0320188,0.0476455
-174.684,106.329,0.0322339,0.0486357
-170.886,106.329,0.0324504,0.0496449
-167.089,106.329,0.032668,0.0506735
-163.291,106.329,0.0328866,0.0517221
-159.494,106.329,0.033106,0.052791
-155.696,106.329,0.0333261,0.0538808
-151.899,106.329,0.0335467,0.054992
-148.101,106.329,0.0337675,0.0561249
-144.304,106.329,0.0339886,0.0572802
-140.506,106.329,0.0342096,0.0584582
-136.709,106.329,0.0344304,0.0596595
-132.911,106.329,0.0346509,0.0608844
-129.114,106.329,0.0348708,0.0621336
-125.316,106.329,0.0350901,0.0634075
-121.519,106.329,0.0353086,0.0647064
-117.722,106.329,0.035526,0.066031
-113.924,106.329,0.0357423,0.0673817
-110.127,106.329,0.0359572,0.0687589
-106.329,106.329,0.0361706,0.0701632
-102.532,106.329,0.0363823,0.071595
-98.7342,106.329,0.0365922,0.0730547
-94.9367,106.329,0.0368001,0.0745429
-91.1392,106.329,0.0370058,0.0760601
-87.3418,106.329,0.0372091,0.0776067
-83.5443,106.329,0.03741,0.0791831
-79.7468,106.329,0.0376081,0.0807899
-75.9494,106.329,0.0378035,0.0824275
-72.1519,106.329,0.0379958,0.0840964
-68.3544,106.329,0.0381849,0.0857972
-64.557,106.329,0.0383708,0.0875301
-60.7595,106.329,0.0385531,0.0892958
-56.962,106.329,0.0387317,0.0910947
-53.1646,106.329,0.0389065,0.0929273
-49.3671,106.329,0.0390773,0.094794
-45.5696,106.329,0.0392439,0.0966953
-41.7722,106.329,0.0394062,0.0986318
-37.9747,106.329,0.0395639,0.100604
-34.1772,106.329,0.039717,0.102612
-30.3797,106.329,0.0398653,0.104656
-26.5823,106.329,0.0400086,0.106738
-22.7848,106.329,0.0401467,0.108857
-18.9873,106.329,0.0402794,0.111014
-15.1899,106.329,0.0404067,0.113209
-11.3924,106.329,0.0405283,0.115444
-7.59494,106.329,0.040644,0.117717
-3.79747,106.329,0.0407538,0.120031
0,106.329,0.0408574,0.122385
-300,110.127,0.0274206,0.0247277
-296.203,110.127,0.027511,0.0253857
-292.405,110.127,0.0276079,0.0260469
-288.608,110.127,0.0277112,0.0267118
-284.81,110.127,0.0278206,0.0273808
-281.013,110.127,0.0279359,0.0280545
-277.215,110.127,0.0280572,0.0287333
-273.418,110.127,0.028184,0.0294177
-269.62,110.127,0.0283164,0.0301082
-265.823,110.127,0.0284541,0.0308052
-262.025,110.127,0.0285969,0.0315092
-258.228,110.127,0.0287447,0.0322206
-254.43,110.127,0.0288974,0.0329401
-250.633,110.127,0.0290547,0.0336679
-246.835,110.127,0.0292165,0.0344047
-243.038,110.127,0.0293827,0.0351509
-239.241,110.127,0.029553,0.0359069
-235.443,110.127,0.0297273,0.0366732
-231.646,110.127,0.0299054,0.0374504
-227.848,110.127,0.0300872,0.0382388
-224.051,110.127,0.0302725,0.0390389
-220.253,110.127,0.0304611,0.0398513
-216.456,110.127,0.0306529,0.0406764
-212.658,110.127,0.0308476,0.0415147
-208.861,110.127,0.0310452,0.0423666
-205.063,110.127,0.0312455,0.0432327
-201.266,110.127,0.0314483,0.0441133
-197.468,110.127,0.0316534,0.045009
-193.671,110.127,0.0318606,0.0459203
-189.873,110.127,0.0320699,0.0468476
-186.076,110.127,0.032281,0.0477913
-182.278,110.127,0.0324938,0.0487521
-178.481,110.127,0.032708,0.0497303
-174.684,110.127,0.0329236,0.0507264
-170.886,110.127,0.0331404,0.0517409
-167.089,110.127,0.0333582,0.0527742
-163.291,110.127,0.0335768,0.053827
-159.494,110.127,0.033796,0.0548995
-155.696,110.127,0.0340158,0.0559923
-151.899,110.127,0.0342359,0.0571059
-148.101,110.127,0.0344562,0.0582407
-144.304,110.127,0.0346765,0.0593972
-140.506,110.127,0.0348966,0.0605759
-136.709,110.127,0.0351164,0.0617773
-132.911,110.127,0.0353357,0.0630018
-129.114,110.127,0.0355543,0.0642499
-125.316,110.127,0.0357721,0.0655221
-121.519,110.127,0.035989,0.0668189
-117.722,110.127,0.0362046,0.0681407
-113.924,110.127,0.0364189,0.069488
-110.127,110.127,0.0366318,0.0708613
-106.329,110.127,0.0368429,0.072261
-102.532,110.127,0.0370523,0.0736877
-98.7342,110.127,0.0372597,0.0751417
-94.9367,110.127,0.0374648,0.0766237
-91.1392,110.127,0.0376677,0.078134
-87.3418,110.127,0.0378681,0.0796731
-83.5443,110.127,0.0380658,0.0812416
-79.7468,110.127,0.0382607,0.0828398
-75.9494,110.127,0.0384526,0.0844682
-72.1519,110.127,0.0386414,0.0861274
-68.3544,110.127,0.0388268,0.0878178
-64.557,110.127,0.0390088,0.0895399
-60.7595,110.127,0.0391871,0.0912941
-56.962,110.127,0.0393615,0.0930809
-53.1646,110.127,0.039532,0.0949008
-49.3671,110.127,0.0396983,0.0967543
-45.5696,110.127,0.0398603,0.0986418
-41.7722,110.127,0.0400179,0.100564
-37.9747,110.127,0.0401707,0.102521
-34.1772,110.127,0.0403188,0.104513
-30.3797,110.127,0.0404618,0.106542
-26.5823,110.127,0.0405997,0.108607
-22.7848,110.127,0.0407323,0.110709
-18.9873,110.127,0.0408594,0.112848
-15.1899,110.127,0.0409809,0.115025
-11.3924,110.127,0.0410965,0.11724
-7.59494,110.127,0.0412062,0.119494
-3.79747,110.127,0.0413097,0.121787
0,110.127,0.0414069,0.12412
-300,113.924,0.0280091,0.0262983
-296.203,113.924,0.0281047,0.0269803
-292.405,113.924,0.0282066,0.0276649
-288.608,113.924,0.0283147,0.0283526
-284.81,113.924,0.0284287,0.029044
-281.013,113.924,0.0285487,0.0297394
-277.215,113.924,0.0286742,0.0304393
-273.418,113.924,0.0288053,0.0311442
-269.62,113.924,0.0289418,0.0318546
-265.823,113.924,0.0290834,0.032571
-262.025,113.924,0.02923,0.0332937
-258.228,113.924,0.0293815,0.0340234
-254.43,113.924,0.0295377,0.0347605
-250.633,113.924,0.0296983,0.0355054
-246.835,113.924,0.0298634,0.0362587
-243.038,113.924,0.0300325,0.0370207
-239.241,113.924,0.0302057,0.037792
-235.443,113.924,0.0303828,0.0385731
-231.646,113.924,0.0305635,0.0393644
-227.848,113.924,0.0307478,0.0401664
-224.051,113.924,0.0309353,0.0409796
-220.253,113.924,0.0311261,0.0418044
-216.456,113.924,0.0313199,0.0426413
-212.658,113.924,0.0315165,0.0434908
-208.861,113.924,0.0317158,0.0443534
-205.063,113.924,0.0319177,0.0452296
-201.266,113.924,0.0321218,0.0461197
-197.468,113.924,0.0323282,0.0470244
-193.671,113.924,0.0325366,0.047944
-189.873,113.924,0.0327468,0.0488791
-186.076,113.924,0.0329587,0.04983
-182.278,113.924,0.0331722,0.0507974
-178.481,113.924,0.0333869,0.0517816
-174.684,113.924,0.0336029,0.0527832
-170.886,113.924,0.0338199,0.0538026
-167.089,113.924,0.0340377,0.0548402
-163.291,113.924,0.0342563,0.0558967
-159.494,113.924,0.0344753,0.0569723
-155.696,113.924,0.0346947,0.0580677
-151.899,113.924,0.0349143,0.0591833
-148.101,113.924,0.0351339,0.0603195
-144.304,113.924,0.0353534,0.0614768
-140.506,113.924,0.0355725,0.0626558
-136.709,113.924,0.0357912,0.0638568
-132.911,113.924,0.0360092,0.0650804
-129.114,113.924,0.0362264,0.066327
-125.316,113.924,0.0364427,0.0675972
-121.519,113.924,0.0366578,0.0688913
-117.722,113.924,0.0368716,0.0702098
-113.924,113.924,0.0370839,0.0715533
-110.127,113.924,0.0372945,0.0729222
-106.329,113.924,0.0375034,0.074317
-102.532,113.924,0.0377103,0.0757381
-98.7342,113.924,0.037915,0.077186
-94.9367,113.924,0.0381175,0.0786613
-91.1392,113.924,0.0383175,0.0801643
-87.3418,113.924,0.0385148,0.0816955
-83.5443,113.924,0.0387093,0.0832555
-79.7468,113.924,0.0389009,0.0848447
-75.9494,113.924,0.0390893,0.0864635
-72.1519,113.924,0.0392744,0.0881125
-68.3544,113.924,0.039456,0.0897921
-64.557,113.924,0.039634,0.0915028
-60.7595,113.924,0.0398082,0.0932451
-56.962,113.924,0.0399784,0.0950194
-53.1646,113.924,0.0401445,0.0968263
-49.3671,113.924,0.0403063,0.0986661
-45.5696,113.924,0.0404636,0.100539
-41.7722,113.924,0.0406163,0.102447
-37.9747,113.924,0.0407641,0.104388
-34.1772,113.924,0.0409071,0.106365
-30.3797,113.924,0.0410448,0.108377
-26.5823,113.924,0.0411773,0.110424
-22.7848,113.924,0.0413043,0.112508
-18.9873,113.924,0.0414257,0.114629
-15.1899,113.924,0.0415413,0.116787
-11.3924,113.924,0.0416509,0.118983
-7.59494,113.924,0.0417543,0.121217
-3.79747,113.924,0.0418515,0.12349
0,113.924,0.0419422,0.125802
-300,117.722,0.0285902,0.0278506
-296.203,117.722,0.0286908,0.0285562
-292.405,117.722,0.0287976,0.0292638
-288.608,117.722,0.0289104,0.0299739
-284.81,117.722,0.0290291,0.0306871
-281.013,117.722,0.0291535,0.0314037
-277.215,117.722,0.0292834,0.0321243
-273.418,117.722,0.0294186,0.0328493
-269.62,117.722,0.0295591,0.0335792
-265.823,117.722,0.0297046,0.0343145
-262.025,117.722,0.0298549,0.0350556
-258.228,117.722,0.0300099,0.0358031
-254.43,117.722,0.0301695,0.0365574
-250.633,117.722,0.0303334,0.0373189
-246.835,117.722,0.0305016,0.0380882
-243.038,117.722,0.0306737,0.0388657
-239.241,117.722,0.0308497,0.0396518
-235.443,117.722,0.0310294,0.0404472
-231.646,117.722,0.0312127,0.0412522
-227.848,117.722,0.0313993,0.0420673
-224.051,117.722,0.0315891,0.0428931
-220.253,117.722,0.0317819,0.0437298
-216.456,117.722,0.0319777,0.0445782
-212.658,117.722,0.0321761,0.0454385
-208.861,117.722,0.032377,0.0463113
-205.063,117.722,0.0325803,0.0471971
-201.266,117.722,0.0327858,0.0480964
-197.468,117.722,0.0329934,0.0490095
-193.671,117.722,0.0332028,0.049937
-189.873,117.722,0.0334139,0.0508794
-186.076,117.722,0.0336265,0.0518371
-182.278,117.722,0.0338405,0.0528107
-178.481,117.722,0.0340558,0.0538005
-174.684,117.722,0.034272,0.0548071
-170.886,117.722,0.0344891,0.0558309
-167.089,117.722,0.034707,0.0568724
-163.291,117.722,0.0349253,0.0579321
-159.494,117.722,0.0351441,0.0590105
-155.696,117.722,0.035363,0.060108
-151.899,117.722,0.035582,0.0612251
-148.101,117.722,0.0358008,0.0623622
-144.304,117.722,0.0360194,0.06352
-140.506,117.722,0.0362375,0.0646987
-136.709,117.722,0.036455,0.065899
-132.911,117.722,0.0366716,0.0671212
-129.114,117.722,0.0368874,0.0683659
-125.316,117.722,0.0371019,0.0696335
-121.519,117.722,0.0373152,0.0709245
-117.722,117.722,0.0375271,0.0722394
-113.924,117.722,0.0377373,0.0735786
-110.127,117.722,0.0379457,0.0749426
-106.329,117.722,0.0381522,0.076332
-102.532,117.722,0.0383566,0.0777471
-98.7342,117.722,0.0385586,0.0791884
-94.9367,117.722,0.0387582,0.0806565
-91.1392,117.722,0.0389552,0.0821518
-87.3418,117.722,0.0391494,0.0836747
-83.5443,117.722,0.0393406,0.0852258
-79.7468,117.722,0.0395287,0.0868055
-75.9494,117.722,0.0397136,0.0884143
-72.1519,117.722,0.0398949,0.0900527
-68.3544,117.722,0.0400727,0.091721
-64.557,117.722,0.0402467,0.09342
-60.7595,117.722,0.0404167,0.0951499
-56.962,117.722,0.0405826,0.0969112
-53.1646,117.722,0.0407442,0.0987045
-49.3671,117.722,0.0409013,0.10053
-45.5696,117.722,0.0410539,0.102389
-41.7722,117.722,0.0412016,0.104281
-37.9747,117.722,0.0413444,0.106207
-34.1772,117.722,0.0414821,0.108167
-30.3797,117.722,0.0416145,0.110162
-26.5823,117.722,0.0417415,0.112192
-22.7848,117.722,0.0418628,0.114257
-18.9873,117.722,0.0419784,0.11636
-15.1899,117.722,0.042088,0.118498
-11.3924,117.722,0.0421915,0.120674
-7.59494,117.722,0.0422887,0.122888
-3.79747,117.722,0.0423795,0.125139
0,117.722,0.0424636,0.12743
-300,121.519,0.029164,0.0293856
-296.203,121.519,0.0292696,0.0301143
-292.405,121.519,0.0293812,0.0308444
-288.608,121.519,0.0294987,0.0315765
-284.81,121.519,0.0296219,0.0323111
-281.013,121.519,0.0297506,0.0330485
-277.215,121.519,0.0298848,0.0337893
-273.418,121.519,0.0300241,0.034534
-269.62,121.519,0.0301685,0.0352829
-265.823,121.519,0.0303177,0.0360367
-262.025,121.519,0.0304717,0.0367957
-258.228,121.519,0.0306302,0.0375605
-254.43,121.519,0.0307931,0.0383315
-250.633,121.519,0.0309602,0.0391092
-246.835,121.519,0.0311314,0.0398941
-243.038,121.519,0.0313064,0.0406866
-239.241,121.519,0.0314852,0.0414872
-235.443,121.519,0.0316675,0.0422964
-231.646,121.519,0.0318531,0.0431146
-227.848,121.519,0.032042,0.0439425
-224.051,121.519,0.032234,0.0447803
-220.253,121.519,0.0324288,0.0456286
-216.456,121.519,0.0326264,0.0464879
-212.658,121.519,0.0328265,0.0473586
-208.861,121.519,0.0330289,0.0482412
-205.063,121.519,0.0332336,0.0491362
-201.266,121.519,0.0334404,0.050044
-197.468,121.519,0.033649,0.0509652
-193.671,121.519,0.0338594,0.0519002
-189.873,121.519,0.0340713,0.0528495
-186.076,121.519,0.0342846,0.0538135
-182.278,121.519,0.0344991,0.0547928
-178.481,121.519,0.0347147,0.0557878
-174.684,121.519,0.0349311,0.0567989
-170.886,121.519,0.0351483,0.0578267
-167.089,121.519,0.0353661,0.0588716
-163.291,121.519,0.0355842,0.0599342
-159.494,121.519,0.0358025,0.0610148
-155.696,121.519,0.0360209,0.0621139
-151.899,121.519,0.0362392,0.0632321
-148.101,121.519,0.0364572,0.0643698
-144.304,121.519,0.0366748,0.0655275
-140.506,121.519,0.0368918,0.0667056
-136.709,121.519,0.037108,0.0679046
-132.911,121.519,0.0373232,0.069125
-129.114,121.519,0.0375373,0.0703673
-125.316,121.519,0.0377502,0.0716319
-121.519,121.519,0.0379616,0.0729194
-117.722,121.519,0.0381714,0.0742301
-113.924,121.519,0.0383795,0.0755647
-110.127,121.519,0.0385856,0.0769234
-106.329,121.519,0.0387896,0.0783069
-102.532,121.519,0.0389913,0.0797156
-98.7342,121.519,0.0391906,0.0811499
-94.9367,121.519,0.0393873,0.0826104
-91.1392,121.519,0.0395812,0.0840975
-87.3418,121.519,0.0397721,0.0856116
-83.5443,121.519,0.03996,0.0871534
-79.7468,121.519,0.0401446,0.0887231
-75.9494,121.519,0.0403258,0.0903214
-72.1519,121.519,0.0405033,0.0919487
-68.3544,121.519,0.0406771,0.0936054
-64.557,121.519,0.040847,0.0952921
-60.7595,121.519,0.0410127,0.0970092
-56.962,121.519,0.0411742,0.0987571
-53.1646,121.519,0.0413313,0.100536
-49.3671,121.519,0.0414837,0.102348
-45.5696,121.519,0.0416314,0.104191
-41.7722,121.519,0.0417742,0.106067
-37.9747,121.519,0.0419118,0.107977
-34.1772,121.519,0.0420442,0.10992
-30.3797,121.519,0.0421711,0.111897
-26.5823,121.519,0.0422925,0.113909
-22.7848,121.519,0.0424081,0.115957
-18.9873,121.519,0.0425177,0.11804
-15.1899,121.519,0.0426213,0.120159
-11.3924,121.519,0.0427186,0.122314
-7.59494,121.519,0.0428095,0.124507
-3.79747,121.519,0.0428937,0.126737
0,121.519,0.0429713,0.129005
-300,125.316,0.0297308,0.0309041
-296.203,125.316,0.0298413,0.0316555
-292.405,125.316,0.0299576,0.0324077
-288.608,125.316,0.0300797,0.0331613
-284.81,125.316,0.0302073,0.0339168
-281.013,125.316,0.0303404,0.0346746
-277.215,125.316,0.0304786,0.0354352
-273.418,125.316,0.0306219,0.036199
-269.62,125.316,0.0307702,0.0369666
-265.823,125.316,0.0309231,0.0377384
-262.025,125.316,0.0310806,0.0385149
-258.228,125.316,0.0312425,0.0392966
-254.43,125.316,0.0314087,0.0400839
-250.633,125.316,0.0315789,0.0408773
-246.835,125.316,0.031753,0.0416773
-243.038,125.316,0.0319308,0.0424843
-239.241,125.316,0.0321122,0.0432989
-235.443,125.316,0.0322971,0.0441215
-231.646,125.316,0.0324851,0.0449526
-227.848,125.316,0.0326762,0.0457926
-224.051,125.316,0.0328702,0.0466421
-220.253,125.316,0.0330669,0.0475015
-216.456,125.316,0.0332662,0.0483713
-212.658,125.316,0.033468,0.0492519
-208.861,125.316,0.0336719,0.0501439
-205.063,125.316,0.0338779,0.0510476
-201.266,125.316,0.0340858,0.0519637
-197.468,125.316,0.0342955,0.0528924
-193.671,125.316,0.0345067,0.0538345
-189.873,125.316,0.0347193,0.0547902
-186.076,125.316,0.0349332,0.0557601
-182.278,125.316,0.0351481,0.0567446
-178.481,125.316,0.035364,0.0577443
-174.684,125.316,0.0355806,0.0587596
-170.886,125.316,0.0357977,0.0597909
-167.089,125.316,0.0360153,0.0608388
-163.291,125.316,0.0362331,0.0619037
-159.494,125.316,0.0364509,0.0629861
-155.696,125.316,0.0366687,0.0640865
-151.899,125.316,0.0368862,0.0652053
-148.101,125.316,0.0371033,0.0663431
-144.304,125.316,0.0373198,0.0675002
-140.506,125.316,0.0375356,0.0686772
-136.709,125.316,0.0377504,0.0698746
-132.911,125.316,0.0379641,0.0710928
-129.114,125.316,0.0381766,0.0723322
-125.316,125.316,0.0383877,0.0735934
-121.519,125.316,0.0385971,0.0748769
-117.722,125.316,0.0388048,0.0761831
-113.924,125.316,0.0390106,0.0775124
-110.127,125.316,0.0392143,0.0788655
-106.329,125.316,0.0394157,0.0802426
-102.532,125.316,0.0396148,0.0816444
-98.7342,125.316,0.0398112,0.0830713
-94.9367,125.316,0.0400049,0.0845237
-91.1392,125.316,0.0401956,0.0860022
-87.3418,125.316,0.0403833,0.0875071
-83.5443,125.316,0.0405677,0.0890391
-79.7468,125.316,0.0407487,0.0905985
-75.9494,125.316,0.0409261,0.0921858
-72.1519,125.316,0.0410998,0.0938015
-68.3544,125.316,0.0412695,0.0954462
-64.557,125.316,0.0414352,0.0971201
-60.7595,125.316,0.0415966,0.0988239
-56.962,125.316,0.0417536,0.100558
-53.1646,125.316,0.041906,0.102323
-49.3671,125.316,0.0420537,0.104119
-45.5696,125.316,0.0421964,0.105947
-41.7722,125.316,0.0423341,0.107807
-37.9747,125.316,0.0424665,0.1097
-34.1772,125.316,0.0425935,0.111626
-30.3797,125.316,0.0427149,0.113585
-26.5823,125.316,0.0428306,0.115579
-22.7848,125.316,0.0429403,0.117607
-18.9873,125.316,0.043044,0.11967
-15.1899,125.316,0.0431415,0.121769
-11.3924,125.316,0.0432325,0.123904
-7.59494,125.316,0.0433169,0.126075
-3.79747,125.316,0.0433946,0.128283
0,125.316,0.0434654,0.130529
-300,129.114,0.0302908,0.0324071
-296.203,129.114,0.0304061,0.0331806
-292.405,129.114,0.0305271,0.0339546
-288.608,129.114,0.0306537,0.0347292
-284.81,129.114,0.0307857,0.0355052
-281.013,129.114,0.0309229,0.0362829
-277.215,129.114,0.0310652,0.0370628
-273.418,129.114,0.0312125,0.0378454
-269.62,129.114,0.0313644,0.0386312
-265.823,129.114,0.031521,0.0394205
-262.025,129.114,0.031682,0.040214
-258.228,129.114,0.0318472,0.0410121
-254.43,129.114,0.0320165,0.0418153
-250.633,129.114,0.0321897,0.042624
-246.835,129.114,0.0323667,0.0434386
-243.038,129.114,0.0325473,0.0442598
-239.241,129.114,0.0327312,0.0450879
-235.443,129.114,0.0329185,0.0459235
-231.646,129.114,0.0331088,0.046767
-227.848,129.114,0.033302,0.0476188
-224.051,129.114,0.033498,0.0484795
-220.253,129.114,0.0336966,0.0493495
-216.456,129.114,0.0338975,0.0502293
-212.658,129.114,0.0341008,0.0511194
-208.861,129.114,0.0343061,0.0520203
-205.063,129.114,0.0345134,0.0529323
-201.266,129.114,0.0347223,0.0538561
-197.468,129.114,0.0349329,0.0547921
-193.671,129.114,0.0351449,0.0557407
-189.873,129.114,0.0353582,0.0567024
-186.076,129.114,0.0355726,0.0576777
-182.278,129.114,0.0357878,0.0586671
-178.481,129.114,0.0360039,0.059671
-174.684,129.114,0.0362205,0.0606899
-170.886,129.114,0.0364375,0.0617244
-167.089,129.114,0.0366548,0.0627748
-163.291,129.114,0.0368722,0.0638416
-159.494,129.114,0.0370895,0.0649254
-155.696,129.114,0.0373066,0.0660266
-151.899,129.114,0.0375233,0.0671456
-148.101,129.114,0.0377394,0.068283
-144.304,129.114,0.0379547,0.0694392
-140.506,129.114,0.0381692,0.0706146
-136.709,129.114,0.0383825,0.0718098
-132.911,129.114,0.0385947,0.0730253
-129.114,129.114,0.0388054,0.0742615
-125.316,129.114,0.0390146,0.0755189
-121.519,129.114,0.039222,0.0767979
-117.722,129.114,0.0394275,0.078099
-113.924,129.114,0.0396309,0.0794228
-110.127,129.114,0.0398321,0.0807697
-106.329,129.114,0.0400309,0.0821401
-102.532,129.114,0.0402272,0.0835345
-98.7342,129.114,0.0404207,0.0849535
-94.9367,129.114,0.0406113,0.0863974
-91.1392,129.114,0.0407988,0.0878668
-87.3418,129.114,0.0409831,0.0893621
-83.5443,129.114,0.041164,0.0908838
-79.7468,129.114,0.0413413,0.0924324
-75.9494,129.114,0.0415149,0.0940083
-72.1519,129.114,0.0416845,0.0956121
-68.3544,129.114,0.0418502,0.0972441
-64.557,129.114,0.0420115,0.098905
-60.7595,129.114,0.0421685,0.100595
-56.962,129.114,0.0423209,0.102315
-53.1646,129.114,0.0424686,0.104065
-49.3671,129.114,0.0426114,0.105846
-45.5696,129.114,0.0427491,0.107657
-41.7722,129.114,0.0428816,0.109501
-37.9747,129.114,0.0430087,0.111376
-34.1772,129.114,0.0431303,0.113285
-30.3797,129.114,0.0432461,0.115226
-26.5823,129.114,0.043356,0.1172
-22.7848,129.114,0.0434598,0.119209
-18.9873,129.114,0.0435575,0.121252
-15.1899,129.114,0.0436487,0.12333
-11.3924,129.114,0.0437333,0.125444
-7.59494,129.114,0.0438113,0.127593
-3.79747,129.114,0.0438823,0.129779
0,129.114,0.0439463,0.132001
-300,132.911,0.0308443,0.0338953
-296.203,132.911,0.0309643,0.0346907
-292.405,132.911,0.0310898,0.0354858
-288.608,132.911,0.0312208,0.0362811
-284.81,132.911,0.0313571,0.0370771
-281.013,132.911,0.0314985,0.0378743
-277.215,132.911,0.0316448,0.0386731
-273.418,132.911,0.0317958,0.039474
-269.62,132.911,0.0319515,0.0402774
-265.823,132.911,0.0321116,0.041084
-262.025,132.911,0.0322759,0.041894
-258.228,132.911,0.0324444,0.0427081
-254.43,132.911,0.0326168,0.0435267
-250.633,132.911,0.032793,0.0443502
-246.835,132.911,0.0329727,0.0451791
-243.038,132.911,0.0331559,0.0460139
-239.241,132.911,0.0333424,0.0468551
-235.443,132.911,0.0335319,0.0477032
-231.646,132.911,0.0337244,0.0485586
-227.848,132.911,0.0339197,0.0494218
-224.051,132.911,0.0341176,0.0502932
-220.253,132.911,0.0343179,0.0511734
-216.456,132.911,0.0345205,0.0520629
-212.658,132.911,0.0347252,0.052962
-208.861,132.911,0.0349318,0.0538713
-205.063,132.911,0.0351402,0.0547912
-201.266,132.911,0.0353502,0.0557223
-197.468,132.911,0.0355616,0.056665
-193.671,132.911,0.0357743,0.0576197
-189.873,132.911,0.0359881,0.0585869
-186.076,132.911,0.0362029,0.0595672
-182.278,132.911,0.0364184,0.060561
-178.481,132.911,0.0366346,0.0615687
-174.684,132.911,0.0368511,0.0625909
-170.886,132.911,0.037068,0.063628
-167.089,132.911,0.037285,0.0646805
-163.291,132.911,0.0375019,0.0657488
-159.494,132.911,0.0377185,0.0668335
-155.696,132.911,0.0379348,0.067935
-151.899,132.911,0.0381506,0.0690538
-148.101,132.911,0.0383656,0.0701903
-144.304,132.911,0.0385797,0.0713451
-140.506,132.911,0.0387928,0.0725186
-136.709,132.911,0.0390046,0.0737113
-132.911,132.911,0.0392151,0.0749236
-129.114,132.911,0.039424,0.076156
-125.316,132.911,0.0396311,0.0774091
-121.519,132.911,0.0398364,0.0786832
-117.722,132.911,0.0400397,0.0799789
-113.924,132.911,0.0402407,0.0812966
-110.127,132.911,0.0404393,0.0826369
-106.329,132.911,0.0406354,0.0840001
-102.532,132.911,0.0408288,0.0853867
-98.7342,132.911,0.0410192,0.0867973
-94.9367,132.911,0.0412067,0.0882323
-91.1392,132.911,0.0413909,0.0896922
-87.3418,132.911,0.0415717,0.0911774
-83.5443,132.911,0.041749,0.0926884
-79.7468,132.911,0.0419225,0.0942257
-75.9494,132.911,0.0420922,0.0957898
-72.1519,132.911,0.0422578,0.0973812
-68.3544,132.911,0.0424192,0.0990002
-64.557,132.911,0.0425762,0.100647
-60.7595,132.911,0.0427287,0.102323
-56.962,132.911,0.0428765,0.104028
-53.1646,132.911,0.0430194,0.105763
-49.3671,132.911,0.0431572,0.107528
-45.5696,132.911,0.0432898,0.109323
-41.7722,132.911,0.0434171,0.11115
-37.9747,132.911,0.0435388,0.113008
-34.1772,132.911,0.0436548,0.114898
-30.3797,132.911,0.0437649,0.11682
-26.5823,132.911,0.0438689,0.118775
-22.7848,132.911,0.0439668,0.120764
-18.9873,132.911,0.0440582,0.122786
-15.1899,132.911,0.0441432,0.124843
-11.3924,132.911,0.0442214,0.126935
-7.59494,132.911,0.0442927,0.129062
-3.79747,132.911,0.044357,0.131225
0,132.911,0.0444141,0.133424
-300,136.709,0.0313914,0.0353698
-296.203,136.709,0.031516,0.0361865
-292.405,136.709,0.0316461,0.0370023
-288.608,136.709,0.0317814,0.0378178
-284.81,136.709,0.0319219,0.0386334
-281.013,136.709,0.0320673,0.0394496
-277.215,136.709,0.0322175,0.0402668
-273.418,136.709,0.0323723,0.0410856
-269.62,136.709,0.0325316,0.0419064
-265.823,136.709,0.0326951,0.0427296
-262.025,136.709,0.0328628,0.0435558
-258.228,136.709,0.0330344,0.0443854
-254.43,136.709,0.0332098,0.0452189
-250.633,136.709,0.0333888,0.0460568
-246.835,136.709,0.0335712,0.0468995
-243.038,136.709,0.033757,0.0477476
-239.241,136.709,0.0339459,0.0486014
-235.443,136.709,0.0341377,0.0494615
-231.646,136.709,0.0343323,0.0503284
-227.848,136.709,0.0345295,0.0512025
-224.051,136.709,0.0347292,0.0520843
-220.253,136.709,0.0349312,0.0529742
-216.456,136.709,0.0351353,0.0538728
-212.658,136.709,0.0353413,0.0547805
-208.861,136.709,0.0355492,0.0556978
-205.063,136.709,0.0357586,0.0566252
-201.266,136.709,0.0359695,0.0575631
-197.468,136.709,0.0361817,0.058512
-193.671,136.709,0.0363951,0.0594724
-189.873,136.709,0.0366094,0.0604448
-186.076,136.709,0.0368244,0.0614296
-182.278,136.709,0.0370401,0.0624273
-178.481,136.709,0.0372563,0.0634384
-174.684,136.709,0.0374728,0.0644634
-170.886,136.709,0.0376893,0.0655027
-167.089,136.709,0.0379059,0.0665568
-163.291,136.709,0.0381222,0.0676262
-159.494,136.709,0.0383382,0.0687113
-155.696,136.709,0.0385536,0.0698127
-151.899,136.709,0.0387683,0.0709308
-148.101,136.709,0.0389822,0.0720661
-144.304,136.709,0.039195,0.073219
-140.506,136.709,0.0394066,0.07439
-136.709,136.709,0.0396168,0.0755797
-132.911,136.709,0.0398255,0.0767884
-129.114,136.709,0.0400325,0.0780167
-125.316,136.709,0.0402376,0.079265
-121.519,136.709,0.0404407,0.0805338
-117.722,136.709,0.0406416,0.0818236
-113.924,136.709,0.0408401,0.0831348
-110.127,136.709,0.0410361,0.084468
-106.329,136.709,0.0412293,0.0858236
-102.532,136.709,0.0414197,0.087202
-98.7342,136.709,0.0416071,0.0886038
-94.9367,136.709,0.0417913,0.0900294
-91.1392,136.709,0.0419721,0.0914792
-87.3418,136.709,0.0421494,0.0929539
-83.5443,136.709,0.0423229,0.0944538
-79.7468,136.709,0.0424927,0.0959794
-75.9494,136.709,0.0426583,0.0975312
-72.1519,136.709,0.0428198,0.0991097
-68.3544,136.709,0.0429769,0.100715
-64.557,136.709,0.0431295,0.102349
-60.7595,136.709,0.0432774,0.10401
-56.962,136.709,0.0434204,0.1057
-53.1646,136.709,0.0435584,0.107419
-49.3671,136.709,0.0436912,0.109167
-45.5696,136.709,0.0438187,0.110946
-41.7722,136.709,0.0439406,0.112754
-37.9747,136.709,0.0440568,0.114594
-34.1772,136.709,0.0441672,0.116466
-30.3797,136.709,0.0442715,0.118369
-26.5823,136.709,0.0443696,0.120304
-22.7848,136.709,0.0444614,0.122272
-18.9873,136.709,0.0445466,0.124274
-15.1899,136.709,0.0446252,0.126309
-11.3924,136.709,0.0446969,0.128379
-7.59494,136.709,0.0447616,0.130483
-3.79747,136.709,0.044819,0.132623
0,136.709,0.0448692,0.134798
-300,140.506,0.0319324,0.0368313
-296.203,140.506,0.0320616,0.0376689
-292.405,140.506,0.0321961,0.0385051
-288.608,140.506,0.0323357,0.0393403
-284.81,140.506,0.0324802,0.0401751
-281.013,140.506,0.0326296,0.0410098
-277.215,140.506,0.0327836,0.041845
-273.418,140.506,0.0329421,0.0426812
-269.62,140.506,0.0331049,0.0435188
-265.823,140.506,0.0332718,0.0443583
-262.025,140.506,0.0334426,0.0452001
-258.228,140.506,0.0336173,0.0460448
-254.43,140.506,0.0337956,0.0468929
-250.633,140.506,0.0339774,0.0477447
-246.835,140.506,0.0341625,0.0486008
-243.038,140.506,0.0343507,0.0494616
-239.241,140.506,0.0345419,0.0503276
-235.443,140.506,0.0347359,0.0511994
-231.646,140.506,0.0349326,0.0520773
-227.848,140.506,0.0351317,0.0529618
-224.051,140.506,0.0353331,0.0538535
-220.253,140.506,0.0355366,0.0547527
-216.456,140.506,0.0357422,0.05566
-212.658,140.506,0.0359495,0.0565759
-208.861,140.506,0.0361585,0.0575007
-205.063,140.506,0.0363689,0.0584351
-201.266,140.506,0.0365807,0.0593794
-197.468,140.506,0.0367936,0.0603341
-193.671,140.506,0.0370074,0.0612998
-189.873,140.506,0.0372221,0.0622768
-186.076,140.506,0.0374374,0.0632657
-182.278,140.506,0.0376532,0.0642669
-178.481,140.506,0.0378693,0.0652809
-174.684,140.506,0.0380856,0.0663082
-170.886,140.506,0.0383018,0.0673493
-167.089,140.506,0.0385178,0.0684046
-163.291,140.506,0.0387335,0.0694746
-159.494,140.506,0.0389487,0.0705597
-155.696,140.506,0.0391631,0.0716606
-151.899,140.506,0.0393768,0.0727775
-148.101,140.506,0.0395894,0.0739111
-144.304,140.506,0.0398008,0.0750617
-140.506,140.506,0.0400108,0.0762299
-136.709,140.506,0.0402194,0.077416
-132.911,140.506,0.0404262,0.0786207
-129.114,140.506,0.0406312,0.0798444
-125.316,140.506,0.0408342,0.0810875
-121.519,140.506,0.041035,0.0823506
-117.722,140.506,0.0412334,0.083634
-113.924,140.506,0.0414294,0.0849383
-110.127,140.506,0.0416226,0.0862639
-106.329,140.506,0.041813,0.0876114
-102.532,140.506,0.0420004,0.0889811
-98.7342,140.506,0.0421846,0.0903737
-94.9367,140.506,0.0423654,0.0917894
-91.1392,140.506,0.0425427,0.0932289
-87.3418,140.506,0.0427164,0.0946926
-83.5443,140.506,0.0428862,0.0961809
-79.7468,140.506,0.043052,0.0976944
-75.9494,140.506,0.0432136,0.0992334
-72.1519,140.506,0.0433708,0.100799
-68.3544,140.506,0.0435236,0.10239
-64.557,140.506,0.0436716,0.104009
-60.7595,140.506,0.0438148,0.105655
-56.962,140.506,0.043953,0.10733
-53.1646,140.506,0.0440861,0.109032
-49.3671,140.506,0.0442138,0.110764
-45.5696,140.506,0.0443359,0.112525
-41.7722,140.506,0.0444524,0.114316
-37.9747,140.506,0.0445631,0.116137
-34.1772,140.506,0.0446677,0.117989
-30.3797,140.506,0.0447662,0.119873
-26.5823,140.506,0.0448583,0.121788
-22.7848,140.506,0.0449439,0.123736
-18.9873,140.506,0.0450229,0.125716
-15.1899,140.506,0.045095,0.127729
-11.3924,140.506,0.04516,0.129776
-7.59494,140.506,0.045218,0.131857
-3.79747,140.506,0.0452685,0.133973
0,140.506,0.0453116,0.136124
-300,144.304,0.0324676,0.0382808
-296.203,144.304,0.0326012,0.0391389
-292.405,144.304,0.03274,0.0399949
-288.608,144.304,0.0328838,0.0408494
-284.81,144.304,0.0330324,0.0417029
-281.013,144.304,0.0331857,0.0425557
-277.215,144.304,0.0333434,0.0434085
-273.418,144.304,0.0335054,0.0442616
-269.62,144.304,0.0336716,0.0451156
-265.823,144.304,0.0338418,0.0459709
-262.025,144.304,0.0340159,0.046828
-258.228,144.304,0.0341935,0.0476873
-254.43,144.304,0.0343747,0.0485494
-250.633,144.304,0.0345591,0.0494147
-246.835,144.304,0.0347468,0.0502837
-243.038,144.304,0.0349374,0.0511569
-239.241,144.304,0.0351308,0.0520347
-235.443,144.304,0.0353269,0.0529176
-231.646,144.304,0.0355255,0.0538061
-227.848,144.304,0.0357264,0.0547006
-224.051,144.304,0.0359295,0.0556017
-220.253,144.304,0.0361345,0.0565098
-216.456,144.304,0.0363414,0.0574254
-212.658,144.304,0.0365499,0.0583489
-208.861,144.304,0.0367599,0.0592809
-205.063,144.304,0.0369713,0.0602218
-201.266,144.304,0.0371838,0.061172
-197.468,144.304,0.0373973,0.0621322
-193.671,144.304,0.0376116,0.0631026
-189.873,144.304,0.0378266,0.0640838
-186.076,144.304,0.0380421,0.0650764
-182.278,144.304,0.0382579,0.0660806
-178.481,144.304,0.0384738,0.0670971
-174.684,144.304,0.0386898,0.0681263
-170.886,144.304,0.0389056,0.0691687
-167.089,144.304,0.039121,0.0702247
-163.291,144.304,0.039336,0.0712949
-159.494,144.304,0.0395503,0.0723796
-155.696,144.304,0.0397637,0.0734794
-151.899,144.304,0.0399761,0.0745948
-148.101,144.304,0.0401874,0.0757262
-144.304,144.304,0.0403973,0.0768741
-140.506,144.304,0.0406058,0.0780389
-136.709,144.304,0.0408125,0.0792212
-132.911,144.304,0.0410175,0.0804214
-129.114,144.304,0.0412204,0.08164
-125.316,144.304,0.0414211,0.0828775
-121.519,144.304,0.0416196,0.0841343
-117.722,144.304,0.0418155,0.0854109
-113.924,144.304,0.0420087,0.0867079
-110.127,144.304,0.0421992,0.0880255
-106.329,144.304,0.0423866,0.0893645
-102.532,144.304,0.0425708,0.0907251
-98.7342,144.304,0.0427518,0.0921079
-94.9367,144.304,0.0429292,0.0935134
-91.1392,144.304,0.043103,0.094942
-87.3418,144.304,0.0432729,0.0963942
-83.5443,144.304,0.0434388,0.0978705
-79.7468,144.304,0.0436006,0.0993714
-75.9494,144.304,0.0437581,0.100897
-72.1519,144.304,0.043911,0.102449
-68.3544,144.304,0.0440593,0.104026
-64.557,144.304,0.0442028,0.10563
-60.7595,144.304,0.0443412,0.107261
-56.962,144.304,0.0444745,0.108919
-53.1646,144.304,0.0446025,0.110605
-49.3671,144.304,0.044725,0.112319
-45.5696,144.304,0.0448418,0.114063
-41.7722,144.304,0.0449528,0.115835
-37.9747,144.304,0.0450578,0.117638
-34.1772,144.304,0.0451567,0.11947
-30.3797,144.304,0.0452492,0.121333
-26.5823,144.304,0.0453352,0.123228
-22.7848,144.304,0.0454146,0.125154
-18.9873,144.304,0.0454871,0.127112
-15.1899,144.304,0.0455527,0.129103
-11.3924,144.304,0.0456111,0.131127
-7.59494,144.304,0.0456622,0.133185
-3.79747,144.304,0.0457058,0.135277
0,144.304,0.0457417,0.137403
-300,148.101,0.0329971,0.0397192
-296.203,148.101,0.0331351,0.0405972
-292.405,148.101,0.0332782,0.0414727
-288.608,148.101,0.0334261,0.042346
-284.81,148.101,0.0335786,0.0432177
-281.013,148.101,0.0337356,0.0440883
-277.215,148.101,0.033897,0.0449582
-273.418,148.101,0.0340626,0.0458278
-269.62,148.101,0.0342321,0.0466977
-265.823,148.101,0.0344055,0.0475684
-262.025,148.101,0.0345826,0.0484403
-258.228,148.101,0.0347632,0.0493138
-254.43,148.101,0.0349471,0.0501895
-250.633,148.101,0.0351342,0.0510679
-246.835,148.101,0.0353242,0.0519493
-243.038,148.101,0.0355172,0.0528344
-239.241,148.101,0.0357128,0.0537235
-235.443,148.101,0.0359109,0.0546171
-231.646,148.101,0.0361113,0.0555157
-227.848,148.101,0.0363139,0.0564199
-224.051,148.101,0.0365185,0.0573299
-220.253,148.101,0.036725,0.0582464
-216.456,148.101,0.0369332,0.0591698
-212.658,148.101,0.0371428,0.0601006
-208.861,148.101,0.0373538,0.0610392
-205.063,148.101,0.037566,0.0619862
-201.266,148.101,0.0377791,0.062942
-197.468,148.101,0.0379932,0.063907
-193.671,148.101,0.0382079,0.0648818
-189.873,148.101,0.0384231,0.0658668
-186.076,148.101,0.0386386,0.0668625
-182.278,148.101,0.0388544,0.0678694
-178.481,148.101,0.0390701,0.0688879
-174.684,148.101,0.0392857,0.0699186
-170.886,148.101,0.039501,0.0709618
-167.089,148.101,0.0397158,0.0720181
-163.291,148.101,0.0399299,0.073088
-159.494,148.101,0.0401432,0.0741719
-155.696,148.101,0.0403555,0.0752702
-151.899,148.101,0.0405667,0.0763836
-148.101,148.101,0.0407765,0.0775123
-144.304,148.101,0.0409849,0.078657
-140.506,148.101,0.0411916,0.0798181
-136.709,148.101,0.0413965,0.0809961
-132.911,148.101,0.0415994,0.0821913
-129.114,148.101,0.0418002,0.0834044
-125.316,148.101,0.0419987,0.0846358
-121.519,148.101,0.0421946,0.085886
-117.722,148.101,0.042388,0.0871553
-113.924,148.101,0.0425785,0.0884444
-110.127,148.101,0.042766,0.0897537
-106.329,148.101,0.0429504,0.0910836
-102.532,148.101,0.0431314,0.0924347
-98.7342,148.101,0.043309,0.0938074
-94.9367,148.101,0.0434829,0.0952021
-91.1392,148.101,0.0436531,0.0966195
-87.3418,148.101,0.0438192,0.0980598
-83.5443,148.101,0.0439812,0.0995236
-79.7468,148.101,0.0441389,0.101011
-75.9494,148.101,0.0442921,0.102524
-72.1519,148.101,0.0444406,0.104061
-68.3544,148.101,0.0445844,0.105624
-64.557,148.101,0.0447232,0.107212
-60.7595,148.101,0.0448568,0.108827
-56.962,148.101,0.0449851,0.110469
-53.1646,148.101,0.045108,0.112138
-49.3671,148.101,0.0452252,0.113834
-45.5696,148.101,0.0453366,0.115559
-41.7722,148.101,0.045442,0.117313
-37.9747,148.101,0.0455413,0.119096
-34.1772,148.101,0.0456342,0.120908
-30.3797,148.101,0.0457207,0.122751
-26.5823,148.101,0.0458006,0.124624
-22.7848,148.101,0.0458736,0.126529
-18.9873,148.101,0.0459397,0.128465
-15.1899,148.101,0.0459986,0.130433
-11.3924,148.101,0.0460503,0.132433
-7.59494,148.101,0.0460944,0.134467
-3.79747,148.101,0.046131,0.136534
0,148.101,0.0461597,0.138635
-300,151.899,0.0335212,0.0411473
-296.203,151.899,0.0336635,0.0420449
-292.405,151.899,0.0338108,0.0429393
-288.608,151.899,0.0339626,0.043831
-284.81,151.899,0.0341191,0.0447206
-281.013,151.899,0.0342798,0.0456084
-277.215,151.899,0.0344448,0.0464949
-273.418,151.899,0.0346137,0.0473806
-269.62,151.899,0.0347866,0.048266
-265.823,151.899,0.0349631,0.0491516
-262.025,151.899,0.0351431,0.0500378
-258.228,151.899,0.0353265,0.0509251
-254.43,151.899,0.0355131,0.051814
-250.633,151.899,0.0357027,0.0527049
-246.835,151.899,0.0358951,0.0535984
-243.038,151.899,0.0360903,0.0544949
-239.241,151.899,0.036288,0.0553949
-235.443,151.899,0.036488,0.0562988
-231.646,151.899,0.0366902,0.0572071
-227.848,151.899,0.0368945,0.0581203
-224.051,151.899,0.0371006,0.0590389
-220.253,151.899,0.0373084,0.0599634
-216.456,151.899,0.0375177,0.0608942
-212.658,151.899,0.0377284,0.0618318
-208.861,151.899,0.0379403,0.0627766
-205.063,151.899,0.0381532,0.0637292
-201.266,151.899,0.038367,0.0646901
-197.468,151.899,0.0385814,0.0656596
-193.671,151.899,0.0387964,0.0666383
-189.873,151.899,0.0390118,0.0676266
-186.076,151.899,0.0392273,0.068625
-182.278,151.899,0.0394429,0.0696341
-178.481,151.899,0.0396583,0.0706542
-174.684,151.899,0.0398735,0.0716858
-170.886,151.899,0.0400881,0.0727295
-167.089,151.899,0.0403022,0.0737857
-163.291,151.899,0.0405154,0.0748548
-159.494,151.899,0.0407277,0.0759373
-155.696,151.899,0.0409388,0.0770338
-151.899,151.899,0.0411486,0.0781447
-148.101,151.899,0.041357,0.0792704
-144.304,151.899,0.0415637,0.0804115
-140.506,151.899,0.0417686,0.0815683
-136.709,151.899,0.0419716,0.0827415
-132.911,151.899,0.0421724,0.0839314
-129.114,151.899,0.042371,0.0851385
-125.316,151.899,0.042567,0.0863634
-121.519,151.899,0.0427604,0.0876064
-117.722,151.899,0.0429511,0.0888681
-113.924,151.899,0.0431388,0.0901489
-110.127,151.899,0.0433233,0.0914493
-106.329,151.899,0.0435045,0.0927698
-102.532,151.899,0.0436823,0.0941109
-98.7342,151.899,0.0438565,0.095473
-94.9367,151.899,0.0440268,0.0968566
-91.1392,151.899,0.0441932,0.0982621
-87.3418,151.899,0.0443555,0.0996901
-83.5443,151.899,0.0445135,0.101141
-79.7468,151.899,0.044667,0.102615
-75.9494,151.899,0.0448159,0.104114
-72.1519,151.899,0.0449599,0.105636
-68.3544,151.899,0.0450991,0.107184
-64.557,151.899,0.0452331,0.108756
-60.7595,151.899,0.0453618,0.110355
-56.962,151.899,0.0454851,0.111979
-53.1646,151.899,0.0456027,0.113631
-49.3671,151.899,0.0457145,0.115309
-45.5696,151.899,0.0458204,0.117016
-41.7722,151.899,0.0459202,0.11875
-37.9747,151.899,0.0460136,0.120513
-34.1772,151.899,0.0461006,0.122305
-30.3797,151.899,0.046181,0.124127
-26.5823,151.899,0.0462546,0.125979
-22.7848,151.899,0.0463213,0.127861
-18.9873,151.899,0.0463808,0.129774
-15.1899,151.899,0.046433,0.131719
-11.3924,151.899,0.0464778,0.133695
-7.59494,151.899,0.046515,0.135704
-3.79747,151.899,0.0465443,0.137746
0,151.899,0.0465657,0.139822
-300,155.696,0.0340401,0.042566
-296.203,155.696,0.0341867,0.0434827
-292.405,155.696,0.034338,0.0443957
-288.608,155.696,0.0344938,0.0453054
-284.81,155.696,0.034654,0.0462122
-281.013,155.696,0.0348184,0.0471168
-277.215,155.696,0.0349868,0.0480196
-273.418,155.696,0.0351591,0.0489209
-269.62,155.696,0.0353351,0.0498214
-265.823,155.696,0.0355147,0.0507214
-262.025,155.696,0.0356976,0.0516215
-258.228,155.696,0.0358838,0.0525221
-254.43,155.696,0.0360729,0.0534238
-250.633,155.696,0.036265,0.0543269
-246.835,155.696,0.0364597,0.0552319
-243.038,155.696,0.036657,0.0561394
-239.241,155.696,0.0368567,0.0570497
-235.443,155.696,0.0370586,0.0579635
-231.646,155.696,0.0372625,0.0588811
-227.848,155.696,0.0374683,0.059803
-224.051,155.696,0.0376758,0.0607297
-220.253,155.696,0.0378849,0.0616617
-216.456,155.696,0.0380953,0.0625994
-212.658,155.696,0.0383069,0.0635433
-208.861,155.696,0.0385196,0.0644939
-205.063,155.696,0.0387332,0.0654517
-201.266,155.696,0.0389474,0.0664172
-197.468,155.696,0.0391623,0.0673907
-193.671,155.696,0.0393775,0.0683729
-189.873,155.696,0.0395929,0.0693641
-186.076,155.696,0.0398083,0.0703648
-182.278,155.696,0.0400237,0.0713756
-178.481,155.696,0.0402387,0.0723968
-174.684,155.696,0.0404533,0.073429
-170.886,155.696,0.0406673,0.0744727
-167.089,155.696,0.0408805,0.0755282
-163.291,155.696,0.0410928,0.0765962
-159.494,155.696,0.0413039,0.077677
-155.696,155.696,0.0415138,0.0787711
-151.899,155.696,0.0417222,0.079879
-148.101,155.696,0.041929,0.0810013
-144.304,155.696,0.042134,0.0821382
-140.506,155.696,0.042337,0.0832904
-136.709,155.696,0.0425379,0.0844584
-132.911,155.696,0.0427366,0.0856425
-129.114,155.696,0.0429328,0.0868432
-125.316,155.696,0.0431264,0.0880611
-121.519,155.696,0.0433172,0.0892965
-117.722,155.696,0.0435051,0.0905501
-113.924,155.696,0.0436898,0.0918222
-110.127,155.696,0.0438713,0.0931133
-106.329,155.696,0.0440494,0.0944239
-102.532,155.696,0.0442238,0.0957545
-98.7342,155.696,0.0443944,0.0971056
-94.9367,155.696,0.0445611,0.0984776
-91.1392,155.696,0.0447237,0.0998709
-87.3418,155.696,0.044882,0.101286
-83.5443,155.696,0.0450359,0.102724
-79.7468,155.696,0.0451851,0.104184
-75.9494,155.696,0.0453296,0.105668
-72.1519,155.696,0.0454691,0.107175
-68.3544,155.696,0.0456036,0.108707
-64.557,155.696,0.0457327,0.110263
-60.7595,155.696,0.0458564,0.111845
-56.962,155.696,0.0459745,0.113452
-53.1646,155.696,0.0460869,0.115086
-49.3671,155.696,0.0461933,0.116746
-45.5696,155.696,0.0462936,0.118433
-41.7722,155.696,0.0463876,0.120148
-37.9747,155.696,0.0464751,0.12189
-34.1772,155.696,0.0465561,0.123662
-30.3797,155.696,0.0466303,0.125462
-26.5823,155.696,0.0466976,0.127291
-22.7848,155.696,0.0467577,0.129151
-18.9873,155.696,0.0468106,0.131041
-15.1899,155.696,0.0468561,0.132962
-11.3924,155.696,0.0468939,0.134914
-7.59494,155.696,0.046924,0.136898
-3.79747,155.696,0.0469461,0.138915
0,155.696,0.0469602,0.140964
-300,159.494,0.0345541,0.0439762
-296.203,159.494,0.0347048,0.0449116
-292.405,159.494,0.0348601,0.0458426
-288.608,159.494,0.0350198,0.0467698
-284.81,159.494,0.0351837,0.0476936
-281.013,159.494,0.0353516,0.0486146
-277.215,159.494,0.0355234,0.0495331
-273.418,159.494,0.035699,0.0504496
-269.62,159.494,0.0358781,0.0513647
-265.823,159.494,0.0360606,0.0522787
-262.025,159.494,0.0362464,0.0531923
-258.228,159.494,0.0364352,0.0541058
-254.43,159.494,0.0366268,0.0550197
-250.633,159.494,0.0368212,0.0559345
-246.835,159.494,0.0370182,0.0568506
-243.038,159.494,0.0372176,0.0577687
-239.241,159.494,0.0374191,0.058689
-235.443,159.494,0.0376228,0.0596121
-231.646,159.494,0.0378283,0.0605385
-227.848,159.494,0.0380356,0.0614687
-224.051,159.494,0.0382444,0.062403
-220.253,159.494,0.0384546,0.0633421
-216.456,159.494,0.0386661,0.0642863
-212.658,159.494,0.0388786,0.0652361
-208.861,159.494,0.039092,0.0661921
-205.063,159.494,0.0393062,0.0671546
-201.266,159.494,0.0395209,0.0681242
-197.468,159.494,0.039736,0.0691014
-193.671,159.494,0.0399513,0.0700865
-189.873,159.494,0.0401667,0.0710802
-186.076,159.494,0.040382,0.0720827
-182.278,159.494,0.040597,0.0730948
-178.481,159.494,0.0408116,0.0741167
-174.684,159.494,0.0410256,0.075149
-170.886,159.494,0.0412388,0.0761922
-167.089,159.494,0.0414511,0.0772467
-163.291,159.494,0.0416623,0.078313
-159.494,159.494,0.0418722,0.0793916
-155.696,159.494,0.0420807,0.080483
-151.899,159.494,0.0422876,0.0815875
-148.101,159.494,0.0424927,0.0827058
-144.304,159.494,0.0426959,0.0838383
-140.506,159.494,0.042897,0.0849854
-136.709,159.494,0.0430958,0.0861476
-132.911,159.494,0.0432922,0.0873254
-129.114,159.494,0.043486,0.0885193
-125.316,159.494,0.0436771,0.0897298
-121.519,159.494,0.0438652,0.0909572
-117.722,159.494,0.0440502,0.0922022
-113.924,159.494,0.044232,0.0934651
-110.127,159.494,0.0444103,0.0947465
-106.329,159.494,0.044585,0.0960468
-102.532,159.494,0.044756,0.0973665
-98.7342,159.494,0.0449231,0.0987061
-94.9367,159.494,0.045086,0.100066
-91.1392,159.494,0.0452447,0.101447
-87.3418,159.494,0.045399,0.102849
-83.5443,159.494,0.0455486,0.104273
-79.7468,159.494,0.0456936,0.105719
-75.9494,159.494,0.0458336,0.107187
-72.1519,159.494,0.0459685,0.108679
-68.3544,159.494,0.0460981,0.110195
-64.557,159.494,0.0462223,0.111734
-60.7595,159.494,0.046341,0.113299
-56.962,159.494,0.0464538,0.114888
-53.1646,159.494,0.0465608,0.116503
-49.3671,159.494,0.0466617,0.118144
-45.5696,159.494,0.0467563,0.119812
-41.7722,159.494,0.0468445,0.121506
-37.9747,159.494,0.0469261,0.123228
-34.1772,159.494,0.0470009,0.124978
-30.3797,159.494,0.0470688,0.126756
-26.5823,159.494,0.0471297,0.128564
-22.7848,159.494,0.0471833,0.1304
-18.9873,159.494,0.0472294,0.132267
-15.1899,159.494,0.047268,0.134163
-11.3924,159.494,0.0472988,0.136091
-7.59494,159.494,0.0473217,0.138049
-3.79747,159.494,0.0473366,0.14004
0,159.494,0.0473431,0.142062
-300,163.291,0.0350633,0.0453789
-296.203,163.291,0.0352181,0.0463324
-292.405,163.291,0.0353773,0.0472811
-288.608,163.291,0.0355408,0.0482254
-284.81,163.291,0.0357083,0.0491657
-281.013,163.291,0.0358797,0.0501025
-277.215,163.291,0.0360549,0.0510363
-273.418,163.291,0.0362336,0.0519676
-269.62,163.291,0.0364157,0.0528968
-265.823,163.291,0.0366011,0.0538244
-262.025,163.291,0.0367896,0.054751
-258.228,163.291,0.0369809,0.0556769
-254.43,163.291,0.037175,0.0566026
-250.633,163.291,0.0373717,0.0575287
-246.835,163.291,0.0375708,0.0584556
-243.038,163.291,0.0377722,0.0593837
-239.241,163.291,0.0379756,0.0603135
-235.443,163.291,0.0381809,0.0612456
-231.646,163.291,0.038388,0.0621803
-227.848,163.291,0.0385966,0.0631183
-224.051,163.291,0.0388067,0.0640598
-220.253,163.291,0.039018,0.0650055
-216.456,163.291,0.0392304,0.0659557
-212.658,163.291,0.0394437,0.066911
-208.861,163.291,0.0396577,0.0678719
-205.063,163.291,0.0398724,0.0688387
-201.266,163.291,0.0400874,0.0698121
-197.468,163.291,0.0403027,0.0707924
-193.671,163.291,0.0405181,0.0717801
-189.873,163.291,0.0407334,0.0727757
-186.076,163.291,0.0409484,0.0737797
-182.278,163.291,0.041163,0.0747926
-178.481,163.291,0.0413771,0.0758147
-174.684,163.291,0.0415904,0.0768467
-170.886,163.291,0.0418027,0.077889
-167.089,163.291,0.042014,0.078942
-163.291,163.291,0.0422241,0.0800062
-159.494,163.291,0.0424327,0.0810822
-155.696,163.291,0.0426397,0.0821703
-151.899,163.291,0.042845,0.083271
-148.101,163.291,0.0430484,0.0843849
-144.304,163.291,0.0432497,0.0855124
-140.506,163.291,0.0434488,0.086654
-136.709,163.291,0.0436454,0.0878101
-132.911,163.291,0.0438395,0.0889812
-129.114,163.291,0.0440308,0.0901678
-125.316,163.291,0.0442192,0.0913704
-121.519,163.291,0.0444046,0.0925894
-117.722,163.291,0.0445867,0.0938253
-113.924,163.291,0.0447653,0.0950786
-110.127,163.291,0.0449404,0.0963498
-106.329,163.291,0.0451118,0.0976394
-102.532,163.291,0.0452792,0.0989477
-98.7342,163.291,0.0454426,0.100275
-94.9367,163.291,0.0456018,0.101623
-91.1392,163.291,0.0457565,0.10299
-87.3418,163.291,0.0459066,0.104379
-83.5443,163.291,0.046052,0.105788
-79.7468,163.291,0.0461925,0.107219
-75.9494,163.291,0.046328,0.108673
-72.1519,163.291,0.0464581,0.110149
-68.3544,163.291,0.0465829,0.111648
-64.557,163.291,0.0467021,0.11317
-60.7595,163.291,0.0468156,0.114717
-56.962,163.291,0.0469232,0.116288
-53.1646,163.291,0.0470247,0.117884
-49.3671,163.291,0.0471199,0.119506
-45.5696,163.291,0.0472088,0.121153
-41.7722,163.291,0.047291,0.122827
-37.9747,163.291,0.0473666,0.124528
-34.1772,163.291,0.0474352,0.126256
-30.3797,163.291,0.0474968,0.128012
-26.5823,163.291,0.0475511,0.129796
-22.7848,163.291,0.0475981,0.131609
-18.9873,163.291,0.0476374,0.133451
-15.1899,163.291,0.0476691,0.135323
-11.3924,163.291,0.0476928,0.137226
-7.59494,163.291,0.0477085,0.139158
-3.79747,163.291,0.0477159,0.141122
0,163.291,0.0477149,0.143118
-300,167.089,0.0355681,0.0467748
-296.203,167.089,0.0357269,0.0477461
-292.405,167.089,0.0358899,0.048712
-288.608,167.089,0.036057,0.0496729
-284.81,167.089,0.0362281,0.0506292
-281.013,167.089,0.0364029,0.0515815
-277.215,167.089,0.0365813,0.0525301
-273.418,167.089,0.0367631,0.0534757
-269.62,167.089,0.0369482,0.0544186
-265.823,167.089,0.0371363,0.0553594
-262.025,167.089,0.0373274,0.0562985
-258.228,167.089,0.0375213,0.0572364
-254.43,167.089,0.0377178,0.0581735
-250.633,167.089,0.0379166,0.0591104
-246.835,167.089,0.0381178,0.0600475
-243.038,167.089,0.038321,0.0609853
-239.241,167.089,0.0385262,0.0619242
-235.443,167.089,0.0387331,0.0628648
-231.646,167.089,0.0389416,0.0638074
-227.848,167.089,0.0391516,0.0647527
-224.051,167.089,0.0393628,0.065701
-220.253,167.089,0.0395751,0.0666528
-216.456,167.089,0.0397884,0.0676087
-212.658,167.089,0.0400024,0.068569
-208.861,167.089,0.040217,0.0695343
-205.063,167.089,0.040432,0.070505
-201.266,167.089,0.0406473,0.0714816
-197.468,167.089,0.0408627,0.0724646
-193.671,167.089,0.0410781,0.0734544
-189.873,167.089,0.0412932,0.0744516
-186.076,167.089,0.0415079,0.0754566
-182.278,167.089,0.041722,0.0764698
-178.481,167.089,0.0419354,0.0774918
-174.684,167.089,0.042148,0.078523
-170.886,167.089,0.0423594,0.0795639
-167.089,167.089,0.0425696,0.080615
-163.291,167.089,0.0427784,0.0816767
-159.494,167.089,0.0429857,0.0827495
-155.696,167.089,0.0431912,0.083834
-151.899,167.089,0.0433948,0.0849305
-148.101,167.089,0.0435964,0.0860395
-144.304,167.089,0.0437957,0.0871616
-140.506,167.089,0.0439927,0.0882971
-136.709,167.089,0.044187,0.0894466
-132.911,167.089,0.0443787,0.0906106
-129.114,167.089,0.0445674,0.0917895
-125.316,167.089,0.0447531,0.0929837
-121.519,167.089,0.0449356,0.0941938
-117.722,167.089,0.0451147,0.0954203
-113.924,167.089,0.0452902,0.0966636
-110.127,167.089,0.045462,0.0979241
-106.329,167.089,0.0456299,0.0992025
-102.532,167.089,0.0457937,0.100499
-98.7342,167.089,0.0459533,0.101814
-94.9367,167.089,0.0461086,0.103149
-91.1392,167.089,0.0462592,0.104503
-87.3418,167.089,0.0464052,0.105877
-83.5443,167.089,0.0465462,0.107272
-79.7468,167.089,0.0466822,0.108688
-75.9494,167.089,0.046813,0.110125
-72.1519,167.089,0.0469384,0.111585
-68.3544,167.089,0.0470582,0.113067
-64.557,167.089,0.0471723,0.114572
-60.7595,167.089,0.0472806,0.1161
-56.962,167.089,0.0473827,0.117653
-53.1646,167.089,0.0474787,0.119229
-49.3671,167.089,0.0475683,0.120831
-45.5696,167.089,0.0476513,0.122458
-41.7722,167.089,0.0477276,0.124111
-37.9747,167.089,0.047797,0.12579
-34.1772,167.089,0.0478593,0.127496
-30.3797,167.089,0.0479144,0.129229
-26.5823,167.089,0.0479622,0.13099
-22.7848,167.089,0.0480024,0.132779
-18.9873,167.089,0.0480349,0.134597
-15.1899,167.089,0.0480595,0.136443
-11.3924,167.089,0.048076,0.13832
-7.59494,167.089,0.0480844,0.140226
-3.79747,167.089,0.0480843,0.142164
0,167.089,0.0480757,0.144132
-300,170.886,0.0360686,0.0481649
-296.203,170.886,0.0362313,0.0491535
-292.405,170.886,0.0363981,0.0501361
-288.608,170.886,0.0365688,0.0511132
-284.81,170.886,0.0367433,0.0520851
-281.013,170.886,0.0369214,0.0530524
-277.215,170.886,0.0371029,0.0540155
-273.418,170.886,0.0372878,0.0549749
-269.62,170.886,0.0374757,0.0559311
-265.823,170.886,0.0376666,0.0568846
-262.025,170.886,0.0378602,0.0578358
-258.228,170.886,0.0380565,0.0587852
-254.43,170.886,0.0382552,0.0597333
-250.633,170.886,0.0384562,0.0606805
-246.835,170.886,0.0386593,0.0616274
-243.038,170.886,0.0388644,0.0625744
-239.241,170.886,0.0390712,0.0635219
-235.443,170.886,0.0392797,0.0644705
-231.646,170.886,0.0394896,0.0654207
-227.848,170.886,0.0397007,0.0663728
-224.051,170.886,0.039913,0.0673274
-220.253,170.886,0.0401263,0.068285
-216.456,170.886,0.0403403,0.069246
-212.658,170.886,0.0405549,0.0702109
-208.861,170.886,0.04077,0.0711802
-205.063,170.886,0.0409854,0.0721543
-201.266,170.886,0.0412009,0.0731337
-197.468,170.886,0.0414163,0.074119
-193.671,170.886,0.0416315,0.0751105
-189.873,170.886,0.0418464,0.0761087
-186.076,170.886,0.0420607,0.0771142
-182.278,170.886,0.0422742,0.0781274
-178.481,170.886,0.0424869,0.0791487
-174.684,170.886,0.0426986,0.0801787
-170.886,170.886,0.042909,0.0812178
-167.089,170.886,0.0431181,0.0822665
-163.291,170.886,0.0433256,0.0833252
-159.494,170.886,0.0435314,0.0843945
-155.696,170.886,0.0437353,0.0854749
-151.899,170.886,0.0439371,0.0865667
-148.101,170.886,0.0441368,0.0876704
-144.304,170.886,0.0443341,0.0887866
-140.506,170.886,0.0445288,0.0899157
-136.709,170.886,0.0447209,0.0910582
-132.911,170.886,0.04491,0.0922146
-129.114,170.886,0.0450961,0.0933853
-125.316,170.886,0.045279,0.0945708
-121.519,170.886,0.0454585,0.0957715
-117.722,170.886,0.0456345,0.0969881
-113.924,170.886,0.0458068,0.0982209
-110.127,170.886,0.0459752,0.0994703
-106.329,170.886,0.0461395,0.100737
-102.532,170.886,0.0462997,0.102021
-98.7342,170.886,0.0464555,0.103324
-94.9367,170.886,0.0466067,0.104645
-91.1392,170.886,0.0467532,0.105985
-87.3418,170.886,0.0468949,0.107345
-83.5443,170.886,0.0470315,0.108724
-79.7468,170.886,0.0471629,0.110125
-75.9494,170.886,0.047289,0.111546
-72.1519,170.886,0.0474095,0.112988
-68.3544,170.886,0.0475243,0.114453
-64.557,170.886,0.0476332,0.11594
-60.7595,170.886,0.0477361,0.11745
-56.962,170.886,0.0478328,0.118983
-53.1646,170.886,0.0479231,0.12054
-49.3671,170.886,0.0480069,0.122121
-45.5696,170.886,0.048084,0.123727
-41.7722,170.886,0.0481542,0.125358
-37.9747,170.886,0.0482174,0.127015
-34.1772,170.886,0.0482734,0.128699
-30.3797,170.886,0.048322,0.130409
-26.5823,170.886,0.0483631,0.132146
-22.7848,170.886,0.0483965,0.13391
-18.9873,170.886,0.048422,0.135703
-15.1899,170.886,0.0484395,0.137524
-11.3924,170.886,0.0484488,0.139375
-7.59494,170.886,0.0484497,0.141254
-3.79747,170.886,0.0484421,0.143164
0,170.886,0.0484258,0.145104
-300,174.684,0.0365651,0.04955
-296.203,174.684,0.0367316,0.0505555
-292.405,174.684,0.036902,0.0515545
-288.608,174.684,0.0370762,0.0525472
-284.81,174.684,0.0372541,0.0535343
-281.013,174.684,0.0374354,0.0545161
-277.215,174.684,0.0376201,0.0554932
-273.418,174.684,0.0378078,0.056466
-269.62,174.684,0.0379985,0.057435
-265.823,174.684,0.0381921,0.0584007
-262.025,174.684,0.0383882,0.0593636
-258.228,174.684,0.0385868,0.0603241
-254.43,174.684,0.0387877,0.0612827
-250.633,174.684,0.0389907,0.0622398
-246.835,174.684,0.0391957,0.0631961
-243.038,174.684,0.0394025,0.0641518
-239.241,174.684,0.0396109,0.0651076
-235.443,174.684,0.0398208,0.0660638
-231.646,174.684,0.040032,0.0670209
-227.848,174.684,0.0402443,0.0679795
-224.051,174.684,0.0404576,0.06894
-220.253,174.684,0.0406717,0.0699029
-216.456,174.684,0.0408864,0.0708686
-212.658,174.684,0.0411016,0.0718376
-208.861,174.684,0.041317,0.0728104
-205.063,174.684,0.0415327,0.0737875
-201.266,174.684,0.0417482,0.0747693
-197.468,174.684,0.0419636,0.0757564
-193.671,174.684,0.0421786,0.0767491
-189.873,174.684,0.0423931,0.077748
-186.076,174.684,0.0426069,0.0787536
-182.278,174.684,0.0428198,0.0797662
-178.481,174.684,0.0430317,0.0807865
-174.684,174.684,0.0432424,0.0818148
-170.886,174.684,0.0434518,0.0828516
-167.089,174.684,0.0436596,0.0838975
-163.291,174.684,0.0438657,0.0849528
-159.494,174.684,0.04407,0.0860181
-155.696,174.684,0.0442722,0.0870939
-151.899,174.684,0.0444722,0.0881805
-148.101,174.684,0.0446699,0.0892786
-144.304,174.684,0.0448651,0.0903884
-140.506,174.684,0.0450575,0.0915107
-136.709,174.684,0.0452471,0.0926457
-132.911,174.684,0.0454337,0.093794
-129.114,174.684,0.045617,0.0949561
-125.316,174.684,0.0457971,0.0961324
-121.519,174.684,0.0459736,0.0973234
-117.722,174.684,0.0461464,0.0985295
-113.924,174.684,0.0463153,0.0997514
-110.127,174.684,0.0464802,0.100989
-106.329,174.684,0.046641,0.102244
-102.532,174.684,0.0467973,0.103515
-98.7342,174.684,0.0469492,0.104805
-94.9367,174.684,0.0470964,0.106112
-91.1392,174.684,0.0472387,0.107438
-87.3418,174.684,0.047376,0.108782
-83.5443,174.684,0.0475081,0.110146
-79.7468,174.684,0.0476348,0.11153
-75.9494,174.684,0.0477561,0.112935
-72.1519,174.684,0.0478716,0.11436
-68.3544,174.684,0.0479813,0.115807
-64.557,174.684,0.048085,0.117275
-60.7595,174.684,0.0481824,0.118766
-56.962,174.684,0.0482736,0.12028
-53.1646,174.684,0.0483582,0.121816
-49.3671,174.684,0.0484361,0.123377
-45.5696,174.684,0.0485072,0.124961
-41.7722,174.684,0.0485713,0.126571
-37.9747,174.684,0.0486282,0.128205
-34.1772,174.684,0.0486777,0.129865
-30.3797,174.684,0.0487197,0.131552
-26.5823,174.684,0.048754,0.133264
-22.7848,174.684,0.0487805,0.135004
-18.9873,174.684,0.048799,0.136771
-15.1899,174.684,0.0488093,0.138567
-11.3924,174.684,0.0488112,0.14039
-7.59494,174.684,0.0488047,0.142243
-3.79747,174.684,0.0487894,0.144125
0,174.684,0.0487653,0.146037
-300,178.481,0.0370577,0.0509311
-296.203,178.481,0.0372279,0.0519531
-292.405,178.481,0.037402,0.0529678
-288.608,178.481,0.0375797,0.0539758
-284.81,178.481,0.0377608,0.0549776
-281.013,178.481,0.0379453,0.0559735
-277.215,178.481,0.0381329,0.0569642
-273.418,178.481,0.0383235,0.0579499
-269.62,178.481,0.0385169,0.0589313
-265.823,178.481,0.038713,0.0599088
-262.025,178.481,0.0389115,0.0608829
-258.228,178.481,0.0391124,0.061854
-254.43,178.481,0.0393154,0.0628227
-250.633,178.481,0.0395203,0.0637893
-246.835,178.481,0.0397271,0.0647545
-243.038,178.481,0.0399356,0.0657185
-239.241,178.481,0.0401455,0.066682
-235.443,178.481,0.0403567,0.0676454
-231.646,178.481,0.0405691,0.0686091
-227.848,178.481,0.0407825,0.0695737
-224.051,178.481,0.0409967,0.0705396
-220.253,178.481,0.0412115,0.0715073
-216.456,178.481,0.0414268,0.0724773
-212.658,178.481,0.0416425,0.07345
-208.861,178.481,0.0418583,0.0744259
-205.063,178.481,0.0420741,0.0754055
-201.266,178.481,0.0422897,0.0763893
-197.468,178.481,0.0425049,0.0773777
-193.671,178.481,0.0427196,0.0783712
-189.873,178.481,0.0429337,0.0793703
-186.076,178.481,0.0431469,0.0803755
-182.278,178.481,0.0433591,0.0813872
-178.481,178.481,0.0435701,0.0824059
-174.684,178.481,0.0437798,0.0834321
-170.886,178.481,0.043988,0.0844662
-167.089,178.481,0.0441945,0.0855088
-163.291,178.481,0.0443991,0.0865603
-159.494,178.481,0.0446017,0.0876212
-155.696,178.481,0.0448022,0.0886919
-151.899,178.481,0.0450003,0.0897729
-148.101,178.481,0.0451959,0.0908648
-144.304,178.481,0.0453888,0.0919679
-140.506,178.481,0.0455789,0.0930828
-136.709,178.481,0.045766,0.0942099
-132.911,178.481,0.0459499,0.0953498
-129.114,178.481,0.0461305,0.0965027
-125.316,178.481,0.0463075,0.0976694
-121.519,178.481,0.0464809,0.0988502
-117.722,178.481,0.0466505,0.100046
-113.924,178.481,0.046816,0.101256
-110.127,178.481,0.0469774,0.102482
-106.329,178.481,0.0471344,0.103724
-102.532,178.481,0.0472869,0.104982
-98.7342,178.481,0.0474348,0.106258
-94.9367,178.481,0.0475778,0.107551
-91.1392,178.481,0.0477158,0.108862
-87.3418,178.481,0.0478486,0.110191
-83.5443,178.481,0.0479762,0.111539
-79.7468,178.481,0.0480982,0.112906
-75.9494,178.481,0.0482145,0.114294
-72.1519,178.481,0.048325,0.115701
-68.3544,178.481,0.0484295,0.117129
-64.557,178.481,0.0485278,0.118579
-60.7595,178.481,0.0486198,0.12005
-56.962,178.481,0.0487053,0.121544
-53.1646,178.481,0.0487841,0.12306
-49.3671,178.481,0.0488561,0.124599
-45.5696,178.481,0.0489211,0.126162
-41.7722,178.481,0.0489789,0.127749
-37.9747,178.481,0.0490294,0.12936
-34.1772,178.481,0.0490724,0.130997
-30.3797,178.481,0.0491078,0.132659
-26.5823,178.481,0.0491353,0.134347
-22.7848,178.481,0.0491548,0.136061
-18.9873,178.481,0.0491661,0.137803
-15.1899,178.481,0.0491691,0.139572
-11.3924,178.481,0.0491637,0.141368
-7.59494,178.481,0.0491495,0.143193
-3.79747,178.481,0.0491265,0.145047
0,178.481,0.0490946,0.14693
-300,182.278,0.0375468,0.052309
-296.203,182.278,0.0377207,0.0533469
-292.405,182.278,0.0378982,0.0543771
-288.608,182.278,0.0380793,0.0554
-284.81,182.278,0.0382636,0.056416
-281.013,182.278,0.0384512,0.0574256
-277.215,182.278,0.0386417,0.0584293
-273.418,182.278,0.0388351,0.0594276
-269.62,182.278,0.0390311,0.0604209
-265.823,182.278,0.0392296,0.0614098
-262.025,182.278,0.0394304,0.0623946
-258.228,182.278,0.0396335,0.0633759
-254.43,182.278,0.0398385,0.0643542
-250.633,182.278,0.0400453,0.0653299
-246.835,182.278,0.0402538,0.0663034
-243.038,182.278,0.0404638,0.0672754
-239.241,182.278,0.0406752,0.0682461
-235.443,182.278,0.0408877,0.0692162
-231.646,182.278,0.0411012,0.0701861
-227.848,182.278,0.0413156,0.0711563
-224.051,182.278,0.0415306,0.0721271
-220.253,182.278,0.0417461,0.0730992
-216.456,182.278,0.0419619,0.074073
-212.658,182.278,0.042178,0.0750489
-208.861,182.278,0.042394,0.0760275
-205.063,182.278,0.0426098,0.0770092
-201.266,182.278,0.0428254,0.0779945
-197.468,182.278,0.0430404,0.0789838
-193.671,182.278,0.0432548,0.0799776
-189.873,182.278,0.0434683,0.0809765
-186.076,182.278,0.0436809,0.0819808
-182.278,182.278,0.0438923,0.0829911
-178.481,182.278,0.0441023,0.0840079
-174.684,182.278,0.0443109,0.0850315
-170.886,182.278,0.0445178,0.0860625
-167.089,182.278,0.0447229,0.0871014
-163.291,182.278,0.044926,0.0881486
-159.494,182.278,0.0451269,0.0892045
-155.696,182.278,0.0453255,0.0902698
-151.899,182.278,0.0455216,0.0913448
-148.101,182.278,0.0457151,0.0924301
-144.304,182.278,0.0459057,0.093526
-140.506,182.278,0.0460933,0.0946331
-136.709,182.278,0.0462778,0.0957519
-132.911,182.278,0.046459,0.0968827
-129.114,182.278,0.0466367,0.0980262
-125.316,182.278,0.0468107,0.0991827
-121.519,182.278,0.0469809,0.100353
-117.722,182.278,0.0471471,0.101537
-113.924,182.278,0.0473091,0.102736
-110.127,182.278,0.0474668,0.103949
-106.329,182.278,0.0476201,0.105178
-102.532,182.278,0.0477687,0.106423
-98.7342,182.278,0.0479124,0.107684
-94.9367,182.278,0.0480512,0.108963
-91.1392,182.278,0.0481848,0.110258
-87.3418,182.278,0.0483132,0.111571
-83.5443,182.278,0.048436,0.112903
-79.7468,182.278,0.0485532,0.114253
-75.9494,182.278,0.0486645,0.115623
-72.1519,182.278,0.0487699,0.117012
-68.3544,182.278,0.0488691,0.118422
-64.557,182.278,0.048962,0.119852
-60.7595,182.278,0.0490484,0.121303
-56.962,182.278,0.0491282,0.122776
-53.1646,182.278,0.0492011,0.124271
-49.3671,182.278,0.0492671,0.125789
-45.5696,182.278,0.0493259,0.127329
-41.7722,182.278,0.0493775,0.128893
-37.9747,182.278,0.0494215,0.130481
-34.1772,182.278,0.0494579,0.132094
-30.3797,182.278,0.0494864,0.133731
-26.5823,182.278,0.049507,0.135394
-22.7848,182.278,0.0495195,0.137083
-18.9873,182.278,0.0495236,0.138798
-15.1899,182.278,0.0495193,0.14054
-11.3924,182.278,0.0495063,0.142309
-7.59494,182.278,0.0494845,0.144106
-3.79747,182.278,0.0494537,0.145931
0,182.278,0.0494138,0.147785
-300,186.076,0.0380325,0.0536846
-296.203,186.076,0.03821,0.0547381
-292.405,186.076,0.038391,0.0557832
-288.608,186.076,0.0385753,0.0568205
-284.81,186.076,0.0387628,0.0578503
-281.013,186.076,0.0389533,0.0588731
-277.215,186.076,0.0391466,0.0598895
-273.418,186.076,0.0393427,0.0608998
-269.62,186.076,0.0395412,0.0619046
-265.823,186.076,0.0397421,0.0629044
-262.025,186.076,0.0399452,0.0638996
-258.228,186.076,0.0401503,0.0648906
-254.43,186.076,0.0403573,0.065878
-250.633,186.076,0.0405659,0.0668623
-246.835,186.076,0.040776,0.0678439
-243.038,186.076,0.0409875,0.0688232
-239.241,186.076,0.0412002,0.0698009
-235.443,186.076,0.0414139,0.0707772
-231.646,186.076,0.0416285,0.0717528
-227.848,186.076,0.0418437,0.072728
-224.051,186.076,0.0420595,0.0737034
-220.253,186.076,0.0422756,0.0746795
-216.456,186.076,0.0424919,0.0756566
-212.658,186.076,0.0427082,0.0766354
-208.861,186.076,0.0429244,0.0776161
-205.063,186.076,0.0431402,0.0785995
-201.266,186.076,0.0433556,0.0795858
-197.468,186.076,0.0435704,0.0805756
-193.671,186.076,0.0437843,0.0815693
-189.873,186.076,0.0439972,0.0825675
-186.076,186.076,0.044209,0.0835706
-182.278,186.076,0.0444195,0.084579
-178.481,186.076,0.0446286,0.0855933
-174.684,186.076,0.0448359,0.0866139
-170.886,186.076,0.0450415,0.0876413
-167.089,186.076,0.0452451,0.088676
-163.291,186.076,0.0454465,0.0897185
-159.494,186.076,0.0456457,0.0907691
-155.696,186.076,0.0458424,0.0918285
-151.899,186.076,0.0460364,0.092897
-148.101,186.076,0.0462276,0.0939752
-144.304,186.076,0.0464159,0.0950635
-140.506,186.076,0.046601,0.0961624
-136.709,186.076,0.0467828,0.0972723
-132.911,186.076,0.0469611,0.0983938
-129.114,186.076,0.0471358,0.0995273
-125.316,186.076,0.0473067,0.100673
-121.519,186.076,0.0474736,0.101832
-117.722,186.076,0.0476364,0.103005
-113.924,186.076,0.0477949,0.104191
-110.127,186.076,0.0479489,0.105392
-106.329,186.076,0.0480982,0.106607
-102.532,186.076,0.0482428,0.107838
-98.7342,186.076,0.0483824,0.109085
-94.9367,186.076,0.0485169,0.110348
-91.1392,186.076,0.048646,0.111628
-87.3418,186.076,0.0487697,0.112925
-83.5443,186.076,0.0488878,0.114239
-79.7468,186.076,0.049,0.115572
-75.9494,186.076,0.0491063,0.116924
-72.1519,186.076,0.0492065,0.118294
-68.3544,186.076,0.0493004,0.119685
-64.557,186.076,0.0493878,0.121095
-60.7595,186.076,0.0494685,0.122526
-56.962,186.076,0.0495425,0.123978
-53.1646,186.076,0.0496095,0.125451
-49.3671,186.076,0.0496694,0.126947
-45.5696,186.076,0.0497219,0.128464
-41.7722,186.076,0.0497671,0.130005
-37.9747,186.076,0.0498045,0.131569
-34.1772,186.076,0.0498342,0.133158
-30.3797,186.076,0.0498559,0.13477
-26.5823,186.076,0.0498695,0.136407
-22.7848,186.076,0.0498748,0.13807
-18.9873,186.076,0.0498717,0.139758
-15.1899,186.076,0.0498599,0.141472
-11.3924,186.076,0.0498393,0.143214
-7.59494,186.076,0.0498098,0.144982
-3.79747,186.076,0.0497711,0.146778
0,186.076,0.0497231,0.148603
-300,189.873,0.0385152,0.0550588
-296.203,189.873,0.0386961,0.0561274
-292.405,189.873,0.0388804,0.0571871
-288.608,189.873,0.0390679,0.0582382
-284.81,189.873,0.0392585,0.0592814
-281.013,189.873,0.0394519,0.060317
-277.215,189.873,0.039648,0.0613456
-273.418,189.873,0.0398466,0.0623675
-269.62,189.873,0.0400476,0.0633834
-265.823,189.873,0.0402508,0.0643936
-262.025,189.873,0.040456,0.0653986
-258.228,189.873,0.0406631,0.066399
-254.43,189.873,0.0408719,0.0673952
-250.633,189.873,0.0410823,0.0683876
-246.835,189.873,0.041294,0.0693767
-243.038,189.873,0.0415069,0.070363
-239.241,189.873,0.0417208,0.0713471
-235.443,189.873,0.0419356,0.0723292
-231.646,189.873,0.0421511,0.07331
-227.848,189.873,0.0423672,0.07429
-224.051,189.873,0.0425836,0.0752694
-220.253,189.873,0.0428002,0.076249
-216.456,189.873,0.0430169,0.0772291
-212.658,189.873,0.0432334,0.0782101
-208.861,189.873,0.0434497,0.0791927
-205.063,189.873,0.0436655,0.0801772
-201.266,189.873,0.0438806,0.0811641
-197.468,189.873,0.044095,0.0821539
-193.671,189.873,0.0443084,0.0831471
-189.873,189.873,0.0445206,0.0841441
-186.076,189.873,0.0447316,0.0851455
-182.278,189.873,0.0449411,0.0861516
-178.481,189.873,0.045149,0.0871631
-174.684,189.873,0.0453551,0.0881802
-170.886,189.873,0.0455593,0.0892036
-167.089,189.873,0.0457613,0.0902337
-163.291,189.873,0.045961,0.091271
-159.494,189.873,0.0461583,0.0923158
-155.696,189.873,0.046353,0.0933688
-151.899,189.873,0.0465448,0.0944304
-148.101,189.873,0.0467337,0.0955011
-144.304,189.873,0.0469195,0.0965813
-140.506,189.873,0.047102,0.0976715
-136.709,189.873,0.0472811,0.0987722
-132.911,189.873,0.0474565,0.0998839
-129.114,189.873,0.0476281,0.101007
-125.316,189.873,0.0477958,0.102142
-121.519,189.873,0.0479594,0.103289
-117.722,189.873,0.0481186,0.10445
-113.924,189.873,0.0482735,0.105623
-110.127,189.873,0.0484237,0.106811
-106.329,189.873,0.0485691,0.108012
-102.532,189.873,0.0487095,0.109229
-98.7342,189.873,0.0488449,0.11046
-94.9367,189.873,0.048975,0.111708
-91.1392,189.873,0.0490996,0.112971
-87.3418,189.873,0.0492186,0.114251
-83.5443,189.873,0.0493318,0.115549
-79.7468,189.873,0.0494391,0.116864
-75.9494,189.873,0.0495402,0.118197
-72.1519,189.873,0.0496351,0.119548
-68.3544,189.873,0.0497235,0.120919
-64.557,189.873,0.0498053,0.122309
-60.7595,189.873,0.0498803,0.123719
-56.962,189.873,0.0499484,0.12515
-53.1646,189.873,0.0500094,0.126601
-49.3671,189.873,0.0500631,0.128074
-45.5696,189.873,0.0501093,0.129568
-41.7722,189.873,0.0501479,0.131085
-37.9747,189.873,0.0501788,0.132625
-34.1772,189.873,0.0502017,0.134188
-30.3797,189.873,0.0502165,0.135775
-26.5823,189.873,0.050223,0.137387
-22.7848,189.873,0.0502211,0.139022
-18.9873,189.873,0.0502106,0.140684
-15.1899,189.873,0.0501912,0.14237
-11.3924,189.873,0.050163,0.144083
-7.59494,189.873,0.0501256,0.145823
-3.79747,189.873,0.050079,0.147589
0,189.873,0.0500229,0.149383
-300,193.671,0.0389949,0.0564325
-296.203,193.671,0.0391793,0.0575157
-292.405,193.671,0.0393668,0.0585895
-288.608,193.671,0.0395574,0.0596541
-284.81,193.671,0.0397509,0.0607102
-281.013,193.671,0.0399472,0.0617581
-277.215,193.671,0.0401459,0.0627985
-273.418,193.671,0.0403471,0.0638316
-269.62,193.671,0.0405504,0.064858
-265.823,193.671,0.0407559,0.0658783
-262.025,193.671,0.0409632,0.0668928
-258.228,193.671,0.0411722,0.067902
-254.43,193.671,0.0413827,0.0689064
-250.633,193.671,0.0415947,0.0699065
-246.835,193.671,0.0418079,0.0709027
-243.038,193.671,0.0420221,0.0718956
-239.241,193.671,0.0422372,0.0728856
-235.443,193.671,0.0424531,0.0738732
-231.646,193.671,0.0426695,0.0748588
-227.848,193.671,0.0428862,0.0758429
-224.051,193.671,0.0431032,0.076826
-220.253,193.671,0.0433203,0.0778086
-216.456,193.671,0.0435372,0.0787912
-212.658,193.671,0.0437539,0.0797741
-208.861,193.671,0.0439701,0.080758
-205.063,193.671,0.0441857,0.0817432
-201.266,193.671,0.0444006,0.0827303
-197.468,193.671,0.0446145,0.0837197
-193.671,193.671,0.0448273,0.0847119
-189.873,193.671,0.0450388,0.0857073
-186.076,193.671,0.0452489,0.0867065
-182.278,193.671,0.0454573,0.08771
-178.481,193.671,0.045664,0.0887181
-174.684,193.671,0.0458688,0.0897313
-170.886,193.671,0.0460714,0.0907502
-167.089,193.671,0.0462718,0.0917753
-163.291,193.671,0.0464697,0.0928069
-159.494,193.671,0.046665,0.0938455
-155.696,193.671,0.0468576,0.0948917
-151.899,193.671,0.0470472,0.095946
-148.101,193.671,0.0472337,0.0970087
-144.304,193.671,0.0474169,0.0980803
-140.506,193.671,0.0475967,0.0991614
-136.709,193.671,0.0477729,0.100252
-132.911,193.671,0.0479454,0.101354
-129.114,193.671,0.0481139,0.102466
-125.316,193.671,0.0482783,0.10359
-121.519,193.671,0.0484384,0.104725
-117.722,193.671,0.0485941,0.105873
-113.924,193.671,0.0487452,0.107033
-110.127,193.671,0.0488915,0.108207
-106.329,193.671,0.0490329,0.109394
-102.532,193.671,0.0491691,0.110596
-98.7342,193.671,0.0493002,0.111812
-94.9367,193.671,0.0494257,0.113043
-91.1392,193.671,0.0495457,0.11429
-87.3418,193.671,0.04966,0.115553
-83.5443,193.671,0.0497682,0.116832
-79.7468,193.671,0.0498704,0.118129
-75.9494,193.671,0.0499664,0.119443
-72.1519,193.671,0.0500559,0.120775
-68.3544,193.671,0.0501388,0.122125
-64.557,193.671,0.0502149,0.123495
-60.7595,193.671,0.0502841,0.124884
-56.962,193.671,0.0503462,0.126292
-53.1646,193.671,0.0504011,0.127721
-49.3671,193.671,0.0504485,0.129171
-45.5696,193.671,0.0504883,0.130642
-41.7722,193.671,0.0505204,0.132135
-37.9747,193.671,0.0505445,0.13365
-34.1772,193.671,0.0505606,0.135188
-30.3797,193.671,0.0505683,0.136749
-26.5823,193.671,0.0505677,0.138333
-22.7848,193.671,0.0505585,0.139942
-18.9873,193.671,0.0505405,0.141576
-15.1899,193.671,0.0505136,0.143234
-11.3924,193.671,0.0504775,0.144918
-7.59494,193.671,0.0504323,0.146628
-3.79747,193.671,0.0503776,0.148365
0,193.671,0.0503133,0.150128
-300,197.468,0.039472,0.0578065
-296.203,197.468,0.0396597,0.058904
-292.405,197.468,0.0398504,0.0599914
-288.608,197.468,0.0400441,0.0610691
-284.81,197.468,0.0402404,0.0621376
-281.013,197.468,0.0404394,0.0631974
-277.215,197.468,0.0406407,0.064249
-273.418,197.468,0.0408443,0.0652929
-269.62,197.468,0.04105,0.0663295
-265.823,197.468,0.0412575,0.0673593
-262.025,197.468,0.0414668,0.0683828
-258.228,197.468,0.0416777,0.0694004
-254.43,197.468,0.0418899,0.0704127
-250.633,197.468,0.0421034,0.07142
-246.835,197.468,0.042318,0.0724229
-243.038,197.468,0.0425335,0.0734219
-239.241,197.468,0.0427497,0.0744174
-235.443,197.468,0.0429664,0.0754099
-231.646,197.468,0.0431836,0.0763998
-227.848,197.468,0.0434011,0.0773877
-224.051,197.468,0.0436186,0.078374
-220.253,197.468,0.043836,0.0793592
-216.456,197.468,0.0440531,0.0803438
-212.658,197.468,0.0442698,0.0813282
-208.861,197.468,0.044486,0.082313
-205.063,197.468,0.0447013,0.0832985
-201.266,197.468,0.0449158,0.0842853
-197.468,197.468,0.0451291,0.0852738
-193.671,197.468,0.0453412,0.0862646
-189.873,197.468,0.0455519,0.087258
-186.076,197.468,0.045761,0.0882546
-182.278,197.468,0.0459683,0.0892548
-178.481,197.468,0.0461737,0.0902592
-174.684,197.468,0.046377,0.0912681
-170.886,197.468,0.0465781,0.0922821
-167.089,197.468,0.0467767,0.0933016
-163.291,197.468,0.0469727,0.0943271
-159.494,197.468,0.047166,0.0953591
-155.696,197.468,0.0473564,0.0963981
-151.899,197.468,0.0475437,0.0974445
-148.101,197.468,0.0477277,0.0984988
-144.304,197.468,0.0479083,0.0995614
-140.506,197.468,0.0480854,0.100633
-136.709,197.468,0.0482586,0.101714
-132.911,197.468,0.048428,0.102805
-129.114,197.468,0.0485933,0.103905
-125.316,197.468,0.0487543,0.105017
-121.519,197.468,0.0489109,0.10614
-117.722,197.468,0.0490629,0.107275
-113.924,197.468,0.0492102,0.108421
-110.127,197.468,0.0493525,0.109581
-106.329,197.468,0.0494898,0.110753
-102.532,197.468,0.0496218,0.11194
-98.7342,197.468,0.0497484,0.11314
-94.9367,197.468,0.0498694,0.114355
-91.1392,197.468,0.0499847,0.115584
-87.3418,197.468,0.0500941,0.11683
-83.5443,197.468,0.0501974,0.118091
-79.7468,197.468,0.0502944,0.119369
-75.9494,197.468,0.050385,0.120663
-72.1519,197.468,0.0504691,0.121975
-68.3544,197.468,0.0505463,0.123305
-64.557,197.468,0.0506167,0.124653
-60.7595,197.468,0.05068,0.12602
-56.962,197.468,0.0507361,0.127407
-53.1646,197.468,0.0507847,0.128813
-49.3671,197.468,0.0508258,0.130239
-45.5696,197.468,0.0508592,0.131686
-41.7722,197.468,0.0508846,0.133154
-37.9747,197.468,0.0509019,0.134644
-34.1772,197.468,0.050911,0.136156
-30.3797,197.468,0.0509117,0.137691
-26.5823,197.468,0.0509038,0.139249
-22.7848,197.468,0.0508872,0.14083
-18.9873,197.468,0.0508617,0.142435
-15.1899,197.468,0.0508271,0.144065
-11.3924,197.468,0.0507832,0.14572
-7.59494,197.468,0.05073,0.1474
-3.79747,197.468,0.0506671,0.149106
0,197.468,0.0505946,0.150839
-300,201.266,0.0399466,0.0591818
-296.203,201.266,0.0401376,0.0602931
-292.405,201.266,0.0403314,0.0613936
-288.608,201.266,0.040528,0.0624839
-284.81,201.266,0.0407272,0.0635645
-281.013,201.266,0.0409288,0.0646357
-277.215,201.266,0.0411326,0.0656982
-273.418,201.266,0.0413385,0.0667524
-269.62,201.266,0.0415464,0.0677987
-265.823,201.266,0.041756,0.0688376
-262.025,201.266,0.0419672,0.0698696
-258.228,201.266,0.0421798,0.0708952
-254.43,201.266,0.0423937,0.0719148
-250.633,201.266,0.0426086,0.072929
-246.835,201.266,0.0428245,0.0739381
-243.038,201.266,0.0430411,0.0749427
-239.241,201.266,0.0432584,0.0759433
-235.443,201.266,0.043476,0.0769403
-231.646,201.266,0.0436939,0.0779341
-227.848,201.266,0.0439119,0.0789253
-224.051,201.266,0.0441298,0.0799144
-220.253,201.266,0.0443475,0.0809018
-216.456,201.266,0.0445647,0.0818879
-212.658,201.266,0.0447814,0.0828734
-208.861,201.266,0.0449974,0.0838585
-205.063,201.266,0.0452124,0.0848439
-201.266,201.266,0.0454264,0.08583
-197.468,201.266,0.0456391,0.0868172
-193.671,201.266,0.0458504,0.087806
-189.873,201.266,0.0460602,0.088797
-186.076,201.266,0.0462682,0.0897905
-182.278,201.266,0.0464743,0.0907871
-178.481,201.266,0.0466783,0.0917872
-174.684,201.266,0.0468801,0.0927914
-170.886,201.266,0.0470795,0.0938
-167.089,201.266,0.0472763,0.0948136
-163.291,201.266,0.0474704,0.0958326
-159.494,201.266,0.0476616,0.0968575
-155.696,201.266,0.0478497,0.0978887
-151.899,201.266,0.0480346,0.0989269
-148.101,201.266,0.048216,0.0999723
-144.304,201.266,0.0483939,0.101026
-140.506,201.266,0.0485681,0.102087
-136.709,201.266,0.0487384,0.103157
-132.911,201.266,0.0489046,0.104237
-129.114,201.266,0.0490665,0.105326
-125.316,201.266,0.0492241,0.106425
-121.519,201.266,0.0493771,0.107535
-117.722,201.266,0.0495254,0.108657
-113.924,201.266,0.0496687,0.109789
-110.127,201.266,0.049807,0.110934
-106.329,201.266,0.0499401,0.112091
-102.532,201.266,0.0500678,0.113262
-98.7342,201.266,0.0501899,0.114446
-94.9367,201.266,0.0503063,0.115643
-91.1392,201.266,0.0504168,0.116856
-87.3418,201.266,0.0505212,0.118083
-83.5443,201.266,0.0506194,0.119325
-79.7468,201.266,0.0507112,0.120584
-75.9494,201.266,0.0507964,0.121859
-72.1519,201.266,0.0508749,0.12315
-68.3544,201.266,0.0509465,0.124459
-64.557,201.266,0.0510111,0.125786
-60.7595,201.266,0.0510684,0.12713
-56.962,201.266,0.0511183,0.128494
-53.1646,201.266,0.0511607,0.129877
-49.3671,201.266,0.0511953,0.131279
-45.5696,201.266,0.0512221,0.132702
-41.7722,201.266,0.0512408,0.134145
-37.9747,201.266,0.0512512,0.135609
-34.1772,201.266,0.0512533,0.137095
-30.3797,201.266,0.0512468,0.138603
-26.5823,201.266,0.0512316,0.140133
-22.7848,201.266,0.0512075,0.141686
-18.9873,201.266,0.0511744,0.143263
-15.1899,201.266,0.051132,0.144864
-11.3924,201.266,0.0510802,0.146489
-7.59494,201.266,0.0510189,0.148139
-3.79747,201.266,0.0509479,0.149814
0,201.266,0.0508669,0.151515
-300,205.063,0.0404191,0.0605593
-296.203,205.063,0.0406132,0.0616838
-292.405,205.063,0.04081,0.0627971
-288.608,205.063,0.0410095,0.0638996
-284.81,205.063,0.0412114,0.0649917
-281.013,205.063,0.0414155,0.066074
-277.215,205.063,0.0416218,0.0671469
-273.418,205.063,0.04183,0.0682109
-269.62,205.063,0.04204,0.0692664
-265.823,205.063,0.0422516,0.070314
-262.025,205.063,0.0424646,0.0713541
-258.228,205.063,0.0426789,0.0723872
-254.43,205.063,0.0428942,0.0734138
-250.633,205.063,0.0431106,0.0744343
-246.835,205.063,0.0433277,0.0754492
-243.038,205.063,0.0435454,0.076459
-239.241,205.063,0.0437635,0.0774642
-235.443,205.063,0.043982,0.0784652
-231.646,205.063,0.0442005,0.0794625
-227.848,205.063,0.044419,0.0804566
-224.051,205.063,0.0446372,0.081448
-220.253,205.063,0.0448551,0.0824371
-216.456,205.063,0.0450724,0.0834244
-212.658,205.063,0.045289,0.0844104
-208.861,205.063,0.0455046,0.0853955
-205.063,205.063,0.0457193,0.0863803
-201.266,205.063,0.0459327,0.0873652
-197.468,205.063,0.0461447,0.0883506
-193.671,205.063,0.0463552,0.0893371
-189.873,205.063,0.0465639,0.0903252
-186.076,205.063,0.0467708,0.0913152
-182.278,205.063,0.0469756,0.0923077
-178.481,205.063,0.0471781,0.0933032
-174.684,205.063,0.0473783,0.0943021
-170.886,205.063,0.047576,0.0953049
-167.089,205.063,0.0477709,0.0963121
-163.291,205.063,0.0479629,0.0973241
-159.494,205.063,0.0481519,0.0983414
-155.696,205.063,0.0483377,0.0993646
-151.899,205.063,0.0485201,0.100394
-148.101,205.063,0.0486989,0.10143
-144.304,205.063,0.048874,0.102474
-140.506,205.063,0.0490452,0.103525
-136.709,205.063,0.0492124,0.104584
-132.911,205.063,0.0493754,0.105652
-129.114,205.063,0.0495339,0.106729
-125.316,205.063,0.049688,0.107815
-121.519,205.063,0.0498373,0.108912
-117.722,205.063,0.0499817,0.110019
-113.924,205.063,0.0501211,0.111137
-110.127,205.063,0.0502553,0.112267
-106.329,205.063,0.0503841,0.113409
-102.532,205.063,0.0505073,0.114563
-98.7342,205.063,0.0506248,0.11573
-94.9367,205.063,0.0507365,0.11691
-91.1392,205.063,0.0508421,0.118105
-87.3418,205.063,0.0509415,0.119313
-83.5443,205.063,0.0510345,0.120537
-79.7468,205.063,0.051121,0.121775
-75.9494,205.063,0.0512007,0.12303
-72.1519,205.063,0.0512736,0.1243
-68.3544,205.063,0.0513395,0.125588
-64.557,205.063,0.0513981,0.126892
-60.7595,205.063,0.0514493,0.128214
-56.962,205.063,0.0514931,0.129555
-53.1646,205.063,0.0515291,0.130914
-49.3671,205.063,0.0515572,0.132292
-45.5696,205.063,0.0515773,0.133689
-41.7722,205.063,0.0515892,0.135107
-37.9747,205.063,0.0515927,0.136545
-34.1772,205.063,0.0515876,0.138004
-30.3797,205.063,0.0515739,0.139485
-26.5823,205.063,0.0515513,0.140987
-22.7848,205.063,0.0515196,0.142512
-18.9873,205.063,0.0514788,0.14406
-15.1899,205.063,0.0514286,0.145631
-11.3924,205.063,0.0513688,0.147226
-7.59494,205.063,0.0512993,0.148845
-3.79747,205.063,0.05122,0.150489
0,205.063,0.0511306,0.152158
-300,208.861,0.0408896,0.0619398
-296.203,208.861,0.0410868,0.0630772
-292.405,208.861,0.0412865,0.0642027
-288.608,208.861,0.0414888,0.0653169
-284.81,208.861,0.0416933,0.0664202
-281.013,208.861,0.0418999,0.067513
-277.215,208.861,0.0421085,0.0685959
-273.418,208.861,0.0423189,0.0696692
-269.62,208.861,0.0425309,0.0707336
-265.823,208.861,0.0427444,0.0717894
-262.025,208.861,0.0429592,0.0728372
-258.228,208.861,0.043175,0.0738774
-254.43,208.861,0.0433919,0.0749104
-250.633,208.861,0.0436095,0.0759369
-246.835,208.861,0.0438277,0.0769571
-243.038,208.861,0.0440465,0.0779717
-239.241,208.861,0.0442655,0.078981
-235.443,208.861,0.0444846,0.0799856
-231.646,208.861,0.0447037,0.0809859
-227.848,208.861,0.0449225,0.0819825
-224.051,208.861,0.045141,0.0829757
-220.253,208.861,0.045359,0.0839661
-216.456,208.861,0.0455762,0.0849541
-212.658,208.861,0.0457926,0.0859402
-208.861,208.861,0.046008,0.0869248
-205.063,208.861,0.0462221,0.0879086
-201.266,208.861,0.0464349,0.0888918
-197.468,208.861,0.0466461,0.0898751
-193.671,208.861,0.0468556,0.0908588
-189.873,208.861,0.0470633,0.0918435
-186.076,208.861,0.0472689,0.0928296
-182.278,208.861,0.0474723,0.0938176
-178.481,208.861,0.0476734,0.094808
-174.684,208.861,0.0478719,0.0958012
-170.886,208.861,0.0480677,0.0967977
-167.089,208.861,0.0482606,0.097798
-163.291,208.861,0.0484505,0.0988026
-159.494,208.861,0.0486372,0.099812
-155.696,208.861,0.0488206,0.100827
-151.899,208.861,0.0490004,0.101847
-148.101,208.861,0.0491765,0.102873
-144.304,208.861,0.0493487,0.103906
-140.506,208.861,0.0495169,0.104946
-136.709,208.861,0.0496809,0.105994
-132.911,208.861,0.0498406,0.10705
-129.114,208.861,0.0499957,0.108114
-125.316,208.861,0.0501461,0.109188
-121.519,208.861,0.0502916,0.110271
-117.722,208.861,0.0504321,0.111363
-113.924,208.861,0.0505675,0.112467
-110.127,208.861,0.0506974,0.113581
-106.329,208.861,0.0508218,0.114706
-102.532,208.861,0.0509406,0.115844
-98.7342,208.861,0.0510535,0.116994
-94.9367,208.861,0.0511603,0.118156
-91.1392,208.861,0.0512609,0.119332
-87.3418,208.861,0.0513552,0.120521
-83.5443,208.861,0.051443,0.121725
-79.7468,208.861,0.0515241,0.122944
-75.9494,208.861,0.0515983,0.124177
-72.1519,208.861,0.0516655,0.125427
-68.3544,208.861,0.0517254,0.126692
-64.557,208.861,0.0517781,0.127974
-60.7595,208.861,0.0518232,0.129274
-56.962,208.861,0.0518606,0.13059
-53.1646,208.861,0.0518902,0.131925
-49.3671,208.861,0.0519117,0.133278
-45.5696,208.861,0.051925,0.13465
-41.7722,208.861,0.05193,0.136042
-37.9747,208.861,0.0519265,0.137454
-34.1772,208.861,0.0519143,0.138885
-30.3797,208.861,0.0518932,0.140338
-26.5823,208.861,0.0518631,0.141812
-22.7848,208.861,0.0518238,0.143308
-18.9873,208.861,0.0517752,0.144827
-15.1899,208.861,0.051717,0.146368
-11.3924,208.861,0.0516492,0.147932
-7.59494,208.861,0.0515714,0.14952
-3.79747,208.861,0.0514837,0.151132
0,208.861,0.0513858,0.152769
-300,212.658,0.0413583,0.0633242
-296.203,212.658,0.0415585,0.064474
-292.405,212.658,0.0417611,0.0656114
-288.608,212.658,0.0419661,0.0667368
-284.81,212.658,0.0421732,0.0678508
-281.013,212.658,0.0423822,0.0689537
-277.215,212.658,0.042593,0.0700461
-273.418,212.658,0.0428055,0.0711284
-269.62,212.658,0.0430195,0.0722012
-265.823,212.658,0.0432348,0.0732648
-262.025,212.658,0.0434512,0.0743197
-258.228,212.658,0.0436686,0.0753665
-254.43,212.658,0.0438868,0.0764056
-250.633,212.658,0.0441056,0.0774375
-246.835,212.658,0.0443249,0.0784627
-243.038,212.658,0.0445445,0.0794815
-239.241,212.658,0.0447643,0.0804946
-235.443,212.658,0.044984,0.0815023
-231.646,212.658,0.0452036,0.0825052
-227.848,212.658,0.0454228,0.0835038
-224.051,212.658,0.0456415,0.0844984
-220.253,212.658,0.0458594,0.0854896
-216.456,212.658,0.0460766,0.0864778
-212.658,212.658,0.0462927,0.0874636
-208.861,212.658,0.0465076,0.0884474
-205.063,212.658,0.0467212,0.0894296
-201.266,212.658,0.0469332,0.0904108
-197.468,212.658,0.0471436,0.0913914
-193.671,212.658,0.0473521,0.0923719
-189.873,212.658,0.0475585,0.0933528
-186.076,212.658,0.0477628,0.0943345
-182.278,212.658,0.0479648,0.0953175
-178.481,212.658,0.0481642,0.0963023
-174.684,212.658,0.048361,0.0972894
-170.886,212.658,0.0485549,0.0982793
-167.089,212.658,0.0487457,0.0992723
-163.291,212.658,0.0489334,0.100269
-159.494,212.658,0.0491178,0.10127
-155.696,212.658,0.0492986,0.102275
-151.899,212.658,0.0494757,0.103286
-148.101,212.658,0.049649,0.104302
-144.304,212.658,0.0498183,0.105325
-140.506,212.658,0.0499834,0.106353
-136.709,212.658,0.0501442,0.107389
-132.911,212.658,0.0503004,0.108433
-129.114,212.658,0.050452,0.109484
-125.316,212.658,0.0505987,0.110544
-121.519,212.658,0.0507404,0.111612
-117.722,212.658,0.0508769,0.11269
-113.924,212.658,0.0510081,0.113778
-110.127,212.658,0.0511337,0.114876
-106.329,212.658,0.0512537,0.115985
-102.532,212.658,0.0513679,0.117105
-98.7342,212.658,0.051476,0.118237
-94.9367,212.658,0.0515779,0.119382
-91.1392,212.658,0.0516735,0.120539
-87.3418,212.658,0.0517626,0.121709
-83.5443,212.658,0.0518451,0.122893
-79.7468,212.658,0.0519207,0.12409
-75.9494,212.658,0.0519892,0.125303
-72.1519,212.658,0.0520506,0.126531
-68.3544,212.658,0.0521047,0.127774
-64.557,212.658,0.0521512,0.129033
-60.7595,212.658,0.0521901,0.130308
-56.962,212.658,0.0522211,0.131601
-53.1646,212.658,0.0522442,0.132911
-49.3671,212.658,0.052259,0.134239
-45.5696,212.658,0.0522656,0.135585
-41.7722,212.658,0.0522636,0.136951
-37.9747,212.658,0.0522529,0.138335
-34.1772,212.658,0.0522334,0.139739
-30.3797,212.658,0.0522049,0.141164
-26.5823,212.658,0.0521672,0.14261
-22.7848,212.658,0.0521202,0.144076
-18.9873,212.658,0.0520637,0.145565
-15.1899,212.658,0.0519976,0.147075
-11.3924,212.658,0.0519215,0.148608
-7.59494,212.658,0.0518355,0.150165
-3.79747,212.658,0.0517393,0.151745
0,212.658,0.0516328,0.153349
-300,216.456,0.0418256,0.0647134
-296.203,216.456,0.0420287,0.0658752
-292.405,216.456,0.0422341,0.067024
-288.608,216.456,0.0424416,0.0681602
-284.81,216.456,0.0426512,0.0692844
-281.013,216.456,0.0428625,0.070397
-277.215,216.456,0.0430756,0.0714985
-273.418,216.456,0.0432901,0.0725893
-269.62,216.456,0.0435059,0.0736699
-265.823,216.456,0.0437229,0.0747409
-262.025,216.456,0.0439409,0.0758026
-258.228,216.456,0.0441597,0.0768556
-254.43,216.456,0.0443792,0.0779003
-250.633,216.456,0.0445991,0.0789372
-246.835,216.456,0.0448194,0.0799668
-243.038,216.456,0.0450399,0.0809895
-239.241,216.456,0.0452603,0.0820059
-235.443,216.456,0.0454806,0.0830163
-231.646,216.456,0.0457005,0.0840213
-227.848,216.456,0.04592,0.0850214
-224.051,216.456,0.0461387,0.086017
-220.253,216.456,0.0463567,0.0870086
-216.456,216.456,0.0465736,0.0879966
-212.658,216.456,0.0467893,0.0889816
-208.861,216.456,0.0470037,0.089964
-205.063,216.456,0.0472166,0.0909443
-201.266,216.456,0.0474279,0.091923
-197.468,216.456,0.0476373,0.0929005
-193.671,216.456,0.0478447,0.0938773
-189.873,216.456,0.0480499,0.0948539
-186.076,216.456,0.0482528,0.0958308
-182.278,216.456,0.0484532,0.0968084
-178.481,216.456,0.0486509,0.0977873
-174.684,216.456,0.0488458,0.0987678
-170.886,216.456,0.0490377,0.0997505
-167.089,216.456,0.0492265,0.100736
-163.291,216.456,0.0494119,0.101724
-159.494,216.456,0.0495938,0.102716
-155.696,216.456,0.049772,0.103712
-151.899,216.456,0.0499464,0.104713
-148.101,216.456,0.0501168,0.105718
-144.304,216.456,0.050283,0.10673
-140.506,216.456,0.050445,0.107747
-136.709,216.456,0.0506024,0.10877
-132.911,216.456,0.0507551,0.1098
-129.114,216.456,0.0509031,0.110838
-125.316,216.456,0.051046,0.111884
-121.519,216.456,0.0511838,0.112938
-117.722,216.456,0.0513162,0.114
-113.924,216.456,0.0514431,0.115072
-110.127,216.456,0.0515644,0.116154
-106.329,216.456,0.0516799,0.117246
-102.532,216.456,0.0517893,0.118349
-98.7342,216.456,0.0518927,0.119463
-94.9367,216.456,0.0519896,0.120588
-91.1392,216.456,0.0520801,0.121726
-87.3418,216.456,0.052164,0.122876
-83.5443,216.456,0.052241,0.124039
-79.7468,216.456,0.052311,0.125216
-75.9494,216.456,0.0523738,0.126407
-72.1519,216.456,0.0524294,0.127612
-68.3544,216.456,0.0524774,0.128833
-64.557,216.456,0.0525178,0.130068
-60.7595,216.456,0.0525504,0.13132
-56.962,216.456,0.0525749,0.132588
-53.1646,216.456,0.0525914,0.133873
-49.3671,216.456,0.0525995,0.135175
-45.5696,216.456,0.0525991,0.136495
-41.7722,216.456,0.05259,0.137834
-37.9747,216.456,0.0525722,0.139191
-34.1772,216.456,0.0525453,0.140567
-30.3797,216.456,0.0525093,0.141963
-26.5823,216.456,0.052464,0.143379
-22.7848,216.456,0.0524092,0.144816
-18.9873,216.456,0.0523447,0.146274
-15.1899,216.456,0.0522704,0.147754
-11.3924,216.456,0.0521862,0.149256
-7.59494,216.456,0.0520918,0.15078
-3.79747,216.456,0.051987,0.152327
0,216.456,0.0518718,0.153898
-300,220.253,0.0422916,0.0661082
-296.203,220.253,0.0424975,0.0672816
-292.405,220.253,0.0427055,0.0684413
-288.608,220.253,0.0429156,0.069588
-284.81,220.253,0.0431276,0.0707219
-281.013,220.253,0.0433412,0.0718437
-277.215,220.253,0.0435563,0.0729538
-273.418,220.253,0.0437727,0.0740527
-269.62,220.253,0.0439904,0.0751408
-265.823,220.253,0.044209,0.0762187
-262.025,220.253,0.0444285,0.0772867
-258.228,220.253,0.0446487,0.0783454
-254.43,220.253,0.0448693,0.0793953
-250.633,220.253,0.0450903,0.0804368
-246.835,220.253,0.0453115,0.0814703
-243.038,220.253,0.0455327,0.0824965
-239.241,220.253,0.0457538,0.0835157
-235.443,220.253,0.0459745,0.0845284
-231.646,220.253,0.0461947,0.0855351
-227.848,220.253,0.0464143,0.0865362
-224.051,220.253,0.0466331,0.0875323
-220.253,220.253,0.0468509,0.0885239
-216.456,220.253,0.0470675,0.0895113
-212.658,220.253,0.0472828,0.090495
-208.861,220.253,0.0474966,0.0914757
-205.063,220.253,0.0477088,0.0924536
-201.266,220.253,0.0479191,0.0934293
-197.468,220.253,0.0481275,0.0944033
-193.671,220.253,0.0483337,0.095376
-189.873,220.253,0.0485376,0.0963479
-186.076,220.253,0.048739,0.0973195
-182.278,220.253,0.0489378,0.0982912
-178.481,220.253,0.0491337,0.0992636
-174.684,220.253,0.0493267,0.100237
-170.886,220.253,0.0495165,0.101212
-167.089,220.253,0.049703,0.102189
-163.291,220.253,0.0498861,0.103169
-159.494,220.253,0.0500654,0.104152
-155.696,220.253,0.050241,0.105138
-151.899,220.253,0.0504126,0.106128
-148.101,220.253,0.05058,0.107122
-144.304,220.253,0.0507431,0.108122
-140.506,220.253,0.0509018,0.109127
-136.709,220.253,0.0510558,0.110137
-132.911,220.253,0.051205,0.111154
-129.114,220.253,0.0513492,0.112178
-125.316,220.253,0.0514882,0.113209
-121.519,220.253,0.051622,0.114248
-117.722,220.253,0.0517503,0.115295
-113.924,220.253,0.0518729,0.116351
-110.127,220.253,0.0519897,0.117415
-106.329,220.253,0.0521006,0.11849
-102.532,220.253,0.0522053,0.119575
-98.7342,220.253,0.0523037,0.12067
-94.9367,220.253,0.0523956,0.121776
-91.1392,220.253,0.0524809,0.122894
-87.3418,220.253,0.0525594,0.124024
-83.5443,220.253,0.0526309,0.125166
-79.7468,220.253,0.0526953,0.126322
-75.9494,220.253,0.0527523,0.12749
-72.1519,220.253,0.0528019,0.128673
-68.3544,220.253,0.0528438,0.12987
-64.557,220.253,0.052878,0.131082
-60.7595,220.253,0.0529042,0.132309
-56.962,220.253,0.0529222,0.133552
-53.1646,220.253,0.0529319,0.134812
-49.3671,220.253,0.0529332,0.136088
-45.5696,220.253,0.0529258,0.137381
-41.7722,220.253,0.0529096,0.138692
-37.9747,220.253,0.0528845,0.140021
-34.1772,220.253,0.0528502,0.141369
-30.3797,220.253,0.0528066,0.142736
-26.5823,220.253,0.0527535,0.144123
-22.7848,220.253,0.0526909,0.14553
-18.9873,220.253,0.0526184,0.146957
-15.1899,220.253,0.0525359,0.148405
-11.3924,220.253,0.0524433,0.149875
-7.59494,220.253,0.0523404,0.151367
-3.79747,220.253,0.0522271,0.152881
0,220.253,0.0521031,0.154418
-300,224.051,0.0427565,0.0675097
-296.203,224.051,0.0429651,0.0686941
-292.405,224.051,0.0431758,0.0698644
-288.608,224.051,0.0433884,0.0710209
-284.81,224.051,0.0436026,0.0721642
-281.013,224.051,0.0438184,0.0732948
-277.215,224.051,0.0440355,0.0744131
-273.418,224.051,0.0442538,0.0755196
-269.62,224.051,0.0444731,0.0766147
-265.823,224.051,0.0446933,0.077699
-262.025,224.051,0.0449142,0.0787729
-258.228,224.051,0.0451356,0.0798369
-254.43,224.051,0.0453574,0.0808915
-250.633,224.051,0.0455794,0.0819371
-246.835,224.051,0.0458014,0.0829742
-243.038,224.051,0.0460233,0.0840033
-239.241,224.051,0.0462449,0.0850249
-235.443,224.051,0.046466,0.0860394
-231.646,224.051,0.0466864,0.0870474
-227.848,224.051,0.0469061,0.0880492
-224.051,224.051,0.0471248,0.0890454
-220.253,224.051,0.0473423,0.0900364
-216.456,224.051,0.0475586,0.0910227
-212.658,224.051,0.0477733,0.0920048
-208.861,224.051,0.0479865,0.0929832
-205.063,224.051,0.0481978,0.0939583
-201.266,224.051,0.0484072,0.0949306
-197.468,224.051,0.0486145,0.0959005
-193.671,224.051,0.0488194,0.0968687
-189.873,224.051,0.0490219,0.0978354
-186.076,224.051,0.0492217,0.0988013
-182.278,224.051,0.0494188,0.0997668
-178.481,224.051,0.0496129,0.100732
-174.684,224.051,0.0498038,0.101698
-170.886,224.051,0.0499915,0.102665
-167.089,224.051,0.0501757,0.103634
-163.291,224.051,0.0503563,0.104604
-159.494,224.051,0.050533,0.105577
-155.696,224.051,0.0507058,0.106553
-151.899,224.051,0.0508745,0.107532
-148.101,224.051,0.0510389,0.108515
-144.304,224.051,0.0511988,0.109502
-140.506,224.051,0.0513541,0.110495
-136.709,224.051,0.0515046,0.111492
-132.911,224.051,0.0516502,0.112495
-129.114,224.051,0.0517906,0.113504
-125.316,224.051,0.0519257,0.11452
-121.519,224.051,0.0520553,0.115544
-117.722,224.051,0.0521794,0.116575
-113.924,224.051,0.0522976,0.117613
-110.127,224.051,0.0524099,0.118661
-106.329,224.051,0.0525161,0.119718
-102.532,224.051,0.0526159,0.120784
-98.7342,224.051,0.0527093,0.12186
-94.9367,224.051,0.0527961,0.122947
-91.1392,224.051,0.0528761,0.124044
-87.3418,224.051,0.0529492,0.125153
-83.5443,224.051,0.0530151,0.126274
-79.7468,224.051,0.0530737,0.127408
-75.9494,224.051,0.0531249,0.128554
-72.1519,224.051,0.0531685,0.129713
-68.3544,224.051,0.0532042,0.130887
-64.557,224.051,0.053232,0.132074
-60.7595,224.051,0.0532517,0.133277
-56.962,224.051,0.0532631,0.134494
-53.1646,224.051,0.0532661,0.135728
-49.3671,224.051,0.0532604,0.136977
-45.5696,224.051,0.053246,0.138243
-41.7722,224.051,0.0532226,0.139527
-37.9747,224.051,0.0531901,0.140828
-34.1772,224.051,0.0531483,0.142147
-30.3797,224.051,0.053097,0.143484
-26.5823,224.051,0.0530361,0.144841
-22.7848,224.051,0.0529655,0.146217
-18.9873,224.051,0.0528849,0.147613
-15.1899,224.051,0.0527942,0.149029
-11.3924,224.051,0.0526932,0.150467
-7.59494,224.051,0.0525817,0.151925
-3.79747,224.051,0.0524596,0.153406
0,224.051,0.0523268,0.154909
-300,227.848,0.0432206,0.0689186
-296.203,227.848,0.0434319,0.0701137
-292.405,227.848,0.0436451,0.071294
-288.608,227.848,0.04386,0.07246
-284.81,227.848,0.0440765,0.0736122
-281.013,227.848,0.0442943,0.0747511
-277.215,227.848,0.0445134,0.0758771
-273.418,227.848,0.0447334,0.0769908
-269.62,227.848,0.0449544,0.0780925
-265.823,227.848,0.0451761,0.0791828
-262.025,227.848,0.0453983,0.0802621
-258.228,227.848,0.0456209,0.081331
-254.43,227.848,0.0458437,0.0823898
-250.633,227.848,0.0460666,0.0834391
-246.835,227.848,0.0462893,0.0844793
-243.038,227.848,0.0465118,0.085511
-239.241,227.848,0.0467338,0.0865345
-235.443,227.848,0.0469552,0.0875504
-231.646,227.848,0.0471758,0.0885591
-227.848,227.848,0.0473954,0.0895611
-224.051,227.848,0.047614,0.0905569
-220.253,227.848,0.0478312,0.091547
-216.456,227.848,0.048047,0.0925318
-212.658,227.848,0.0482612,0.0935117
-208.861,227.848,0.0484736,0.0944874
-205.063,227.848,0.048684,0.0954592
-201.266,227.848,0.0488923,0.0964277
-197.468,227.848,0.0490984,0.0973932
-193.671,227.848,0.049302,0.0983564
-189.873,227.848,0.049503,0.0993175
-186.076,227.848,0.0497012,0.100277
-182.278,227.848,0.0498964,0.101236
-178.481,227.848,0.0500886,0.102194
-174.684,227.848,0.0502774,0.103152
-170.886,227.848,0.0504629,0.104111
-167.089,227.848,0.0506447,0.10507
-163.291,227.848,0.0508227,0.106031
-159.494,227.848,0.0509968,0.106994
-155.696,227.848,0.0511667,0.107959
-151.899,227.848,0.0513324,0.108926
-148.101,227.848,0.0514937,0.109897
-144.304,227.848,0.0516503,0.110872
-140.506,227.848,0.0518022,0.111851
-136.709,227.848,0.0519491,0.112835
-132.911,227.848,0.0520909,0.113824
-129.114,227.848,0.0522274,0.114818
-125.316,227.848,0.0523585,0.115819
-121.519,227.848,0.052484,0.116826
-117.722,227.848,0.0526037,0.11784
-113.924,227.848,0.0527175,0.118862
-110.127,227.848,0.0528251,0.119892
-106.329,227.848,0.0529265,0.12093
-102.532,227.848,0.0530215,0.121977
-98.7342,227.848,0.0531098,0.123034
-94.9367,227.848,0.0531914,0.124101
-91.1392,227.848,0.053266,0.125178
-87.3418,227.848,0.0533335,0.126265
-83.5443,227.848,0.0533938,0.127365
-79.7468,227.848,0.0534466,0.128475
-75.9494,227.848,0.0534918,0.129599
-72.1519,227.848,0.0535293,0.130735
-68.3544,227.848,0.0535588,0.131884
-64.557,227.848,0.0535802,0.133047
-60.7595,227.848,0.0535933,0.134224
-56.962,227.848,0.053598,0.135416
-53.1646,227.848,0.0535941,0.136623
-49.3671,227.848,0.0535815,0.137845
-45.5696,227.848,0.0535599,0.139084
-41.7722,227.848,0.0535291,0.140339
-37.9747,227.848,0.0534892,0.141611
-34.1772,227.848,0.0534398,0.1429
-30.3797,227.848,0.0533808,0.144208
-26.5823,227.848,0.053312,0.145534
-22.7848,227.848,0.0532333,0.146879
-18.9873,227.848,0.0531445,0.148243
-15.1899,227.848,0.0530454,0.149628
-11.3924,227.848,0.0529359,0.151032
-7.59494,227.848,0.0528158,0.152457
-3.79747,227.848,0.052685,0.153904
0,227.848,0.0525432,0.155373
-300,231.646,0.0436841,0.0703358
-296.203,231.646,0.043898,0.0715411
-292.405,231.646,0.0441136,0.072731
-288.608,231.646,0.0443308,0.0739061
-284.81,231.646,0.0445494,0.0750668
-281.013,231.646,0.0447693,0.0762135
-277.215,231.646,0.0449902,0.0773469
-273.418,231.646,0.0452119,0.0784672
-269.62,231.646,0.0454344,0.0795751
-265.823,231.646,0.0456575,0.0806709
-262.025,231.646,0.045881,0.0817552
-258.228,231.646,0.0461047,0.0828285
-254.43,231.646,0.0463285,0.0838911
-250.633,231.646,0.0465521,0.0849437
-246.835,231.646,0.0467755,0.0859866
-243.038,231.646,0.0469985,0.0870203
-239.241,231.646,0.0472208,0.0880453
-235.443,231.646,0.0474424,0.0890621
-231.646,231.646,0.0476631,0.0900711
-227.848,231.646,0.0478826,0.0910729
-224.051,231.646,0.0481009,0.0920679
-220.253,231.646,0.0483178,0.0930566
-216.456,231.646,0.048533,0.0940394
-212.658,231.646,0.0487465,0.0950168
-208.861,231.646,0.0489581,0.0959893
-205.063,231.646,0.0491676,0.0969574
-201.266,231.646,0.0493747,0.0979216
-197.468,231.646,0.0495795,0.0988823
-193.671,231.646,0.0497817,0.0998399
-189.873,231.646,0.0499811,0.100795
-186.076,231.646,0.0501776,0.101748
-182.278,231.646,0.0503709,0.1027
-178.481,231.646,0.0505611,0.10365
-174.684,231.646,0.0507477,0.1046
-170.886,231.646,0.0509308,0.105549
-167.089,231.646,0.0511102,0.106499
-163.291,231.646,0.0512856,0.10745
-159.494,231.646,0.0514569,0.108402
-155.696,231.646,0.0516239,0.109356
-151.899,231.646,0.0517865,0.110312
-148.101,231.646,0.0519446,0.11127
-144.304,231.646,0.0520979,0.112232
-140.506,231.646,0.0522462,0.113197
-136.709,231.646,0.0523894,0.114167
-132.911,231.646,0.0525274,0.115141
-129.114,231.646,0.05266,0.11612
-125.316,231.646,0.052787,0.117105
-121.519,231.646,0.0529082,0.118096
-117.722,231.646,0.0530235,0.119093
-113.924,231.646,0.0531327,0.120097
-110.127,231.646,0.0532357,0.121109
-106.329,231.646,0.0533322,0.122128
-102.532,231.646,0.0534222,0.123156
-98.7342,231.646,0.0535054,0.124193
-94.9367,231.646,0.0535816,0.125239
-91.1392,231.646,0.0536508,0.126295
-87.3418,231.646,0.0537127,0.127361
-83.5443,231.646,0.0537672,0.128438
-79.7468,231.646,0.0538142,0.129526
-75.9494,231.646,0.0538533,0.130626
-72.1519,231.646,0.0538846,0.131738
-68.3544,231.646,0.0539077,0.132862
-64.557,231.646,0.0539227,0.134
-60.7595,231.646,0.0539292,0.135151
-56.962,231.646,0.0539271,0.136317
-53.1646,231.646,0.0539162,0.137497
-49.3671,231.646,0.0538965,0.138692
-45.5696,231.646,0.0538676,0.139902
-41.7722,231.646,0.0538295,0.141129
-37.9747,231.646,0.053782,0.142371
-34.1772,231.646,0.0537249,0.143631
-30.3797,231.646,0.0536581,0.144908
-26.5823,231.646,0.0535814,0.146204
-22.7848,231.646,0.0534945,0.147517
-18.9873,231.646,0.0533975,0.148849
-15.1899,231.646,0.05329,0.150201
-11.3924,231.646,0.0531719,0.151572
-7.59494,231.646,0.0530431,0.152963
-3.79747,231.646,0.0529034,0.154376
0,231.646,0.0527525,0.155809
-300,235.443,0.0441472,0.0717623
-296.203,235.443,0.0443636,0.0729773
-292.405,235.443,0.0445816,0.0741764
-288.608,235.443,0.044801,0.0753601
-284.81,235.443,0.0450217,0.0765288
-281.013,235.443,0.0452434,0.0776829
-277.215,235.443,0.0454661,0.0788231
-273.418,235.443,0.0456895,0.0799497
-269.62,235.443,0.0459135,0.0810633
-265.823,235.443,0.0461379,0.0821643
-262.025,235.443,0.0463625,0.0832531
-258.228,235.443,0.0465872,0.0843303
-254.43,235.443,0.0468118,0.0853963
-250.633,235.443,0.0470362,0.0864517
-246.835,235.443,0.0472602,0.0874968
-243.038,235.443,0.0474836,0.0885321
-239.241,235.443,0.0477062,0.0895582
-235.443,235.443,0.0479279,0.0905754
-231.646,235.443,0.0481485,0.0915844
-227.848,235.443,0.0483679,0.0925855
-224.051,235.443,0.0485859,0.0935792
-220.253,235.443,0.0488023,0.094566
-216.456,235.443,0.0490169,0.0955464
-212.658,235.443,0.0492296,0.0965208
-208.861,235.443,0.0494403,0.0974898
-205.063,235.443,0.0496487,0.0984537
-201.266,235.443,0.0498547,0.0994131
-197.468,235.443,0.0500581,0.100368
-193.671,235.443,0.0502587,0.10132
-189.873,235.443,0.0504565,0.102269
-186.076,235.443,0.0506511,0.103215
-182.278,235.443,0.0508425,0.104159
-178.481,235.443,0.0510305,0.105101
-174.684,235.443,0.051215,0.106042
-170.886,235.443,0.0513957,0.106982
-167.089,235.443,0.0515724,0.107922
-163.291,235.443,0.0517451,0.108862
-159.494,235.443,0.0519136,0.109803
-155.696,235.443,0.0520776,0.110745
-151.899,235.443,0.0522371,0.111689
-148.101,235.443,0.0523918,0.112635
-144.304,235.443,0.0525417,0.113583
-140.506,235.443,0.0526864,0.114534
-136.709,235.443,0.0528259,0.115489
-132.911,235.443,0.05296,0.116448
-129.114,235.443,0.0530885,0.117412
-125.316,235.443,0.0532113,0.11838
-121.519,235.443,0.0533282,0.119354
-117.722,235.443,0.053439,0.120333
-113.924,235.443,0.0535436,0.121319
-110.127,235.443,0.0536418,0.122312
-106.329,235.443,0.0537334,0.123313
-102.532,235.443,0.0538182,0.124321
-98.7342,235.443,0.0538962,0.125337
-94.9367,235.443,0.0539671,0.126362
-91.1392,235.443,0.0540307,0.127396
-87.3418,235.443,0.054087,0.12844
-83.5443,235.443,0.0541356,0.129495
-79.7468,235.443,0.0541766,0.130559
-75.9494,235.443,0.0542096,0.131635
-72.1519,235.443,0.0542346,0.132723
-68.3544,235.443,0.0542513,0.133822
-64.557,235.443,0.0542597,0.134935
-60.7595,235.443,0.0542594,0.13606
-56.962,235.443,0.0542505,0.137198
-53.1646,235.443,0.0542326,0.138351
-49.3671,235.443,0.0542057,0.139518
-45.5696,235.443,0.0541695,0.1407
-41.7722,235.443,0.054124,0.141897
-37.9747,235.443,0.0540689,0.143111
-34.1772,235.443,0.054004,0.14434
-30.3797,235.443,0.0539293,0.145587
-26.5823,235.443,0.0538445,0.14685
-22.7848,235.443,0.0537494,0.148132
-18.9873,235.443,0.053644,0.149431
-15.1899,235.443,0.053528,0.15075
-11.3924,235.443,0.0534013,0.152087
-7.59494,235.443,0.0532636,0.153444
-3.79747,235.443,0.053115,0.154822
0,235.443,0.052955,0.15622
-300,239.241,0.0446102,0.0731989
-296.203,239.241,0.0448291,0.0744232
-292.405,239.241,0.0450493,0.075631
-288.608,239.241,0.0452709,0.0768228
-284.81,239.241,0.0454935,0.0779991
-281.013,239.241,0.0457171,0.0791602
-277.215,239.241,0.0459414,0.0803068
-273.418,239.241,0.0461663,0.0814393
-269.62,239.241,0.0463917,0.0825581
-265.823,239.241,0.0466173,0.0836637
-262.025,239.241,0.046843,0.0847566
-258.228,239.241,0.0470687,0.0858373
-254.43,239.241,0.0472941,0.0869063
-250.633,239.241,0.0475191,0.087964
-246.835,239.241,0.0477436,0.0890108
-243.038,239.241,0.0479673,0.0900474
-239.241,239.241,0.0481901,0.091074
-235.443,239.241,0.0484119,0.0920913
-231.646,239.241,0.0486324,0.0930997
-227.848,239.241,0.0488515,0.0940997
-224.051,239.241,0.0490691,0.0950917
-220.253,239.241,0.0492849,0.0960762
-216.456,239.241,0.0494989,0.0970537
-212.658,239.241,0.0497107,0.0980247
-208.861,239.241,0.0499204,0.0989896
-205.063,239.241,0.0501276,0.099949
-201.266,239.241,0.0503323,0.100903
-197.468,239.241,0.0505342,0.101853
-193.671,239.241,0.0507333,0.102798
-189.873,239.241,0.0509293,0.10374
-186.076,239.241,0.0511221,0.104678
-182.278,239.241,0.0513115,0.105614
-178.481,239.241,0.0514973,0.106548
-174.684,239.241,0.0516794,0.107479
-170.886,239.241,0.0518576,0.10841
-167.089,239.241,0.0520317,0.109339
-163.291,239.241,0.0522016,0.110269
-159.494,239.241,0.0523671,0.111198
-155.696,239.241,0.0525281,0.112128
-151.899,239.241,0.0526843,0.113059
-148.101,239.241,0.0528357,0.113991
-144.304,239.241,0.052982,0.114926
-140.506,239.241,0.053123,0.115862
-136.709,239.241,0.0532587,0.116802
-132.911,239.241,0.0533889,0.117746
-129.114,239.241,0.0535133,0.118693
-125.316,239.241,0.0536318,0.119644
-121.519,239.241,0.0537442,0.120601
-117.722,239.241,0.0538505,0.121563
-113.924,239.241,0.0539503,0.12253
-110.127,239.241,0.0540436,0.123504
-106.329,239.241,0.0541302,0.124485
-102.532,239.241,0.0542099,0.125472
-98.7342,239.241,0.0542825,0.126468
-94.9367,239.241,0.0543479,0.127471
-91.1392,239.241,0.054406,0.128484
-87.3418,239.241,0.0544565,0.129505
-83.5443,239.241,0.0544992,0.130536
-79.7468,239.241,0.0545341,0.131577
-75.9494,239.241,0.0545609,0.132629
-72.1519,239.241,0.0545796,0.133692
-68.3544,239.241,0.0545898,0.134766
-64.557,239.241,0.0545915,0.135852
-60.7595,239.241,0.0545844,0.13695
-56.962,239.241,0.0545685,0.138062
-53.1646,239.241,0.0545436,0.139186
-49.3671,239.241,0.0545094,0.140325
-45.5696,239.241,0.0544658,0.141478
-41.7722,239.241,0.0544127,0.142646
-37.9747,239.241,0.0543499,0.143829
-34.1772,239.241,0.0542772,0.145028
-30.3797,239.241,0.0541945,0.146243
-26.5823,239.241,0.0541015,0.147475
-22.7848,239.241,0.0539982,0.148724
-18.9873,239.241,0.0538843,0.14999
-15.1899,239.241,0.0537597,0.151275
-11.3924,239.241,0.0536242,0.152579
-7.59494,239.241,0.0534777,0.153901
-3.79747,239.241,0.05332,0.155243
0,239.241,0.0531509,0.156605
-300,243.038,0.0450733,0.0746465
-296.203,243.038,0.0452945,0.0758796
-292.405,243.038,0.045517,0.0770957
-288.608,243.038,0.0457406,0.0782952
-284.81,243.038,0.0459651,0.0794786
-281.013,243.038,0.0461904,0.0806463
-277.215,243.038,0.0464163,0.0817989
-273.418,243.038,0.0466427,0.0829367
-269.62,243.038,0.0468694,0.0840603
-265.823,243.038,0.0470961,0.0851701
-262.025,243.038,0.0473229,0.0862667
-258.228,243.038,0.0475494,0.0873505
-254.43,243.038,0.0477755,0.0884219
-250.633,243.038,0.0480011,0.0894815
-246.835,243.038,0.0482259,0.0905297
-243.038,243.038,0.0484499,0.0915669
-239.241,243.038,0.0486728,0.0925938
-235.443,243.038,0.0488945,0.0936107
-231.646,243.038,0.0491149,0.0946181
-227.848,243.038,0.0493337,0.0956164
-224.051,243.038,0.0495507,0.0966063
-220.253,243.038,0.0497659,0.0975881
-216.456,243.038,0.0499791,0.0985623
-212.658,243.038,0.05019,0.0995293
-208.861,243.038,0.0503986,0.10049
-205.063,243.038,0.0506046,0.101444
-201.266,243.038,0.0508079,0.102393
-197.468,243.038,0.0510083,0.103336
-193.671,243.038,0.0512057,0.104275
-189.873,243.038,0.0513999,0.105209
-186.076,243.038,0.0515907,0.10614
-182.278,243.038,0.0517779,0.107067
-178.481,243.038,0.0519615,0.107991
-174.684,243.038,0.0521411,0.108913
-170.886,243.038,0.0523168,0.109833
-167.089,243.038,0.0524882,0.110752
-163.291,243.038,0.0526552,0.11167
-159.494,243.038,0.0528177,0.112587
-155.696,243.038,0.0529755,0.113504
-151.899,243.038,0.0531285,0.114422
-148.101,243.038,0.0532763,0.115341
-144.304,243.038,0.053419,0.116261
-140.506,243.038,0.0535563,0.117183
-136.709,243.038,0.0536881,0.118107
-132.911,243.038,0.0538142,0.119035
-129.114,243.038,0.0539344,0.119965
-125.316,243.038,0.0540485,0.120899
-121.519,243.038,0.0541565,0.121838
-117.722,243.038,0.0542581,0.122781
-113.924,243.038,0.0543531,0.12373
-110.127,243.038,0.0544415,0.124684
-106.329,243.038,0.0545229,0.125645
-102.532,243.038,0.0545974,0.126612
-98.7342,243.038,0.0546646,0.127586
-94.9367,243.038,0.0547245,0.128568
-91.1392,243.038,0.0547768,0.129558
-87.3418,243.038,0.0548215,0.130556
-83.5443,243.038,0.0548582,0.131563
-79.7468,243.038,0.054887,0.13258
-75.9494,243.038,0.0549075,0.133607
-72.1519,243.038,0.0549197,0.134644
-68.3544,243.038,0.0549233,0.135693
-64.557,243.038,0.0549183,0.136752
-60.7595,243.038,0.0549044,0.137824
-56.962,243.038,0.0548814,0.138907
-53.1646,243.038,0.0548493,0.140004
-49.3671,243.038,0.0548078,0.141114
-45.5696,243.038,0.0547567,0.142237
-41.7722,243.038,0.054696,0.143375
-37.9747,243.038,0.0546254,0.144528
-34.1772,243.038,0.0545448,0.145696
-30.3797,243.038,0.0544539,0.146879
-26.5823,243.038,0.0543528,0.148078
-22.7848,243.038,0.0542411,0.149295
-18.9873,243.038,0.0541187,0.150528
-15.1899,243.038,0.0539854,0.151778
-11.3924,243.038,0.0538411,0.153047
-7.59494,243.038,0.0536856,0.154334
-3.79747,243.038,0.0535188,0.155641
0,243.038,0.0533404,0.156966
-300,246.835,0.0455368,0.0761059
-296.203,246.835,0.0457602,0.0773475
-292.405,246.835,0.0459848,0.0785715
-288.608,246.835,0.0462103,0.0797782
-284.81,246.835,0.0464367,0.0809682
-281.013,246.835,0.0466636,0.082142
-277.215,246.835,0.0468911,0.0833001
-273.418,246.835,0.0471188,0.0844429
-269.62,246.835,0.0473467,0.0855708
-265.823,246.835,0.0475745,0.0866844
-262.025,246.835,0.0478022,0.0877842
-258.228,246.835,0.0480295,0.0888706
-254.43,246.835,0.0482562,0.089944
-250.633,246.835,0.0484823,0.0910051
-246.835,246.835,0.0487074,0.0920541
-243.038,246.835,0.0489316,0.0930917
-239.241,246.835,0.0491546,0.0941183
-235.443,246.835,0.0493761,0.0951343
-231.646,246.835,0.0495962,0.0961402
-227.848,246.835,0.0498146,0.0971366
-224.051,246.835,0.0500311,0.0981238
-220.253,246.835,0.0502456,0.0991024
-216.456,246.835,0.0504578,0.100073
-212.658,246.835,0.0506678,0.101036
-208.861,246.835,0.0508752,0.101991
-205.063,246.835,0.0510799,0.10294
-201.266,246.835,0.0512817,0.103882
-197.468,246.835,0.0514805,0.104819
-193.671,246.835,0.0516761,0.10575
-189.873,246.835,0.0518684,0.106677
-186.076,246.835,0.0520571,0.107599
-182.278,246.835,0.0522422,0.108517
-178.481,246.835,0.0524234,0.109432
-174.684,246.835,0.0526005,0.110344
-170.886,246.835,0.0527735,0.111254
-167.089,246.835,0.0529421,0.112161
-163.291,246.835,0.0531062,0.113067
-159.494,246.835,0.0532656,0.113972
-155.696,246.835,0.0534202,0.114876
-151.899,246.835,0.0535697,0.11578
-148.101,246.835,0.0537141,0.116685
-144.304,246.835,0.053853,0.11759
-140.506,246.835,0.0539865,0.118497
-136.709,246.835,0.0541143,0.119405
-132.911,246.835,0.0542362,0.120316
-129.114,246.835,0.0543521,0.121229
-125.316,246.835,0.0544618,0.122146
-121.519,246.835,0.0545652,0.123066
-117.722,246.835,0.054662,0.123991
-113.924,246.835,0.0547522,0.12492
-110.127,246.835,0.0548355,0.125854
-106.329,246.835,0.0549118,0.126794
-102.532,246.835,0.0549809,0.12774
-98.7342,246.835,0.0550427,0.128692
-94.9367,246.835,0.0550969,0.129652
-91.1392,246.835,0.0551435,0.130619
-87.3418,246.835,0.0551822,0.131594
-83.5443,246.835,0.0552129,0.132577
-79.7468,246.835,0.0552354,0.133569
-75.9494,246.835,0.0552496,0.134571
-72.1519,246.835,0.0552552,0.135583
-68.3544,246.835,0.0552522,0.136604
-64.557,246.835,0.0552403,0.137637
-60.7595,246.835,0.0552195,0.138681
-56.962,246.835,0.0551894,0.139737
-53.1646,246.835,0.05515,0.140804
-49.3671,246.835,0.055101,0.141885
-45.5696,246.835,0.0550424,0.142979
-41.7722,246.835,0.054974,0.144086
-37.9747,246.835,0.0548955,0.145208
-34.1772,246.835,0.0548069,0.146344
-30.3797,246.835,0.0547079,0.147495
-26.5823,246.835,0.0545984,0.148662
-22.7848,246.835,0.0544783,0.149845
-18.9873,246.835,0.0543473,0.151044
-15.1899,246.835,0.0542052,0.15226
-11.3924,246.835,0.054052,0.153494
-7.59494,246.835,0.0538875,0.154745
-3.79747,246.835,0.0537115,0.156015
0,246.835,0.0535238,0.157304
-300,250.633,0.0460008,0.0775782
-296.203,250.633,0.0462264,0.0788277
-292.405,250.633,0.046453,0.080059
-288.608,250.633,0.0466804,0.0812726
-284.81,250.633,0.0469085,0.0824689
-281.013,250.633,0.047137,0.0836483
-277.215,250.633,0.0473659,0.0848114
-273.418,250.633,0.0475949,0.0859587
-269.62,250.633,0.0478239,0.0870906
-265.823,250.633,0.0480528,0.0882075
-262.025,250.633,0.0482813,0.08931
-258.228,250.633,0.0485092,0.0903986
-254.43,250.633,0.0487365,0.0914736
-250.633,250.633,0.0489629,0.0925356
-246.835,250.633,0.0491884,0.0935851
-243.038,250.633,0.0494126,0.0946226
-239.241,250.633,0.0496355,0.0956484
-235.443,250.633,0.0498569,0.0966631
-231.646,250.633,0.0500766,0.0976672
-227.848,250.633,0.0502945,0.0986611
-224.051,250.633,0.0505103,0.0996453
-220.253,250.633,0.050724,0.10062
-216.456,250.633,0.0509353,0.101586
-212.658,250.633,0.0511442,0.102544
-208.861,250.633,0.0513503,0.103495
-205.063,250.633,0.0515536,0.104437
-201.266,250.633,0.0517539,0.105373
-197.468,250.633,0.051951,0.106303
-193.671,250.633,0.0521448,0.107227
-189.873,250.633,0.0523351,0.108145
-186.076,250.633,0.0525217,0.109058
-182.278,250.633,0.0527045,0.109967
-178.481,250.633,0.0528832,0.110872
-174.684,250.633,0.0530578,0.111773
-170.886,250.633,0.053228,0.112671
-167.089,250.633,0.0533938,0.113567
-163.291,250.633,0.0535548,0.114461
-159.494,250.633,0.0537111,0.115353
-155.696,250.633,0.0538623,0.116243
-151.899,250.633,0.0540083,0.117133
-148.101,250.633,0.054149,0.118023
-144.304,250.633,0.0542842,0.118913
-140.506,250.633,0.0544138,0.119804
-136.709,250.633,0.0545375,0.120696
-132.911,250.633,0.0546552,0.12159
-129.114,250.633,0.0547667,0.122486
-125.316,250.633,0.0548719,0.123385
-121.519,250.633,0.0549706,0.124286
-117.722,250.633,0.0550627,0.125191
-113.924,250.633,0.0551478,0.126101
-110.127,250.633,0.055226,0.127015
-106.329,250.633,0.0552971,0.127933
-102.532,250.633,0.0553608,0.128858
-98.7342,250.633,0.055417,0.129788
-94.9367,250.633,0.0554655,0.130725
-91.1392,250.633,0.0555062,0.131668
-87.3418,250.633,0.0555389,0.132619
-83.5443,250.633,0.0555634,0.133578
-79.7468,250.633,0.0555797,0.134545
-75.9494,250.633,0.0555874,0.135521
-72.1519,250.633,0.0555864,0.136507
-68.3544,250.633,0.0555766,0.137502
-64.557,250.633,0.0555579,0.138507
-60.7595,250.633,0.0555299,0.139523
-56.962,250.633,0.0554927,0.14055
-53.1646,250.633,0.0554459,0.141589
-49.3671,250.633,0.0553895,0.14264
-45.5696,250.633,0.0553232,0.143703
-41.7722,250.633,0.055247,0.14478
-37.9747,250.633,0.0551606,0.14587
-34.1772,250.633,0.0550638,0.146974
-30.3797,250.633,0.0549566,0.148092
-26.5823,250.633,0.0548387,0.149226
-22.7848,250.633,0.05471,0.150375
-18.9873,250.633,0.0545703,0.15154
-15.1899,250.633,0.0544195,0.152721
-11.3924,250.633,0.0542573,0.153919
-7.59494,250.633,0.0540836,0.155135
-3.79747,250.633,0.0538983,0.156368
0,250.633,0.0537012,0.15762
-300,254.43,0.0464655,0.0790641
-296.203,254.43,0.0466933,0.0803212
-292.405,254.43,0.0469218,0.0815594
-288.608,254.43,0.047151,0.0827793
-284.81,254.43,0.0473807,0.0839814
-281.013,254.43,0.0476108,0.085166
-277.215,254.43,0.047841,0.0863338
-273.418,254.43,0.0480713,0.0874851
-269.62,254.43,0.0483013,0.0886204
-265.823,254.43,0.0485311,0.0897402
-262.025,254.43,0.0487603,0.090845
-258.228,254.43,0.0489889,0.0919353
-254.43,254.43,0.0492166,0.0930115
-250.633,254.43,0.0494433,0.0940741
-246.835,254.43,0.0496689,0.0951236
-243.038,254.43,0.0498932,0.0961604
-239.241,254.43,0.050116,0.0971851
-235.443,254.43,0.0503371,0.098198
-231.646,254.43,0.0505563,0.0991997
-227.848,254.43,0.0507736,0.100191
-224.051,254.43,0.0509887,0.101171
-220.253,254.43,0.0512015,0.102142
-216.456,254.43,0.0514118,0.103104
-212.658,254.43,0.0516195,0.104057
-208.861,254.43,0.0518243,0.105001
-205.063,254.43,0.0520261,0.105937
-201.266,254.43,0.0522248,0.106866
-197.468,254.43,0.0524201,0.107788
-193.671,254.43,0.052612,0.108704
-189.873,254.43,0.0528002,0.109614
-186.076,254.43,0.0529846,0.110518
-182.278,254.43,0.053165,0.111417
-178.481,254.43,0.0533412,0.112311
-174.684,254.43,0.0535131,0.113201
-170.886,254.43,0.0536805,0.114088
-167.089,254.43,0.0538433,0.114971
-163.291,254.43,0.0540013,0.115852
-159.494,254.43,0.0541542,0.116731
-155.696,254.43,0.054302,0.117607
-151.899,254.43,0.0544445,0.118483
-148.101,254.43,0.0545815,0.119358
-144.304,254.43,0.0547129,0.120232
-140.506,254.43,0.0548384,0.121107
-136.709,254.43,0.054958,0.121982
-132.911,254.43,0.0550713,0.122858
-129.114,254.43,0.0551784,0.123736
-125.316,254.43,0.055279,0.124616
-121.519,254.43,0.055373,0.125499
-117.722,254.43,0.0554601,0.126384
-113.924,254.43,0.0555402,0.127273
-110.127,254.43,0.0556132,0.128166
-106.329,254.43,0.0556789,0.129064
-102.532,254.43,0.0557371,0.129966
-98.7342,254.43,0.0557877,0.130874
-94.9367,254.43,0.0558304,0.131787
-91.1392,254.43,0.0558652,0.132707
-87.3418,254.43,0.0558918,0.133634
-83.5443,254.43,0.0559101,0.134568
-79.7468,254.43,0.0559199,0.135509
-75.9494,254.43,0.0559211,0.136459
-72.1519,254.43,0.0559134,0.137418
-68.3544,254.43,0.0558968,0.138385
-64.557,254.43,0.0558711,0.139363
-60.7595,254.43,0.055836,0.14035
-56.962,254.43,0.0557915,0.141348
-53.1646,254.43,0.0557373,0.142358
-49.3671,254.43,0.0556733,0.143378
-45.5696,254.43,0.0555993,0.144411
-41.7722,254.43,0.0555152,0.145456
-37.9747,254.43,0.0554207,0.146514
-34.1772,254.43,0.0553158,0.147586
-30.3797,254.43,0.0552003,0.148672
-26.5823,254.43,0.0550739,0.149772
-22.7848,254.43,0.0549366,0.150886
-18.9873,254.43,0.0547881,0.152016
-15.1899,254.43,0.0546284,0.153162
-11.3924,254.43,0.0544571,0.154325
-7.59494,254.43,0.0542742,0.155504
-3.79747,254.43,0.0540795,0.1567
0,254.43,0.0538729,0.157914
-300,258.228,0.0469313,0.0805645
-296.203,258.228,0.0471611,0.0818287
-292.405,258.228,0.0473915,0.0830734
-288.608,258.228,0.0476224,0.0842992
-284.81,258.228,0.0478537,0.0855066
-281.013,258.228,0.0480852,0.086696
-277.215,258.228,0.0483167,0.087868
-273.418,258.228,0.048548,0.0890228
-269.62,258.228,0.048779,0.0901612
-265.823,258.228,0.0490096,0.0912835
-262.025,258.228,0.0492395,0.0923901
-258.228,258.228,0.0494686,0.0934817
-254.43,258.228,0.0496967,0.0945586
-250.633,258.228,0.0499237,0.0956213
-246.835,258.228,0.0501494,0.0966703
-243.038,258.228,0.0503736,0.0977061
-239.241,258.228,0.0505961,0.0987291
-235.443,258.228,0.0508168,0.0997399
-231.646,258.228,0.0510356,0.100739
-227.848,258.228,0.0512522,0.101726
-224.051,258.228,0.0514665,0.102703
-220.253,258.228,0.0516783,0.10367
-216.456,258.228,0.0518875,0.104626
-212.658,258.228,0.0520939,0.105573
-208.861,258.228,0.0522973,0.106511
-205.063,258.228,0.0524976,0.107441
-201.266,258.228,0.0526946,0.108362
-197.468,258.228,0.052888,0.109276
-193.671,258.228,0.0530779,0.110183
-189.873,258.228,0.0532639,0.111084
-186.076,258.228,0.053446,0.111978
-182.278,258.228,0.053624,0.112867
-178.481,258.228,0.0537976,0.11375
-174.684,258.228,0.0539668,0.114629
-170.886,258.228,0.0541313,0.115504
-167.089,258.228,0.054291,0.116374
-163.291,258.228,0.0544458,0.117242
-159.494,258.228,0.0545954,0.118107
-155.696,258.228,0.0547397,0.118969
-151.899,258.228,0.0548785,0.11983
-148.101,258.228,0.0550117,0.120689
-144.304,258.228,0.0551392,0.121547
-140.506,258.228,0.0552606,0.122405
-136.709,258.228,0.0553759,0.123263
-132.911,258.228,0.0554849,0.124122
-129.114,258.228,0.0555875,0.124981
-125.316,258.228,0.0556834,0.125842
-121.519,258.228,0.0557725,0.126705
-117.722,258.228,0.0558546,0.127571
-113.924,258.228,0.0559296,0.128439
-110.127,258.228,0.0559974,0.12931
-106.329,258.228,0.0560576,0.130186
-102.532,258.228,0.0561102,0.131066
-98.7342,258.228,0.0561551,0.13195
-94.9367,258.228,0.0561919,0.13284
-91.1392,258.228,0.0562207,0.133736
-87.3418,258.228,0.0562411,0.134638
-83.5443,258.228,0.0562531,0.135546
-79.7468,258.228,0.0562564,0.136462
-75.9494,258.228,0.056251,0.137385
-72.1519,258.228,0.0562366,0.138317
-68.3544,258.228,0.056213,0.139257
-64.557,258.228,0.0561802,0.140206
-60.7595,258.228,0.0561379,0.141164
-56.962,258.228,0.056086,0.142133
-53.1646,258.228,0.0560243,0.143112
-49.3671,258.228,0.0559527,0.144102
-45.5696,258.228,0.0558709,0.145104
-41.7722,258.228,0.0557788,0.146117
-37.9747,258.228,0.0556762,0.147143
-34.1772,258.228,0.0555631,0.148182
-30.3797,258.228,0.0554391,0.149234
-26.5823,258.228,0.0553042,0.1503
-22.7848,258.228,0.0551582,0.15138
-18.9873,258.228,0.0550009,0.152475
-15.1899,258.228,0.0548321,0.153585
-11.3924,258.228,0.0546517,0.154711
-7.59494,258.228,0.0544595,0.155853
-3.79747,258.228,0.0542554,0.157011
0,258.228,0.0540391,0.158187
-300,262.025,0.0473984,0.0820804
-296.203,262.025,0.04763,0.0833512
-292.405,262.025,0.0478622,0.084602
-288.608,262.025,0.0480948,0.0858333
-284.81,262.025,0.0483276,0.0870455
-281.013,262.025,0.0485604,0.0882393
-277.215,262.025,0.0487931,0.0894149
-273.418,262.025,0.0490254,0.0905729
-269.62,262.025,0.0492574,0.0917139
-265.823,262.025,0.0494887,0.0928381
-262.025,262.025,0.0497192,0.0939462
-258.228,262.025,0.0499487,0.0950386
-254.43,262.025,0.0501771,0.0961157
-250.633,262.025,0.0504042,0.0971781
-246.835,262.025,0.0506299,0.0982262
-243.038,262.025,0.0508539,0.0992605
-239.241,262.025,0.0510762,0.100281
-235.443,262.025,0.0512965,0.10129
-231.646,262.025,0.0515146,0.102285
-227.848,262.025,0.0517305,0.103269
-224.051,262.025,0.0519439,0.104242
-220.253,262.025,0.0521547,0.105203
-216.456,262.025,0.0523627,0.106154
-212.658,262.025,0.0525677,0.107095
-208.861,262.025,0.0527696,0.108026
-205.063,262.025,0.0529683,0.108948
-201.266,262.025,0.0531634,0.109862
-197.468,262.025,0.053355,0.110768
-193.671,262.025,0.0535427,0.111666
-189.873,262.025,0.0537266,0.112557
-186.076,262.025,0.0539062,0.113441
-182.278,262.025,0.0540816,0.114319
-178.481,262.025,0.0542526,0.115191
-174.684,262.025,0.0544189,0.116058
-170.886,262.025,0.0545805,0.11692
-167.089,262.025,0.0547371,0.117777
-163.291,262.025,0.0548885,0.118631
-159.494,262.025,0.0550347,0.119482
-155.696,262.025,0.0551755,0.120329
-151.899,262.025,0.0553106,0.121175
-148.101,262.025,0.0554399,0.122018
-144.304,262.025,0.0555633,0.12286
-140.506,262.025,0.0556806,0.1237
-136.709,262.025,0.0557916,0.124541
-132.911,262.025,0.0558961,0.125381
-129.114,262.025,0.055994,0.126222
-125.316,262.025,0.0560852,0.127063
-121.519,262.025,0.0561694,0.127906
-117.722,262.025,0.0562465,0.128751
-113.924,262.025,0.0563163,0.129598
-110.127,262.025,0.0563786,0.130448
-106.329,262.025,0.0564334,0.131301
-102.532,262.025,0.0564803,0.132158
-98.7342,262.025,0.0565193,0.133019
-94.9367,262.025,0.0565502,0.133884
-91.1392,262.025,0.0565729,0.134755
-87.3418,262.025,0.0565871,0.135632
-83.5443,262.025,0.0565926,0.136515
-79.7468,262.025,0.0565894,0.137404
-75.9494,262.025,0.0565773,0.1383
-72.1519,262.025,0.056556,0.139204
-68.3544,262.025,0.0565255,0.140116
-64.557,262.025,0.0564855,0.141036
-60.7595,262.025,0.0564359,0.141966
-56.962,262.025,0.0563766,0.142904
-53.1646,262.025,0.0563073,0.143853
-49.3671,262.025,0.0562279,0.144812
-45.5696,262.025,0.0561382,0.145782
-41.7722,262.025,0.0560381,0.146763
-37.9747,262.025,0.0559273,0.147756
-34.1772,262.025,0.0558058,0.148762
-30.3797,262.025,0.0556734,0.14978
-26.5823,262.025,0.0555299,0.150811
-22.7848,262.025,0.0553751,0.151856
-18.9873,262.025,0.0552088,0.152915
-15.1899,262.025,0.0550309,0.153989
-11.3924,262.025,0.0548413,0.155078
-7.59494,262.025,0.0546397,0.156183
-3.79747,262.025,0.0544261,0.157303
0,262.025,0.0542001,0.15844
-300,265.823,0.0478669,0.0836126
-296.203,265.823,0.0481004,0.0848895
-292.405,265.823,0.0483343,0.0861459
-288.608,265.823,0.0485684,0.0873822
-284.81,265.823,0.0488026,0.088599
-281.013,265.823,0.0490367,0.0897966
-277.215,265.823,0.0492704,0.0909755
-273.418,265.823,0.0495038,0.0921362
-269.62,265.823,0.0497365,0.0932793
-265.823,265.823,0.0499685,0.0944051
-262.025,265.823,0.0501995,0.0955141
-258.228,265.823,0.0504294,0.0966069
-254.43,265.823,0.050658,0.0976838
-250.633,265.823,0.0508852,0.0987455
-246.835,265.823,0.0511107,0.0997922
-243.038,265.823,0.0513345,0.100825
-239.241,265.823,0.0515564,0.101843
-235.443,265.823,0.0517762,0.102848
-231.646,265.823,0.0519936,0.10384
-227.848,265.823,0.0522087,0.10482
-224.051,265.823,0.0524211,0.105787
-220.253,265.823,0.0526308,0.106743
-216.456,265.823,0.0528375,0.107688
-212.658,265.823,0.0530411,0.108622
-208.861,265.823,0.0532414,0.109547
-205.063,265.823,0.0534383,0.110461
-201.266,265.823,0.0536316,0.111367
-197.468,265.823,0.0538212,0.112263
-193.671,265.823,0.0540068,0.113152
-189.873,265.823,0.0541883,0.114033
-186.076,265.823,0.0543655,0.114906
-182.278,265.823,0.0545383,0.115773
-178.481,265.823,0.0547064,0.116633
-174.684,265.823,0.0548699,0.117488
-170.886,265.823,0.0550283,0.118337
-167.089,265.823,0.0551817,0.119181
-163.291,265.823,0.0553298,0.120021
-159.494,265.823,0.0554725,0.120857
-155.696,265.823,0.0556096,0.121689
-151.899,265.823,0.0557409,0.122518
-148.101,265.823,0.0558663,0.123345
-144.304,265.823,0.0559856,0.12417
-140.506,265.823,0.0560986,0.124993
-136.709,265.823,0.0562052,0.125815
-132.911,265.823,0.0563052,0.126637
-129.114,265.823,0.0563984,0.127458
-125.316,265.823,0.0564847,0.12828
-121.519,265.823,0.0565639,0.129102
-117.722,265.823,0.0566358,0.129926
-113.924,265.823,0.0567003,0.130751
-110.127,265.823,0.0567572,0.131579
-106.329,265.823,0.0568064,0.132409
-102.532,265.823,0.0568476,0.133243
-98.7342,265.823,0.0568807,0.13408
-94.9367,265.823,0.0569056,0.134921
-91.1392,265.823,0.0569221,0.135767
-87.3418,265.823,0.0569299,0.136618
-83.5443,265.823,0.056929,0.137474
-79.7468,265.823,0.0569191,0.138336
-75.9494,265.823,0.0569002,0.139205
-72.1519,265.823,0.056872,0.140081
-68.3544,265.823,0.0568344,0.140965
-64.557,265.823,0.0567872,0.141856
-60.7595,265.823,0.0567302,0.142755
-56.962,265.823,0.0566634,0.143664
-53.1646,265.823,0.0565864,0.144581
-49.3671,265.823,0.0564992,0.145509
-45.5696,265.823,0.0564015,0.146447
-41.7722,265.823,0.0562933,0.147395
-37.9747,265.823,0.0561743,0.148355
-34.1772,265.823,0.0560443,0.149327
-30.3797,265.823,0.0559033,0.15031
-26.5823,265.823,0.0557511,0.151307
-22.7848,265.823,0.0555874,0.152316
-18.9873,265.823,0.0554121,0.153339
-15.1899,265.823,0.0552251,0.154376
-11.3924,265.823,0.0550262,0.155428
-7.59494,265.823,0.0548151,0.156495
-3.79747,265.823,0.0545918,0.157577
0,265.823,0.0543561,0.158675
-300,269.62,0.0483371,0.085162
-296.203,269.62,0.0485724,0.0864446
-292.405,269.62,0.0488079,0.0877062
-288.608,269.62,0.0490435,0.0889471
-284.81,269.62,0.049279,0.0901678
-281.013,269.62,0.0495142,0.0913688
-277.215,269.62,0.049749,0.0925506
-273.418,269.62,0.0499832,0.0937136
-269.62,269.62,0.0502167,0.0948583
-265.823,269.62,0.0504492,0.0959852
-262.025,269.62,0.0506807,0.0970948
-258.228,269.62,0.0509108,0.0981875
-254.43,269.62,0.0511396,0.0992638
-250.633,269.62,0.0513668,0.100324
-246.835,269.62,0.0515922,0.101369
-243.038,269.62,0.0518156,0.102399
-239.241,269.62,0.052037,0.103415
-235.443,269.62,0.0522562,0.104416
-231.646,269.62,0.0524729,0.105404
-227.848,269.62,0.052687,0.106379
-224.051,269.62,0.0528984,0.107341
-220.253,269.62,0.0531068,0.108291
-216.456,269.62,0.0533122,0.10923
-212.658,269.62,0.0535143,0.110157
-208.861,269.62,0.053713,0.111074
-205.063,269.62,0.0539081,0.11198
-201.266,269.62,0.0540994,0.112877
-197.468,269.62,0.0542868,0.113764
-193.671,269.62,0.0544702,0.114643
-189.873,269.62,0.0546493,0.115513
-186.076,269.62,0.054824,0.116375
-182.278,269.62,0.054994,0.117231
-178.481,269.62,0.0551594,0.118079
-174.684,269.62,0.0553198,0.11892
-170.886,269.62,0.0554751,0.119756
-167.089,269.62,0.0556252,0.120586
-163.291,269.62,0.0557699,0.121412
-159.494,269.62,0.055909,0.122232
-155.696,269.62,0.0560423,0.123049
-151.899,269.62,0.0561697,0.123862
-148.101,269.62,0.0562911,0.124672
-144.304,269.62,0.0564062,0.125479
-140.506,269.62,0.0565149,0.126284
-136.709,269.62,0.056617,0.127088
-132.911,269.62,0.0567123,0.12789
-129.114,269.62,0.0568008,0.128692
-125.316,269.62,0.0568821,0.129493
-121.519,269.62,0.0569563,0.130295
-117.722,269.62,0.057023,0.131097
-113.924,269.62,0.0570821,0.1319
-110.127,269.62,0.0571335,0.132705
-106.329,269.62,0.057177,0.133512
-102.532,269.62,0.0572124,0.134322
-98.7342,269.62,0.0572395,0.135134
-94.9367,269.62,0.0572583,0.135951
-91.1392,269.62,0.0572684,0.136771
-87.3418,269.62,0.0572698,0.137596
-83.5443,269.62,0.0572624,0.138425
-79.7468,269.62,0.0572458,0.13926
-75.9494,269.62,0.05722,0.140101
-72.1519,269.62,0.0571848,0.140949
-68.3544,269.62,0.05714,0.141803
-64.557,269.62,0.0570855,0.142665
-60.7595,269.62,0.0570211,0.143534
-56.962,269.62,0.0569466,0.144412
-53.1646,269.62,0.0568619,0.145298
-49.3671,269.62,0.0567667,0.146194
-45.5696,269.62,0.056661,0.147099
-41.7722,269.62,0.0565446,0.148014
-37.9747,269.62,0.0564172,0.148941
-34.1772,269.62,0.0562788,0.149878
-30.3797,269.62,0.0561291,0.150827
-26.5823,269.62,0.0559681,0.151788
-22.7848,269.62,0.0557954,0.152761
-18.9873,269.62,0.0556111,0.153747
-15.1899,269.62,0.0554148,0.154747
-11.3924,269.62,0.0552065,0.155761
-7.59494,269.62,0.0549859,0.15679
-3.79747,269.62,0.0547529,0.157833
0,269.62,0.0545074,0.158892
-300,273.418,0.0488093,0.0867294
-296.203,273.418,0.0490462,0.0880174
-292.405,273.418,0.0492833,0.0892837
-288.608,273.418,0.0495202,0.0905287
-284.81,273.418,0.049757,0.091753
-281.013,273.418,0.0499933,0.092957
-277.215,273.418,0.0502291,0.0941411
-273.418,273.418,0.0504641,0.0953059
-269.62,273.418,0.0506982,0.0964519
-265.823,273.418,0.0509312,0.0975795
-262.025,273.418,0.051163,0.0986891
-258.228,273.418,0.0513933,0.0997813
-254.43,273.418,0.0516221,0.100857
-250.633,273.418,0.0518492,0.101915
-246.835,273.418,0.0520743,0.102958
-243.038,273.418,0.0522974,0.103985
-239.241,273.418,0.0525183,0.104997
-235.443,273.418,0.0527367,0.105995
-231.646,273.418,0.0529526,0.106978
-227.848,273.418,0.0531657,0.107948
-224.051,273.418,0.0533759,0.108904
-220.253,273.418,0.0535831,0.109848
-216.456,273.418,0.053787,0.11078
-212.658,273.418,0.0539875,0.1117
-208.861,273.418,0.0541845,0.112608
-205.063,273.418,0.0543777,0.113506
-201.266,273.418,0.054567,0.114394
-197.468,273.418,0.0547522,0.115271
-193.671,273.418,0.0549333,0.116139
-189.873,273.418,0.0551099,0.116999
-186.076,273.418,0.0552819,0.11785
-182.278,273.418,0.0554492,0.118692
-178.481,273.418,0.0556116,0.119528
-174.684,273.418,0.055769,0.120356
-170.886,273.418,0.0559211,0.121178
-167.089,273.418,0.0560678,0.121994
-163.291,273.418,0.0562089,0.122804
-159.494,273.418,0.0563443,0.123609
-155.696,273.418,0.0564739,0.12441
-151.899,273.418,0.0565973,0.125206
-148.101,273.418,0.0567145,0.125999
-144.304,273.418,0.0568254,0.126788
-140.506,273.418,0.0569296,0.127575
-136.709,273.418,0.0570272,0.128359
-132.911,273.418,0.0571178,0.129142
-129.114,273.418,0.0572014,0.129923
-125.316,273.418,0.0572777,0.130704
-121.519,273.418,0.0573467,0.131484
-117.722,273.418,0.0574081,0.132264
-113.924,273.418,0.0574618,0.133045
-110.127,273.418,0.0575075,0.133827
-106.329,273.418,0.0575453,0.13461
-102.532,273.418,0.0575747,0.135396
-98.7342,273.418,0.0575958,0.136184
-94.9367,273.418,0.0576084,0.136974
-91.1392,273.418,0.0576122,0.137769
-87.3418,273.418,0.0576071,0.138567
-83.5443,273.418,0.057593,0.139369
-79.7468,273.418,0.0575696,0.140177
-75.9494,273.418,0.0575369,0.140989
-72.1519,273.418,0.0574946,0.141808
-68.3544,273.418,0.0574426,0.142632
-64.557,273.418,0.0573807,0.143464
-60.7595,273.418,0.0573087,0.144303
-56.962,273.418,0.0572265,0.145149
-53.1646,273.418,0.0571339,0.146004
-49.3671,273.418,0.0570308,0.146867
-45.5696,273.418,0.056917,0.147739
-41.7722,273.418,0.0567922,0.148621
-37.9747,273.418,0.0566564,0.149513
-34.1772,273.418,0.0565094,0.150416
-30.3797,273.418,0.056351,0.151329
-26.5823,273.418,0.0561811,0.152254
-22.7848,273.418,0.0559994,0.153191
-18.9873,273.418,0.0558059,0.154141
-15.1899,273.418,0.0556003,0.155103
-11.3924,273.418,0.0553825,0.156079
-7.59494,273.418,0.0551523,0.157068
-3.79747,273.418,0.0549095,0.158072
0,273.418,0.0546541,0.159091
-300,277.215,0.0492836,0.0883159
-296.203,277.215,0.0495221,0.0896087
-292.405,277.215,0.0497606,0.0908792
-288.608,277.215,0.0499989,0.0921279
-284.81,277.215,0.0502368,0.0933553
-281.013,277.215,0.0504741,0.0945618
-277.215,277.215,0.0507107,0.0957479
-273.418,277.215,0.0509465,0.0969141
-269.62,277.215,0.0511811,0.0980609
-265.823,277.215,0.0514146,0.0991886
-262.025,277.215,0.0516466,0.100298
-258.228,277.215,0.0518771,0.101389
-254.43,277.215,0.0521059,0.102463
-250.633,277.215,0.0523327,0.103519
-246.835,277.215,0.0525576,0.10456
-243.038,277.215,0.0527802,0.105583
-239.241,277.215,0.0530004,0.106592
-235.443,277.215,0.053218,0.107585
-231.646,277.215,0.053433,0.108563
-227.848,277.215,0.053645,0.109527
-224.051,277.215,0.053854,0.110478
-220.253,277.215,0.0540598,0.111415
-216.456,277.215,0.0542622,0.112339
-212.658,277.215,0.0544611,0.113251
-208.861,277.215,0.0546562,0.114151
-205.063,277.215,0.0548474,0.11504
-201.266,277.215,0.0550346,0.115918
-197.468,277.215,0.0552176,0.116785
-193.671,277.215,0.0553962,0.117642
-189.873,277.215,0.0555702,0.11849
-186.076,277.215,0.0557396,0.119329
-182.278,277.215,0.055904,0.12016
-178.481,277.215,0.0560634,0.120982
-174.684,277.215,0.0562176,0.121797
-170.886,277.215,0.0563664,0.122604
-167.089,277.215,0.0565096,0.123405
-163.291,277.215,0.0566472,0.1242
-159.494,277.215,0.0567788,0.124989
-155.696,277.215,0.0569044,0.125773
-151.899,277.215,0.0570238,0.126552
-148.101,277.215,0.0571369,0.127327
-144.304,277.215,0.0572433,0.128098
-140.506,277.215,0.0573431,0.128866
-136.709,277.215,0.057436,0.129631
-132.911,277.215,0.0575218,0.130393
-129.114,277.215,0.0576005,0.131154
-125.316,277.215,0.0576717,0.131913
-121.519,277.215,0.0577354,0.132672
-117.722,277.215,0.0577914,0.133429
-113.924,277.215,0.0578396,0.134187
-110.127,277.215,0.0578797,0.134946
-106.329,277.215,0.0579115,0.135705
-102.532,277.215,0.057935,0.136465
-98.7342,277.215,0.05795,0.137228
-94.9367,277.215,0.0579563,0.137993
-91.1392,277.215,0.0579536,0.138761
-87.3418,277.215,0.057942,0.139532
-83.5443,277.215,0.0579211,0.140307
-79.7468,277.215,0.0578909,0.141086
-75.9494,277.215,0.0578511,0.14187
-72.1519,277.215,0.0578016,0.142659
-68.3544,277.215,0.0577423,0.143454
-64.557,277.215,0.0576729,0.144255
-60.7595,277.215,0.0575933,0.145062
-56.962,277.215,0.0575033,0.145877
-53.1646,277.215,0.0574028,0.146699
-49.3671,277.215,0.0572916,0.14753
-45.5696,277.215,0.0571696,0.148369
-41.7722,277.215,0.0570365,0.149217
-37.9747,277.215,0.0568922,0.150074
-34.1772,277.215,0.0567365,0.150941
-30.3797,277.215,0.0565693,0.151819
-26.5823,277.215,0.0563904,0.152708
-22.7848,277.215,0.0561996,0.153608
-18.9873,277.215,0.0559968,0.15452
-15.1899,277.215,0.0557818,0.155444
-11.3924,277.215,0.0555544,0.156381
-7.59494,277.215,0.0553145,0.157332
-3.79747,277.215,0.0550619,0.158296
0,277.215,0.0547964,0.159274
-300,281.013,0.0497603,0.0899222
-296.203,281.013,0.0500004,0.0912194
-292.405,281.013,0.0502402,0.0924937
-288.608,281.013,0.0504797,0.0937457
-284.81,281.013,0.0507187,0.0949757
-281.013,281.013,0.050957,0.0961843
-277.215,281.013,0.0511943,0.0973719
-273.418,281.013,0.0514307,0.0985391
-269.62,281.013,0.0516658,0.0996861
-265.823,281.013,0.0518996,0.100814
-262.025,281.013,0.0521318,0.101922
-258.228,281.013,0.0523623,0.103012
-254.43,281.013,0.052591,0.104084
-250.633,281.013,0.0528176,0.105138
-246.835,281.013,0.053042,0.106175
-243.038,281.013,0.053264,0.107195
-239.241,281.013,0.0534836,0.108199
-235.443,281.013,0.0537004,0.109187
-231.646,281.013,0.0539143,0.11016
-227.848,281.013,0.0541252,0.111118
-224.051,281.013,0.0543329,0.112062
-220.253,281.013,0.0545372,0.112992
-216.456,281.013,0.054738,0.113908
-212.658,281.013,0.0549351,0.114812
-208.861,281.013,0.0551283,0.115703
-205.063,281.013,0.0553175,0.116582
-201.266,281.013,0.0555025,0.11745
-197.468,281.013,0.0556831,0.118307
-193.671,281.013,0.0558592,0.119153
-189.873,281.013,0.0560306,0.119989
-186.076,281.013,0.0561971,0.120815
-182.278,281.013,0.0563586,0.121633
-178.481,281.013,0.0565149,0.122441
-174.684,281.013,0.0566659,0.123242
-170.886,281.013,0.0568113,0.124035
-167.089,281.013,0.056951,0.124821
-163.291,281.013,0.0570848,0.1256
-159.494,281.013,0.0572127,0.126372
-155.696,281.013,0.0573343,0.127139
-151.899,281.013,0.0574496,0.127901
-148.101,281.013,0.0575583,0.128657
-144.304,281.013,0.0576603,0.12941
-140.506,281.013,0.0577555,0.130158
-136.709,281.013,0.0578437,0.130903
-132.911,281.013,0.0579246,0.131645
-129.114,281.013,0.0579983,0.132384
-125.316,281.013,0.0580643,0.133122
-121.519,281.013,0.0581227,0.133858
-117.722,281.013,0.0581733,0.134593
-113.924,281.013,0.0582158,0.135327
-110.127,281.013,0.0582501,0.136062
-106.329,281.013,0.058276,0.136796
-102.532,281.013,0.0582935,0.137532
-98.7342,281.013,0.0583022,0.138269
-94.9367,281.013,0.0583021,0.139007
-91.1392,281.013,0.058293,0.139748
-87.3418,281.013,0.0582746,0.140492
-83.5443,281.013,0.058247,0.141239
-79.7468,281.013,0.0582098,0.141989
-75.9494,281.013,0.0581629,0.142744
-72.1519,281.013,0.0581061,0.143503
-68.3544,281.013,0.0580394,0.144268
-64.557,281.013,0.0579624,0.145038
-60.7595,281.013,0.0578751,0.145814
-56.962,281.013,0.0577773,0.146596
-53.1646,281.013,0.0576688,0.147386
-49.3671,281.013,0.0575495,0.148183
-45.5696,281.013,0.0574191,0.148988
-41.7722,281.013,0.0572775,0.149802
-37.9747,281.013,0.0571246,0.150624
-34.1772,281.013,0.0569602,0.151456
-30.3797,281.013,0.0567841,0.152297
-26.5823,281.013,0.0565961,0.153149
-22.7848,281.013,0.0563962,0.154012
-18.9873,281.013,0.056184,0.154886
-15.1899,281.013,0.0559595,0.155772
-11.3924,281.013,0.0557225,0.15667
-7.59494,281.013,0.0554728,0.157581
-3.79747,281.013,0.0552102,0.158505
0,281.013,0.0549347,0.159442
-300,284.81,0.0502396,0.0915492
-296.203,284.81,0.0504811,0.0928504
-292.405,284.81,0.0507223,0.0941281
-288.608,284.81,0.0509629,0.0953829
-284.81,284.81,0.0512029,0.0966151
-281.013,284.81,0.051442,0.0978253
-277.215,284.81,0.0516801,0.099014
-273.418,284.81,0.051917,0.100182
-269.62,284.81,0.0521525,0.101329
-265.823,284.81,0.0523865,0.102455
-262.025,284.81,0.0526188,0.103563
-258.228,284.81,0.0528493,0.104651
-254.43,284.81,0.0530778,0.10572
-250.633,284.81,0.053304,0.106771
-246.835,284.81,0.0535279,0.107804
-243.038,284.81,0.0537493,0.10882
-239.241,284.81,0.053968,0.10982
-235.443,284.81,0.0541839,0.110802
-231.646,284.81,0.0543967,0.111769
-227.848,284.81,0.0546064,0.112721
-224.051,284.81,0.0548127,0.113658
-220.253,284.81,0.0550155,0.11458
-216.456,284.81,0.0552146,0.115488
-212.658,284.81,0.0554098,0.116383
-208.861,284.81,0.0556011,0.117265
-205.063,284.81,0.0557881,0.118134
-201.266,284.81,0.0559708,0.118991
-197.468,284.81,0.056149,0.119837
-193.671,284.81,0.0563226,0.120671
-189.873,284.81,0.0564912,0.121495
-186.076,284.81,0.0566549,0.122309
-182.278,284.81,0.0568133,0.123113
-178.481,284.81,0.0569665,0.123908
-174.684,284.81,0.0571141,0.124694
-170.886,284.81,0.057256,0.125471
-167.089,284.81,0.0573921,0.126241
-163.291,284.81,0.0575222,0.127004
-159.494,284.81,0.0576461,0.127759
-155.696,284.81,0.0577637,0.128509
-151.899,284.81,0.0578747,0.129252
-148.101,284.81,0.0579791,0.12999
-144.304,284.81,0.0580766,0.130723
-140.506,284.81,0.0581671,0.131452
-136.709,284.81,0.0582505,0.132177
-132.911,284.81,0.0583265,0.132898
-129.114,284.81,0.058395,0.133616
-125.316,284.81,0.0584558,0.134331
-121.519,284.81,0.0585088,0.135044
-117.722,284.81,0.0585537,0.135756
-113.924,284.81,0.0585905,0.136467
-110.127,284.81,0.058619,0.137176
-106.329,284.81,0.058639,0.137886
-102.532,284.81,0.0586502,0.138596
-98.7342,284.81,0.0586527,0.139306
-94.9367,284.81,0.0586461,0.140018
-91.1392,284.81,0.0586304,0.140732
-87.3418,284.81,0.0586053,0.141448
-83.5443,284.81,0.0585707,0.142166
-79.7468,284.81,0.0585265,0.142887
-75.9494,284.81,0.0584724,0.143612
-72.1519,284.81,0.0584083,0.144341
-68.3544,284.81,0.0583341,0.145075
-64.557,284.81,0.0582495,0.145814
-60.7595,284.81,0.0581544,0.146558
-56.962,284.81,0.0580487,0.147308
-53.1646,284.81,0.0579321,0.148064
-49.3671,284.81,0.0578045,0.148828
-45.5696,284.81,0.0576657,0.149598
-41.7722,284.81,0.0575156,0.150377
-37.9747,284.81,0.057354,0.151164
-34.1772,284.81,0.0571808,0.15196
-30.3797,284.81,0.0569957,0.152765
-26.5823,284.81,0.0567986,0.153579
-22.7848,284.81,0.0565894,0.154404
-18.9873,284.81,0.0563678,0.15524
-15.1899,284.81,0.0561337,0.156087
-11.3924,284.81,0.055887,0.156946
-7.59494,284.81,0.0556274,0.157816
-3.79747,284.81,0.0553548,0.158699
0,284.81,0.0550691,0.159596
-300,288.608,0.0507218,0.0931979
-296.203,288.608,0.0509647,0.0945026
-292.405,288.608,0.0512071,0.0957832
-288.608,288.608,0.0514488,0.0970403
-284.81,288.608,0.0516896,0.0982744
-281.013,288.608,0.0519295,0.0994858
-277.215,288.608,0.0521682,0.100675
-273.418,288.608,0.0524055,0.101843
-269.62,288.608,0.0526414,0.102989
-265.823,288.608,0.0528755,0.104115
-262.025,288.608,0.0531079,0.10522
-258.228,288.608,0.0533382,0.106306
-254.43,288.608,0.0535664,0.107372
-250.633,288.608,0.0537922,0.10842
-246.835,288.608,0.0540156,0.109449
-243.038,288.608,0.0542362,0.110461
-239.241,288.608,0.0544541,0.111455
-235.443,288.608,0.0546689,0.112432
-231.646,288.608,0.0548806,0.113393
-227.848,288.608,0.0550889,0.114337
-224.051,288.608,0.0552937,0.115266
-220.253,288.608,0.0554949,0.116181
-216.456,288.608,0.0556922,0.11708
-212.658,288.608,0.0558856,0.117966
-208.861,288.608,0.0560747,0.118838
-205.063,288.608,0.0562596,0.119697
-201.266,288.608,0.0564399,0.120543
-197.468,288.608,0.0566156,0.121377
-193.671,288.608,0.0567865,0.122199
-189.873,288.608,0.0569523,0.12301
-186.076,288.608,0.057113,0.123811
-182.278,288.608,0.0572684,0.124601
-178.481,288.608,0.0574182,0.125381
-174.684,288.608,0.0575624,0.126152
-170.886,288.608,0.0577008,0.126914
-167.089,288.608,0.0578332,0.127668
-163.291,288.608,0.0579594,0.128414
-159.494,288.608,0.0580793,0.129152
-155.696,288.608,0.0581928,0.129883
-151.899,288.608,0.0582995,0.130608
-148.101,288.608,0.0583994,0.131327
-144.304,288.608,0.0584924,0.132041
-140.506,288.608,0.0585781,0.132749
-136.709,288.608,0.0586566,0.133453
-132.911,288.608,0.0587275,0.134152
-129.114,288.608,0.0587908,0.134848
-125.316,288.608,0.0588463,0.135541
-121.519,288.608,0.0588938,0.136231
-117.722,288.608,0.0589331,0.136919
-113.924,288.608,0.0589642,0.137605
-110.127,288.608,0.0589867,0.13829
-106.329,288.608,0.0590005,0.138975
-102.532,288.608,0.0590056,0.139658
-98.7342,288.608,0.0590017,0.140342
-94.9367,288.608,0.0589886,0.141027
-91.1392,288.608,0.0589661,0.141713
-87.3418,288.608,0.0589343,0.1424
-83.5443,288.608,0.0588927,0.143089
-79.7468,288.608,0.0588413,0.143781
-75.9494,288.608,0.05878,0.144476
-72.1519,288.608,0.0587085,0.145175
-68.3544,288.608,0.0586266,0.145877
-64.557,288.608,0.0585343,0.146584
-60.7595,288.608,0.0584314,0.147295
-56.962,288.608,0.0583176,0.148012
-53.1646,288.608,0.0581928,0.148735
-49.3671,288.608,0.0580569,0.149464
-45.5696,288.608,0.0579097,0.1502
-41.7722,288.608,0.057751,0.150944
-37.9747,288.608,0.0575806,0.151695
-34.1772,288.608,0.0573985,0.152454
-30.3797,288.608,0.0572043,0.153222
-26.5823,288.608,0.056998,0.153999
-22.7848,288.608,0.0567794,0.154786
-18.9873,288.608,0.0565483,0.155583
-15.1899,288.608,0.0563046,0.15639
-11.3924,288.608,0.056048,0.157209
-7.59494,288.608,0.0557785,0.158039
-3.79747,288.608,0.0554958,0.158881
0,288.608,0.0551999,0.159736
-300,292.405,0.0512071,0.0948691
-296.203,292.405,0.0514512,0.0961768
-292.405,292.405,0.0516947,0.09746
-288.608,292.405,0.0519374,0.098719
-284.81,292.405,0.0521791,0.0999543
-281.013,292.405,0.0524196,0.101166
-277.215,292.405,0.0526588,0.102356
-273.418,292.405,0.0528966,0.103523
-269.62,292.405,0.0531327,0.104669
-265.823,292.405,0.0533669,0.105793
-262.025,292.405,0.0535992,0.106896
-258.228,292.405,0.0538293,0.107979
-254.43,292.405,0.0540571,0.109042
-250.633,292.405,0.0542825,0.110086
-246.835,292.405,0.0545051,0.111111
-243.038,292.405,0.054725,0.112117
-239.241,292.405,0.0549419,0.113105
-235.443,292.405,0.0551556,0.114076
-231.646,292.405,0.055366,0.11503
-227.848,292.405,0.0555729,0.115968
-224.051,292.405,0.0557762,0.116889
-220.253,292.405,0.0559757,0.117794
-216.456,292.405,0.0561711,0.118685
-212.658,292.405,0.0563625,0.119561
-208.861,292.405,0.0565495,0.120423
-205.063,292.405,0.0567321,0.121271
-201.266,292.405,0.0569099,0.122105
-197.468,292.405,0.057083,0.122927
-193.671,292.405,0.0572511,0.123737
-189.873,292.405,0.0574141,0.124535
-186.076,292.405,0.0575718,0.125322
-182.278,292.405,0.0577239,0.126097
-178.481,292.405,0.0578705,0.126863
-174.684,292.405,0.0580112,0.127618
-170.886,292.405,0.0581459,0.128364
-167.089,292.405,0.0582745,0.129101
-163.291,292.405,0.0583968,0.12983
-159.494,292.405,0.0585126,0.13055
-155.696,292.405,0.0586218,0.131263
-151.899,292.405,0.0587242,0.131969
-148.101,292.405,0.0588196,0.132669
-144.304,292.405,0.0589078,0.133362
-140.506,292.405,0.0589888,0.13405
-136.709,292.405,0.0590622,0.134732
-132.911,292.405,0.0591281,0.13541
-129.114,292.405,0.0591861,0.136083
-125.316,292.405,0.0592362,0.136753
-121.519,292.405,0.0592781,0.13742
-117.722,292.405,0.0593117,0.138084
-113.924,292.405,0.0593368,0.138745
-110.127,292.405,0.0593533,0.139405
-106.329,292.405,0.059361,0.140063
-102.532,292.405,0.0593598,0.14072
-98.7342,292.405,0.0593494,0.141377
-94.9367,292.405,0.0593297,0.142034
-91.1392,292.405,0.0593005,0.142691
-87.3418,292.405,0.0592617,0.14335
-83.5443,292.405,0.0592131,0.14401
-79.7468,292.405,0.0591545,0.144672
-75.9494,292.405,0.0590858,0.145336
-72.1519,292.405,0.0590067,0.146003
-68.3544,292.405,0.0589173,0.146674
-64.557,292.405,0.0588172,0.147349
-60.7595,292.405,0.0587062,0.148027
-56.962,292.405,0.0585844,0.148711
-53.1646,292.405,0.0584514,0.1494
-49.3671,292.405,0.058307,0.150094
-45.5696,292.405,0.0581513,0.150795
-41.7722,292.405,0.0579839,0.151503
-37.9747,292.405,0.0578047,0.152217
-34.1772,292.405,0.0576135,0.15294
-30.3797,292.405,0.0574102,0.15367
-26.5823,292.405,0.0571946,0.154409
-22.7848,292.405,0.0569666,0.155157
-18.9873,292.405,0.0567259,0.155915
-15.1899,292.405,0.0564724,0.156682
-11.3924,292.405,0.056206,0.157461
-7.59494,292.405,0.0559264,0.15825
-3.79747,292.405,0.0556335,0.15905
0,292.405,0.0553272,0.159863
-300,296.203,0.0516956,0.0965636
-296.203,296.203,0.051941,0.097874
-292.405,296.203,0.0521855,0.0991592
-288.608,296.203,0.0524291,0.10042
-284.81,296.203,0.0526715,0.101656
-281.013,296.203,0.0529127,0.102868
-277.215,296.203,0.0531523,0.104058
-273.418,296.203,0.0533904,0.105224
-269.62,296.203,0.0536266,0.106368
-265.823,296.203,0.0538609,0.10749
-262.025,296.203,0.054093,0.108591
-258.228,296.203,0.0543228,0.109671
-254.43,296.203,0.0545502,0.11073
-250.633,296.203,0.0547749,0.111769
-246.835,296.203,0.0549968,0.112789
-243.038,296.203,0.0552158,0.11379
-239.241,296.203,0.0554316,0.114772
-235.443,296.203,0.0556442,0.115737
-231.646,296.203,0.0558533,0.116683
-227.848,296.203,0.0560587,0.117613
-224.051,296.203,0.0562603,0.118526
-220.253,296.203,0.056458,0.119422
-216.456,296.203,0.0566516,0.120303
-212.658,296.203,0.0568408,0.121169
-208.861,296.203,0.0570256,0.12202
-205.063,296.203,0.0572058,0.122857
-201.266,296.203,0.0573812,0.12368
-197.468,296.203,0.0575516,0.124489
-193.671,296.203,0.0577168,0.125286
-189.873,296.203,0.0578768,0.12607
-186.076,296.203,0.0580314,0.126843
-182.278,296.203,0.0581803,0.127603
-178.481,296.203,0.0583234,0.128353
-174.684,296.203,0.0584605,0.129093
-170.886,296.203,0.0585915,0.129823
-167.089,296.203,0.0587163,0.130542
-163.291,296.203,0.0588345,0.131253
-159.494,296.203,0.0589462,0.131956
-155.696,296.203,0.0590511,0.13265
-151.899,296.203,0.059149,0.133336
-148.101,296.203,0.0592397,0.134016
-144.304,296.203,0.0593232,0.134689
-140.506,296.203,0.0593993,0.135355
-136.709,296.203,0.0594677,0.136016
-132.911,296.203,0.0595283,0.136671
-129.114,296.203,0.059581,0.137322
-125.316,296.203,0.0596255,0.137968
-121.519,296.203,0.0596618,0.138611
-117.722,296.203,0.0596896,0.13925
-113.924,296.203,0.0597088,0.139886
-110.127,296.203,0.0597192,0.14052
-106.329,296.203,0.0597207,0.141152
-102.532,296.203,0.059713,0.141782
-98.7342,296.203,0.059696,0.142412
-94.9367,296.203,0.0596696,0.14304
-91.1392,296.203,0.0596336,0.143669
-87.3418,296.203,0.0595878,0.144298
-83.5443,296.203,0.0595321,0.144929
-79.7468,296.203,0.0594662,0.14556
-75.9494,296.203,0.05939,0.146193
-72.1519,296.203,0.0593034,0.146829
-68.3544,296.203,0.0592062,0.147467
-64.557,296.203,0.0590982,0.148109
-60.7595,296.203,0.0589793,0.148755
-56.962,296.203,0.0588492,0.149404
-53.1646,296.203,0.0587078,0.150059
-49.3671,296.203,0.0585551,0.150718
-45.5696,296.203,0.0583907,0.151383
-41.7722,296.203,0.0582145,0.152055
-37.9747,296.203,0.0580263,0.152733
-34.1772,296.203,0.0578261,0.153418
-30.3797,296.203,0.0576136,0.15411
-26.5823,296.203,0.0573886,0.15481
-22.7848,296.203,0.057151,0.155519
-18.9873,296.203,0.0569007,0.156237
-15.1899,296.203,0.0566374,0.156965
-11.3924,296.203,0.056361,0.157702
-7.59494,296.203,0.0560713,0.15845
-3.79747,296.203,0.0557682,0.159208
0,296.203,0.0554514,0.159978
-300,300,0.0521878,0.0982825
-296.203,300,0.0524342,0.0995951
-292.405,300,0.0526797,0.100882
-288.608,300,0.0529241,0.102143
-284.81,300,0.0531672,0.10338
-281.013,300,0.0534089,0.104592
-277.215,300,0.0536489,0.105781
-273.418,300,0.0538871,0.106946
-269.62,300,0.0541234,0.108088
-265.823,300,0.0543576,0.109208
-262.025,300,0.0545895,0.110305
-258.228,300,0.054819,0.111381
-254.43,300,0.0550458,0.112437
-250.633,300,0.0552699,0.113471
-246.835,300,0.055491,0.114486
-243.038,300,0.055709,0.115481
-239.241,300,0.0559237,0.116456
-235.443,300,0.0561349,0.117414
-231.646,300,0.0563426,0.118352
-227.848,300,0.0565465,0.119274
-224.051,300,0.0567464,0.120178
-220.253,300,0.0569422,0.121065
-216.456,300,0.0571337,0.121936
-212.658,300,0.0573208,0.122791
-208.861,300,0.0575033,0.123631
-205.063,300,0.057681,0.124456
-201.266,300,0.0578538,0.125266
-197.468,300,0.0580214,0.126063
-193.671,300,0.0581838,0.126846
-189.873,300,0.0583407,0.127617
-186.076,300,0.058492,0.128374
-182.278,300,0.0586376,0.12912
-178.481,300,0.0587772,0.129854
-174.684,300,0.0589107,0.130577
-170.886,300,0.0590379,0.13129
-167.089,300,0.0591587,0.131992
-163.291,300,0.0592729,0.132685
-159.494,300,0.0593803,0.133369
-155.696,300,0.0594807,0.134044
-151.899,300,0.0595741,0.13471
-148.101,300,0.0596602,0.135369
-144.304,300,0.0597388,0.136021
-140.506,300,0.0598099,0.136666
-136.709,300,0.0598731,0.137305
-132.911,300,0.0599285,0.137937
-129.114,300,0.0599757,0.138565
-125.316,300,0.0600147,0.139187
-121.519,300,0.0600452,0.139805
-117.722,300,0.0600671,0.140419
-113.924,300,0.0600803,0.14103
-110.127,300,0.0600845,0.141637
-106.329,300,0.0600796,0.142242
-102.532,300,0.0600655,0.142845
-98.7342,300,0.0600419,0.143447
-94.9367,300,0.0600087,0.144047
-91.1392,300,0.0599658,0.144647
-87.3418,300,0.0599129,0.145246
-83.5443,300,0.0598499,0.145846
-79.7468,300,0.0597767,0.146447
-75.9494,300,0.059693,0.147049
-72.1519,300,0.0595987,0.147652
-68.3544,300,0.0594937,0.148258
-64.557,300,0.0593777,0.148867
-60.7595,300,0.0592506,0.149478
-56.962,300,0.0591123,0.150094
-53.1646,300,0.0589625,0.150713
-49.3671,300,0.0588012,0.151337
-45.5696,300,0.0586281,0.151966
-41.7722,300,0.058443,0.152601
-37.9747,300,0.0582459,0.153241
-34.1772,300,0.0580365,0.153888
-30.3797,300,0.0578147,0.154543
-26.5823,300,0.0575802,0.155204
-22.7848,300,0.0573331,0.155873
-18.9873,300,0.0570729,0.156551
-15.1899,300,0.0567997,0.157238
-11.3924,300,0.0565133,0.157934
-7.59494,300,0.0562134,0.15864
-3.79747,300,0.0558999,0.159356
0,300,0.0555727,0.160082
