Id,Iq,Phi_d_pred,Phi_q_pred
-300,0,0.00722205,-0.0310084
-296.203,0,0.00722205,-0.0310084
-292.405,0,0.00722205,-0.0310084
-288.608,0,0.00722205,-0.0310084
-284.81,0,0.00722016,-0.0309992
-281.013,0,0.00722016,-0.0309992
-277.215,0,0.00723958,-0.0307673
-273.418,0,0.00724943,-0.0306475
-269.62,0,0.00731108,-0.0301008
-265.823,0,0.00733123,-0.0299625
-262.025,0,0.00738545,-0.0295701
-258.228,0,0.00739633,-0.0294845
-254.43,0,0.00749095,-0.0287767
-250.633,0,0.00760226,-0.0279287
-246.835,0,0.00763443,-0.0276707
-243.038,0,0.00764451,-0.0275986
-239.241,0,0.00770584,-0.0271248
-235.443,0,0.00772247,-0.027002
-231.646,0,0.00775587,-0.0267356
-227.848,0,0.0078374,-0.0261531
-224.051,0,0.00797573,-0.0252622
-220.253,0,0.0079831,-0.0252114
-216.456,0,0.00800621,-0.0250219
-212.658,0,0.00807763,-0.0245635
-208.861,0,0.00823085,-0.0236565
-205.063,0,0.00825292,-0.0235102
-201.266,0,0.0083927,-0.0226993
-197.468,0,0.00842737,-0.0224977
-193.671,0,0.00857873,-0.0216794
-189.873,0,0.00860736,-0.0215036
-186.076,0,0.00873961,-0.0207995
-182.278,0,0.00877118,-0.0206095
-178.481,0,0.00903002,-0.0193177
-174.684,0,0.00903347,-0.0192915
-170.886,0,0.009157,-0.0184717
-167.089,0,0.00947309,-0.0168536
-163.291,0,0.00951198,-0.0166157
-159.494,0,0.00952197,-0.0165513
-155.696,0,0.00989551,-0.0146424
-151.899,0,0.00995152,-0.014248
-148.101,0,0.0100617,-0.0136402
-144.304,0,0.0100799,-0.0134898
-140.506,0,0.0101126,-0.0131579
-136.709,0,0.010101,-0.0131534
-132.911,0,0.0100531,-0.0131468
-129.114,0,0.0100561,-0.0130475
-125.316,0,0.010128,-0.0125762
-121.519,0,0.0101541,-0.0124089
-117.722,0,0.0101085,-0.0122747
-113.924,0,0.0101011,-0.0122853
-110.127,0,0.0100601,-0.0116832
-106.329,0,0.0100517,-0.0116365
-102.532,0,0.0101712,-0.0106908
-98.7342,0,0.0101946,-0.0105412
-94.9367,0,0.0102943,-0.00989644
-91.1392,0,0.0103142,-0.00977186
-87.3418,0,0.0105312,-0.00851495
-83.5443,0,0.0105488,-0.00840822
-79.7468,0,0.0107686,-0.00721911
-75.9494,0,0.0108106,-0.00698832
-72.1519,0,0.0110515,-0.00577869
-68.3544,0,0.0111344,-0.00534398
-64.557,0,0.0114095,-0.00383676
-60.7595,0,0.011495,-0.00337603
-56.962,0,0.0117397,-0.00200722
-53.1646,0,0.0118645,-0.00135552
-49.3671,0,0.0125261,0.00203475
-45.5696,0,0.0127419,0.00319294
-41.7722,0,0.0136718,0.00780347
-37.9747,0,0.0137979,0.0084813
-34.1772,0,0.0144771,0.0121377
-30.3797,0,0.0146195,0.012962
-26.5823,0,0.0152864,0.0178512
-22.7848,0,0.01558,0.0202869
-18.9873,0,0.0179889,0.0393331
-15.1899,0,0.0180085,0.0395975
-11.3924,0,0.0182154,0.0420435
-7.59494,0,0.0186033,0.0503372
-3.79747,0,0.0186033,0.0503372
0,0,0.0186033,0.0503372
-300,3.79747,0.00722205,-0.0310084
-296.203,3.79747,0.00722205,-0.0310084
-292.405,3.79747,0.00722205,-0.0310084
-288.608,3.79747,0.00722205,-0.0310084
-284.81,3.79747,0.00722016,-0.0309992
-281.013,3.79747,0.00722016,-0.0309992
-277.215,3.79747,0.00723958,-0.0307673
-273.418,3.79747,0.00724943,-0.0306475
-269.62,3.79747,0.00731108,-0.0301008
-265.823,3.79747,0.00733123,-0.0299625
-262.025,3.79747,0.00738545,-0.0295701
-258.228,3.79747,0.00739633,-0.0294845
-254.43,3.79747,0.00749095,-0.0287767
-250.633,3.79747,0.00760226,-0.0279287
-246.835,3.79747,0.00763443,-0.0276707
-243.038,3.79747,0.00764451,-0.0275986
-239.241,3.79747,0.00770584,-0.0271248
-235.443,3.79747,0.00772247,-0.027002
-231.646,3.79747,0.00775587,-0.0267356
-227.848,3.79747,0.0078374,-0.0261531
-224.051,3.79747,0.00797573,-0.0252622
-220.253,3.79747,0.0079831,-0.0252114
-216.456,3.79747,0.00800621,-0.0250219
-212.658,3.79747,0.00807763,-0.0245635
-208.861,3.79747,0.00823085,-0.0236565
-205.063,3.79747,0.00825292,-0.0235102
-201.266,3.79747,0.0083927,-0.0226993
-197.468,3.79747,0.00842737,-0.0224977
-193.671,3.79747,0.00857873,-0.0216794
-189.873,3.79747,0.00860736,-0.0215036
-186.076,3.79747,0.00873961,-0.0207995
-182.278,3.79747,0.00877118,-0.0206095
-178.481,3.79747,0.00903002,-0.0193177
-174.684,3.79747,0.00903347,-0.0192915
-170.886,3.79747,0.009157,-0.0184717
-167.089,3.79747,0.00947309,-0.0168536
-163.291,3.79747,0.00951198,-0.0166157
-159.494,3.79747,0.00952197,-0.0165513
-155.696,3.79747,0.00989551,-0.0146424
-151.899,3.79747,0.00995152,-0.014248
-148.101,3.79747,0.0100617,-0.0136402
-144.304,3.79747,0.0100799,-0.0134898
-140.506,3.79747,0.0101126,-0.0131579
-136.709,3.79747,0.010101,-0.0131534
-132.911,3.79747,0.0100531,-0.0131468
-129.114,3.79747,0.0100561,-0.0130475
-125.316,3.79747,0.010128,-0.0125762
-121.519,3.79747,0.0101541,-0.0124089
-117.722,3.79747,0.0101085,-0.0122747
-113.924,3.79747,0.0101011,-0.0122853
-110.127,3.79747,0.0100601,-0.0116832
-106.329,3.79747,0.0100517,-0.0116365
-102.532,3.79747,0.0101712,-0.0106908
-98.7342,3.79747,0.0101946,-0.0105412
-94.9367,3.79747,0.0102943,-0.00989644
-91.1392,3.79747,0.0103142,-0.00977186
-87.3418,3.79747,0.0105312,-0.00851495
-83.5443,3.79747,0.0105488,-0.00840822
-79.7468,3.79747,0.0107686,-0.00721911
-75.9494,3.79747,0.0108106,-0.00698832
-72.1519,3.79747,0.0110515,-0.00577869
-68.3544,3.79747,0.0111344,-0.00534398
-64.557,3.79747,0.0114095,-0.00383676
-60.7595,3.79747,0.011495,-0.00337603
-56.962,3.79747,0.0117397,-0.00200722
-53.1646,3.79747,0.0118645,-0.00135552
-49.3671,3.79747,0.0125261,0.00203475
-45.5696,3.79747,0.0127419,0.00319294
-41.7722,3.79747,0.0136718,0.00780347
-37.9747,3.79747,0.0137979,0.0084813
-34.1772,3.79747,0.0144771,0.0121377
-30.3797,3.79747,0.0146195,0.012962
-26.5823,3.79747,0.0152864,0.0178512
-22.7848,3.79747,0.01558,0.0202869
-18.9873,3.79747,0.0179889,0.0393331
-15.1899,3.79747,0.0180085,0.0395975
-11.3924,3.79747,0.0182154,0.0420435
-7.59494,3.79747,0.0186033,0.0503372
-3.79747,3.79747,0.0186033,0.0503372
0,3.79747,0.0186033,0.0503372
-300,7.59494,0.00847948,-0.0274951
-296.203,7.59494,0.00847948,-0.0274951
-292.405,7.59494,0.00847948,-0.0274951
-288.608,7.59494,0.00847948,-0.0274951
-284.81,7.59494,0.00847085,-0.0274997
-281.013,7.59494,0.00847213,-0.027478
-277.215,7.59494,0.00851614,-0.0271326
-273.418,7.59494,0.00853766,-0.0269774
-269.62,7.59494,0.00865757,-0.0262858
-265.823,7.59494,0.00867035,-0.026196
-262.025,7.59494,0.00872577,-0.025832
-258.228,7.59494,0.00876738,-0.0256208
-254.43,7.59494,0.00894493,-0.0247256
-250.633,7.59494,0.00903297,-0.0241153
-246.835,7.59494,0.00904526,-0.024008
-243.038,7.59494,0.00904449,-0.0240027
-239.241,7.59494,0.00907396,-0.0235831
-235.443,7.59494,0.0090704,-0.0235786
-231.646,7.59494,0.00909453,-0.0233054
-227.848,7.59494,0.00925609,-0.0223418
-224.051,7.59494,0.00938877,-0.0214121
-220.253,7.59494,0.00938849,-0.0213929
-216.456,7.59494,0.00938994,-0.0213352
-212.658,7.59494,0.00951519,-0.0206404
-208.861,7.59494,0.00973896,-0.0194754
-205.063,7.59494,0.00976048,-0.0193747
-201.266,7.59494,0.00993883,-0.0183677
-197.468,7.59494,0.00995514,-0.0182536
-193.671,7.59494,0.0100996,-0.0174406
-189.873,7.59494,0.0101164,-0.0173223
-186.076,7.59494,0.0101974,-0.0167708
-182.278,7.59494,0.0102397,-0.0165111
-178.481,7.59494,0.0103909,-0.0155606
-174.684,7.59494,0.0103971,-0.0155221
-170.886,7.59494,0.0105335,-0.0147793
-167.089,7.59494,0.0107779,-0.0134832
-163.291,7.59494,0.0108274,-0.0132419
-159.494,7.59494,0.0108392,-0.0131714
-155.696,7.59494,0.0111369,-0.0117121
-151.899,7.59494,0.0112287,-0.0112409
-148.101,7.59494,0.0113447,-0.0105978
-144.304,7.59494,0.0113536,-0.01052
-140.506,7.59494,0.0114666,-0.00988801
-136.709,7.59494,0.0114751,-0.00981947
-132.911,7.59494,0.0115564,-0.00933468
-129.114,7.59494,0.0116782,-0.00867833
-125.316,7.59494,0.0117973,-0.0081023
-121.519,7.59494,0.011803,-0.00803938
-117.722,7.59494,0.0119216,-0.00746749
-113.924,7.59494,0.0119209,-0.00744903
-110.127,7.59494,0.0125944,-0.00465025
-106.329,7.59494,0.0125878,-0.0046195
-102.532,7.59494,0.0132115,-0.00197855
-98.7342,7.59494,0.0132246,-0.00188333
-94.9367,7.59494,0.0135957,-4.9661e-05
-91.1392,7.59494,0.013607,0.000126634
-87.3418,7.59494,0.0141779,0.00318948
-83.5443,7.59494,0.0141967,0.0033914
-79.7468,7.59494,0.0146058,0.00538333
-75.9494,7.59494,0.0146266,0.00553386
-72.1519,7.59494,0.014901,0.00700482
-68.3544,7.59494,0.0149646,0.00736065
-64.557,7.59494,0.0155855,0.0103668
-60.7595,7.59494,0.0156295,0.0105991
-56.962,7.59494,0.0158233,0.0118852
-53.1646,7.59494,0.0160754,0.0132548
-49.3671,7.59494,0.0169251,0.0172701
-45.5696,7.59494,0.0169613,0.0174639
-41.7722,7.59494,0.0175083,0.0204891
-37.9747,7.59494,0.0175586,0.0208654
-34.1772,7.59494,0.0180055,0.0237481
-30.3797,7.59494,0.018085,0.0243563
-26.5823,7.59494,0.0186147,0.028955
-22.7848,7.59494,0.0188739,0.0313155
-18.9873,7.59494,0.0208541,0.049098
-15.1899,7.59494,0.0208627,0.0493248
-11.3924,7.59494,0.0209603,0.052308
-7.59494,7.59494,0.021086,0.0610574
-3.79747,7.59494,0.021086,0.0610574
0,7.59494,0.021086,0.0610574
-300,11.3924,0.00847948,-0.0274951
-296.203,11.3924,0.00847948,-0.0274951
-292.405,11.3924,0.00847948,-0.0274951
-288.608,11.3924,0.00847948,-0.0274951
-284.81,11.3924,0.00847085,-0.0274997
-281.013,11.3924,0.00847213,-0.027478
-277.215,11.3924,0.00851614,-0.0271326
-273.418,11.3924,0.00853766,-0.0269774
-269.62,11.3924,0.00865757,-0.0262858
-265.823,11.3924,0.00867035,-0.026196
-262.025,11.3924,0.00872577,-0.025832
-258.228,11.3924,0.00876738,-0.0256208
-254.43,11.3924,0.00894493,-0.0247256
-250.633,11.3924,0.00903297,-0.0241153
-246.835,11.3924,0.00904526,-0.024008
-243.038,11.3924,0.00904449,-0.0240027
-239.241,11.3924,0.00907396,-0.0235831
-235.443,11.3924,0.0090704,-0.0235786
-231.646,11.3924,0.00909453,-0.0233054
-227.848,11.3924,0.00925609,-0.0223418
-224.051,11.3924,0.00939739,-0.0213859
-220.253,11.3924,0.00939711,-0.0213667
-216.456,11.3924,0.00939856,-0.021309
-212.658,11.3924,0.00952381,-0.0206143
-208.861,11.3924,0.00974758,-0.0194492
-205.063,11.3924,0.0097691,-0.0193485
-201.266,11.3924,0.00994637,-0.0183484
-197.468,11.3924,0.00996269,-0.0182343
-193.671,11.3924,0.0101072,-0.0174213
-189.873,11.3924,0.010124,-0.0173029
-186.076,11.3924,0.0101974,-0.0167708
-182.278,11.3924,0.0102397,-0.0165111
-178.481,11.3924,0.0103909,-0.0155606
-174.684,11.3924,0.0103971,-0.0155221
-170.886,11.3924,0.0105433,-0.0147593
-167.089,11.3924,0.0107876,-0.0134632
-163.291,11.3924,0.0108372,-0.0132219
-159.494,11.3924,0.010849,-0.0131514
-155.696,11.3924,0.0111472,-0.0116858
-151.899,11.3924,0.0112389,-0.0112146
-148.101,11.3924,0.0113549,-0.0105715
-144.304,11.3924,0.0113638,-0.0104937
-140.506,11.3924,0.0114897,-0.00982158
-136.709,11.3924,0.0114981,-0.00975303
-132.911,11.3924,0.0115794,-0.00926824
-129.114,11.3924,0.0117012,-0.0086119
-125.316,11.3924,0.0118203,-0.00803586
-121.519,11.3924,0.0118281,-0.00796305
-117.722,11.3924,0.0119467,-0.00739117
-113.924,11.3924,0.011946,-0.0073727
-110.127,11.3924,0.0126729,-0.00440034
-106.329,11.3924,0.0126663,-0.00436958
-102.532,11.3924,0.0132925,-0.00171231
-98.7342,11.3924,0.0133021,-0.00163924
-94.9367,11.3924,0.0136732,0.000194425
-91.1392,11.3924,0.0136845,0.00037072
-87.3418,11.3924,0.0142578,0.00343122
-83.5443,11.3924,0.0142766,0.00363313
-79.7468,11.3924,0.0146857,0.00562506
-75.9494,11.3924,0.0147065,0.0057756
-72.1519,11.3924,0.0149358,0.00710362
-68.3544,11.3924,0.0149994,0.00745945
-64.557,11.3924,0.0156067,0.0104214
-60.7595,11.3924,0.0156507,0.0106537
-56.962,11.3924,0.0158445,0.0119398
-53.1646,11.3924,0.0160966,0.0133094
-49.3671,11.3924,0.0169544,0.0173544
-45.5696,11.3924,0.0169906,0.0175483
-41.7722,11.3924,0.0175598,0.0206721
-37.9747,11.3924,0.0176102,0.0210484
-34.1772,11.3924,0.0181097,0.0241166
-30.3797,11.3924,0.0181892,0.0247248
-26.5823,11.3924,0.0187234,0.0293788
-22.7848,11.3924,0.019041,0.0319268
-18.9873,11.3924,0.0213419,0.0506744
-15.1899,11.3924,0.0213506,0.0509012
-11.3924,11.3924,0.0214806,0.0542055
-7.59494,11.3924,0.0216063,0.0629549
-3.79747,11.3924,0.0216063,0.0629549
0,11.3924,0.0216063,0.0629549
-300,15.1899,0.00973424,-0.0238585
-296.203,15.1899,0.00973424,-0.0238585
-292.405,15.1899,0.00973424,-0.0238585
-288.608,15.1899,0.00973424,-0.0238585
-284.81,15.1899,0.00972293,-0.0238763
-281.013,15.1899,0.00980133,-0.0234585
-277.215,15.1899,0.00987564,-0.0231323
-273.418,15.1899,0.00987724,-0.0231111
-269.62,15.1899,0.00998062,-0.0225353
-265.823,15.1899,0.00998364,-0.0225179
-262.025,15.1899,0.0100442,-0.0221867
-258.228,15.1899,0.010166,-0.021469
-254.43,15.1899,0.0103079,-0.0205987
-250.633,15.1899,0.0103375,-0.0203759
-246.835,15.1899,0.0103994,-0.020032
-243.038,15.1899,0.0104063,-0.0199874
-239.241,15.1899,0.0105483,-0.0192536
-235.443,15.1899,0.0105975,-0.0190022
-231.646,15.1899,0.0107068,-0.018424
-227.848,15.1899,0.0108333,-0.0177363
-224.051,15.1899,0.0109819,-0.0169164
-220.253,15.1899,0.0109853,-0.0168824
-216.456,15.1899,0.0110396,-0.0165591
-212.658,15.1899,0.0111557,-0.0158935
-208.861,15.1899,0.0113712,-0.0147666
-205.063,15.1899,0.0113743,-0.0147261
-201.266,15.1899,0.0115674,-0.013794
-197.468,15.1899,0.0115733,-0.0137662
-193.671,15.1899,0.011784,-0.0127512
-189.873,15.1899,0.0118027,-0.0126244
-186.076,15.1899,0.0119785,-0.0117544
-182.278,15.1899,0.0120429,-0.0114286
-178.481,15.1899,0.0123239,-0.0100822
-174.684,15.1899,0.012344,-0.00997473
-170.886,15.1899,0.0125514,-0.00900326
-167.089,15.1899,0.0128276,-0.00770466
-163.291,15.1899,0.0128769,-0.00742219
-159.494,15.1899,0.0128801,-0.00739502
-155.696,15.1899,0.0131579,-0.00607711
-151.899,15.1899,0.0131963,-0.00588039
-148.101,15.1899,0.0133979,-0.00497357
-144.304,15.1899,0.0134494,-0.00473827
-140.506,15.1899,0.0136874,-0.00365904
-136.709,15.1899,0.0138865,-0.00276631
-132.911,15.1899,0.0140369,-0.00198155
-129.114,15.1899,0.0140558,-0.00186932
-125.316,15.1899,0.0141387,-0.00139082
-121.519,15.1899,0.014187,-0.00105297
-117.722,15.1899,0.0143842,3.35736e-05
-113.924,15.1899,0.0144159,0.000203582
-110.127,15.1899,0.0148464,0.00256362
-106.329,15.1899,0.0149015,0.00287999
-102.532,15.1899,0.0151693,0.00457592
-98.7342,15.1899,0.0151863,0.00470972
-94.9367,15.1899,0.0153564,0.0058654
-91.1392,15.1899,0.0153932,0.00613303
-87.3418,15.1899,0.0157745,0.00835219
-83.5443,15.1899,0.015796,0.00855408
-79.7468,15.1899,0.0160034,0.00976423
-75.9494,15.1899,0.0160338,0.00992287
-72.1519,15.1899,0.0162515,0.0110313
-68.3544,15.1899,0.0163696,0.0115808
-64.557,15.1899,0.0170486,0.014797
-60.7595,15.1899,0.0170872,0.015011
-56.962,15.1899,0.0174,0.016815
-53.1646,15.1899,0.017663,0.0183147
-49.3671,15.1899,0.0184443,0.0221987
-45.5696,15.1899,0.0184675,0.0223228
-41.7722,15.1899,0.0192771,0.0266779
-37.9747,15.1899,0.0193388,0.0271534
-34.1772,15.1899,0.0201545,0.0319293
-30.3797,15.1899,0.0202381,0.0324287
-26.5823,15.1899,0.021215,0.0388582
-22.7848,15.1899,0.021623,0.0422406
-18.9873,15.1899,0.0243321,0.0611337
-15.1899,15.1899,0.0243537,0.0614231
-11.3924,15.1899,0.0245586,0.0660002
-7.59494,15.1899,0.0245286,0.0734849
-3.79747,15.1899,0.0245286,0.0734849
0,15.1899,0.0245286,0.0734849
-300,18.9873,0.00973424,-0.0238585
-296.203,18.9873,0.00973424,-0.0238585
-292.405,18.9873,0.00973424,-0.0238585
-288.608,18.9873,0.00973424,-0.0238585
-284.81,18.9873,0.00972293,-0.0238763
-281.013,18.9873,0.00980133,-0.0234585
-277.215,18.9873,0.00987564,-0.0231323
-273.418,18.9873,0.00987724,-0.0231111
-269.62,18.9873,0.00998062,-0.0225353
-265.823,18.9873,0.00998364,-0.0225179
-262.025,18.9873,0.0100442,-0.0221867
-258.228,18.9873,0.010166,-0.021469
-254.43,18.9873,0.0103079,-0.0205987
-250.633,18.9873,0.0103375,-0.0203759
-246.835,18.9873,0.0103994,-0.020032
-243.038,18.9873,0.0104063,-0.0199874
-239.241,18.9873,0.0105483,-0.0192536
-235.443,18.9873,0.0105975,-0.0190022
-231.646,18.9873,0.0107068,-0.018424
-227.848,18.9873,0.0108333,-0.0177363
-224.051,18.9873,0.0109819,-0.0169164
-220.253,18.9873,0.0109853,-0.0168824
-216.456,18.9873,0.0110396,-0.0165591
-212.658,18.9873,0.0111557,-0.0158935
-208.861,18.9873,0.0113712,-0.0147666
-205.063,18.9873,0.0113743,-0.0147261
-201.266,18.9873,0.0115674,-0.013794
-197.468,18.9873,0.0115733,-0.0137662
-193.671,18.9873,0.011784,-0.0127512
-189.873,18.9873,0.0118027,-0.0126244
-186.076,18.9873,0.0119785,-0.0117544
-182.278,18.9873,0.0120429,-0.0114286
-178.481,18.9873,0.0123239,-0.0100822
-174.684,18.9873,0.012344,-0.00997473
-170.886,18.9873,0.0125514,-0.00900326
-167.089,18.9873,0.0128276,-0.00770466
-163.291,18.9873,0.0128769,-0.00742219
-159.494,18.9873,0.0128801,-0.00739502
-155.696,18.9873,0.0131579,-0.00607711
-151.899,18.9873,0.0131963,-0.00588039
-148.101,18.9873,0.0133979,-0.00497357
-144.304,18.9873,0.0134494,-0.00473827
-140.506,18.9873,0.0136874,-0.00365904
-136.709,18.9873,0.0138865,-0.00276631
-132.911,18.9873,0.0140369,-0.00198155
-129.114,18.9873,0.0140558,-0.00186932
-125.316,18.9873,0.0141387,-0.00139082
-121.519,18.9873,0.014187,-0.00105297
-117.722,18.9873,0.0143842,3.35736e-05
-113.924,18.9873,0.0144159,0.000203582
-110.127,18.9873,0.0148464,0.00256362
-106.329,18.9873,0.0149015,0.00287999
-102.532,18.9873,0.0151693,0.00457592
-98.7342,18.9873,0.0151863,0.00470972
-94.9367,18.9873,0.0153564,0.0058654
-91.1392,18.9873,0.0153932,0.00613303
-87.3418,18.9873,0.0158078,0.00845023
-83.5443,18.9873,0.0158293,0.00865211
-79.7468,18.9873,0.0160366,0.00986227
-75.9494,18.9873,0.0160681,0.0100313
-72.1519,18.9873,0.0162922,0.011167
-68.3544,18.9873,0.0164103,0.0117165
-64.557,18.9873,0.0171106,0.0149904
-60.7595,18.9873,0.0171491,0.0152044
-56.962,18.9873,0.0175509,0.0173035
-53.1646,18.9873,0.0178173,0.0188212
-49.3671,18.9873,0.0187275,0.0231353
-45.5696,18.9873,0.0187506,0.0232594
-41.7722,18.9873,0.019723,0.0282245
-37.9747,18.9873,0.0197865,0.0287211
-34.1772,18.9873,0.0206094,0.0335255
-30.3797,18.9873,0.0206804,0.0339689
-26.5823,18.9873,0.0215987,0.0402322
-22.7848,18.9873,0.0219771,0.0435107
-18.9873,18.9873,0.0244838,0.0617094
-15.1899,18.9873,0.0244805,0.0619075
-11.3924,18.9873,0.0246701,0.0664349
-7.59494,18.9873,0.0245773,0.0736439
-3.79747,18.9873,0.0245773,0.0736439
0,18.9873,0.0245773,0.0736439
-300,22.7848,0.0116504,-0.0176904
-296.203,22.7848,0.0116504,-0.0176904
-292.405,22.7848,0.0116504,-0.0176904
-288.608,22.7848,0.0116504,-0.0176904
-284.81,22.7848,0.011649,-0.0176853
-281.013,22.7848,0.0116812,-0.0175557
-277.215,22.7848,0.0116623,-0.0175379
-273.418,22.7848,0.0116588,-0.0175369
-269.62,22.7848,0.0116931,-0.0172493
-265.823,22.7848,0.0116919,-0.0172473
-262.025,22.7848,0.0117655,-0.0167729
-258.228,22.7848,0.0118249,-0.0164257
-254.43,22.7848,0.0120502,-0.0152586
-250.633,22.7848,0.0121385,-0.0148161
-246.835,22.7848,0.0122259,-0.0143979
-243.038,22.7848,0.0122389,-0.0143357
-239.241,22.7848,0.0124153,-0.0134092
-235.443,22.7848,0.0124467,-0.0132306
-231.646,22.7848,0.0125986,-0.0124796
-227.848,22.7848,0.0126249,-0.0123593
-224.051,22.7848,0.012826,-0.0113906
-220.253,22.7848,0.0128776,-0.0111643
-216.456,22.7848,0.0131408,-0.0099931
-212.658,22.7848,0.0131649,-0.00988691
-208.861,22.7848,0.0133903,-0.00889959
-205.063,22.7848,0.0134594,-0.00858471
-201.266,22.7848,0.0135019,-0.00828346
-197.468,22.7848,0.0135557,-0.00801935
-193.671,22.7848,0.0137875,-0.00686699
-189.873,22.7848,0.0138707,-0.00645633
-186.076,22.7848,0.0140668,-0.00550562
-182.278,22.7848,0.0140871,-0.00540861
-178.481,22.7848,0.0141775,-0.00483807
-174.684,22.7848,0.0141879,-0.00478031
-170.886,22.7848,0.0145095,-0.00342976
-167.089,22.7848,0.0145756,-0.00310795
-163.291,22.7848,0.0147935,-0.00212318
-159.494,22.7848,0.0148239,-0.0019876
-155.696,22.7848,0.0149708,-0.00131949
-151.899,22.7848,0.0150512,-0.000878482
-148.101,22.7848,0.0152823,0.000281018
-144.304,22.7848,0.0153403,0.000591538
-140.506,22.7848,0.0155796,0.00199096
-136.709,22.7848,0.0156191,0.00225739
-132.911,22.7848,0.0157481,0.00307705
-129.114,22.7848,0.0158312,0.00346369
-125.316,22.7848,0.0161048,0.00497132
-121.519,22.7848,0.0162075,0.00558941
-117.722,22.7848,0.0163715,0.00661166
-113.924,22.7848,0.0163715,0.00661166
-110.127,22.7848,0.0167956,0.00891268
-106.329,22.7848,0.0168145,0.00902903
-102.532,22.7848,0.0172855,0.011177
-98.7342,22.7848,0.017301,0.0112623
-94.9367,22.7848,0.0178801,0.0137233
-91.1392,22.7848,0.0181368,0.0148748
-87.3418,22.7848,0.0188163,0.0178834
-83.5443,22.7848,0.0188251,0.017922
-79.7468,22.7848,0.0193293,0.0204705
-75.9494,22.7848,0.0194658,0.0211179
-72.1519,22.7848,0.0197865,0.0228031
-68.3544,22.7848,0.0198672,0.0231776
-64.557,22.7848,0.0203874,0.0259868
-60.7595,22.7848,0.0204726,0.0264586
-56.962,22.7848,0.0209592,0.0291194
-53.1646,22.7848,0.0211712,0.0303383
-49.3671,22.7848,0.0217455,0.0336261
-45.5696,22.7848,0.021816,0.034077
-41.7722,22.7848,0.0225648,0.0385194
-37.9747,22.7848,0.0226305,0.0389747
-34.1772,22.7848,0.0232827,0.0432723
-30.3797,22.7848,0.0233372,0.043679
-26.5823,22.7848,0.0238991,0.0485088
-22.7848,22.7848,0.0241638,0.051352
-18.9873,22.7848,0.0252571,0.0642239
-15.1899,22.7848,0.0252538,0.064422
-11.3924,22.7848,0.0254111,0.0691888
-7.59494,22.7848,0.025168,0.0753276
-3.79747,22.7848,0.025168,0.0753276
0,22.7848,0.025168,0.0753276
-300,26.5823,0.011657,-0.0176717
-296.203,26.5823,0.011657,-0.0176717
-292.405,26.5823,0.011657,-0.0176717
-288.608,26.5823,0.011657,-0.0176717
-284.81,26.5823,0.0116557,-0.0176666
-281.013,26.5823,0.0116878,-0.017537
-277.215,26.5823,0.0116698,-0.0175145
-273.418,26.5823,0.0116664,-0.0175134
-269.62,26.5823,0.0117007,-0.0172259
-265.823,26.5823,0.0116995,-0.0172238
-262.025,26.5823,0.0117731,-0.0167495
-258.228,26.5823,0.0118249,-0.0164257
-254.43,26.5823,0.0120502,-0.0152586
-250.633,26.5823,0.0121385,-0.0148161
-246.835,26.5823,0.0122259,-0.0143979
-243.038,26.5823,0.0122389,-0.0143357
-239.241,26.5823,0.0124153,-0.0134092
-235.443,26.5823,0.0124467,-0.0132306
-231.646,26.5823,0.0125986,-0.0124796
-227.848,26.5823,0.0126249,-0.0123593
-224.051,26.5823,0.012826,-0.0113906
-220.253,26.5823,0.0128776,-0.0111643
-216.456,26.5823,0.0131479,-0.00997532
-212.658,26.5823,0.013172,-0.00986913
-208.861,26.5823,0.0133975,-0.00888181
-205.063,26.5823,0.0134666,-0.00856693
-201.266,26.5823,0.0135102,-0.00826021
-197.468,26.5823,0.013564,-0.0079961
-193.671,26.5823,0.0137958,-0.00684374
-189.873,26.5823,0.0138791,-0.00643308
-186.076,26.5823,0.0140668,-0.00550562
-182.278,26.5823,0.0140871,-0.00540861
-178.481,26.5823,0.0141775,-0.00483807
-174.684,26.5823,0.0141879,-0.00478031
-170.886,26.5823,0.0145095,-0.00342976
-167.089,26.5823,0.0145756,-0.00310795
-163.291,26.5823,0.0147935,-0.00212318
-159.494,26.5823,0.0148239,-0.0019876
-155.696,26.5823,0.0149708,-0.00131949
-151.899,26.5823,0.0150512,-0.000878482
-148.101,26.5823,0.0152823,0.000281018
-144.304,26.5823,0.0153403,0.000591538
-140.506,26.5823,0.0155796,0.00199096
-136.709,26.5823,0.0156191,0.00225739
-132.911,26.5823,0.0157481,0.00307705
-129.114,26.5823,0.0158312,0.00346369
-125.316,26.5823,0.0161048,0.00497132
-121.519,26.5823,0.0162075,0.00558941
-117.722,26.5823,0.0163715,0.00661166
-113.924,26.5823,0.0163715,0.00661166
-110.127,26.5823,0.0167956,0.00891268
-106.329,26.5823,0.0168145,0.00902903
-102.532,26.5823,0.0172855,0.011177
-98.7342,26.5823,0.017301,0.0112623
-94.9367,26.5823,0.0178975,0.0137769
-91.1392,26.5823,0.0181541,0.0149283
-87.3418,26.5823,0.0188336,0.0179369
-83.5443,26.5823,0.0188424,0.0179756
-79.7468,26.5823,0.0193476,0.0205352
-75.9494,26.5823,0.0194841,0.0211826
-72.1519,26.5823,0.0198048,0.0228677
-68.3544,26.5823,0.0198856,0.0232422
-64.557,26.5823,0.0204034,0.0260396
-60.7595,26.5823,0.0204887,0.0265113
-56.962,26.5823,0.0209752,0.0291722
-53.1646,26.5823,0.0211873,0.0303911
-49.3671,26.5823,0.0217543,0.0336464
-45.5696,26.5823,0.0218248,0.0340973
-41.7722,26.5823,0.0225849,0.038596
-37.9747,26.5823,0.0226506,0.0390513
-34.1772,26.5823,0.0233043,0.0433685
-30.3797,26.5823,0.0233587,0.0437752
-26.5823,26.5823,0.0240166,0.0488481
-22.7848,26.5823,0.0242813,0.0516912
-18.9873,26.5823,0.025518,0.0648558
-15.1899,26.5823,0.0255147,0.0650539
-11.3924,26.5823,0.0257936,0.0701608
-7.59494,26.5823,0.0255631,0.076233
-3.79747,26.5823,0.0255619,0.0762606
0,26.5823,0.0255619,0.0762606
-300,30.3797,0.0126702,-0.0152168
-296.203,30.3797,0.0126702,-0.0152168
-292.405,30.3797,0.0126702,-0.0152168
-288.608,30.3797,0.0126702,-0.0152168
-284.81,30.3797,0.0126754,-0.0151492
-281.013,30.3797,0.0126744,-0.0151424
-277.215,30.3797,0.0126955,-0.0148951
-273.418,30.3797,0.0127173,-0.0147333
-269.62,30.3797,0.0128363,-0.0140984
-265.823,30.3797,0.0128655,-0.0139747
-262.025,30.3797,0.0130475,-0.0131647
-258.228,30.3797,0.0131989,-0.0124708
-254.43,30.3797,0.0134619,-0.0112731
-250.633,30.3797,0.0135027,-0.0110512
-246.835,30.3797,0.0135537,-0.0107792
-243.038,30.3797,0.0135593,-0.0107298
-239.241,30.3797,0.0138048,-0.00962715
-235.443,30.3797,0.0138333,-0.00949719
-231.646,30.3797,0.0140743,-0.00847193
-227.848,30.3797,0.0140966,-0.00836686
-224.051,30.3797,0.0144201,-0.00702272
-220.253,30.3797,0.0145023,-0.00662833
-216.456,30.3797,0.01469,-0.00578091
-212.658,30.3797,0.0147039,-0.00570227
-208.861,30.3797,0.0149346,-0.00465219
-205.063,30.3797,0.0149664,-0.00450004
-201.266,30.3797,0.0150201,-0.00416406
-197.468,30.3797,0.0150876,-0.00384283
-193.671,30.3797,0.0153749,-0.00260837
-189.873,30.3797,0.0154905,-0.00214749
-186.076,30.3797,0.015784,-0.000971853
-182.278,30.3797,0.0158048,-0.000873019
-178.481,30.3797,0.0159629,-0.000132193
-174.684,30.3797,0.0159946,6.33417e-06
-170.886,30.3797,0.0162339,0.00124908
-167.089,30.3797,0.0163221,0.00168593
-163.291,30.3797,0.0165532,0.00292867
-159.494,30.3797,0.016578,0.003062
-155.696,30.3797,0.016786,0.00412144
-151.899,30.3797,0.0168962,0.00478332
-148.101,30.3797,0.0170773,0.00580006
-144.304,30.3797,0.0170794,0.00583944
-140.506,30.3797,0.0171822,0.0067962
-136.709,30.3797,0.0171898,0.00685823
-132.911,30.3797,0.0173881,0.00784436
-129.114,30.3797,0.0175399,0.00852371
-125.316,30.3797,0.0182148,0.0111389
-121.519,30.3797,0.0182754,0.0114292
-117.722,30.3797,0.0185373,0.0126787
-113.924,30.3797,0.0185542,0.0127656
-110.127,30.3797,0.0191139,0.0155203
-106.329,30.3797,0.0191519,0.0157004
-102.532,30.3797,0.0196028,0.0178835
-98.7342,30.3797,0.0196212,0.0179691
-94.9367,30.3797,0.0202194,0.0207684
-91.1392,30.3797,0.020406,0.0217532
-87.3418,30.3797,0.0208715,0.0241714
-83.5443,30.3797,0.0208977,0.0243166
-79.7468,30.3797,0.021559,0.0273721
-75.9494,30.3797,0.0216397,0.0277582
-72.1519,30.3797,0.022521,0.0317221
-68.3544,30.3797,0.0227047,0.0326582
-64.557,30.3797,0.0235656,0.0371209
-60.7595,30.3797,0.0236458,0.0376037
-56.962,30.3797,0.024135,0.0405313
-53.1646,30.3797,0.0241976,0.041004
-49.3671,30.3797,0.0249859,0.0456948
-45.5696,30.3797,0.0250272,0.0460429
-41.7722,30.3797,0.0259493,0.0522529
-37.9747,30.3797,0.0260044,0.0527929
-34.1772,30.3797,0.0269279,0.0592416
-30.3797,30.3797,0.0270143,0.0598737
-26.5823,30.3797,0.028001,0.0671731
-22.7848,30.3797,0.0280711,0.0678693
-18.9873,30.3797,0.0287416,0.0758419
-15.1899,30.3797,0.0287488,0.0760692
-11.3924,30.3797,0.0289776,0.0845242
-7.59494,30.3797,0.0288465,0.0871215
-3.79747,30.3797,0.0287755,0.0881077
0,30.3797,0.0287755,0.0881077
-300,34.1772,0.0126702,-0.0152168
-296.203,34.1772,0.0126702,-0.0152168
-292.405,34.1772,0.0126702,-0.0152168
-288.608,34.1772,0.0126702,-0.0152168
-284.81,34.1772,0.0126754,-0.0151492
-281.013,34.1772,0.0126744,-0.0151424
-277.215,34.1772,0.0126955,-0.0148951
-273.418,34.1772,0.0127173,-0.0147333
-269.62,34.1772,0.0128363,-0.0140984
-265.823,34.1772,0.0128655,-0.0139747
-262.025,34.1772,0.0130475,-0.0131647
-258.228,34.1772,0.0131989,-0.0124708
-254.43,34.1772,0.0134619,-0.0112731
-250.633,34.1772,0.0135027,-0.0110512
-246.835,34.1772,0.0135537,-0.0107792
-243.038,34.1772,0.0135593,-0.0107298
-239.241,34.1772,0.0138048,-0.00962715
-235.443,34.1772,0.0138333,-0.00949719
-231.646,34.1772,0.0140743,-0.00847193
-227.848,34.1772,0.0140966,-0.00836686
-224.051,34.1772,0.0144201,-0.00702272
-220.253,34.1772,0.0145023,-0.00662833
-216.456,34.1772,0.01469,-0.00578091
-212.658,34.1772,0.0147039,-0.00570227
-208.861,34.1772,0.0149346,-0.00465219
-205.063,34.1772,0.0149664,-0.00450004
-201.266,34.1772,0.0150201,-0.00416406
-197.468,34.1772,0.0150876,-0.00384283
-193.671,34.1772,0.0153749,-0.00260837
-189.873,34.1772,0.0154905,-0.00214749
-186.076,34.1772,0.015784,-0.000971853
-182.278,34.1772,0.0158048,-0.000873019
-178.481,34.1772,0.0159629,-0.000132193
-174.684,34.1772,0.0159946,6.33417e-06
-170.886,34.1772,0.0162339,0.00124908
-167.089,34.1772,0.0163221,0.00168593
-163.291,34.1772,0.0165532,0.00292867
-159.494,34.1772,0.016578,0.003062
-155.696,34.1772,0.016786,0.00412144
-151.899,34.1772,0.0168962,0.00478332
-148.101,34.1772,0.0170773,0.00580006
-144.304,34.1772,0.0170794,0.00583944
-140.506,34.1772,0.0171822,0.0067962
-136.709,34.1772,0.0171898,0.00685823
-132.911,34.1772,0.0173881,0.00784436
-129.114,34.1772,0.0175399,0.00852371
-125.316,34.1772,0.0182148,0.0111389
-121.519,34.1772,0.0182754,0.0114292
-117.722,34.1772,0.0185373,0.0126787
-113.924,34.1772,0.0185542,0.0127656
-110.127,34.1772,0.0191139,0.0155203
-106.329,34.1772,0.0191519,0.0157004
-102.532,34.1772,0.0196028,0.0178835
-98.7342,34.1772,0.0196212,0.0179691
-94.9367,34.1772,0.0202277,0.0207905
-91.1392,34.1772,0.0204143,0.0217753
-87.3418,34.1772,0.0208799,0.0241935
-83.5443,34.1772,0.0209061,0.0243387
-79.7468,34.1772,0.0215767,0.0274204
-75.9494,34.1772,0.0216574,0.0278065
-72.1519,34.1772,0.0225591,0.0318215
-68.3544,34.1772,0.0227429,0.0327575
-64.557,34.1772,0.0236438,0.0373392
-60.7595,34.1772,0.023724,0.0378219
-56.962,34.1772,0.024236,0.0408499
-53.1646,34.1772,0.0242985,0.0413227
-49.3671,34.1772,0.0250979,0.0460661
-45.5696,34.1772,0.0251392,0.0464142
-41.7722,34.1772,0.0260186,0.0524911
-37.9747,34.1772,0.0260737,0.053031
-34.1772,34.1772,0.0269488,0.0593266
-30.3797,34.1772,0.0270351,0.0599587
-26.5823,34.1772,0.028001,0.0671731
-22.7848,34.1772,0.0280711,0.0678693
-18.9873,34.1772,0.0287416,0.0758419
-15.1899,34.1772,0.0287488,0.0760692
-11.3924,34.1772,0.0289776,0.0845242
-7.59494,34.1772,0.0288465,0.0871215
-3.79747,34.1772,0.0287755,0.0881077
0,34.1772,0.0287755,0.0881077
-300,37.9747,0.0139332,-0.0118812
-296.203,37.9747,0.0139332,-0.0118812
-292.405,37.9747,0.0139332,-0.0118812
-288.608,37.9747,0.0139332,-0.0118812
-284.81,37.9747,0.0140117,-0.0115062
-281.013,37.9747,0.0140189,-0.0114382
-277.215,37.9747,0.0141276,-0.0109092
-273.418,37.9747,0.0142498,-0.0103376
-269.62,37.9747,0.0143794,-0.00977845
-265.823,37.9747,0.0144049,-0.00965404
-262.025,37.9747,0.0146274,-0.00867441
-258.228,37.9747,0.0146991,-0.00833495
-254.43,37.9747,0.0148922,-0.00746518
-250.633,37.9747,0.0149193,-0.00733167
-246.835,37.9747,0.0150381,-0.00675118
-243.038,37.9747,0.0150768,-0.00656261
-239.241,37.9747,0.0153402,-0.00543269
-235.443,37.9747,0.0153571,-0.00535569
-231.646,37.9747,0.0155789,-0.00439957
-227.848,37.9747,0.0156119,-0.00426131
-224.051,37.9747,0.0158643,-0.00312316
-220.253,37.9747,0.0159133,-0.00289756
-216.456,37.9747,0.0160613,-0.00221684
-212.658,37.9747,0.016082,-0.00210758
-208.861,37.9747,0.0162398,-0.0013202
-205.063,37.9747,0.0162522,-0.00126272
-201.266,37.9747,0.0163399,-0.000765039
-197.468,37.9747,0.0164451,-0.000292849
-193.671,37.9747,0.0167571,0.00114504
-189.873,37.9747,0.0168099,0.00143816
-186.076,37.9747,0.0170591,0.00264723
-182.278,37.9747,0.0170687,0.00270999
-178.481,37.9747,0.0172389,0.00379826
-174.684,37.9747,0.0172809,0.00407398
-170.886,37.9747,0.0175741,0.00557405
-167.089,37.9747,0.0176514,0.00595153
-163.291,37.9747,0.0179315,0.00728941
-159.494,37.9747,0.0179542,0.00740832
-155.696,37.9747,0.018315,0.00896284
-151.899,37.9747,0.0183633,0.00920933
-148.101,37.9747,0.0185081,0.0098766
-144.304,37.9747,0.0185118,0.0098977
-140.506,37.9747,0.0187129,0.0108114
-136.709,37.9747,0.0188006,0.0111945
-132.911,37.9747,0.0190511,0.0123736
-129.114,37.9747,0.0191414,0.0128624
-125.316,37.9747,0.0195477,0.0149069
-121.519,37.9747,0.0195769,0.0150591
-117.722,37.9747,0.0200676,0.0172136
-113.924,37.9747,0.0201271,0.0175091
-110.127,37.9747,0.0209959,0.0213883
-106.329,37.9747,0.0210395,0.0216161
-102.532,37.9747,0.0218259,0.0250865
-98.7342,37.9747,0.0218713,0.025405
-94.9367,37.9747,0.0227273,0.0289669
-91.1392,37.9747,0.0227785,0.0292061
-87.3418,37.9747,0.0231135,0.0310991
-83.5443,37.9747,0.0231713,0.0314872
-79.7468,37.9747,0.0236942,0.0340769
-75.9494,37.9747,0.0237777,0.0345067
-72.1519,37.9747,0.0245004,0.0381701
-68.3544,37.9747,0.0246686,0.0391238
-64.557,37.9747,0.0254262,0.0434363
-60.7595,37.9747,0.0255031,0.0439399
-56.962,37.9747,0.025855,0.0464028
-53.1646,37.9747,0.0258422,0.046505
-49.3671,37.9747,0.0264895,0.0507758
-45.5696,37.9747,0.0264923,0.0509413
-41.7722,37.9747,0.0273777,0.0575605
-37.9747,37.9747,0.0274512,0.0582369
-34.1772,37.9747,0.0284409,0.0652315
-30.3797,37.9747,0.0285367,0.0659521
-26.5823,37.9747,0.0294774,0.072944
-22.7848,37.9747,0.0295119,0.0732199
-18.9873,37.9747,0.0301366,0.0808488
-15.1899,37.9747,0.0301402,0.0810107
-11.3924,37.9747,0.0301784,0.0892345
-7.59494,37.9747,0.0300316,0.0909608
-3.79747,37.9747,0.0298475,0.0919854
0,37.9747,0.0298475,0.0919854
-300,41.7722,0.0139332,-0.0118812
-296.203,41.7722,0.0139332,-0.0118812
-292.405,41.7722,0.0139332,-0.0118812
-288.608,41.7722,0.0139332,-0.0118812
-284.81,41.7722,0.0140117,-0.0115062
-281.013,41.7722,0.0140189,-0.0114382
-277.215,41.7722,0.0141276,-0.0109092
-273.418,41.7722,0.0142498,-0.0103376
-269.62,41.7722,0.0143794,-0.00977845
-265.823,41.7722,0.0144049,-0.00965404
-262.025,41.7722,0.0146274,-0.00867441
-258.228,41.7722,0.0146991,-0.00833495
-254.43,41.7722,0.0148922,-0.00746518
-250.633,41.7722,0.0149193,-0.00733167
-246.835,41.7722,0.0150381,-0.00675118
-243.038,41.7722,0.0150768,-0.00656261
-239.241,41.7722,0.0153402,-0.00543269
-235.443,41.7722,0.0153571,-0.00535569
-231.646,41.7722,0.0155789,-0.00439957
-227.848,41.7722,0.0156119,-0.00426131
-224.051,41.7722,0.0158643,-0.00312316
-220.253,41.7722,0.0159133,-0.00289756
-216.456,41.7722,0.0160613,-0.00221684
-212.658,41.7722,0.016082,-0.00210758
-208.861,41.7722,0.0162398,-0.0013202
-205.063,41.7722,0.0162522,-0.00126272
-201.266,41.7722,0.0163399,-0.000765039
-197.468,41.7722,0.0164451,-0.000292849
-193.671,41.7722,0.0167723,0.00119305
-189.873,41.7722,0.0168251,0.00148617
-186.076,41.7722,0.0170743,0.00269524
-182.278,41.7722,0.0170839,0.002758
-178.481,41.7722,0.0172542,0.00384627
-174.684,41.7722,0.0172961,0.004122
-170.886,41.7722,0.0175741,0.00557405
-167.089,41.7722,0.0176597,0.00597498
-163.291,41.7722,0.0179399,0.00731286
-159.494,41.7722,0.0179625,0.00743177
-155.696,41.7722,0.0183234,0.00898629
-151.899,41.7722,0.0183717,0.00923279
-148.101,41.7722,0.0185165,0.00990005
-144.304,41.7722,0.0185201,0.00992115
-140.506,41.7722,0.0187254,0.0108469
-136.709,41.7722,0.018813,0.01123
-132.911,41.7722,0.0190742,0.0124427
-129.114,41.7722,0.0191849,0.0129944
-125.316,41.7722,0.0196623,0.0152573
-121.519,41.7722,0.0197114,0.0154702
-117.722,41.7722,0.0202274,0.0177076
-113.924,41.7722,0.0202869,0.018003
-110.127,41.7722,0.0211636,0.0218978
-106.329,41.7722,0.0212058,0.0221159
-102.532,41.7722,0.021935,0.0254068
-98.7342,41.7722,0.0219804,0.0257253
-94.9367,41.7722,0.0227743,0.029112
-91.1392,41.7722,0.0228221,0.0293346
-87.3418,41.7722,0.0231599,0.0312371
-83.5443,41.7722,0.0232177,0.0316251
-79.7468,41.7722,0.023725,0.0341794
-75.9494,41.7722,0.0238085,0.0346092
-72.1519,41.7722,0.0245148,0.0382164
-68.3544,41.7722,0.024686,0.0391953
-64.557,41.7722,0.0254436,0.0435078
-60.7595,41.7722,0.0255205,0.0440114
-56.962,41.7722,0.0258991,0.0465576
-53.1646,41.7722,0.0258864,0.0466598
-49.3671,41.7722,0.0265476,0.0509674
-45.5696,41.7722,0.0265504,0.0511329
-41.7722,41.7722,0.0274794,0.0579087
-37.9747,41.7722,0.0275529,0.0585851
-34.1772,41.7722,0.0286203,0.0658334
-30.3797,41.7722,0.0287162,0.066554
-26.5823,41.7722,0.029639,0.0735436
-22.7848,41.7722,0.0296735,0.0738195
-18.9873,41.7722,0.0302632,0.0812298
-15.1899,41.7722,0.0302668,0.0813917
-11.3924,41.7722,0.0302961,0.0896054
-7.59494,41.7722,0.0301388,0.0912477
-3.79747,41.7722,0.0299549,0.092319
0,41.7722,0.0299549,0.092319
-300,45.5696,0.0154225,-0.00749797
-296.203,45.5696,0.0154225,-0.00749797
-292.405,45.5696,0.0154225,-0.00749797
-288.608,45.5696,0.0154225,-0.00749797
-284.81,45.5696,0.0154882,-0.00726315
-281.013,45.5696,0.0155274,-0.00712029
-277.215,45.5696,0.0157111,-0.00637484
-273.418,45.5696,0.0157922,-0.00603212
-269.62,45.5696,0.015931,-0.00542062
-265.823,45.5696,0.0159675,-0.00525178
-262.025,45.5696,0.0160932,-0.00469489
-258.228,45.5696,0.0161438,-0.0044754
-254.43,45.5696,0.016288,-0.00383749
-250.633,45.5696,0.0163881,-0.0034311
-246.835,45.5696,0.0166562,-0.00235386
-243.038,45.5696,0.0167777,-0.00184864
-239.241,45.5696,0.0170179,-0.000843476
-235.443,45.5696,0.0170268,-0.000805929
-231.646,45.5696,0.0172168,2.58186e-05
-227.848,45.5696,0.0172552,0.000191656
-224.051,45.5696,0.0175268,0.00141774
-220.253,45.5696,0.0175519,0.00155785
-216.456,45.5696,0.0177846,0.00261546
-212.658,45.5696,0.0178066,0.00272569
-208.861,45.5696,0.0179315,0.0033902
-205.063,45.5696,0.0179837,0.00368945
-201.266,45.5696,0.0181904,0.00477335
-197.468,45.5696,0.0183364,0.00554629
-193.671,45.5696,0.0185366,0.00667555
-189.873,45.5696,0.0185572,0.00679568
-186.076,45.5696,0.0186637,0.00747712
-182.278,45.5696,0.0186862,0.00763073
-178.481,45.5696,0.0189959,0.00900322
-174.684,45.5696,0.0190781,0.00936856
-170.886,45.5696,0.0193849,0.0106412
-167.089,45.5696,0.0194815,0.0110341
-163.291,45.5696,0.0197883,0.0122814
-159.494,45.5696,0.0198187,0.0124133
-155.696,45.5696,0.0201182,0.0137476
-151.899,45.5696,0.02017,0.0139539
-148.101,45.5696,0.020558,0.0155537
-144.304,45.5696,0.0206352,0.0158712
-140.506,45.5696,0.020947,0.0172421
-136.709,45.5696,0.0211679,0.0182744
-132.911,45.5696,0.0213801,0.0194216
-129.114,45.5696,0.0214472,0.0197778
-125.316,45.5696,0.0217596,0.0214765
-121.519,45.5696,0.0217982,0.0216969
-117.722,45.5696,0.0223844,0.0242506
-113.924,45.5696,0.022461,0.0245938
-110.127,45.5696,0.0233428,0.0284161
-106.329,45.5696,0.0234079,0.0287141
-102.532,45.5696,0.0242343,0.0323485
-98.7342,45.5696,0.0243138,0.0328236
-94.9367,45.5696,0.0247902,0.0351574
-91.1392,45.5696,0.0247882,0.0351588
-87.3418,45.5696,0.0254084,0.0387688
-83.5443,45.5696,0.0254941,0.0393687
-79.7468,45.5696,0.0259822,0.0420515
-75.9494,45.5696,0.026015,0.042224
-72.1519,45.5696,0.0264737,0.0449038
-68.3544,45.5696,0.0265933,0.0457751
-64.557,45.5696,0.0272824,0.0502846
-60.7595,45.5696,0.0273397,0.0506646
-56.962,45.5696,0.0278618,0.0537873
-53.1646,45.5696,0.0279132,0.0541296
-49.3671,45.5696,0.0287895,0.0594185
-45.5696,45.5696,0.0287882,0.0594945
-41.7722,45.5696,0.0296679,0.0667327
-37.9747,45.5696,0.0297613,0.0678642
-34.1772,45.5696,0.0307307,0.074505
-30.3797,45.5696,0.0307455,0.0746733
-26.5823,45.5696,0.0313394,0.0800636
-22.7848,45.5696,0.0313445,0.0801298
-18.9873,45.5696,0.0318588,0.0873902
-15.1899,45.5696,0.0318624,0.0875942
-11.3924,45.5696,0.0315525,0.0944324
-7.59494,45.5696,0.0314341,0.0950619
-3.79747,45.5696,0.0312119,0.0961847
0,45.5696,0.0312119,0.0961847
-300,49.3671,0.0154298,-0.00747809
-296.203,49.3671,0.0154298,-0.00747809
-292.405,49.3671,0.0154298,-0.00747809
-288.608,49.3671,0.0154298,-0.00747809
-284.81,49.3671,0.0154954,-0.00724327
-281.013,49.3671,0.0155347,-0.00710041
-277.215,49.3671,0.0157111,-0.00637484
-273.418,49.3671,0.0157922,-0.00603212
-269.62,49.3671,0.015931,-0.00542062
-265.823,49.3671,0.0159675,-0.00525178
-262.025,49.3671,0.0160932,-0.00469489
-258.228,49.3671,0.0161438,-0.0044754
-254.43,49.3671,0.016288,-0.00383749
-250.633,49.3671,0.0163881,-0.0034311
-246.835,49.3671,0.0166562,-0.00235386
-243.038,49.3671,0.0167777,-0.00184864
-239.241,49.3671,0.0170179,-0.000843476
-235.443,49.3671,0.0170268,-0.000805929
-231.646,49.3671,0.0172168,2.58186e-05
-227.848,49.3671,0.0172552,0.000191656
-224.051,49.3671,0.0175268,0.00141774
-220.253,49.3671,0.0175519,0.00155785
-216.456,49.3671,0.0177846,0.00261546
-212.658,49.3671,0.0178066,0.00272569
-208.861,49.3671,0.0179315,0.0033902
-205.063,49.3671,0.0179837,0.00368945
-201.266,49.3671,0.0181904,0.00477335
-197.468,49.3671,0.0183364,0.00554629
-193.671,49.3671,0.0185366,0.00667555
-189.873,49.3671,0.0185572,0.00679568
-186.076,49.3671,0.0186637,0.00747712
-182.278,49.3671,0.0186862,0.00763073
-178.481,49.3671,0.0189959,0.00900322
-174.684,49.3671,0.0190781,0.00936856
-170.886,49.3671,0.0193849,0.0106412
-167.089,49.3671,0.0194815,0.0110341
-163.291,49.3671,0.0197883,0.0122814
-159.494,49.3671,0.0198187,0.0124133
-155.696,49.3671,0.0201182,0.0137476
-151.899,49.3671,0.02017,0.0139539
-148.101,49.3671,0.020558,0.0155537
-144.304,49.3671,0.0206352,0.0158712
-140.506,49.3671,0.020947,0.0172421
-136.709,49.3671,0.0211679,0.0182744
-132.911,49.3671,0.0213801,0.0194216
-129.114,49.3671,0.0214472,0.0197778
-125.316,49.3671,0.0217596,0.0214765
-121.519,49.3671,0.0217982,0.0216969
-117.722,49.3671,0.0223844,0.0242506
-113.924,49.3671,0.022461,0.0245938
-110.127,49.3671,0.0233743,0.0284975
-106.329,49.3671,0.0234393,0.0287954
-102.532,49.3671,0.0242955,0.032519
-98.7342,49.3671,0.0243751,0.0329941
-94.9367,49.3671,0.0248686,0.0353866
-91.1392,49.3671,0.0248666,0.035388
-87.3418,49.3671,0.0254942,0.0390324
-83.5443,49.3671,0.0255799,0.0396324
-79.7468,49.3671,0.0260627,0.0423024
-75.9494,49.3671,0.0260884,0.0424417
-72.1519,49.3671,0.0265152,0.0450495
-68.3544,49.3671,0.0266418,0.0459336
-64.557,49.3671,0.0273188,0.0503988
-60.7595,49.3671,0.0273761,0.0507788
-56.962,49.3671,0.0279045,0.0539224
-53.1646,49.3671,0.0279559,0.0542646
-49.3671,49.3671,0.0288274,0.0595251
-45.5696,49.3671,0.0288261,0.0596011
-41.7722,49.3671,0.0297195,0.0668963
-37.9747,49.3671,0.0298198,0.0680735
-34.1772,49.3671,0.0307815,0.0746942
-30.3797,49.3671,0.0307962,0.0748625
-26.5823,49.3671,0.0313503,0.0800943
-22.7848,49.3671,0.0313554,0.0801606
-18.9873,49.3671,0.0318788,0.0874353
-15.1899,49.3671,0.0318824,0.0876393
-11.3924,49.3671,0.0315616,0.0944467
-7.59494,49.3671,0.0314432,0.0950763
-3.79747,49.3671,0.031221,0.096199
0,49.3671,0.031221,0.096199
-300,53.1646,0.0171513,-0.00282737
-296.203,53.1646,0.0171513,-0.00282737
-292.405,53.1646,0.0171513,-0.00282737
-288.608,53.1646,0.0171513,-0.00282737
-284.81,53.1646,0.0171344,-0.00280398
-281.013,53.1646,0.0171371,-0.00278341
-277.215,53.1646,0.017239,-0.00231485
-273.418,53.1646,0.017333,-0.00192674
-269.62,53.1646,0.0175561,-0.00102866
-265.823,53.1646,0.0176018,-0.000836162
-262.025,53.1646,0.0178123,6.15415e-05
-258.228,53.1646,0.0178305,0.000145704
-254.43,53.1646,0.0180061,0.000955494
-250.633,53.1646,0.0181211,0.00148673
-246.835,53.1646,0.0183822,0.00257354
-243.038,53.1646,0.0184414,0.00286381
-239.241,53.1646,0.0185698,0.00347394
-235.443,53.1646,0.0185968,0.00360481
-231.646,53.1646,0.0188005,0.00452215
-227.848,53.1646,0.0188467,0.00474586
-224.051,53.1646,0.0191162,0.00597421
-220.253,53.1646,0.0191558,0.0061475
-216.456,53.1646,0.0193838,0.00721911
-212.658,53.1646,0.0193923,0.00726492
-208.861,53.1646,0.0195615,0.00803749
-205.063,53.1646,0.0197572,0.00894773
-201.266,53.1646,0.0199859,0.00996913
-197.468,53.1646,0.0200475,0.0103177
-193.671,53.1646,0.0203436,0.0115862
-189.873,53.1646,0.0203942,0.0118079
-186.076,53.1646,0.0206394,0.0129714
-182.278,53.1646,0.020697,0.0132885
-178.481,53.1646,0.0209327,0.0144301
-174.684,53.1646,0.0209459,0.0145341
-170.886,53.1646,0.0212005,0.0158896
-167.089,53.1646,0.0212945,0.016423
-163.291,53.1646,0.0214506,0.0173298
-159.494,53.1646,0.0214768,0.0174763
-155.696,53.1646,0.021817,0.019175
-151.899,53.1646,0.0218738,0.0194392
-148.101,53.1646,0.0224064,0.0215443
-144.304,53.1646,0.0225032,0.021929
-140.506,53.1646,0.0229127,0.0236228
-136.709,53.1646,0.023021,0.0240853
-132.911,53.1646,0.023363,0.0256374
-129.114,53.1646,0.0234178,0.0259307
-125.316,53.1646,0.0240683,0.0287535
-121.519,53.1646,0.0241712,0.0292589
-117.722,53.1646,0.0245736,0.0311005
-113.924,53.1646,0.0246583,0.0314843
-110.127,53.1646,0.0253363,0.0347126
-106.329,53.1646,0.0254118,0.0350778
-102.532,53.1646,0.0261753,0.0387129
-98.7342,53.1646,0.026232,0.0390045
-94.9367,53.1646,0.0265686,0.040886
-91.1392,53.1646,0.0265635,0.0408978
-87.3418,53.1646,0.0271278,0.0444648
-83.5443,53.1646,0.0271655,0.0448594
-79.7468,53.1646,0.0276383,0.0477381
-75.9494,53.1646,0.0276526,0.0478633
-72.1519,53.1646,0.028026,0.0505205
-68.3544,53.1646,0.0281756,0.0515842
-64.557,53.1646,0.028942,0.0562331
-60.7595,53.1646,0.028973,0.0564517
-56.962,53.1646,0.0295728,0.0599535
-53.1646,53.1646,0.0296382,0.0604204
-49.3671,53.1646,0.030568,0.066277
-45.5696,53.1646,0.030568,0.066277
-41.7722,53.1646,0.0313792,0.073293
-37.9747,53.1646,0.0314857,0.0748332
-34.1772,53.1646,0.0321623,0.0798481
-30.3797,53.1646,0.0321718,0.0799366
-26.5823,53.1646,0.0325355,0.084508
-22.7848,53.1646,0.0325201,0.0846124
-18.9873,53.1646,0.0328741,0.0911097
-15.1899,53.1646,0.0328623,0.091249
-11.3924,53.1646,0.032407,0.0966738
-7.59494,53.1646,0.0323174,0.0970131
-3.79747,53.1646,0.0320355,0.0977854
0,53.1646,0.0320355,0.0977854
-300,56.962,0.0171513,-0.00282737
-296.203,56.962,0.0171513,-0.00282737
-292.405,56.962,0.0171513,-0.00282737
-288.608,56.962,0.0171513,-0.00282737
-284.81,56.962,0.0171344,-0.00280398
-281.013,56.962,0.0171371,-0.00278341
-277.215,56.962,0.017239,-0.00231485
-273.418,56.962,0.017333,-0.00192674
-269.62,56.962,0.0175561,-0.00102866
-265.823,56.962,0.0176018,-0.000836162
-262.025,56.962,0.0178123,6.15415e-05
-258.228,56.962,0.0178305,0.000145704
-254.43,56.962,0.0180061,0.000955494
-250.633,56.962,0.0181211,0.00148673
-246.835,56.962,0.0183822,0.00257354
-243.038,56.962,0.0184414,0.00286381
-239.241,56.962,0.0185698,0.00347394
-235.443,56.962,0.0185968,0.00360481
-231.646,56.962,0.0188005,0.00452215
-227.848,56.962,0.0188467,0.00474586
-224.051,56.962,0.0191162,0.00597421
-220.253,56.962,0.0191558,0.0061475
-216.456,56.962,0.0193838,0.00721911
-212.658,56.962,0.0193923,0.00726492
-208.861,56.962,0.0195615,0.00803749
-205.063,56.962,0.0197572,0.00894773
-201.266,56.962,0.0199859,0.00996913
-197.468,56.962,0.0200475,0.0103177
-193.671,56.962,0.0203436,0.0115862
-189.873,56.962,0.0203942,0.0118079
-186.076,56.962,0.0206394,0.0129714
-182.278,56.962,0.020697,0.0132885
-178.481,56.962,0.0209327,0.0144301
-174.684,56.962,0.0209459,0.0145341
-170.886,56.962,0.0212005,0.0158896
-167.089,56.962,0.0212945,0.016423
-163.291,56.962,0.0214506,0.0173298
-159.494,56.962,0.0214768,0.0174763
-155.696,56.962,0.021817,0.019175
-151.899,56.962,0.0218738,0.0194392
-148.101,56.962,0.0224134,0.0215579
-144.304,56.962,0.0225102,0.0219426
-140.506,56.962,0.0229197,0.0236364
-136.709,56.962,0.023028,0.0240989
-132.911,56.962,0.02337,0.025651
-129.114,56.962,0.0234281,0.0259622
-125.316,56.962,0.0240854,0.028799
-121.519,56.962,0.0241884,0.0293044
-117.722,56.962,0.0245907,0.031146
-113.924,56.962,0.0246797,0.03155
-110.127,56.962,0.0253578,0.0347783
-106.329,56.962,0.0254333,0.0351435
-102.532,56.962,0.0261864,0.0387471
-98.7342,56.962,0.026243,0.0390387
-94.9367,56.962,0.0266241,0.0410786
-91.1392,56.962,0.0266189,0.0410903
-87.3418,56.962,0.0272067,0.0447257
-83.5443,56.962,0.0272561,0.0451495
-79.7468,56.962,0.0277311,0.0480506
-75.9494,56.962,0.0277454,0.0481758
-72.1519,56.962,0.0281211,0.0508575
-68.3544,56.962,0.0282706,0.0519211
-64.557,56.962,0.0290287,0.0565303
-60.7595,56.962,0.0290598,0.0567489
-56.962,56.962,0.0296658,0.0603026
-53.1646,56.962,0.0297313,0.0607695
-49.3671,56.962,0.0307262,0.0668353
-45.5696,56.962,0.0307262,0.0668353
-41.7722,56.962,0.0315056,0.073701
-37.9747,56.962,0.0316199,0.0752699
-34.1772,56.962,0.0322676,0.0801844
-30.3797,56.962,0.0322771,0.080273
-26.5823,56.962,0.0326506,0.084974
-22.7848,56.962,0.0326352,0.0850784
-18.9873,56.962,0.0329515,0.0913582
-15.1899,56.962,0.0329397,0.0914974
-11.3924,56.962,0.0325474,0.0970628
-7.59494,56.962,0.0324578,0.0974021
-3.79747,56.962,0.0321751,0.0981209
0,56.962,0.0321751,0.0981209
-300,60.7595,0.0183041,0.000204701
-296.203,60.7595,0.0183041,0.000204701
-292.405,60.7595,0.0183041,0.000204701
-288.608,60.7595,0.0183041,0.000204701
-284.81,60.7595,0.0184103,0.000642354
-281.013,60.7595,0.018452,0.000797564
-277.215,60.7595,0.0185506,0.00123475
-273.418,60.7595,0.0186254,0.0015447
-269.62,60.7595,0.0188301,0.00241015
-265.823,60.7595,0.0188779,0.00263334
-262.025,60.7595,0.0191951,0.00387575
-258.228,60.7595,0.0192356,0.00401987
-254.43,60.7595,0.0197738,0.00594917
-250.633,60.7595,0.0199443,0.00658521
-246.835,60.7595,0.0200571,0.00704687
-243.038,60.7595,0.0200759,0.0071704
-239.241,60.7595,0.0203361,0.00826056
-235.443,60.7595,0.0203706,0.00843059
-231.646,60.7595,0.0205371,0.00927308
-227.848,60.7595,0.0206096,0.00963727
-224.051,60.7595,0.0209595,0.0111899
-220.253,60.7595,0.0210223,0.0115124
-216.456,60.7595,0.0212882,0.0127099
-212.658,60.7595,0.0213075,0.0127941
-208.861,60.7595,0.0214974,0.0137397
-205.063,60.7595,0.0217218,0.014936
-201.266,60.7595,0.0218898,0.0155717
-197.468,60.7595,0.0219089,0.0156579
-193.671,60.7595,0.0222058,0.0170894
-189.873,60.7595,0.0222717,0.0174495
-186.076,60.7595,0.0224973,0.0185279
-182.278,60.7595,0.0225274,0.0186617
-178.481,60.7595,0.0226915,0.019526
-174.684,60.7595,0.022712,0.019633
-170.886,60.7595,0.0231523,0.0214349
-167.089,60.7595,0.0231952,0.0216776
-163.291,60.7595,0.0234427,0.0227924
-159.494,60.7595,0.0235098,0.0230989
-155.696,60.7595,0.0240927,0.0256371
-151.899,60.7595,0.0242353,0.0262851
-148.101,60.7595,0.0246208,0.0279237
-144.304,60.7595,0.0246565,0.0280989
-140.506,60.7595,0.024991,0.0297528
-136.709,60.7595,0.0250613,0.0301287
-132.911,60.7595,0.0254284,0.0318967
-129.114,60.7595,0.0255698,0.0325733
-125.316,60.7595,0.0261896,0.0355696
-121.519,60.7595,0.0262624,0.0359567
-117.722,60.7595,0.0264787,0.0372603
-113.924,60.7595,0.026544,0.0375936
-110.127,60.7595,0.0273432,0.0413898
-106.329,60.7595,0.0274394,0.04188
-102.532,60.7595,0.0281235,0.0452866
-98.7342,60.7595,0.0281382,0.0453741
-94.9367,60.7595,0.0285235,0.0475978
-91.1392,60.7595,0.0285601,0.0480062
-87.3418,60.7595,0.0293611,0.0523855
-83.5443,60.7595,0.0294197,0.0528012
-79.7468,60.7595,0.0299039,0.0557514
-75.9494,60.7595,0.0299197,0.0558634
-72.1519,60.7595,0.0304801,0.0591144
-68.3544,60.7595,0.0305992,0.0599866
-64.557,60.7595,0.0308937,0.0624609
-60.7595,60.7595,0.0309007,0.0625967
-56.962,60.7595,0.0312888,0.0653092
-53.1646,60.7595,0.0313614,0.065871
-49.3671,60.7595,0.0324478,0.0727945
-45.5696,60.7595,0.0324736,0.0729494
-41.7722,60.7595,0.0334486,0.0811033
-37.9747,60.7595,0.0335717,0.0826517
-34.1772,60.7595,0.0338756,0.0859243
-30.3797,60.7595,0.033875,0.0859494
-26.5823,60.7595,0.0341106,0.0900714
-22.7848,60.7595,0.0341053,0.0903046
-18.9873,60.7595,0.0341866,0.0962361
-15.1899,60.7595,0.0341703,0.0963939
-11.3924,60.7595,0.033638,0.100319
-7.59494,60.7595,0.0335467,0.100662
-3.79747,60.7595,0.0333216,0.101323
0,60.7595,0.0333216,0.101323
-300,64.557,0.0183106,0.000222259
-296.203,64.557,0.0183106,0.000222259
-292.405,64.557,0.0183106,0.000222259
-288.608,64.557,0.0183106,0.000222259
-284.81,64.557,0.0184168,0.000659911
-281.013,64.557,0.0184585,0.000815121
-277.215,64.557,0.018557,0.00125231
-273.418,64.557,0.0186319,0.00156226
-269.62,64.557,0.0188365,0.00242771
-265.823,64.557,0.0188843,0.0026509
-262.025,64.557,0.0192071,0.0039055
-258.228,64.557,0.0192477,0.00404961
-254.43,64.557,0.019802,0.00602191
-250.633,64.557,0.0199913,0.0067084
-246.835,64.557,0.0201041,0.00717007
-243.038,64.557,0.0201306,0.00731385
-239.241,64.557,0.0203802,0.0083728
-235.443,64.557,0.0204148,0.00854283
-231.646,64.557,0.0205885,0.0094041
-227.848,64.557,0.0206582,0.0097553
-224.051,64.557,0.0210134,0.0113273
-220.253,64.557,0.0210762,0.0116498
-216.456,64.557,0.0213273,0.0128093
-212.658,64.557,0.0213465,0.0128935
-208.861,64.557,0.021536,0.0138375
-205.063,64.557,0.0217547,0.0150217
-201.266,64.557,0.0219155,0.01564
-197.468,64.557,0.0219346,0.0157262
-193.671,64.557,0.0222201,0.0171269
-189.873,64.557,0.0222861,0.017487
-186.076,64.557,0.0225039,0.0185451
-182.278,64.557,0.0225341,0.018679
-178.481,64.557,0.0226982,0.0195433
-174.684,64.557,0.0227187,0.0196503
-170.886,64.557,0.0231523,0.0214349
-167.089,64.557,0.0231952,0.0216776
-163.291,64.557,0.0234427,0.0227924
-159.494,64.557,0.0235098,0.0230989
-155.696,64.557,0.0241008,0.0256591
-151.899,64.557,0.0242435,0.0263071
-148.101,64.557,0.0246377,0.0279713
-144.304,64.557,0.0246734,0.0281465
-140.506,64.557,0.0250078,0.0298004
-136.709,64.557,0.0250781,0.0301762
-132.911,64.557,0.0254452,0.0319442
-129.114,64.557,0.0255785,0.0325988
-125.316,64.557,0.0261983,0.0355951
-121.519,64.557,0.02627,0.0359725
-117.722,64.557,0.026498,0.0373154
-113.924,64.557,0.0265634,0.0376487
-110.127,64.557,0.0274407,0.0416986
-106.329,64.557,0.027537,0.0421888
-102.532,64.557,0.0282194,0.0456027
-98.7342,64.557,0.0282341,0.0456902
-94.9367,64.557,0.0286162,0.047902
-91.1392,64.557,0.028659,0.0483602
-87.3418,64.557,0.0294654,0.0527414
-83.5443,64.557,0.029524,0.0531571
-79.7468,64.557,0.0299823,0.056035
-75.9494,64.557,0.029998,0.056147
-72.1519,64.557,0.0305567,0.0593645
-68.3544,64.557,0.0306759,0.0602368
-64.557,64.557,0.0309481,0.062626
-60.7595,64.557,0.0309551,0.0627617
-56.962,64.557,0.0313226,0.0654177
-53.1646,64.557,0.0313951,0.0659795
-49.3671,64.557,0.0324947,0.0729548
-45.5696,64.557,0.0325206,0.0731096
-41.7722,64.557,0.0334667,0.0811551
-37.9747,64.557,0.0335898,0.0827036
-34.1772,64.557,0.0338951,0.0859859
-30.3797,64.557,0.0338946,0.086011
-26.5823,64.557,0.0341301,0.090133
-22.7848,64.557,0.0341324,0.0903853
-18.9873,64.557,0.0342368,0.0964126
-15.1899,64.557,0.0342205,0.0965704
-11.3924,64.557,0.0337163,0.100548
-7.59494,64.557,0.033625,0.100891
-3.79747,64.557,0.0334063,0.10157
0,64.557,0.0334063,0.10157
-300,68.3544,0.0199069,0.00490734
-296.203,68.3544,0.0199069,0.00490734
-292.405,68.3544,0.0199069,0.00490734
-288.608,68.3544,0.0199069,0.00490734
-284.81,68.3544,0.0200658,0.00542716
-281.013,68.3544,0.0201096,0.00558496
-277.215,68.3544,0.0202805,0.00619276
-273.418,68.3544,0.0203119,0.00631642
-269.62,68.3544,0.0204614,0.00692833
-265.823,68.3544,0.0205595,0.00735302
-262.025,68.3544,0.0207377,0.0080932
-258.228,68.3544,0.0207776,0.00824798
-254.43,68.3544,0.0212939,0.0101578
-250.633,68.3544,0.021534,0.011061
-246.835,68.3544,0.0216271,0.0114523
-243.038,68.3544,0.0216592,0.0115801
-239.241,68.3544,0.0218814,0.0125725
-235.443,68.3544,0.0219069,0.0126953
-231.646,68.3544,0.0220208,0.0132905
-227.848,68.3544,0.0220751,0.0136223
-224.051,68.3544,0.0223357,0.0149571
-220.253,68.3544,0.0223675,0.0151768
-216.456,68.3544,0.0225511,0.0162775
-212.658,68.3544,0.0225547,0.0163055
-208.861,68.3544,0.0228281,0.0174878
-205.063,68.3544,0.023197,0.0190706
-201.266,68.3544,0.0232495,0.0193213
-197.468,68.3544,0.0232546,0.0193407
-193.671,68.3544,0.0237278,0.0212467
-189.873,68.3544,0.0238236,0.0216558
-186.076,68.3544,0.0240716,0.0228342
-182.278,68.3544,0.0240945,0.0229435
-178.481,68.3544,0.02424,0.0237775
-174.684,68.3544,0.0242863,0.0240157
-170.886,68.3544,0.0246242,0.0255884
-167.089,68.3544,0.0246846,0.0258753
-163.291,68.3544,0.0249161,0.0270594
-159.494,68.3544,0.0249938,0.027426
-155.696,68.3544,0.025482,0.0297536
-151.899,68.3544,0.0255639,0.0302015
-148.101,68.3544,0.0258796,0.0317205
-144.304,68.3544,0.0259483,0.0320543
-140.506,68.3544,0.0264232,0.0341597
-136.709,68.3544,0.0264994,0.0345425
-132.911,68.3544,0.0268644,0.0364202
-129.114,68.3544,0.0269623,0.0369413
-125.316,68.3544,0.0275918,0.0400662
-121.519,68.3544,0.0276242,0.0402582
-117.722,68.3544,0.0280352,0.0424492
-113.924,68.3544,0.0281097,0.0428197
-110.127,68.3544,0.0291021,0.047302
-106.329,68.3544,0.0291432,0.0475161
-102.532,68.3544,0.0297202,0.0504234
-98.7342,68.3544,0.0297202,0.0504234
-94.9367,68.3544,0.029998,0.0524468
-91.1392,68.3544,0.0301264,0.0535813
-87.3418,68.3544,0.0307264,0.0572384
-83.5443,68.3544,0.0307634,0.0574819
-79.7468,68.3544,0.031204,0.0602792
-75.9494,68.3544,0.0312285,0.0604419
-72.1519,68.3544,0.031862,0.0638287
-68.3544,68.3544,0.0319161,0.0642972
-64.557,68.3544,0.032188,0.066533
-60.7595,68.3544,0.032202,0.0666568
-56.962,68.3544,0.0325067,0.0692281
-53.1646,68.3544,0.0325506,0.0697478
-49.3671,68.3544,0.033523,0.0765319
-45.5696,68.3544,0.0335488,0.0766867
-41.7722,68.3544,0.0346341,0.0851372
-37.9747,68.3544,0.0347193,0.0862577
-34.1772,68.3544,0.0348898,0.0892037
-30.3797,68.3544,0.0348893,0.0892289
-26.5823,68.3544,0.0350136,0.0933323
-22.7848,68.3544,0.0350036,0.0937254
-18.9873,68.3544,0.0350475,0.0997571
-15.1899,68.3544,0.0350248,0.0999371
-11.3924,68.3544,0.0346032,0.103254
-7.59494,68.3544,0.0345061,0.103546
-3.79747,68.3544,0.0343297,0.104157
0,68.3544,0.0343297,0.104157
-300,72.1519,0.0199143,0.00492775
-296.203,72.1519,0.0199143,0.00492775
-292.405,72.1519,0.0199143,0.00492775
-288.608,72.1519,0.0199143,0.00492775
-284.81,72.1519,0.0200732,0.00544757
-281.013,72.1519,0.020117,0.00560537
-277.215,72.1519,0.0202879,0.00621317
-273.418,72.1519,0.0203193,0.00633682
-269.62,72.1519,0.0204688,0.00694874
-265.823,72.1519,0.0205669,0.00737343
-262.025,72.1519,0.0207476,0.00812222
-258.228,72.1519,0.0207875,0.00827701
-254.43,72.1519,0.0213039,0.0101868
-250.633,72.1519,0.0215439,0.01109
-246.835,72.1519,0.0216271,0.0114523
-243.038,72.1519,0.0216592,0.0115801
-239.241,72.1519,0.0218814,0.0125725
-235.443,72.1519,0.0219069,0.0126953
-231.646,72.1519,0.0220208,0.0132905
-227.848,72.1519,0.0220751,0.0136223
-224.051,72.1519,0.0223357,0.0149571
-220.253,72.1519,0.0223675,0.0151768
-216.456,72.1519,0.0225511,0.0162775
-212.658,72.1519,0.0225547,0.0163055
-208.861,72.1519,0.0228281,0.0174878
-205.063,72.1519,0.023197,0.0190706
-201.266,72.1519,0.0232495,0.0193213
-197.468,72.1519,0.0232546,0.0193407
-193.671,72.1519,0.0237278,0.0212467
-189.873,72.1519,0.0238236,0.0216558
-186.076,72.1519,0.0240716,0.0228342
-182.278,72.1519,0.0240945,0.0229435
-178.481,72.1519,0.02424,0.0237775
-174.684,72.1519,0.0242863,0.0240157
-170.886,72.1519,0.0246242,0.0255884
-167.089,72.1519,0.0246846,0.0258753
-163.291,72.1519,0.0249161,0.0270594
-159.494,72.1519,0.0250023,0.0274489
-155.696,72.1519,0.0255214,0.0298728
-151.899,72.1519,0.0256033,0.0303207
-148.101,72.1519,0.0259341,0.0318895
-144.304,72.1519,0.0260027,0.0322233
-140.506,72.1519,0.0265172,0.0344433
-136.709,72.1519,0.0266028,0.0348566
-132.911,72.1519,0.0270503,0.0370147
-129.114,72.1519,0.0271445,0.0375184
-125.316,72.1519,0.0277693,0.0406304
-121.519,72.1519,0.0277972,0.0408074
-117.722,72.1519,0.0282149,0.0430317
-113.924,72.1519,0.0282801,0.0433717
-110.127,72.1519,0.0291914,0.0475903
-106.329,72.1519,0.0292258,0.0477865
-102.532,72.1519,0.0297428,0.0504901
-98.7342,72.1519,0.0297428,0.0504901
-94.9367,72.1519,0.0300031,0.0524566
-91.1392,72.1519,0.0301315,0.0535912
-87.3418,72.1519,0.0307264,0.0572384
-83.5443,72.1519,0.0307634,0.0574819
-79.7468,72.1519,0.0312084,0.0602835
-75.9494,72.1519,0.0312329,0.0604462
-72.1519,72.1519,0.0318664,0.063833
-68.3544,72.1519,0.0319206,0.0643016
-64.557,72.1519,0.0322172,0.0666214
-60.7595,72.1519,0.0322312,0.0667451
-56.962,72.1519,0.032558,0.0694112
-53.1646,72.1519,0.0326019,0.069931
-49.3671,72.1519,0.0335973,0.0767761
-45.5696,72.1519,0.0336231,0.0769309
-41.7722,72.1519,0.0348708,0.0858152
-37.9747,72.1519,0.0349561,0.0869357
-34.1772,72.1519,0.0351216,0.0899231
-30.3797,72.1519,0.0351147,0.0899845
-26.5823,72.1519,0.0353238,0.0942911
-22.7848,72.1519,0.0353074,0.0946898
-18.9873,72.1519,0.0353452,0.100653
-15.1899,72.1519,0.0353252,0.100812
-11.3924,72.1519,0.0349144,0.103916
-7.59494,72.1519,0.0348385,0.104163
-3.79747,72.1519,0.0346504,0.104727
0,72.1519,0.0346504,0.104727
-300,75.9494,0.0215002,0.00940303
-296.203,75.9494,0.0215002,0.00940303
-292.405,75.9494,0.0215002,0.00940303
-288.608,75.9494,0.0215002,0.00940303
-284.81,75.9494,0.0215868,0.00967116
-281.013,75.9494,0.0216046,0.00972493
-277.215,75.9494,0.021743,0.0101338
-273.418,75.9494,0.0217849,0.0102775
-269.62,75.9494,0.0219946,0.0110243
-265.823,75.9494,0.0220428,0.0112222
-262.025,75.9494,0.0221605,0.0117637
-258.228,75.9494,0.0222144,0.0120102
-254.43,75.9494,0.0226049,0.013816
-250.633,75.9494,0.022697,0.0143371
-246.835,75.9494,0.0227884,0.0148841
-243.038,75.9494,0.0228095,0.0149973
-239.241,75.9494,0.0230293,0.0161414
-235.443,75.9494,0.0230456,0.016227
-231.646,75.9494,0.0231766,0.0167855
-227.848,75.9494,0.0233407,0.0174361
-224.051,75.9494,0.0236309,0.0186253
-220.253,75.9494,0.0236752,0.0188321
-216.456,75.9494,0.0238939,0.0199387
-212.658,75.9494,0.0239047,0.0199858
-208.861,75.9494,0.0242595,0.0215086
-205.063,75.9494,0.0245683,0.0228751
-201.266,75.9494,0.0246124,0.0230529
-197.468,75.9494,0.0246147,0.0230666
-193.671,75.9494,0.0249678,0.0246659
-189.873,75.9494,0.0250163,0.0249215
-186.076,75.9494,0.0252984,0.026212
-182.278,75.9494,0.0253321,0.0263535
-178.481,75.9494,0.0256529,0.027742
-174.684,75.9494,0.0256706,0.0278891
-170.886,75.9494,0.0261133,0.030054
-167.089,75.9494,0.0261618,0.0303693
-163.291,75.9494,0.0265688,0.0324239
-159.494,75.9494,0.0267163,0.0331551
-155.696,75.9494,0.0275655,0.0367684
-151.899,75.9494,0.0276312,0.0371328
-148.101,75.9494,0.0281266,0.0393842
-144.304,75.9494,0.0282143,0.0398185
-140.506,75.9494,0.0287397,0.0419927
-136.709,75.9494,0.0288192,0.042328
-132.911,75.9494,0.0293257,0.0448585
-129.114,75.9494,0.0293334,0.044908
-125.316,75.9494,0.0295542,0.0461661
-121.519,75.9494,0.0296168,0.0465472
-117.722,75.9494,0.0302225,0.0496429
-113.924,75.9494,0.0302452,0.0497893
-110.127,75.9494,0.030953,0.0534922
-106.329,75.9494,0.0309747,0.0536354
-102.532,75.9494,0.0311631,0.0551489
-98.7342,75.9494,0.0311648,0.0551705
-94.9367,75.9494,0.0315176,0.0575133
-91.1392,75.9494,0.0317336,0.0588791
-87.3418,75.9494,0.0322391,0.0616682
-83.5443,75.9494,0.0322476,0.0617194
-79.7468,75.9494,0.032589,0.0641776
-75.9494,75.9494,0.03261,0.0643307
-72.1519,75.9494,0.0329449,0.0669137
-68.3544,75.9494,0.0329474,0.0670598
-64.557,75.9494,0.0336387,0.0711701
-60.7595,75.9494,0.033655,0.0713434
-56.962,75.9494,0.0340425,0.0744621
-53.1646,75.9494,0.0340687,0.0749451
-49.3671,75.9494,0.0349889,0.0818458
-45.5696,75.9494,0.0350149,0.0820093
-41.7722,75.9494,0.036103,0.0904322
-37.9747,75.9494,0.0361322,0.0909531
-34.1772,75.9494,0.0361814,0.0936982
-30.3797,75.9494,0.0361745,0.0937596
-26.5823,75.9494,0.0362588,0.0978074
-22.7848,75.9494,0.036234,0.0982102
-18.9873,75.9494,0.0360943,0.103307
-15.1899,75.9494,0.0360801,0.103438
-11.3924,75.9494,0.0356729,0.105716
-7.59494,75.9494,0.0356079,0.105884
-3.79747,75.9494,0.0355178,0.106285
0,75.9494,0.0355178,0.106285
-300,79.7468,0.0215077,0.00942198
-296.203,79.7468,0.0215077,0.00942198
-292.405,79.7468,0.0215077,0.00942198
-288.608,79.7468,0.0215077,0.00942198
-284.81,79.7468,0.0215943,0.00969011
-281.013,79.7468,0.0216121,0.00974388
-277.215,79.7468,0.0217505,0.0101528
-273.418,79.7468,0.0217924,0.0102965
-269.62,79.7468,0.0220021,0.0110432
-265.823,79.7468,0.0220503,0.0112411
-262.025,79.7468,0.022168,0.0117827
-258.228,79.7468,0.0222219,0.0120291
-254.43,79.7468,0.0226049,0.013816
-250.633,79.7468,0.022697,0.0143371
-246.835,79.7468,0.0227884,0.0148841
-243.038,79.7468,0.0228095,0.0149973
-239.241,79.7468,0.0230337,0.0161496
-235.443,79.7468,0.0230499,0.0162352
-231.646,79.7468,0.023181,0.0167936
-227.848,79.7468,0.0233451,0.0174443
-224.051,79.7468,0.0236353,0.0186334
-220.253,79.7468,0.0236796,0.0188403
-216.456,79.7468,0.0238983,0.0199469
-212.658,79.7468,0.0239124,0.0200083
-208.861,79.7468,0.0242739,0.0215488
-205.063,79.7468,0.0245894,0.0229316
-201.266,79.7468,0.0246335,0.0231093
-197.468,79.7468,0.0246358,0.0231231
-193.671,79.7468,0.0249849,0.024714
-189.873,79.7468,0.0250335,0.0249696
-186.076,79.7468,0.0253278,0.0262922
-182.278,79.7468,0.0253615,0.0264337
-178.481,79.7468,0.025736,0.0279963
-174.684,79.7468,0.0257537,0.0281433
-170.886,79.7468,0.0262354,0.0304343
-167.089,79.7468,0.0262839,0.0307496
-163.291,79.7468,0.0267104,0.0328568
-159.494,79.7468,0.026858,0.0335881
-155.696,79.7468,0.0276896,0.0371347
-151.899,79.7468,0.0277484,0.0374661
-148.101,79.7468,0.0282461,0.0397423
-144.304,79.7468,0.0283283,0.0401637
-140.506,79.7468,0.028811,0.0422257
-136.709,79.7468,0.0288905,0.042561
-132.911,79.7468,0.0293668,0.0449979
-129.114,79.7468,0.0293745,0.0450474
-125.316,79.7468,0.0295905,0.0462758
-121.519,79.7468,0.0296543,0.0466693
-117.722,79.7468,0.030259,0.049769
-113.924,79.7468,0.0302816,0.0499153
-110.127,79.7468,0.0310399,0.0537891
-106.329,79.7468,0.0310616,0.0539324
-102.532,79.7468,0.0312812,0.0555262
-98.7342,79.7468,0.0312829,0.0555479
-94.9367,79.7468,0.0316421,0.0578973
-91.1392,79.7468,0.0318549,0.0592384
-87.3418,79.7468,0.0323538,0.0619772
-83.5443,79.7468,0.0323567,0.0619978
-79.7468,79.7468,0.0327196,0.0645498
-75.9494,79.7468,0.0327422,0.0647209
-72.1519,79.7468,0.0330685,0.0672876
-68.3544,79.7468,0.0330754,0.0674571
-64.557,79.7468,0.0338639,0.0718732
-60.7595,79.7468,0.0338802,0.0720466
-56.962,79.7468,0.0342937,0.0752923
-53.1646,79.7468,0.0343211,0.0757621
-49.3671,79.7468,0.0351569,0.0824204
-45.5696,79.7468,0.0351829,0.082584
-41.7722,79.7468,0.0362538,0.0909293
-37.9747,79.7468,0.0362597,0.0913216
-34.1772,79.7468,0.0362917,0.0939834
-30.3797,79.7468,0.0362848,0.0940447
-26.5823,79.7468,0.036358,0.0980671
-22.7848,79.7468,0.0363222,0.0984382
-18.9873,79.7468,0.0361392,0.103411
-15.1899,79.7468,0.0361249,0.103542
-11.3924,79.7468,0.0357471,0.10585
-7.59494,79.7468,0.0356821,0.106017
-3.79747,79.7468,0.0355906,0.106432
0,79.7468,0.0355906,0.106432
-300,83.5443,0.0233691,0.0144094
-296.203,83.5443,0.0233691,0.0144094
-292.405,83.5443,0.0233708,0.0144369
-288.608,83.5443,0.0233722,0.0144558
-284.81,83.5443,0.0233865,0.0145093
-281.013,83.5443,0.0233851,0.0145166
-277.215,83.5443,0.023464,0.0148979
-273.418,83.5443,0.0235292,0.0152082
-269.62,83.5443,0.0238474,0.0166067
-265.823,83.5443,0.023943,0.0170378
-262.025,83.5443,0.0241036,0.0178104
-258.228,83.5443,0.0241343,0.0179782
-254.43,83.5443,0.0243252,0.0188874
-250.633,83.5443,0.0243487,0.0190547
-246.835,83.5443,0.0244815,0.0197788
-243.038,83.5443,0.024522,0.0199905
-239.241,83.5443,0.0248178,0.0213441
-235.443,83.5443,0.0248594,0.0215423
-231.646,83.5443,0.025095,0.0225627
-227.848,83.5443,0.0251949,0.0229893
-224.051,83.5443,0.025407,0.0239049
-220.253,83.5443,0.025438,0.0240342
-216.456,83.5443,0.0257082,0.0251839
-212.658,83.5443,0.0257661,0.0254505
-208.861,83.5443,0.026241,0.0276522
-205.063,83.5443,0.0263188,0.0280194
-201.266,83.5443,0.0265864,0.0291718
-197.468,83.5443,0.0266236,0.0293446
-193.671,83.5443,0.0269498,0.0308387
-189.873,83.5443,0.0271009,0.0315607
-186.076,83.5443,0.0273249,0.0326044
-182.278,83.5443,0.0273385,0.0326837
-178.481,83.5443,0.0277352,0.0344881
-174.684,83.5443,0.0277413,0.0345348
-170.886,83.5443,0.0281615,0.03648
-167.089,83.5443,0.02826,0.0369371
-163.291,83.5443,0.0287401,0.039155
-159.494,83.5443,0.0288925,0.0398946
-155.696,83.5443,0.0293139,0.0420435
-151.899,83.5443,0.0293725,0.0423361
-148.101,83.5443,0.0298111,0.0444168
-144.304,83.5443,0.0298937,0.0448413
-140.506,83.5443,0.0301883,0.0464265
-136.709,83.5443,0.0302212,0.0466278
-132.911,83.5443,0.0307409,0.049326
-129.114,83.5443,0.0307506,0.0493923
-125.316,83.5443,0.0308313,0.0499921
-121.519,83.5443,0.0310029,0.0511406
-117.722,83.5443,0.0314928,0.0537413
-113.924,83.5443,0.0315109,0.0538282
-110.127,83.5443,0.032359,0.0581625
-106.329,83.5443,0.0323756,0.0582576
-102.532,83.5443,0.0327868,0.060374
-98.7342,83.5443,0.0327888,0.0604094
-94.9367,83.5443,0.0335858,0.0641905
-91.1392,83.5443,0.0337069,0.0649561
-87.3418,83.5443,0.0341431,0.0673967
-83.5443,83.5443,0.0341482,0.0674707
-79.7468,83.5443,0.0345326,0.0703649
-75.9494,83.5443,0.0345452,0.070524
-72.1519,83.5443,0.0349075,0.0730582
-68.3544,83.5443,0.0349878,0.073605
-64.557,83.5443,0.0357115,0.0784433
-60.7595,83.5443,0.0357312,0.0786384
-56.962,83.5443,0.0360067,0.0815883
-53.1646,83.5443,0.0360261,0.0819515
-49.3671,83.5443,0.0363775,0.0865634
-45.5696,83.5443,0.0363988,0.0867068
-41.7722,83.5443,0.0373435,0.0944601
-37.9747,83.5443,0.0373466,0.094681
-34.1772,83.5443,0.0373891,0.097417
-30.3797,83.5443,0.0373803,0.097559
-26.5823,83.5443,0.0374266,0.101744
-22.7848,83.5443,0.0373972,0.102223
-18.9873,83.5443,0.0374055,0.106802
-15.1899,83.5443,0.0373878,0.106887
-11.3924,83.5443,0.0368603,0.109056
-7.59494,83.5443,0.0368133,0.109142
-3.79747,83.5443,0.0367851,0.109678
0,83.5443,0.0367851,0.109678
-300,87.3418,0.0233814,0.0144446
-296.203,87.3418,0.0233814,0.0144446
-292.405,87.3418,0.023383,0.0144721
-288.608,87.3418,0.0233844,0.014491
-284.81,87.3418,0.0233987,0.0145445
-281.013,87.3418,0.0233973,0.0145519
-277.215,87.3418,0.0234762,0.0149332
-273.418,87.3418,0.0235415,0.0152434
-269.62,87.3418,0.0238597,0.016642
-265.823,87.3418,0.0239552,0.0170731
-262.025,87.3418,0.0241091,0.0178265
-258.228,87.3418,0.0241397,0.0179943
-254.43,87.3418,0.0243306,0.0189035
-250.633,87.3418,0.0243541,0.0190708
-246.835,87.3418,0.0244815,0.0197788
-243.038,87.3418,0.024522,0.0199905
-239.241,87.3418,0.0248178,0.0213441
-235.443,87.3418,0.0248594,0.0215423
-231.646,87.3418,0.025095,0.0225627
-227.848,87.3418,0.0251949,0.0229893
-224.051,87.3418,0.025407,0.0239049
-220.253,87.3418,0.025438,0.0240342
-216.456,87.3418,0.0257082,0.0251839
-212.658,87.3418,0.0257661,0.0254505
-208.861,87.3418,0.0262505,0.02768
-205.063,87.3418,0.0263282,0.0280473
-201.266,87.3418,0.0265959,0.0291996
-197.468,87.3418,0.026633,0.0293725
-193.671,87.3418,0.0269673,0.0308932
-189.873,87.3418,0.0271183,0.0316153
-186.076,87.3418,0.0273424,0.0326589
-182.278,87.3418,0.0273559,0.0327383
-178.481,87.3418,0.0277527,0.0345427
-174.684,87.3418,0.0277588,0.0345894
-170.886,87.3418,0.028179,0.0365346
-167.089,87.3418,0.0282677,0.0369587
-163.291,87.3418,0.0287478,0.0391766
-159.494,87.3418,0.0289002,0.0399163
-155.696,87.3418,0.0293262,0.0420741
-151.899,87.3418,0.0293848,0.0423666
-148.101,87.3418,0.0298385,0.0444945
-144.304,87.3418,0.0299133,0.0448974
-140.506,87.3418,0.030208,0.0464826
-136.709,87.3418,0.0302408,0.0466838
-132.911,87.3418,0.0307606,0.049382
-129.114,87.3418,0.0307702,0.0494484
-125.316,87.3418,0.0308515,0.0500547
-121.519,87.3418,0.0310231,0.0512032
-117.722,87.3418,0.0315144,0.0538104
-113.924,87.3418,0.0315325,0.0538973
-110.127,87.3418,0.032376,0.0582227
-106.329,87.3418,0.0323927,0.0583178
-102.532,87.3418,0.0328061,0.0604382
-98.7342,87.3418,0.0328081,0.0604735
-94.9367,87.3418,0.0336238,0.0642947
-91.1392,87.3418,0.0337431,0.065045
-87.3418,87.3418,0.0341749,0.0674781
-83.5443,87.3418,0.03418,0.0675521
-79.7468,87.3418,0.0345644,0.0704462
-75.9494,87.3418,0.034577,0.0706054
-72.1519,87.3418,0.0349219,0.0730927
-68.3544,87.3418,0.0350022,0.0736396
-64.557,87.3418,0.0357115,0.0784433
-60.7595,87.3418,0.0357312,0.0786384
-56.962,87.3418,0.0360067,0.0815883
-53.1646,87.3418,0.0360261,0.0819515
-49.3671,87.3418,0.0363876,0.086598
-45.5696,87.3418,0.0364088,0.0867413
-41.7722,87.3418,0.0373777,0.0945661
-37.9747,87.3418,0.0373808,0.0947869
-34.1772,87.3418,0.0374132,0.0974883
-30.3797,87.3418,0.0374106,0.0976456
-26.5823,87.3418,0.0374486,0.101801
-22.7848,87.3418,0.0374192,0.10228
-18.9873,87.3418,0.0374247,0.10684
-15.1899,87.3418,0.037407,0.106926
-11.3924,87.3418,0.036867,0.109071
-7.59494,87.3418,0.0368201,0.109156
-3.79747,87.3418,0.0367918,0.109692
0,87.3418,0.0367918,0.109692
-300,91.1392,0.0240268,0.0163185
-296.203,91.1392,0.0240268,0.0163185
-292.405,91.1392,0.024053,0.016432
-288.608,91.1392,0.0240583,0.0164646
-284.81,91.1392,0.0240611,0.0165137
-281.013,91.1392,0.02408,0.0166009
-277.215,91.1392,0.02424,0.0173043
-273.418,91.1392,0.0243609,0.0178369
-269.62,91.1392,0.0247075,0.0192616
-265.823,91.1392,0.0248191,0.0197402
-262.025,91.1392,0.0250319,0.020596
-258.228,91.1392,0.0250733,0.0207772
-254.43,91.1392,0.0252567,0.0215398
-250.633,91.1392,0.0253023,0.0217575
-246.835,91.1392,0.0255196,0.0227208
-243.038,91.1392,0.0255885,0.0230234
-239.241,91.1392,0.0260341,0.0248359
-235.443,91.1392,0.0260686,0.0249795
-231.646,91.1392,0.0263627,0.0262309
-227.848,91.1392,0.0264392,0.0266167
-224.051,91.1392,0.0266599,0.0275483
-220.253,91.1392,0.0267175,0.0278003
-216.456,91.1392,0.0269345,0.028827
-212.658,91.1392,0.0270062,0.0291501
-208.861,91.1392,0.0275183,0.0313868
-205.063,91.1392,0.0276101,0.0318134
-201.266,91.1392,0.0278549,0.032894
-197.468,91.1392,0.0278954,0.0330719
-193.671,91.1392,0.0281909,0.0345643
-189.873,91.1392,0.0282752,0.0350408
-186.076,91.1392,0.0284559,0.0359584
-182.278,91.1392,0.028465,0.0360281
-178.481,91.1392,0.0287886,0.0375416
-174.684,91.1392,0.0288097,0.0376391
-170.886,91.1392,0.029289,0.0398273
-167.089,91.1392,0.0293908,0.0402953
-163.291,91.1392,0.029985,0.0427868
-159.494,91.1392,0.0301158,0.0434799
-155.696,91.1392,0.0307189,0.0463027
-151.899,91.1392,0.030772,0.0465905
-148.101,91.1392,0.031279,0.0490672
-144.304,91.1392,0.0313259,0.0493231
-140.506,91.1392,0.0317569,0.0516142
-136.709,91.1392,0.0318386,0.0520776
-132.911,91.1392,0.0322917,0.0543169
-129.114,91.1392,0.0322953,0.0543461
-125.316,91.1392,0.0323992,0.0550617
-121.519,91.1392,0.0325348,0.0561611
-117.722,91.1392,0.0328313,0.0578296
-113.924,91.1392,0.0328335,0.057857
-110.127,91.1392,0.0335537,0.0619723
-106.329,91.1392,0.0335693,0.0620561
-102.532,91.1392,0.0339073,0.0638893
-98.7342,91.1392,0.0339285,0.0639933
-94.9367,91.1392,0.0345679,0.0672168
-91.1392,91.1392,0.034607,0.0675404
-87.3418,91.1392,0.0348957,0.0694745
-83.5443,91.1392,0.0349102,0.0696126
-79.7468,91.1392,0.0351526,0.0720676
-75.9494,91.1392,0.0351612,0.0722388
-72.1519,91.1392,0.0354688,0.0747234
-68.3544,91.1392,0.0355376,0.0752877
-64.557,91.1392,0.0361351,0.079871
-60.7595,91.1392,0.0361472,0.0800285
-56.962,91.1392,0.036476,0.0830146
-53.1646,91.1392,0.0365023,0.0834072
-49.3671,91.1392,0.036975,0.088583
-45.5696,91.1392,0.0369886,0.0887338
-41.7722,91.1392,0.0379849,0.0964004
-37.9747,91.1392,0.0379869,0.0965478
-34.1772,91.1392,0.0379615,0.0991283
-30.3797,91.1392,0.0379513,0.0992566
-26.5823,91.1392,0.037803,0.102871
-22.7848,91.1392,0.0377625,0.103256
-18.9873,91.1392,0.0376885,0.107352
-15.1899,91.1392,0.0376715,0.107415
-11.3924,91.1392,0.0371121,0.109598
-7.59494,91.1392,0.0370715,0.109725
-3.79747,91.1392,0.0370181,0.110252
0,91.1392,0.0370181,0.110252
-300,94.9367,0.0240322,0.0163349
-296.203,94.9367,0.0240322,0.0163349
-292.405,94.9367,0.0240585,0.0164485
-288.608,94.9367,0.0240637,0.0164811
-284.81,94.9367,0.0240665,0.0165301
-281.013,94.9367,0.0240855,0.0166174
-277.215,94.9367,0.0242454,0.0173207
-273.418,94.9367,0.0243664,0.0178533
-269.62,94.9367,0.0247129,0.019278
-265.823,94.9367,0.0248191,0.0197402
-262.025,94.9367,0.0250319,0.020596
-258.228,94.9367,0.0250733,0.0207772
-254.43,94.9367,0.0252567,0.0215398
-250.633,94.9367,0.0253023,0.0217575
-246.835,94.9367,0.0255196,0.0227208
-243.038,94.9367,0.0255885,0.0230234
-239.241,94.9367,0.0260341,0.0248359
-235.443,94.9367,0.0260686,0.0249795
-231.646,94.9367,0.0263713,0.0262553
-227.848,94.9367,0.0264478,0.0266411
-224.051,94.9367,0.0266685,0.0275727
-220.253,94.9367,0.0267261,0.0278247
-216.456,94.9367,0.026943,0.0288514
-212.658,94.9367,0.0270148,0.0291745
-208.861,94.9367,0.0275335,0.031427
-205.063,94.9367,0.0276253,0.0318536
-201.266,94.9367,0.0278615,0.0329098
-197.468,94.9367,0.027902,0.0330878
-193.671,94.9367,0.028205,0.0346087
-189.873,94.9367,0.0282893,0.0350852
-186.076,94.9367,0.02847,0.0360028
-182.278,94.9367,0.0284791,0.0360725
-178.481,94.9367,0.0288026,0.037586
-174.684,94.9367,0.0288237,0.0376835
-170.886,94.9367,0.0293316,0.0399636
-167.089,94.9367,0.0294444,0.0404536
-163.291,94.9367,0.0300582,0.0429948
-159.494,94.9367,0.030189,0.0436878
-155.696,94.9367,0.0308109,0.0465726
-151.899,94.9367,0.0308639,0.0468604
-148.101,94.9367,0.0313627,0.049323
-144.304,94.9367,0.0314096,0.049579
-140.506,94.9367,0.0318467,0.0518857
-136.709,94.9367,0.0319284,0.052349
-132.911,94.9367,0.0323632,0.054506
-129.114,94.9367,0.0323667,0.0545352
-125.316,94.9367,0.032468,0.0552383
-121.519,94.9367,0.0325915,0.0563079
-117.722,94.9367,0.0328505,0.0578724
-113.924,94.9367,0.0328526,0.0578997
-110.127,94.9367,0.0335537,0.0619723
-106.329,94.9367,0.0335693,0.0620561
-102.532,94.9367,0.0339073,0.0638893
-98.7342,94.9367,0.0339285,0.0639933
-94.9367,94.9367,0.034584,0.067261
-91.1392,94.9367,0.0346231,0.0675846
-87.3418,94.9367,0.0349803,0.0697385
-83.5443,94.9367,0.0349948,0.0698765
-79.7468,94.9367,0.0352393,0.0723153
-75.9494,94.9367,0.0352551,0.0725133
-72.1519,94.9367,0.0356349,0.075218
-68.3544,94.9367,0.0357036,0.0757957
-64.557,94.9367,0.0363514,0.0805556
-60.7595,94.9367,0.0363635,0.0807131
-56.962,94.9367,0.0367773,0.0839719
-53.1646,94.9367,0.036804,0.0843829
-49.3671,94.9367,0.0373024,0.0895852
-45.5696,94.9367,0.0373181,0.0897598
-41.7722,94.9367,0.0382738,0.0972416
-37.9747,94.9367,0.0382758,0.097389
-34.1772,94.9367,0.0382748,0.100133
-30.3797,94.9367,0.0382651,0.100236
-26.5823,94.9367,0.0382391,0.103982
-22.7848,94.9367,0.0382222,0.104399
-18.9873,94.9367,0.0381232,0.108261
-15.1899,94.9367,0.0381092,0.108361
-11.3924,94.9367,0.0376396,0.11086
-7.59494,94.9367,0.0376061,0.111
-3.79747,94.9367,0.0375229,0.111582
0,94.9367,0.0375229,0.111582
-300,98.7342,0.0252758,0.0200103
-296.203,98.7342,0.0252758,0.0200103
-292.405,98.7342,0.0253116,0.0201419
-288.608,98.7342,0.0253228,0.0201873
-284.81,98.7342,0.025395,0.0205115
-281.013,98.7342,0.0254447,0.0207151
-277.215,98.7342,0.0257024,0.0217537
-273.418,98.7342,0.0258232,0.0222337
-269.62,98.7342,0.0260361,0.0230977
-265.823,98.7342,0.0261347,0.0234811
-262.025,98.7342,0.0263602,0.0243735
-258.228,98.7342,0.0264809,0.0248582
-254.43,98.7342,0.0267483,0.0259304
-250.633,98.7342,0.0267705,0.0260257
-246.835,98.7342,0.026954,0.0268501
-243.038,98.7342,0.0270681,0.0273652
-239.241,98.7342,0.0274291,0.0289151
-235.443,98.7342,0.0274528,0.0290282
-231.646,98.7342,0.0277283,0.0303418
-227.848,98.7342,0.0277522,0.0304992
-224.051,98.7342,0.0279834,0.0314982
-220.253,98.7342,0.0281018,0.0320859
-216.456,98.7342,0.0282373,0.0328154
-212.658,98.7342,0.0283014,0.0331085
-208.861,98.7342,0.0287679,0.0351492
-205.063,98.7342,0.0288067,0.0353438
-201.266,98.7342,0.0290255,0.0363453
-197.468,98.7342,0.0290972,0.0366407
-193.671,98.7342,0.0298619,0.0397854
-189.873,98.7342,0.0299397,0.0402346
-186.076,98.7342,0.0301435,0.0411815
-182.278,98.7342,0.0301542,0.0412602
-178.481,98.7342,0.0304767,0.0428395
-174.684,98.7342,0.0304993,0.0429848
-170.886,98.7342,0.0310331,0.0454819
-167.089,98.7342,0.0311514,0.0460317
-163.291,98.7342,0.0317629,0.0486939
-159.494,98.7342,0.0317791,0.048771
-155.696,98.7342,0.0323312,0.0514398
-151.899,98.7342,0.0323474,0.051536
-148.101,98.7342,0.0327611,0.0535783
-144.304,98.7342,0.0327973,0.0537925
-140.506,98.7342,0.0332779,0.056159
-136.709,98.7342,0.0333492,0.0565573
-132.911,98.7342,0.033583,0.0580571
-129.114,98.7342,0.0336043,0.0581781
-125.316,98.7342,0.0339476,0.0599551
-121.519,98.7342,0.0339955,0.0605623
-117.722,98.7342,0.034176,0.0616995
-113.924,98.7342,0.0341969,0.0619131
-110.127,98.7342,0.03498,0.0664653
-106.329,98.7342,0.0349951,0.0665582
-102.532,98.7342,0.0354773,0.0692266
-98.7342,98.7342,0.035514,0.069492
-94.9367,98.7342,0.0360901,0.0723335
-91.1392,98.7342,0.0360992,0.0724007
-87.3418,98.7342,0.0367737,0.0758223
-83.5443,98.7342,0.0368034,0.0760355
-79.7468,98.7342,0.0373058,0.0792425
-75.9494,98.7342,0.0373324,0.0794564
-72.1519,98.7342,0.0376496,0.0821484
-68.3544,98.7342,0.037708,0.0826863
-64.557,98.7342,0.0383419,0.0876812
-60.7595,98.7342,0.0383456,0.0877169
-56.962,98.7342,0.0386921,0.0912369
-53.1646,98.7342,0.0387151,0.0915496
-49.3671,98.7342,0.0391785,0.0962839
-45.5696,98.7342,0.0391885,0.0964299
-41.7722,98.7342,0.0394295,0.101216
-37.9747,98.7342,0.0394319,0.101322
-34.1772,98.7342,0.0394989,0.104166
-30.3797,98.7342,0.0394915,0.104301
-26.5823,98.7342,0.0395763,0.108496
-22.7848,98.7342,0.0395623,0.108708
-18.9873,98.7342,0.039325,0.111238
-15.1899,98.7342,0.0392999,0.111389
-11.3924,98.7342,0.038854,0.11405
-7.59494,98.7342,0.0388139,0.114237
-3.79747,98.7342,0.03865,0.11525
0,98.7342,0.03865,0.11525
-300,102.532,0.0252758,0.0200103
-296.203,102.532,0.0252758,0.0200103
-292.405,102.532,0.0253116,0.0201419
-288.608,102.532,0.0253228,0.0201873
-284.81,102.532,0.025395,0.0205115
-281.013,102.532,0.0254447,0.0207151
-277.215,102.532,0.0257024,0.0217537
-273.418,102.532,0.0258232,0.0222337
-269.62,102.532,0.0260361,0.0230977
-265.823,102.532,0.0261347,0.0234811
-262.025,102.532,0.0263602,0.0243735
-258.228,102.532,0.0264809,0.0248582
-254.43,102.532,0.0267483,0.0259304
-250.633,102.532,0.0267705,0.0260257
-246.835,102.532,0.026954,0.0268501
-243.038,102.532,0.0270681,0.0273652
-239.241,102.532,0.0274291,0.0289151
-235.443,102.532,0.0274528,0.0290282
-231.646,102.532,0.0277283,0.0303418
-227.848,102.532,0.0277522,0.0304992
-224.051,102.532,0.0279918,0.0315259
-220.253,102.532,0.0281102,0.0321135
-216.456,102.532,0.0282457,0.032843
-212.658,102.532,0.0283098,0.0331361
-208.861,102.532,0.0287886,0.035213
-205.063,102.532,0.0288275,0.0354077
-201.266,102.532,0.0290417,0.0363877
-197.468,102.532,0.0291134,0.0366831
-193.671,102.532,0.0299402,0.04002
-189.873,102.532,0.0300259,0.040494
-186.076,102.532,0.0302558,0.0415199
-182.278,102.532,0.0302645,0.0415964
-178.481,102.532,0.0305847,0.0431696
-174.684,102.532,0.0306073,0.0433148
-170.886,102.532,0.0310856,0.0456441
-167.089,102.532,0.0312039,0.0461939
-163.291,102.532,0.0317629,0.0486939
-159.494,102.532,0.0317791,0.048771
-155.696,102.532,0.0323361,0.0514503
-151.899,102.532,0.0323523,0.0515466
-148.101,102.532,0.032766,0.0535889
-144.304,102.532,0.0328022,0.0538031
-140.506,102.532,0.0332979,0.0562092
-136.709,102.532,0.0333692,0.0566075
-132.911,102.532,0.0336226,0.0581603
-129.114,102.532,0.0336438,0.0582813
-125.316,102.532,0.0340494,0.0602215
-121.519,102.532,0.0340926,0.060805
-117.722,102.532,0.034276,0.0619543
-113.924,102.532,0.0342979,0.0621786
-110.127,102.532,0.0351271,0.0668982
-106.329,102.532,0.0351422,0.0669911
-102.532,102.532,0.0355893,0.0695623
-98.7342,102.532,0.035626,0.0698277
-94.9367,102.532,0.0361688,0.0725657
-91.1392,102.532,0.0361778,0.0726329
-87.3418,102.532,0.036799,0.0758907
-83.5443,102.532,0.0368288,0.0761038
-79.7468,102.532,0.0373421,0.0793345
-75.9494,102.532,0.0373687,0.0795484
-72.1519,102.532,0.0376722,0.0822223
-68.3544,102.532,0.0377306,0.0827602
-64.557,102.532,0.0383737,0.087803
-60.7595,102.532,0.0383775,0.0878387
-56.962,102.532,0.0387098,0.0913063
-53.1646,102.532,0.0387328,0.091619
-49.3671,102.532,0.039191,0.0963465
-45.5696,102.532,0.039201,0.0964925
-41.7722,102.532,0.0394681,0.101344
-37.9747,102.532,0.0394706,0.10145
-34.1772,102.532,0.0395385,0.104264
-30.3797,102.532,0.0395311,0.104399
-26.5823,102.532,0.0395925,0.108518
-22.7848,102.532,0.0395784,0.10873
-18.9873,102.532,0.0393319,0.111242
-15.1899,102.532,0.0393068,0.111392
-11.3924,102.532,0.038854,0.11405
-7.59494,102.532,0.0388139,0.114237
-3.79747,102.532,0.03865,0.11525
0,102.532,0.03865,0.11525
-300,106.329,0.027089,0.0253843
-296.203,106.329,0.027089,0.0253843
-292.405,106.329,0.0270906,0.0253943
-288.608,106.329,0.0270916,0.0254
-284.81,106.329,0.0271925,0.0258447
-281.013,106.329,0.027315,0.0263654
-277.215,106.329,0.0277199,0.0279355
-273.418,106.329,0.0277904,0.0282308
-269.62,106.329,0.0279201,0.0287823
-265.823,106.329,0.0279896,0.0290625
-262.025,106.329,0.0281048,0.0295652
-258.228,106.329,0.0281833,0.0299352
-254.43,106.329,0.0284157,0.0310042
-250.633,106.329,0.0284494,0.0311764
-246.835,106.329,0.028807,0.0327325
-243.038,106.329,0.0289012,0.0331553
-239.241,106.329,0.0291661,0.034288
-235.443,106.329,0.0291993,0.0344183
-231.646,106.329,0.029476,0.0356325
-227.848,106.329,0.0295109,0.0357971
-224.051,106.329,0.0300306,0.0380003
-220.253,106.329,0.0302083,0.0388069
-216.456,106.329,0.0303097,0.039363
-212.658,106.329,0.0303221,0.0394195
-208.861,106.329,0.0305557,0.0405826
-205.063,106.329,0.0305608,0.0406085
-201.266,106.329,0.0307634,0.0414942
-197.468,106.329,0.0309653,0.0423496
-193.671,106.329,0.0319491,0.046389
-189.873,106.329,0.0321139,0.0470906
-186.076,106.329,0.0322157,0.0476883
-182.278,106.329,0.0322243,0.0477509
-178.481,106.329,0.0324933,0.0491745
-174.684,106.329,0.0325391,0.0494029
-170.886,106.329,0.0329313,0.0513344
-167.089,106.329,0.0329966,0.0516834
-163.291,106.329,0.0334078,0.0536479
-159.494,106.329,0.0334379,0.0538107
-155.696,106.329,0.033878,0.0560625
-151.899,106.329,0.0339345,0.0563624
-148.101,106.329,0.034503,0.059096
-144.304,106.329,0.0345704,0.0594697
-140.506,106.329,0.0348958,0.0613848
-136.709,106.329,0.0349082,0.0615238
-132.911,106.329,0.0351584,0.063434
-129.114,106.329,0.0351826,0.0636379
-125.316,106.329,0.0356397,0.0661546
-121.519,106.329,0.0357065,0.0665086
-117.722,106.329,0.035923,0.0676938
-113.924,106.329,0.036034,0.0683153
-110.127,106.329,0.0365661,0.0713041
-106.329,106.329,0.0365875,0.0714228
-102.532,106.329,0.036909,0.0735122
-98.7342,106.329,0.0369686,0.0738894
-94.9367,106.329,0.0373171,0.0757868
-91.1392,106.329,0.0373577,0.0760076
-87.3418,106.329,0.0381178,0.0799528
-83.5443,106.329,0.0381535,0.0802001
-79.7468,106.329,0.0386702,0.0835792
-75.9494,106.329,0.0386823,0.0836665
-72.1519,106.329,0.0391119,0.0874831
-68.3544,106.329,0.039157,0.0880975
-64.557,106.329,0.0396653,0.092254
-60.7595,106.329,0.0396646,0.0922756
-56.962,106.329,0.0398617,0.0955518
-53.1646,106.329,0.0398843,0.0959518
-49.3671,106.329,0.0402693,0.10038
-45.5696,106.329,0.0402768,0.100518
-41.7722,106.329,0.0404797,0.104631
-37.9747,106.329,0.040481,0.104738
-34.1772,106.329,0.0405469,0.107472
-30.3797,106.329,0.0405336,0.107588
-26.5823,106.329,0.0405317,0.11139
-22.7848,106.329,0.040514,0.11153
-18.9873,106.329,0.0402379,0.113189
-15.1899,106.329,0.0401882,0.113424
-11.3924,106.329,0.0396284,0.116333
-7.59494,106.329,0.0395823,0.116541
-3.79747,106.329,0.039352,0.117577
0,106.329,0.039352,0.117577
-300,110.127,0.0271003,0.0254161
-296.203,110.127,0.0271003,0.0254161
-292.405,110.127,0.0271018,0.0254261
-288.608,110.127,0.0271028,0.0254318
-284.81,110.127,0.0272037,0.0258765
-281.013,110.127,0.0273262,0.0263972
-277.215,110.127,0.0277252,0.02795
-273.418,110.127,0.0277957,0.0282453
-269.62,110.127,0.0279254,0.0287969
-265.823,110.127,0.0279949,0.029077
-262.025,110.127,0.02811,0.0295797
-258.228,110.127,0.0281886,0.0299497
-254.43,110.127,0.0284157,0.0310042
-250.633,110.127,0.0284494,0.0311764
-246.835,110.127,0.028807,0.0327325
-243.038,110.127,0.0289012,0.0331553
-239.241,110.127,0.0291661,0.034288
-235.443,110.127,0.0291993,0.0344183
-231.646,110.127,0.029476,0.0356325
-227.848,110.127,0.0295109,0.0357971
-224.051,110.127,0.0300375,0.0380168
-220.253,110.127,0.0302152,0.0388235
-216.456,110.127,0.0303166,0.0393796
-212.658,110.127,0.030329,0.0394361
-208.861,110.127,0.0305626,0.0405991
-205.063,110.127,0.0305677,0.040625
-201.266,110.127,0.0307703,0.0415107
-197.468,110.127,0.0309722,0.0423661
-193.671,110.127,0.0319491,0.046389
-189.873,110.127,0.0321139,0.0470906
-186.076,110.127,0.0322157,0.0476883
-182.278,110.127,0.0322243,0.0477509
-178.481,110.127,0.0324933,0.0491745
-174.684,110.127,0.0325391,0.0494029
-170.886,110.127,0.0329376,0.0513501
-167.089,110.127,0.0330029,0.0516991
-163.291,110.127,0.0334229,0.0536901
-159.494,110.127,0.0334529,0.0538529
-155.696,110.127,0.0339027,0.05614
-151.899,110.127,0.0339659,0.0564605
-148.101,110.127,0.0345497,0.0592394
-144.304,110.127,0.0346171,0.059613
-140.506,110.127,0.0349254,0.0614823
-136.709,110.127,0.0349379,0.0616213
-132.911,110.127,0.0351814,0.0635108
-129.114,110.127,0.0352057,0.0637148
-125.316,110.127,0.0356502,0.0661936
-121.519,110.127,0.035717,0.0665476
-117.722,110.127,0.0359423,0.0677583
-113.924,110.127,0.0360533,0.0683798
-110.127,110.127,0.036583,0.0713521
-106.329,110.127,0.0366044,0.0714708
-102.532,110.127,0.0369266,0.073566
-98.7342,110.127,0.0369861,0.0739432
-94.9367,110.127,0.0373347,0.0758406
-91.1392,110.127,0.0373753,0.0760614
-87.3418,110.127,0.0381406,0.0800157
-83.5443,110.127,0.0381763,0.080263
-79.7468,110.127,0.038712,0.0836769
-75.9494,110.127,0.0387241,0.0837642
-72.1519,110.127,0.0391737,0.0876619
-68.3544,110.127,0.0392189,0.0882763
-64.557,110.127,0.0397043,0.0923699
-60.7595,110.127,0.0397036,0.0923915
-56.962,110.127,0.0398946,0.0956498
-53.1646,110.127,0.0399172,0.0960499
-49.3671,110.127,0.0402955,0.100457
-45.5696,110.127,0.040303,0.100595
-41.7722,110.127,0.0405149,0.104737
-37.9747,110.127,0.0405162,0.104845
-34.1772,110.127,0.0405766,0.107536
-30.3797,110.127,0.0405707,0.107667
-26.5823,110.127,0.0405941,0.111519
-22.7848,110.127,0.0405764,0.111659
-18.9873,110.127,0.0403054,0.113331
-15.1899,110.127,0.0402557,0.113566
-11.3924,110.127,0.039669,0.116426
-7.59494,110.127,0.0396155,0.116624
-3.79747,110.127,0.039385,0.117666
0,110.127,0.039385,0.117666
-300,113.924,0.0278299,0.0274679
-296.203,113.924,0.0278299,0.0274679
-292.405,113.924,0.0278211,0.0274456
-288.608,113.924,0.0278246,0.0274616
-284.81,113.924,0.0279949,0.0280963
-281.013,113.924,0.0281757,0.0287986
-277.215,113.924,0.0285566,0.0302648
-273.418,113.924,0.0286311,0.0305714
-269.62,113.924,0.0287239,0.0309766
-265.823,113.924,0.0287797,0.0312321
-262.025,113.924,0.0288919,0.0317335
-258.228,113.924,0.0289759,0.0321361
-254.43,113.924,0.0292242,0.0332724
-250.633,113.924,0.0293156,0.0336559
-246.835,113.924,0.0297807,0.0355481
-243.038,113.924,0.029865,0.0359324
-239.241,113.924,0.0301717,0.0371666
-235.443,113.924,0.0302029,0.0372816
-231.646,113.924,0.0304912,0.0385378
-227.848,113.924,0.0305583,0.0388278
-224.051,113.924,0.0311486,0.0412004
-220.253,113.924,0.0312142,0.0415215
-216.456,113.924,0.0312944,0.0420494
-212.658,113.924,0.0312986,0.0420752
-208.861,113.924,0.0314603,0.0429956
-205.063,113.924,0.0314635,0.0430107
-201.266,113.924,0.0316675,0.0439591
-197.468,113.924,0.0318631,0.0448356
-193.671,113.924,0.0327546,0.0485869
-189.873,113.924,0.0328451,0.0490138
-186.076,113.924,0.0329686,0.0497249
-182.278,113.924,0.0329755,0.0497932
-178.481,113.924,0.0333959,0.0517183
-174.684,113.924,0.0334313,0.0519124
-170.886,113.924,0.0339578,0.0542974
-167.089,113.924,0.0339997,0.0545648
-163.291,113.924,0.0343703,0.0565271
-159.494,113.924,0.0343981,0.0566823
-155.696,113.924,0.0349664,0.059473
-151.899,113.924,0.0350467,0.0598935
-148.101,113.924,0.0356532,0.0626871
-144.304,113.924,0.0356934,0.0629041
-140.506,113.924,0.0359628,0.0646545
-136.709,113.924,0.035965,0.0647542
-132.911,113.924,0.0362319,0.0667629
-129.114,113.924,0.0362428,0.0668865
-125.316,113.924,0.0365716,0.0690782
-121.519,113.924,0.0366032,0.0692944
-117.722,113.924,0.0369108,0.0708654
-113.924,113.924,0.0370407,0.071574
-110.127,113.924,0.037709,0.0748146
-106.329,113.924,0.0377275,0.0749133
-102.532,113.924,0.038194,0.0772965
-98.7342,113.924,0.0382402,0.0775505
-94.9367,113.924,0.0385352,0.0792496
-91.1392,113.924,0.0386032,0.079658
-87.3418,113.924,0.0392682,0.0835703
-83.5443,113.924,0.039298,0.0837815
-79.7468,113.924,0.0397469,0.0870974
-75.9494,113.924,0.0397548,0.0871687
-72.1519,113.924,0.0401219,0.0907905
-68.3544,113.924,0.040159,0.0913079
-64.557,113.924,0.0404053,0.0943593
-60.7595,113.924,0.0404053,0.0943593
-56.962,113.924,0.0406385,0.0980314
-53.1646,113.924,0.0406602,0.0985352
-49.3671,113.924,0.0410208,0.10298
-45.5696,113.924,0.0410187,0.103028
-41.7722,113.924,0.0413084,0.107289
-37.9747,113.924,0.0413108,0.107339
-34.1772,113.924,0.0413487,0.109837
-30.3797,113.924,0.0413342,0.109972
-26.5823,113.924,0.0412707,0.113543
-22.7848,113.924,0.0412604,0.113611
-18.9873,113.924,0.0409676,0.114957
-15.1899,113.924,0.0409178,0.115226
-11.3924,113.924,0.0403371,0.118217
-7.59494,113.924,0.0402703,0.118427
-3.79747,113.924,0.0400132,0.119381
0,113.924,0.0400132,0.119381
-300,117.722,0.0278443,0.0275088
-296.203,117.722,0.0278443,0.0275088
-292.405,117.722,0.0278355,0.0274866
-288.608,117.722,0.0278391,0.0275026
-284.81,117.722,0.0280094,0.0281394
-281.013,117.722,0.0281901,0.0288418
-277.215,117.722,0.028571,0.030308
-273.418,117.722,0.0286455,0.0306146
-269.62,117.722,0.0287239,0.0309766
-265.823,117.722,0.0287797,0.0312321
-262.025,117.722,0.0288919,0.0317335
-258.228,117.722,0.0289759,0.0321361
-254.43,117.722,0.0292242,0.0332724
-250.633,117.722,0.0293156,0.0336559
-246.835,117.722,0.0297914,0.0355758
-243.038,117.722,0.0298757,0.0359601
-239.241,117.722,0.0301824,0.0371943
-235.443,117.722,0.0302137,0.0373093
-231.646,117.722,0.030502,0.0385655
-227.848,117.722,0.0305691,0.0388555
-224.051,117.722,0.0311594,0.0412281
-220.253,117.722,0.0312214,0.0415336
-216.456,117.722,0.0313017,0.0420615
-212.658,117.722,0.0313058,0.0420873
-208.861,117.722,0.0314738,0.0430216
-205.063,117.722,0.0314769,0.0430367
-201.266,117.722,0.0316809,0.0439851
-197.468,117.722,0.0318766,0.0448616
-193.671,117.722,0.0327683,0.0486238
-189.873,117.722,0.0328589,0.0490507
-186.076,117.722,0.0329824,0.0497618
-182.278,117.722,0.0329921,0.0498454
-178.481,117.722,0.0334208,0.0517946
-174.684,117.722,0.0334562,0.0519888
-170.886,117.722,0.0339886,0.0543861
-167.089,117.722,0.0340305,0.0546536
-163.291,117.722,0.0344001,0.0566111
-159.494,117.722,0.034428,0.0567664
-155.696,117.722,0.0349879,0.0595329
-151.899,117.722,0.0350682,0.0599535
-148.101,117.722,0.0356607,0.0627105
-144.304,117.722,0.0357008,0.0629275
-140.506,117.722,0.0359628,0.0646545
-136.709,117.722,0.035965,0.0647542
-132.911,117.722,0.0362319,0.0667629
-129.114,117.722,0.0362428,0.0668865
-125.316,117.722,0.0365716,0.0690782
-121.519,117.722,0.0366032,0.0692944
-117.722,117.722,0.0369108,0.0708654
-113.924,117.722,0.0370407,0.071574
-110.127,117.722,0.037709,0.0748146
-106.329,117.722,0.0377275,0.0749133
-102.532,117.722,0.0382013,0.0773236
-98.7342,117.722,0.0382475,0.0775775
-94.9367,117.722,0.0385426,0.0792766
-91.1392,117.722,0.0386106,0.079685
-87.3418,117.722,0.0392924,0.0836497
-83.5443,117.722,0.0393222,0.0838608
-79.7468,117.722,0.0397712,0.0871768
-75.9494,117.722,0.039779,0.087248
-72.1519,117.722,0.0401323,0.0908206
-68.3544,117.722,0.0401694,0.091338
-64.557,117.722,0.0404242,0.0944348
-60.7595,117.722,0.0404242,0.0944348
-56.962,117.722,0.040746,0.0983773
-53.1646,117.722,0.0407677,0.0988812
-49.3671,117.722,0.0411546,0.103402
-45.5696,117.722,0.0411526,0.10345
-41.7722,117.722,0.0413567,0.107424
-37.9747,117.722,0.0413591,0.107474
-34.1772,117.722,0.0413626,0.109876
-30.3797,117.722,0.0413481,0.110012
-26.5823,117.722,0.0412985,0.113622
-22.7848,117.722,0.0412882,0.11369
-18.9873,117.722,0.0410166,0.1151
-15.1899,117.722,0.0409716,0.115384
-11.3924,117.722,0.0404614,0.118526
-7.59494,117.722,0.0403945,0.118736
-3.79747,117.722,0.040142,0.119712
0,117.722,0.040142,0.119712
-300,121.519,0.0292515,0.0316048
-296.203,121.519,0.0292515,0.0316048
-292.405,121.519,0.0292459,0.031598
-288.608,121.519,0.0292534,0.0316253
-284.81,121.519,0.029487,0.03246
-281.013,121.519,0.0295494,0.0327041
-277.215,121.519,0.0298211,0.0338226
-273.418,121.519,0.029853,0.0339535
-269.62,121.519,0.0299965,0.0345832
-265.823,121.519,0.030073,0.0349358
-262.025,121.519,0.0301905,0.0354943
-258.228,121.519,0.0302805,0.0359136
-254.43,121.519,0.0304873,0.0368108
-250.633,121.519,0.0306022,0.0373427
-246.835,121.519,0.0310254,0.0390924
-243.038,121.519,0.0310723,0.0393095
-239.241,121.519,0.031244,0.0401851
-235.443,121.519,0.0312595,0.0402538
-231.646,121.519,0.031607,0.0416838
-227.848,121.519,0.0316754,0.0419759
-224.051,121.519,0.0321215,0.0438888
-220.253,121.519,0.0321324,0.0439882
-216.456,121.519,0.0322798,0.0447866
-212.658,121.519,0.0322955,0.044867
-208.861,121.519,0.0325447,0.046048
-205.063,121.519,0.0325477,0.0460752
-201.266,121.519,0.0329169,0.0476067
-197.468,121.519,0.0331,0.0484819
-193.671,121.519,0.0340116,0.0523053
-189.873,121.519,0.0340596,0.052548
-186.076,121.519,0.0343602,0.0540593
-182.278,121.519,0.0344382,0.0544568
-178.481,121.519,0.0348419,0.0562541
-174.684,121.519,0.0348736,0.0564034
-170.886,121.519,0.0354129,0.058786
-167.089,121.519,0.0354273,0.0589005
-163.291,121.519,0.0357182,0.0605133
-159.494,121.519,0.035772,0.060846
-155.696,121.519,0.0363318,0.0636616
-151.899,121.519,0.0363974,0.0640068
-148.101,121.519,0.0366481,0.0656355
-144.304,121.519,0.0366637,0.0657564
-140.506,121.519,0.0368816,0.0673434
-136.709,121.519,0.0368931,0.0674625
-132.911,121.519,0.0372394,0.0696556
-129.114,121.519,0.0372418,0.0697535
-125.316,121.519,0.0375885,0.0719729
-121.519,121.519,0.037642,0.0722802
-117.722,121.519,0.0381865,0.0747241
-113.924,121.519,0.0382665,0.0751545
-110.127,121.519,0.0389253,0.0783682
-106.329,121.519,0.0389385,0.0784522
-102.532,121.519,0.0393877,0.0809152
-98.7342,121.519,0.039445,0.0812655
-94.9367,121.519,0.0397604,0.0832728
-91.1392,121.519,0.0398189,0.0837062
-87.3418,121.519,0.0404465,0.0873276
-83.5443,121.519,0.0404601,0.0874077
-79.7468,121.519,0.0408447,0.0905967
-75.9494,121.519,0.0408433,0.0906254
-72.1519,121.519,0.0412075,0.0945923
-68.3544,121.519,0.0412345,0.0951906
-64.557,121.519,0.041383,0.0977474
-60.7595,121.519,0.041383,0.0977474
-56.962,121.519,0.0416637,0.101499
-53.1646,121.519,0.0416706,0.101951
-49.3671,121.519,0.042002,0.106102
-45.5696,121.519,0.0419999,0.10615
-41.7722,121.519,0.0421044,0.109548
-37.9747,121.519,0.0421065,0.109599
-34.1772,121.519,0.0421003,0.112165
-30.3797,121.519,0.042078,0.112354
-26.5823,121.519,0.042033,0.11582
-22.7848,121.519,0.0420191,0.115868
-18.9873,121.519,0.0417035,0.117609
-15.1899,121.519,0.0416268,0.118091
-11.3924,121.519,0.0411067,0.120699
-7.59494,121.519,0.0410746,0.12082
-3.79747,121.519,0.0408933,0.121517
0,121.519,0.0408933,0.121517
-300,125.316,0.0292593,0.0316248
-296.203,125.316,0.0292593,0.0316248
-292.405,125.316,0.0292537,0.031618
-288.608,125.316,0.0292617,0.0316501
-284.81,125.316,0.0294953,0.0324848
-281.013,125.316,0.0295577,0.0327289
-277.215,125.316,0.0298294,0.0338475
-273.418,125.316,0.0298613,0.0339783
-269.62,125.316,0.0300048,0.0346081
-265.823,125.316,0.0300813,0.0349607
-262.025,125.316,0.0302015,0.0355307
-258.228,125.316,0.030287,0.0359313
-254.43,125.316,0.0304939,0.0368285
-250.633,125.316,0.0306087,0.0373604
-246.835,125.316,0.031032,0.0391101
-243.038,125.316,0.0310788,0.0393272
-239.241,125.316,0.0312883,0.0403145
-235.443,125.316,0.0313038,0.0403831
-231.646,125.316,0.0316602,0.0418386
-227.848,125.316,0.0317286,0.0421307
-224.051,125.316,0.0322078,0.044125
-220.253,125.316,0.0322293,0.0442546
-216.456,125.316,0.0323983,0.0451116
-212.658,125.316,0.0324139,0.045192
-208.861,125.316,0.0326993,0.0464732
-205.063,125.316,0.0327083,0.0465255
-201.266,125.316,0.0331018,0.0481276
-197.468,125.316,0.0332849,0.0490027
-193.671,125.316,0.0341704,0.0527445
-189.873,125.316,0.0342227,0.053006
-186.076,125.316,0.034549,0.0546035
-182.278,125.316,0.0346269,0.055001
-178.481,125.316,0.0349952,0.0566797
-174.684,125.316,0.0350269,0.056829
-170.886,125.316,0.0355176,0.0591053
-167.089,125.316,0.03553,0.0592032
-163.291,125.316,0.035814,0.0607961
-159.494,125.316,0.0358679,0.0611288
-155.696,125.316,0.0364208,0.0639296
-151.899,125.316,0.0364846,0.0642926
-148.101,125.316,0.0367573,0.0659869
-144.304,125.316,0.0367731,0.0661127
-140.506,125.316,0.0371138,0.06805
-136.709,125.316,0.0371254,0.0681691
-132.911,125.316,0.0375533,0.0705743
-129.114,125.316,0.037558,0.0706874
-125.316,125.316,0.0379321,0.072953
-121.519,125.316,0.0379785,0.0732594
-117.722,125.316,0.0384752,0.0755537
-113.924,125.316,0.0385422,0.0759162
-110.127,125.316,0.0391351,0.0788894
-106.329,125.316,0.0391483,0.0789734
-102.532,125.316,0.0395489,0.0813246
-98.7342,125.316,0.0395885,0.0816059
-94.9367,125.316,0.0398835,0.0835948
-91.1392,125.316,0.0399366,0.0840151
-87.3418,125.316,0.0405032,0.087507
-83.5443,125.316,0.0405088,0.0875653
-79.7468,125.316,0.0409993,0.0911086
-75.9494,125.316,0.040998,0.0911373
-72.1519,125.316,0.0414765,0.0955147
-68.3544,125.316,0.0414993,0.0961131
-64.557,125.316,0.0416867,0.0987569
-60.7595,125.316,0.0416867,0.0987569
-56.962,125.316,0.041909,0.102258
-53.1646,125.316,0.0419263,0.102715
-49.3671,125.316,0.0422042,0.106694
-45.5696,125.316,0.0422009,0.106725
-41.7722,125.316,0.0422839,0.10998
-37.9747,125.316,0.042286,0.110032
-34.1772,125.316,0.0422423,0.112452
-30.3797,125.316,0.04222,0.11264
-26.5823,125.316,0.042085,0.115941
-22.7848,125.316,0.0420711,0.115989
-18.9873,125.316,0.0417244,0.11767
-15.1899,125.316,0.0416477,0.118151
-11.3924,125.316,0.0411301,0.120785
-7.59494,125.316,0.041102,0.120896
-3.79747,125.316,0.0409231,0.121587
0,125.316,0.0409231,0.121587
-300,129.114,0.0304518,0.0349444
-296.203,129.114,0.0304518,0.0349444
-292.405,129.114,0.0304939,0.0351556
-288.608,129.114,0.0305156,0.035251
-284.81,129.114,0.0306436,0.0357712
-281.013,129.114,0.0306676,0.0358765
-277.215,129.114,0.0309373,0.0370131
-273.418,129.114,0.030962,0.0371166
-269.62,129.114,0.031243,0.038226
-265.823,129.114,0.031338,0.0385952
-262.025,129.114,0.0316961,0.0399369
-258.228,129.114,0.0318856,0.0406834
-254.43,129.114,0.0321754,0.0418136
-250.633,129.114,0.032292,0.0423129
-246.835,129.114,0.0325559,0.0434241
-243.038,129.114,0.0325835,0.0435519
-239.241,129.114,0.0328954,0.0449276
-235.443,129.114,0.0329238,0.0450518
-231.646,129.114,0.0332886,0.0466242
-227.848,129.114,0.0335182,0.0475756
-224.051,129.114,0.0339373,0.049265
-220.253,129.114,0.0339474,0.0493092
-216.456,129.114,0.0342643,0.0506663
-212.658,129.114,0.0343024,0.0508437
-208.861,129.114,0.034649,0.0524147
-205.063,129.114,0.0346599,0.0524772
-201.266,129.114,0.0351216,0.0544648
-197.468,129.114,0.0352053,0.0549518
-193.671,129.114,0.0355719,0.056844
-189.873,129.114,0.0356217,0.0571236
-186.076,129.114,0.0361856,0.0597235
-182.278,129.114,0.036284,0.0602087
-178.481,129.114,0.0365622,0.0615633
-174.684,129.114,0.0365669,0.0615838
-170.886,129.114,0.0368181,0.0629988
-167.089,129.114,0.0368384,0.063144
-163.291,129.114,0.0371714,0.064977
-159.494,129.114,0.0372539,0.0654762
-155.696,129.114,0.0378218,0.0687217
-151.899,129.114,0.0378762,0.0690481
-148.101,129.114,0.0382383,0.0710205
-144.304,129.114,0.038282,0.0713156
-140.506,129.114,0.0385812,0.0729537
-136.709,129.114,0.0385978,0.0730335
-132.911,129.114,0.0389857,0.0751838
-129.114,129.114,0.0390011,0.075276
-125.316,129.114,0.0394425,0.0775485
-121.519,129.114,0.0395242,0.0780477
-117.722,129.114,0.0401092,0.0806627
-113.924,129.114,0.040131,0.0808017
-110.127,129.114,0.0404953,0.0828667
-106.329,129.114,0.0405625,0.0832467
-102.532,129.114,0.0409062,0.0854229
-98.7342,129.114,0.0409682,0.0857918
-94.9367,129.114,0.0413831,0.0885263
-91.1392,129.114,0.0414291,0.0888938
-87.3418,129.114,0.0418331,0.0918302
-83.5443,129.114,0.0418314,0.0918407
-79.7468,129.114,0.0422806,0.0954671
-75.9494,129.114,0.0422865,0.0955384
-72.1519,129.114,0.0427968,0.100581
-68.3544,129.114,0.0428275,0.101268
-64.557,129.114,0.0429834,0.103265
-60.7595,129.114,0.0429814,0.103291
-56.962,129.114,0.0431435,0.106416
-53.1646,129.114,0.0431368,0.106675
-49.3671,129.114,0.0432605,0.109689
-45.5696,129.114,0.0432574,0.109785
-41.7722,129.114,0.0432959,0.112826
-37.9747,129.114,0.043295,0.112911
-34.1772,129.114,0.043309,0.115564
-30.3797,129.114,0.0432835,0.115796
-26.5823,129.114,0.0430991,0.118597
-22.7848,129.114,0.0430892,0.118668
-18.9873,129.114,0.0427247,0.120604
-15.1899,129.114,0.0426398,0.121159
-11.3924,129.114,0.0422019,0.123343
-7.59494,129.114,0.0421826,0.123423
-3.79747,129.114,0.0419622,0.124085
0,129.114,0.0419622,0.124085
-300,132.911,0.0304717,0.0349984
-296.203,132.911,0.0304717,0.0349984
-292.405,132.911,0.0305138,0.0352095
-288.608,132.911,0.0305355,0.035305
-284.81,132.911,0.0306635,0.0358252
-281.013,132.911,0.0306875,0.0359305
-277.215,132.911,0.0309495,0.037042
-273.418,132.911,0.0309742,0.0371454
-269.62,132.911,0.0312552,0.0382548
-265.823,132.911,0.0313476,0.038613
-262.025,132.911,0.0317057,0.0399547
-258.228,132.911,0.0318951,0.0407012
-254.43,132.911,0.0321777,0.0418158
-250.633,132.911,0.0322943,0.0423151
-246.835,132.911,0.0325582,0.0434264
-243.038,132.911,0.0325858,0.0435541
-239.241,132.911,0.0328954,0.0449276
-235.443,132.911,0.0329238,0.0450518
-231.646,132.911,0.0332886,0.0466242
-227.848,132.911,0.0335182,0.0475756
-224.051,132.911,0.0339373,0.049265
-220.253,132.911,0.0339474,0.0493092
-216.456,132.911,0.0342643,0.0506663
-212.658,132.911,0.0343024,0.0508437
-208.861,132.911,0.034649,0.0524147
-205.063,132.911,0.0346599,0.0524772
-201.266,132.911,0.0351216,0.0544648
-197.468,132.911,0.0352053,0.0549518
-193.671,132.911,0.0355719,0.056844
-189.873,132.911,0.0356255,0.0571279
-186.076,132.911,0.0361895,0.0597277
-182.278,132.911,0.0362878,0.0602129
-178.481,132.911,0.0365728,0.0615878
-174.684,132.911,0.0365775,0.0616082
-170.886,132.911,0.0368287,0.0630232
-167.089,132.911,0.0368553,0.0631873
-163.291,132.911,0.0371883,0.0650203
-159.494,132.911,0.0372708,0.0655196
-155.696,132.911,0.0378682,0.0688562
-151.899,132.911,0.0379227,0.0691825
-148.101,132.911,0.0382868,0.071164
-144.304,132.911,0.0383305,0.0714592
-140.506,132.911,0.0386129,0.0730539
-136.709,132.911,0.0386295,0.0731337
-132.911,132.911,0.0389857,0.0751838
-129.114,132.911,0.0390011,0.075276
-125.316,132.911,0.0394425,0.0775485
-121.519,132.911,0.0395242,0.0780477
-117.722,132.911,0.0401092,0.0806627
-113.924,132.911,0.040131,0.0808017
-110.127,132.911,0.0404953,0.0828667
-106.329,132.911,0.0405625,0.0832467
-102.532,132.911,0.0409062,0.0854229
-98.7342,132.911,0.0409682,0.0857918
-94.9367,132.911,0.0413831,0.0885263
-91.1392,132.911,0.0414291,0.0888938
-87.3418,132.911,0.0418331,0.0918302
-83.5443,132.911,0.0418314,0.0918407
-79.7468,132.911,0.0422806,0.0954671
-75.9494,132.911,0.0422865,0.0955384
-72.1519,132.911,0.0427968,0.100581
-68.3544,132.911,0.0428275,0.101268
-64.557,132.911,0.0429834,0.103265
-60.7595,132.911,0.0429814,0.103291
-56.962,132.911,0.0431435,0.106416
-53.1646,132.911,0.0431368,0.106675
-49.3671,132.911,0.0432605,0.109689
-45.5696,132.911,0.0432574,0.109785
-41.7722,132.911,0.0433038,0.112833
-37.9747,132.911,0.0433029,0.112919
-34.1772,132.911,0.0433169,0.115572
-30.3797,132.911,0.0432914,0.115803
-26.5823,132.911,0.0431227,0.118672
-22.7848,132.911,0.0431128,0.118744
-18.9873,132.911,0.0427741,0.120716
-15.1899,132.911,0.0426868,0.121284
-11.3924,132.911,0.0422708,0.123464
-7.59494,132.911,0.0422515,0.123544
-3.79747,132.911,0.0420311,0.124206
0,132.911,0.0420311,0.124206
-300,136.709,0.0314165,0.0376094
-296.203,136.709,0.0314165,0.0376094
-292.405,136.709,0.0315006,0.0379456
-288.608,136.709,0.0315207,0.0380344
-284.81,136.709,0.0316547,0.0386113
-281.013,136.709,0.0316768,0.0387138
-277.215,136.709,0.0319646,0.0398541
-273.418,136.709,0.0319766,0.0398996
-269.62,136.709,0.0322428,0.0409214
-265.823,136.709,0.0323317,0.0412771
-262.025,136.709,0.0326473,0.0425484
-258.228,136.709,0.0328031,0.0432193
-254.43,136.709,0.0330674,0.0444075
-250.633,136.709,0.033143,0.0447588
-246.835,136.709,0.0333403,0.0455927
-243.038,136.709,0.033404,0.0458593
-239.241,136.709,0.0338473,0.0476747
-235.443,136.709,0.0338768,0.0478015
-231.646,136.709,0.034364,0.0499191
-227.848,136.709,0.0346096,0.0508789
-224.051,136.709,0.0349771,0.0523137
-220.253,136.709,0.0349843,0.0523475
-216.456,136.709,0.0353867,0.0540913
-212.658,136.709,0.0354245,0.0542712
-208.861,136.709,0.0357868,0.0558512
-205.063,136.709,0.0358018,0.0559314
-201.266,136.709,0.0362299,0.05792
-197.468,136.709,0.0362628,0.0581416
-193.671,136.709,0.0367376,0.0603953
-189.873,136.709,0.0369231,0.0612473
-186.076,136.709,0.0375245,0.0638705
-182.278,136.709,0.0375832,0.0641388
-178.481,136.709,0.0377826,0.0651808
-174.684,136.709,0.0377874,0.0652013
-170.886,136.709,0.0379575,0.0662686
-167.089,136.709,0.0380284,0.0667
-163.291,136.709,0.0383572,0.0685151
-159.494,136.709,0.0384325,0.0690395
-155.696,136.709,0.039036,0.0723949
-151.899,136.709,0.0390786,0.0726211
-148.101,136.709,0.0394895,0.0747231
-144.304,136.709,0.0395377,0.0750015
-140.506,136.709,0.0397093,0.0762047
-136.709,136.709,0.0397221,0.0762988
-132.911,136.709,0.040061,0.0783097
-129.114,136.709,0.0400967,0.0784914
-125.316,136.709,0.0405859,0.0810298
-121.519,136.709,0.0407306,0.0817753
-117.722,136.709,0.0412051,0.0840228
-113.924,136.709,0.0412237,0.0841263
-110.127,136.709,0.0415,0.0858882
-106.329,136.709,0.0415727,0.0863386
-102.532,136.709,0.0418249,0.0882036
-98.7342,136.709,0.0419074,0.0886868
-94.9367,136.709,0.0422955,0.0912876
-91.1392,136.709,0.0423196,0.0915549
-87.3418,136.709,0.0428017,0.094973
-83.5443,136.709,0.0428095,0.0950843
-79.7468,136.709,0.0431743,0.098542
-75.9494,136.709,0.0431816,0.0986034
-72.1519,136.709,0.0438227,0.104186
-68.3544,136.709,0.0438477,0.104793
-64.557,136.709,0.043964,0.106477
-60.7595,136.709,0.0439571,0.106548
-56.962,136.709,0.0441204,0.109592
-53.1646,136.709,0.0441069,0.10988
-49.3671,136.709,0.044131,0.112324
-45.5696,136.709,0.0441254,0.112405
-41.7722,136.709,0.0441154,0.115183
-37.9747,136.709,0.0441185,0.115281
-34.1772,136.709,0.0441789,0.11822
-30.3797,136.709,0.0441659,0.118431
-26.5823,136.709,0.044002,0.120824
-22.7848,136.709,0.0439987,0.120863
-18.9873,136.709,0.0436488,0.123374
-15.1899,136.709,0.0435631,0.123791
-11.3924,136.709,0.0431838,0.125409
-7.59494,136.709,0.0431699,0.125463
-3.79747,136.709,0.0429516,0.125997
0,136.709,0.0429516,0.125997
-300,140.506,0.031431,0.0376515
-296.203,140.506,0.031431,0.0376515
-292.405,140.506,0.0315151,0.0379876
-288.608,140.506,0.0315353,0.0380764
-284.81,140.506,0.0316692,0.0386533
-281.013,140.506,0.0316913,0.0387558
-277.215,140.506,0.0319791,0.0398961
-273.418,140.506,0.0319912,0.0399416
-269.62,140.506,0.0322667,0.0409832
-265.823,140.506,0.0323703,0.0413732
-262.025,140.506,0.0327089,0.0427002
-258.228,140.506,0.0328609,0.0433625
-254.43,140.506,0.0331345,0.0445828
-250.633,140.506,0.0332101,0.044934
-246.835,140.506,0.0334025,0.0457471
-243.038,140.506,0.0334662,0.0460137
-239.241,140.506,0.0339298,0.0478894
-235.443,140.506,0.0339594,0.0480163
-231.646,140.506,0.0344365,0.0501131
-227.848,140.506,0.0346759,0.0510569
-224.051,140.506,0.0350324,0.0524651
-220.253,140.506,0.0350395,0.052499
-216.456,140.506,0.0354215,0.0541904
-212.658,140.506,0.0354593,0.0543702
-208.861,140.506,0.0358031,0.0558975
-205.063,140.506,0.035818,0.0559777
-201.266,140.506,0.0362381,0.0579417
-197.468,140.506,0.036271,0.0581633
-193.671,140.506,0.0367463,0.0604225
-189.873,140.506,0.0369318,0.0612745
-186.076,140.506,0.03754,0.0639189
-182.278,140.506,0.0375987,0.0641872
-178.481,140.506,0.0378042,0.0652464
-174.684,140.506,0.0378089,0.0652668
-170.886,140.506,0.0379764,0.0663217
-167.089,140.506,0.0380473,0.0667531
-163.291,140.506,0.0383761,0.0685682
-159.494,140.506,0.0384514,0.0690926
-155.696,140.506,0.0390636,0.0724573
-151.899,140.506,0.0391002,0.0726663
-148.101,140.506,0.0395392,0.0748495
-144.304,140.506,0.0395874,0.0751278
-140.506,140.506,0.0397591,0.0763367
-136.709,140.506,0.039772,0.0764307
-132.911,140.506,0.0401036,0.0784116
-129.114,140.506,0.0401392,0.0785933
-125.316,140.506,0.040649,0.0811978
-121.519,140.506,0.0407938,0.0819433
-117.722,140.506,0.041271,0.0842003
-113.924,140.506,0.0412929,0.0843201
-110.127,140.506,0.0415836,0.0861246
-106.329,140.506,0.04166,0.0865764
-102.532,140.506,0.0419688,0.0885745
-98.7342,140.506,0.0420514,0.0890577
-94.9367,140.506,0.0424768,0.0917952
-91.1392,140.506,0.0424978,0.0920266
-87.3418,140.506,0.0430608,0.0957874
-83.5443,140.506,0.0430685,0.0958987
-79.7468,140.506,0.0434175,0.0992946
-75.9494,140.506,0.0434181,0.0993353
-72.1519,140.506,0.0439412,0.104548
-68.3544,140.506,0.0439513,0.105127
-64.557,140.506,0.0440218,0.106627
-60.7595,140.506,0.0440149,0.106697
-56.962,140.506,0.0441662,0.109693
-53.1646,140.506,0.0441607,0.110004
-49.3671,140.506,0.0441618,0.112424
-45.5696,140.506,0.0441562,0.112504
-41.7722,140.506,0.0441731,0.11534
-37.9747,140.506,0.0441753,0.115433
-34.1772,140.506,0.0442237,0.118335
-30.3797,140.506,0.0442108,0.118547
-26.5823,140.506,0.0440282,0.120887
-22.7848,140.506,0.0440249,0.120926
-18.9873,140.506,0.0436623,0.123396
-15.1899,140.506,0.0435766,0.123813
-11.3924,140.506,0.043202,0.125441
-7.59494,140.506,0.0431881,0.125494
-3.79747,140.506,0.0429697,0.126028
0,140.506,0.0429697,0.126028
-300,144.304,0.0327185,0.0412287
-296.203,144.304,0.0327185,0.0412287
-292.405,144.304,0.0327392,0.0413341
-288.608,144.304,0.032752,0.0413887
-284.81,144.304,0.0329236,0.0420347
-281.013,144.304,0.0329482,0.042137
-277.215,144.304,0.0335491,0.0442885
-273.418,144.304,0.0336294,0.044585
-269.62,144.304,0.0339927,0.0459541
-265.823,144.304,0.0341299,0.0464914
-262.025,144.304,0.0344132,0.0477674
-258.228,144.304,0.0344464,0.0479181
-254.43,144.304,0.0346755,0.0489033
-250.633,144.304,0.0347443,0.0492235
-246.835,144.304,0.034911,0.0499322
-243.038,144.304,0.0349803,0.0502169
-239.241,144.304,0.0354966,0.0523164
-235.443,144.304,0.0355461,0.052522
-231.646,144.304,0.0360773,0.0548951
-227.848,144.304,0.0361896,0.0554412
-224.051,144.304,0.0363398,0.0562298
-220.253,144.304,0.0363373,0.0562383
-216.456,144.304,0.0366587,0.0578287
-212.658,144.304,0.0366845,0.057968
-208.861,144.304,0.0370696,0.0597076
-205.063,144.304,0.0370885,0.0598106
-201.266,144.304,0.0375138,0.0617871
-197.468,144.304,0.0375501,0.0619867
-193.671,144.304,0.0381358,0.0645154
-189.873,144.304,0.0383078,0.0653389
-186.076,144.304,0.0387665,0.0674332
-182.278,144.304,0.0387914,0.0675641
-178.481,144.304,0.0390004,0.0689677
-174.684,144.304,0.0390004,0.0689677
-170.886,144.304,0.0390973,0.0696527
-167.089,144.304,0.0392234,0.0704737
-163.291,144.304,0.0394826,0.0720849
-159.494,144.304,0.0395569,0.0725037
-155.696,144.304,0.0400379,0.0753335
-151.899,144.304,0.0400979,0.0756312
-148.101,144.304,0.0406069,0.0781053
-144.304,144.304,0.0406285,0.0782649
-140.506,144.304,0.0407736,0.079474
-136.709,144.304,0.0407891,0.0796116
-132.911,144.304,0.0411926,0.0816389
-129.114,144.304,0.0412351,0.0818522
-125.316,144.304,0.041846,0.0846911
-121.519,144.304,0.0419286,0.0851414
-117.722,144.304,0.0423661,0.0872844
-113.924,144.304,0.0423784,0.0873413
-110.127,144.304,0.0427714,0.0895757
-106.329,144.304,0.0428802,0.0902607
-102.532,144.304,0.0433155,0.0927774
-98.7342,144.304,0.0433768,0.0931826
-94.9367,144.304,0.0438145,0.0962426
-91.1392,144.304,0.0438432,0.0964431
-87.3418,144.304,0.0443359,0.100101
-83.5443,144.304,0.044351,0.100235
-79.7468,144.304,0.0445366,0.103002
-75.9494,144.304,0.0445395,0.103068
-72.1519,144.304,0.044708,0.106865
-68.3544,144.304,0.044696,0.107277
-64.557,144.304,0.0447089,0.108515
-60.7595,144.304,0.0447201,0.108651
-56.962,144.304,0.0449302,0.112012
-53.1646,144.304,0.0449308,0.11238
-49.3671,144.304,0.044898,0.114864
-45.5696,144.304,0.0448894,0.114873
-41.7722,144.304,0.0449146,0.117575
-37.9747,144.304,0.0449168,0.117667
-34.1772,144.304,0.0449065,0.120334
-30.3797,144.304,0.0448959,0.120453
-26.5823,144.304,0.0447005,0.122431
-22.7848,144.304,0.0446984,0.122483
-18.9873,144.304,0.0443167,0.12542
-15.1899,144.304,0.0442365,0.125857
-11.3924,144.304,0.0438924,0.127495
-7.59494,144.304,0.0438825,0.12751
-3.79747,144.304,0.0437716,0.127861
0,144.304,0.0437716,0.127861
-300,148.101,0.0327185,0.0412287
-296.203,148.101,0.0327185,0.0412287
-292.405,148.101,0.0327392,0.0413341
-288.608,148.101,0.032752,0.0413887
-284.81,148.101,0.0329236,0.0420347
-281.013,148.101,0.0329482,0.042137
-277.215,148.101,0.0335538,0.0442985
-273.418,148.101,0.0336341,0.044595
-269.62,148.101,0.0340035,0.0459795
-265.823,148.101,0.0341407,0.0465168
-262.025,148.101,0.034424,0.0477929
-258.228,148.101,0.0344572,0.0479436
-254.43,148.101,0.0346863,0.0489288
-250.633,148.101,0.0347551,0.0492489
-246.835,148.101,0.0349157,0.0499422
-243.038,148.101,0.034985,0.0502269
-239.241,148.101,0.0354966,0.0523164
-235.443,148.101,0.0355461,0.052522
-231.646,148.101,0.0361071,0.0549749
-227.848,148.101,0.0362314,0.055551
-224.051,148.101,0.0363845,0.0563526
-220.253,148.101,0.036382,0.056361
-216.456,148.101,0.0367019,0.0579516
-212.658,148.101,0.0367278,0.0580909
-208.861,148.101,0.037118,0.0598427
-205.063,148.101,0.037137,0.0599458
-201.266,148.101,0.0375623,0.0619222
-197.468,148.101,0.0376041,0.0621316
-193.671,148.101,0.0381851,0.0646481
-189.873,148.101,0.0383619,0.0654872
-186.076,148.101,0.0388139,0.0675584
-182.278,148.101,0.0388388,0.0676893
-178.481,148.101,0.0390577,0.0691243
-174.684,148.101,0.0390577,0.0691243
-170.886,148.101,0.0391444,0.069774
-167.089,148.101,0.0392705,0.070595
-163.291,148.101,0.0395111,0.0721584
-159.494,148.101,0.0395812,0.0725709
-155.696,148.101,0.0400426,0.0753425
-151.899,148.101,0.0401026,0.0756403
-148.101,148.101,0.0406069,0.0781053
-144.304,148.101,0.0406285,0.0782649
-140.506,148.101,0.0407736,0.079474
-136.709,148.101,0.0407891,0.0796116
-132.911,148.101,0.0411926,0.0816389
-129.114,148.101,0.0412351,0.0818522
-125.316,148.101,0.041846,0.0846911
-121.519,148.101,0.0419286,0.0851414
-117.722,148.101,0.0423812,0.0873301
-113.924,148.101,0.0423936,0.087387
-110.127,148.101,0.042784,0.0896115
-106.329,148.101,0.0428928,0.0902966
-102.532,148.101,0.0433214,0.0927931
-98.7342,148.101,0.0433827,0.0931983
-94.9367,148.101,0.0438313,0.0963005
-91.1392,148.101,0.0438601,0.096501
-87.3418,148.101,0.0443506,0.100133
-83.5443,148.101,0.0443657,0.100267
-79.7468,148.101,0.0445475,0.103014
-75.9494,148.101,0.0445504,0.10308
-72.1519,148.101,0.0447259,0.106902
-68.3544,148.101,0.0447138,0.107314
-64.557,148.101,0.0447268,0.108552
-60.7595,148.101,0.0447379,0.108688
-56.962,148.101,0.044997,0.112205
-53.1646,148.101,0.0449976,0.112572
-49.3671,148.101,0.0449698,0.115051
-45.5696,148.101,0.0449613,0.115061
-41.7722,148.101,0.0449675,0.117684
-37.9747,148.101,0.0449697,0.117777
-34.1772,148.101,0.0449332,0.120394
-30.3797,148.101,0.0449227,0.120513
-26.5823,148.101,0.0447339,0.122492
-22.7848,148.101,0.0447318,0.122544
-18.9873,148.101,0.0443711,0.125507
-15.1899,148.101,0.0442908,0.125944
-11.3924,148.101,0.0439309,0.127588
-7.59494,148.101,0.043921,0.127603
-3.79747,148.101,0.043812,0.127931
0,148.101,0.043812,0.127931
-300,151.899,0.0338339,0.0443131
-296.203,151.899,0.0338339,0.0443131
-292.405,151.899,0.0338271,0.0443405
-288.608,151.899,0.033855,0.0444542
-284.81,151.899,0.034055,0.0452231
-281.013,151.899,0.0341092,0.0454187
-277.215,151.899,0.0345926,0.0472756
-273.418,151.899,0.0346594,0.0475459
-269.62,151.899,0.0348857,0.0485059
-265.823,151.899,0.034943,0.0487588
-262.025,151.899,0.0351448,0.0496909
-258.228,151.899,0.0351668,0.049784
-254.43,151.899,0.0355074,0.0511276
-250.633,151.899,0.0355825,0.0514801
-246.835,151.899,0.0357663,0.0522905
-243.038,151.899,0.0358511,0.0526701
-239.241,151.899,0.0364054,0.0549266
-235.443,151.899,0.0364643,0.0551556
-231.646,151.899,0.0371596,0.057969
-227.848,151.899,0.0372743,0.0584503
-224.051,151.899,0.0375242,0.0595986
-220.253,151.899,0.0375366,0.0596697
-216.456,151.899,0.0377897,0.0610375
-212.658,151.899,0.037809,0.0611504
-208.861,151.899,0.0380611,0.0626007
-205.063,151.899,0.0380817,0.0627068
-201.266,151.899,0.038371,0.0642173
-197.468,151.899,0.0384231,0.0644655
-193.671,151.899,0.0389727,0.0669057
-189.873,151.899,0.039139,0.0677042
-186.076,151.899,0.0395065,0.0695674
-182.278,151.899,0.0395092,0.069583
-178.481,151.899,0.039741,0.0710194
-174.684,151.899,0.0397532,0.0710807
-170.886,151.899,0.0399133,0.0719744
-167.089,151.899,0.0400481,0.0727977
-163.291,151.899,0.0402812,0.0743086
-159.494,151.899,0.040327,0.0746506
-155.696,151.899,0.041126,0.0784866
-151.899,151.899,0.0411704,0.0787593
-148.101,151.899,0.0417267,0.0814105
-144.304,151.899,0.0417409,0.0815305
-140.506,151.899,0.0420016,0.0830505
-136.709,151.899,0.042067,0.0834628
-132.911,151.899,0.0427562,0.0865074
-129.114,151.899,0.0427947,0.0867055
-125.316,151.899,0.0434529,0.0897141
-121.519,151.899,0.0434931,0.0899173
-117.722,151.899,0.0438876,0.09198
-113.924,151.899,0.0438916,0.0920315
-110.127,151.899,0.0441941,0.0942858
-106.329,151.899,0.044237,0.0946633
-102.532,151.899,0.0445035,0.096658
-98.7342,151.899,0.0445134,0.0967568
-94.9367,151.899,0.0447971,0.0992898
-91.1392,151.899,0.0448274,0.0995433
-87.3418,151.899,0.0451324,0.102658
-83.5443,151.899,0.0451473,0.102799
-79.7468,151.899,0.0453787,0.105521
-75.9494,151.899,0.0453744,0.105566
-72.1519,151.899,0.0456689,0.109834
-68.3544,151.899,0.0456528,0.110256
-64.557,151.899,0.045631,0.111724
-60.7595,151.899,0.0456421,0.111861
-56.962,151.899,0.0458884,0.115113
-53.1646,151.899,0.0458792,0.115195
-49.3671,151.899,0.0457939,0.117098
-45.5696,151.899,0.045787,0.117183
-41.7722,151.899,0.0458359,0.120171
-37.9747,151.899,0.0458349,0.120306
-34.1772,151.899,0.045745,0.122837
-30.3797,151.899,0.04574,0.122947
-26.5823,151.899,0.0455943,0.1249
-22.7848,151.899,0.0455908,0.124938
-18.9873,151.899,0.0451202,0.127549
-15.1899,151.899,0.0450706,0.127705
-11.3924,151.899,0.0447226,0.128953
-7.59494,151.899,0.0447186,0.128978
-3.79747,151.899,0.0446681,0.129327
0,151.899,0.0446681,0.129327
-300,155.696,0.0338442,0.0443397
-296.203,155.696,0.0338442,0.0443397
-292.405,155.696,0.0338374,0.0443671
-288.608,155.696,0.0338654,0.0444807
-284.81,155.696,0.0340697,0.0452597
-281.013,155.696,0.0341239,0.0454554
-277.215,155.696,0.0346088,0.0473184
-273.418,155.696,0.0346756,0.0475887
-269.62,155.696,0.0349085,0.0485644
-265.823,155.696,0.0349658,0.0488173
-262.025,155.696,0.03516,0.0497267
-258.228,155.696,0.035182,0.0498199
-254.43,155.696,0.0355227,0.0511635
-250.633,155.696,0.0355978,0.0515159
-246.835,155.696,0.0357816,0.0523264
-243.038,155.696,0.0358663,0.052706
-239.241,155.696,0.036423,0.0549729
-235.443,155.696,0.0364711,0.0551761
-231.646,155.696,0.0371722,0.0580034
-227.848,155.696,0.0372869,0.0584848
-224.051,155.696,0.0375368,0.0596331
-220.253,155.696,0.0375492,0.0597042
-216.456,155.696,0.0378061,0.0610725
-212.658,155.696,0.0378253,0.0611853
-208.861,155.696,0.0380774,0.0626357
-205.063,155.696,0.038098,0.0627418
-201.266,155.696,0.0383891,0.0642652
-197.468,155.696,0.0384464,0.0645286
-193.671,155.696,0.038996,0.0669689
-189.873,155.696,0.0391641,0.0677849
-186.076,155.696,0.0395424,0.0696766
-182.278,155.696,0.0395451,0.0696922
-178.481,155.696,0.039809,0.0712102
-174.684,155.696,0.0398212,0.0712715
-170.886,155.696,0.0399892,0.0721756
-167.089,155.696,0.0401239,0.0729989
-163.291,155.696,0.0404001,0.0746242
-159.494,155.696,0.0404459,0.0749662
-155.696,155.696,0.0412911,0.0789385
-151.899,155.696,0.0413394,0.0792324
-148.101,155.696,0.0418951,0.0819155
-144.304,155.696,0.0419033,0.0820096
-140.506,155.696,0.0422513,0.0837771
-136.709,155.696,0.042318,0.0841992
-132.911,155.696,0.0430217,0.0873028
-129.114,155.696,0.0430556,0.0874794
-125.316,155.696,0.0436279,0.0902138
-121.519,155.696,0.0436682,0.090417
-117.722,155.696,0.0439607,0.0921941
-113.924,155.696,0.0439647,0.0922456
-110.127,155.696,0.0442444,0.0944215
-106.329,155.696,0.0442873,0.094799
-102.532,155.696,0.0445359,0.0967478
-98.7342,155.696,0.0445458,0.0968467
-94.9367,155.696,0.0448315,0.0993848
-91.1392,155.696,0.0448669,0.0996453
-87.3418,155.696,0.0451875,0.102782
-83.5443,155.696,0.0452024,0.102923
-79.7468,155.696,0.0454286,0.105626
-75.9494,155.696,0.0454243,0.105671
-72.1519,155.696,0.0457475,0.109997
-68.3544,155.696,0.0457315,0.110419
-64.557,155.696,0.0457047,0.111916
-60.7595,155.696,0.0457159,0.112052
-56.962,155.696,0.0459441,0.115292
-53.1646,155.696,0.0459348,0.115374
-49.3671,155.696,0.045876,0.117329
-45.5696,155.696,0.0458691,0.117413
-41.7722,155.696,0.0459408,0.120414
-37.9747,155.696,0.0459398,0.120549
-34.1772,155.696,0.0458232,0.12304
-30.3797,155.696,0.0458181,0.123149
-26.5823,155.696,0.0456345,0.124971
-22.7848,155.696,0.045631,0.125009
-18.9873,155.696,0.0451848,0.127633
-15.1899,155.696,0.0451352,0.127789
-11.3924,155.696,0.0448005,0.129114
-7.59494,155.696,0.0447965,0.129138
-3.79747,155.696,0.044746,0.129487
0,155.696,0.044746,0.129487
-300,159.494,0.0347388,0.046966
-296.203,159.494,0.0347388,0.046966
-292.405,159.494,0.0347271,0.0469942
-288.608,159.494,0.0347712,0.0471489
-284.81,159.494,0.0350009,0.0479318
-281.013,159.494,0.0350481,0.0480992
-277.215,159.494,0.0355313,0.0498494
-273.418,159.494,0.0356132,0.0501669
-269.62,159.494,0.0359653,0.0515389
-265.823,159.494,0.0360258,0.0517933
-262.025,159.494,0.0362438,0.05272
-258.228,159.494,0.0362633,0.0528056
-254.43,159.494,0.0366868,0.0546078
-250.633,159.494,0.0367689,0.0549488
-246.835,159.494,0.0370353,0.0560668
-243.038,159.494,0.0371347,0.0565032
-239.241,159.494,0.0373848,0.057758
-235.443,159.494,0.0374189,0.0579092
-231.646,159.494,0.038128,0.0608439
-227.848,159.494,0.0381633,0.0610214
-224.051,159.494,0.0384263,0.0622374
-220.253,159.494,0.0384523,0.0623642
-216.456,159.494,0.0387918,0.0639241
-212.658,159.494,0.038841,0.064179
-208.861,159.494,0.0393863,0.0666306
-205.063,159.494,0.0394025,0.0667346
-201.266,159.494,0.0398664,0.0689886
-197.468,159.494,0.0399172,0.069231
-193.671,159.494,0.0404125,0.0716497
-189.873,159.494,0.0405508,0.0723697
-186.076,159.494,0.0409347,0.0742674
-182.278,159.494,0.0409344,0.0742711
-178.481,159.494,0.041264,0.0758684
-174.684,159.494,0.0413006,0.0760506
-170.886,159.494,0.0416979,0.0778515
-167.089,159.494,0.041808,0.0784755
-163.291,159.494,0.042021,0.0796586
-159.494,159.494,0.0420331,0.0797538
-155.696,159.494,0.0429369,0.0838279
-151.899,159.494,0.0429581,0.0839735
-148.101,159.494,0.043208,0.0856127
-144.304,159.494,0.0432168,0.0856917
-140.506,159.494,0.0435499,0.0874325
-136.709,159.494,0.043622,0.0878801
-132.911,159.494,0.0441678,0.0906707
-129.114,159.494,0.0441948,0.0908209
-125.316,159.494,0.0445313,0.0928049
-121.519,159.494,0.0445461,0.0929162
-117.722,159.494,0.0446848,0.0942402
-113.924,159.494,0.0446915,0.0942998
-110.127,159.494,0.0449796,0.0966415
-106.329,159.494,0.0450402,0.0970713
-102.532,159.494,0.0453407,0.0993738
-98.7342,159.494,0.0453526,0.0994876
-94.9367,159.494,0.0456513,0.101978
-91.1392,159.494,0.045664,0.102145
-87.3418,159.494,0.0459432,0.105199
-83.5443,159.494,0.0459449,0.105292
-79.7468,159.494,0.046167,0.107952
-75.9494,159.494,0.046164,0.10796
-72.1519,159.494,0.0466127,0.112223
-68.3544,159.494,0.0465951,0.112464
-64.557,159.494,0.0465213,0.114188
-60.7595,159.494,0.046527,0.114238
-56.962,159.494,0.0466287,0.117182
-53.1646,159.494,0.0466158,0.11726
-49.3671,159.494,0.0465758,0.119347
-45.5696,159.494,0.0465661,0.119557
-41.7722,159.494,0.0466982,0.122744
-37.9747,159.494,0.0466917,0.122836
-34.1772,159.494,0.0465202,0.125061
-30.3797,159.494,0.0465167,0.125066
-26.5823,159.494,0.0464268,0.12736
-22.7848,159.494,0.0464228,0.127441
-18.9873,159.494,0.0460919,0.130074
-15.1899,159.494,0.0460767,0.130161
-11.3924,159.494,0.0456811,0.131646
-7.59494,159.494,0.0456509,0.131728
-3.79747,159.494,0.0456019,0.132362
0,159.494,0.0456019,0.132362
-300,163.291,0.0347574,0.0470195
-296.203,163.291,0.0347574,0.0470195
-292.405,163.291,0.0347456,0.0470477
-288.608,163.291,0.0347897,0.0472024
-284.81,163.291,0.0350178,0.0479792
-281.013,163.291,0.035065,0.0481466
-277.215,163.291,0.0355448,0.0498852
-273.418,163.291,0.0356267,0.0502027
-269.62,163.291,0.0359728,0.0515611
-265.823,163.291,0.0360333,0.0518154
-262.025,163.291,0.0362519,0.0527449
-258.228,163.291,0.0362714,0.0528305
-254.43,163.291,0.0366949,0.0546327
-250.633,163.291,0.0367829,0.054989
-246.835,163.291,0.0370661,0.0561539
-243.038,163.291,0.0371655,0.0565903
-239.241,163.291,0.037427,0.057872
-235.443,163.291,0.0374612,0.0580232
-231.646,163.291,0.0381646,0.0609511
-227.848,163.291,0.0382,0.0611287
-224.051,163.291,0.0384834,0.0624153
-220.253,163.291,0.0385094,0.062542
-216.456,163.291,0.0388801,0.0641833
-212.658,163.291,0.0389292,0.0644382
-208.861,163.291,0.0394835,0.0669185
-205.063,163.291,0.0395012,0.0670341
-201.266,163.291,0.0399438,0.0692254
-197.468,163.291,0.0399902,0.0694483
-193.671,163.291,0.0404753,0.0718356
-189.873,163.291,0.0406057,0.0725131
-186.076,163.291,0.0409857,0.0744065
-182.278,163.291,0.0409854,0.0744103
-178.481,163.291,0.041291,0.0759513
-174.684,163.291,0.0413276,0.0761335
-170.886,163.291,0.0417312,0.0779543
-167.089,163.291,0.0418412,0.0785709
-163.291,163.291,0.0420628,0.0797791
-159.494,163.291,0.0420765,0.07988
-155.696,163.291,0.0430151,0.0840538
-151.899,163.291,0.0430323,0.0841899
-148.101,163.291,0.0432781,0.0858136
-144.304,163.291,0.0432869,0.0858926
-140.506,163.291,0.0435955,0.087559
-136.709,163.291,0.0436594,0.0879846
-132.911,163.291,0.0441918,0.0907292
-129.114,163.291,0.0442188,0.0908794
-125.316,163.291,0.0445338,0.0928025
-121.519,163.291,0.0445486,0.0929139
-117.722,163.291,0.0446873,0.0942378
-113.924,163.291,0.0446941,0.0942974
-110.127,163.291,0.0449821,0.0966391
-106.329,163.291,0.0450428,0.097069
-102.532,163.291,0.0453432,0.0993714
-98.7342,163.291,0.0453551,0.0994853
-94.9367,163.291,0.0456682,0.102033
-91.1392,163.291,0.0456809,0.1022
-87.3418,163.291,0.0459898,0.105337
-83.5443,163.291,0.0459916,0.10543
-79.7468,163.291,0.0462517,0.108209
-75.9494,163.291,0.0462486,0.108217
-72.1519,163.291,0.0467008,0.112408
-68.3544,163.291,0.0466832,0.112649
-64.557,163.291,0.0466346,0.114404
-60.7595,163.291,0.0466345,0.114436
-56.962,163.291,0.0467332,0.117405
-53.1646,163.291,0.0467203,0.117483
-49.3671,163.291,0.0466812,0.119591
-45.5696,163.291,0.0466715,0.119801
-41.7722,163.291,0.0467316,0.122834
-37.9747,163.291,0.046721,0.122914
-34.1772,163.291,0.0465423,0.125101
-30.3797,163.291,0.0465388,0.125106
-26.5823,163.291,0.0464432,0.127395
-22.7848,163.291,0.0464391,0.127477
-18.9873,163.291,0.0461155,0.130123
-15.1899,163.291,0.046098,0.130226
-11.3924,163.291,0.0457013,0.131705
-7.59494,163.291,0.0456711,0.131786
-3.79747,163.291,0.0456253,0.132419
0,163.291,0.0456253,0.132419
-300,167.089,0.037009,0.0534288
-296.203,167.089,0.037009,0.0534288
-292.405,167.089,0.0370313,0.0535684
-288.608,167.089,0.037041,0.0536143
-284.81,167.089,0.0370906,0.0539411
-281.013,167.089,0.0371364,0.0541644
-277.215,167.089,0.0373292,0.0549988
-273.418,167.089,0.0373431,0.0550959
-269.62,167.089,0.0376799,0.0565656
-265.823,167.089,0.0377176,0.056728
-262.025,167.089,0.0380838,0.0582433
-258.228,167.089,0.0381151,0.0583776
-254.43,167.089,0.0388069,0.0611878
-250.633,167.089,0.0389736,0.0618855
-246.835,167.089,0.0392763,0.0631642
-243.038,167.089,0.0393463,0.0634613
-239.241,167.089,0.0395042,0.0643749
-235.443,167.089,0.0395114,0.0644116
-231.646,167.089,0.0397353,0.0656704
-227.848,167.089,0.039765,0.0658216
-224.051,167.089,0.0400685,0.0672652
-220.253,167.089,0.0401142,0.0674682
-216.456,167.089,0.040454,0.0690113
-212.658,167.089,0.0405084,0.0692743
-208.861,167.089,0.0409323,0.0714368
-205.063,167.089,0.0409733,0.0716601
-201.266,167.089,0.0413175,0.0735599
-197.468,167.089,0.0413362,0.0736702
-193.671,167.089,0.0416233,0.0753092
-189.873,167.089,0.0416547,0.0755336
-186.076,167.089,0.0420696,0.0775493
-182.278,167.089,0.0420798,0.0776072
-178.481,167.089,0.0425163,0.0796529
-174.684,167.089,0.0425924,0.0800393
-170.886,167.089,0.0430155,0.0820955
-167.089,167.089,0.0430708,0.0824043
-163.291,167.089,0.0431843,0.0831753
-159.494,167.089,0.0432224,0.0834002
-155.696,167.089,0.0439796,0.0870421
-151.899,167.089,0.0439909,0.0871549
-148.101,167.089,0.0440313,0.0879221
-144.304,167.089,0.0440853,0.0882054
-140.506,167.089,0.0444934,0.090285
-136.709,167.089,0.0445986,0.0908131
-132.911,167.089,0.0451296,0.0935616
-129.114,167.089,0.0451497,0.0936858
-125.316,167.089,0.0454965,0.0956152
-121.519,167.089,0.0455149,0.0957511
-117.722,167.089,0.045642,0.0968962
-113.924,167.089,0.0456526,0.0970107
-110.127,167.089,0.0460223,0.0999725
-106.329,167.089,0.0460606,0.100374
-102.532,167.089,0.0463307,0.102735
-98.7342,167.089,0.0463387,0.102829
-94.9367,167.089,0.0467357,0.10582
-91.1392,167.089,0.0467477,0.105983
-87.3418,167.089,0.0471427,0.109177
-83.5443,167.089,0.0471458,0.109214
-79.7468,167.089,0.0473759,0.111924
-75.9494,167.089,0.0473764,0.111962
-72.1519,167.089,0.0477036,0.115641
-68.3544,167.089,0.0477122,0.115806
-64.557,167.089,0.047683,0.117683
-60.7595,167.089,0.0476816,0.117743
-56.962,167.089,0.0475235,0.119437
-53.1646,167.089,0.0475089,0.119558
-49.3671,167.089,0.0474353,0.121483
-45.5696,167.089,0.0474362,0.121689
-41.7722,167.089,0.0474357,0.124473
-37.9747,167.089,0.0474257,0.124577
-34.1772,167.089,0.0472558,0.126932
-30.3797,167.089,0.0472485,0.126981
-26.5823,167.089,0.0471944,0.129363
-22.7848,167.089,0.0471865,0.129466
-18.9873,167.089,0.0468522,0.131738
-15.1899,167.089,0.0468231,0.131815
-11.3924,167.089,0.0463937,0.133593
-7.59494,167.089,0.0463531,0.133724
-3.79747,167.089,0.0462064,0.134466
0,167.089,0.0462064,0.134466
-300,170.886,0.0370699,0.0535985
-296.203,170.886,0.0370699,0.0535985
-292.405,170.886,0.037093,0.0537388
-288.608,170.886,0.0371027,0.0537847
-284.81,170.886,0.0371425,0.0540799
-281.013,170.886,0.03719,0.0543116
-277.215,170.886,0.0373663,0.0551016
-273.418,170.886,0.0373802,0.0551988
-269.62,170.886,0.0377074,0.0566442
-265.823,170.886,0.0377451,0.0568066
-262.025,170.886,0.0381,0.0582859
-258.228,170.886,0.0381313,0.0584202
-254.43,170.886,0.0388298,0.0612486
-250.633,170.886,0.0390027,0.0619624
-246.835,170.886,0.0393005,0.063228
-243.038,170.886,0.039365,0.0635099
-239.241,170.886,0.0395171,0.0644093
-235.443,170.886,0.0395242,0.064446
-231.646,170.886,0.0397482,0.0657048
-227.848,170.886,0.0397778,0.0658559
-224.051,170.886,0.0400767,0.0672931
-220.253,170.886,0.0401224,0.067496
-216.456,170.886,0.0404625,0.0690375
-212.658,170.886,0.0405216,0.0693113
-208.861,170.886,0.0409455,0.0714738
-205.063,170.886,0.0409866,0.0716971
-201.266,170.886,0.0413352,0.0736077
-197.468,170.886,0.0413539,0.073718
-193.671,170.886,0.0416359,0.0753374
-189.873,170.886,0.0416731,0.0755784
-186.076,170.886,0.0420938,0.0776108
-182.278,170.886,0.0421041,0.0776687
-178.481,170.886,0.0425487,0.0797426
-174.684,170.886,0.0426248,0.080129
-170.886,170.886,0.0430271,0.0821301
-167.089,170.886,0.0430824,0.082439
-163.291,170.886,0.0431959,0.08321
-159.494,170.886,0.043234,0.0834349
-155.696,170.886,0.0439921,0.0870699
-151.899,170.886,0.0440034,0.0871827
-148.101,170.886,0.0440383,0.0879339
-144.304,170.886,0.0440923,0.0882172
-140.506,170.886,0.0445334,0.0903907
-136.709,170.886,0.0446386,0.0909188
-132.911,170.886,0.0451786,0.0936957
-129.114,170.886,0.0452008,0.0938352
-125.316,170.886,0.0455544,0.0957895
-121.519,170.886,0.0455685,0.0959062
-117.722,170.886,0.0457163,0.0971181
-113.924,170.886,0.0457267,0.0972455
-110.127,170.886,0.0461202,0.10026
-106.329,170.886,0.0461677,0.100688
-102.532,170.886,0.0464676,0.10314
-98.7342,170.886,0.0464755,0.103234
-94.9367,170.886,0.0468833,0.106286
-91.1392,170.886,0.0468933,0.106444
-87.3418,170.886,0.0472569,0.109527
-83.5443,170.886,0.0472603,0.109552
-79.7468,170.886,0.0474439,0.112113
-75.9494,170.886,0.0474443,0.112151
-72.1519,170.886,0.0477396,0.115744
-68.3544,170.886,0.0477482,0.115909
-64.557,170.886,0.0477072,0.11773
-60.7595,170.886,0.0477058,0.11779
-56.962,170.886,0.0475393,0.119457
-53.1646,170.886,0.0475247,0.119578
-49.3671,170.886,0.0474629,0.12153
-45.5696,170.886,0.0474638,0.121737
-41.7722,170.886,0.0474656,0.124555
-37.9747,170.886,0.0474556,0.124658
-34.1772,170.886,0.0472914,0.127014
-30.3797,170.886,0.0472841,0.127062
-26.5823,170.886,0.0472263,0.129432
-22.7848,170.886,0.0472185,0.129536
-18.9873,170.886,0.0468791,0.131804
-15.1899,170.886,0.04685,0.131881
-11.3924,170.886,0.0464146,0.133659
-7.59494,170.886,0.0463741,0.13379
-3.79747,170.886,0.0462273,0.134531
0,170.886,0.0462273,0.134531
-300,174.684,0.0373474,0.0542553
-296.203,174.684,0.0373474,0.0542553
-292.405,174.684,0.0373874,0.0544297
-288.608,174.684,0.0373986,0.0544853
-284.81,174.684,0.0374828,0.0549391
-281.013,174.684,0.037561,0.0552758
-277.215,174.684,0.0378182,0.0563446
-273.418,174.684,0.0378465,0.0564979
-269.62,174.684,0.0382805,0.0582892
-265.823,174.684,0.0383182,0.0584516
-262.025,174.684,0.0387036,0.0600353
-258.228,174.684,0.0387412,0.0601861
-254.43,174.684,0.0394307,0.0628516
-250.633,174.684,0.0396009,0.0635679
-246.835,174.684,0.0398822,0.0647581
-243.038,174.684,0.039915,0.0649307
-239.241,174.684,0.0401674,0.0662723
-235.443,174.684,0.0401825,0.0663435
-231.646,174.684,0.0405986,0.0682862
-227.848,174.684,0.0406371,0.0684917
-224.051,174.684,0.0409592,0.0700412
-220.253,174.684,0.0409727,0.0701247
-216.456,174.684,0.0413066,0.0716705
-212.658,174.684,0.0413419,0.071852
-208.861,174.684,0.0418106,0.0742455
-205.063,174.684,0.0418499,0.0744811
-201.266,174.684,0.0421832,0.0762784
-197.468,174.684,0.0421982,0.0763584
-193.671,174.684,0.0424738,0.0778385
-189.873,174.684,0.0425034,0.0780084
-186.076,174.684,0.0430128,0.0803046
-182.278,174.684,0.043034,0.0804095
-178.481,174.684,0.0434064,0.0823115
-174.684,174.684,0.0434514,0.0825989
-170.886,174.684,0.0436653,0.0840112
-167.089,174.684,0.0436978,0.0841799
-163.291,174.684,0.0438508,0.0850674
-159.494,174.684,0.0439195,0.085421
-155.696,174.684,0.0448542,0.0896853
-151.899,174.684,0.0448544,0.0897211
-148.101,174.684,0.0450966,0.0910961
-144.304,174.684,0.0452391,0.0917938
-140.506,174.684,0.0457184,0.0940878
-136.709,174.684,0.0457921,0.0944677
-132.911,174.684,0.0463317,0.0971884
-129.114,174.684,0.0463387,0.0972539
-125.316,174.684,0.046803,0.0998067
-121.519,174.684,0.0468187,0.0999284
-117.722,174.684,0.0469628,0.101141
-113.924,174.684,0.046983,0.101339
-110.127,174.684,0.0473655,0.104352
-106.329,174.684,0.0474253,0.104871
-102.532,174.684,0.0476276,0.106588
-98.7342,174.684,0.0476298,0.106631
-94.9367,174.684,0.0477716,0.108839
-91.1392,174.684,0.0477744,0.10889
-87.3418,174.684,0.0479105,0.111081
-83.5443,174.684,0.047915,0.11114
-79.7468,174.684,0.0480819,0.113748
-75.9494,174.684,0.0480824,0.113786
-72.1519,174.684,0.0483764,0.117345
-68.3544,174.684,0.0483817,0.117456
-64.557,174.684,0.0483885,0.119489
-60.7595,174.684,0.0483885,0.119576
-56.962,174.684,0.0482458,0.121504
-53.1646,174.684,0.0482269,0.121713
-49.3671,174.684,0.0482063,0.12381
-45.5696,174.684,0.0482006,0.123932
-41.7722,174.684,0.0482678,0.126982
-37.9747,174.684,0.0482552,0.127109
-34.1772,174.684,0.0482366,0.129597
-30.3797,174.684,0.0482327,0.12963
-26.5823,174.684,0.048089,0.131593
-22.7848,174.684,0.0480614,0.131763
-18.9873,174.684,0.0476433,0.133766
-15.1899,174.684,0.0475846,0.133937
-11.3924,174.684,0.0471294,0.13555
-7.59494,174.684,0.0470898,0.135667
-3.79747,174.684,0.0468642,0.136311
0,174.684,0.0468642,0.136311
-300,178.481,0.0373474,0.0542553
-296.203,178.481,0.0373474,0.0542553
-292.405,178.481,0.0373874,0.0544297
-288.608,178.481,0.0373986,0.0544853
-284.81,178.481,0.0374828,0.0549391
-281.013,178.481,0.037561,0.0552758
-277.215,178.481,0.0378182,0.0563446
-273.418,178.481,0.0378526,0.0565166
-269.62,178.481,0.0382867,0.0583079
-265.823,178.481,0.0383244,0.0584703
-262.025,178.481,0.0387214,0.0600834
-258.228,178.481,0.0387591,0.0602341
-254.43,178.481,0.0394471,0.0628969
-250.633,178.481,0.0396174,0.0636132
-246.835,178.481,0.0399069,0.0648221
-243.038,178.481,0.0399414,0.0650033
-239.241,178.481,0.0401938,0.0663449
-235.443,178.481,0.0402089,0.0664161
-231.646,178.481,0.0406267,0.0683619
-227.848,178.481,0.0406652,0.0685675
-224.051,178.481,0.040972,0.0700701
-220.253,178.481,0.0409856,0.0701537
-216.456,178.481,0.0413151,0.0716879
-212.658,178.481,0.0413504,0.0718694
-208.861,178.481,0.0418168,0.0742633
-205.063,178.481,0.0418562,0.0744989
-201.266,178.481,0.0422102,0.0763576
-197.468,178.481,0.0422253,0.0764375
-193.671,178.481,0.042505,0.0779265
-189.873,178.481,0.0425346,0.0780963
-186.076,178.481,0.0430229,0.0803306
-182.278,178.481,0.0430442,0.0804355
-178.481,178.481,0.0434216,0.0823438
-174.684,178.481,0.0434666,0.0826312
-170.886,178.481,0.0437052,0.0841146
-167.089,178.481,0.0437391,0.0842923
-163.291,178.481,0.0439242,0.0852636
-159.494,178.481,0.043997,0.0856268
-155.696,178.481,0.0449463,0.0899189
-151.899,178.481,0.0449465,0.0899547
-148.101,178.481,0.0452344,0.0914737
-144.304,178.481,0.0453833,0.0922034
-140.506,178.481,0.0458733,0.0945262
-136.709,178.481,0.0459385,0.0948818
-132.911,178.481,0.04646,0.0975309
-129.114,178.481,0.046461,0.0975877
-125.316,178.481,0.0468978,0.100065
-121.519,178.481,0.0469112,0.10017
-117.722,178.481,0.0470376,0.101324
-113.924,178.481,0.0470528,0.101507
-110.127,178.481,0.0474295,0.104502
-106.329,178.481,0.047488,0.105011
-102.532,178.481,0.0476708,0.106662
-98.7342,178.481,0.047673,0.106706
-94.9367,178.481,0.0478155,0.108957
-91.1392,178.481,0.0478183,0.109007
-87.3418,178.481,0.0479807,0.11127
-83.5443,178.481,0.0479852,0.111329
-79.7468,178.481,0.0481904,0.114036
-75.9494,178.481,0.0481908,0.114073
-72.1519,178.481,0.0484661,0.117579
-68.3544,178.481,0.0484605,0.117645
-64.557,178.481,0.0484477,0.119646
-60.7595,178.481,0.0484477,0.119732
-56.962,178.481,0.0483204,0.121709
-53.1646,178.481,0.0483015,0.121918
-49.3671,178.481,0.0482797,0.124024
-45.5696,178.481,0.0482757,0.124133
-41.7722,178.481,0.0483004,0.127048
-37.9747,178.481,0.0482878,0.127175
-34.1772,178.481,0.0482697,0.129671
-30.3797,178.481,0.0482659,0.129703
-26.5823,178.481,0.0481091,0.131641
-22.7848,178.481,0.0480815,0.13181
-18.9873,178.481,0.0476491,0.133785
-15.1899,178.481,0.0475904,0.133955
-11.3924,178.481,0.0471399,0.135583
-7.59494,178.481,0.0471038,0.135693
-3.79747,178.481,0.0468754,0.136341
0,178.481,0.0468754,0.136341
-300,182.278,0.038274,0.0568004
-296.203,182.278,0.038274,0.0568004
-292.405,182.278,0.0383291,0.0570369
-288.608,182.278,0.0383898,0.0572861
-284.81,182.278,0.0385404,0.0578855
-281.013,182.278,0.0386389,0.058308
-277.215,182.278,0.0388691,0.0593399
-273.418,182.278,0.0389059,0.0595312
-269.62,182.278,0.0393236,0.0613222
-265.823,182.278,0.0393664,0.0615453
-262.025,182.278,0.0397378,0.0630405
-258.228,182.278,0.0397757,0.0632077
-254.43,182.278,0.040578,0.0662623
-250.633,182.278,0.0406776,0.0666849
-246.835,182.278,0.0408828,0.0676693
-243.038,182.278,0.0409075,0.0678258
-239.241,182.278,0.0412919,0.0696377
-235.443,182.278,0.0413242,0.0697893
-231.646,182.278,0.0417188,0.0716549
-227.848,182.278,0.0417418,0.0717754
-224.051,182.278,0.0420168,0.0731216
-220.253,182.278,0.042028,0.0732094
-216.456,182.278,0.0423592,0.0748497
-212.658,182.278,0.042409,0.075104
-208.861,182.278,0.0431128,0.0782957
-205.063,182.278,0.0431525,0.0785072
-201.266,182.278,0.0435187,0.0802764
-197.468,182.278,0.0435246,0.0803157
-193.671,182.278,0.0438593,0.0819931
-189.873,182.278,0.0439008,0.0822324
-186.076,182.278,0.0444552,0.0847897
-182.278,182.278,0.0444646,0.0848537
-178.481,182.278,0.0447435,0.086426
-174.684,182.278,0.0447647,0.0865466
-170.886,182.278,0.045158,0.0884834
-167.089,182.278,0.045205,0.0887489
-163.291,182.278,0.0453591,0.089589
-159.494,182.278,0.0454148,0.0898587
-155.696,182.278,0.046061,0.0932565
-151.899,182.278,0.046061,0.0932565
-148.101,182.278,0.0462452,0.0944212
-144.304,182.278,0.0464189,0.0953375
-140.506,182.278,0.046824,0.0973998
-136.709,182.278,0.0468462,0.0975156
-132.911,182.278,0.0471147,0.0992566
-129.114,182.278,0.0471327,0.0994015
-125.316,182.278,0.0475476,0.101774
-121.519,182.278,0.0475575,0.101857
-117.722,182.278,0.0478005,0.103425
-113.924,182.278,0.0478512,0.103791
-110.127,182.278,0.0483932,0.107023
-106.329,182.278,0.0484505,0.107472
-102.532,182.278,0.0485862,0.10921
-98.7342,182.278,0.0485847,0.109307
-94.9367,182.278,0.0487732,0.111929
-91.1392,182.278,0.0487759,0.111992
-87.3418,182.278,0.048883,0.114152
-83.5443,182.278,0.0488847,0.114227
-79.7468,182.278,0.0490049,0.116562
-75.9494,182.278,0.0490051,0.116574
-72.1519,182.278,0.0490403,0.119088
-68.3544,182.278,0.049034,0.119127
-64.557,182.278,0.0489994,0.121251
-60.7595,182.278,0.0489925,0.121357
-56.962,182.278,0.048828,0.123221
-53.1646,182.278,0.0488066,0.123438
-49.3671,182.278,0.0487691,0.125494
-45.5696,182.278,0.0487641,0.12557
-41.7722,182.278,0.0487639,0.128277
-37.9747,182.278,0.0487437,0.128436
-34.1772,182.278,0.0487751,0.130903
-30.3797,182.278,0.0487725,0.130924
-26.5823,182.278,0.0485935,0.132829
-22.7848,182.278,0.048563,0.1331
-18.9873,182.278,0.0482064,0.135458
-15.1899,182.278,0.0481677,0.135626
-11.3924,182.278,0.0478109,0.137279
-7.59494,182.278,0.0477819,0.137376
-3.79747,182.278,0.0474979,0.137988
0,182.278,0.0474979,0.137988
-300,186.076,0.0383114,0.0569056
-296.203,186.076,0.0383114,0.0569056
-292.405,186.076,0.0383664,0.0571422
-288.608,186.076,0.0384311,0.0574083
-284.81,186.076,0.0385809,0.0580032
-281.013,186.076,0.0386794,0.0584258
-277.215,186.076,0.0389046,0.0594437
-273.418,186.076,0.0389414,0.0596339
-269.62,186.076,0.0393604,0.0614291
-265.823,186.076,0.0394032,0.0616523
-262.025,186.076,0.039778,0.0631565
-258.228,186.076,0.0398158,0.0633237
-254.43,186.076,0.0405976,0.0663207
-250.633,186.076,0.0406891,0.0667188
-246.835,186.076,0.0409144,0.0677619
-243.038,186.076,0.0409419,0.0679319
-239.241,186.076,0.0413379,0.0697744
-235.443,186.076,0.0413703,0.0699259
-231.646,186.076,0.0417662,0.0717951
-227.848,186.076,0.041787,0.0719048
-224.051,186.076,0.0420782,0.073298
-220.253,186.076,0.0420894,0.0733858
-216.456,186.076,0.042416,0.0750244
-212.658,186.076,0.0424562,0.0752459
-208.861,186.076,0.0431701,0.0784649
-205.063,186.076,0.0432098,0.0786764
-201.266,186.076,0.043562,0.0803973
-197.468,186.076,0.0435679,0.0804366
-193.671,186.076,0.0438789,0.0820439
-189.873,186.076,0.0439204,0.0822832
-186.076,186.076,0.0444715,0.0848354
-182.278,186.076,0.0444809,0.0848994
-178.481,186.076,0.0447634,0.086486
-174.684,186.076,0.0447847,0.0866066
-170.886,186.076,0.0451779,0.0885434
-167.089,186.076,0.0452249,0.0888089
-163.291,186.076,0.045373,0.0896303
-159.494,186.076,0.0454279,0.0898924
-155.696,186.076,0.0460852,0.0933261
-151.899,186.076,0.0460852,0.0933261
-148.101,186.076,0.0462694,0.0944907
-144.304,186.076,0.0464431,0.0954071
-140.506,186.076,0.0468404,0.0974505
-136.709,186.076,0.0468626,0.0975663
-132.911,186.076,0.0471504,0.0993652
-129.114,186.076,0.0471684,0.09951
-125.316,186.076,0.0476152,0.101945
-121.519,186.076,0.0476251,0.102028
-117.722,186.076,0.0478646,0.103585
-113.924,186.076,0.0479196,0.103962
-110.127,186.076,0.0484663,0.10719
-106.329,186.076,0.0485235,0.107638
-102.532,186.076,0.0486588,0.109381
-98.7342,186.076,0.0486573,0.109478
-94.9367,186.076,0.0488522,0.112114
-91.1392,186.076,0.0488549,0.112177
-87.3418,186.076,0.0489199,0.114228
-83.5443,186.076,0.0489264,0.114309
-79.7468,186.076,0.0490537,0.116678
-75.9494,186.076,0.0490538,0.11669
-72.1519,186.076,0.049153,0.119416
-68.3544,186.076,0.0491467,0.119455
-64.557,186.076,0.0491226,0.121606
-60.7595,186.076,0.0491157,0.121712
-56.962,186.076,0.0489328,0.123529
-53.1646,186.076,0.0489114,0.123745
-49.3671,186.076,0.0488115,0.12561
-45.5696,186.076,0.0488058,0.125705
-41.7722,186.076,0.0488185,0.128401
-37.9747,186.076,0.0487983,0.12856
-34.1772,186.076,0.0488267,0.131027
-30.3797,186.076,0.0488241,0.131049
-26.5823,186.076,0.0486498,0.132998
-22.7848,186.076,0.0486143,0.133256
-18.9873,186.076,0.0483204,0.135774
-15.1899,186.076,0.0482871,0.135952
-11.3924,186.076,0.0479556,0.137631
-7.59494,186.076,0.0479251,0.137724
-3.79747,186.076,0.0476562,0.138338
0,186.076,0.0476562,0.138338
-300,189.873,0.0395789,0.0607044
-296.203,189.873,0.0395789,0.0607044
-292.405,189.873,0.0396279,0.0609052
-288.608,189.873,0.0398143,0.061668
-284.81,189.873,0.0399511,0.062203
-281.013,189.873,0.0399901,0.0623657
-277.215,189.873,0.0401931,0.0632385
-273.418,189.873,0.0403134,0.0637479
-269.62,189.873,0.0407718,0.0656237
-265.823,189.873,0.0408365,0.0658877
-262.025,189.873,0.0410993,0.0670518
-258.228,189.873,0.0411171,0.0671484
-254.43,189.873,0.0414845,0.0689375
-250.633,189.873,0.0415281,0.0691815
-246.835,189.873,0.041761,0.0703291
-243.038,189.873,0.0418024,0.0705338
-239.241,189.873,0.0422711,0.0725832
-235.443,189.873,0.0423001,0.0727243
-231.646,189.873,0.042691,0.074544
-227.848,189.873,0.0427242,0.0746982
-224.051,189.873,0.0430149,0.076076
-220.253,189.873,0.0430162,0.0761034
-216.456,189.873,0.0432391,0.0772756
-212.658,189.873,0.0433392,0.0777372
-208.861,189.873,0.0439921,0.0806747
-205.063,189.873,0.0440211,0.0808221
-201.266,189.873,0.0443124,0.0823388
-197.468,189.873,0.0443389,0.0824889
-193.671,189.873,0.0446466,0.0841359
-189.873,189.873,0.0447274,0.0845656
-186.076,189.873,0.0452717,0.0871691
-182.278,189.873,0.0452843,0.0872295
-178.481,189.873,0.0455468,0.0886822
-174.684,189.873,0.0455743,0.088832
-170.886,189.873,0.0458791,0.090493
-167.089,189.873,0.0459005,0.0906752
-163.291,189.873,0.0460825,0.0916071
-159.494,189.873,0.0461429,0.0919587
-155.696,189.873,0.0469899,0.0960234
-151.899,189.873,0.0469899,0.0960234
-148.101,189.873,0.0473551,0.0977698
-144.304,189.873,0.047536,0.0986889
-140.506,189.873,0.0479108,0.100601
-136.709,189.873,0.0479125,0.100647
-132.911,189.873,0.0482596,0.102767
-129.114,189.873,0.0482796,0.102927
-125.316,189.873,0.0487022,0.1053
-121.519,189.873,0.0487142,0.105398
-117.722,189.873,0.0489437,0.107102
-113.924,189.873,0.0489891,0.107508
-110.127,189.873,0.0493678,0.110309
-106.329,189.873,0.0494084,0.110592
-102.532,189.873,0.0494646,0.111844
-98.7342,189.873,0.0494626,0.112036
-94.9367,189.873,0.0496148,0.114257
-91.1392,189.873,0.0496204,0.114376
-87.3418,189.873,0.0496954,0.116541
-83.5443,189.873,0.0497026,0.11664
-79.7468,189.873,0.0498777,0.119349
-75.9494,189.873,0.0498794,0.119368
-72.1519,189.873,0.0499771,0.121944
-68.3544,189.873,0.0499762,0.121968
-64.557,189.873,0.0499511,0.124173
-60.7595,189.873,0.049942,0.124271
-56.962,189.873,0.0497954,0.125908
-53.1646,189.873,0.0497777,0.126058
-49.3671,189.873,0.0496715,0.127928
-45.5696,189.873,0.0496525,0.128117
-41.7722,189.873,0.0495926,0.130531
-37.9747,189.873,0.049579,0.130678
-34.1772,189.873,0.0495577,0.133386
-30.3797,189.873,0.049551,0.133414
-26.5823,189.873,0.0492725,0.135528
-22.7848,189.873,0.0491891,0.135943
-18.9873,189.873,0.0489259,0.138137
-15.1899,189.873,0.0489082,0.138273
-11.3924,189.873,0.0486931,0.139602
-7.59494,189.873,0.0486765,0.139634
-3.79747,189.873,0.0485025,0.140201
0,189.873,0.0485025,0.140201
-300,193.671,0.0395959,0.060753
-296.203,193.671,0.0395959,0.060753
-292.405,193.671,0.0396449,0.0609537
-288.608,193.671,0.0398313,0.0617166
-284.81,193.671,0.0399706,0.0622555
-281.013,193.671,0.0400096,0.0624182
-277.215,193.671,0.040205,0.063268
-273.418,193.671,0.0403253,0.0637774
-269.62,193.671,0.0407784,0.0656369
-265.823,193.671,0.0408431,0.0659008
-262.025,193.671,0.0411059,0.067065
-258.228,193.671,0.0411237,0.0671615
-254.43,193.671,0.0414911,0.0689506
-250.633,193.671,0.0415347,0.0691946
-246.835,193.671,0.0417764,0.070369
-243.038,193.671,0.0418178,0.0705737
-239.241,193.671,0.0422903,0.0726313
-235.443,193.671,0.0423193,0.0727724
-231.646,193.671,0.0427142,0.0746079
-227.848,193.671,0.0427474,0.0747621
-224.051,193.671,0.0430341,0.0761307
-220.253,193.671,0.0430354,0.0761582
-216.456,193.671,0.0432687,0.0773631
-212.658,193.671,0.0433687,0.0778247
-208.861,193.671,0.0440143,0.0807403
-205.063,193.671,0.0440433,0.0808878
-201.266,193.671,0.0443299,0.0823848
-197.468,193.671,0.0443503,0.0825201
-193.671,193.671,0.0446808,0.0842343
-189.873,193.671,0.0447616,0.0846641
-186.076,193.671,0.0453104,0.0872758
-182.278,193.671,0.0453229,0.0873362
-178.481,193.671,0.0455761,0.0887539
-174.684,193.671,0.0456065,0.0889195
-170.886,193.671,0.0459155,0.0905917
-167.089,193.671,0.045937,0.0907739
-163.291,193.671,0.0461209,0.0917143
-159.494,193.671,0.0461816,0.0920712
-155.696,193.671,0.0470814,0.0962874
-151.899,193.671,0.0470814,0.0962874
-148.101,193.671,0.0474386,0.0980077
-144.304,193.671,0.0476261,0.0989468
-140.506,193.671,0.0479897,0.100826
-136.709,193.671,0.0479915,0.100872
-132.911,193.671,0.0483557,0.103042
-129.114,193.671,0.0483757,0.103202
-125.316,193.671,0.048751,0.105448
-121.519,193.671,0.048763,0.105546
-117.722,193.671,0.0489921,0.107243
-113.924,193.671,0.0490376,0.10765
-110.127,193.671,0.0493817,0.110353
-106.329,193.671,0.0494166,0.110601
-102.532,193.671,0.0494727,0.111854
-98.7342,193.671,0.0494708,0.112046
-94.9367,193.671,0.0496284,0.114286
-91.1392,193.671,0.0496339,0.114405
-87.3418,193.671,0.0497083,0.116571
-83.5443,193.671,0.0497155,0.11667
-79.7468,193.671,0.0498856,0.119366
-75.9494,193.671,0.0498873,0.119384
-72.1519,193.671,0.0499927,0.121993
-68.3544,193.671,0.0499918,0.122017
-64.557,193.671,0.0499736,0.124225
-60.7595,193.671,0.0499646,0.124324
-56.962,193.671,0.0498102,0.12594
-53.1646,193.671,0.0497924,0.12609
-49.3671,193.671,0.0496924,0.127973
-45.5696,193.671,0.0496734,0.128163
-41.7722,193.671,0.0496108,0.130579
-37.9747,193.671,0.0495972,0.130727
-34.1772,193.671,0.0495638,0.133399
-30.3797,193.671,0.0495571,0.133427
-26.5823,193.671,0.0492893,0.135573
-22.7848,193.671,0.049206,0.135988
-18.9873,193.671,0.0489361,0.138176
-15.1899,193.671,0.0489235,0.138305
-11.3924,193.671,0.0487183,0.139638
-7.59494,193.671,0.0486997,0.139682
-3.79747,193.671,0.0485256,0.14026
0,193.671,0.0485256,0.14026
-300,197.468,0.0404594,0.0632896
-296.203,197.468,0.0404594,0.0632896
-292.405,197.468,0.040558,0.0636776
-288.608,197.468,0.0407463,0.0644403
-284.81,197.468,0.0408459,0.064894
-281.013,197.468,0.0408842,0.0650576
-277.215,197.468,0.041074,0.0658716
-273.418,197.468,0.0412192,0.0664766
-269.62,197.468,0.0417725,0.0686624
-265.823,197.468,0.0418438,0.068961
-262.025,197.468,0.0421545,0.0703625
-258.228,197.468,0.0421686,0.0704416
-254.43,197.468,0.0425733,0.0724379
-250.633,197.468,0.0426149,0.0726725
-246.835,197.468,0.0428118,0.0736805
-243.038,197.468,0.0428597,0.0739415
-239.241,197.468,0.0433182,0.0758584
-235.443,197.468,0.0433407,0.0759722
-231.646,197.468,0.0437202,0.0777347
-227.848,197.468,0.0437361,0.0778178
-224.051,197.468,0.0441175,0.0794588
-220.253,197.468,0.0441185,0.0794749
-216.456,197.468,0.0446012,0.0814603
-212.658,197.468,0.0446978,0.0819033
-208.861,197.468,0.0451694,0.0842297
-205.063,197.468,0.0451824,0.0843077
-201.266,197.468,0.0453356,0.0853425
-197.468,197.468,0.0453681,0.0855667
-193.671,197.468,0.0456752,0.0871961
-189.873,197.468,0.0457288,0.087533
-186.076,197.468,0.0461885,0.0897464
-182.278,197.468,0.0461938,0.0897834
-178.481,197.468,0.0465311,0.0915358
-174.684,197.468,0.0465933,0.0918843
-170.886,197.468,0.0469003,0.0936422
-167.089,197.468,0.0469073,0.0937164
-163.291,197.468,0.0471061,0.0947388
-159.494,197.468,0.0471613,0.0951862
-155.696,197.468,0.0479843,0.0990639
-151.899,197.468,0.0479843,0.0990639
-148.101,197.468,0.0483504,0.100997
-144.304,197.468,0.0484954,0.101703
-140.506,197.468,0.0487938,0.103296
-136.709,197.468,0.0488057,0.103402
-132.911,197.468,0.0491828,0.105611
-129.114,197.468,0.0491859,0.105675
-125.316,197.468,0.0494804,0.107623
-121.519,197.468,0.0494913,0.107741
-117.722,197.468,0.0497155,0.109415
-113.924,197.468,0.0497626,0.109799
-110.127,197.468,0.0501123,0.112378
-106.329,197.468,0.0501204,0.112479
-102.532,197.468,0.0502048,0.113904
-98.7342,197.468,0.0502221,0.114314
-94.9367,197.468,0.0504043,0.116659
-91.1392,197.468,0.0504108,0.116773
-87.3418,197.468,0.0504872,0.118901
-83.5443,197.468,0.0504913,0.118981
-79.7468,197.468,0.050601,0.12152
-75.9494,197.468,0.0505985,0.12154
-72.1519,197.468,0.0505891,0.123652
-68.3544,197.468,0.0505918,0.123716
-64.557,197.468,0.050559,0.125922
-60.7595,197.468,0.0505516,0.125953
-56.962,197.468,0.0504651,0.127987
-53.1646,197.468,0.0504473,0.128161
-49.3671,197.468,0.0503575,0.129873
-45.5696,197.468,0.0503385,0.130062
-41.7722,197.468,0.0502114,0.132293
-37.9747,197.468,0.0502032,0.132369
-34.1772,197.468,0.0500859,0.135057
-30.3797,197.468,0.0500793,0.135085
-26.5823,197.468,0.0499403,0.137274
-22.7848,197.468,0.0498948,0.137828
-18.9873,197.468,0.0496977,0.139902
-15.1899,197.468,0.0496518,0.140104
-11.3924,197.468,0.0494176,0.141384
-7.59494,197.468,0.0493872,0.141462
-3.79747,197.468,0.0491697,0.142115
0,197.468,0.0491697,0.142115
-300,201.266,0.0404649,0.0633043
-296.203,201.266,0.0404649,0.0633043
-292.405,201.266,0.0405634,0.0636922
-288.608,201.266,0.0407517,0.0644549
-284.81,201.266,0.0408532,0.0649166
-281.013,201.266,0.0408915,0.0650803
-277.215,201.266,0.0410908,0.0659219
-273.418,201.266,0.041236,0.0665269
-269.62,201.266,0.0417819,0.0686899
-265.823,201.266,0.0418531,0.0689886
-262.025,201.266,0.0421617,0.0703808
-258.228,201.266,0.0421758,0.0704599
-254.43,201.266,0.0425805,0.0724562
-250.633,201.266,0.0426221,0.0726909
-246.835,201.266,0.0428158,0.0736913
-243.038,201.266,0.0428636,0.0739523
-239.241,201.266,0.0433237,0.0758761
-235.443,201.266,0.0433462,0.0759899
-231.646,201.266,0.0437258,0.0777525
-227.848,201.266,0.0437416,0.0778355
-224.051,201.266,0.0441321,0.0795024
-220.253,201.266,0.0441331,0.0795185
-216.456,201.266,0.0446102,0.0814861
-212.658,201.266,0.0447068,0.0819292
-208.861,201.266,0.0451694,0.0842297
-205.063,201.266,0.0451824,0.0843077
-201.266,201.266,0.0453356,0.0853425
-197.468,201.266,0.0453681,0.0855667
-193.671,201.266,0.0456752,0.0871961
-189.873,201.266,0.045735,0.0875469
-186.076,201.266,0.0462143,0.0898169
-182.278,201.266,0.0462196,0.0898538
-178.481,201.266,0.0465647,0.0916302
-174.684,201.266,0.0466295,0.0919914
-170.886,201.266,0.0469396,0.0937494
-167.089,201.266,0.0469465,0.0938236
-163.291,201.266,0.0471454,0.094846
-159.494,201.266,0.0471952,0.0952789
-155.696,201.266,0.048,0.0991035
-151.899,201.266,0.048,0.0991035
-148.101,201.266,0.0483638,0.101034
-144.304,201.266,0.0485088,0.10174
-140.506,201.266,0.0488301,0.103405
-136.709,201.266,0.048842,0.103511
-132.911,201.266,0.0492197,0.105711
-129.114,201.266,0.0492228,0.105774
-125.316,201.266,0.0495157,0.107719
-121.519,201.266,0.0495265,0.107837
-117.722,201.266,0.0497563,0.109537
-113.924,201.266,0.0498033,0.109921
-110.127,201.266,0.0501359,0.112449
-106.329,201.266,0.050144,0.11255
-102.532,201.266,0.0502285,0.113974
-98.7342,201.266,0.0502457,0.114385
-94.9367,201.266,0.0504218,0.116719
-91.1392,201.266,0.0504284,0.116833
-87.3418,201.266,0.0505029,0.118944
-83.5443,201.266,0.050507,0.119023
-79.7468,201.266,0.050637,0.121634
-75.9494,201.266,0.0506345,0.121653
-72.1519,201.266,0.0506311,0.123779
-68.3544,201.266,0.0506338,0.123842
-64.557,201.266,0.0506565,0.126183
-60.7595,201.266,0.0506492,0.126214
-56.962,201.266,0.0505728,0.128287
-53.1646,201.266,0.0505568,0.128467
-49.3671,201.266,0.0504753,0.130182
-45.5696,201.266,0.0504519,0.130359
-41.7722,201.266,0.0502928,0.132504
-37.9747,201.266,0.0502846,0.13258
-34.1772,201.266,0.05019,0.13534
-30.3797,201.266,0.0501833,0.135368
-26.5823,201.266,0.0500347,0.137498
-22.7848,201.266,0.0499962,0.138064
-18.9873,201.266,0.0498208,0.140124
-15.1899,201.266,0.0497749,0.140326
-11.3924,201.266,0.049519,0.141574
-7.59494,201.266,0.0494886,0.141652
-3.79747,201.266,0.049269,0.142298
0,201.266,0.049269,0.142298
-300,205.063,0.0419306,0.0678005
-296.203,205.063,0.0419306,0.0678005
-292.405,205.063,0.042046,0.0682205
-288.608,205.063,0.0420717,0.0683139
-284.81,205.063,0.0423021,0.069394
-281.013,205.063,0.0423573,0.0696376
-277.215,205.063,0.0425811,0.0705717
-273.418,205.063,0.042652,0.0709033
-269.62,205.063,0.0430771,0.0726233
-265.823,205.063,0.0431046,0.0727537
-262.025,205.063,0.0434995,0.0744021
-258.228,205.063,0.0435487,0.0746175
-254.43,205.063,0.0443023,0.0776532
-250.633,205.063,0.0443241,0.0777515
-246.835,205.063,0.0445702,0.0790576
-243.038,205.063,0.0447145,0.0799122
-239.241,205.063,0.044945,0.0809519
-235.443,205.063,0.0449465,0.0809703
-231.646,205.063,0.0452276,0.0823953
-227.848,205.063,0.0452368,0.0824455
-224.051,205.063,0.0456177,0.0840206
-220.253,205.063,0.0456387,0.0841151
-216.456,205.063,0.0462608,0.0866535
-212.658,205.063,0.0462723,0.0867252
-208.861,205.063,0.0466679,0.0887694
-205.063,205.063,0.0466946,0.0889265
-201.266,205.063,0.0470735,0.0909072
-197.468,205.063,0.0471151,0.0911755
-193.671,205.063,0.0474078,0.0927972
-189.873,205.063,0.0474804,0.0932269
-186.076,205.063,0.0477747,0.0945507
-182.278,205.063,0.0477733,0.0945741
-178.481,205.063,0.0481177,0.0964262
-174.684,205.063,0.0481941,0.096838
-170.886,205.063,0.0485197,0.0986643
-167.089,205.063,0.0485197,0.0986643
-163.291,205.063,0.0487497,0.0999849
-159.494,205.063,0.0488227,0.100538
-155.696,205.063,0.0491853,0.102693
-151.899,205.063,0.0491853,0.102693
-148.101,205.063,0.0495119,0.104555
-144.304,205.063,0.0495297,0.104676
-140.506,205.063,0.0498032,0.106232
-136.709,205.063,0.0498755,0.106677
-132.911,205.063,0.050195,0.108555
-129.114,205.063,0.0501964,0.108567
-125.316,205.063,0.050581,0.110854
-121.519,205.063,0.0505992,0.110991
-117.722,205.063,0.0508324,0.112783
-113.924,205.063,0.0508516,0.113001
-110.127,205.063,0.0510668,0.11512
-106.329,205.063,0.0510648,0.115166
-102.532,205.063,0.0511986,0.117139
-98.7342,205.063,0.0512237,0.117854
-94.9367,205.063,0.0513523,0.119755
-91.1392,205.063,0.051362,0.119834
-87.3418,205.063,0.0514809,0.121943
-83.5443,205.063,0.0514828,0.121994
-79.7468,205.063,0.0516435,0.124594
-75.9494,205.063,0.0516425,0.124623
-72.1519,205.063,0.0516735,0.126876
-68.3544,205.063,0.0516739,0.126977
-64.557,205.063,0.0516709,0.129469
-60.7595,205.063,0.0516719,0.129492
-56.962,205.063,0.0516238,0.132018
-53.1646,205.063,0.0515881,0.132322
-49.3671,205.063,0.0515312,0.134029
-45.5696,205.063,0.0515171,0.134124
-41.7722,205.063,0.0513026,0.135144
-37.9747,205.063,0.0512899,0.13527
-34.1772,205.063,0.0510535,0.137849
-30.3797,205.063,0.0510486,0.137906
-26.5823,205.063,0.050836,0.14013
-22.7848,205.063,0.0508047,0.140557
-18.9873,205.063,0.0506425,0.14171
-15.1899,205.063,0.0505751,0.141883
-11.3924,205.063,0.0503004,0.143116
-7.59494,205.063,0.0502524,0.143267
-3.79747,205.063,0.0500415,0.143899
0,205.063,0.0500415,0.143899
-300,208.861,0.041957,0.0678727
-296.203,208.861,0.041957,0.0678727
-292.405,208.861,0.0420724,0.0682927
-288.608,208.861,0.0420962,0.0683782
-284.81,208.861,0.0423291,0.0694692
-281.013,208.861,0.0423843,0.0697127
-277.215,208.861,0.0426074,0.0706427
-273.418,208.861,0.0426782,0.0709744
-269.62,208.861,0.0431034,0.0726944
-265.823,208.861,0.0431309,0.0728248
-262.025,208.861,0.0435205,0.074454
-258.228,208.861,0.0435698,0.0746694
-254.43,208.861,0.0443448,0.0777483
-250.633,208.861,0.0443666,0.0778466
-246.835,208.861,0.0446196,0.0791742
-243.038,208.861,0.0447682,0.0800575
-239.241,208.861,0.0450051,0.081117
-235.443,208.861,0.0450065,0.0811354
-231.646,208.861,0.0452938,0.0825871
-227.848,208.861,0.0453029,0.0826374
-224.051,208.861,0.0456668,0.0841591
-220.253,208.861,0.0456912,0.0842609
-216.456,208.861,0.0463012,0.0867669
-212.658,208.861,0.0463127,0.0868385
-208.861,208.861,0.0467088,0.0888808
-205.063,208.861,0.0467397,0.0890478
-201.266,208.861,0.0471201,0.0910371
-197.468,208.861,0.0471618,0.0913054
-193.671,208.861,0.0474616,0.0929507
-189.873,208.861,0.0475342,0.0933804
-186.076,208.861,0.0478011,0.0946322
-182.278,208.861,0.0477997,0.0946556
-178.481,208.861,0.0481298,0.0964599
-174.684,208.861,0.0482063,0.0968717
-170.886,208.861,0.0485385,0.0987132
-167.089,208.861,0.0485385,0.0987132
-163.291,208.861,0.0487686,0.100034
-159.494,208.861,0.0488415,0.100587
-155.696,208.861,0.0492113,0.102771
-151.899,208.861,0.0492113,0.102771
-148.101,208.861,0.0495503,0.104671
-144.304,208.861,0.0495681,0.104793
-140.506,208.861,0.0498415,0.106349
-136.709,208.861,0.0499139,0.106793
-132.911,208.861,0.0502138,0.108602
-129.114,208.861,0.0502152,0.108614
-125.316,208.861,0.0506046,0.110904
-121.519,208.861,0.0506228,0.111042
-117.722,208.861,0.0508827,0.112896
-113.924,208.861,0.0509059,0.113125
-110.127,208.861,0.0511271,0.115266
-106.329,208.861,0.051125,0.115312
-102.532,208.861,0.0512756,0.117342
-98.7342,208.861,0.0513007,0.118058
-94.9367,208.861,0.0514146,0.119905
-91.1392,208.861,0.0514144,0.119961
-87.3418,208.861,0.0515245,0.122086
-83.5443,208.861,0.0515264,0.122136
-79.7468,208.861,0.0516861,0.124692
-75.9494,208.861,0.0516887,0.124732
-72.1519,208.861,0.0517491,0.127095
-68.3544,208.861,0.0517496,0.127196
-64.557,208.861,0.0517643,0.12975
-60.7595,208.861,0.0517653,0.129773
-56.962,208.861,0.0516759,0.132189
-53.1646,208.861,0.0516403,0.132493
-49.3671,208.861,0.0515458,0.134068
-45.5696,208.861,0.0515274,0.134149
-41.7722,208.861,0.0513061,0.135154
-37.9747,208.861,0.0512934,0.13528
-34.1772,208.861,0.0510535,0.137849
-30.3797,208.861,0.0510486,0.137906
-26.5823,208.861,0.050836,0.14013
-22.7848,208.861,0.0508047,0.140557
-18.9873,208.861,0.0506466,0.141717
-15.1899,208.861,0.0505792,0.14189
-11.3924,208.861,0.050311,0.143136
-7.59494,208.861,0.050263,0.143288
-3.79747,208.861,0.0500521,0.14392
0,208.861,0.0500521,0.14392
-300,212.658,0.0425349,0.0695894
-296.203,212.658,0.0425349,0.0695894
-292.405,212.658,0.0426194,0.0698895
-288.608,212.658,0.0426231,0.0699065
-284.81,212.658,0.0429318,0.0712704
-281.013,212.658,0.0429902,0.0715327
-277.215,212.658,0.0431603,0.0722733
-273.418,212.658,0.0432272,0.0725902
-269.62,212.658,0.0436057,0.0741734
-265.823,212.658,0.0436494,0.0743629
-262.025,212.658,0.0441359,0.076314
-258.228,212.658,0.0442081,0.076608
-254.43,212.658,0.0449774,0.0796275
-250.633,212.658,0.0449978,0.0797123
-246.835,212.658,0.0453089,0.0812048
-243.038,212.658,0.0455071,0.0822685
-239.241,212.658,0.045664,0.0830048
-235.443,212.658,0.0456705,0.0830371
-231.646,212.658,0.0459986,0.0845513
-227.848,212.658,0.0460103,0.0846076
-224.051,212.658,0.0464344,0.0863568
-220.253,212.658,0.0464715,0.0865127
-216.456,212.658,0.0469912,0.0889791
-212.658,212.658,0.0470052,0.08907
-208.861,212.658,0.0473283,0.0909462
-205.063,212.658,0.0473594,0.0911158
-201.266,212.658,0.0477185,0.092872
-197.468,212.658,0.0477609,0.0931039
-193.671,212.658,0.0480818,0.0947046
-189.873,212.658,0.0481732,0.0952099
-186.076,212.658,0.0483028,0.0959415
-182.278,212.658,0.0483049,0.0959891
-178.481,212.658,0.048733,0.0982073
-174.684,212.658,0.0488065,0.0986252
-170.886,212.658,0.0492108,0.100724
-167.089,212.658,0.0492108,0.100724
-163.291,212.658,0.0495641,0.102458
-159.494,212.658,0.049665,0.103114
-155.696,212.658,0.0500914,0.105532
-151.899,212.658,0.0500991,0.105575
-148.101,212.658,0.0504644,0.107539
-144.304,212.658,0.0504736,0.107596
-140.506,212.658,0.0507021,0.108986
-136.709,212.658,0.0507692,0.109423
-132.911,212.658,0.051027,0.11103
-129.114,212.658,0.0510284,0.111042
-125.316,212.658,0.0513228,0.113029
-121.519,212.658,0.0513415,0.113164
-117.722,212.658,0.0515261,0.114747
-113.924,212.658,0.051542,0.114934
-110.127,212.658,0.0517201,0.116817
-106.329,212.658,0.0517185,0.116869
-102.532,212.658,0.0518971,0.118999
-98.7342,212.658,0.051928,0.119816
-94.9367,212.658,0.0519941,0.121555
-91.1392,212.658,0.0519959,0.121614
-87.3418,212.658,0.0521604,0.124008
-83.5443,212.658,0.0521579,0.124067
-79.7468,212.658,0.0522255,0.126341
-75.9494,212.658,0.0522258,0.126375
-72.1519,212.658,0.0522022,0.128547
-68.3544,212.658,0.0522061,0.128629
-64.557,212.658,0.0520619,0.130604
-60.7595,212.658,0.0520628,0.130626
-56.962,212.658,0.0519288,0.132886
-53.1646,212.658,0.0519039,0.133217
-49.3671,212.658,0.0517889,0.134624
-45.5696,212.658,0.0517705,0.134706
-41.7722,212.658,0.0515749,0.135782
-37.9747,212.658,0.0515538,0.135968
-34.1772,212.658,0.0515878,0.139244
-30.3797,212.658,0.0515828,0.139301
-26.5823,212.658,0.0514586,0.141878
-22.7848,212.658,0.0514546,0.142108
-18.9873,212.658,0.0513556,0.143177
-15.1899,212.658,0.0512675,0.143417
-11.3924,212.658,0.0509873,0.145091
-7.59494,212.658,0.0509313,0.145271
-3.79747,212.658,0.0507037,0.145671
0,212.658,0.0507037,0.145671
-300,216.456,0.0425512,0.0696396
-296.203,216.456,0.0425512,0.0696396
-292.405,216.456,0.0426357,0.0699397
-288.608,216.456,0.0426395,0.0699567
-284.81,216.456,0.0429481,0.0713206
-281.013,216.456,0.0430065,0.0715829
-277.215,216.456,0.0431805,0.0723314
-273.418,216.456,0.0432475,0.0726483
-269.62,216.456,0.0436209,0.0742161
-265.823,216.456,0.0436646,0.0744056
-262.025,216.456,0.0441572,0.0763758
-258.228,216.456,0.0442294,0.0766698
-254.43,216.456,0.0449987,0.0796894
-250.633,216.456,0.045019,0.0797741
-246.835,216.456,0.045336,0.0812829
-243.038,216.456,0.0455234,0.0823113
-239.241,216.456,0.0456803,0.0830477
-235.443,216.456,0.0456868,0.08308
-231.646,216.456,0.0460103,0.084583
-227.848,216.456,0.0460221,0.0846393
-224.051,216.456,0.0464529,0.0864107
-220.253,216.456,0.04649,0.0865666
-216.456,216.456,0.0469979,0.0890014
-212.658,216.456,0.047012,0.0890922
-208.861,216.456,0.0473385,0.0909742
-205.063,216.456,0.047367,0.0911321
-201.266,216.456,0.0477425,0.0929193
-197.468,216.456,0.0477892,0.0931634
-193.671,216.456,0.0481364,0.0948304
-189.873,216.456,0.0482314,0.0953444
-186.076,216.456,0.048363,0.0960926
-182.278,216.456,0.0483651,0.0961402
-178.481,216.456,0.0488392,0.0984944
-174.684,216.456,0.0489127,0.0989124
-170.886,216.456,0.0493051,0.100972
-167.089,216.456,0.0493051,0.100972
-163.291,216.456,0.049662,0.102712
-159.494,216.456,0.0497533,0.103339
-155.696,216.456,0.0501739,0.10575
-151.899,216.456,0.0501816,0.105793
-148.101,216.456,0.05052,0.107698
-144.304,216.456,0.0505293,0.107755
-140.506,216.456,0.050729,0.109064
-136.709,216.456,0.0507883,0.109482
-132.911,216.456,0.0510404,0.111069
-129.114,216.456,0.0510419,0.111082
-125.316,216.456,0.051329,0.113046
-121.519,216.456,0.0513476,0.113181
-117.722,216.456,0.0515323,0.114763
-113.924,216.456,0.0515481,0.114951
-110.127,216.456,0.0517312,0.116852
-106.329,216.456,0.0517296,0.116904
-102.532,216.456,0.0519218,0.119035
-98.7342,216.456,0.0519527,0.119852
-94.9367,216.456,0.0520183,0.121597
-91.1392,216.456,0.05202,0.121657
-87.3418,216.456,0.0521926,0.124095
-83.5443,216.456,0.0521901,0.124155
-79.7468,216.456,0.0522636,0.126439
-75.9494,216.456,0.0522639,0.126472
-72.1519,216.456,0.0522314,0.128602
-68.3544,216.456,0.0522353,0.128684
-64.557,216.456,0.0520969,0.130672
-60.7595,216.456,0.0520979,0.130695
-56.962,216.456,0.0520387,0.133111
-53.1646,216.456,0.0520174,0.133447
-49.3671,216.456,0.0520901,0.135295
-45.5696,216.456,0.0520767,0.13539
-41.7722,216.456,0.0518958,0.13654
-37.9747,216.456,0.0518794,0.136733
-34.1772,216.456,0.0518899,0.139976
-30.3797,216.456,0.051885,0.140033
-26.5823,216.456,0.0516562,0.142284
-22.7848,216.456,0.0516536,0.142498
-18.9873,216.456,0.0515098,0.14351
-15.1899,216.456,0.0514146,0.143791
-11.3924,216.456,0.0511203,0.145405
-7.59494,216.456,0.0510643,0.145584
-3.79747,216.456,0.0508527,0.14594
0,216.456,0.0508527,0.14594
-300,220.253,0.0439498,0.0741081
-296.203,220.253,0.0439498,0.0741081
-292.405,220.253,0.0439977,0.0742713
-288.608,220.253,0.0439977,0.0742713
-284.81,220.253,0.0441706,0.0750185
-281.013,220.253,0.044221,0.0752511
-277.215,220.253,0.0444804,0.0763666
-273.418,220.253,0.0445302,0.0766006
-269.62,220.253,0.0448632,0.0780261
-265.823,220.253,0.0449257,0.0782851
-262.025,220.253,0.0454037,0.0801947
-258.228,220.253,0.0454553,0.0804244
-254.43,220.253,0.045982,0.0826501
-250.633,220.253,0.0459991,0.0827263
-246.835,220.253,0.0463973,0.0845143
-243.038,220.253,0.04668,0.0858314
-239.241,220.253,0.0467965,0.0863817
-235.443,220.253,0.0468117,0.086456
-231.646,220.253,0.0471107,0.0877903
-227.848,220.253,0.0471309,0.0878929
-224.051,220.253,0.0474559,0.0893906
-220.253,220.253,0.0475034,0.0896165
-216.456,220.253,0.04798,0.0920449
-212.658,220.253,0.0479937,0.0921244
-208.861,220.253,0.0484255,0.0943126
-205.063,220.253,0.0484605,0.0944926
-201.266,220.253,0.0488566,0.0963724
-197.468,220.253,0.0489098,0.0966416
-193.671,220.253,0.0492853,0.0984465
-189.873,220.253,0.0493388,0.0987471
-186.076,220.253,0.0494263,0.0994358
-182.278,220.253,0.0494504,0.0996429
-178.481,220.253,0.0498633,0.101897
-174.684,220.253,0.0499114,0.10217
-170.886,220.253,0.0501885,0.103699
-167.089,220.253,0.0501885,0.103699
-163.291,220.253,0.0504582,0.105153
-159.494,220.253,0.0505653,0.105772
-155.696,220.253,0.0510378,0.10821
-151.899,220.253,0.0510455,0.108253
-148.101,220.253,0.0512841,0.109779
-144.304,220.253,0.0512867,0.109803
-140.506,220.253,0.0515666,0.111471
-136.709,220.253,0.0516309,0.111938
-132.911,220.253,0.0519019,0.113632
-129.114,220.253,0.0519027,0.113653
-125.316,220.253,0.0522136,0.115731
-121.519,220.253,0.0522362,0.11589
-117.722,220.253,0.052412,0.117452
-113.924,220.253,0.0524169,0.117595
-110.127,220.253,0.0525994,0.119475
-106.329,220.253,0.0526136,0.119622
-102.532,220.253,0.0527945,0.122097
-98.7342,220.253,0.0528156,0.122555
-94.9367,220.253,0.0528633,0.123996
-91.1392,220.253,0.0528668,0.124059
-87.3418,220.253,0.052979,0.126204
-83.5443,220.253,0.0529802,0.126306
-79.7468,220.253,0.0530445,0.128829
-75.9494,220.253,0.0530481,0.12888
-72.1519,220.253,0.0530457,0.130975
-68.3544,220.253,0.0530445,0.131003
-64.557,220.253,0.0529315,0.133191
-60.7595,220.253,0.0529325,0.133213
-56.962,220.253,0.0528804,0.135691
-53.1646,220.253,0.0528494,0.136066
-49.3671,220.253,0.0528452,0.138049
-45.5696,220.253,0.0528443,0.138085
-41.7722,220.253,0.0527308,0.139107
-37.9747,220.253,0.0526817,0.139436
-34.1772,220.253,0.0525956,0.142036
-30.3797,220.253,0.0525917,0.142046
-26.5823,220.253,0.0522905,0.144053
-22.7848,220.253,0.0522845,0.144172
-18.9873,220.253,0.0521105,0.144917
-15.1899,220.253,0.0519106,0.145689
-11.3924,220.253,0.0517146,0.147163
-7.59494,220.253,0.0516845,0.147247
-3.79747,220.253,0.0515476,0.147397
0,220.253,0.0515476,0.147397
-300,224.051,0.0439719,0.0741783
-296.203,224.051,0.0439719,0.0741783
-292.405,224.051,0.0440198,0.0743416
-288.608,224.051,0.0440198,0.0743416
-284.81,224.051,0.0441834,0.0750571
-281.013,224.051,0.0442337,0.0752896
-277.215,224.051,0.0444932,0.0764052
-273.418,224.051,0.044543,0.0766392
-269.62,224.051,0.044869,0.0780435
-265.823,224.051,0.0449315,0.0783025
-262.025,224.051,0.0454081,0.0802079
-258.228,224.051,0.0454597,0.0804376
-254.43,224.051,0.0459864,0.0826633
-250.633,224.051,0.0460035,0.0827395
-246.835,224.051,0.0464104,0.084555
-243.038,224.051,0.0466931,0.0858722
-239.241,224.051,0.0468096,0.0864224
-235.443,224.051,0.0468248,0.0864968
-231.646,224.051,0.0471193,0.0878178
-227.848,224.051,0.0471396,0.0879204
-224.051,224.051,0.0474647,0.0894232
-220.253,224.051,0.0475184,0.0896683
-216.456,224.051,0.0479968,0.0920951
-212.658,224.051,0.0480104,0.0921745
-208.861,224.051,0.0484545,0.0943979
-205.063,224.051,0.0484894,0.0945779
-201.266,224.051,0.0488856,0.0964576
-197.468,224.051,0.0489388,0.0967269
-193.671,224.051,0.0492944,0.0984765
-189.873,224.051,0.049348,0.0987771
-186.076,224.051,0.0494355,0.0994657
-182.278,224.051,0.0494596,0.0996728
-178.481,224.051,0.0498674,0.101898
-174.684,224.051,0.0499155,0.102172
-170.886,224.051,0.0501925,0.1037
-167.089,224.051,0.0501925,0.1037
-163.291,224.051,0.0504623,0.105154
-159.494,224.051,0.0505701,0.105781
-155.696,224.051,0.0510563,0.108252
-151.899,224.051,0.051064,0.108295
-148.101,224.051,0.051319,0.109873
-144.304,224.051,0.0513216,0.109896
-140.506,224.051,0.0516156,0.111601
-136.709,224.051,0.05168,0.112069
-132.911,224.051,0.0519422,0.113739
-129.114,224.051,0.0519431,0.11376
-125.316,224.051,0.0522336,0.115784
-121.519,224.051,0.0522562,0.115944
-117.722,224.051,0.0524262,0.117494
-113.924,224.051,0.0524311,0.117636
-110.127,224.051,0.0526061,0.1195
-106.329,224.051,0.0526204,0.119646
-102.532,224.051,0.0528062,0.12212
-98.7342,224.051,0.0528336,0.122596
-94.9367,224.051,0.0528812,0.124037
-91.1392,224.051,0.0528847,0.1241
-87.3418,224.051,0.0530085,0.126281
-83.5443,224.051,0.0530097,0.126383
-79.7468,224.051,0.0530545,0.128852
-75.9494,224.051,0.0530581,0.128904
-72.1519,224.051,0.0530559,0.131006
-68.3544,224.051,0.0530547,0.131034
-64.557,224.051,0.0529703,0.133308
-60.7595,224.051,0.0529713,0.13333
-56.962,224.051,0.0529317,0.135839
-53.1646,224.051,0.0529006,0.136214
-49.3671,224.051,0.0528877,0.138174
-45.5696,224.051,0.0528812,0.138192
-41.7722,224.051,0.0527612,0.139179
-37.9747,224.051,0.0527121,0.139508
-34.1772,224.051,0.0526126,0.142081
-30.3797,224.051,0.0526087,0.142091
-26.5823,224.051,0.0523022,0.144094
-22.7848,224.051,0.0522961,0.144213
-18.9873,224.051,0.0521221,0.144958
-15.1899,224.051,0.0519223,0.14573
-11.3924,224.051,0.0517303,0.147182
-7.59494,224.051,0.0517003,0.147266
-3.79747,224.051,0.0515634,0.147416
0,224.051,0.0515634,0.147416
-300,227.848,0.0446888,0.0762986
-296.203,227.848,0.0446888,0.0762986
-292.405,227.848,0.0447181,0.0764168
-288.608,227.848,0.0447181,0.0764168
-284.81,227.848,0.0448724,0.0771654
-281.013,227.848,0.0449171,0.0773753
-277.215,227.848,0.0451257,0.0782894
-273.418,227.848,0.0451818,0.0785441
-269.62,227.848,0.0456048,0.0803458
-265.823,227.848,0.045706,0.0807545
-262.025,227.848,0.0461311,0.0824935
-258.228,227.848,0.0461885,0.0827306
-254.43,227.848,0.0466954,0.0848811
-250.633,227.848,0.0467175,0.0849711
-246.835,227.848,0.0471212,0.0867589
-243.038,227.848,0.0473006,0.0875728
-239.241,227.848,0.04748,0.0883447
-235.443,227.848,0.0474929,0.0884035
-231.646,227.848,0.0478594,0.0900644
-227.848,227.848,0.0478722,0.0901435
-224.051,227.848,0.0482136,0.0917644
-220.253,227.848,0.0482687,0.0920232
-216.456,227.848,0.0487836,0.0945352
-212.658,227.848,0.0487938,0.0945904
-208.861,227.848,0.0492245,0.0968034
-205.063,227.848,0.04925,0.0969626
-201.266,227.848,0.0496351,0.0988098
-197.468,227.848,0.0496693,0.0989909
-193.671,227.848,0.0499605,0.100498
-189.873,227.848,0.0499714,0.100578
-186.076,227.848,0.0501224,0.101475
-182.278,227.848,0.0501963,0.101881
-178.481,227.848,0.0506633,0.104312
-174.684,227.848,0.0506913,0.104494
-170.886,227.848,0.0510489,0.10627
-167.089,227.848,0.0510489,0.10627
-163.291,227.848,0.0513398,0.10784
-159.494,227.848,0.0514559,0.108576
-155.696,227.848,0.0519384,0.110983
-151.899,227.848,0.0519447,0.111016
-148.101,227.848,0.0521647,0.112369
-144.304,227.848,0.0521726,0.112417
-140.506,227.848,0.0524384,0.113981
-136.709,227.848,0.0524705,0.114236
-132.911,227.848,0.0527604,0.11603
-129.114,227.848,0.0527635,0.116066
-125.316,227.848,0.0529903,0.118017
-121.519,227.848,0.0530012,0.118123
-117.722,227.848,0.0531845,0.119799
-113.924,227.848,0.0531999,0.12004
-110.127,227.848,0.0533711,0.121806
-106.329,227.848,0.0533717,0.121877
-102.532,227.848,0.0534625,0.124218
-98.7342,227.848,0.0534728,0.124523
-94.9367,227.848,0.0535214,0.126008
-91.1392,227.848,0.053524,0.126064
-87.3418,227.848,0.0536121,0.128022
-83.5443,227.848,0.053604,0.128133
-79.7468,227.848,0.0536359,0.13069
-75.9494,227.848,0.0536348,0.130751
-72.1519,227.848,0.053656,0.132804
-68.3544,227.848,0.0536491,0.132847
-64.557,227.848,0.0535789,0.135171
-60.7595,227.848,0.0535761,0.135183
-56.962,227.848,0.0535285,0.137436
-53.1646,227.848,0.0534969,0.137676
-49.3671,227.848,0.0534345,0.139352
-45.5696,227.848,0.0534297,0.13939
-41.7722,227.848,0.0533247,0.140547
-37.9747,227.848,0.0532709,0.140926
-34.1772,227.848,0.0531709,0.14345
-30.3797,227.848,0.0531709,0.14345
-26.5823,227.848,0.0528557,0.145385
-22.7848,227.848,0.052857,0.14544
-18.9873,227.848,0.0527064,0.146173
-15.1899,227.848,0.0524801,0.147098
-11.3924,227.848,0.0521911,0.148138
-7.59494,227.848,0.0521799,0.148173
-3.79747,227.848,0.0520716,0.148352
0,227.848,0.0520716,0.148352
-300,231.646,0.0448232,0.0766824
-296.203,231.646,0.0448232,0.0766824
-292.405,231.646,0.0448436,0.0767755
-288.608,231.646,0.0448436,0.0767755
-284.81,231.646,0.0450086,0.0775762
-281.013,231.646,0.0450488,0.0777684
-277.215,231.646,0.0452532,0.0786647
-273.418,231.646,0.045312,0.0789195
-269.62,231.646,0.0457243,0.0806889
-265.823,231.646,0.0458201,0.0810822
-262.025,231.646,0.0462265,0.0827702
-258.228,231.646,0.0462805,0.0829993
-254.43,231.646,0.0467146,0.0849385
-250.633,231.646,0.0467284,0.0850034
-246.835,231.646,0.0471459,0.0868337
-243.038,231.646,0.0473196,0.08763
-239.241,231.646,0.0475088,0.088433
-235.443,231.646,0.0475285,0.088516
-231.646,231.646,0.0479004,0.0901963
-227.848,231.646,0.0479132,0.0902755
-224.051,231.646,0.048259,0.0919141
-220.253,231.646,0.0483141,0.0921729
-216.456,231.646,0.0488373,0.0946997
-212.658,231.646,0.0488475,0.0947549
-208.861,231.646,0.0492972,0.0970225
-205.063,231.646,0.0493227,0.0971817
-201.266,231.646,0.0496839,0.0989546
-197.468,231.646,0.0497206,0.0991474
-193.671,231.646,0.0500276,0.100691
-189.873,231.646,0.0500385,0.100771
-186.076,231.646,0.0501873,0.101656
-182.278,231.646,0.0502655,0.102074
-178.481,231.646,0.050743,0.104527
-174.684,231.646,0.0507666,0.104695
-170.886,231.646,0.0511077,0.106425
-167.089,231.646,0.0511077,0.106425
-163.291,231.646,0.0514036,0.108006
-159.494,231.646,0.0515176,0.10874
-155.696,231.646,0.0519726,0.111077
-151.899,231.646,0.0519789,0.11111
-148.101,231.646,0.0521993,0.112465
-144.304,231.646,0.0522072,0.112513
-140.506,231.646,0.0524588,0.114037
-136.709,231.646,0.0524946,0.114296
-132.911,231.646,0.0527998,0.116124
-129.114,231.646,0.0528029,0.116159
-125.316,231.646,0.0530312,0.118133
-121.519,231.646,0.0530453,0.118243
-117.722,231.646,0.0532252,0.119907
-113.924,231.646,0.0532407,0.120149
-110.127,231.646,0.0534047,0.121894
-106.329,231.646,0.0534053,0.121965
-102.532,231.646,0.0534801,0.124264
-98.7342,231.646,0.0534805,0.124543
-94.9367,231.646,0.0535247,0.126011
-91.1392,231.646,0.0535273,0.126067
-87.3418,231.646,0.0536121,0.128022
-83.5443,231.646,0.053604,0.128133
-79.7468,231.646,0.0536414,0.130699
-75.9494,231.646,0.0536403,0.13076
-72.1519,231.646,0.0536664,0.132814
-68.3544,231.646,0.0536595,0.132857
-64.557,231.646,0.0536071,0.135246
-60.7595,231.646,0.0536044,0.135257
-56.962,231.646,0.0535834,0.137586
-53.1646,231.646,0.0535496,0.137818
-49.3671,231.646,0.0534998,0.139529
-45.5696,231.646,0.053495,0.139567
-41.7722,231.646,0.0534051,0.140736
-37.9747,231.646,0.0533465,0.141103
-34.1772,231.646,0.0532194,0.14356
-30.3797,231.646,0.0532194,0.14356
-26.5823,231.646,0.0529357,0.145555
-22.7848,231.646,0.0529369,0.14561
-18.9873,231.646,0.0527864,0.146386
-15.1899,231.646,0.0525647,0.147313
-11.3924,231.646,0.0522878,0.148322
-7.59494,231.646,0.0522649,0.148359
-3.79747,231.646,0.0521581,0.148537
0,231.646,0.0521581,0.148537
-300,235.443,0.0455655,0.0788477
-296.203,235.443,0.0455655,0.0788477
-292.405,235.443,0.045602,0.0790296
-288.608,235.443,0.0456034,0.0790366
-284.81,235.443,0.0458287,0.0800885
-281.013,235.443,0.0458339,0.0801344
-277.215,235.443,0.045974,0.0807291
-273.418,235.443,0.0461296,0.0813597
-269.62,235.443,0.0465615,0.0831279
-265.823,235.443,0.046647,0.0834984
-262.025,235.443,0.047038,0.0852336
-258.228,235.443,0.0470794,0.0854293
-254.43,235.443,0.0475996,0.0877629
-250.633,235.443,0.0476179,0.0878498
-246.835,235.443,0.0480537,0.0898163
-243.038,235.443,0.0482097,0.0905921
-239.241,235.443,0.0484203,0.0915553
-235.443,235.443,0.0484376,0.0916525
-231.646,235.443,0.0488361,0.0934993
-227.848,235.443,0.0488396,0.0935202
-224.051,235.443,0.0492857,0.0954682
-220.253,235.443,0.0493278,0.0956579
-216.456,235.443,0.049751,0.0976236
-212.658,235.443,0.0497635,0.0976981
-208.861,235.443,0.0502008,0.099906
-205.063,235.443,0.0502368,0.10009
-201.266,235.443,0.050578,0.101726
-197.468,235.443,0.0505996,0.101833
-193.671,235.443,0.0509763,0.103701
-189.873,235.443,0.0509899,0.103775
-186.076,235.443,0.0511731,0.104759
-182.278,235.443,0.0512606,0.105225
-178.481,235.443,0.0516277,0.107196
-174.684,235.443,0.0516443,0.107284
-170.886,235.443,0.0518729,0.108665
-167.089,235.443,0.0518729,0.108665
-163.291,235.443,0.0521741,0.110283
-159.494,235.443,0.0522627,0.110865
-155.696,235.443,0.0526356,0.112899
-151.899,235.443,0.0526369,0.112926
-148.101,235.443,0.0528432,0.114227
-144.304,235.443,0.0528492,0.114275
-140.506,235.443,0.0531104,0.115899
-136.709,235.443,0.0531416,0.116169
-132.911,235.443,0.0534922,0.118187
-129.114,235.443,0.0535018,0.118254
-125.316,235.443,0.0537318,0.12014
-121.519,235.443,0.0537408,0.120268
-117.722,235.443,0.0539537,0.121973
-113.924,235.443,0.0539617,0.122141
-110.127,235.443,0.0540589,0.123721
-106.329,235.443,0.0540635,0.123828
-102.532,235.443,0.0542784,0.126859
-98.7342,235.443,0.0542988,0.127298
-94.9367,235.443,0.0543659,0.128705
-91.1392,235.443,0.0543666,0.128762
-87.3418,235.443,0.0543681,0.130281
-83.5443,235.443,0.0543464,0.1304
-79.7468,235.443,0.0544573,0.133395
-75.9494,235.443,0.054452,0.133547
-72.1519,235.443,0.0544589,0.13514
-68.3544,235.443,0.0544516,0.135185
-64.557,235.443,0.0543772,0.137632
-60.7595,235.443,0.0543772,0.137632
-56.962,235.443,0.0543184,0.139849
-53.1646,235.443,0.0542711,0.140235
-49.3671,235.443,0.0542703,0.141931
-45.5696,235.443,0.054269,0.141976
-41.7722,235.443,0.0541583,0.14319
-37.9747,235.443,0.0541143,0.143697
-34.1772,235.443,0.05397,0.145823
-30.3797,235.443,0.05397,0.145823
-26.5823,235.443,0.0537647,0.147649
-22.7848,235.443,0.0537597,0.147671
-18.9873,235.443,0.0535435,0.149051
-15.1899,235.443,0.0533248,0.149867
-11.3924,235.443,0.0531639,0.150422
-7.59494,235.443,0.0531315,0.150472
-3.79747,235.443,0.0530592,0.1508
0,235.443,0.0530592,0.1508
-300,239.241,0.0455927,0.0789318
-296.203,239.241,0.0455927,0.0789318
-292.405,239.241,0.0456292,0.0791136
-288.608,239.241,0.0456306,0.0791206
-284.81,239.241,0.0458586,0.0801844
-281.013,239.241,0.0458639,0.0802302
-277.215,239.241,0.0460013,0.0808111
-273.418,239.241,0.046161,0.0814527
-269.62,239.241,0.0466008,0.0832404
-265.823,239.241,0.0466825,0.0836
-262.025,239.241,0.0470665,0.0853099
-258.228,239.241,0.0471222,0.0855503
-254.43,239.241,0.047743,0.0882199
-250.633,239.241,0.0477613,0.0883067
-246.835,239.241,0.0481752,0.0901969
-243.038,239.241,0.0483411,0.0910044
-239.241,239.241,0.048545,0.0919522
-235.443,239.241,0.0485623,0.0920495
-231.646,239.241,0.0489318,0.0938196
-227.848,239.241,0.0489352,0.0938405
-224.051,239.241,0.0493795,0.0957851
-220.253,239.241,0.0494161,0.095952
-216.456,239.241,0.0497926,0.0977568
-212.658,239.241,0.049805,0.0978314
-208.861,239.241,0.0502181,0.0999673
-205.063,239.241,0.050254,0.100151
-201.266,239.241,0.0505861,0.10175
-197.468,239.241,0.0506077,0.101856
-193.671,239.241,0.0509793,0.103706
-189.873,239.241,0.0509929,0.10378
-186.076,239.241,0.0511731,0.104759
-182.278,239.241,0.0512606,0.105225
-178.481,239.241,0.0516553,0.107274
-174.684,239.241,0.0516719,0.107362
-170.886,239.241,0.0519094,0.108763
-167.089,239.241,0.0519093,0.108769
-163.291,239.241,0.0522183,0.110405
-159.494,239.241,0.0523114,0.111
-155.696,239.241,0.0526785,0.113012
-151.899,239.241,0.0526798,0.113038
-148.101,239.241,0.0528812,0.11433
-144.304,239.241,0.0528871,0.114378
-140.506,239.241,0.0531517,0.116008
-136.709,239.241,0.0531829,0.116279
-132.911,239.241,0.0535266,0.118272
-129.114,239.241,0.0535362,0.11834
-125.316,239.241,0.0537628,0.12021
-121.519,239.241,0.0537717,0.120338
-117.722,239.241,0.0539878,0.122051
-113.924,239.241,0.0539925,0.122213
-110.127,239.241,0.0541278,0.123935
-106.329,239.241,0.0541376,0.124065
-102.532,239.241,0.0544342,0.127348
-98.7342,239.241,0.0544665,0.127818
-94.9367,239.241,0.0545504,0.129267
-91.1392,239.241,0.0545511,0.129323
-87.3418,239.241,0.0545527,0.130772
-83.5443,239.241,0.0545314,0.130922
-79.7468,239.241,0.0545966,0.133747
-75.9494,239.241,0.0545913,0.133899
-72.1519,239.241,0.0545413,0.135354
-68.3544,239.241,0.054534,0.1354
-64.557,239.241,0.0544411,0.137813
-60.7595,239.241,0.0544411,0.137813
-56.962,239.241,0.0544119,0.140087
-53.1646,239.241,0.0543594,0.140457
-49.3671,239.241,0.0543335,0.142061
-45.5696,239.241,0.0543323,0.142107
-41.7722,239.241,0.0541909,0.143239
-37.9747,239.241,0.0541434,0.143736
-34.1772,239.241,0.0540025,0.145876
-30.3797,239.241,0.0540025,0.145876
-26.5823,239.241,0.0537997,0.147721
-22.7848,239.241,0.0537947,0.147743
-18.9873,239.241,0.0535802,0.14914
-15.1899,239.241,0.0533635,0.149947
-11.3924,239.241,0.0532052,0.150505
-7.59494,239.241,0.0531729,0.150555
-3.79747,239.241,0.0531009,0.150876
0,239.241,0.0531009,0.150876
-300,243.038,0.046531,0.0819834
-296.203,243.038,0.046531,0.0819834
-292.405,243.038,0.0465698,0.0821799
-288.608,243.038,0.0465712,0.0821869
-284.81,243.038,0.0467463,0.0829707
-281.013,243.038,0.0467573,0.0830165
-277.215,243.038,0.0469633,0.0838507
-273.418,243.038,0.0471164,0.0844902
-269.62,243.038,0.0475348,0.0862419
-265.823,243.038,0.0475936,0.0865192
-262.025,243.038,0.0479933,0.0882346
-258.228,243.038,0.0481126,0.0887544
-254.43,243.038,0.0485659,0.0907819
-250.633,243.038,0.0485905,0.0908934
-246.835,243.038,0.0489493,0.0926915
-243.038,243.038,0.0490759,0.093346
-239.241,243.038,0.0492708,0.0943281
-235.443,243.038,0.0492847,0.0944195
-231.646,243.038,0.0496146,0.0960047
-227.848,243.038,0.049638,0.0961152
-224.051,243.038,0.0501613,0.0983846
-220.253,243.038,0.0501864,0.0985003
-216.456,243.038,0.0504513,0.0998332
-212.658,243.038,0.0504862,0.100001
-208.861,243.038,0.050994,0.102386
-205.063,243.038,0.0510062,0.102447
-201.266,243.038,0.0513196,0.103917
-197.468,243.038,0.051338,0.104022
-193.671,243.038,0.051717,0.105839
-189.873,243.038,0.051747,0.105974
-186.076,243.038,0.0520562,0.107522
-182.278,243.038,0.0521322,0.107967
-178.481,243.038,0.052528,0.110049
-174.684,243.038,0.0525382,0.110109
-170.886,243.038,0.0527841,0.111554
-167.089,243.038,0.05279,0.1116
-163.291,243.038,0.0531329,0.113312
-159.494,243.038,0.0531816,0.113605
-155.696,243.038,0.0535035,0.11543
-151.899,243.038,0.0535043,0.115458
-148.101,243.038,0.0537296,0.116822
-144.304,243.038,0.0537403,0.116902
-140.506,243.038,0.0540222,0.118704
-136.709,243.038,0.0540472,0.118924
-132.911,243.038,0.0542589,0.120397
-129.114,243.038,0.0542607,0.120431
-125.316,243.038,0.0544509,0.12207
-121.519,243.038,0.054469,0.122239
-117.722,243.038,0.0546934,0.124062
-113.924,243.038,0.0546984,0.124257
-110.127,243.038,0.0547647,0.126068
-106.329,243.038,0.05477,0.12626
-102.532,243.038,0.055014,0.129306
-98.7342,243.038,0.0550487,0.129785
-94.9367,243.038,0.0550901,0.131039
-91.1392,243.038,0.0550886,0.131084
-87.3418,243.038,0.0550159,0.132007
-83.5443,243.038,0.0549871,0.132446
-79.7468,243.038,0.0550981,0.135308
-75.9494,243.038,0.0550999,0.135477
-72.1519,243.038,0.0550722,0.136792
-68.3544,243.038,0.0550694,0.136857
-64.557,243.038,0.0549898,0.13948
-60.7595,243.038,0.0549896,0.139495
-56.962,243.038,0.054989,0.141598
-53.1646,243.038,0.0549397,0.141938
-49.3671,243.038,0.0548659,0.143172
-45.5696,243.038,0.0548645,0.143199
-41.7722,243.038,0.0546698,0.144887
-37.9747,243.038,0.0546038,0.145393
-34.1772,243.038,0.0543911,0.147358
-30.3797,243.038,0.0543911,0.147358
-26.5823,243.038,0.0542556,0.14901
-22.7848,243.038,0.0542539,0.149033
-18.9873,243.038,0.0539818,0.150491
-15.1899,243.038,0.0538348,0.150931
-11.3924,243.038,0.0537163,0.15149
-7.59494,243.038,0.0536695,0.151604
-3.79747,243.038,0.0535776,0.151937
0,243.038,0.0535776,0.151937
-300,246.835,0.046539,0.0820086
-296.203,246.835,0.046539,0.0820086
-292.405,246.835,0.0465778,0.0822051
-288.608,246.835,0.0465791,0.0822121
-284.81,246.835,0.0467543,0.0829959
-281.013,246.835,0.0467652,0.0830417
-277.215,246.835,0.0469713,0.083876
-273.418,246.835,0.0471243,0.0845154
-269.62,246.835,0.047546,0.086281
-265.823,246.835,0.0476049,0.0865583
-262.025,246.835,0.0480016,0.0882593
-258.228,246.835,0.0481208,0.0887791
-254.43,246.835,0.0485742,0.0908066
-250.633,246.835,0.0485987,0.0909181
-246.835,246.835,0.0489544,0.0927076
-243.038,246.835,0.0490809,0.0933621
-239.241,246.835,0.0492759,0.0943441
-235.443,246.835,0.0492898,0.0944356
-231.646,246.835,0.0496254,0.0960388
-227.848,246.835,0.0496489,0.0961494
-224.051,246.835,0.0501721,0.0984187
-220.253,246.835,0.0501973,0.0985344
-216.456,246.835,0.0504622,0.0998673
-212.658,246.835,0.0504919,0.100019
-208.861,246.835,0.050994,0.102386
-205.063,246.835,0.0510062,0.102447
-201.266,246.835,0.0513196,0.103917
-197.468,246.835,0.051338,0.104022
-193.671,246.835,0.051717,0.105839
-189.873,246.835,0.051747,0.105974
-186.076,246.835,0.0520636,0.107542
-182.278,246.835,0.0521395,0.107987
-178.481,246.835,0.0525401,0.110082
-174.684,246.835,0.0525503,0.110143
-170.886,246.835,0.052792,0.111575
-167.089,246.835,0.052798,0.111621
-163.291,246.835,0.0531358,0.113318
-159.494,246.835,0.0531845,0.113611
-155.696,246.835,0.0535064,0.115436
-151.899,246.835,0.0535072,0.115464
-148.101,246.835,0.0537325,0.116828
-144.304,246.835,0.0537432,0.116907
-140.506,246.835,0.0540347,0.118735
-136.709,246.835,0.0540596,0.118955
-132.911,246.835,0.054279,0.12045
-129.114,246.835,0.0542808,0.120484
-125.316,246.835,0.0544754,0.122134
-121.519,246.835,0.0544948,0.122314
-117.722,246.835,0.0547283,0.124158
-113.924,246.835,0.0547323,0.124341
-110.127,246.835,0.0547926,0.126132
-106.329,246.835,0.0547979,0.126324
-102.532,246.835,0.0550322,0.129348
-98.7342,246.835,0.0550669,0.129826
-94.9367,246.835,0.0550939,0.131044
-91.1392,246.835,0.0550924,0.131089
-87.3418,246.835,0.0550197,0.132013
-83.5443,246.835,0.0549909,0.132452
-79.7468,246.835,0.0551012,0.135318
-75.9494,246.835,0.055103,0.135487
-72.1519,246.835,0.055079,0.136814
-68.3544,246.835,0.0550762,0.136878
-64.557,246.835,0.0549967,0.139502
-60.7595,246.835,0.0549965,0.139516
-56.962,246.835,0.0550053,0.14165
-53.1646,246.835,0.054956,0.14199
-49.3671,246.835,0.0548839,0.143221
-45.5696,246.835,0.0548825,0.143249
-41.7722,246.835,0.0546873,0.144948
-37.9747,246.835,0.0546213,0.145453
-34.1772,246.835,0.0544007,0.147388
-30.3797,246.835,0.0544007,0.147388
-26.5823,246.835,0.0542709,0.149042
-22.7848,246.835,0.0542693,0.149065
-18.9873,246.835,0.0540027,0.150544
-15.1899,246.835,0.0538623,0.150988
-11.3924,246.835,0.0537497,0.151548
-7.59494,246.835,0.0537028,0.151663
-3.79747,246.835,0.0536097,0.152001
0,246.835,0.0536097,0.152001
-300,250.633,0.0482298,0.0875475
-296.203,250.633,0.0482298,0.0875475
-292.405,250.633,0.0482099,0.0875292
-288.608,250.633,0.0482074,0.0875246
-284.81,250.633,0.0482616,0.0878132
-281.013,250.633,0.0483009,0.0880112
-277.215,250.633,0.048577,0.0891983
-273.418,250.633,0.0486571,0.0895559
-269.62,250.633,0.0490257,0.0911952
-265.823,250.633,0.0490408,0.0912582
-262.025,250.633,0.0494366,0.0931057
-258.228,250.633,0.0495316,0.0935458
-254.43,250.633,0.0496547,0.0942858
-250.633,250.633,0.0496543,0.0943155
-246.835,250.633,0.0499222,0.0957823
-243.038,250.633,0.0499629,0.0960259
-239.241,250.633,0.0503871,0.097829
-235.443,250.633,0.0503977,0.097895
-231.646,250.633,0.0507553,0.0995654
-227.848,250.633,0.050794,0.0997432
-224.051,250.633,0.0512954,0.102049
-220.253,250.633,0.0513161,0.102144
-216.456,250.633,0.0516463,0.103725
-212.658,250.633,0.0516868,0.103923
-208.861,250.633,0.0521147,0.105857
-205.063,250.633,0.0521219,0.105898
-201.266,250.633,0.0523646,0.107129
-197.468,250.633,0.0523959,0.107309
-193.671,250.633,0.0527895,0.109202
-189.873,250.633,0.0528136,0.109341
-186.076,250.633,0.0531345,0.111052
-182.278,250.633,0.0531699,0.111267
-178.481,250.633,0.053371,0.112477
-174.684,250.633,0.0533869,0.11256
-170.886,250.633,0.0536964,0.114245
-167.089,250.633,0.053717,0.114364
-163.291,250.633,0.0540005,0.115906
-159.494,250.633,0.0540152,0.115983
-155.696,250.633,0.0543411,0.117893
-151.899,250.633,0.0543425,0.117908
-148.101,250.633,0.0545272,0.119173
-144.304,250.633,0.0545512,0.119345
-140.506,250.633,0.0548696,0.121266
-136.709,250.633,0.0548909,0.121424
-132.911,250.633,0.055092,0.122979
-129.114,250.633,0.0550953,0.123036
-125.316,250.633,0.0552202,0.124476
-121.519,250.633,0.0552428,0.124776
-117.722,250.633,0.0554173,0.126508
-113.924,250.633,0.0554155,0.126572
-110.127,250.633,0.0554669,0.128262
-106.329,250.633,0.0554781,0.128548
-102.532,250.633,0.0556983,0.131167
-98.7342,250.633,0.0557067,0.13138
-94.9367,250.633,0.055686,0.132526
-91.1392,250.633,0.0556856,0.132544
-87.3418,250.633,0.0555989,0.133337
-83.5443,250.633,0.0555673,0.133945
-79.7468,250.633,0.0556066,0.136886
-75.9494,250.633,0.0556012,0.137021
-72.1519,250.633,0.0555533,0.138148
-68.3544,250.633,0.0555481,0.138248
-64.557,250.633,0.055628,0.141361
-60.7595,250.633,0.0556279,0.141375
-56.962,250.633,0.055741,0.143956
-53.1646,250.633,0.0556995,0.144572
-49.3671,250.633,0.0556849,0.145632
-45.5696,250.633,0.0556849,0.145632
-41.7722,250.633,0.0556435,0.147952
-37.9747,250.633,0.0555905,0.148359
-34.1772,250.633,0.0553176,0.150293
-30.3797,250.633,0.0553073,0.150332
-26.5823,250.633,0.0551411,0.151506
-22.7848,250.633,0.0551131,0.151557
-18.9873,250.633,0.0548359,0.153143
-15.1899,250.633,0.0547904,0.1533
-11.3924,250.633,0.0546149,0.153966
-7.59494,250.633,0.0545672,0.154148
-3.79747,250.633,0.0545011,0.154524
0,250.633,0.0545011,0.154524
-300,254.43,0.0483687,0.0879751
-296.203,254.43,0.0483687,0.0879751
-292.405,254.43,0.0483506,0.0879684
-288.608,254.43,0.0483482,0.0879638
-284.81,254.43,0.0483929,0.088215
-281.013,254.43,0.048436,0.0884286
-277.215,254.43,0.0486483,0.0894233
-273.418,254.43,0.0487106,0.0897253
-269.62,254.43,0.0490708,0.0913352
-265.823,254.43,0.0490858,0.0913982
-262.025,254.43,0.0494714,0.0932221
-258.228,254.43,0.0495663,0.0936622
-254.43,254.43,0.0496828,0.0943852
-250.633,254.43,0.0496824,0.0944148
-246.835,254.43,0.0499443,0.0958538
-243.038,254.43,0.049985,0.0960975
-239.241,254.43,0.0504039,0.0978752
-235.443,254.43,0.0504145,0.0979412
-231.646,254.43,0.0507721,0.0996116
-227.848,254.43,0.0508108,0.0997894
-224.051,254.43,0.0513132,0.102095
-220.253,254.43,0.0513307,0.102184
-216.456,254.43,0.0516721,0.103795
-212.658,254.43,0.0517127,0.103993
-208.861,254.43,0.0521374,0.105919
-205.063,254.43,0.0521446,0.105961
-201.266,254.43,0.0523878,0.107194
-197.468,254.43,0.0524228,0.10739
-193.671,254.43,0.0528152,0.109283
-189.873,254.43,0.0528393,0.109421
-186.076,254.43,0.0531469,0.11109
-182.278,254.43,0.0531824,0.111305
-178.481,254.43,0.0533751,0.112489
-174.684,254.43,0.053391,0.112572
-170.886,254.43,0.0537116,0.114284
-167.089,254.43,0.0537323,0.114404
-163.291,254.43,0.0540121,0.115937
-159.494,254.43,0.0540268,0.116015
-155.696,254.43,0.0543571,0.117939
-151.899,254.43,0.0543585,0.117953
-148.101,254.43,0.0545471,0.11923
-144.304,254.43,0.0545748,0.119419
-140.506,254.43,0.0549061,0.121381
-136.709,254.43,0.0549274,0.121538
-132.911,254.43,0.0551235,0.123073
-129.114,254.43,0.0551268,0.123131
-125.316,254.43,0.0552356,0.124513
-121.519,254.43,0.0552582,0.124812
-117.722,254.43,0.0554286,0.126525
-113.924,254.43,0.0554268,0.126588
-110.127,254.43,0.055479,0.12828
-106.329,254.43,0.0554902,0.128566
-102.532,254.43,0.0557126,0.131189
-98.7342,254.43,0.055721,0.131402
-94.9367,254.43,0.0557004,0.132548
-91.1392,254.43,0.0556999,0.132566
-87.3418,254.43,0.0556132,0.133359
-83.5443,254.43,0.0555892,0.13399
-79.7468,254.43,0.0556143,0.136908
-75.9494,254.43,0.0556089,0.137043
-72.1519,254.43,0.0555609,0.13817
-68.3544,254.43,0.0555557,0.13827
-64.557,254.43,0.0556516,0.14142
-60.7595,254.43,0.0556515,0.141434
-56.962,254.43,0.0557664,0.144018
-53.1646,254.43,0.0557248,0.144645
-49.3671,254.43,0.0557219,0.145715
-45.5696,254.43,0.0557219,0.145715
-41.7722,254.43,0.0556991,0.14807
-37.9747,254.43,0.0556462,0.148477
-34.1772,254.43,0.0553663,0.150378
-30.3797,254.43,0.055356,0.150418
-26.5823,254.43,0.0551802,0.151567
-22.7848,254.43,0.0551517,0.15163
-18.9873,254.43,0.0548551,0.153176
-15.1899,254.43,0.0548096,0.153334
-11.3924,254.43,0.0546282,0.153998
-7.59494,254.43,0.0545791,0.154185
-3.79747,254.43,0.0545122,0.15456
0,254.43,0.0545122,0.15456
-300,258.228,0.0487278,0.0890137
-296.203,258.228,0.0487278,0.0890137
-292.405,258.228,0.0487003,0.0889855
-288.608,258.228,0.048699,0.0889897
-284.81,258.228,0.0487416,0.0892373
-281.013,258.228,0.0488034,0.0895146
-277.215,258.228,0.0490436,0.0905691
-273.418,258.228,0.0491364,0.091006
-269.62,258.228,0.0495639,0.0928311
-265.823,258.228,0.0495803,0.0929051
-262.025,258.228,0.0500542,0.095135
-258.228,258.228,0.0501057,0.0953915
-254.43,258.228,0.0502445,0.0962238
-250.633,258.228,0.0502549,0.0963032
-246.835,258.228,0.0505667,0.0977893
-243.038,258.228,0.0506182,0.0980342
-239.241,258.228,0.0510913,0.100011
-235.443,258.228,0.0511023,0.100068
-231.646,258.228,0.0514628,0.101759
-227.848,258.228,0.0514813,0.101862
-224.051,258.228,0.0519225,0.103963
-220.253,258.228,0.0519439,0.104069
-216.456,258.228,0.0523246,0.105765
-212.658,258.228,0.0523512,0.105897
-208.861,258.228,0.0527252,0.107602
-205.063,258.228,0.0527383,0.107667
-201.266,258.228,0.0530838,0.109263
-197.468,258.228,0.0531309,0.109505
-193.671,258.228,0.0535485,0.111505
-189.873,258.228,0.0535638,0.111583
-186.076,258.228,0.0539099,0.113435
-182.278,258.228,0.0539327,0.113567
-178.481,258.228,0.0541001,0.114675
-174.684,258.228,0.0541171,0.114785
-170.886,258.228,0.05445,0.116502
-167.089,258.228,0.054463,0.116595
-163.291,258.228,0.0546817,0.117854
-159.494,258.228,0.0546897,0.117918
-155.696,258.228,0.0549537,0.119778
-151.899,258.228,0.0549559,0.119791
-148.101,258.228,0.0551394,0.120949
-144.304,258.228,0.0551767,0.121206
-140.506,258.228,0.0554779,0.123027
-136.709,258.228,0.0554888,0.123113
-132.911,258.228,0.0556469,0.124555
-129.114,258.228,0.0556468,0.124594
-125.316,258.228,0.0558028,0.126153
-121.519,258.228,0.0558227,0.126477
-117.722,258.228,0.0558957,0.127927
-113.924,258.228,0.0558935,0.128022
-110.127,258.228,0.0559574,0.130177
-106.329,258.228,0.0559719,0.130455
-102.532,258.228,0.0561903,0.132674
-98.7342,258.228,0.0561947,0.13279
-94.9367,258.228,0.0561952,0.133947
-91.1392,258.228,0.0561972,0.133982
-87.3418,258.228,0.0562121,0.134929
-83.5443,258.228,0.0561835,0.135573
-79.7468,258.228,0.056228,0.138775
-75.9494,258.228,0.0562149,0.138855
-72.1519,258.228,0.0562149,0.140182
-68.3544,258.228,0.0562061,0.14027
-64.557,258.228,0.0563083,0.143524
-60.7595,258.228,0.0563083,0.143524
-56.962,258.228,0.0563702,0.1461
-53.1646,258.228,0.0563391,0.146816
-49.3671,258.228,0.0563276,0.147538
-45.5696,258.228,0.0563276,0.147538
-41.7722,258.228,0.0562146,0.149779
-37.9747,258.228,0.0561925,0.150037
-34.1772,258.228,0.0559405,0.15188
-30.3797,258.228,0.0559351,0.151933
-26.5823,258.228,0.055725,0.15261
-22.7848,258.228,0.0556867,0.152788
-18.9873,258.228,0.0554764,0.154461
-15.1899,258.228,0.0554439,0.154607
-11.3924,258.228,0.0552369,0.155487
-7.59494,258.228,0.0551934,0.15562
-3.79747,258.228,0.0551113,0.156044
0,258.228,0.0551113,0.156044
-300,262.025,0.0487373,0.0890392
-296.203,262.025,0.0487373,0.0890392
-292.405,262.025,0.0487098,0.0890109
-288.608,262.025,0.0487085,0.0890151
-284.81,262.025,0.0487512,0.0892628
-281.013,262.025,0.0488129,0.08954
-277.215,262.025,0.0490575,0.0906067
-273.418,262.025,0.0491503,0.0910436
-269.62,262.025,0.0495747,0.0928584
-265.823,262.025,0.0495911,0.0929325
-262.025,262.025,0.0500618,0.0951549
-258.228,262.025,0.0501133,0.0954115
-254.43,262.025,0.0502521,0.0962438
-250.633,262.025,0.0502625,0.0963231
-246.835,262.025,0.0505743,0.0978093
-243.038,262.025,0.0506258,0.0980542
-239.241,262.025,0.0511015,0.10004
-235.443,262.025,0.0511125,0.100096
-231.646,262.025,0.0514728,0.101788
-227.848,262.025,0.0514913,0.10189
-224.051,262.025,0.0519496,0.104042
-220.253,262.025,0.051971,0.104149
-216.456,262.025,0.0523492,0.105836
-212.658,262.025,0.0523758,0.105968
-208.861,262.025,0.0527623,0.107701
-205.063,262.025,0.0527753,0.107766
-201.266,262.025,0.0531246,0.109375
-197.468,262.025,0.0531717,0.109617
-193.671,262.025,0.0535809,0.111591
-189.873,262.025,0.0535962,0.111669
-186.076,262.025,0.0539157,0.113448
-182.278,262.025,0.0539385,0.11358
-178.481,262.025,0.0541021,0.114676
-174.684,262.025,0.0541191,0.114786
-170.886,262.025,0.054455,0.116516
-167.089,262.025,0.054468,0.116609
-163.291,262.025,0.0546917,0.117884
-159.494,262.025,0.0546997,0.117948
-155.696,262.025,0.0549627,0.1198
-151.899,262.025,0.0549649,0.119813
-148.101,262.025,0.0551484,0.120971
-144.304,262.025,0.0551857,0.121227
-140.506,262.025,0.055487,0.123054
-136.709,262.025,0.0554979,0.123139
-132.911,262.025,0.0556565,0.124576
-129.114,262.025,0.0556564,0.124615
-125.316,262.025,0.0558252,0.126215
-121.519,262.025,0.0558451,0.126539
-117.722,262.025,0.0559202,0.127996
-113.924,262.025,0.055918,0.128091
-110.127,262.025,0.0560151,0.130354
-106.329,262.025,0.056026,0.130608
-102.532,262.025,0.0562493,0.132853
-98.7342,262.025,0.0562536,0.132969
-94.9367,262.025,0.0562781,0.134221
-91.1392,262.025,0.0562805,0.134238
-87.3418,262.025,0.0563227,0.135231
-83.5443,262.025,0.0562932,0.135872
-79.7468,262.025,0.0563608,0.139141
-75.9494,262.025,0.0563471,0.139212
-72.1519,262.025,0.0563429,0.140535
-68.3544,262.025,0.0563341,0.140622
-64.557,262.025,0.0564053,0.143752
-60.7595,262.025,0.0564053,0.143752
-56.962,262.025,0.0564194,0.146231
-53.1646,262.025,0.0563884,0.146947
-49.3671,262.025,0.0563715,0.147658
-45.5696,262.025,0.0563715,0.147658
-41.7722,262.025,0.0562245,0.149803
-37.9747,262.025,0.0562024,0.150062
-34.1772,262.025,0.0559503,0.151906
-30.3797,262.025,0.0559449,0.151958
-26.5823,262.025,0.0557348,0.152636
-22.7848,262.025,0.055697,0.152801
-18.9873,262.025,0.0554942,0.154493
-15.1899,262.025,0.0554617,0.154639
-11.3924,262.025,0.0552493,0.155513
-7.59494,262.025,0.0552058,0.155646
-3.79747,262.025,0.0551237,0.15607
0,262.025,0.0551237,0.15607
-300,265.823,0.0493961,0.0908242
-296.203,265.823,0.0493961,0.0908242
-292.405,265.823,0.0494205,0.0910791
-288.608,265.823,0.0494294,0.0911446
-284.81,265.823,0.0494713,0.0914855
-281.013,265.823,0.0495485,0.0918049
-277.215,265.823,0.0498277,0.0929678
-273.418,265.823,0.0499265,0.0934142
-269.62,265.823,0.0502887,0.0951054
-265.823,265.823,0.0502974,0.0951468
-262.025,265.823,0.0506905,0.0971087
-258.228,265.823,0.0507079,0.0971976
-254.43,265.823,0.051028,0.0988184
-250.633,265.823,0.0510466,0.0989467
-246.835,265.823,0.0514348,0.100708
-243.038,265.823,0.0514915,0.10094
-239.241,265.823,0.0519593,0.102887
-235.443,265.823,0.0519656,0.102925
-231.646,265.823,0.0522947,0.104434
-227.848,265.823,0.0523085,0.104503
-224.051,265.823,0.0528231,0.106767
-220.253,265.823,0.0528397,0.106845
-216.456,265.823,0.0532181,0.108519
-212.658,265.823,0.0532283,0.108584
-208.861,265.823,0.0535822,0.110186
-205.063,265.823,0.0536008,0.110293
-201.266,265.823,0.0539133,0.111795
-197.468,265.823,0.0539483,0.111982
-193.671,265.823,0.0542133,0.113475
-189.873,265.823,0.0542234,0.113534
-186.076,265.823,0.0545439,0.115262
-182.278,265.823,0.0545473,0.115296
-178.481,265.823,0.0547681,0.116572
-174.684,265.823,0.0547926,0.116729
-170.886,265.823,0.0550857,0.118366
-167.089,265.823,0.0550958,0.11844
-163.291,265.823,0.0552725,0.119557
-159.494,265.823,0.0552971,0.119689
-155.696,265.823,0.0555829,0.121599
-151.899,265.823,0.055585,0.121611
-148.101,265.823,0.0557413,0.122695
-144.304,265.823,0.0557701,0.122918
-140.506,265.823,0.0560459,0.124728
-136.709,265.823,0.0560551,0.124793
-132.911,265.823,0.0562693,0.126422
-129.114,265.823,0.0562741,0.126479
-125.316,265.823,0.056566,0.128584
-121.519,265.823,0.056581,0.128787
-117.722,265.823,0.0566771,0.130194
-113.924,265.823,0.0566715,0.130329
-110.127,265.823,0.0569643,0.133694
-106.329,265.823,0.0569658,0.133794
-102.532,265.823,0.0570783,0.135393
-98.7342,265.823,0.057078,0.135428
-94.9367,265.823,0.0571985,0.137541
-91.1392,265.823,0.0572004,0.137583
-87.3418,265.823,0.0572041,0.138712
-83.5443,265.823,0.0571942,0.139238
-79.7468,265.823,0.0571769,0.141753
-75.9494,265.823,0.0571644,0.141822
-72.1519,265.823,0.057111,0.142981
-68.3544,265.823,0.0571058,0.143042
-64.557,265.823,0.0570172,0.145379
-60.7595,265.823,0.0570172,0.145379
-56.962,265.823,0.0569597,0.147803
-53.1646,265.823,0.0569307,0.148471
-49.3671,265.823,0.0568728,0.149002
-45.5696,265.823,0.0568728,0.149002
-41.7722,265.823,0.0567547,0.151255
-37.9747,265.823,0.0567356,0.151453
-34.1772,265.823,0.0565418,0.153257
-30.3797,265.823,0.0565342,0.153282
-26.5823,265.823,0.0563375,0.154059
-22.7848,265.823,0.0562598,0.154323
-18.9873,265.823,0.056001,0.155845
-15.1899,265.823,0.0559606,0.155973
-11.3924,265.823,0.0557756,0.156834
-7.59494,265.823,0.0557309,0.156981
-3.79747,265.823,0.055651,0.157352
0,265.823,0.055651,0.157352
-300,269.62,0.0493998,0.0908297
-296.203,269.62,0.0493998,0.0908297
-292.405,269.62,0.0494261,0.0910935
-288.608,269.62,0.049435,0.0911591
-284.81,269.62,0.049477,0.0915
-281.013,269.62,0.0495542,0.0918193
-277.215,269.62,0.0498333,0.0929822
-273.418,269.62,0.0499314,0.0934298
-269.62,269.62,0.0502973,0.0951313
-265.823,269.62,0.050306,0.0951726
-262.025,269.62,0.0507025,0.0971447
-258.228,269.62,0.0507199,0.0972336
-254.43,269.62,0.0510482,0.0988813
-250.633,269.62,0.0510668,0.0990096
-246.835,269.62,0.0514574,0.10078
-243.038,269.62,0.0515142,0.101012
-239.241,269.62,0.0519793,0.102949
-235.443,269.62,0.0519856,0.102987
-231.646,269.62,0.0523107,0.104488
-227.848,269.62,0.0523245,0.104557
-224.051,269.62,0.0528363,0.106803
-220.253,269.62,0.0528529,0.106881
-216.456,269.62,0.0532395,0.108581
-212.658,269.62,0.0532497,0.108646
-208.861,269.62,0.0536182,0.110294
-205.063,269.62,0.0536398,0.110407
-201.266,269.62,0.0539527,0.111914
-197.468,269.62,0.0539799,0.112073
-193.671,269.62,0.0542344,0.113537
-189.873,269.62,0.0542445,0.113596
-186.076,269.62,0.05457,0.115333
-182.278,269.62,0.0545734,0.115366
-178.481,269.62,0.0547946,0.116639
-174.684,269.62,0.0548192,0.116796
-170.886,269.62,0.0551084,0.118425
-167.089,269.62,0.0551186,0.1185
-163.291,269.62,0.055333,0.11974
-159.494,269.62,0.055354,0.119854
-155.696,269.62,0.0558305,0.122291
-151.899,269.62,0.0558326,0.122303
-148.101,269.62,0.056029,0.123518
-144.304,269.62,0.0560549,0.123731
-140.506,269.62,0.0563041,0.125455
-136.709,269.62,0.0563116,0.125509
-132.911,269.62,0.0566105,0.127462
-129.114,269.62,0.0566167,0.127533
-125.316,269.62,0.0569176,0.129676
-121.519,269.62,0.0569201,0.129816
-117.722,269.62,0.0569697,0.131039
-113.924,269.62,0.0569643,0.131175
-110.127,269.62,0.0572233,0.134453
-106.329,269.62,0.0572263,0.134542
-102.532,269.62,0.0572922,0.136049
-98.7342,269.62,0.0572921,0.136096
-94.9367,269.62,0.0574001,0.138165
-91.1392,269.62,0.0574031,0.138223
-87.3418,269.62,0.0573737,0.139297
-83.5443,269.62,0.0573623,0.139774
-79.7468,269.62,0.0572707,0.142018
-75.9494,269.62,0.0572582,0.142087
-72.1519,269.62,0.0571749,0.143145
-68.3544,269.62,0.0571696,0.143206
-64.557,269.62,0.0570367,0.145439
-60.7595,269.62,0.0570367,0.145439
-56.962,269.62,0.056992,0.147887
-53.1646,269.62,0.0569628,0.148544
-49.3671,269.62,0.0569015,0.149074
-45.5696,269.62,0.0569015,0.149074
-41.7722,269.62,0.0567853,0.151334
-37.9747,269.62,0.0567662,0.151532
-34.1772,269.62,0.0565797,0.153354
-30.3797,269.62,0.0565721,0.153378
-26.5823,269.62,0.056368,0.154152
-22.7848,269.62,0.0562903,0.154416
-18.9873,269.62,0.0560446,0.155981
-15.1899,269.62,0.0560042,0.156109
-11.3924,269.62,0.0558306,0.156967
-7.59494,269.62,0.0557876,0.157109
-3.79747,269.62,0.0557113,0.157466
0,269.62,0.0557113,0.157466
-300,273.418,0.0502238,0.0931827
-296.203,273.418,0.0502238,0.0931827
-292.405,273.418,0.0503856,0.0940088
-288.608,273.418,0.0504189,0.0941901
-284.81,273.418,0.0505415,0.0950209
-281.013,273.418,0.0505719,0.0951693
-277.215,273.418,0.0508315,0.0964184
-273.418,273.418,0.0509346,0.0969196
-269.62,273.418,0.0512246,0.0982255
-265.823,273.418,0.0512251,0.0982429
-262.025,273.418,0.0516185,0.099945
-258.228,273.418,0.0516361,0.100027
-254.43,273.418,0.0521891,0.102402
-250.633,273.418,0.0522429,0.102654
-246.835,273.418,0.0525746,0.104193
-243.038,273.418,0.0525974,0.104332
-239.241,273.418,0.052812,0.105521
-235.443,273.418,0.052816,0.105557
-231.646,273.418,0.0531547,0.107156
-227.848,273.418,0.0531647,0.107197
-224.051,273.418,0.0537006,0.109511
-220.253,273.418,0.053709,0.109548
-216.456,273.418,0.054075,0.111141
-212.658,273.418,0.0540897,0.111205
-208.861,273.418,0.0544858,0.112979
-205.063,273.418,0.0545053,0.11308
-201.266,273.418,0.0547849,0.114475
-197.468,273.418,0.0548115,0.114631
-193.671,273.418,0.0551028,0.116243
-189.873,273.418,0.0551249,0.116356
-186.076,273.418,0.0553814,0.117753
-182.278,273.418,0.0553901,0.117804
-178.481,273.418,0.0556597,0.119252
-174.684,273.418,0.0556712,0.119349
-170.886,273.418,0.0558101,0.120273
-167.089,273.418,0.0558351,0.120432
-163.291,273.418,0.0561323,0.122085
-159.494,273.418,0.0561876,0.122402
-155.696,273.418,0.0566593,0.124874
-151.899,273.418,0.0566614,0.124886
-148.101,273.418,0.0568385,0.126109
-144.304,273.418,0.0568356,0.126171
-140.506,273.418,0.0569815,0.127578
-136.709,273.418,0.0569871,0.12761
-132.911,273.418,0.0572127,0.129402
-129.114,273.418,0.0572241,0.129517
-125.316,273.418,0.0574397,0.131508
-121.519,273.418,0.0574356,0.131586
-117.722,273.418,0.0574557,0.132483
-113.924,273.418,0.0574535,0.132617
-110.127,273.418,0.0576424,0.135731
-106.329,273.418,0.0576407,0.135803
-102.532,273.418,0.0576182,0.137028
-98.7342,273.418,0.057617,0.137052
-94.9367,273.418,0.057713,0.139209
-91.1392,273.418,0.0577161,0.139276
-87.3418,273.418,0.0577386,0.140471
-83.5443,273.418,0.0577326,0.140883
-79.7468,273.418,0.05771,0.143218
-75.9494,273.418,0.0576975,0.143286
-72.1519,273.418,0.0575848,0.144236
-68.3544,273.418,0.0575727,0.144294
-64.557,273.418,0.0576433,0.147328
-60.7595,273.418,0.0576433,0.147328
-56.962,273.418,0.057813,0.150363
-53.1646,273.418,0.0577921,0.150573
-49.3671,273.418,0.0577168,0.151311
-45.5696,273.418,0.0577045,0.151371
-41.7722,273.418,0.057525,0.153332
-37.9747,273.418,0.05746,0.153643
-34.1772,273.418,0.0572572,0.155372
-30.3797,273.418,0.0572484,0.155398
-26.5823,273.418,0.0570209,0.156343
-22.7848,273.418,0.0569205,0.156644
-18.9873,273.418,0.0566476,0.157693
-15.1899,273.418,0.0565953,0.157897
-11.3924,273.418,0.0564128,0.158614
-7.59494,273.418,0.056387,0.158696
-3.79747,273.418,0.0563305,0.158921
0,273.418,0.0563305,0.158921
-300,277.215,0.0503054,0.0934095
-296.203,277.215,0.0503054,0.0934095
-292.405,277.215,0.0504793,0.094274
-288.608,277.215,0.0505126,0.0944552
-284.81,277.215,0.0506462,0.0953336
-281.013,277.215,0.0506766,0.095482
-277.215,277.215,0.0509258,0.0966932
-273.418,277.215,0.0510275,0.0971998
-269.62,277.215,0.0513077,0.0984797
-265.823,277.215,0.0513081,0.0984971
-262.025,277.215,0.051676,0.100133
-258.228,277.215,0.0516936,0.100215
-254.43,277.215,0.0522314,0.102519
-250.633,277.215,0.0522852,0.102771
-246.835,277.215,0.0526111,0.104301
-243.038,277.215,0.0526339,0.10444
-239.241,277.215,0.052846,0.105619
-235.443,277.215,0.05285,0.105654
-231.646,277.215,0.0531819,0.107239
-227.848,277.215,0.0531919,0.10728
-224.051,277.215,0.0537078,0.10953
-220.253,277.215,0.0537162,0.109567
-216.456,277.215,0.0540816,0.111156
-212.658,277.215,0.0540962,0.11122
-208.861,277.215,0.0544986,0.113015
-205.063,277.215,0.0545181,0.113116
-201.266,277.215,0.0547929,0.114497
-197.468,277.215,0.0548196,0.114653
-193.671,277.215,0.0551071,0.116254
-189.873,277.215,0.0551291,0.116367
-186.076,277.215,0.0553879,0.117774
-182.278,277.215,0.0553966,0.117826
-178.481,277.215,0.0556766,0.119297
-174.684,277.215,0.055688,0.119394
-170.886,277.215,0.0558243,0.120308
-167.089,277.215,0.0558494,0.120467
-163.291,277.215,0.0561493,0.122132
-159.494,277.215,0.0562046,0.122449
-155.696,277.215,0.0566775,0.124929
-151.899,277.215,0.0566796,0.124941
-148.101,277.215,0.05685,0.126141
-144.304,277.215,0.0568472,0.126203
-140.506,277.215,0.0569946,0.127618
-136.709,277.215,0.0570002,0.12765
-132.911,277.215,0.0572127,0.129402
-129.114,277.215,0.0572241,0.129517
-125.316,277.215,0.0574397,0.131508
-121.519,277.215,0.0574356,0.131586
-117.722,277.215,0.0574557,0.132483
-113.924,277.215,0.0574535,0.132617
-110.127,277.215,0.0576509,0.135754
-106.329,277.215,0.0576493,0.135826
-102.532,277.215,0.0576268,0.137051
-98.7342,277.215,0.0576256,0.137074
-94.9367,277.215,0.0577306,0.139231
-91.1392,277.215,0.0577337,0.139298
-87.3418,277.215,0.0577594,0.140497
-83.5443,277.215,0.0577728,0.140946
-79.7468,277.215,0.057848,0.143509
-75.9494,277.215,0.0578355,0.143577
-72.1519,277.215,0.0577479,0.144695
-68.3544,277.215,0.057734,0.144799
-64.557,277.215,0.0578485,0.147975
-60.7595,277.215,0.0578485,0.147975
-56.962,277.215,0.0578916,0.150627
-53.1646,277.215,0.0578743,0.150808
-49.3671,277.215,0.0577816,0.151473
-45.5696,277.215,0.0577693,0.151533
-41.7722,277.215,0.0575464,0.153375
-37.9747,277.215,0.0574765,0.153674
-34.1772,277.215,0.0572672,0.155395
-30.3797,277.215,0.0572585,0.155421
-26.5823,277.215,0.0570344,0.156389
-22.7848,277.215,0.056934,0.156691
-18.9873,277.215,0.0566737,0.157752
-15.1899,277.215,0.0566213,0.157957
-11.3924,277.215,0.0564388,0.158657
-7.59494,277.215,0.0564131,0.158739
-3.79747,277.215,0.0563569,0.158958
0,277.215,0.0563569,0.158958
-300,281.013,0.0510284,0.0956118
-296.203,281.013,0.0510284,0.0956118
-292.405,281.013,0.0512659,0.0966404
-288.608,281.013,0.051306,0.096839
-284.81,281.013,0.0515374,0.0980965
-281.013,281.013,0.0515644,0.0982302
-277.215,281.013,0.0519097,0.0998054
-273.418,281.013,0.0520064,0.100286
-269.62,281.013,0.052137,0.100947
-265.823,281.013,0.0521434,0.100986
-262.025,281.013,0.0525256,0.102689
-258.228,281.013,0.0525433,0.102769
-254.43,281.013,0.0530555,0.105024
-250.633,281.013,0.0531126,0.105271
-246.835,281.013,0.0533572,0.106595
-243.038,281.013,0.0533676,0.10668
-239.241,281.013,0.0535613,0.10776
-235.443,281.013,0.0535752,0.107834
-231.646,281.013,0.053879,0.109275
-227.848,281.013,0.0538889,0.109323
-224.051,281.013,0.0545163,0.111962
-220.253,281.013,0.0545266,0.112008
-216.456,281.013,0.0549374,0.113737
-212.658,281.013,0.0549577,0.113824
-208.861,281.013,0.0553241,0.115551
-205.063,281.013,0.0553326,0.115594
-201.266,281.013,0.0554913,0.116485
-197.468,281.013,0.0555289,0.116692
-193.671,281.013,0.0558954,0.118634
-189.873,281.013,0.0559284,0.118797
-186.076,281.013,0.0561886,0.120138
-182.278,281.013,0.0561991,0.120195
-178.481,281.013,0.0564339,0.121499
-174.684,281.013,0.0564474,0.121592
-170.886,281.013,0.0565462,0.122296
-167.089,281.013,0.0565887,0.122536
-163.291,281.013,0.0568752,0.124165
-159.494,281.013,0.0569293,0.124506
-155.696,281.013,0.0573001,0.126745
-151.899,281.013,0.0573001,0.126745
-148.101,281.013,0.0574237,0.127851
-144.304,281.013,0.0574251,0.127913
-140.506,281.013,0.0575986,0.129415
-136.709,281.013,0.0576029,0.12946
-132.911,281.013,0.0577868,0.131186
-129.114,281.013,0.0577908,0.131258
-125.316,281.013,0.0579606,0.133187
-121.519,281.013,0.057959,0.133253
-117.722,281.013,0.0579938,0.134255
-113.924,281.013,0.0580013,0.134423
-110.127,281.013,0.0582116,0.137395
-106.329,281.013,0.0582136,0.137486
-102.532,281.013,0.0582084,0.138844
-98.7342,281.013,0.058209,0.138878
-94.9367,281.013,0.05827,0.140913
-91.1392,281.013,0.0582713,0.140961
-87.3418,281.013,0.0582567,0.141946
-83.5443,281.013,0.0582715,0.14247
-79.7468,281.013,0.0583264,0.145015
-75.9494,281.013,0.058315,0.145057
-72.1519,281.013,0.0582646,0.146146
-68.3544,281.013,0.058245,0.146346
-64.557,281.013,0.0583179,0.149238
-60.7595,281.013,0.0583184,0.149253
-56.962,281.013,0.058273,0.151576
-53.1646,281.013,0.0582565,0.151644
-49.3671,281.013,0.05816,0.152227
-45.5696,281.013,0.0581433,0.152374
-41.7722,281.013,0.0580455,0.154692
-37.9747,281.013,0.0579878,0.155106
-34.1772,281.013,0.05789,0.15705
-30.3797,281.013,0.0578865,0.157057
-26.5823,281.013,0.057527,0.158239
-22.7848,281.013,0.0574043,0.158602
-18.9873,281.013,0.0572381,0.159423
-15.1899,281.013,0.0572024,0.159548
-11.3924,281.013,0.0570727,0.159955
-7.59494,281.013,0.0570656,0.160033
-3.79747,281.013,0.0570691,0.16039
0,281.013,0.0570691,0.16039
-300,284.81,0.0510284,0.0956118
-296.203,284.81,0.0510284,0.0956118
-292.405,284.81,0.0512659,0.0966404
-288.608,284.81,0.051306,0.096839
-284.81,284.81,0.0515374,0.0980965
-281.013,284.81,0.0515644,0.0982302
-277.215,284.81,0.0519097,0.0998054
-273.418,284.81,0.0520064,0.100286
-269.62,284.81,0.052137,0.100947
-265.823,284.81,0.0521434,0.100986
-262.025,284.81,0.0525256,0.102689
-258.228,284.81,0.0525433,0.102769
-254.43,284.81,0.0530555,0.105024
-250.633,284.81,0.0531126,0.105271
-246.835,284.81,0.0533572,0.106595
-243.038,284.81,0.0533676,0.10668
-239.241,284.81,0.0535613,0.10776
-235.443,284.81,0.0535752,0.107834
-231.646,284.81,0.053879,0.109275
-227.848,284.81,0.0538889,0.109323
-224.051,284.81,0.054534,0.11201
-220.253,284.81,0.0545443,0.112056
-216.456,284.81,0.0549685,0.113828
-212.658,284.81,0.0549897,0.113914
-208.861,284.81,0.0553628,0.11566
-205.063,284.81,0.0553713,0.115702
-201.266,284.81,0.0555234,0.116575
-197.468,284.81,0.055561,0.116783
-193.671,284.81,0.055911,0.118674
-189.873,284.81,0.055944,0.118837
-186.076,284.81,0.0562014,0.120168
-182.278,284.81,0.0562119,0.120225
-178.481,284.81,0.0564563,0.121549
-174.684,284.81,0.0564697,0.121642
-170.886,284.81,0.0565647,0.122337
-167.089,284.81,0.056612,0.122594
-163.291,284.81,0.0569121,0.124262
-159.494,284.81,0.0569701,0.124615
-155.696,284.81,0.0573511,0.126885
-151.899,284.81,0.0573511,0.126885
-148.101,284.81,0.0574601,0.127939
-144.304,284.81,0.0574614,0.128001
-140.506,284.81,0.0576294,0.129491
-136.709,284.81,0.0576337,0.129536
-132.911,284.81,0.0578053,0.131242
-129.114,284.81,0.0578093,0.131315
-125.316,284.81,0.0579735,0.133228
-121.519,284.81,0.0579719,0.133294
-117.722,284.81,0.0580098,0.134307
-113.924,284.81,0.0580173,0.134475
-110.127,284.81,0.0582404,0.137488
-106.329,284.81,0.0582425,0.137579
-102.532,284.81,0.0582533,0.138979
-98.7342,284.81,0.058254,0.139012
-94.9367,284.81,0.0583189,0.14106
-91.1392,284.81,0.0583202,0.141108
-87.3418,284.81,0.0582935,0.142055
-83.5443,284.81,0.058305,0.142576
-79.7468,284.81,0.0583826,0.145178
-75.9494,284.81,0.0583724,0.145209
-72.1519,284.81,0.0583309,0.146324
-68.3544,284.81,0.0583113,0.146523
-64.557,284.81,0.0583611,0.149369
-60.7595,284.81,0.0583615,0.149384
-56.962,284.81,0.0583649,0.151716
-53.1646,284.81,0.0583487,0.151775
-49.3671,284.81,0.0582605,0.15237
-45.5696,284.81,0.0582429,0.152528
-41.7722,284.81,0.0581668,0.154888
-37.9747,284.81,0.0581185,0.155311
-34.1772,284.81,0.0579914,0.157209
-30.3797,284.81,0.0579879,0.157217
-26.5823,284.81,0.0576286,0.158452
-22.7848,284.81,0.0574996,0.15883
-18.9873,284.81,0.0573287,0.159637
-15.1899,284.81,0.0572946,0.159752
-11.3924,284.81,0.0571686,0.160153
-7.59494,284.81,0.0571618,0.160234
-3.79747,284.81,0.0571648,0.160626
0,284.81,0.0571648,0.160626
-300,288.608,0.0516657,0.0977384
-296.203,288.608,0.0516657,0.0977384
-292.405,288.608,0.0518783,0.0986082
-288.608,288.608,0.0519123,0.0987538
-284.81,288.608,0.0521703,0.100002
-281.013,288.608,0.0522203,0.100241
-277.215,288.608,0.052661,0.102152
-273.418,288.608,0.0527487,0.102551
-269.62,288.608,0.05293,0.103373
-265.823,288.608,0.0529421,0.103435
-262.025,288.608,0.0532712,0.104912
-258.228,288.608,0.0532903,0.105004
-254.43,288.608,0.0537962,0.1073
-250.633,288.608,0.0538246,0.107451
-246.835,288.608,0.0541573,0.109082
-243.038,288.608,0.0541808,0.10922
-239.241,288.608,0.0543927,0.110353
-235.443,288.608,0.0544017,0.110407
-231.646,288.608,0.0545971,0.111396
-227.848,288.608,0.0546122,0.11147
-224.051,288.608,0.0552019,0.113969
-220.253,288.608,0.0552075,0.113996
-216.456,288.608,0.0555939,0.115619
-212.658,288.608,0.0556077,0.115681
-208.861,288.608,0.0559964,0.117489
-205.063,288.608,0.0559983,0.1175
-201.266,288.608,0.0561235,0.118247
-197.468,288.608,0.0561713,0.118498
-193.671,288.608,0.0565554,0.120428
-189.873,288.608,0.0565764,0.120557
-186.076,288.608,0.0567593,0.121686
-182.278,288.608,0.0567649,0.121728
-178.481,288.608,0.0569069,0.122774
-174.684,288.608,0.0569167,0.122843
-170.886,288.608,0.0569827,0.123445
-167.089,288.608,0.0570198,0.123695
-163.291,288.608,0.057333,0.125457
-159.494,288.608,0.0574091,0.12585
-155.696,288.608,0.0578552,0.128339
-151.899,288.608,0.0578552,0.128339
-148.101,288.608,0.0579792,0.129418
-144.304,288.608,0.057994,0.129557
-140.506,288.608,0.0582142,0.131188
-136.709,288.608,0.0582225,0.131248
-132.911,288.608,0.0584188,0.133077
-129.114,288.608,0.058425,0.133138
-125.316,288.608,0.0586129,0.1352
-121.519,288.608,0.0586132,0.135241
-117.722,288.608,0.0586223,0.13606
-113.924,288.608,0.0586289,0.136242
-110.127,288.608,0.0588087,0.139238
-106.329,288.608,0.0588056,0.139287
-102.532,288.608,0.0588579,0.140778
-98.7342,288.608,0.0588572,0.140802
-94.9367,288.608,0.0588985,0.142659
-91.1392,288.608,0.0588938,0.142669
-87.3418,288.608,0.0588763,0.143507
-83.5443,288.608,0.0588806,0.144288
-79.7468,288.608,0.0589474,0.146958
-75.9494,288.608,0.0589384,0.146976
-72.1519,288.608,0.0588596,0.147889
-68.3544,288.608,0.0588471,0.148145
-64.557,288.608,0.0588633,0.150816
-60.7595,288.608,0.0588637,0.15083
-56.962,288.608,0.0588425,0.153094
-53.1646,288.608,0.0588419,0.153103
-49.3671,288.608,0.0587426,0.153639
-45.5696,288.608,0.0587254,0.153794
-41.7722,288.608,0.0586081,0.155878
-37.9747,288.608,0.0585576,0.156339
-34.1772,288.608,0.0584641,0.158274
-30.3797,288.608,0.0584634,0.158285
-26.5823,288.608,0.058225,0.160035
-22.7848,288.608,0.0581353,0.1605
-18.9873,288.608,0.0580368,0.161297
-15.1899,288.608,0.0580156,0.161358
-11.3924,288.608,0.0578717,0.161733
-7.59494,288.608,0.0578418,0.161902
-3.79747,288.608,0.0578086,0.162497
0,288.608,0.0578086,0.162497
-300,292.405,0.0516657,0.0977384
-296.203,292.405,0.0516657,0.0977384
-292.405,292.405,0.0518783,0.0986082
-288.608,292.405,0.0519123,0.0987538
-284.81,292.405,0.0521703,0.100002
-281.013,292.405,0.0522203,0.100241
-277.215,292.405,0.0526654,0.102164
-273.418,292.405,0.0527531,0.102563
-269.62,292.405,0.0529381,0.103396
-265.823,292.405,0.0529502,0.103458
-262.025,292.405,0.0532793,0.104935
-258.228,292.405,0.0532984,0.105027
-254.43,292.405,0.0538161,0.10736
-250.633,292.405,0.0538446,0.107511
-246.835,292.405,0.0541722,0.109127
-243.038,292.405,0.0541957,0.109264
-239.241,292.405,0.0544079,0.110396
-235.443,292.405,0.054417,0.11045
-231.646,292.405,0.0546028,0.111409
-227.848,292.405,0.0546179,0.111483
-224.051,292.405,0.0552171,0.114009
-220.253,292.405,0.0552227,0.114036
-216.456,292.405,0.0556135,0.115675
-212.658,292.405,0.0556274,0.115737
-208.861,292.405,0.0560066,0.117517
-205.063,292.405,0.0560084,0.117528
-201.266,292.405,0.056133,0.118268
-197.468,292.405,0.0561807,0.118519
-193.671,292.405,0.0565554,0.120428
-189.873,292.405,0.0565764,0.120557
-186.076,292.405,0.0567593,0.121686
-182.278,292.405,0.0567649,0.121728
-178.481,292.405,0.0569069,0.122774
-174.684,292.405,0.0569167,0.122843
-170.886,292.405,0.0569827,0.123445
-167.089,292.405,0.0570198,0.123695
-163.291,292.405,0.057333,0.125457
-159.494,292.405,0.0574091,0.12585
-155.696,292.405,0.0578674,0.128385
-151.899,292.405,0.0578674,0.128385
-148.101,292.405,0.0579947,0.129475
-144.304,292.405,0.0580095,0.129613
-140.506,292.405,0.0582304,0.131237
-136.709,292.405,0.0582387,0.131298
-132.911,292.405,0.0584366,0.133133
-129.114,292.405,0.0584428,0.133194
-125.316,292.405,0.0586186,0.135212
-121.519,292.405,0.0586189,0.135253
-117.722,292.405,0.058628,0.136072
-113.924,292.405,0.0586376,0.136263
-110.127,292.405,0.0588309,0.139313
-106.329,292.405,0.0588278,0.139362
-102.532,292.405,0.0588832,0.140846
-98.7342,292.405,0.0588825,0.14087
-94.9367,292.405,0.0589315,0.142748
-91.1392,292.405,0.0589267,0.142759
-87.3418,292.405,0.0589092,0.143596
-83.5443,292.405,0.0589135,0.144378
-79.7468,292.405,0.0589596,0.147002
-75.9494,292.405,0.0589505,0.14702
-72.1519,292.405,0.0588727,0.147923
-68.3544,292.405,0.0588602,0.14818
-64.557,292.405,0.0588878,0.150879
-60.7595,292.405,0.0588883,0.150894
-56.962,292.405,0.058861,0.153132
-53.1646,292.405,0.0588603,0.153141
-49.3671,292.405,0.058761,0.153676
-45.5696,292.405,0.0587438,0.153831
-41.7722,292.405,0.0586434,0.155947
-37.9747,292.405,0.0585928,0.156408
-34.1772,292.405,0.0584916,0.15832
-30.3797,292.405,0.0584909,0.158331
-26.5823,292.405,0.0582718,0.16011
-22.7848,292.405,0.0581846,0.160585
-18.9873,292.405,0.0580812,0.161374
-15.1899,292.405,0.05806,0.161436
-11.3924,292.405,0.0579169,0.161804
-7.59494,292.405,0.057887,0.161972
-3.79747,292.405,0.0578493,0.162568
0,292.405,0.0578493,0.162568
-300,296.203,0.052075,0.0992476
-296.203,296.203,0.052075,0.0992476
-292.405,296.203,0.0522998,0.100105
-288.608,296.203,0.0523271,0.100216
-284.81,296.203,0.0526349,0.101507
-281.013,296.203,0.0526934,0.101757
-277.215,296.203,0.0531625,0.103668
-273.418,296.203,0.0532475,0.104027
-269.62,296.203,0.0534568,0.104945
-265.823,296.203,0.0534647,0.104992
-262.025,296.203,0.053733,0.106271
-258.228,296.203,0.0537567,0.106385
-254.43,296.203,0.054186,0.108504
-250.633,296.203,0.0542173,0.108662
-246.835,296.203,0.0545196,0.110171
-243.038,296.203,0.0545365,0.110264
-239.241,296.203,0.0547266,0.111275
-235.443,296.203,0.0547313,0.111312
-231.646,296.203,0.0549259,0.112288
-227.848,296.203,0.0549531,0.112411
-224.051,296.203,0.0555697,0.115014
-220.253,296.203,0.0555753,0.115041
-216.456,296.203,0.0559712,0.116706
-212.658,296.203,0.0559817,0.116755
-208.861,296.203,0.0562651,0.118243
-205.063,296.203,0.056267,0.118254
-201.266,296.203,0.0563446,0.118812
-197.468,296.203,0.0563812,0.11903
-193.671,296.203,0.0566917,0.120761
-189.873,296.203,0.0567078,0.120871
-186.076,296.203,0.0568132,0.121787
-182.278,296.203,0.056817,0.121823
-178.481,296.203,0.0569189,0.122803
-174.684,296.203,0.0569262,0.12286
-170.886,296.203,0.0569933,0.123475
-167.089,296.203,0.0570304,0.123725
-163.291,296.203,0.0573902,0.125707
-159.494,296.203,0.0574663,0.1261
-155.696,296.203,0.0579971,0.128935
-151.899,296.203,0.0579971,0.128935
-148.101,296.203,0.0581529,0.130094
-144.304,296.203,0.0581709,0.130238
-140.506,296.203,0.0584693,0.132053
-136.709,296.203,0.0584776,0.132113
-132.911,296.203,0.0586886,0.133862
-129.114,296.203,0.0586947,0.133923
-125.316,296.203,0.0588049,0.135752
-121.519,296.203,0.0588057,0.135778
-117.722,296.203,0.0587733,0.136513
-113.924,296.203,0.058782,0.136698
-110.127,296.203,0.0590445,0.14015
-106.329,296.203,0.0590437,0.140207
-102.532,296.203,0.0591516,0.141854
-98.7342,296.203,0.0591509,0.141878
-94.9367,296.203,0.0591776,0.143492
-91.1392,296.203,0.0591776,0.143492
-87.3418,296.203,0.0591335,0.144156
-83.5443,296.203,0.0591116,0.144846
-79.7468,296.203,0.0590573,0.147305
-75.9494,296.203,0.0590573,0.147305
-72.1519,296.203,0.0589719,0.148192
-68.3544,296.203,0.0589616,0.148459
-64.557,296.203,0.0590679,0.151487
-60.7595,296.203,0.0590683,0.151502
-56.962,296.203,0.0590702,0.153817
-53.1646,296.203,0.0590695,0.153826
-49.3671,296.203,0.0589922,0.154349
-45.5696,296.203,0.0589793,0.154491
-41.7722,296.203,0.0589056,0.156587
-37.9747,296.203,0.058858,0.157016
-34.1772,296.203,0.0586926,0.15876
-30.3797,296.203,0.0586919,0.158771
-26.5823,296.203,0.0585798,0.160617
-22.7848,296.203,0.0584831,0.161038
-18.9873,296.203,0.0583616,0.161752
-15.1899,296.203,0.05835,0.16178
-11.3924,296.203,0.0582024,0.162091
-7.59494,296.203,0.0581651,0.162252
-3.79747,296.203,0.0580419,0.162797
0,296.203,0.0580419,0.162797
-300,300,0.052075,0.0992476
-296.203,300,0.052075,0.0992476
-292.405,300,0.0522998,0.100105
-288.608,300,0.0523271,0.100216
-284.81,300,0.0526349,0.101507
-281.013,300,0.0526934,0.101757
-277.215,300,0.0531625,0.103668
-273.418,300,0.0532475,0.104027
-269.62,300,0.0534568,0.104945
-265.823,300,0.0534647,0.104992
-262.025,300,0.053733,0.106271
-258.228,300,0.0537567,0.106385
-254.43,300,0.054186,0.108504
-250.633,300,0.0542173,0.108662
-246.835,300,0.0545196,0.110171
-243.038,300,0.0545365,0.110264
-239.241,300,0.0547266,0.111275
-235.443,300,0.0547313,0.111312
-231.646,300,0.0549259,0.112288
-227.848,300,0.0549531,0.112411
-224.051,300,0.0555697,0.115014
-220.253,300,0.0555753,0.115041
-216.456,300,0.0559712,0.116706
-212.658,300,0.0559817,0.116755
-208.861,300,0.0562651,0.118243
-205.063,300,0.056267,0.118254
-201.266,300,0.0563446,0.118812
-197.468,300,0.0563812,0.11903
-193.671,300,0.0566917,0.120761
-189.873,300,0.0567078,0.120871
-186.076,300,0.0568132,0.121787
-182.278,300,0.056817,0.121823
-178.481,300,0.0569189,0.122803
-174.684,300,0.0569262,0.12286
-170.886,300,0.0569933,0.123475
-167.089,300,0.0570304,0.123725
-163.291,300,0.0573902,0.125707
-159.494,300,0.0574663,0.1261
-155.696,300,0.0579971,0.128935
-151.899,300,0.0579971,0.128935
-148.101,300,0.0581529,0.130094
-144.304,300,0.0581709,0.130238
-140.506,300,0.0584693,0.132053
-136.709,300,0.0584776,0.132113
-132.911,300,0.0586886,0.133862
-129.114,300,0.0586947,0.133923
-125.316,300,0.0588049,0.135752
-121.519,300,0.0588057,0.135778
-117.722,300,0.0587733,0.136513
-113.924,300,0.058782,0.136698
-110.127,300,0.0590445,0.14015
-106.329,300,0.0590437,0.140207
-102.532,300,0.0591516,0.141854
-98.7342,300,0.0591509,0.141878
-94.9367,300,0.0591776,0.143492
-91.1392,300,0.0591776,0.143492
-87.3418,300,0.0591335,0.144156
-83.5443,300,0.0591116,0.144846
-79.7468,300,0.0590573,0.147305
-75.9494,300,0.0590573,0.147305
-72.1519,300,0.0589719,0.148192
-68.3544,300,0.0589616,0.148459
-64.557,300,0.0590679,0.151487
-60.7595,300,0.0590683,0.151502
-56.962,300,0.0590702,0.153817
-53.1646,300,0.0590695,0.153826
-49.3671,300,0.0589922,0.154349
-45.5696,300,0.0589793,0.154491
-41.7722,300,0.0589056,0.156587
-37.9747,300,0.058858,0.157016
-34.1772,300,0.0586926,0.15876
-30.3797,300,0.0586919,0.158771
-26.5823,300,0.0585798,0.160617
-22.7848,300,0.0584831,0.161038
-18.9873,300,0.0583616,0.161752
-15.1899,300,0.05835,0.16178
-11.3924,300,0.0582024,0.162091
-7.59494,300,0.0581651,0.162252
-3.79747,300,0.0580419,0.162797
0,300,0.0580419,0.162797
