Id,Iq,Phi_d_pred,Phi_q_pred
-300,0,0.00757473,-0.0291503
-296.203,0,0.00749195,-0.0294645
-292.405,0,0.00742137,-0.0297152
-288.608,0,0.00736313,-0.029904
-284.81,0,0.00731727,-0.0300325
-281.013,0,0.00728378,-0.0301021
-277.215,0,0.00726253,-0.0301147
-273.418,0,0.00725332,-0.0300718
-269.62,0,0.00725588,-0.0299752
-265.823,0,0.0072698,-0.0298267
-262.025,0,0.00729463,-0.0296282
-258.228,0,0.00732981,-0.0293816
-254.43,0,0.00737467,-0.029089
-250.633,0,0.0074285,-0.0287526
-246.835,0,0.00749048,-0.0283748
-243.038,0,0.00755973,-0.0279582
-239.241,0,0.00763532,-0.0275056
-235.443,0,0.00771624,-0.0270202
-231.646,0,0.00780145,-0.0265052
-227.848,0,0.00788988,-0.0259643
-224.051,0,0.00798044,-0.0254015
-220.253,0,0.00807203,-0.0248209
-216.456,0,0.00816356,-0.0242271
-212.658,0,0.00825398,-0.0236247
-208.861,0,0.00834227,-0.0230188
-205.063,0,0.00842747,-0.0224145
-201.266,0,0.0085087,-0.0218169
-197.468,0,0.00858516,-0.0212314
-193.671,0,0.00865618,-0.0206631
-189.873,0,0.0087212,-0.0201172
-186.076,0,0.00877979,-0.0195983
-182.278,0,0.00883168,-0.0191111
-178.481,0,0.00887675,-0.0186596
-174.684,0,0.00891507,-0.0182471
-170.886,0,0.00894685,-0.0178765
-167.089,0,0.00897252,-0.0175496
-163.291,0,0.00899264,-0.0172676
-159.494,0,0.009008,-0.0170304
-155.696,0,0.00901952,-0.0168371
-151.899,0,0.00902832,-0.0166853
-148.101,0,0.00903565,-0.0165716
-144.304,0,0.00904291,-0.0164912
-140.506,0,0.00905163,-0.0164383
-136.709,0,0.00906344,-0.0164054
-132.911,0,0.00908006,-0.0163842
-129.114,0,0.00910326,-0.0163648
-125.316,0,0.00913486,-0.0163364
-121.519,0,0.00917669,-0.0162873
-117.722,0,0.00923053,-0.0162046
-113.924,0,0.00929816,-0.016075
-110.127,0,0.00938124,-0.0158843
-106.329,0,0.00948136,-0.0156183
-102.532,0,0.00959995,-0.0152623
-98.7342,0,0.0097383,-0.0148019
-94.9367,0,0.00989752,-0.0142227
-91.1392,0,0.0100785,-0.013511
-87.3418,0,0.0102819,-0.0126539
-83.5443,0,0.0105082,-0.0116393
-79.7468,0,0.0107576,-0.0104563
-75.9494,0,0.0110299,-0.0090954
-72.1519,0,0.0113249,-0.00754877
-68.3544,0,0.0116419,-0.00581025
-64.557,0,0.01198,-0.00387563
-60.7595,0,0.0123382,-0.00174273
-56.962,0,0.0127149,0.000588503
-53.1646,0,0.0131086,0.00311591
-49.3671,0,0.0135174,0.00583508
-45.5696,0,0.0139392,0.00873941
-41.7722,0,0.0143719,0.01182
-37.9747,0,0.0148131,0.0150659
-34.1772,0,0.0152601,0.0184641
-30.3797,0,0.0157106,0.0219996
-26.5823,0,0.0161617,0.0256557
-22.7848,0,0.0166109,0.029414
-18.9873,0,0.0170553,0.0332548
-15.1899,0,0.0174925,0.0371574
-11.3924,0,0.0179198,0.0410998
-7.59494,0,0.0183347,0.0450597
-3.79747,0,0.0187348,0.0490143
0,0,0.0191179,0.0529404
-300,3.79747,0.00810554,-0.0278832
-296.203,3.79747,0.00803432,-0.0281524
-292.405,3.79747,0.00797493,-0.0283601
-288.608,3.79747,0.00792749,-0.0285081
-284.81,3.79747,0.00789207,-0.0285981
-281.013,3.79747,0.00786863,-0.0286316
-277.215,3.79747,0.00785709,-0.0286105
-273.418,3.79747,0.00785725,-0.0285364
-269.62,3.79747,0.00786883,-0.0284109
-265.823,3.79747,0.00789149,-0.0282359
-262.025,3.79747,0.00792477,-0.028013
-258.228,3.79747,0.00796814,-0.0277441
-254.43,3.79747,0.008021,-0.027431
-250.633,3.79747,0.00808265,-0.0270758
-246.835,3.79747,0.00815233,-0.0266806
-243.038,3.79747,0.0082292,-0.0262478
-239.241,3.79747,0.00831236,-0.0257798
-235.443,3.79747,0.00840087,-0.0252795
-231.646,3.79747,0.00849374,-0.0247498
-227.848,3.79747,0.00858995,-0.024194
-224.051,3.79747,0.00868845,-0.0236158
-220.253,3.79747,0.00878821,-0.0230188
-216.456,3.79747,0.00888818,-0.0224074
-212.658,3.79747,0.00898737,-0.0217858
-208.861,3.79747,0.00908479,-0.0211587
-205.063,3.79747,0.00917955,-0.0205308
-201.266,3.79747,0.00927079,-0.0199071
-197.468,3.79747,0.00935777,-0.0192925
-193.671,3.79747,0.00943985,-0.0186919
-189.873,3.79747,0.00951648,-0.0181102
-186.076,3.79747,0.00958727,-0.0175521
-182.278,3.79747,0.00965198,-0.0170218
-178.481,3.79747,0.00971049,-0.0165232
-174.684,3.79747,0.00976287,-0.0160598
-170.886,3.79747,0.00980934,-0.0156343
-167.089,3.79747,0.00985031,-0.0152485
-163.291,3.79747,0.00988635,-0.0149037
-159.494,3.79747,0.00991821,-0.0146
-155.696,3.79747,0.00994678,-0.0143364
-151.899,3.79747,0.00997314,-0.0141109
-148.101,3.79747,0.00999851,-0.0139203
-144.304,3.79747,0.0100242,-0.0137603
-140.506,3.79747,0.0100518,-0.013625
-136.709,3.79747,0.0100827,-0.0135075
-132.911,3.79747,0.0101186,-0.0133998
-129.114,3.79747,0.0101613,-0.0132925
-125.316,3.79747,0.0102124,-0.0131752
-121.519,3.79747,0.0102736,-0.0130365
-117.722,3.79747,0.0103468,-0.0128643
-113.924,3.79747,0.0104335,-0.0126454
-110.127,3.79747,0.0105353,-0.0123664
-106.329,3.79747,0.0106537,-0.0120133
-102.532,3.79747,0.01079,-0.0115721
-98.7342,3.79747,0.0109454,-0.0110287
-94.9367,3.79747,0.0111209,-0.0103694
-91.1392,3.79747,0.0113173,-0.00958087
-87.3418,3.79747,0.0115351,-0.00865051
-83.5443,3.79747,0.0117746,-0.00756671
-79.7468,3.79747,0.012036,-0.00631899
-75.9494,3.79747,0.0123191,-0.00489824
-72.1519,3.79747,0.0126234,-0.00329693
-68.3544,3.79747,0.0129482,-0.00150922
-64.557,3.79747,0.0132926,0.000468818
-60.7595,3.79747,0.0136554,0.00263912
-56.962,3.79747,0.014035,0.00500152
-53.1646,3.79747,0.0144297,0.00755368
-49.3671,3.79747,0.0148378,0.0102911
-45.5696,3.79747,0.0152571,0.0132069
-41.7722,3.79747,0.0156853,0.0162923
-37.9747,3.79747,0.01612,0.0195363
-34.1772,3.79747,0.0165588,0.0229257
-30.3797,3.79747,0.016999,0.0264457
-26.5823,3.79747,0.017438,0.0300796
-22.7848,3.79747,0.0178732,0.0338091
-18.9873,3.79747,0.0183018,0.0376147
-15.1899,3.79747,0.0187214,0.0414757
-11.3924,3.79747,0.0191293,0.0453704
-7.59494,3.79747,0.0195232,0.0492766
-3.79747,3.79747,0.0199007,0.0531718
0,3.79747,0.0202598,0.0570332
-300,7.59494,0.00866065,-0.0265126
-296.203,7.59494,0.0086011,-0.0267359
-292.405,7.59494,0.00855297,-0.0269001
-288.608,7.59494,0.0085164,-0.0270069
-284.81,7.59494,0.00849142,-0.027058
-281.013,7.59494,0.00847803,-0.0270553
-277.215,7.59494,0.00847614,-0.0270004
-273.418,7.59494,0.00848556,-0.026895
-269.62,7.59494,0.00850605,-0.0267409
-265.823,7.59494,0.00853727,-0.0265396
-262.025,7.59494,0.00857882,-0.0262927
-258.228,7.59494,0.00863018,-0.026002
-254.43,7.59494,0.00869078,-0.0256691
-250.633,7.59494,0.00875998,-0.0252959
-246.835,7.59494,0.00883706,-0.0248842
-243.038,7.59494,0.00892122,-0.0244362
-239.241,7.59494,0.00901162,-0.0239539
-235.443,7.59494,0.00910736,-0.0234399
-231.646,7.59494,0.00920751,-0.0228967
-227.848,7.59494,0.00931111,-0.0223275
-224.051,7.59494,0.00941716,-0.0217352
-220.253,7.59494,0.00952468,-0.0211235
-216.456,7.59494,0.00963268,-0.020496
-212.658,7.59494,0.00974022,-0.0198568
-208.861,7.59494,0.00984636,-0.0192101
-205.063,7.59494,0.00995026,-0.0185604
-201.266,7.59494,0.0100511,-0.0179121
-197.468,7.59494,0.0101482,-0.0172701
-193.671,7.59494,0.0102409,-0.0166389
-189.873,7.59494,0.0103288,-0.0160231
-186.076,7.59494,0.0104114,-0.0154272
-182.278,7.59494,0.0104885,-0.0148553
-178.481,7.59494,0.0105601,-0.0143113
-174.684,7.59494,0.0106262,-0.0137983
-170.886,7.59494,0.010687,-0.0133191
-167.089,7.59494,0.010743,-0.0128757
-163.291,7.59494,0.0107946,-0.0124692
-159.494,7.59494,0.0108426,-0.0120999
-155.696,7.59494,0.0108879,-0.011767
-151.899,7.59494,0.0109316,-0.0114687
-148.101,7.59494,0.0109747,-0.0112021
-144.304,7.59494,0.0110186,-0.0109629
-140.506,7.59494,0.0110646,-0.0107457
-136.709,7.59494,0.0111143,-0.0105442
-132.911,7.59494,0.0111693,-0.0103504
-129.114,7.59494,0.0112311,-0.0101556
-125.316,7.59494,0.0113014,-0.00994966
-121.519,7.59494,0.0113818,-0.00972181
-117.722,7.59494,0.011474,-0.00946024
-113.924,7.59494,0.0115794,-0.00915246
-110.127,7.59494,0.0116996,-0.00878544
-106.329,7.59494,0.0118359,-0.00834578
-102.532,7.59494,0.0119896,-0.0078199
-98.7342,7.59494,0.0121616,-0.00719427
-94.9367,7.59494,0.0123529,-0.00645559
-91.1392,7.59494,0.0125642,-0.00559104
-87.3418,7.59494,0.0127959,-0.00458852
-83.5443,7.59494,0.0130482,-0.00343682
-79.7468,7.59494,0.0133211,-0.00212588
-75.9494,7.59494,0.0136143,-0.000646974
-72.1519,7.59494,0.0139274,0.00100708
-68.3544,7.59494,0.0142594,0.0028418
-64.557,7.59494,0.0146094,0.00486082
-60.7595,7.59494,0.0149761,0.00706583
-56.962,7.59494,0.0153579,0.00945644
-53.1646,7.59494,0.0157531,0.0120301
-49.3671,7.59494,0.0161598,0.0147823
-45.5696,7.59494,0.0165757,0.017706
-41.7722,7.59494,0.0169988,0.0207922
-37.9747,7.59494,0.0174264,0.0240301
-34.1772,7.59494,0.0178561,0.0274064
-30.3797,7.59494,0.0182854,0.0309063
-26.5823,7.59494,0.0187116,0.0345133
-22.7848,7.59494,0.0191321,0.0382092
-18.9873,7.59494,0.0195442,0.0419746
-15.1899,7.59494,0.0199455,0.045789
-11.3924,7.59494,0.0203335,0.0496309
-7.59494,7.59494,0.0207057,0.0534785
-3.79747,7.59494,0.0210601,0.0573092
0,7.59494,0.0213945,0.0611008
-300,11.3924,0.00923808,-0.0250466
-296.203,11.3924,0.00919028,-0.0252237
-292.405,11.3924,0.00915346,-0.0253439
-288.608,11.3924,0.00912775,-0.0254091
-284.81,11.3924,0.00911319,-0.0254213
-281.013,11.3924,0.00910978,-0.0253822
-277.215,11.3924,0.00911744,-0.0252935
-273.418,11.3924,0.009136,-0.0251571
-269.62,11.3924,0.00916523,-0.0249745
-265.823,11.3924,0.00920483,-0.0247473
-262.025,11.3924,0.0092544,-0.0244769
-258.228,11.3924,0.0093135,-0.024165
-254.43,11.3924,0.00938157,-0.0238131
-250.633,11.3924,0.00945801,-0.0234226
-246.835,11.3924,0.00954216,-0.0229954
-243.038,11.3924,0.00963326,-0.022533
-239.241,11.3924,0.00973052,-0.0220376
-235.443,11.3924,0.00983311,-0.0215111
-231.646,11.3924,0.00994014,-0.0209558
-227.848,11.3924,0.0100507,-0.0203744
-224.051,11.3924,0.0101639,-0.0197697
-220.253,11.3924,0.0102787,-0.0191447
-216.456,11.3924,0.0103943,-0.0185028
-212.658,11.3924,0.0105097,-0.0178476
-208.861,11.3924,0.0106241,-0.017183
-205.063,11.3924,0.0107367,-0.0165131
-201.266,11.3924,0.0108467,-0.0158421
-197.468,11.3924,0.0109534,-0.0151744
-193.671,11.3924,0.0110564,-0.0145143
-189.873,11.3924,0.011155,-0.0138662
-186.076,11.3924,0.011249,-0.0132343
-182.278,11.3924,0.0113381,-0.0126225
-178.481,11.3924,0.0114223,-0.0120346
-174.684,11.3924,0.0115017,-0.0114737
-170.886,11.3924,0.0115764,-0.0109425
-167.089,11.3924,0.0116469,-0.0104429
-163.291,11.3924,0.0117138,-0.00997618
-159.494,11.3924,0.0117776,-0.00954267
-155.696,11.3924,0.0118392,-0.00914177
-151.899,11.3924,0.0118997,-0.00877186
-148.101,11.3924,0.0119602,-0.0084302
-144.304,11.3924,0.0120218,-0.00811292
-140.506,11.3924,0.012086,-0.007815
-136.709,11.3924,0.0121541,-0.00753025
-132.911,11.3924,0.0122277,-0.00725131
-129.114,11.3924,0.0123083,-0.00696975
-125.316,11.3924,0.0123974,-0.00667606
-121.519,11.3924,0.0124965,-0.00635983
-117.722,11.3924,0.0126072,-0.00600977
-113.924,11.3924,0.0127309,-0.00561392
-110.127,11.3924,0.0128691,-0.00515977
-106.329,11.3924,0.0130228,-0.00463444
-102.532,11.3924,0.0131933,-0.00402487
-98.7342,11.3924,0.0133814,-0.00331806
-94.9367,11.3924,0.013588,-0.00250121
-91.1392,11.3924,0.0138136,-0.00156201
-87.3418,11.3924,0.0140586,-0.0004888
-83.5443,11.3924,0.0143231,0.000729151
-79.7468,11.3924,0.0146069,0.00210148
-75.9494,11.3924,0.0149097,0.00363652
-72.1519,11.3924,0.0152308,0.0053411
-68.3544,11.3924,0.0155694,0.00722039
-64.557,11.3924,0.0159244,0.00927774
-60.7595,11.3924,0.0162943,0.0115146
-56.962,11.3924,0.0166777,0.0139303
-53.1646,11.3924,0.0170726,0.0165223
-49.3671,11.3924,0.0174771,0.0192856
-45.5696,11.3924,0.0178891,0.0222134
-41.7722,11.3924,0.0183062,0.0252966
-37.9747,11.3924,0.0187261,0.0285242
-34.1772,11.3924,0.0191461,0.0318832
-30.3797,11.3924,0.0195638,0.0353587
-26.5823,11.3924,0.0199765,0.0389343
-22.7848,11.3924,0.0203817,0.042592
-18.9873,11.3924,0.0207767,0.0463125
-15.1899,11.3924,0.0211592,0.0500756
-11.3924,11.3924,0.0215266,0.05386
-7.59494,11.3924,0.0218768,0.0576442
-3.79747,11.3924,0.0222075,0.0614059
0,11.3924,0.0225169,0.065123
-300,15.1899,0.00983584,-0.0234937
-296.203,15.1899,0.00979982,-0.0236242
-292.405,15.1899,0.0097743,-0.0237002
-288.608,15.1899,0.00975941,-0.0237238
-284.81,15.1899,0.0097552,-0.023697
-281.013,15.1899,0.00976167,-0.0236215
-277.215,15.1899,0.00977873,-0.0234994
-273.418,15.1899,0.00980626,-0.0233321
-269.62,15.1899,0.00984404,-0.0231214
-265.823,15.1899,0.00989178,-0.0228686
-262.025,15.1899,0.00994914,-0.0225754
-258.228,15.1899,0.0100157,-0.0222429
-254.43,15.1899,0.0100909,-0.0218726
-250.633,15.1899,0.0101743,-0.0214657
-246.835,15.1899,0.0102651,-0.0210238
-243.038,15.1899,0.0103628,-0.0205483
-239.241,15.1899,0.0104665,-0.0200407
-235.443,15.1899,0.0105755,-0.0195029
-231.646,15.1899,0.010689,-0.0189369
-227.848,15.1899,0.0108061,-0.0183447
-224.051,15.1899,0.0109259,-0.0177289
-220.253,15.1899,0.0110476,-0.0170921
-216.456,15.1899,0.0111703,-0.0164373
-212.658,15.1899,0.0112931,-0.0157679
-208.861,15.1899,0.0114153,-0.0150871
-205.063,15.1899,0.0115361,-0.0143988
-201.266,15.1899,0.0116547,-0.0137069
-197.468,15.1899,0.0117706,-0.0130153
-193.671,15.1899,0.0118832,-0.0123282
-189.873,15.1899,0.0119921,-0.0116496
-186.076,15.1899,0.012097,-0.0109836
-182.278,15.1899,0.0121976,-0.0103339
-178.481,15.1899,0.012294,-0.00970396
-174.684,15.1899,0.0123861,-0.00909696
-170.886,15.1899,0.0124743,-0.00851547
-167.089,15.1899,0.0125589,-0.00796147
-163.291,15.1899,0.0126404,-0.00743622
-159.494,15.1899,0.0127195,-0.00694019
-155.696,15.1899,0.012797,-0.0064729
-151.899,15.1899,0.0128739,-0.00603294
-148.101,15.1899,0.0129512,-0.00561781
-144.304,15.1899,0.0130301,-0.00522393
-140.506,15.1899,0.0131119,-0.00484662
-136.709,15.1899,0.013198,-0.00448005
-132.911,15.1899,0.0132897,-0.00411729
-129.114,15.1899,0.0133885,-0.00375032
-125.316,15.1899,0.0134958,-0.00337014
-121.519,15.1899,0.0136131,-0.0029668
-117.722,15.1899,0.0137419,-0.00252955
-113.924,15.1899,0.0138833,-0.00204694
-110.127,15.1899,0.0140388,-0.00150699
-106.329,15.1899,0.0142094,-0.000897384
-102.532,15.1899,0.0143961,-0.000205597
-98.7342,15.1899,0.0145997,0.000580858
-94.9367,15.1899,0.014821,0.00147424
-91.1392,15.1899,0.0150603,0.00248636
-87.3418,15.1899,0.0153179,0.00362837
-83.5443,15.1899,0.0155939,0.00491056
-79.7468,15.1899,0.0158879,0.00634212
-75.9494,15.1899,0.0161996,0.00793097
-72.1519,15.1899,0.0165281,0.00968358
-68.3544,15.1899,0.0168725,0.0116048
-64.557,15.1899,0.0172317,0.0136976
-60.7595,15.1899,0.0176042,0.0159632
-56.962,15.1899,0.0179884,0.0184009
-53.1646,15.1899,0.0183823,0.0210077
-49.3671,15.1899,0.018784,0.0237787
-45.5696,15.1899,0.0191913,0.0267069
-41.7722,15.1899,0.0196018,0.0297832
-37.9747,15.1899,0.0200132,0.0329966
-34.1772,15.1899,0.0204229,0.036334
-30.3797,15.1899,0.0208284,0.0397809
-26.5823,15.1899,0.0212271,0.0433208
-22.7848,15.1899,0.0216164,0.0469359
-18.9873,15.1899,0.0219939,0.0506072
-15.1899,15.1899,0.022357,0.0543145
-11.3924,15.1899,0.0227035,0.0580371
-7.59494,15.1899,0.0230312,0.0617535
-3.79747,15.1899,0.0233379,0.0654419
0,15.1899,0.0236219,0.0690805
-300,18.9873,0.0104519,-0.0218624
-296.203,18.9873,0.0104276,-0.0219463
-292.405,18.9873,0.0104134,-0.0219781
-288.608,18.9873,0.0104092,-0.0219601
-284.81,18.9873,0.0104153,-0.0218944
-281.013,18.9873,0.0104315,-0.0217828
-277.215,18.9873,0.0104578,-0.0216274
-273.418,18.9873,0.0104941,-0.0214296
-269.62,18.9873,0.0105402,-0.0211912
-265.823,18.9873,0.0105958,-0.0209135
-262.025,18.9873,0.0106607,-0.0205978
-258.228,18.9873,0.0107343,-0.0202454
-254.43,18.9873,0.0108164,-0.0198575
-250.633,18.9873,0.0109063,-0.0194351
-246.835,18.9873,0.0110035,-0.0189794
-243.038,18.9873,0.0111073,-0.0184916
-239.241,18.9873,0.0112171,-0.0179731
-235.443,18.9873,0.0113321,-0.0174252
-231.646,18.9873,0.0114516,-0.0168495
-227.848,18.9873,0.0115747,-0.0162479
-224.051,18.9873,0.0117007,-0.0156225
-220.253,18.9873,0.0118288,-0.0149754
-216.456,18.9873,0.0119581,-0.0143094
-212.658,18.9873,0.0120878,-0.0136273
-208.861,18.9873,0.0122173,-0.0129321
-205.063,18.9873,0.0123457,-0.0122272
-201.266,18.9873,0.0124724,-0.0115161
-197.468,18.9873,0.0125969,-0.0108026
-193.671,18.9873,0.0127187,-0.0100904
-189.873,18.9873,0.0128373,-0.00938336
-186.076,18.9873,0.0129525,-0.00868517
-182.278,18.9873,0.0130641,-0.00799945
-178.481,18.9873,0.013172,-0.00732956
-174.684,18.9873,0.0132764,-0.00667847
-170.886,18.9873,0.0133774,-0.00604874
-167.089,18.9873,0.0134755,-0.00544233
-163.291,18.9873,0.0135712,-0.00486056
-159.494,18.9873,0.013665,-0.00430396
-155.696,18.9873,0.0137578,-0.00377223
-151.899,18.9873,0.0138505,-0.00326412
-148.101,18.9873,0.0139441,-0.0027774
-144.304,18.9873,0.0140397,-0.00230878
-140.506,18.9873,0.0141386,-0.00185389
-136.709,18.9873,0.0142419,-0.0014073
-132.911,18.9873,0.0143511,-0.000962485
-129.114,18.9873,0.0144676,-0.000511882
-125.316,18.9873,0.0145925,-4.69518e-05
-121.519,18.9873,0.0147274,0.000441743
-117.722,18.9873,0.0148735,0.000964438
-113.924,18.9873,0.015032,0.00153204
-110.127,18.9873,0.0152042,0.00215596
-106.329,18.9873,0.0153909,0.002848
-102.532,18.9873,0.0155931,0.00362011
-98.7342,18.9873,0.0158116,0.00448423
-94.9367,18.9873,0.0160468,0.00545209
-91.1392,18.9873,0.0162991,0.00653498
-87.3418,18.9873,0.0165687,0.00774356
-83.5443,18.9873,0.0168554,0.00908762
-79.7468,18.9873,0.0171588,0.0105759
-75.9494,18.9873,0.0174786,0.012216
-72.1519,18.9873,0.0178138,0.0140138
-68.3544,18.9873,0.0181633,0.015974
-64.557,18.9873,0.018526,0.0180993
-60.7595,18.9873,0.0189003,0.0203906
-56.962,18.9873,0.0192845,0.0228468
-53.1646,18.9873,0.0196767,0.025465
-49.3671,18.9873,0.0200749,0.02824
-45.5696,18.9873,0.0204768,0.0311649
-41.7722,18.9873,0.0208802,0.0342305
-37.9747,18.9873,0.0212825,0.0374257
-34.1772,18.9873,0.0216812,0.0407377
-30.3797,18.9873,0.022074,0.0441519
-26.5823,18.9873,0.0224581,0.047652
-22.7848,18.9873,0.0228311,0.0512204
-18.9873,18.9873,0.0231905,0.0548383
-15.1899,18.9873,0.0235339,0.0584859
-11.3924,18.9873,0.0238591,0.0621426
-7.59494,18.9873,0.024164,0.0657873
-3.79747,18.9873,0.0244465,0.0693986
0,18.9873,0.024705,0.0729549
-300,22.7848,0.0110842,-0.0201614
-296.203,22.7848,0.0110717,-0.0201988
-292.405,22.7848,0.0110686,-0.0201866
-288.608,22.7848,0.0110751,-0.0201272
-284.81,22.7848,0.0110912,-0.0200228
-281.013,22.7848,0.011117,-0.0198755
-277.215,22.7848,0.0111523,-0.019687
-273.418,22.7848,0.0111972,-0.0194592
-269.62,22.7848,0.0112513,-0.0191936
-265.823,22.7848,0.0113146,-0.0188915
-262.025,22.7848,0.0113866,-0.018554
-258.228,22.7848,0.0114671,-0.0181824
-254.43,22.7848,0.0115557,-0.0177776
-250.633,22.7848,0.0116518,-0.0173404
-246.835,22.7848,0.0117549,-0.0168719
-243.038,22.7848,0.0118645,-0.0163728
-239.241,22.7848,0.0119799,-0.0158443
-235.443,22.7848,0.0121004,-0.0152874
-231.646,22.7848,0.0122254,-0.0147034
-227.848,22.7848,0.0123542,-0.0140937
-224.051,22.7848,0.0124859,-0.01346
-220.253,22.7848,0.0126198,-0.0128041
-216.456,22.7848,0.0127551,-0.0121284
-212.658,22.7848,0.0128912,-0.0114352
-208.861,22.7848,0.0130274,-0.0107272
-205.063,22.7848,0.0131629,-0.0100075
-201.266,22.7848,0.0132972,-0.00927918
-197.468,22.7848,0.0134297,-0.00854563
-193.671,22.7848,0.0135601,-0.00781032
-189.873,22.7848,0.0136878,-0.00707678
-186.076,22.7848,0.0138128,-0.00634852
-182.278,22.7848,0.0139347,-0.00562893
-178.481,22.7848,0.0140536,-0.0049212
-174.684,22.7848,0.0141696,-0.00422821
-170.886,22.7848,0.0142829,-0.00355244
-167.089,22.7848,0.0143939,-0.00289584
-163.291,22.7848,0.0145031,-0.00225977
-159.494,22.7848,0.014611,-0.00164484
-155.696,22.7848,0.0147185,-0.00105089
-151.899,22.7848,0.0148263,-0.000476871
-148.101,22.7848,0.0149356,7.92205e-05
-144.304,22.7848,0.0150472,0.000620379
-140.506,22.7848,0.0151624,0.00115063
-136.709,22.7848,0.0152824,0.00167505
-132.911,22.7848,0.0154084,0.00219973
-129.114,22.7848,0.0155418,0.0027318
-125.316,22.7848,0.0156837,0.00327929
-121.519,22.7848,0.0158354,0.00385115
-117.722,22.7848,0.0159981,0.00445708
-113.924,22.7848,0.0161729,0.00510745
-110.127,22.7848,0.016361,0.0058131
-106.329,22.7848,0.0165631,0.00658528
-102.532,22.7848,0.0167801,0.00743538
-98.7342,22.7848,0.0170125,0.00837478
-94.9367,22.7848,0.0172609,0.00941467
-91.1392,22.7848,0.0175254,0.0105658
-87.3418,22.7848,0.017806,0.0118383
-83.5443,22.7848,0.0181026,0.0132416
-79.7468,22.7848,0.0184148,0.0147838
-75.9494,22.7848,0.0187418,0.0164722
-72.1519,22.7848,0.0190828,0.0183123
-68.3544,22.7848,0.0194367,0.0203084
-64.557,22.7848,0.0198021,0.0224629
-60.7595,22.7848,0.0201774,0.0247764
-56.962,22.7848,0.0205609,0.0272478
-53.1646,22.7848,0.0209507,0.0298739
-49.3671,22.7848,0.0213447,0.0326494
-45.5696,22.7848,0.0217406,0.0355673
-41.7722,22.7848,0.0221361,0.0386183
-37.9747,22.7848,0.0225287,0.0417916
-34.1772,22.7848,0.022916,0.0450743
-30.3797,22.7848,0.0232954,0.0484519
-26.5823,22.7848,0.0236645,0.0519083
-22.7848,22.7848,0.0240207,0.0554262
-18.9873,22.7848,0.0243617,0.058987
-15.1899,22.7848,0.0246852,0.0625711
-11.3924,22.7848,0.0249888,0.0661583
-7.59494,22.7848,0.0252707,0.0697277
-3.79747,22.7848,0.0255289,0.0732584
0,22.7848,0.0257618,0.0767293
-300,26.5823,0.0117309,-0.0183994
-296.203,26.5823,0.0117299,-0.0183904
-292.405,26.5823,0.0117379,-0.0183345
-288.608,26.5823,0.0117548,-0.0182341
-284.81,26.5823,0.0117809,-0.0180914
-281.013,26.5823,0.011816,-0.0179087
-277.215,26.5823,0.0118602,-0.0176878
-273.418,26.5823,0.0119133,-0.0174305
-269.62,26.5823,0.0119753,-0.0171382
-265.823,26.5823,0.0120458,-0.0168122
-262.025,26.5823,0.0121248,-0.0164536
-258.228,26.5823,0.0122117,-0.0160635
-254.43,26.5823,0.0123064,-0.0156425
-250.633,26.5823,0.0124083,-0.0151914
-246.835,26.5823,0.012517,-0.0147108
-243.038,26.5823,0.0126319,-0.0142014
-239.241,26.5823,0.0127525,-0.0136639
-235.443,26.5823,0.0128781,-0.0130991
-231.646,26.5823,0.0130082,-0.0125078
-227.848,26.5823,0.013142,-0.0118912
-224.051,26.5823,0.0132789,-0.0112505
-220.253,26.5823,0.0134181,-0.0105872
-216.456,26.5823,0.013559,-0.00990325
-212.658,26.5823,0.013701,-0.00920056
-208.861,26.5823,0.0138433,-0.00848151
-205.063,26.5823,0.0139853,-0.00774869
-201.266,26.5823,0.0141266,-0.00700493
-197.468,26.5823,0.0142666,-0.00625324
-193.671,26.5823,0.0144049,-0.0054968
-189.873,26.5823,0.0145412,-0.00473885
-186.076,26.5823,0.0146753,-0.00398265
-182.278,26.5823,0.0148069,-0.00323138
-178.481,26.5823,0.0149362,-0.00248808
-174.684,26.5823,0.0150632,-0.00175551
-170.886,26.5823,0.0151881,-0.00103606
-167.089,26.5823,0.0153113,-0.000331679
-163.291,26.5823,0.0154333,0.000356263
-159.494,26.5823,0.0155546,0.00102705
-155.696,26.5823,0.015676,0.00168072
-151.899,26.5823,0.0157983,0.00231814
-148.101,26.5823,0.0159225,0.00294107
-144.304,26.5823,0.0160494,0.00355222
-140.506,26.5823,0.0161802,0.00415529
-136.709,26.5823,0.0163161,0.00475497
-132.911,26.5823,0.0164582,0.00535695
-129.114,26.5823,0.0166076,0.00596788
-125.316,26.5823,0.0167656,0.00659535
-121.519,26.5823,0.0169333,0.00724777
-117.722,26.5823,0.0171118,0.00793432
-113.924,26.5823,0.0173022,0.0086648
-110.127,26.5823,0.0175053,0.00944952
-106.329,26.5823,0.0177219,0.0102991
-102.532,26.5823,0.0179528,0.0112245
-98.7342,26.5823,0.0181984,0.0122364
-94.9367,26.5823,0.018459,0.0133455
-91.1392,26.5823,0.0187348,0.0145619
-87.3418,26.5823,0.0190257,0.0158955
-83.5443,26.5823,0.0193313,0.0173549
-79.7468,26.5823,0.0196513,0.018948
-75.9494,26.5823,0.0199847,0.0206815
-72.1519,26.5823,0.0203307,0.0225607
-68.3544,26.5823,0.020688,0.0245893
-64.557,26.5823,0.0210553,0.0267697
-60.7595,26.5823,0.0214309,0.0291021
-56.962,26.5823,0.021813,0.0315852
-53.1646,26.5823,0.0221996,0.0342155
-49.3671,26.5823,0.0225887,0.0369879
-45.5696,26.5823,0.0229779,0.0398951
-41.7722,26.5823,0.0233649,0.042928
-37.9747,26.5823,0.0237473,0.0460756
-34.1772,26.5823,0.0241226,0.0493253
-30.3797,26.5823,0.0244883,0.0526626
-26.5823,26.5823,0.0248419,0.0560718
-22.7848,26.5823,0.0251811,0.0595356
-18.9873,26.5823,0.0255034,0.0630357
-15.1899,26.5823,0.0258065,0.0665529
-11.3924,26.5823,0.0260885,0.0700672
-7.59494,26.5823,0.0263473,0.0735583
-3.79747,26.5823,0.0265811,0.0770055
0,26.5823,0.0267884,0.080388
-300,30.3797,0.0123898,-0.0165846
-296.203,30.3797,0.0124003,-0.0165299
-292.405,30.3797,0.0124192,-0.0164307
-288.608,30.3797,0.0124464,-0.0162897
-284.81,30.3797,0.0124822,-0.0161094
-281.013,30.3797,0.0125264,-0.0158918
-277.215,30.3797,0.0125792,-0.015639
-273.418,30.3797,0.0126404,-0.0153527
-269.62,30.3797,0.0127098,-0.0150343
-265.823,30.3797,0.0127874,-0.0146851
-262.025,30.3797,0.0128729,-0.014306
-258.228,30.3797,0.012966,-0.013898
-254.43,30.3797,0.0130664,-0.0134615
-250.633,30.3797,0.0131737,-0.0129972
-246.835,30.3797,0.0132875,-0.0125054
-243.038,30.3797,0.0134074,-0.0119866
-239.241,30.3797,0.0135327,-0.011441
-235.443,30.3797,0.013663,-0.0108692
-231.646,30.3797,0.0137976,-0.0102718
-227.848,30.3797,0.0139361,-0.00964934
-224.051,30.3797,0.0140776,-0.00900288
-220.253,30.3797,0.0142217,-0.00833352
-216.456,30.3797,0.0143676,-0.00764266
-212.658,30.3797,0.0145148,-0.00693197
-208.861,30.3797,0.0146627,-0.00620341
-205.063,30.3797,0.0148108,-0.00545918
-201.266,30.3797,0.0149584,-0.00470175
-197.468,30.3797,0.0151053,-0.00393382
-193.671,30.3797,0.015251,-0.00315822
-189.873,30.3797,0.0153952,-0.00237792
-186.076,30.3797,0.0155377,-0.00159594
-182.278,30.3797,0.0156784,-0.000815261
-178.481,30.3797,0.0158174,-3.87262e-05
-174.684,30.3797,0.0159546,0.000731021
-170.886,30.3797,0.0160905,0.00149165
-167.089,30.3797,0.0162252,0.00224126
-163.291,30.3797,0.0163593,0.00297845
-159.494,30.3797,0.0164933,0.00370242
-155.696,30.3797,0.0166279,0.00441309
-151.899,30.3797,0.0167638,0.00511113
-148.101,30.3797,0.0169021,0.00579809
-144.304,30.3797,0.0170435,0.00647639
-140.506,30.3797,0.0171891,0.00714939
-136.709,30.3797,0.01734,0.00782143
-132.911,30.3797,0.0174972,0.00849778
-129.114,30.3797,0.0176619,0.00918464
-125.316,30.3797,0.0178352,0.0098891
-121.519,30.3797,0.018018,0.0106191
-117.722,30.3797,0.0182114,0.0113832
-113.924,30.3797,0.0184163,0.0121908
-110.127,30.3797,0.0186335,0.0130515
-106.329,30.3797,0.0188638,0.0139755
-102.532,30.3797,0.0191076,0.014973
-98.7342,30.3797,0.0193653,0.0160542
-94.9367,30.3797,0.0196373,0.0172293
-91.1392,30.3797,0.0199234,0.0185079
-87.3418,30.3797,0.0202236,0.0198992
-83.5443,30.3797,0.0205374,0.0214114
-79.7468,30.3797,0.0208642,0.0230521
-75.9494,30.3797,0.0212032,0.0248273
-72.1519,30.3797,0.0215533,0.0267421
-68.3544,30.3797,0.0219132,0.0287999
-64.557,30.3797,0.0222816,0.0310026
-60.7595,30.3797,0.0226566,0.0333503
-56.962,30.3797,0.0230365,0.0358414
-53.1646,30.3797,0.0234193,0.0384725
-49.3671,30.3797,0.0238027,0.0412381
-45.5696,30.3797,0.0241846,0.044131
-41.7722,30.3797,0.0245626,0.0471422
-37.9747,30.3797,0.0249342,0.0502606
-34.1772,30.3797,0.025297,0.0534737
-30.3797,30.3797,0.0256485,0.0567673
-26.5823,30.3797,0.0259864,0.0601258
-22.7848,30.3797,0.0263081,0.0635322
-18.9873,30.3797,0.0266115,0.0669684
-15.1899,30.3797,0.0268943,0.0704157
-11.3924,30.3797,0.0271545,0.0738543
-7.59494,30.3797,0.0273902,0.0772642
-3.79747,30.3797,0.0275997,0.0806252
0,30.3797,0.0277816,0.0839171
-300,34.1772,0.0130592,-0.0147255
-296.203,34.1772,0.013081,-0.0146256
-292.405,34.1772,0.0131105,-0.0144838
-288.608,34.1772,0.0131479,-0.0143029
-284.81,34.1772,0.0131931,-0.0140854
-281.013,34.1772,0.0132463,-0.0138337
-277.215,34.1772,0.0133073,-0.0135495
-273.418,34.1772,0.0133762,-0.0132348
-269.62,34.1772,0.0134529,-0.012891
-265.823,34.1772,0.0135372,-0.0125192
-262.025,34.1772,0.0136289,-0.0121203
-258.228,34.1772,0.0137278,-0.011695
-254.43,34.1772,0.0138336,-0.0112437
-250.633,34.1772,0.0139459,-0.0107669
-246.835,34.1772,0.0140645,-0.0102646
-243.038,34.1772,0.0141888,-0.00973707
-239.241,34.1772,0.0143185,-0.00918428
-235.443,34.1772,0.0144529,-0.00860643
-231.646,34.1772,0.0145917,-0.00800373
-227.848,34.1772,0.0147342,-0.00737656
-224.051,34.1772,0.01488,-0.00672544
-220.253,34.1772,0.0150284,-0.00605116
-216.456,34.1772,0.0151788,-0.00535473
-212.658,34.1772,0.0153308,-0.00463744
-208.861,34.1772,0.0154837,-0.00390085
-205.063,34.1772,0.0156371,-0.00314681
-201.266,34.1772,0.0157906,-0.00237744
-197.468,34.1772,0.0159437,-0.00159507
-193.671,34.1772,0.0160961,-0.000802261
-189.873,34.1772,0.0162476,-1.68202e-06
-186.076,34.1772,0.0163979,0.000803902
-182.278,34.1772,0.0165471,0.00161173
-178.481,34.1772,0.016695,0.00241911
-174.684,34.1772,0.0168418,0.00322354
-170.886,34.1772,0.0169878,0.00402277
-167.089,34.1772,0.0171333,0.00481492
-163.291,34.1772,0.0172787,0.00559858
-159.494,34.1772,0.0174246,0.00637289
-155.696,34.1772,0.0175716,0.00713762
-151.899,34.1772,0.0177204,0.0078933
-148.101,34.1772,0.0178719,0.00864123
-144.304,34.1772,0.0180269,0.00938356
-140.506,34.1772,0.0181865,0.0101233
-136.709,34.1772,0.0183515,0.0108645
-132.911,34.1772,0.018523,0.011612
-129.114,34.1772,0.018702,0.0123715
-125.316,34.1772,0.0188895,0.0131496
-121.519,34.1772,0.0190865,0.0139538
-117.722,34.1772,0.0192938,0.0147922
-113.924,34.1772,0.0195123,0.0156735
-110.127,34.1772,0.0197426,0.0166068
-106.329,34.1772,0.0199855,0.0176016
-102.532,34.1772,0.0202412,0.0186678
-98.7342,34.1772,0.0205102,0.0198149
-94.9367,34.1772,0.0207924,0.0210524
-91.1392,34.1772,0.0210879,0.0223897
-87.3418,34.1772,0.0213964,0.0238351
-83.5443,34.1772,0.0217173,0.0253967
-79.7468,34.1772,0.0220501,0.0270812
-75.9494,34.1772,0.0223936,0.0288946
-72.1519,34.1772,0.0227469,0.0308414
-68.3544,34.1772,0.0231086,0.0329247
-64.557,34.1772,0.0234771,0.0351461
-60.7595,34.1772,0.0238508,0.0375055
-56.962,34.1772,0.0242278,0.0400011
-53.1646,34.1772,0.0246059,0.0426292
-49.3671,34.1772,0.0249831,0.0453845
-45.5696,34.1772,0.025357,0.0482596
-41.7722,34.1772,0.0257254,0.0512455
-37.9747,34.1772,0.0260857,0.0543313
-34.1772,34.1772,0.0264356,0.0575045
-30.3797,34.1772,0.0267726,0.0607511
-26.5823,34.1772,0.0270944,0.0640557
-22.7848,34.1772,0.0273985,0.0674017
-18.9873,34.1772,0.0276828,0.0707712
-15.1899,34.1772,0.0279452,0.0741457
-11.3924,34.1772,0.0281836,0.0775059
-7.59494,34.1772,0.0283963,0.0808323
-3.79747,34.1772,0.0285817,0.084105
0,34.1772,0.0287383,0.0873043
-300,37.9747,0.0137371,-0.01283
-296.203,37.9747,0.01377,-0.0126856
-292.405,37.9747,0.01381,-0.012502
-288.608,37.9747,0.0138573,-0.0122819
-284.81,37.9747,0.0139118,-0.0120281
-281.013,37.9747,0.0139736,-0.0117428
-277.215,37.9747,0.0140426,-0.011428
-273.418,37.9747,0.014119,-0.0110856
-269.62,37.9747,0.0142026,-0.010717
-265.823,37.9747,0.0142932,-0.0103232
-262.025,37.9747,0.0143908,-0.00990502
-258.228,37.9747,0.0144951,-0.00946311
-254.43,37.9747,0.0146059,-0.00899774
-250.633,37.9747,0.0147229,-0.00850903
-246.835,37.9747,0.0148458,-0.00799694
-243.038,37.9747,0.0149743,-0.00746133
-239.241,37.9747,0.0151078,-0.00690204
-235.443,37.9747,0.015246,-0.0063189
-231.646,37.9747,0.0153885,-0.0057118
-227.848,37.9747,0.0155347,-0.00508077
-224.051,37.9747,0.0156841,-0.00442599
-220.253,37.9747,0.0158363,-0.00374786
-216.456,37.9747,0.0159907,-0.00304702
-212.658,37.9747,0.0161469,-0.00232439
-208.861,37.9747,0.0163043,-0.00158116
-205.063,37.9747,0.0164626,-0.000818819
-201.266,37.9747,0.0166213,-3.91233e-05
-197.468,37.9747,0.01678,0.000755913
-193.671,37.9747,0.0169386,0.00156406
-189.873,37.9747,0.0170967,0.00238291
-186.076,37.9747,0.0172542,0.00320995
-182.278,37.9747,0.017411,0.00404264
-178.481,37.9747,0.0175672,0.00487846
-174.684,37.9747,0.0177229,0.00571504
-170.886,37.9747,0.0178783,0.00655021
-167.089,37.9747,0.0180338,0.00738214
-163.291,37.9747,0.0181897,0.00820939
-159.494,37.9747,0.0183467,0.00903103
-155.696,37.9747,0.0185052,0.00984675
-151.899,37.9747,0.018666,0.0106569
-148.101,37.9747,0.0188298,0.0114625
-144.304,37.9747,0.0189976,0.0122655
-140.506,37.9747,0.0191701,0.0130687
-136.709,37.9747,0.0193483,0.0138755
-132.911,37.9747,0.0195331,0.0146906
-129.114,37.9747,0.0197254,0.0155191
-125.316,37.9747,0.0199262,0.0163673
-121.519,37.9747,0.0201363,0.0172421
-117.722,37.9747,0.0203565,0.018151
-113.924,37.9747,0.0205875,0.0191022
-110.127,37.9747,0.02083,0.0201043
-106.329,37.9747,0.0210843,0.0211663
-102.532,37.9747,0.0213509,0.0222974
-98.7342,37.9747,0.02163,0.0235065
-94.9367,37.9747,0.0219216,0.0248028
-91.1392,37.9747,0.0222254,0.0261948
-87.3418,37.9747,0.0225411,0.0276907
-83.5443,37.9747,0.0228682,0.0292977
-79.7468,37.9747,0.0232058,0.0310224
-75.9494,37.9747,0.023553,0.0328701
-72.1519,37.9747,0.0239085,0.0348451
-68.3544,37.9747,0.024271,0.0369502
-64.557,37.9747,0.0246389,0.0391865
-60.7595,37.9747,0.0250104,0.0415539
-56.962,37.9747,0.0253836,0.0440503
-53.1646,37.9747,0.0257564,0.046672
-49.3671,37.9747,0.0261267,0.0494134
-45.5696,37.9747,0.0264921,0.0522672
-41.7722,37.9747,0.0268503,0.0552244
-37.9747,37.9747,0.0271989,0.0582742
-34.1772,37.9747,0.0275355,0.0614044
-30.3797,37.9747,0.0278576,0.064601
-26.5823,37.9747,0.0281631,0.0678488
-22.7848,37.9747,0.0284494,0.0711315
-18.9873,37.9747,0.0287146,0.0744316
-15.1899,37.9747,0.0289565,0.077731
-11.3924,37.9747,0.0291732,0.0810107
-7.59494,37.9747,0.029363,0.0842515
-3.79747,37.9747,0.0295245,0.0874341
0,37.9747,0.0296562,0.0905392
-300,41.7722,0.0144218,-0.0109057
-296.203,41.7722,0.0144656,-0.0107178
-292.405,41.7722,0.0145159,-0.0104932
-288.608,41.7722,0.0145728,-0.0102348
-284.81,41.7722,0.0146363,-0.00994538
-281.013,41.7722,0.0147064,-0.00962731
-277.215,41.7722,0.0147833,-0.0092827
-273.418,41.7722,0.0148668,-0.00891328
-269.62,41.7722,0.014957,-0.00852046
-265.823,41.7722,0.0150537,-0.00810529
-262.025,41.7722,0.0151568,-0.00766852
-258.228,41.7722,0.0152662,-0.00721058
-254.43,41.7722,0.0153816,-0.00673162
-250.633,41.7722,0.0155029,-0.0062316
-246.835,41.7722,0.0156298,-0.00571025
-243.038,41.7722,0.0157619,-0.0051672
-239.241,41.7722,0.0158989,-0.00460202
-235.443,41.7722,0.0160405,-0.00401424
-231.646,41.7722,0.0161862,-0.00340345
-227.848,41.7722,0.0163356,-0.00276933
-224.051,41.7722,0.0164883,-0.00211172
-220.253,41.7722,0.0166438,-0.00143068
-216.456,41.7722,0.0168017,-0.000726466
-212.658,41.7722,0.0169616,3.61512e-07
-208.861,41.7722,0.017123,0.000748972
-205.063,41.7722,0.0172855,0.00151824
-201.266,41.7722,0.0174489,0.00230674
-197.468,41.7722,0.0176127,0.00311279
-193.671,41.7722,0.0177767,0.00393447
-189.873,41.7722,0.0179408,0.00476964
-186.076,41.7722,0.0181048,0.00561605
-182.278,41.7722,0.0182686,0.00647135
-178.481,41.7722,0.0184324,0.00733322
-174.684,41.7722,0.0185963,0.0081994
-170.886,41.7722,0.0187603,0.00906782
-167.089,41.7722,0.018925,0.00993669
-163.291,41.7722,0.0190907,0.0108046
-159.494,41.7722,0.0192578,0.0116705
-155.696,41.7722,0.019427,0.0125339
-151.899,41.7722,0.0195989,0.0133952
-148.101,41.7722,0.0197742,0.0142551
-144.304,41.7722,0.0199537,0.0151152
-140.506,41.7722,0.0201382,0.0159781
-136.709,41.7722,0.0203286,0.0168469
-132.911,41.7722,0.0205257,0.0177258
-129.114,41.7722,0.0207303,0.0186196
-125.316,41.7722,0.0209433,0.0195339
-121.519,41.7722,0.0211654,0.0204753
-117.722,41.7722,0.0213974,0.0214508
-113.924,41.7722,0.0216399,0.0224679
-110.127,41.7722,0.0218933,0.0235348
-106.329,41.7722,0.0221581,0.0246599
-102.532,41.7722,0.0224345,0.0258518
-98.7342,41.7722,0.0227226,0.027119
-94.9367,41.7722,0.0230223,0.0284699
-91.1392,41.7722,0.0233333,0.0299126
-87.3418,41.7722,0.0236553,0.0314548
-83.5443,41.7722,0.0239874,0.0331033
-79.7468,41.7722,0.0243289,0.0348642
-75.9494,41.7722,0.0246787,0.0367423
-72.1519,41.7722,0.0250356,0.0387416
-68.3544,41.7722,0.025398,0.0408646
-64.557,41.7722,0.0257643,0.0431121
-60.7595,41.7722,0.0261328,0.0454837
-56.962,41.7722,0.0265015,0.0479773
-53.1646,41.7722,0.0268683,0.0505888
-49.3671,41.7722,0.027231,0.0533129
-45.5696,41.7722,0.0275873,0.056142
-41.7722,41.7722,0.0279348,0.0590673
-37.9747,41.7722,0.0282712,0.0620781
-34.1772,41.7722,0.0285942,0.0651621
-30.3797,41.7722,0.0289012,0.0683058
-26.5823,41.7722,0.0291901,0.0714942
-22.7848,41.7722,0.0294586,0.0747111
-18.9873,41.7722,0.0297046,0.0779396
-15.1899,41.7722,0.0299261,0.0811617
-11.3924,41.7722,0.0301212,0.0843589
-7.59494,41.7722,0.0302885,0.0875126
-3.79747,41.7722,0.0304263,0.0906037
0,41.7722,0.0305336,0.0936134
-300,45.5696,0.0151117,-0.00895985
-296.203,45.5696,0.0151662,-0.00872945
-292.405,45.5696,0.0152265,-0.00846483
-288.608,45.5696,0.0152927,-0.00816906
-284.81,45.5696,0.0153649,-0.00784495
-281.013,45.5696,0.0154431,-0.00749496
-277.215,45.5696,0.0155275,-0.00712123
-273.418,45.5696,0.0156178,-0.00672551
-269.62,45.5696,0.0157143,-0.00630919
-265.823,45.5696,0.0158167,-0.00587328
-262.025,45.5696,0.0159251,-0.00541844
-258.228,45.5696,0.0160392,-0.00494499
-254.43,45.5696,0.016159,-0.00445295
-250.633,45.5696,0.0162843,-0.00394209
-246.835,45.5696,0.0164147,-0.00341196
-243.038,45.5696,0.0165502,-0.00286195
-239.241,45.5696,0.0166903,-0.00229137
-235.443,45.5696,0.0168348,-0.00169948
-231.646,45.5696,0.0169833,-0.00108555
-227.848,45.5696,0.0171355,-0.000448974
-224.051,45.5696,0.017291,0.000210755
-220.253,45.5696,0.0174494,0.000893937
-216.456,45.5696,0.0176103,0.00160064
-212.658,45.5696,0.0177734,0.00233068
-208.861,45.5696,0.0179383,0.00308356
-205.063,45.5696,0.0181045,0.0038585
-201.266,45.5696,0.018272,0.00465442
-197.468,45.5696,0.0184403,0.00546996
-193.671,45.5696,0.0186092,0.00630347
-189.873,45.5696,0.0187787,0.0071531
-186.076,45.5696,0.0189485,0.00801685
-182.278,45.5696,0.0191187,0.00889258
-178.481,45.5696,0.0192894,0.00977812
-174.684,45.5696,0.0194606,0.0106714
-170.886,45.5696,0.0196326,0.0115704
-167.089,45.5696,0.0198056,0.0124733
-163.291,45.5696,0.0199802,0.0133788
-159.494,45.5696,0.0201567,0.0142858
-155.696,45.5696,0.0203357,0.0151937
-151.899,45.5696,0.0205177,0.0161026
-148.101,45.5696,0.0207035,0.0170132
-144.304,45.5696,0.0208938,0.0179268
-140.506,45.5696,0.0210894,0.0188456
-136.709,45.5696,0.0212909,0.0197725
-132.911,45.5696,0.0214992,0.0207112
-129.114,45.5696,0.0217151,0.0216661
-125.316,45.5696,0.0219392,0.0226425
-121.519,45.5696,0.0221723,0.0236464
-117.722,45.5696,0.0224149,0.0246841
-113.924,45.5696,0.0226677,0.025763
-110.127,45.5696,0.0229309,0.0268904
-106.329,45.5696,0.023205,0.0280743
-102.532,45.5696,0.02349,0.0293227
-98.7342,45.5696,0.023786,0.0306436
-94.9367,45.5696,0.0240927,0.0320449
-91.1392,45.5696,0.0244099,0.0335342
-87.3418,45.5696,0.0247369,0.0351185
-83.5443,45.5696,0.0250731,0.0368043
-79.7468,45.5696,0.0254174,0.0385971
-75.9494,45.5696,0.0257689,0.0405016
-72.1519,45.5696,0.026126,0.0425212
-68.3544,45.5696,0.0264874,0.0446581
-64.557,45.5696,0.0268514,0.0469129
-60.7595,45.5696,0.0272161,0.0492851
-56.962,45.5696,0.0275795,0.0517721
-53.1646,45.5696,0.0279395,0.05437
-49.3671,45.5696,0.028294,0.0570733
-45.5696,45.5696,0.0286406,0.0598745
-41.7722,45.5696,0.028977,0.0627647
-37.9747,45.5696,0.0293009,0.0657334
-34.1772,45.5696,0.0296098,0.0687685
-30.3797,45.5696,0.0299016,0.0718567
-26.5823,45.5696,0.0301738,0.0749832
-22.7848,45.5696,0.0304243,0.0781322
-18.9873,45.5696,0.0306512,0.0812869
-15.1899,45.5696,0.0308524,0.0844299
-11.3924,45.5696,0.0310262,0.0875432
-7.59494,45.5696,0.0311711,0.0906083
-3.79747,45.5696,0.0312858,0.0936068
0,45.5696,0.031369,0.0965204
-300,49.3671,0.0158051,-0.00699911
-296.203,49.3671,0.01587,-0.00672739
-292.405,49.3671,0.0159401,-0.00642387
-288.608,49.3671,0.0160154,-0.00609174
-284.81,49.3671,0.016096,-0.00573389
-281.013,49.3671,0.0161821,-0.00535285
-277.215,49.3671,0.0162736,-0.0049508
-273.418,49.3671,0.0163706,-0.00452951
-269.62,49.3671,0.016473,-0.00409034
-265.823,49.3671,0.0165809,-0.00363428
-262.025,49.3671,0.0166941,-0.00316189
-258.228,49.3671,0.0168127,-0.00267341
-254.43,49.3671,0.0169365,-0.00216871
-250.633,49.3671,0.0170653,-0.00164741
-246.835,49.3671,0.0171991,-0.00110886
-243.038,49.3671,0.0173375,-0.000552251
-239.241,49.3671,0.0174804,2.33663e-05
-235.443,49.3671,0.0176274,0.000618991
-231.646,49.3671,0.0177784,0.00123562
-227.848,49.3671,0.017933,0.00187419
-224.051,49.3671,0.0180909,0.00253551
-220.253,49.3671,0.0182518,0.00322021
-216.456,49.3671,0.0184153,0.00392869
-212.658,49.3671,0.0185811,0.00466111
-208.861,49.3671,0.0187489,0.0054173
-205.063,49.3671,0.0189185,0.00619683
-201.266,49.3671,0.0190895,0.00699894
-197.468,49.3671,0.0192617,0.00782254
-193.671,49.3671,0.019435,0.00866632
-189.873,49.3671,0.0196092,0.00952868
-186.076,49.3671,0.0197842,0.0104078
-182.278,49.3671,0.0199601,0.0113019
-178.481,49.3671,0.020137,0.0122088
-174.684,49.3671,0.0203148,0.0131266
-170.886,49.3671,0.020494,0.0140535
-167.089,49.3671,0.0206747,0.0149877
-163.291,49.3671,0.0208573,0.0159277
-159.494,49.3671,0.0210423,0.0168726
-155.696,49.3671,0.0212301,0.0178216
-151.899,49.3671,0.0214215,0.0187747
-148.101,49.3671,0.0216168,0.0197323
-144.304,49.3671,0.0218169,0.0206956
-140.506,49.3671,0.0220225,0.0216664
-136.709,49.3671,0.0222341,0.0226473
-132.911,49.3671,0.0224526,0.0236417
-129.114,49.3671,0.0226785,0.0246535
-125.316,49.3671,0.0229127,0.0256877
-121.519,49.3671,0.0231556,0.0267496
-117.722,49.3671,0.0234077,0.0278452
-113.924,49.3671,0.0236696,0.0289813
-110.127,49.3671,0.0239416,0.0301648
-106.329,49.3671,0.0242237,0.0314031
-102.532,49.3671,0.0245162,0.0327035
-98.7342,49.3671,0.0248189,0.0340736
-94.9367,49.3671,0.0251315,0.0355208
-91.1392,49.3671,0.0254537,0.0370521
-87.3418,49.3671,0.0257847,0.0386742
-83.5443,49.3671,0.0261238,0.040393
-79.7468,49.3671,0.0264699,0.0422136
-75.9494,49.3671,0.026822,0.0441403
-72.1519,49.3671,0.0271785,0.0461761
-68.3544,49.3671,0.0275379,0.0483229
-64.557,49.3671,0.0278986,0.0505812
-60.7595,49.3671,0.0282587,0.0529501
-56.962,49.3671,0.0286161,0.055427
-53.1646,49.3671,0.0289687,0.0580078
-49.3671,49.3671,0.0293144,0.0606869
-45.5696,49.3671,0.0296508,0.063457
-41.7722,49.3671,0.0299756,0.0663091
-37.9747,49.3671,0.0302866,0.069233
-34.1772,49.3671,0.0305813,0.0722166
-30.3797,49.3671,0.0308574,0.0752468
-26.5823,49.3671,0.0311129,0.0783092
-22.7848,49.3671,0.0313455,0.0813882
-18.9873,49.3671,0.0315533,0.0844675
-15.1899,49.3671,0.0317344,0.08753
-11.3924,49.3671,0.0318872,0.090558
-7.59494,49.3671,0.0320101,0.0935336
-3.79747,49.3671,0.032102,0.0964388
0,49.3671,0.0321618,0.0992557
-300,53.1646,0.0165006,-0.00502973
-296.203,53.1646,0.0165757,-0.00471794
-292.405,53.1646,0.0166552,-0.0043767
-288.608,53.1646,0.0167394,-0.0040093
-284.81,53.1646,0.0168282,-0.00361871
-281.013,53.1646,0.0169218,-0.00320755
-277.215,53.1646,0.0170202,-0.002778
-273.418,53.1646,0.0171235,-0.00233187
-269.62,53.1646,0.0172316,-0.0018705
-265.823,53.1646,0.0173446,-0.00139483
-262.025,53.1646,0.0174625,-0.000905372
-258.228,53.1646,0.0175852,-0.000402257
-254.43,53.1646,0.0177127,0.000114752
-250.633,53.1646,0.0178449,0.000646202
-246.835,53.1646,0.0179815,0.0011929
-243.038,53.1646,0.0181226,0.00175588
-239.241,53.1646,0.0182679,0.00233631
-235.443,53.1646,0.0184172,0.00293542
-231.646,53.1646,0.0185703,0.00355449
-227.848,53.1646,0.018727,0.00419475
-224.051,53.1646,0.0188869,0.00485729
-220.253,53.1646,0.0190498,0.00554305
-216.456,53.1646,0.0192155,0.00625277
-212.658,53.1646,0.0193836,0.0069869
-208.861,53.1646,0.019554,0.00774563
-205.063,53.1646,0.0197263,0.00852882
-201.266,53.1646,0.0199004,0.00933602
-197.468,53.1646,0.0200761,0.0101665
-193.671,53.1646,0.0202531,0.0110191
-189.873,53.1646,0.0204315,0.0118925
-186.076,53.1646,0.0206112,0.0127853
-182.278,53.1646,0.0207922,0.0136956
-178.481,53.1646,0.0209745,0.0146217
-174.684,53.1646,0.0211583,0.0155618
-170.886,53.1646,0.0213438,0.0165139
-167.089,53.1646,0.0215314,0.0174765
-163.291,53.1646,0.0217212,0.0184481
-159.494,53.1646,0.0219139,0.0194276
-155.696,53.1646,0.0221098,0.0204143
-151.899,53.1646,0.0223094,0.021408
-148.101,53.1646,0.0225134,0.0224089
-144.304,53.1646,0.0227223,0.023418
-140.506,53.1646,0.0229368,0.0244368
-136.709,53.1646,0.0231575,0.0254676
-132.911,53.1646,0.023385,0.0265133
-129.114,53.1646,0.02362,0.0275778
-125.316,53.1646,0.023863,0.0286652
-121.519,53.1646,0.0241146,0.0297806
-117.722,53.1646,0.0243751,0.0309297
-113.924,53.1646,0.024645,0.0321184
-110.127,53.1646,0.0249244,0.0333533
-106.329,53.1646,0.0252135,0.0346412
-102.532,53.1646,0.0255122,0.035989
-98.7342,53.1646,0.0258205,0.0374038
-94.9367,53.1646,0.0261378,0.0388923
-91.1392,53.1646,0.0264638,0.0404612
-87.3418,53.1646,0.0267977,0.0421165
-83.5443,53.1646,0.0271386,0.0438638
-79.7468,53.1646,0.0274855,0.0457079
-75.9494,53.1646,0.0278371,0.0476525
-72.1519,53.1646,0.028192,0.0497004
-68.3544,53.1646,0.0285486,0.0518532
-64.557,53.1646,0.0289052,0.0541111
-60.7595,53.1646,0.0292598,0.0564729
-56.962,53.1646,0.0296105,0.0589361
-53.1646,53.1646,0.029955,0.0614964
-49.3671,53.1646,0.0302913,0.0641482
-45.5696,53.1646,0.030617,0.0668841
-41.7722,53.1646,0.0309299,0.0696953
-37.9747,53.1646,0.0312275,0.0725716
-34.1772,53.1646,0.0315078,0.0755013
-30.3797,53.1646,0.0317683,0.0784714
-26.5823,53.1646,0.0320069,0.0814677
-22.7848,53.1646,0.0322216,0.084475
-18.9873,53.1646,0.0324105,0.0874774
-15.1899,53.1646,0.0325717,0.0904581
-11.3924,53.1646,0.0327037,0.0933998
-7.59494,53.1646,0.0328052,0.0962853
-3.79747,53.1646,0.0328748,0.0990968
0,53.1646,0.0329116,0.101817
-300,56.962,0.0171969,-0.00305738
-296.203,56.962,0.0172819,-0.00270686
-292.405,56.962,0.0173706,-0.00232915
-288.608,56.962,0.0174633,-0.00192763
-284.81,56.962,0.0175601,-0.00150536
-281.013,56.962,0.0176609,-0.00106501
-277.215,56.962,0.0177659,-0.000608801
-273.418,56.962,0.0178752,-0.000138547
-269.62,56.962,0.0179888,0.000344405
-265.823,56.962,0.0181067,0.00083916
-262.025,56.962,0.0182289,0.00134526
-258.228,56.962,0.0183555,0.00186267
-254.43,56.962,0.0184864,0.00239173
-250.633,56.962,0.0186216,0.00293313
-246.835,56.962,0.0187609,0.00348785
-243.038,56.962,0.0189044,0.00405708
-239.241,56.962,0.0190518,0.00464222
-235.443,56.962,0.0192031,0.00524473
-231.646,56.962,0.019358,0.00586614
-227.848,56.962,0.0195163,0.00650793
-224.051,56.962,0.019678,0.00717149
-220.253,56.962,0.0198426,0.00785804
-216.456,56.962,0.0200101,0.00856863
-212.658,56.962,0.0201802,0.00930401
-208.861,56.962,0.0203527,0.0100647
-205.063,56.962,0.0205274,0.0108508
-201.266,56.962,0.0207041,0.0116621
-197.468,56.962,0.0208827,0.0124983
-193.671,56.962,0.021063,0.0133585
-189.873,56.962,0.0212451,0.0142416
-186.076,56.962,0.0214288,0.0151463
-182.278,56.962,0.0216142,0.0160711
-178.481,56.962,0.0218014,0.0170142
-174.684,56.962,0.0219905,0.0179741
-170.886,56.962,0.0221817,0.018949
-167.089,56.962,0.0223753,0.0199372
-163.291,56.962,0.0225716,0.0209374
-159.494,56.962,0.0227711,0.0219485
-155.696,56.962,0.0229741,0.0229695
-151.899,56.962,0.0231811,0.0240002
-148.101,56.962,0.0233928,0.0250406
-144.304,56.962,0.0236095,0.0260915
-140.506,56.962,0.0238319,0.0271543
-136.709,56.962,0.0240606,0.0282307
-132.911,56.962,0.0242962,0.0293236
-129.114,56.962,0.0245391,0.0304362
-125.316,56.962,0.0247898,0.0315723
-121.519,56.962,0.0250489,0.0327367
-117.722,56.962,0.0253166,0.0339344
-113.924,56.962,0.0255933,0.0351711
-110.127,56.962,0.025879,0.0364526
-106.329,56.962,0.0261738,0.0377854
-102.532,56.962,0.0264777,0.0391759
-98.7342,56.962,0.0267902,0.0406306
-94.9367,56.962,0.0271112,0.0421557
-91.1392,56.962,0.0274398,0.0437575
-87.3418,56.962,0.0277755,0.0454416
-83.5443,56.962,0.0281171,0.047213
-79.7468,56.962,0.0284637,0.0490761
-75.9494,56.962,0.0288139,0.0510344
-72.1519,56.962,0.0291662,0.0530903
-68.3544,56.962,0.0295191,0.055245
-64.557,56.962,0.0298707,0.0574987
-60.7595,56.962,0.0302191,0.0598498
-56.962,56.962,0.0305623,0.0622958
-53.1646,56.962,0.0308982,0.0648323
-49.3671,56.962,0.0312245,0.0674535
-45.5696,56.962,0.0315391,0.0701524
-41.7722,56.962,0.0318396,0.07292
-37.9747,56.962,0.0321237,0.0757463
-34.1772,56.962,0.0323892,0.0786198
-30.3797,56.962,0.0326339,0.0815277
-26.5823,56.962,0.0328557,0.0844562
-22.7848,56.962,0.0330526,0.0873904
-18.9873,56.962,0.0332228,0.0903146
-15.1899,56.962,0.0333644,0.0932126
-11.3924,56.962,0.0334761,0.0960675
-7.59494,56.962,0.0335564,0.0988623
-3.79747,56.962,0.0336043,0.10158
0,56.962,0.0336189,0.104204
-300,60.7595,0.0178928,-0.00108716
-296.203,60.7595,0.0179873,-0.000699321
-292.405,60.7595,0.018085,-0.000286447
-288.608,60.7595,0.018186,0.000147985
-284.81,60.7595,0.0182904,0.000600852
-281.013,60.7595,0.0183982,0.00106944
-277.215,60.7595,0.0185096,0.00155147
-273.418,60.7595,0.0186246,0.00204513
-269.62,60.7595,0.0187433,0.00254907
-265.823,60.7595,0.0188659,0.00306243
-262.025,60.7595,0.0189922,0.00358481
-258.228,60.7595,0.0191224,0.00411625
-254.43,60.7595,0.0192565,0.00465719
-250.633,60.7595,0.0193944,0.00520845
-246.835,60.7595,0.0195362,0.00577114
-243.038,60.7595,0.0196818,0.00634665
-239.241,60.7595,0.0198311,0.00693654
-235.443,60.7595,0.0199841,0.00754251
-231.646,60.7595,0.0201405,0.0081663
-227.848,60.7595,0.0203003,0.00880964
-224.051,60.7595,0.0204633,0.00947419
-220.253,60.7595,0.0206294,0.0101615
-216.456,60.7595,0.0207984,0.0108727
-212.658,60.7595,0.0209701,0.011609
-208.861,60.7595,0.0211444,0.0123712
-205.063,60.7595,0.0213211,0.0131596
-201.266,60.7595,0.0215,0.0139745
-197.468,60.7595,0.0216811,0.0148155
-193.671,60.7595,0.0218643,0.0156821
-189.873,60.7595,0.0220495,0.0165736
-186.076,60.7595,0.0222367,0.0174887
-182.278,60.7595,0.0224259,0.0184261
-178.481,60.7595,0.0226174,0.0193844
-174.684,60.7595,0.0228111,0.0203619
-170.886,60.7595,0.0230073,0.0213571
-167.089,60.7595,0.0232063,0.0223683
-163.291,60.7595,0.0234083,0.0233943
-159.494,60.7595,0.0236137,0.0244337
-155.696,60.7595,0.023823,0.0254857
-151.899,60.7595,0.0240366,0.0265498
-148.101,60.7595,0.0242549,0.0276261
-144.304,60.7595,0.0244785,0.028715
-140.506,60.7595,0.0247079,0.0298176
-136.709,60.7595,0.0249436,0.0309355
-132.911,60.7595,0.025186,0.032071
-129.114,60.7595,0.0254357,0.0332272
-125.316,60.7595,0.0256931,0.0344076
-121.519,60.7595,0.0259585,0.0356162
-117.722,60.7595,0.0262323,0.0368578
-113.924,60.7595,0.0265145,0.0381376
-110.127,60.7595,0.0268054,0.039461
-106.329,60.7595,0.0271048,0.0408339
-102.532,60.7595,0.0274125,0.0422622
-98.7342,60.7595,0.0277283,0.043752
-94.9367,60.7595,0.0280516,0.0453091
-91.1392,60.7595,0.0283818,0.0469391
-87.3418,60.7595,0.0287181,0.0486473
-83.5443,60.7595,0.0290594,0.0504383
-79.7468,60.7595,0.0294047,0.0523161
-75.9494,60.7595,0.0297525,0.0542838
-72.1519,60.7595,0.0301013,0.0563436
-68.3544,60.7595,0.0304495,0.0584963
-64.557,60.7595,0.0307953,0.0607419
-60.7595,60.7595,0.0311368,0.0630788
-56.962,60.7595,0.0314719,0.0655041
-53.1646,60.7595,0.0317984,0.0680136
-49.3671,60.7595,0.0321143,0.0706014
-45.5696,60.7595,0.0324173,0.0732604
-41.7722,60.7595,0.032705,0.0759819
-37.9747,60.7595,0.0329753,0.078756
-34.1772,60.7595,0.033226,0.0815712
-30.3797,60.7595,0.0334549,0.0844152
-26.5823,60.7595,0.0336599,0.0872744
-22.7848,60.7595,0.0338391,0.0901342
-18.9873,60.7595,0.0339907,0.0929793
-15.1899,60.7595,0.0341131,0.0957939
-11.3924,60.7595,0.0342048,0.0985615
-7.59494,60.7595,0.0342645,0.101266
-3.79747,60.7595,0.0342913,0.10389
0,60.7595,0.0342843,0.106417
-300,64.557,0.018587,0.000876441
-296.203,64.557,0.0186909,0.00130011
-292.405,64.557,0.0187973,0.00174679
-288.608,64.557,0.0189063,0.0022129
-284.81,64.557,0.019018,0.00269526
-281.013,64.557,0.0191326,0.0031911
-277.215,64.557,0.01925,0.00369812
-273.418,64.557,0.0193706,0.00421448
-269.62,64.557,0.0194943,0.00473885
-265.823,64.557,0.0196212,0.00527039
-262.025,64.557,0.0197514,0.00580875
-258.228,64.557,0.019885,0.00635402
-254.43,64.557,0.020022,0.00690675
-250.633,64.557,0.0201625,0.00746787
-246.835,64.557,0.0203066,0.00803861
-243.038,64.557,0.0204541,0.00862053
-239.241,64.557,0.0206051,0.00921536
-235.443,64.557,0.0207595,0.00982499
-231.646,64.557,0.0209172,0.0104514
-227.848,64.557,0.0210782,0.0110965
-224.051,64.557,0.0212424,0.0117621
-220.253,64.557,0.0214097,0.0124502
-216.456,64.557,0.0215799,0.0131621
-212.658,64.557,0.0217529,0.0138993
-208.861,64.557,0.0219287,0.0146627
-205.063,64.557,0.022107,0.0154531
-201.266,64.557,0.0222878,0.0162708
-197.468,64.557,0.022471,0.017116
-193.671,64.557,0.0226566,0.0179881
-189.873,64.557,0.0228444,0.0188868
-186.076,64.557,0.0230347,0.0198109
-182.278,64.557,0.0232273,0.0207595
-178.481,64.557,0.0234224,0.021731
-174.684,64.557,0.0236201,0.0227242
-170.886,64.557,0.0238207,0.0237373
-167.089,64.557,0.0240243,0.024769
-163.291,64.557,0.0242313,0.0258178
-159.494,64.557,0.024442,0.0268826
-155.696,64.557,0.0246567,0.0279624
-151.899,64.557,0.0248759,0.0290565
-148.101,64.557,0.0251001,0.0301649
-144.304,64.557,0.0253296,0.0312879
-140.506,64.557,0.0255649,0.0324262
-136.709,64.557,0.0258065,0.0335814
-132.911,64.557,0.0260548,0.0347553
-129.114,64.557,0.0263103,0.0359506
-125.316,64.557,0.0265732,0.0371705
-121.519,64.557,0.0268438,0.0384187
-117.722,64.557,0.0271225,0.0396995
-113.924,64.557,0.0274092,0.0410176
-110.127,64.557,0.027704,0.0423781
-106.329,64.557,0.0280067,0.0437862
-102.532,64.557,0.0283172,0.0452475
-98.7342,64.557,0.028635,0.0467676
-94.9367,64.557,0.0289596,0.0483518
-91.1392,64.557,0.0292903,0.0500054
-87.3418,64.557,0.0296261,0.0517331
-83.5443,64.557,0.029966,0.0535393
-79.7468,64.557,0.0303089,0.0554275
-75.9494,64.557,0.0306533,0.0574004
-72.1519,64.557,0.0309977,0.0594599
-68.3544,64.557,0.0313404,0.0616068
-64.557,64.557,0.0316797,0.0638407
-60.7595,64.557,0.0320135,0.0661598
-56.962,64.557,0.0323398,0.0685612
-53.1646,64.557,0.0326565,0.0710406
-49.3671,64.557,0.0329614,0.0735921
-45.5696,64.557,0.0332524,0.0762087
-41.7722,64.557,0.0335271,0.0788817
-37.9747,64.557,0.0337834,0.0816014
-34.1772,64.557,0.0340191,0.0843567
-30.3797,64.557,0.0342321,0.0871352
-26.5823,64.557,0.0344204,0.0899238
-22.7848,64.557,0.0345821,0.0927082
-18.9873,64.557,0.0347154,0.0954735
-15.1899,64.557,0.0348189,0.0982042
-11.3924,64.557,0.034891,0.100884
-7.59494,64.557,0.0349307,0.103498
-3.79747,64.557,0.034937,0.106029
0,64.557,0.0349091,0.108461
-300,68.3544,0.0192787,0.0028295
-296.203,68.3544,0.0193916,0.00328748
-292.405,68.3544,0.0195064,0.00376656
-288.608,68.3544,0.0196231,0.00426309
-284.81,68.3544,0.019742,0.00477382
-281.013,68.3544,0.019863,0.00529594
-277.215,68.3544,0.0199864,0.00582712
-273.418,68.3544,0.0201122,0.00636551
-269.62,68.3544,0.0202406,0.00690977
-265.823,68.3544,0.0203717,0.0074591
-262.025,68.3544,0.0205056,0.00801318
-258.228,68.3544,0.0206424,0.00857217
-254.43,68.3544,0.0207822,0.00913669
-250.633,68.3544,0.0209251,0.00970776
-246.835,68.3544,0.0210712,0.0102868
-243.038,68.3544,0.0212205,0.0108753
-239.241,68.3544,0.0213729,0.0114754
-235.443,68.3544,0.0215286,0.012089
-231.646,68.3544,0.0216875,0.0127184
-227.848,68.3544,0.0218496,0.0133655
-224.051,68.3544,0.0220148,0.0140327
-220.253,68.3544,0.022183,0.0147217
-216.456,68.3544,0.0223542,0.0154345
-212.658,68.3544,0.0225283,0.0161726
-208.861,68.3544,0.0227053,0.0169373
-205.063,68.3544,0.0228849,0.0177294
-201.266,68.3544,0.0230673,0.0185497
-197.468,68.3544,0.0232523,0.0193984
-193.671,68.3544,0.0234399,0.0202753
-189.873,68.3544,0.02363,0.0211802
-186.076,68.3544,0.0238228,0.0221122
-182.278,68.3544,0.0240183,0.0230704
-178.481,68.3544,0.0242166,0.0240536
-174.684,68.3544,0.0244178,0.0250604
-170.886,68.3544,0.0246221,0.0260894
-167.089,68.3544,0.0248297,0.0271391
-163.291,68.3544,0.0250409,0.0282082
-159.494,68.3544,0.0252561,0.0292954
-155.696,68.3544,0.0254755,0.0303998
-151.899,68.3544,0.0256996,0.0315206
-148.101,68.3544,0.0259286,0.0326575
-144.304,68.3544,0.0261631,0.0338108
-140.506,68.3544,0.0264034,0.0349809
-136.709,68.3544,0.02665,0.0361691
-132.911,68.3544,0.0269032,0.0373771
-129.114,68.3544,0.0271633,0.0386071
-125.316,68.3544,0.0274306,0.039862
-121.519,68.3544,0.0277054,0.0411451
-117.722,68.3544,0.0279878,0.0424603
-113.924,68.3544,0.0282778,0.0438119
-110.127,68.3544,0.0285754,0.0452046
-106.329,68.3544,0.0288804,0.0466431
-102.532,68.3544,0.0291925,0.0481327
-98.7342,68.3544,0.0295113,0.0496783
-94.9367,68.3544,0.029836,0.051285
-91.1392,68.3544,0.030166,0.0529575
-87.3418,68.3544,0.0305003,0.0547002
-83.5443,68.3544,0.0308378,0.0565171
-79.7468,68.3544,0.0311774,0.0584113
-75.9494,68.3544,0.0315175,0.0603853
-72.1519,68.3544,0.0318566,0.0624407
-68.3544,68.3544,0.032193,0.0645779
-64.557,68.3544,0.0325248,0.0667965
-60.7595,68.3544,0.0328503,0.0690945
-56.962,68.3544,0.0331672,0.0714689
-53.1646,68.3544,0.0334735,0.0739152
-49.3671,68.3544,0.033767,0.0764278
-45.5696,68.3544,0.0340456,0.0789995
-41.7722,68.3544,0.0343071,0.0816219
-37.9747,68.3544,0.0345492,0.0842854
-34.1772,68.3544,0.0347698,0.0869789
-30.3797,68.3544,0.0349669,0.0896907
-26.5823,68.3544,0.0351386,0.0924076
-22.7848,68.3544,0.0352829,0.0951158
-18.9873,68.3544,0.0353983,0.0978008
-15.1899,68.3544,0.0354833,0.100448
-11.3924,68.3544,0.0355364,0.10304
-7.59494,68.3544,0.0355566,0.105564
-3.79747,68.3544,0.035543,0.108002
0,68.3544,0.035495,0.110339
-300,72.1519,0.019967,0.00476869
-296.203,72.1519,0.0200886,0.00525943
-292.405,72.1519,0.0202115,0.00576948
-288.608,72.1519,0.0203358,0.00629514
-284.81,72.1519,0.0204615,0.00683311
-281.013,72.1519,0.0205888,0.00738054
-277.215,72.1519,0.0207178,0.00793506
-273.418,72.1519,0.0208487,0.00849482
-269.62,72.1519,0.0209816,0.00905849
-265.823,72.1519,0.0211167,0.00962527
-262.025,72.1519,0.0212541,0.0101949
-258.228,72.1519,0.0213939,0.0107675
-254.43,72.1519,0.0215364,0.0113439
-250.633,72.1519,0.0216816,0.0119251
-246.835,72.1519,0.0218295,0.0125127
-243.038,72.1519,0.0219804,0.0131083
-239.241,72.1519,0.0221343,0.013714
-235.443,72.1519,0.0222911,0.0143322
-231.646,72.1519,0.022451,0.0149649
-227.848,72.1519,0.022614,0.0156147
-224.051,72.1519,0.02278,0.0162837
-220.253,72.1519,0.022949,0.0169742
-216.456,72.1519,0.0231211,0.0176882
-212.658,72.1519,0.0232961,0.0184275
-208.861,72.1519,0.023474,0.0191934
-205.063,72.1519,0.0236548,0.0199873
-201.266,72.1519,0.0238385,0.02081
-197.468,72.1519,0.024025,0.0216619
-193.671,72.1519,0.0242143,0.0225431
-189.873,72.1519,0.0244064,0.0234534
-186.076,72.1519,0.0246013,0.0243923
-182.278,72.1519,0.0247993,0.0253589
-178.481,72.1519,0.0250002,0.0263522
-174.684,72.1519,0.0252043,0.027371
-170.886,72.1519,0.0254118,0.0284138
-167.089,72.1519,0.0256228,0.0294793
-163.291,72.1519,0.0258377,0.0305661
-159.494,72.1519,0.0260566,0.031673
-155.696,72.1519,0.02628,0.0327989
-151.899,72.1519,0.026508,0.0339431
-148.101,72.1519,0.0267412,0.0351051
-144.304,72.1519,0.0269798,0.0362849
-140.506,72.1519,0.0272242,0.0374829
-136.709,72.1519,0.0274748,0.0387001
-132.911,72.1519,0.0277318,0.0399379
-129.114,72.1519,0.0279956,0.0411982
-125.316,72.1519,0.0282663,0.0424836
-121.519,72.1519,0.0285442,0.043797
-117.722,72.1519,0.0288292,0.045142
-113.924,72.1519,0.0291215,0.0465224
-110.127,72.1519,0.0294208,0.0479425
-106.329,72.1519,0.0297269,0.0494067
-102.532,72.1519,0.0300395,0.0509197
-98.7342,72.1519,0.0303581,0.0524862
-94.9367,72.1519,0.0306819,0.0541107
-91.1392,72.1519,0.0310102,0.0557976
-87.3418,72.1519,0.0313419,0.0575509
-83.5443,72.1519,0.0316761,0.0593741
-79.7468,72.1519,0.0320113,0.0612702
-75.9494,72.1519,0.0323462,0.0632413
-72.1519,72.1519,0.0326791,0.0652887
-68.3544,72.1519,0.0330085,0.0674126
-64.557,72.1519,0.0333323,0.0696124
-60.7595,72.1519,0.0336487,0.0718861
-56.962,72.1519,0.0339557,0.0742304
-53.1646,72.1519,0.0342511,0.076641
-49.3671,72.1519,0.0345328,0.0791121
-45.5696,72.1519,0.0347987,0.0816368
-41.7722,72.1519,0.0350466,0.0842066
-37.9747,72.1519,0.0352744,0.0868121
-34.1772,72.1519,0.0354799,0.0894427
-30.3797,72.1519,0.0356612,0.0920865
-26.5823,72.1519,0.0358164,0.0947309
-22.7848,72.1519,0.0359436,0.0973625
-18.9873,72.1519,0.0360414,0.0999669
-15.1899,72.1519,0.0361082,0.10253
-11.3924,72.1519,0.0361428,0.105035
-7.59494,72.1519,0.0361441,0.107469
-3.79747,72.1519,0.0361114,0.109815
0,72.1519,0.036044,0.11206
-300,75.9494,0.020651,0.00669129
-296.203,75.9494,0.0207811,0.0072132
-292.405,75.9494,0.0209119,0.00775278
-288.608,75.9494,0.0210434,0.00830628
-284.81,75.9494,0.0211757,0.00887035
-281.013,75.9494,0.0213091,0.00944212
-277.215,75.9494,0.0214435,0.0100192
-273.418,75.9494,0.0215793,0.0105997
-269.62,75.9494,0.0217166,0.0111823
-265.823,75.9494,0.0218555,0.0117662
-262.025,75.9494,0.0219963,0.0123512
-258.228,75.9494,0.022139,0.0129375
-254.43,75.9494,0.022284,0.0135259
-250.633,75.9494,0.0224313,0.0141176
-246.835,75.9494,0.0225811,0.014714
-243.038,75.9494,0.0227335,0.0153172
-239.241,75.9494,0.0228886,0.0159292
-235.443,75.9494,0.0230466,0.0165524
-231.646,75.9494,0.0232074,0.0171892
-227.848,75.9494,0.0233712,0.0178422
-224.051,75.9494,0.0235379,0.0185137
-220.253,75.9494,0.0237077,0.0192063
-216.456,75.9494,0.0238804,0.019922
-212.658,75.9494,0.0240562,0.0206628
-208.861,75.9494,0.024235,0.0214304
-205.063,75.9494,0.0244167,0.0222262
-201.266,75.9494,0.0246015,0.0230512
-197.468,75.9494,0.0247892,0.0239061
-193.671,75.9494,0.02498,0.0247912
-189.873,75.9494,0.0251737,0.0257064
-186.076,75.9494,0.0253705,0.0266513
-182.278,75.9494,0.0255705,0.0276253
-178.481,75.9494,0.0257737,0.0286274
-174.684,75.9494,0.0259803,0.0296565
-170.886,75.9494,0.0261904,0.0307113
-167.089,75.9494,0.0264043,0.0317905
-163.291,75.9494,0.0266222,0.0328926
-159.494,75.9494,0.0268442,0.0340166
-155.696,75.9494,0.0270708,0.0351612
-151.899,75.9494,0.0273022,0.0363256
-148.101,75.9494,0.0275387,0.0375094
-144.304,75.9494,0.0277806,0.0387122
-140.506,75.9494,0.0280282,0.0399344
-136.709,75.9494,0.0282818,0.0411766
-132.911,75.9494,0.0285418,0.04244
-129.114,75.9494,0.0288082,0.0437264
-125.316,75.9494,0.0290813,0.0450378
-121.519,75.9494,0.0293612,0.0463771
-117.722,75.9494,0.0296479,0.0477473
-113.924,75.9494,0.0299413,0.0491519
-110.127,75.9494,0.0302413,0.0505948
-106.329,75.9494,0.0305475,0.05208
-102.532,75.9494,0.0308596,0.0536119
-98.7342,75.9494,0.0311769,0.0551946
-94.9367,75.9494,0.0314987,0.0568324
-91.1392,75.9494,0.0318243,0.0585292
-87.3418,75.9494,0.0321525,0.0602887
-83.5443,75.9494,0.0324824,0.0621141
-79.7468,75.9494,0.0328124,0.064008
-75.9494,75.9494,0.0331412,0.0659723
-72.1519,75.9494,0.0334672,0.068008
-68.3544,75.9494,0.0337887,0.0701152
-64.557,75.9494,0.0341038,0.0722929
-60.7595,75.9494,0.0344106,0.0745392
-56.962,75.9494,0.034707,0.0768507
-53.1646,75.9494,0.0349911,0.079223
-49.3671,75.9494,0.0352607,0.0816504
-45.5696,75.9494,0.0355136,0.0841259
-41.7722,75.9494,0.0357478,0.0866414
-37.9747,75.9494,0.0359611,0.0891876
-34.1772,75.9494,0.0361515,0.0917539
-30.3797,75.9494,0.0363171,0.0943289
-26.5823,75.9494,0.0364559,0.0969002
-22.7848,75.9494,0.0365664,0.0994547
-18.9873,75.9494,0.0366469,0.101978
-15.1899,75.9494,0.036696,0.104457
-11.3924,75.9494,0.0367126,0.106877
-7.59494,75.9494,0.0366956,0.109221
-3.79747,75.9494,0.0366444,0.111477
0,75.9494,0.0365583,0.113629
-300,79.7468,0.0213301,0.0085951
-296.203,79.7468,0.0214685,0.00914659
-292.405,79.7468,0.0216069,0.00971425
-288.608,79.7468,0.0217454,0.0102943
-284.81,79.7468,0.0218841,0.0108833
-281.013,79.7468,0.0220233,0.0114785
-277.215,79.7468,0.022163,0.0120773
-273.418,79.7468,0.0223035,0.0126779
-269.62,79.7468,0.022445,0.013279
-265.823,79.7468,0.0225876,0.0138799
-262.025,79.7468,0.0227316,0.0144802
-258.228,79.7468,0.0228772,0.0150802
-254.43,79.7468,0.0230246,0.0156809
-250.633,79.7468,0.023174,0.0162833
-246.835,79.7468,0.0233255,0.0168891
-243.038,79.7468,0.0234794,0.0175004
-239.241,79.7468,0.0236357,0.0181192
-235.443,79.7468,0.0237947,0.0187482
-231.646,79.7468,0.0239564,0.0193899
-227.848,79.7468,0.024121,0.0200468
-224.051,79.7468,0.0242884,0.0207217
-220.253,79.7468,0.0244588,0.0214169
-216.456,79.7468,0.0246322,0.022135
-212.658,79.7468,0.0248087,0.022878
-208.861,79.7468,0.0249882,0.0236477
-205.063,79.7468,0.0251708,0.0244457
-201.266,79.7468,0.0253565,0.0252733
-197.468,79.7468,0.0255453,0.0261312
-193.671,79.7468,0.0257372,0.0270199
-189.873,79.7468,0.0259324,0.0279395
-186.076,79.7468,0.0261307,0.0288899
-182.278,79.7468,0.0263324,0.0298704
-178.481,79.7468,0.0265376,0.0308802
-174.684,79.7468,0.0267462,0.0319182
-170.886,79.7468,0.0269586,0.0329833
-167.089,79.7468,0.0271748,0.0340742
-163.291,79.7468,0.0273951,0.0351896
-159.494,79.7468,0.0276197,0.0363281
-155.696,79.7468,0.0278489,0.0374887
-151.899,79.7468,0.0280828,0.0386705
-148.101,79.7468,0.0283219,0.0398727
-144.304,79.7468,0.0285663,0.0410952
-140.506,79.7468,0.0288163,0.0423379
-136.709,79.7468,0.0290722,0.0436013
-132.911,79.7468,0.0293342,0.0448864
-129.114,79.7468,0.0296024,0.0461947
-125.316,79.7468,0.029877,0.047528
-121.519,79.7468,0.0301579,0.0488888
-117.722,79.7468,0.0304452,0.0502797
-113.924,79.7468,0.0307388,0.051704
-110.127,79.7468,0.0310384,0.0531652
-106.329,79.7468,0.0313437,0.054667
-102.532,79.7468,0.0316541,0.0562131
-98.7342,79.7468,0.0319692,0.0578077
-94.9367,79.7468,0.0322881,0.0594543
-91.1392,79.7468,0.03261,0.0611568
-87.3418,79.7468,0.0329339,0.0629184
-83.5443,79.7468,0.0332584,0.0647419
-79.7468,79.7468,0.0335824,0.0666298
-75.9494,79.7468,0.0339044,0.0685835
-72.1519,79.7468,0.0342227,0.070604
-68.3544,79.7468,0.0345356,0.0726911
-64.557,79.7468,0.0348414,0.0748437
-60.7595,79.7468,0.035138,0.0770597
-56.962,79.7468,0.0354235,0.0793358
-53.1646,79.7468,0.0356958,0.0816674
-49.3671,79.7468,0.0359529,0.084049
-45.5696,79.7468,0.0361927,0.0864737
-41.7722,79.7468,0.036413,0.0889333
-37.9747,79.7468,0.0366118,0.0914188
-34.1772,79.7468,0.0367871,0.0939199
-30.3797,79.7468,0.036937,0.0964254
-26.5823,79.7468,0.0370598,0.0989233
-22.7848,79.7468,0.0371537,0.101401
-18.9873,79.7468,0.0372173,0.103844
-15.1899,79.7468,0.0372492,0.106239
-11.3924,79.7468,0.0372483,0.108573
-7.59494,79.7468,0.0372136,0.11083
-3.79747,79.7468,0.0371446,0.112996
0,79.7468,0.0370407,0.115058
-300,83.5443,0.0220038,0.0104785
-296.203,83.5443,0.0221502,0.011058
-292.405,83.5443,0.0222959,0.0116522
-288.608,83.5443,0.0224412,0.0122575
-284.81,83.5443,0.0225861,0.0128704
-281.013,83.5443,0.0227309,0.013488
-277.215,83.5443,0.0228758,0.0141078
-273.418,83.5443,0.0230208,0.014728
-269.62,83.5443,0.0231664,0.0153472
-265.823,83.5443,0.0233126,0.0159647
-262.025,83.5443,0.0234598,0.0165803
-258.228,83.5443,0.0236081,0.0171942
-254.43,83.5443,0.0237578,0.0178073
-250.633,83.5443,0.0239092,0.0184209
-246.835,83.5443,0.0240625,0.0190367
-243.038,83.5443,0.0242178,0.0196567
-239.241,83.5443,0.0243754,0.0202832
-235.443,83.5443,0.0245354,0.0209187
-231.646,83.5443,0.024698,0.0215661
-227.848,83.5443,0.0248633,0.0222279
-224.051,83.5443,0.0250314,0.0229069
-220.253,83.5443,0.0252025,0.0236057
-216.456,83.5443,0.0253765,0.0243269
-212.658,83.5443,0.0255536,0.0250727
-208.861,83.5443,0.0257338,0.0258452
-205.063,83.5443,0.0259172,0.0266459
-201.266,83.5443,0.0261037,0.0274763
-197.468,83.5443,0.0262934,0.0283374
-193.671,83.5443,0.0264865,0.0292298
-189.873,83.5443,0.0266828,0.0301536
-186.076,83.5443,0.0268825,0.0311089
-182.278,83.5443,0.0270857,0.0320952
-178.481,83.5443,0.0272924,0.0331117
-174.684,83.5443,0.0275027,0.0341575
-170.886,83.5443,0.0277169,0.0352314
-167.089,83.5443,0.027935,0.0363323
-163.291,83.5443,0.0281573,0.0374589
-159.494,83.5443,0.0283839,0.0386097
-155.696,83.5443,0.0286151,0.0397838
-151.899,83.5443,0.028851,0.0409801
-148.101,83.5443,0.029092,0.0421979
-144.304,83.5443,0.0293382,0.0434367
-140.506,83.5443,0.0295898,0.0446964
-136.709,83.5443,0.0298472,0.0459775
-132.911,83.5443,0.0301103,0.0472805
-129.114,83.5443,0.0303794,0.0486068
-125.316,83.5443,0.0306545,0.0499579
-121.519,83.5443,0.0309356,0.0513359
-117.722,83.5443,0.0312226,0.0527434
-113.924,83.5443,0.0315154,0.0541831
-110.127,83.5443,0.0318137,0.0556582
-106.329,83.5443,0.0321171,0.0571721
-102.532,83.5443,0.032425,0.0587283
-98.7342,83.5443,0.0327369,0.0603303
-94.9367,83.5443,0.033052,0.0619817
-91.1392,83.5443,0.0333693,0.0636857
-87.3418,83.5443,0.0336878,0.0654453
-83.5443,83.5443,0.0340063,0.0672632
-79.7468,83.5443,0.0343235,0.0691413
-75.9494,83.5443,0.0346378,0.071081
-72.1519,83.5443,0.0349477,0.073083
-68.3544,83.5443,0.0352515,0.0751469
-64.557,83.5443,0.0355473,0.0772715
-60.7595,83.5443,0.0358333,0.0794546
-56.962,83.5443,0.0361074,0.0816929
-53.1646,83.5443,0.0363677,0.0839818
-49.3671,83.5443,0.036612,0.0863157
-45.5696,83.5443,0.0368384,0.0886878
-41.7722,83.5443,0.0370447,0.0910903
-37.9747,83.5443,0.037229,0.0935142
-34.1772,83.5443,0.0373892,0.0959493
-30.3797,83.5443,0.0375237,0.0983849
-26.5823,83.5443,0.0376306,0.100809
-22.7848,83.5443,0.0377083,0.103209
-18.9873,83.5443,0.0377553,0.105573
-15.1899,83.5443,0.0377705,0.107885
-11.3924,83.5443,0.0377527,0.110134
-7.59494,83.5443,0.0377011,0.112304
-3.79747,83.5443,0.037615,0.114382
0,83.5443,0.037494,0.116355
-300,87.3418,0.0226717,0.0123403
-296.203,87.3418,0.0228257,0.0129461
-292.405,87.3418,0.0229786,0.0135656
-288.608,87.3418,0.0231304,0.0141949
-284.81,87.3418,0.0232814,0.0148305
-281.013,87.3418,0.0234316,0.0154695
-277.215,87.3418,0.0235814,0.0161096
-273.418,87.3418,0.0237309,0.0167488
-269.62,87.3418,0.0238804,0.0173857
-265.823,87.3418,0.0240301,0.0180197
-262.025,87.3418,0.0241803,0.0186505
-258.228,87.3418,0.0243314,0.0192784
-254.43,87.3418,0.0244835,0.0199044
-250.633,87.3418,0.0246369,0.0205296
-246.835,87.3418,0.0247918,0.0211559
-243.038,87.3418,0.0249486,0.0217854
-239.241,87.3418,0.0251075,0.0224203
-235.443,87.3418,0.0252685,0.0230634
-231.646,87.3418,0.025432,0.0237173
-227.848,87.3418,0.0255981,0.0243849
-224.051,87.3418,0.025767,0.0250691
-220.253,87.3418,0.0259387,0.0257725
-216.456,87.3418,0.0261134,0.0264977
-212.658,87.3418,0.0262912,0.0272472
-208.861,87.3418,0.026472,0.0280231
-205.063,87.3418,0.0266561,0.0288272
-201.266,87.3418,0.0268435,0.0296609
-197.468,87.3418,0.0270341,0.0305255
-193.671,87.3418,0.0272281,0.0314216
-189.873,87.3418,0.0274255,0.0323496
-186.076,87.3418,0.0276263,0.0333095
-182.278,87.3418,0.0278307,0.034301
-178.481,87.3418,0.0280388,0.0353234
-174.684,87.3418,0.0282505,0.036376
-170.886,87.3418,0.0284662,0.0374575
-167.089,87.3418,0.0286858,0.0385668
-163.291,87.3418,0.0289096,0.0397027
-159.494,87.3418,0.0291377,0.0408638
-155.696,87.3418,0.0293704,0.042049
-151.899,87.3418,0.0296077,0.0432573
-148.101,87.3418,0.0298499,0.0444877
-144.304,87.3418,0.0300973,0.0457399
-140.506,87.3418,0.0303499,0.0470135
-136.709,87.3418,0.0306079,0.0483087
-132.911,87.3418,0.0308715,0.049626
-129.114,87.3418,0.0311406,0.0509665
-125.316,87.3418,0.0314155,0.0523315
-121.519,87.3418,0.0316959,0.0537228
-117.722,87.3418,0.0319817,0.0551428
-113.924,87.3418,0.0322728,0.0565938
-110.127,87.3418,0.0325689,0.0580787
-106.329,87.3418,0.0328695,0.0596006
-102.532,87.3418,0.033174,0.0611627
-98.7342,87.3418,0.0334819,0.0627682
-94.9367,87.3418,0.0337922,0.0644203
-91.1392,87.3418,0.0341041,0.0661219
-87.3418,87.3418,0.0344165,0.0678759
-83.5443,87.3418,0.0347282,0.0696844
-79.7468,87.3418,0.0350378,0.0715493
-75.9494,87.3418,0.0353438,0.0734717
-72.1519,87.3418,0.0356447,0.075452
-68.3544,87.3418,0.0359387,0.0774899
-64.557,87.3418,0.0362241,0.0795839
-60.7595,87.3418,0.036499,0.0817318
-56.962,87.3418,0.0367613,0.08393
-53.1646,87.3418,0.0370092,0.0861743
-49.3671,87.3418,0.0372406,0.0884589
-45.5696,87.3418,0.0374534,0.0907772
-41.7722,87.3418,0.0376457,0.0931215
-37.9747,87.3418,0.0378155,0.0954829
-34.1772,87.3418,0.0379608,0.0978516
-30.3797,87.3418,0.03808,0.100217
-26.5823,87.3418,0.0381713,0.102567
-22.7848,87.3418,0.0382331,0.104891
-18.9873,87.3418,0.0382641,0.107175
-15.1899,87.3418,0.038263,0.109405
-11.3924,87.3418,0.0382289,0.11157
-7.59494,87.3418,0.0381609,0.113655
-3.79747,87.3418,0.0380584,0.115646
0,87.3418,0.0379211,0.117532
-300,91.1392,0.0233332,0.0141799
-296.203,91.1392,0.0234947,0.0148105
-292.405,91.1392,0.0236545,0.0154537
-288.608,91.1392,0.0238126,0.0161056
-284.81,91.1392,0.0239694,0.0167629
-281.013,91.1392,0.024125,0.0174225
-277.215,91.1392,0.0242795,0.0180821
-273.418,91.1392,0.0244333,0.0187397
-269.62,91.1392,0.0245867,0.019394
-265.823,91.1392,0.0247399,0.0200443
-262.025,91.1392,0.0248931,0.0206904
-258.228,91.1392,0.0250468,0.0213325
-254.43,91.1392,0.0252013,0.0219716
-250.633,91.1392,0.0253567,0.022609
-246.835,91.1392,0.0255134,0.0232465
-243.038,91.1392,0.0256717,0.0238862
-239.241,91.1392,0.0258318,0.0245304
-235.443,91.1392,0.0259941,0.0251819
-231.646,91.1392,0.0261586,0.0258434
-227.848,91.1392,0.0263255,0.0265179
-224.051,91.1392,0.0264952,0.0272083
-220.253,91.1392,0.0266677,0.0279172
-216.456,91.1392,0.0268431,0.0286475
-212.658,91.1392,0.0270215,0.0294017
-208.861,91.1392,0.0272031,0.0301818
-205.063,91.1392,0.027388,0.03099
-201.266,91.1392,0.0275761,0.0318277
-197.468,91.1392,0.0277676,0.0326962
-193.671,91.1392,0.0279625,0.0335963
-189.873,91.1392,0.0281608,0.0345285
-186.076,91.1392,0.0283627,0.0354929
-182.278,91.1392,0.0285682,0.0364892
-178.481,91.1392,0.0287774,0.037517
-174.684,91.1392,0.0289903,0.0385754
-170.886,91.1392,0.0292071,0.0396634
-167.089,91.1392,0.029428,0.0407798
-163.291,91.1392,0.0296529,0.0419234
-159.494,91.1392,0.0298821,0.0430929
-155.696,91.1392,0.0301157,0.0442871
-151.899,91.1392,0.030354,0.0455049
-148.101,91.1392,0.0305969,0.0467454
-144.304,91.1392,0.0308448,0.0480081
-140.506,91.1392,0.0310977,0.0492925
-136.709,91.1392,0.0313557,0.0505986
-132.911,91.1392,0.031619,0.0519268
-129.114,91.1392,0.0318875,0.053278
-125.316,91.1392,0.0321613,0.0546533
-121.519,91.1392,0.0324402,0.0560542
-117.722,91.1392,0.0327241,0.0574827
-113.924,91.1392,0.0330127,0.0589411
-110.127,91.1392,0.0333057,0.0604319
-106.329,91.1392,0.0336027,0.061958
-102.532,91.1392,0.033903,0.0635221
-98.7342,91.1392,0.034206,0.0651272
-94.9367,91.1392,0.0345108,0.0667763
-91.1392,91.1392,0.0348165,0.0684719
-87.3418,91.1392,0.035122,0.0702166
-83.5443,91.1392,0.0354262,0.0720124
-79.7468,91.1392,0.0357275,0.0738609
-75.9494,91.1392,0.0360247,0.075763
-72.1519,91.1392,0.036316,0.0777189
-68.3544,91.1392,0.0365998,0.0797281
-64.557,91.1392,0.0368743,0.0817891
-60.7595,91.1392,0.0371377,0.0838995
-56.962,91.1392,0.0373879,0.0860559
-53.1646,91.1392,0.0376232,0.0882539
-49.3671,91.1392,0.0378414,0.0904879
-45.5696,91.1392,0.0380406,0.0927512
-41.7722,91.1392,0.0382188,0.0950364
-37.9747,91.1392,0.0383742,0.0973348
-34.1772,91.1392,0.0385048,0.0996367
-30.3797,91.1392,0.0386089,0.101932
-26.5823,91.1392,0.0386848,0.104209
-22.7848,91.1392,0.0387312,0.106456
-18.9873,91.1392,0.0387466,0.108661
-15.1899,91.1392,0.0387298,0.110811
-11.3924,91.1392,0.0386799,0.112893
-7.59494,91.1392,0.0385962,0.114893
-3.79747,91.1392,0.038478,0.1168
0,91.1392,0.0383251,0.1186
-300,94.9367,0.0239882,0.0159971
-296.203,94.9367,0.0241569,0.0166508
-292.405,94.9367,0.0243233,0.0173163
-288.608,94.9367,0.0244877,0.0179897
-284.81,94.9367,0.0246501,0.0186675
-281.013,94.9367,0.0248107,0.0193468
-277.215,94.9367,0.02497,0.0200251
-273.418,94.9367,0.025128,0.0207006
-269.62,94.9367,0.0252851,0.021372
-265.823,94.9367,0.0254417,0.0220384
-262.025,94.9367,0.025598,0.0226998
-258.228,94.9367,0.0257543,0.0233563
-254.43,94.9367,0.0259111,0.024009
-250.633,94.9367,0.0260686,0.0246591
-246.835,94.9367,0.0262271,0.0253084
-243.038,94.9367,0.026387,0.0259591
-239.241,94.9367,0.0265485,0.0266135
-235.443,94.9367,0.026712,0.0272744
-231.646,94.9367,0.0268776,0.0279446
-227.848,94.9367,0.0270455,0.0286271
-224.051,94.9367,0.0272161,0.0293247
-220.253,94.9367,0.0273894,0.0300404
-216.456,94.9367,0.0275656,0.0307768
-212.658,94.9367,0.0277449,0.0315366
-208.861,94.9367,0.0279273,0.032322
-205.063,94.9367,0.028113,0.0331351
-201.266,94.9367,0.0283019,0.0339774
-197.468,94.9367,0.0284943,0.0348504
-193.671,94.9367,0.0286901,0.0357549
-189.873,94.9367,0.0288894,0.0366915
-186.076,94.9367,0.0290922,0.0376603
-182.278,94.9367,0.0292987,0.0386613
-178.481,94.9367,0.0295088,0.039694
-174.684,94.9367,0.0297227,0.0407575
-170.886,94.9367,0.0299405,0.041851
-167.089,94.9367,0.0301622,0.0429733
-163.291,94.9367,0.030388,0.0441232
-159.494,94.9367,0.0306179,0.0452993
-155.696,94.9367,0.0308521,0.0465006
-151.899,94.9367,0.0310908,0.0477258
-148.101,94.9367,0.031334,0.048974
-144.304,94.9367,0.0315818,0.0502446
-140.506,94.9367,0.0318345,0.0515369
-136.709,94.9367,0.0320919,0.052851
-132.911,94.9367,0.0323542,0.054187
-129.114,94.9367,0.0326214,0.0555455
-125.316,94.9367,0.0328934,0.0569276
-121.519,94.9367,0.0331701,0.0583346
-117.722,94.9367,0.0334512,0.0597681
-113.924,94.9367,0.0337366,0.0612303
-110.127,94.9367,0.0340259,0.0627234
-106.329,94.9367,0.0343184,0.0642499
-102.532,94.9367,0.0346138,0.0658124
-98.7342,94.9367,0.0349112,0.0674136
-94.9367,94.9367,0.0352098,0.0690561
-91.1392,94.9367,0.0355086,0.0707424
-87.3418,94.9367,0.0358066,0.0724746
-83.5443,94.9367,0.0361026,0.0742546
-79.7468,94.9367,0.0363951,0.0760837
-75.9494,94.9367,0.0366828,0.0779627
-72.1519,94.9367,0.036964,0.0798916
-68.3544,94.9367,0.0372372,0.0818698
-64.557,94.9367,0.0375004,0.0838957
-60.7595,94.9367,0.037752,0.0859668
-56.962,94.9367,0.0379899,0.0880797
-53.1646,94.9367,0.0382124,0.09023
-49.3671,94.9367,0.0384173,0.0924122
-45.5696,94.9367,0.0386029,0.0946198
-41.7722,94.9367,0.0387671,0.0968453
-37.9747,94.9367,0.0389081,0.0990804
-34.1772,94.9367,0.0390241,0.101315
-30.3797,94.9367,0.0391134,0.103541
-26.5823,94.9367,0.0391744,0.105745
-22.7848,94.9367,0.0392056,0.107916
-18.9873,94.9367,0.0392059,0.110043
-15.1899,94.9367,0.0391739,0.112113
-11.3924,94.9367,0.0391089,0.114114
-7.59494,94.9367,0.0390101,0.116032
-3.79747,94.9367,0.038877,0.117856
0,94.9367,0.0387093,0.119572
-300,98.7342,0.0246364,0.0177918
-296.203,98.7342,0.0248121,0.0184672
-292.405,98.7342,0.0249849,0.0191536
-288.608,98.7342,0.0251552,0.0198472
-284.81,98.7342,0.0253231,0.0205444
-281.013,98.7342,0.0254888,0.0212425
-277.215,98.7342,0.0256525,0.0219389
-273.418,98.7342,0.0258147,0.0226318
-269.62,98.7342,0.0259755,0.0233198
-265.823,98.7342,0.0261354,0.0240023
-262.025,98.7342,0.0262947,0.0246789
-258.228,98.7342,0.0264537,0.0253501
-254.43,98.7342,0.0266129,0.0260167
-250.633,98.7342,0.0267725,0.02668
-246.835,98.7342,0.0269329,0.0273418
-243.038,98.7342,0.0270945,0.0280043
-239.241,98.7342,0.0272575,0.0286699
-235.443,98.7342,0.0274223,0.0293412
-231.646,98.7342,0.0275891,0.0300212
-227.848,98.7342,0.0277582,0.0307127
-224.051,98.7342,0.0279298,0.0314188
-220.253,98.7342,0.0281041,0.0321423
-216.456,98.7342,0.0282813,0.032886
-212.658,98.7342,0.0284615,0.0336525
-208.861,98.7342,0.0286448,0.0344442
-205.063,98.7342,0.0288314,0.0352631
-201.266,98.7342,0.0290213,0.0361109
-197.468,98.7342,0.0292145,0.036989
-193.671,98.7342,0.0294113,0.0378983
-189.873,98.7342,0.0296115,0.0388397
-186.076,98.7342,0.0298153,0.0398131
-182.278,98.7342,0.0300226,0.0408187
-178.481,98.7342,0.0302337,0.0418559
-174.684,98.7342,0.0304484,0.0429241
-170.886,98.7342,0.0306669,0.0440223
-167.089,98.7342,0.0308893,0.0451494
-163.291,98.7342,0.0311157,0.0463043
-159.494,98.7342,0.031346,0.0474856
-155.696,98.7342,0.0315805,0.0486922
-151.899,98.7342,0.0318191,0.0499228
-148.101,98.7342,0.0320621,0.0511766
-144.304,98.7342,0.0323095,0.0524526
-140.506,98.7342,0.0325613,0.0537503
-136.709,98.7342,0.0328176,0.0550696
-132.911,98.7342,0.0330784,0.0564104
-129.114,98.7342,0.0333436,0.0577733
-125.316,98.7342,0.0336132,0.059159
-121.519,98.7342,0.033887,0.0605687
-117.722,98.7342,0.0341648,0.062004
-113.924,98.7342,0.0344463,0.0634666
-110.127,98.7342,0.0347311,0.0649585
-106.329,98.7342,0.0350186,0.0664821
-102.532,98.7342,0.0353083,0.0680397
-98.7342,98.7342,0.0355994,0.0696337
-94.9367,98.7342,0.0358911,0.0712665
-91.1392,98.7342,0.0361825,0.0729403
-87.3418,98.7342,0.0364724,0.074657
-83.5443,98.7342,0.0367596,0.0764184
-79.7468,98.7342,0.0370428,0.0782255
-75.9494,98.7342,0.0373205,0.0800789
-72.1519,98.7342,0.0375913,0.0819785
-68.3544,98.7342,0.0378534,0.0839236
-64.557,98.7342,0.038105,0.0859126
-60.7595,98.7342,0.0383445,0.0879428
-56.962,98.7342,0.03857,0.0900109
-53.1646,98.7342,0.0387795,0.0921124
-49.3671,98.7342,0.0389711,0.0942419
-45.5696,98.7342,0.039143,0.0963932
-41.7722,98.7342,0.0392933,0.0985587
-37.9747,98.7342,0.0394201,0.10073
-34.1772,98.7342,0.0395218,0.102899
-30.3797,98.7342,0.0395966,0.105054
-26.5823,98.7342,0.039643,0.107186
-22.7848,98.7342,0.0396596,0.109283
-18.9873,98.7342,0.0396451,0.111333
-15.1899,98.7342,0.0395986,0.113325
-11.3924,98.7342,0.039519,0.115245
-7.59494,98.7342,0.0394058,0.117083
-3.79747,98.7342,0.0392584,0.118825
0,98.7342,0.0390767,0.12046
-300,102.532,0.0252777,0.0195647
-296.203,102.532,0.0254601,0.0202602
-292.405,102.532,0.0256392,0.0209661
-288.608,102.532,0.0258152,0.0216786
-284.81,102.532,0.0259884,0.0223943
-281.013,102.532,0.0261589,0.0231102
-277.215,102.532,0.0263271,0.023824
-273.418,102.532,0.0264933,0.0245337
-269.62,102.532,0.0266578,0.0252381
-265.823,102.532,0.026821,0.0259364
-262.025,102.532,0.0269833,0.0266284
-258.228,102.532,0.027145,0.0273144
-254.43,102.532,0.0273065,0.0279953
-250.633,102.532,0.0274683,0.0286723
-246.835,102.532,0.0276307,0.0293474
-243.038,102.532,0.0277941,0.0300225
-239.241,102.532,0.0279587,0.0307001
-235.443,102.532,0.028125,0.0313829
-231.646,102.532,0.0282932,0.0320737
-227.848,102.532,0.0284636,0.0327754
-224.051,102.532,0.0286364,0.0334911
-220.253,102.532,0.0288119,0.0342236
-216.456,102.532,0.0289902,0.0349757
-212.658,102.532,0.0291715,0.0357501
-208.861,102.532,0.0293558,0.0365491
-205.063,102.532,0.0295435,0.0373747
-201.266,102.532,0.0297344,0.0382288
-197.468,102.532,0.0299287,0.0391128
-193.671,102.532,0.0301264,0.0400276
-189.873,102.532,0.0303276,0.0409741
-186.076,102.532,0.0305323,0.0419524
-182.278,102.532,0.0307406,0.0429625
-178.481,102.532,0.0309524,0.0440041
-174.684,102.532,0.0311679,0.0450765
-170.886,102.532,0.0313871,0.0461788
-167.089,102.532,0.0316099,0.0473099
-163.291,102.532,0.0318366,0.0484687
-159.494,102.532,0.0320671,0.0496539
-155.696,102.532,0.0323015,0.0508642
-151.899,102.532,0.0325399,0.0520985
-148.101,102.532,0.0327823,0.0533558
-144.304,102.532,0.0330287,0.0546351
-140.506,102.532,0.0332793,0.0559359
-136.709,102.532,0.033534,0.0572578
-132.911,102.532,0.0337927,0.0586008
-129.114,102.532,0.0340555,0.0599652
-125.316,102.532,0.0343221,0.0613516
-121.519,102.532,0.0345925,0.0627612
-117.722,102.532,0.0348663,0.0641951
-113.924,102.532,0.0351433,0.065655
-110.127,102.532,0.0354229,0.0671427
-106.329,102.532,0.0357048,0.0686602
-102.532,102.532,0.0359882,0.0702098
-98.7342,102.532,0.0362725,0.0717936
-94.9367,102.532,0.0365568,0.0734138
-91.1392,102.532,0.0368401,0.0750723
-87.3418,102.532,0.0371214,0.076771
-83.5443,102.532,0.0373994,0.0785111
-79.7468,102.532,0.0376728,0.0802938
-75.9494,102.532,0.0379402,0.0821195
-72.1519,102.532,0.0382001,0.0839879
-68.3544,102.532,0.0384508,0.0858982
-64.557,102.532,0.0386907,0.0878486
-60.7595,102.532,0.0389179,0.0898366
-56.962,102.532,0.0391307,0.0918588
-53.1646,102.532,0.0393272,0.0939107
-49.3671,102.532,0.0395056,0.0959871
-45.5696,102.532,0.0396639,0.0980816
-41.7722,102.532,0.0398004,0.100187
-37.9747,102.532,0.0399132,0.102295
-34.1772,102.532,0.0400008,0.104398
-30.3797,102.532,0.0400614,0.106484
-26.5823,102.532,0.0400936,0.108544
-22.7848,102.532,0.040096,0.110567
-18.9873,102.532,0.0400674,0.112542
-15.1899,102.532,0.0400068,0.114457
-11.3924,102.532,0.0399133,0.116299
-7.59494,102.532,0.0397863,0.118058
-3.79747,102.532,0.0396254,0.119721
0,102.532,0.0394304,0.121276
-300,106.329,0.0259119,0.0213165
-296.203,106.329,0.0261008,0.0220306
-292.405,106.329,0.026286,0.0227547
-288.608,106.329,0.0264676,0.0234849
-284.81,106.329,0.0266458,0.0242179
-281.013,106.329,0.0268211,0.0249508
-277.215,106.329,0.0269936,0.0256812
-273.418,106.329,0.0271637,0.0264073
-269.62,106.329,0.0273319,0.0271277
-265.823,106.329,0.0274983,0.0278417
-262.025,106.329,0.0276636,0.028549
-258.228,106.329,0.027828,0.02925
-254.43,106.329,0.0279921,0.0299455
-250.633,106.329,0.0281561,0.0306368
-246.835,106.329,0.0283206,0.0313257
-243.038,106.329,0.0284858,0.0320142
-239.241,106.329,0.0286523,0.0327047
-235.443,106.329,0.0288202,0.0333999
-231.646,106.329,0.0289899,0.0341026
-227.848,106.329,0.0291618,0.0348157
-224.051,106.329,0.029336,0.0355422
-220.253,106.329,0.0295128,0.0362848
-216.456,106.329,0.0296924,0.0370466
-212.658,106.329,0.0298749,0.0378299
-208.861,106.329,0.0300606,0.0386372
-205.063,106.329,0.0302494,0.0394707
-201.266,106.329,0.0304414,0.040332
-197.468,106.329,0.0306369,0.0412226
-193.671,106.329,0.0308357,0.0421435
-189.873,106.329,0.0310379,0.0430956
-186.076,106.329,0.0312436,0.044079
-182.278,106.329,0.0314528,0.0450938
-178.481,106.329,0.0316655,0.0461397
-174.684,106.329,0.0318816,0.047216
-170.886,106.329,0.0321013,0.0483219
-167.089,106.329,0.0323246,0.0494563
-163.291,106.329,0.0325514,0.0506181
-159.494,106.329,0.0327819,0.051806
-155.696,106.329,0.033016,0.0530187
-151.899,106.329,0.0332537,0.0542551
-148.101,106.329,0.0334952,0.0555141
-144.304,106.329,0.0337404,0.0567948
-140.506,106.329,0.0339893,0.0580965
-136.709,106.329,0.034242,0.0594188
-132.911,106.329,0.0344982,0.0607615
-129.114,106.329,0.034758,0.0621249
-125.316,106.329,0.0350212,0.0635095
-121.519,106.329,0.0352876,0.0649161
-117.722,106.329,0.035557,0.0663458
-113.924,106.329,0.0358289,0.0678002
-110.127,106.329,0.0361029,0.0692809
-106.329,106.329,0.0363786,0.0707897
-102.532,106.329,0.0366553,0.0723285
-98.7342,106.329,0.0369322,0.0738994
-94.9367,106.329,0.0372086,0.0755044
-91.1392,106.329,0.0374834,0.0771451
-87.3418,106.329,0.0377556,0.0788233
-83.5443,106.329,0.0380239,0.0805401
-79.7468,106.329,0.0382872,0.0822964
-75.9494,106.329,0.038544,0.0840924
-72.1519,106.329,0.0387927,0.0859279
-68.3544,106.329,0.0390319,0.0878019
-64.557,106.329,0.0392597,0.0897126
-60.7595,106.329,0.0394746,0.0916574
-56.962,106.329,0.0396747,0.0936329
-53.1646,106.329,0.0398582,0.0956347
-49.3671,106.329,0.0400233,0.0976575
-45.5696,106.329,0.0401682,0.0996952
-41.7722,106.329,0.0402911,0.101741
-37.9747,106.329,0.0403902,0.103786
-34.1772,106.329,0.040464,0.105823
-30.3797,106.329,0.0405108,0.107841
-26.5823,106.329,0.0405292,0.109831
-22.7848,106.329,0.0405178,0.111782
-18.9873,106.329,0.0404756,0.113682
-15.1899,106.329,0.0404015,0.115522
-11.3924,106.329,0.0402948,0.117288
-7.59494,106.329,0.0401547,0.118969
-3.79747,106.329,0.039981,0.120555
0,106.329,0.0397734,0.122033
-300,110.127,0.0265391,0.0230481
-296.203,110.127,0.0267343,0.0237794
-292.405,110.127,0.0269252,0.0245203
-288.608,110.127,0.0271122,0.025267
-284.81,110.127,0.0272955,0.0260163
-281.013,110.127,0.0274753,0.0267653
-277.215,110.127,0.027652,0.0275117
-273.418,110.127,0.027826,0.0282536
-269.62,110.127,0.0279977,0.0289896
-265.823,110.127,0.0281674,0.0297191
-262.025,110.127,0.0283357,0.0304417
-258.228,110.127,0.0285029,0.0311579
-254.43,110.127,0.0286694,0.0318683
-250.633,110.127,0.0288358,0.0325744
-246.835,110.127,0.0290025,0.0332777
-243.038,110.127,0.0291698,0.0339803
-239.241,110.127,0.0293381,0.0346846
-235.443,110.127,0.0295078,0.0353931
-231.646,110.127,0.0296793,0.0361087
-227.848,110.127,0.0298528,0.0368342
-224.051,110.127,0.0300286,0.0375726
-220.253,110.127,0.0302069,0.0383266
-216.456,110.127,0.030388,0.039099
-212.658,110.127,0.030572,0.0398924
-208.861,110.127,0.030759,0.0407092
-205.063,110.127,0.0309492,0.0415514
-201.266,110.127,0.0311426,0.0424208
-197.468,110.127,0.0313394,0.0433188
-193.671,110.127,0.0315394,0.0442466
-189.873,110.127,0.0317428,0.0452048
-186.076,110.127,0.0319495,0.0461937
-182.278,110.127,0.0321596,0.0472134
-178.481,110.127,0.0323731,0.0482636
-174.684,110.127,0.03259,0.0493437
-170.886,110.127,0.0328101,0.0504528
-167.089,110.127,0.0330337,0.0515899
-163.291,110.127,0.0332606,0.0527539
-159.494,110.127,0.0334908,0.0539435
-155.696,110.127,0.0337244,0.0551574
-151.899,110.127,0.0339613,0.0563946
-148.101,110.127,0.0342016,0.0576537
-144.304,110.127,0.0344453,0.058934
-140.506,110.127,0.0346922,0.0602347
-136.709,110.127,0.0349424,0.0615553
-132.911,110.127,0.0351958,0.0628956
-129.114,110.127,0.0354523,0.0642557
-125.316,110.127,0.0357116,0.065636
-121.519,110.127,0.0359736,0.0670372
-117.722,110.127,0.036238,0.0684604
-113.924,110.127,0.0365044,0.0699068
-110.127,110.127,0.0367724,0.0713779
-106.329,110.127,0.0370414,0.0728754
-102.532,110.127,0.0373109,0.0744011
-98.7342,110.127,0.03758,0.0759567
-94.9367,110.127,0.037848,0.0775441
-91.1392,110.127,0.0381139,0.079165
-87.3418,110.127,0.0383767,0.0808206
-83.5443,110.127,0.0386351,0.0825121
-79.7468,110.127,0.038888,0.0842403
-75.9494,110.127,0.0391338,0.0860052
-72.1519,110.127,0.0393712,0.0878064
-68.3544,110.127,0.0395986,0.089643
-64.557,110.127,0.0398144,0.091513
-60.7595,110.127,0.0400169,0.0934138
-56.962,110.127,0.0402043,0.0953421
-53.1646,110.127,0.0403748,0.0972935
-49.3671,110.127,0.0405268,0.0992629
-45.5696,110.127,0.0406584,0.101244
-41.7722,110.127,0.0407679,0.10323
-37.9747,110.127,0.0408537,0.105213
-34.1772,110.127,0.040914,0.107185
-30.3797,110.127,0.0409474,0.109136
-26.5823,110.127,0.0409524,0.111057
-22.7848,110.127,0.0409279,0.112937
-18.9873,110.127,0.0408726,0.114765
-15.1899,110.127,0.0407857,0.116531
-11.3924,110.127,0.0406663,0.118222
-7.59494,110.127,0.0405138,0.119829
-3.79747,110.127,0.0403279,0.121339
0,110.127,0.0401085,0.122743
-300,113.924,0.0271593,0.0247608
-296.203,113.924,0.0273604,0.0255078
-292.405,113.924,0.027557,0.0262642
-288.608,113.924,0.0277492,0.0270263
-284.81,113.924,0.0279372,0.0277909
-281.013,113.924,0.0281215,0.0285551
-277.215,113.924,0.0283023,0.0293167
-273.418,113.924,0.0284801,0.0300738
-269.62,113.924,0.0286553,0.0308251
-265.823,113.924,0.0288283,0.0315698
-262.025,113.924,0.0289995,0.0323077
-258.228,113.924,0.0291695,0.0330391
-254.43,113.924,0.0293387,0.0337648
-250.633,113.924,0.0295075,0.0344859
-246.835,113.924,0.0296764,0.0352042
-243.038,113.924,0.0298458,0.0359216
-239.241,113.924,0.0300162,0.0366404
-235.443,113.924,0.0301879,0.0373632
-231.646,113.924,0.0303613,0.0380927
-227.848,113.924,0.0305366,0.0388317
-224.051,113.924,0.0307142,0.0395829
-220.253,113.924,0.0308943,0.0403493
-216.456,113.924,0.0310771,0.0411336
-212.658,113.924,0.0312627,0.0419381
-208.861,113.924,0.0314513,0.0427654
-205.063,113.924,0.0316431,0.0436173
-201.266,113.924,0.031838,0.0444957
-197.468,113.924,0.0320362,0.045402
-193.671,113.924,0.0322376,0.0463372
-189.873,113.924,0.0324422,0.0473021
-186.076,113.924,0.0326501,0.0482969
-182.278,113.924,0.0328613,0.0493218
-178.481,113.924,0.0330756,0.0503764
-174.684,113.924,0.0332931,0.0514601
-170.886,113.924,0.0335138,0.0525721
-167.089,113.924,0.0337375,0.0537115
-163.291,113.924,0.0339644,0.054877
-159.494,113.924,0.0341943,0.0560675
-155.696,113.924,0.0344272,0.0572816
-151.899,113.924,0.0346631,0.0585182
-148.101,113.924,0.034902,0.0597762
-144.304,113.924,0.0351439,0.0610546
-140.506,113.924,0.0353886,0.0623526
-136.709,113.924,0.0356361,0.0636697
-132.911,113.924,0.0358862,0.0650056
-129.114,113.924,0.036139,0.0663604
-125.316,113.924,0.0363941,0.0677343
-121.519,113.924,0.0366513,0.069128
-117.722,113.924,0.0369104,0.0705424
-113.924,113.924,0.0371709,0.0719785
-110.127,113.924,0.0374324,0.0734379
-106.329,113.924,0.0376944,0.0749219
-102.532,113.924,0.0379563,0.0764323
-98.7342,113.924,0.0382173,0.0779706
-94.9367,113.924,0.0384767,0.0795386
-91.1392,113.924,0.0387334,0.0811376
-87.3418,113.924,0.0389864,0.082769
-83.5443,113.924,0.0392346,0.0844337
-79.7468,113.924,0.0394768,0.0861323
-75.9494,113.924,0.0397116,0.0878648
-72.1519,113.924,0.0399376,0.0896308
-68.3544,113.924,0.0401531,0.091429
-64.557,113.924,0.0403568,0.0932578
-60.7595,113.924,0.0405469,0.0951143
-56.962,113.924,0.0407216,0.0969952
-53.1646,113.924,0.0408794,0.0988963
-49.3671,113.924,0.0410184,0.100812
-45.5696,113.924,0.041137,0.102737
-41.7722,113.924,0.0412334,0.104665
-37.9747,113.924,0.0413061,0.106587
-34.1772,113.924,0.0413533,0.108495
-30.3797,113.924,0.0413738,0.11038
-26.5823,113.924,0.041366,0.112233
-22.7848,113.924,0.0413288,0.114044
-18.9873,113.924,0.041261,0.115801
-15.1899,113.924,0.0411618,0.117495
-11.3924,113.924,0.0410304,0.119114
-7.59494,113.924,0.0408662,0.120648
-3.79747,113.924,0.0406689,0.122085
0,113.924,0.0404384,0.123416
-300,117.722,0.0277724,0.026456
-296.203,117.722,0.0279794,0.0272172
-292.405,117.722,0.0281813,0.0279878
-288.608,117.722,0.0283785,0.0287642
-284.81,117.722,0.0285712,0.029543
-281.013,117.722,0.0287598,0.0303216
-277.215,117.722,0.0289446,0.0310977
-273.418,117.722,0.0291261,0.0318694
-269.62,117.722,0.0293047,0.0326355
-265.823,117.722,0.0294809,0.0333952
-262.025,117.722,0.0296551,0.0341482
-258.228,117.722,0.0298279,0.0348949
-254.43,117.722,0.0299997,0.035636
-250.633,117.722,0.030171,0.0363726
-246.835,117.722,0.0303423,0.0371063
-243.038,117.722,0.0305141,0.0378391
-239.241,117.722,0.0306866,0.0385731
-235.443,117.722,0.0308605,0.039311
-231.646,117.722,0.0310359,0.0400552
-227.848,117.722,0.0312132,0.0408085
-224.051,117.722,0.0313928,0.0415737
-220.253,117.722,0.0315748,0.0423535
-216.456,117.722,0.0317595,0.0431506
-212.658,117.722,0.031947,0.0439673
-208.861,117.722,0.0321374,0.044806
-205.063,117.722,0.0323309,0.0456686
-201.266,117.722,0.0325276,0.0465568
-197.468,117.722,0.0327273,0.0474721
-193.671,117.722,0.0329302,0.0484155
-189.873,117.722,0.0331363,0.0493876
-186.076,117.722,0.0333455,0.0503888
-182.278,117.722,0.0335577,0.051419
-178.481,117.722,0.033773,0.0524782
-174.684,117.722,0.0339912,0.0535655
-170.886,117.722,0.0342123,0.0546803
-167.089,117.722,0.0344363,0.0558215
-163.291,117.722,0.034663,0.056988
-159.494,117.722,0.0348925,0.0581786
-155.696,117.722,0.0351246,0.0593921
-151.899,117.722,0.0353594,0.0606272
-148.101,117.722,0.0355967,0.0618828
-144.304,117.722,0.0358366,0.0631579
-140.506,117.722,0.0360788,0.0644517
-136.709,117.722,0.0363233,0.0657637
-132.911,117.722,0.03657,0.0670936
-129.114,117.722,0.0368188,0.0684413
-125.316,117.722,0.0370694,0.069807
-121.519,117.722,0.0373215,0.0711912
-117.722,117.722,0.0375749,0.0725948
-113.924,117.722,0.0378292,0.0740189
-110.127,117.722,0.038084,0.0754645
-106.329,117.722,0.0383387,0.0769332
-102.532,117.722,0.0385927,0.0784264
-98.7342,117.722,0.0388453,0.0799457
-94.9367,117.722,0.0390957,0.0814926
-91.1392,117.722,0.0393429,0.0830683
-87.3418,117.722,0.0395861,0.084674
-83.5443,117.722,0.0398239,0.0863107
-79.7468,117.722,0.0400553,0.0879786
-75.9494,117.722,0.0402789,0.0896779
-72.1519,117.722,0.0404934,0.0914078
-68.3544,117.722,0.0406971,0.0931673
-64.557,117.722,0.0408887,0.0949544
-60.7595,117.722,0.0410664,0.0967665
-56.962,117.722,0.0412287,0.0986002
-53.1646,117.722,0.0413739,0.100451
-49.3671,117.722,0.0415002,0.102314
-45.5696,117.722,0.041606,0.104184
-41.7722,117.722,0.0416897,0.106054
-37.9747,117.722,0.0417496,0.107915
-34.1772,117.722,0.0417843,0.109761
-30.3797,117.722,0.0417923,0.111582
-26.5823,117.722,0.0417722,0.113369
-22.7848,117.722,0.0417229,0.115112
-18.9873,117.722,0.0416432,0.116801
-15.1899,117.722,0.0415324,0.118425
-11.3924,117.722,0.0413896,0.119974
-7.59494,117.722,0.0412144,0.121437
-3.79747,117.722,0.0410064,0.122804
0,117.722,0.0407655,0.124064
-300,121.519,0.0283787,0.028135
-296.203,121.519,0.0285912,0.0289092
-292.405,121.519,0.0287983,0.0296928
-288.608,121.519,0.0290003,0.0304822
-284.81,121.519,0.0291975,0.0312742
-281.013,121.519,0.0293902,0.0320663
-277.215,121.519,0.0295789,0.0328561
-273.418,121.519,0.029764,0.0336418
-269.62,121.519,0.0299459,0.0344223
-265.823,121.519,0.0301253,0.0351966
-262.025,121.519,0.0303025,0.0359647
-258.228,121.519,0.0304781,0.0367266
-254.43,121.519,0.0306526,0.0374832
-250.633,121.519,0.0308265,0.0382355
-246.835,121.519,0.0310002,0.038985
-243.038,121.519,0.0311744,0.0397336
-239.241,121.519,0.0313493,0.0404835
-235.443,121.519,0.0315254,0.0412371
-231.646,121.519,0.031703,0.0419968
-227.848,121.519,0.0318825,0.0427653
-224.051,121.519,0.0320643,0.0435453
-220.253,121.519,0.0322484,0.0443394
-216.456,121.519,0.0324352,0.0451502
-212.658,121.519,0.0326247,0.04598
-208.861,121.519,0.0328172,0.046831
-205.063,121.519,0.0330127,0.0477052
-201.266,121.519,0.0332111,0.0486041
-197.468,121.519,0.0334127,0.0495291
-193.671,121.519,0.0336173,0.0504812
-189.873,121.519,0.0338249,0.0514611
-186.076,121.519,0.0340354,0.052469
-182.278,121.519,0.0342489,0.053505
-178.481,121.519,0.0344651,0.0545688
-174.684,121.519,0.0346841,0.0556598
-170.886,121.519,0.0349057,0.0567771
-167.089,121.519,0.0351299,0.0579199
-163.291,121.519,0.0353565,0.059087
-159.494,121.519,0.0355855,0.0602771
-155.696,121.519,0.0358168,0.0614891
-151.899,121.519,0.0360503,0.0627218
-148.101,121.519,0.036286,0.0639739
-144.304,121.519,0.0365236,0.0652446
-140.506,121.519,0.0367632,0.066533
-136.709,121.519,0.0370046,0.0678386
-132.911,121.519,0.0372476,0.0691609
-129.114,121.519,0.0374921,0.0704999
-125.316,121.519,0.0377379,0.0718558
-121.519,121.519,0.0379847,0.073229
-117.722,121.519,0.0382322,0.0746202
-113.924,121.519,0.0384801,0.0760304
-110.127,121.519,0.0387278,0.0774608
-106.329,121.519,0.038975,0.0789126
-102.532,121.519,0.0392209,0.0803872
-98.7342,121.519,0.0394648,0.081886
-94.9367,121.519,0.0397061,0.0834104
-91.1392,121.519,0.0399438,0.0849616
-87.3418,121.519,0.0401768,0.0865406
-83.5443,121.519,0.0404042,0.0881483
-79.7468,121.519,0.0406248,0.0897848
-75.9494,121.519,0.0408372,0.0914502
-72.1519,121.519,0.0410401,0.0931437
-68.3544,121.519,0.0412321,0.0948642
-64.557,121.519,0.0414117,0.0966097
-60.7595,121.519,0.0415773,0.0983776
-56.962,121.519,0.0417273,0.100164
-53.1646,121.519,0.04186,0.101966
-49.3671,121.519,0.0419739,0.103777
-45.5696,121.519,0.0420674,0.105593
-41.7722,121.519,0.0421387,0.107405
-37.9747,121.519,0.0421864,0.109208
-34.1772,121.519,0.0422089,0.110993
-30.3797,121.519,0.0422049,0.112751
-26.5823,121.519,0.0421731,0.114474
-22.7848,121.519,0.0421122,0.116151
-18.9873,121.519,0.0420214,0.117774
-15.1899,121.519,0.0418995,0.11933
-11.3924,121.519,0.0417461,0.120811
-7.59494,121.519,0.0415605,0.122206
-3.79747,121.519,0.0413425,0.123505
0,121.519,0.0410919,0.124697
-300,125.316,0.0289782,0.0297994
-296.203,125.316,0.029196,0.0305853
-292.405,125.316,0.0294081,0.0313806
-288.608,125.316,0.0296146,0.0321819
-284.81,125.316,0.0298161,0.0329862
-281.013,125.316,0.0300128,0.0337908
-277.215,125.316,0.0302053,0.0345935
-273.418,125.316,0.0303938,0.0353927
-269.62,125.316,0.0305791,0.036187
-265.823,125.316,0.0307616,0.0369756
-262.025,125.316,0.0309417,0.0377584
-258.228,125.316,0.0311201,0.0385355
-254.43,125.316,0.0312973,0.0393076
-250.633,125.316,0.0314738,0.0400757
-246.835,125.316,0.0316501,0.0408413
-243.038,125.316,0.0318267,0.0416062
-239.241,125.316,0.0320041,0.0423724
-235.443,125.316,0.0321826,0.0431422
-231.646,125.316,0.0323626,0.043918
-227.848,125.316,0.0325445,0.0447025
-224.051,125.316,0.0327285,0.045498
-220.253,125.316,0.032915,0.0463073
-216.456,125.316,0.033104,0.0471326
-212.658,125.316,0.0332958,0.0479762
-208.861,125.316,0.0334905,0.0488404
-205.063,125.316,0.0336881,0.0497268
-201.266,125.316,0.0338886,0.0506371
-197.468,125.316,0.0340921,0.0515725
-193.671,125.316,0.0342985,0.0525339
-189.873,125.316,0.0345078,0.053522
-186.076,125.316,0.0347199,0.0545371
-182.278,125.316,0.0349346,0.0555791
-178.481,125.316,0.035152,0.0566477
-174.684,125.316,0.0353718,0.0577423
-170.886,125.316,0.035594,0.0588622
-167.089,125.316,0.0358183,0.0600063
-163.291,125.316,0.0360448,0.0611735
-159.494,125.316,0.0362733,0.0623627
-155.696,125.316,0.0365037,0.0635726
-151.899,125.316,0.0367359,0.064802
-148.101,125.316,0.0369697,0.0660499
-144.304,125.316,0.0372051,0.0673151
-140.506,125.316,0.0374418,0.068597
-136.709,125.316,0.0376799,0.0698949
-132.911,125.316,0.0379191,0.0712084
-129.114,125.316,0.0381592,0.0725374
-125.316,125.316,0.0384,0.0738821
-121.519,125.316,0.0386413,0.0752429
-117.722,125.316,0.0388827,0.0766203
-113.924,125.316,0.0391239,0.0780154
-110.127,125.316,0.0393645,0.0794291
-106.329,125.316,0.0396039,0.0808627
-102.532,125.316,0.0398415,0.0823174
-98.7342,125.316,0.0400767,0.0837946
-94.9367,125.316,0.0403087,0.0852955
-91.1392,125.316,0.0405367,0.0868213
-87.3418,125.316,0.0407596,0.0883729
-83.5443,125.316,0.0409765,0.0899509
-79.7468,125.316,0.0411862,0.0915556
-75.9494,125.316,0.0413875,0.0931869
-72.1519,125.316,0.041579,0.0948439
-68.3544,125.316,0.0417594,0.0965255
-64.557,125.316,0.0419271,0.0982296
-60.7595,125.316,0.0420808,0.0999537
-56.962,125.316,0.0422187,0.101694
-53.1646,125.316,0.0423394,0.103447
-49.3671,125.316,0.0424413,0.105208
-45.5696,125.316,0.0425227,0.10697
-41.7722,125.316,0.0425821,0.108727
-37.9747,125.316,0.042618,0.110473
-34.1772,125.316,0.0426289,0.112199
-30.3797,125.316,0.0426135,0.113896
-26.5823,125.316,0.0425705,0.115557
-22.7848,125.316,0.0424988,0.117171
-18.9873,125.316,0.0423973,0.118728
-15.1899,125.316,0.0422652,0.12022
-11.3924,125.316,0.0421017,0.121635
-7.59494,125.316,0.0419065,0.122964
-3.79747,125.316,0.0416792,0.124197
0,125.316,0.0414196,0.125324
-300,129.114,0.0295711,0.0314508
-296.203,129.114,0.029794,0.032247
-292.405,129.114,0.0300108,0.0330529
-288.608,129.114,0.0302217,0.033865
-284.81,129.114,0.0304273,0.0346805
-281.013,129.114,0.0306278,0.0354968
-277.215,129.114,0.0308238,0.0363117
-273.418,129.114,0.0310158,0.0371235
-269.62,129.114,0.0312043,0.0379311
-265.823,129.114,0.0313897,0.0387336
-262.025,129.114,0.0315728,0.0395308
-258.228,129.114,0.031754,0.0403229
-254.43,129.114,0.0319339,0.0411104
-250.633,129.114,0.032113,0.0418944
-246.835,129.114,0.0322919,0.0426762
-243.038,129.114,0.0324711,0.0434575
-239.241,129.114,0.032651,0.0442404
-235.443,129.114,0.032832,0.0450269
-231.646,129.114,0.0330145,0.0458194
-227.848,129.114,0.0331989,0.0466203
-224.051,129.114,0.0333854,0.047432
-220.253,129.114,0.0335743,0.048257
-216.456,129.114,0.0337658,0.0490975
-212.658,129.114,0.03396,0.0499557
-208.861,129.114,0.0341571,0.0508336
-205.063,129.114,0.0343569,0.051733
-201.266,129.114,0.0345597,0.0526552
-197.468,129.114,0.0347653,0.0536016
-193.671,129.114,0.0349737,0.0545728
-189.873,129.114,0.0351848,0.0555696
-186.076,129.114,0.0353985,0.0565922
-182.278,129.114,0.0356147,0.0576404
-178.481,129.114,0.0358332,0.0587139
-174.684,129.114,0.0360539,0.0598122
-170.886,129.114,0.0362767,0.0609345
-167.089,129.114,0.0365013,0.0620797
-163.291,129.114,0.0367277,0.0632468
-159.494,129.114,0.0369557,0.0644346
-155.696,129.114,0.0371851,0.0656418
-151.899,129.114,0.0374158,0.0668673
-148.101,129.114,0.0376478,0.0681101
-144.304,129.114,0.0378808,0.0693691
-140.506,129.114,0.0381146,0.0706435
-136.709,129.114,0.0383492,0.0719327
-132.911,129.114,0.0385844,0.0732363
-129.114,129.114,0.03882,0.0745543
-125.316,129.114,0.0390557,0.0758866
-121.519,129.114,0.0392913,0.0772338
-117.722,129.114,0.0395265,0.0785963
-113.924,129.114,0.039761,0.0799751
-110.127,129.114,0.0399942,0.0813711
-106.329,129.114,0.0402257,0.0827855
-102.532,129.114,0.040455,0.0842194
-98.7342,129.114,0.0406814,0.0856742
-94.9367,129.114,0.0409041,0.0871509
-91.1392,129.114,0.0411223,0.0886507
-87.3418,129.114,0.0413352,0.0901743
-83.5443,129.114,0.0415416,0.0917224
-79.7468,129.114,0.0417405,0.0932951
-75.9494,129.114,0.0419307,0.0948922
-72.1519,129.114,0.042111,0.096513
-68.3544,129.114,0.0422799,0.098156
-64.557,129.114,0.0424361,0.0998194
-60.7595,129.114,0.042578,0.1015
-56.962,129.114,0.0427043,0.103196
-53.1646,129.114,0.0428133,0.104901
-49.3671,129.114,0.0429035,0.106612
-45.5696,129.114,0.0429733,0.108322
-41.7722,129.114,0.0430213,0.110026
-37.9747,129.114,0.043046,0.111716
-34.1772,129.114,0.0430458,0.113385
-30.3797,129.114,0.0430196,0.115024
-26.5823,129.114,0.0429661,0.116624
-22.7848,129.114,0.0428841,0.118177
-18.9873,129.114,0.0427726,0.119673
-15.1899,129.114,0.0426309,0.121102
-11.3924,129.114,0.0424581,0.122454
-7.59494,129.114,0.042254,0.12372
-3.79747,129.114,0.042018,0.124889
0,129.114,0.0417502,0.125954
-300,132.911,0.0301577,0.0330908
-296.203,132.911,0.0303853,0.0338961
-292.405,132.911,0.0306065,0.0347113
-288.608,132.911,0.0308217,0.0355332
-284.81,132.911,0.0310311,0.0363589
-281.013,132.911,0.0312353,0.0371859
-277.215,132.911,0.0314348,0.0380121
-273.418,132.911,0.03163,0.038836
-269.62,132.911,0.0318215,0.0396562
-265.823,132.911,0.0320099,0.0404721
-262.025,132.911,0.0321958,0.0412833
-258.228,132.911,0.0323798,0.04209
-254.43,132.911,0.0325624,0.0428928
-250.633,132.911,0.0327442,0.0436925
-246.835,132.911,0.0329257,0.0444906
-243.038,132.911,0.0331074,0.0452886
-239.241,132.911,0.0332899,0.0460883
-235.443,132.911,0.0334735,0.0468918
-231.646,132.911,0.0336586,0.0477013
-227.848,132.911,0.0338456,0.048519
-224.051,132.911,0.0340347,0.0493474
-220.253,132.911,0.0342262,0.0501886
-216.456,132.911,0.0344203,0.0510448
-212.658,132.911,0.0346171,0.0519181
-208.861,132.911,0.0348166,0.0528103
-205.063,132.911,0.035019,0.0537231
-201.266,132.911,0.0352241,0.0546578
-197.468,132.911,0.0354319,0.0556155
-193.671,132.911,0.0356424,0.056597
-189.873,132.911,0.0358555,0.0576028
-186.076,132.911,0.0360709,0.058633
-182.278,132.911,0.0362886,0.0596876
-178.481,132.911,0.0365084,0.0607662
-174.684,132.911,0.0367301,0.0618682
-170.886,132.911,0.0369534,0.0629928
-167.089,132.911,0.0371784,0.0641389
-163.291,132.911,0.0374046,0.0653055
-159.494,132.911,0.0376321,0.0664915
-155.696,132.911,0.0378606,0.0676956
-151.899,132.911,0.0380899,0.0689167
-148.101,132.911,0.0383199,0.0701537
-144.304,132.911,0.0385504,0.0714056
-140.506,132.911,0.0387813,0.0726717
-136.709,132.911,0.0390124,0.0739514
-132.911,132.911,0.0392435,0.0752443
-129.114,132.911,0.0394745,0.0765503
-125.316,132.911,0.039705,0.0778694
-121.519,132.911,0.0399348,0.079202
-117.722,132.911,0.0401637,0.0805488
-113.924,132.911,0.0403913,0.0819104
-110.127,132.911,0.0406171,0.0832879
-106.329,132.911,0.0408407,0.0846823
-102.532,132.911,0.0410616,0.0860948
-98.7342,132.911,0.0412791,0.0875265
-94.9367,132.911,0.0414925,0.0889786
-91.1392,132.911,0.0417011,0.090452
-87.3418,132.911,0.0419039,0.0919475
-83.5443,132.911,0.0420999,0.0934656
-79.7468,132.911,0.0422882,0.0950065
-75.9494,132.911,0.0424676,0.0965698
-72.1519,132.911,0.0426367,0.0981547
-68.3544,132.911,0.0427945,0.0997598
-64.557,132.911,0.0429393,0.101383
-60.7595,132.911,0.04307,0.103022
-56.962,132.911,0.0431849,0.104674
-53.1646,132.911,0.0432826,0.106333
-49.3671,132.911,0.0433616,0.107996
-45.5696,132.911,0.0434204,0.109656
-41.7722,132.911,0.0434575,0.111308
-37.9747,132.911,0.0434714,0.112945
-34.1772,132.911,0.0434608,0.114558
-30.3797,132.911,0.0434244,0.116141
-26.5823,132.911,0.043361,0.117684
-22.7848,132.911,0.0432694,0.119178
-18.9873,132.911,0.0431486,0.120614
-15.1899,132.911,0.042998,0.121983
-11.3924,132.911,0.0428167,0.123274
-7.59494,132.911,0.0426043,0.124479
-3.79747,132.911,0.0423604,0.125588
0,132.911,0.0420851,0.126592
-300,136.709,0.030738,0.0347208
-296.203,136.709,0.0309702,0.0355341
-292.405,136.709,0.0311957,0.0363576
-288.608,136.709,0.0314147,0.0371881
-284.81,136.709,0.0316279,0.038023
-281.013,136.709,0.0318355,0.0388598
-277.215,136.709,0.0320382,0.0396965
-273.418,136.709,0.0322365,0.0405316
-269.62,136.709,0.032431,0.0413638
-265.823,136.709,0.0326222,0.0421924
-262.025,136.709,0.0328109,0.0430172
-258.228,136.709,0.0329975,0.0438382
-254.43,136.709,0.0331828,0.0446559
-250.633,136.709,0.0333672,0.0454712
-246.835,136.709,0.0335513,0.0462854
-243.038,136.709,0.0337356,0.0471
-239.241,136.709,0.0339207,0.0479166
-235.443,136.709,0.034107,0.0487372
-231.646,136.709,0.0342948,0.0495638
-227.848,136.709,0.0344844,0.0503987
-224.051,136.709,0.0346763,0.051244
-220.253,136.709,0.0348705,0.0521017
-216.456,136.709,0.0350673,0.052974
-212.658,136.709,0.0352667,0.0538628
-208.861,136.709,0.0354689,0.0547696
-205.063,136.709,0.0356738,0.0556962
-201.266,136.709,0.0358814,0.0566437
-197.468,136.709,0.0360916,0.0576131
-193.671,136.709,0.0363043,0.0586051
-189.873,136.709,0.0365194,0.0596201
-186.076,136.709,0.0367367,0.0606582
-182.278,136.709,0.036956,0.0617193
-178.481,136.709,0.0371771,0.062803
-174.684,136.709,0.0373998,0.0639086
-170.886,136.709,0.0376238,0.0650353
-167.089,136.709,0.0378491,0.0661822
-163.291,136.709,0.0380752,0.0673481
-159.494,136.709,0.0383022,0.0685319
-155.696,136.709,0.0385297,0.0697324
-151.899,136.709,0.0387575,0.0709485
-148.101,136.709,0.0389856,0.0721792
-144.304,136.709,0.0392136,0.0734235
-140.506,136.709,0.0394415,0.0746807
-136.709,136.709,0.039669,0.0759502
-132.911,136.709,0.039896,0.0772316
-129.114,136.709,0.0401222,0.0785248
-125.316,136.709,0.0403475,0.0798299
-121.519,136.709,0.0405715,0.0811473
-117.722,136.709,0.040794,0.0824775
-113.924,136.709,0.0410146,0.0838214
-110.127,136.709,0.0412331,0.0851798
-106.329,136.709,0.0414488,0.0865537
-102.532,136.709,0.0416613,0.0879443
-98.7342,136.709,0.0418699,0.0893527
-94.9367,136.709,0.0420741,0.09078
-91.1392,136.709,0.0422731,0.092227
-87.3418,136.709,0.042466,0.0936945
-83.5443,136.709,0.0426518,0.0951828
-79.7468,136.709,0.0428297,0.0966922
-75.9494,136.709,0.0429984,0.0982222
-72.1519,136.709,0.0431567,0.099772
-68.3544,136.709,0.0433036,0.10134
-64.557,136.709,0.0434375,0.102925
-60.7595,136.709,0.0435572,0.104523
-56.962,136.709,0.0436612,0.106132
-53.1646,136.709,0.0437481,0.107747
-49.3671,136.709,0.0438164,0.109363
-45.5696,136.709,0.0438646,0.110975
-41.7722,136.709,0.0438914,0.112578
-37.9747,136.709,0.0438952,0.114163
-34.1772,136.709,0.0438748,0.115724
-30.3797,136.709,0.0438289,0.117252
-26.5823,136.709,0.0437562,0.11874
-22.7848,136.709,0.0436557,0.120178
-18.9873,136.709,0.0435264,0.121557
-15.1899,136.709,0.0433675,0.122868
-11.3924,136.709,0.0431784,0.124102
-7.59494,136.709,0.0429585,0.125249
-3.79747,136.709,0.0427075,0.1263
0,136.709,0.0424252,0.127247
-300,140.506,0.0313125,0.0363425
-296.203,140.506,0.0315489,0.0371626
-292.405,140.506,0.0317784,0.0379932
-288.608,140.506,0.0320011,0.0388314
-284.81,140.506,0.0322177,0.0396744
-281.013,140.506,0.0324286,0.0405201
-277.215,140.506,0.0326343,0.0413664
-273.418,140.506,0.0328356,0.0422119
-269.62,140.506,0.0330328,0.0430553
-265.823,140.506,0.0332268,0.0438961
-262.025,140.506,0.0334181,0.0447338
-258.228,140.506,0.0336073,0.0455686
-254.43,140.506,0.0337951,0.0464008
-250.633,140.506,0.0339821,0.0472315
-246.835,140.506,0.0341687,0.0480615
-243.038,140.506,0.0343557,0.0488924
-239.241,140.506,0.0345434,0.0497258
-235.443,140.506,0.0347323,0.0505635
-231.646,140.506,0.0349228,0.0514074
-227.848,140.506,0.0351152,0.0522594
-224.051,140.506,0.0353098,0.0531217
-220.253,140.506,0.0355068,0.0539961
-216.456,140.506,0.0357064,0.0548847
-212.658,140.506,0.0359085,0.055789
-208.861,140.506,0.0361134,0.0567108
-205.063,140.506,0.036321,0.0576513
-201.266,140.506,0.0365311,0.0586118
-197.468,140.506,0.0367438,0.059593
-193.671,140.506,0.0369588,0.0605956
-189.873,140.506,0.037176,0.0616199
-186.076,140.506,0.0373952,0.062666
-182.278,140.506,0.0376162,0.0637336
-178.481,140.506,0.0378387,0.0648223
-174.684,140.506,0.0380624,0.0659315
-170.886,140.506,0.0382872,0.0670602
-167.089,140.506,0.0385128,0.0682075
-163.291,140.506,0.0387389,0.0693724
-159.494,140.506,0.0389653,0.0705537
-155.696,140.506,0.0391918,0.0717503
-151.899,140.506,0.0394182,0.072961
-148.101,140.506,0.0396443,0.0741849
-144.304,140.506,0.0398698,0.075421
-140.506,140.506,0.0400946,0.0766687
-136.709,140.506,0.0403185,0.0779273
-132.911,140.506,0.0405413,0.0791966
-129.114,140.506,0.0407628,0.0804765
-125.316,140.506,0.0409827,0.0817671
-121.519,140.506,0.0412009,0.0830687
-117.722,140.506,0.0414171,0.084382
-113.924,140.506,0.0416308,0.0857076
-110.127,140.506,0.0418418,0.0870465
-106.329,140.506,0.0420496,0.0883997
-102.532,140.506,0.0422538,0.0897683
-98.7342,140.506,0.0424538,0.0911533
-94.9367,140.506,0.0426488,0.0925557
-91.1392,140.506,0.0428383,0.0939765
-87.3418,140.506,0.0430215,0.0954163
-83.5443,140.506,0.0431973,0.0968754
-79.7468,140.506,0.043365,0.098354
-75.9494,140.506,0.0435233,0.0998516
-72.1519,140.506,0.0436712,0.101367
-68.3544,140.506,0.0438075,0.1029
-64.557,140.506,0.0439309,0.104447
-60.7595,140.506,0.0440401,0.106006
-56.962,140.506,0.0441337,0.107573
-53.1646,140.506,0.0442102,0.109145
-49.3671,140.506,0.0442684,0.110717
-45.5696,140.506,0.0443067,0.112284
-41.7722,140.506,0.0443237,0.113839
-37.9747,140.506,0.0443181,0.115375
-34.1772,140.506,0.0442885,0.116886
-30.3797,140.506,0.0442337,0.118363
-26.5823,140.506,0.0441525,0.119798
-22.7848,140.506,0.0440438,0.121182
-18.9873,140.506,0.0439067,0.122507
-15.1899,140.506,0.0437403,0.123764
-11.3924,140.506,0.043544,0.124943
-7.59494,140.506,0.0433173,0.126034
-3.79747,140.506,0.0430599,0.12703
0,140.506,0.0427715,0.127922
-300,144.304,0.0318813,0.0379572
-296.203,144.304,0.0321218,0.038783
-292.405,144.304,0.0323549,0.0396197
-288.608,144.304,0.0325811,0.0404644
-284.81,144.304,0.0328009,0.0413147
-281.013,144.304,0.0330148,0.0421683
-277.215,144.304,0.0332234,0.0430233
-273.418,144.304,0.0334273,0.0438783
-269.62,144.304,0.0336272,0.0447323
-265.823,144.304,0.0338237,0.0455844
-262.025,144.304,0.0340175,0.0464344
-258.228,144.304,0.0342092,0.0472824
-254.43,144.304,0.0343994,0.0481287
-250.633,144.304,0.0345889,0.0489741
-246.835,144.304,0.0347781,0.0498196
-243.038,144.304,0.0349676,0.0506666
-239.241,144.304,0.0351579,0.0515165
-235.443,144.304,0.0353494,0.052371
-231.646,144.304,0.0355426,0.0532319
-227.848,144.304,0.0357378,0.054101
-224.051,144.304,0.0359351,0.0549802
-220.253,144.304,0.0361349,0.0558713
-216.456,144.304,0.0363373,0.0567761
-212.658,144.304,0.0365423,0.057696
-208.861,144.304,0.0367499,0.0586327
-205.063,144.304,0.0369602,0.0595872
-201.266,144.304,0.037173,0.0605607
-197.468,144.304,0.0373881,0.0615537
-193.671,144.304,0.0376055,0.062567
-189.873,144.304,0.0378249,0.0636006
-186.076,144.304,0.038046,0.0646545
-182.278,144.304,0.0382687,0.0657285
-178.481,144.304,0.0384926,0.0668221
-174.684,144.304,0.0387174,0.0679346
-170.886,144.304,0.038943,0.0690652
-167.089,144.304,0.0391689,0.0702127
-163.291,144.304,0.0393949,0.0713763
-159.494,144.304,0.0396208,0.0725547
-155.696,144.304,0.0398464,0.0737469
-151.899,144.304,0.0400713,0.0749518
-148.101,144.304,0.0402953,0.0761684
-144.304,144.304,0.0405183,0.0773959
-140.506,144.304,0.04074,0.0786336
-136.709,144.304,0.0409603,0.079881
-132.911,144.304,0.0411789,0.0811378
-129.114,144.304,0.0413956,0.0824039
-125.316,144.304,0.0416103,0.0836795
-121.519,144.304,0.0418226,0.084965
-117.722,144.304,0.0420324,0.0862609
-113.924,144.304,0.0422393,0.0875681
-110.127,144.304,0.0424429,0.0888873
-106.329,144.304,0.042643,0.0902197
-102.532,144.304,0.0428389,0.0915662
-98.7342,144.304,0.0430303,0.092928
-94.9367,144.304,0.0432164,0.094306
-91.1392,144.304,0.0433966,0.095701
-87.3418,144.304,0.0435702,0.0971136
-83.5443,144.304,0.0437364,0.0985442
-79.7468,144.304,0.0438941,0.0999928
-75.9494,144.304,0.0440424,0.101459
-72.1519,144.304,0.0441802,0.102942
-68.3544,144.304,0.0443064,0.10444
-64.557,144.304,0.0444197,0.105951
-60.7595,144.304,0.0445188,0.107472
-56.962,144.304,0.0446025,0.109
-53.1646,144.304,0.0446693,0.110532
-49.3671,144.304,0.0447178,0.112062
-45.5696,144.304,0.0447468,0.113585
-41.7722,144.304,0.0447547,0.115094
-37.9747,144.304,0.0447403,0.116584
-34.1772,144.304,0.0447023,0.118047
-30.3797,144.304,0.0446393,0.119476
-26.5823,144.304,0.0445503,0.120861
-22.7848,144.304,0.0444342,0.122195
-18.9873,144.304,0.0442899,0.123469
-15.1899,144.304,0.0441168,0.124673
-11.3924,144.304,0.0439141,0.1258
-7.59494,144.304,0.0436814,0.126839
-3.79747,144.304,0.0434182,0.127783
0,144.304,0.0431244,0.128622
-300,148.101,0.0324448,0.0395663
-296.203,148.101,0.032689,0.0403968
-292.405,148.101,0.0329255,0.0412386
-288.608,148.101,0.0331549,0.0420889
-284.81,148.101,0.0333776,0.0429453
-281.013,148.101,0.0335943,0.0438058
-277.215,148.101,0.0338056,0.0446687
-273.418,148.101,0.034012,0.0455324
-269.62,148.101,0.0342143,0.0463959
-265.823,148.101,0.0344132,0.0472587
-262.025,148.101,0.0346093,0.0481202
-258.228,148.101,0.0348033,0.0489807
-254.43,148.101,0.0349959,0.0498404
-250.633,148.101,0.0351877,0.0507
-246.835,148.101,0.0353793,0.0515605
-243.038,148.101,0.0355712,0.052423
-239.241,148.101,0.0357641,0.053289
-235.443,148.101,0.0359582,0.05416
-231.646,148.101,0.036154,0.0550375
-227.848,148.101,0.0363519,0.0559234
-224.051,148.101,0.036552,0.0568193
-220.253,148.101,0.0367546,0.0577268
-216.456,148.101,0.0369598,0.0586476
-212.658,148.101,0.0371675,0.059583
-208.861,148.101,0.037378,0.0605343
-205.063,148.101,0.0375909,0.0615027
-201.266,148.101,0.0378064,0.062489
-197.468,148.101,0.0380241,0.0634937
-193.671,148.101,0.0382438,0.0645174
-189.873,148.101,0.0384654,0.0655601
-186.076,148.101,0.0386885,0.0666217
-182.278,148.101,0.0389129,0.0677019
-178.481,148.101,0.0391382,0.0688002
-174.684,148.101,0.0393642,0.0699158
-170.886,148.101,0.0395904,0.0710478
-167.089,148.101,0.0398167,0.0721953
-163.291,148.101,0.0400426,0.0733572
-159.494,148.101,0.040268,0.0745324
-155.696,148.101,0.0404925,0.0757199
-151.899,148.101,0.0407159,0.0769186
-148.101,148.101,0.0409379,0.0781275
-144.304,148.101,0.0411584,0.079346
-140.506,148.101,0.041377,0.0805733
-136.709,148.101,0.0415936,0.081809
-132.911,148.101,0.041808,0.0830529
-129.114,148.101,0.04202,0.0843049
-125.316,148.101,0.0422294,0.0855652
-121.519,148.101,0.042436,0.0868343
-117.722,148.101,0.0426394,0.0881128
-113.924,148.101,0.0428395,0.0894014
-110.127,148.101,0.0430359,0.090701
-106.329,148.101,0.0432282,0.0920127
-102.532,148.101,0.0434161,0.0933374
-98.7342,148.101,0.043599,0.0946763
-94.9367,148.101,0.0437764,0.0960302
-91.1392,148.101,0.0439476,0.0974
-87.3418,148.101,0.0441119,0.0987862
-83.5443,148.101,0.0442686,0.100189
-79.7468,148.101,0.0444167,0.101609
-75.9494,148.101,0.0445554,0.103045
-72.1519,148.101,0.0446835,0.104496
-68.3544,148.101,0.0448,0.105961
-64.557,148.101,0.0449037,0.107438
-60.7595,148.101,0.0449933,0.108924
-56.962,148.101,0.0450676,0.110415
-53.1646,148.101,0.0451252,0.111908
-49.3671,148.101,0.0451648,0.113398
-45.5696,148.101,0.0451851,0.114879
-41.7722,148.101,0.0451846,0.116347
-37.9747,148.101,0.0451621,0.117793
-34.1772,148.101,0.0451163,0.119211
-30.3797,148.101,0.0450459,0.120593
-26.5823,148.101,0.0449498,0.121932
-22.7848,148.101,0.044827,0.123218
-18.9873,148.101,0.0446764,0.124443
-15.1899,148.101,0.0444973,0.125599
-11.3924,148.101,0.044289,0.126676
-7.59494,148.101,0.0440509,0.127666
-3.79747,148.101,0.0437827,0.12856
0,148.101,0.0434843,0.12935
-300,151.899,0.0330033,0.0411712
-296.203,151.899,0.0332509,0.0420053
-292.405,151.899,0.0334906,0.0428511
-288.608,151.899,0.0337229,0.043706
-284.81,151.899,0.0339484,0.0445677
-281.013,151.899,0.0341676,0.0454342
-277.215,151.899,0.0343812,0.0463039
-273.418,151.899,0.0345899,0.0471754
-269.62,151.899,0.0347944,0.0480477
-265.823,151.899,0.0349954,0.0489201
-262.025,151.899,0.0351936,0.0497924
-258.228,151.899,0.0353898,0.0506646
-254.43,151.899,0.0355845,0.0515369
-250.633,151.899,0.0357785,0.05241
-246.835,151.899,0.0359724,0.0532847
-243.038,151.899,0.0361667,0.0541622
-239.241,151.899,0.036362,0.0550437
-235.443,151.899,0.0365586,0.0559305
-231.646,151.899,0.036757,0.0568243
-227.848,151.899,0.0369575,0.0577264
-224.051,151.899,0.0371603,0.0586385
-220.253,151.899,0.0373656,0.059562
-216.456,151.899,0.0375735,0.0604984
-212.658,151.899,0.0377841,0.0614489
-208.861,151.899,0.0379972,0.0624146
-205.063,151.899,0.0382129,0.0633964
-201.266,151.899,0.0384309,0.0643952
-197.468,151.899,0.0386511,0.0654113
-193.671,151.899,0.0388732,0.0664451
-189.873,151.899,0.039097,0.0674966
-186.076,151.899,0.039322,0.0685656
-182.278,151.899,0.0395481,0.0696516
-178.481,151.899,0.0397748,0.0707542
-174.684,151.899,0.0400019,0.0718725
-170.886,151.899,0.0402288,0.0730057
-167.089,151.899,0.0404554,0.0741527
-163.291,151.899,0.0406813,0.0753126
-159.494,151.899,0.0409061,0.0764842
-155.696,151.899,0.0411296,0.0776665
-151.899,151.899,0.0413514,0.0788586
-148.101,151.899,0.0415714,0.0800595
-144.304,151.899,0.0417893,0.0812685
-140.506,151.899,0.0420048,0.0824851
-136.709,151.899,0.0422178,0.0837088
-132.911,151.899,0.042428,0.0849395
-129.114,151.899,0.0426353,0.0861772
-125.316,151.899,0.0428394,0.0874221
-121.519,151.899,0.0430402,0.0886747
-117.722,151.899,0.0432374,0.0899357
-113.924,151.899,0.0434308,0.0912058
-110.127,151.899,0.04362,0.0924859
-106.329,151.899,0.0438048,0.0937771
-102.532,151.899,0.0439848,0.0950804
-98.7342,151.899,0.0441594,0.0963969
-94.9367,151.899,0.0443282,0.0977274
-91.1392,151.899,0.0444907,0.0990728
-87.3418,151.899,0.0446461,0.100434
-83.5443,151.899,0.0447936,0.10181
-79.7468,151.899,0.0449326,0.103202
-75.9494,151.899,0.045062,0.104609
-72.1519,151.899,0.0451809,0.106031
-68.3544,151.899,0.0452881,0.107464
-64.557,151.899,0.0453827,0.108909
-60.7595,151.899,0.0454634,0.110361
-56.962,151.899,0.0455289,0.111817
-53.1646,151.899,0.0455779,0.113274
-49.3671,151.899,0.0456092,0.114727
-45.5696,151.899,0.0456214,0.11617
-41.7722,151.899,0.0456133,0.117597
-37.9747,151.899,0.0455834,0.119002
-34.1772,151.899,0.0455305,0.120378
-30.3797,151.899,0.0454535,0.121717
-26.5823,151.899,0.0453511,0.123012
-22.7848,151.899,0.0452223,0.124253
-18.9873,151.899,0.0450661,0.125433
-15.1899,151.899,0.0448818,0.126543
-11.3924,151.899,0.0446686,0.127574
-7.59494,151.899,0.0444259,0.128517
-3.79747,151.899,0.0441535,0.129364
0,151.899,0.043851,0.130108
-300,155.696,0.0335572,0.0427728
-296.203,155.696,0.033808,0.0436097
-292.405,155.696,0.0340505,0.0444587
-288.608,155.696,0.0342854,0.0453172
-284.81,155.696,0.0345133,0.0461832
-281.013,155.696,0.0347348,0.0470547
-277.215,155.696,0.0349505,0.0479303
-273.418,155.696,0.0351612,0.0488086
-269.62,155.696,0.0353677,0.0496887
-265.823,155.696,0.0355706,0.0505699
-262.025,155.696,0.0357708,0.051452
-258.228,155.696,0.0359689,0.052335
-254.43,155.696,0.0361656,0.0532191
-250.633,155.696,0.0363616,0.0541048
-246.835,155.696,0.0365576,0.054993
-243.038,155.696,0.0367541,0.0558847
-239.241,155.696,0.0369516,0.0567809
-235.443,155.696,0.0371505,0.0576829
-231.646,155.696,0.0373514,0.0585921
-227.848,155.696,0.0375544,0.0595099
-224.051,155.696,0.0377598,0.0604376
-220.253,155.696,0.0379677,0.0613765
-216.456,155.696,0.0381783,0.0623279
-212.658,155.696,0.0383915,0.0632928
-208.861,155.696,0.0386074,0.0642723
-205.063,155.696,0.0388256,0.0652672
-201.266,155.696,0.0390462,0.0662779
-197.468,155.696,0.0392689,0.0673049
-193.671,155.696,0.0394933,0.0683483
-189.873,155.696,0.0397191,0.0694081
-186.076,155.696,0.0399461,0.0704839
-182.278,155.696,0.0401738,0.0715753
-178.481,155.696,0.0404019,0.0726818
-174.684,155.696,0.0406299,0.0738023
-170.886,155.696,0.0408576,0.0749362
-167.089,155.696,0.0410844,0.0760823
-163.291,155.696,0.0413101,0.0772397
-159.494,155.696,0.0415343,0.0784073
-155.696,155.696,0.0417568,0.079584
-151.899,155.696,0.041977,0.0807691
-148.101,155.696,0.0421949,0.0819616
-144.304,155.696,0.0424102,0.0831609
-140.506,155.696,0.0426226,0.0843664
-136.709,155.696,0.0428319,0.0855779
-132.911,155.696,0.043038,0.0867952
-129.114,155.696,0.0432406,0.0880184
-125.316,155.696,0.0434395,0.0892478
-121.519,155.696,0.0436346,0.0904839
-117.722,155.696,0.0438256,0.0917274
-113.924,155.696,0.0440124,0.0929792
-110.127,155.696,0.0441946,0.0942401
-106.329,155.696,0.044372,0.0955113
-102.532,155.696,0.0445443,0.0967937
-98.7342,155.696,0.0447109,0.0980885
-94.9367,155.696,0.0448715,0.0993964
-91.1392,155.696,0.0450254,0.100718
-87.3418,155.696,0.0451722,0.102055
-83.5443,155.696,0.045311,0.103406
-79.7468,155.696,0.0454411,0.104772
-75.9494,155.696,0.0455617,0.106152
-72.1519,155.696,0.0456718,0.107545
-68.3544,155.696,0.0457704,0.108949
-64.557,155.696,0.0458564,0.110363
-60.7595,155.696,0.0459287,0.111784
-56.962,155.696,0.045986,0.113208
-53.1646,155.696,0.0460271,0.114631
-49.3671,155.696,0.0460508,0.116048
-45.5696,155.696,0.0460557,0.117455
-41.7722,155.696,0.0460405,0.118845
-37.9747,155.696,0.0460039,0.120213
-34.1772,155.696,0.0459448,0.121549
-30.3797,155.696,0.0458618,0.122849
-26.5823,155.696,0.0457539,0.124102
-22.7848,155.696,0.0456199,0.125302
-18.9873,155.696,0.0454589,0.126439
-15.1899,155.696,0.0452701,0.127506
-11.3924,155.696,0.0450528,0.128494
-7.59494,155.696,0.0448063,0.129394
-3.79747,155.696,0.0445303,0.130197
0,155.696,0.0442246,0.130897
-300,159.494,0.0341069,0.0443723
-296.203,159.494,0.0343605,0.0452112
-292.405,159.494,0.0346056,0.0460623
-288.608,159.494,0.0348429,0.0469236
-284.81,159.494,0.0350729,0.0477929
-281.013,159.494,0.0352963,0.0486685
-277.215,159.494,0.0355139,0.049549
-273.418,159.494,0.0357264,0.0504332
-269.62,159.494,0.0359346,0.0513201
-265.823,159.494,0.0361392,0.0522092
-262.025,159.494,0.036341,0.0531002
-258.228,159.494,0.0365407,0.053993
-254.43,159.494,0.0367392,0.0548879
-250.633,159.494,0.036937,0.0557853
-246.835,159.494,0.0371349,0.0566861
-243.038,159.494,0.0373334,0.0575909
-239.241,159.494,0.0375329,0.058501
-235.443,159.494,0.0377341,0.0594173
-231.646,159.494,0.0379372,0.0603411
-227.848,159.494,0.0381425,0.0612737
-224.051,159.494,0.0383504,0.0622161
-220.253,159.494,0.0385608,0.0631696
-216.456,159.494,0.0387739,0.0641353
-212.658,159.494,0.0389897,0.065114
-208.861,159.494,0.0392081,0.0661066
-205.063,159.494,0.0394289,0.0671136
-201.266,159.494,0.0396519,0.0681357
-197.468,159.494,0.0398769,0.0691728
-193.671,159.494,0.0401035,0.0702252
-189.873,159.494,0.0403313,0.0712926
-186.076,159.494,0.0405601,0.0723747
-182.278,159.494,0.0407894,0.073471
-178.481,159.494,0.0410187,0.0745806
-174.684,159.494,0.0412477,0.0757029
-170.886,159.494,0.0414759,0.0768369
-167.089,159.494,0.041703,0.0779816
-163.291,159.494,0.0419285,0.0791359
-159.494,159.494,0.042152,0.080299
-155.696,159.494,0.0423733,0.0814698
-151.899,159.494,0.042592,0.0826474
-148.101,159.494,0.0428077,0.0838311
-144.304,159.494,0.0430204,0.0850203
-140.506,159.494,0.0432296,0.0862145
-136.709,159.494,0.0434353,0.0874135
-132.911,159.494,0.0436372,0.0886173
-129.114,159.494,0.0438351,0.0898259
-125.316,159.494,0.0440289,0.0910398
-121.519,159.494,0.0442184,0.0922595
-117.722,159.494,0.0444033,0.0934858
-113.924,159.494,0.0445836,0.0947195
-110.127,159.494,0.044759,0.0959616
-106.329,159.494,0.0449292,0.0972133
-102.532,159.494,0.0450939,0.0984755
-98.7342,159.494,0.0452528,0.0997492
-94.9367,159.494,0.0454053,0.101036
-91.1392,159.494,0.0455511,0.102335
-87.3418,159.494,0.0456896,0.103648
-83.5443,159.494,0.0458201,0.104976
-79.7468,159.494,0.0459418,0.106317
-75.9494,159.494,0.046054,0.107671
-72.1519,159.494,0.0461558,0.109038
-68.3544,159.494,0.0462463,0.110415
-64.557,159.494,0.0463243,0.111801
-60.7595,159.494,0.0463887,0.113192
-56.962,159.494,0.0464385,0.114585
-53.1646,159.494,0.0464724,0.115977
-49.3671,159.494,0.0464891,0.117363
-45.5696,159.494,0.0464873,0.118736
-41.7722,159.494,0.0464659,0.120092
-37.9747,159.494,0.0464234,0.121424
-34.1772,159.494,0.0463587,0.122725
-30.3797,159.494,0.0462706,0.123987
-26.5823,159.494,0.0461579,0.125203
-22.7848,159.494,0.0460195,0.126364
-18.9873,159.494,0.0458545,0.127462
-15.1899,159.494,0.045662,0.128489
-11.3924,159.494,0.0454413,0.129437
-7.59494,159.494,0.0451917,0.130296
-3.79747,159.494,0.0449129,0.131058
0,159.494,0.0446045,0.131717
-300,163.291,0.0346527,0.0459707
-296.203,163.291,0.0349088,0.0468106
-292.405,163.291,0.0351563,0.0476632
-288.608,163.291,0.0353956,0.0485263
-284.81,163.291,0.0356275,0.0493981
-281.013,163.291,0.0358526,0.0502769
-277.215,163.291,0.0360718,0.0511613
-273.418,163.291,0.0362857,0.0520503
-269.62,163.291,0.0364953,0.0529431
-265.823,163.291,0.0367013,0.053839
-262.025,163.291,0.0369045,0.0547378
-258.228,163.291,0.0371057,0.0556394
-254.43,163.291,0.0373057,0.056544
-250.633,163.291,0.0375051,0.0574522
-246.835,163.291,0.0377046,0.0583644
-243.038,163.291,0.0379048,0.0592815
-239.241,163.291,0.0381062,0.0602043
-235.443,163.291,0.0383093,0.0611339
-231.646,163.291,0.0385145,0.0620713
-227.848,163.291,0.038722,0.0630176
-224.051,163.291,0.0389321,0.0639739
-220.253,163.291,0.0391448,0.064941
-216.456,163.291,0.0393603,0.06592
-212.658,163.291,0.0395785,0.0669115
-208.861,163.291,0.0397992,0.0679163
-205.063,163.291,0.0400223,0.0689347
-201.266,163.291,0.0402476,0.0699672
-197.468,163.291,0.0404748,0.0710137
-193.671,163.291,0.0407034,0.0720743
-189.873,163.291,0.0409332,0.0731486
-186.076,163.291,0.0411636,0.0742361
-182.278,163.291,0.0413943,0.0753364
-178.481,163.291,0.0416248,0.0764486
-174.684,163.291,0.0418546,0.0775719
-170.886,163.291,0.0420833,0.0787054
-167.089,163.291,0.0423105,0.079848
-163.291,163.291,0.0425356,0.0809988
-159.494,163.291,0.0427584,0.0821569
-155.696,163.291,0.0429785,0.0833212
-151.899,163.291,0.0431955,0.0844909
-148.101,163.291,0.0434091,0.0856655
-144.304,163.291,0.0436191,0.0868442
-140.506,163.291,0.0438252,0.0880268
-136.709,163.291,0.0440272,0.0892132
-132.911,163.291,0.0442249,0.0904032
-129.114,163.291,0.0444182,0.0915972
-125.316,163.291,0.0446069,0.0927956
-121.519,163.291,0.0447908,0.0939991
-117.722,163.291,0.0449698,0.0952084
-113.924,163.291,0.0451438,0.0964244
-110.127,163.291,0.0453124,0.0976483
-106.329,163.291,0.0454756,0.098881
-102.532,163.291,0.045633,0.100124
-98.7342,163.291,0.0457844,0.101377
-94.9367,163.291,0.0459292,0.102643
-91.1392,163.291,0.0460672,0.103921
-87.3418,163.291,0.0461977,0.105213
-83.5443,163.291,0.0463202,0.106518
-79.7468,163.291,0.0464341,0.107836
-75.9494,163.291,0.0465384,0.109166
-72.1519,163.291,0.0466324,0.110508
-68.3544,163.291,0.0467152,0.11186
-64.557,163.291,0.0467858,0.11322
-60.7595,163.291,0.0468431,0.114584
-56.962,163.291,0.046886,0.11595
-53.1646,163.291,0.0469132,0.117313
-49.3671,163.291,0.0469237,0.118669
-45.5696,163.291,0.046916,0.120012
-41.7722,163.291,0.046889,0.121337
-37.9747,163.291,0.0468414,0.122637
-34.1772,163.291,0.0467719,0.123904
-30.3797,163.291,0.0466794,0.125132
-26.5823,163.291,0.0465626,0.126313
-22.7848,163.291,0.0464206,0.127439
-18.9873,163.291,0.0462524,0.128501
-15.1899,163.291,0.0460569,0.129491
-11.3924,163.291,0.0458335,0.130401
-7.59494,163.291,0.0455816,0.131223
-3.79747,163.291,0.0453007,0.131947
0,163.291,0.0449904,0.132568
-300,167.089,0.035195,0.0475686
-296.203,167.089,0.0354535,0.048409
-292.405,167.089,0.0357029,0.0492622
-288.608,167.089,0.035944,0.0501263
-284.81,167.089,0.0361775,0.0509996
-281.013,167.089,0.036404,0.0518807
-277.215,167.089,0.0366244,0.0527682
-273.418,167.089,0.0368396,0.0536611
-269.62,167.089,0.0370503,0.0545586
-265.823,167.089,0.0372574,0.0554603
-262.025,167.089,0.0374618,0.0563658
-258.228,167.089,0.0376641,0.0572751
-254.43,167.089,0.0378653,0.0581884
-250.633,167.089,0.038066,0.0591061
-246.835,167.089,0.0382669,0.0600286
-243.038,167.089,0.0384685,0.0609568
-239.241,167.089,0.0386716,0.0618913
-235.443,167.089,0.0388764,0.062833
-231.646,167.089,0.0390834,0.0637829
-227.848,167.089,0.0392928,0.0647418
-224.051,167.089,0.0395049,0.0657107
-220.253,167.089,0.0397197,0.0666903
-216.456,167.089,0.0399373,0.0676815
-212.658,167.089,0.0401576,0.0686848
-208.861,167.089,0.0403806,0.0697006
-205.063,167.089,0.0406059,0.0707294
-201.266,167.089,0.0408332,0.0717713
-197.468,167.089,0.0410624,0.0728262
-193.671,167.089,0.0412929,0.073894
-189.873,167.089,0.0415243,0.0749742
-186.076,167.089,0.0417563,0.0760664
-182.278,167.089,0.0419882,0.0771699
-178.481,167.089,0.0422197,0.0782838
-174.684,167.089,0.0424502,0.0794074
-170.886,167.089,0.0426792,0.0805396
-167.089,167.089,0.0429063,0.0816795
-163.291,167.089,0.0431311,0.0828261
-159.494,167.089,0.043353,0.0839785
-155.696,167.089,0.0435718,0.0851357
-151.899,167.089,0.043787,0.0862972
-148.101,167.089,0.0439984,0.0874621
-144.304,167.089,0.0442056,0.0886301
-140.506,167.089,0.0444085,0.0898009
-136.709,167.089,0.0446069,0.0909744
-132.911,167.089,0.0448004,0.0921506
-129.114,167.089,0.0449891,0.09333
-125.316,167.089,0.0451727,0.0945131
-121.519,167.089,0.0453512,0.0957005
-117.722,167.089,0.0455244,0.096893
-113.924,167.089,0.0456921,0.0980918
-110.127,167.089,0.0458543,0.0992979
-106.329,167.089,0.0460106,0.100512
-102.532,167.089,0.046161,0.101736
-98.7342,167.089,0.0463051,0.102971
-94.9367,167.089,0.0464425,0.104217
-91.1392,167.089,0.046573,0.105475
-87.3418,167.089,0.046696,0.106746
-83.5443,167.089,0.046811,0.10803
-79.7468,167.089,0.0469173,0.109327
-75.9494,167.089,0.0470142,0.110635
-72.1519,167.089,0.047101,0.111955
-68.3544,167.089,0.0471768,0.113284
-64.557,167.089,0.0472405,0.114619
-60.7595,167.089,0.0472912,0.115959
-56.962,167.089,0.0473278,0.1173
-53.1646,167.089,0.0473491,0.118637
-49.3671,167.089,0.047354,0.119966
-45.5696,167.089,0.0473411,0.121282
-41.7722,167.089,0.0473093,0.122578
-37.9747,167.089,0.0472573,0.123848
-34.1772,167.089,0.0471838,0.125086
-30.3797,167.089,0.0470876,0.126283
-26.5823,167.089,0.0469676,0.127432
-22.7848,167.089,0.0468228,0.128526
-18.9873,167.089,0.046652,0.129555
-15.1899,167.089,0.0464543,0.130511
-11.3924,167.089,0.0462291,0.131387
-7.59494,167.089,0.0459755,0.132174
-3.79747,167.089,0.0456931,0.132863
0,167.089,0.0453816,0.133449
-300,170.886,0.0357343,0.0491669
-296.203,170.886,0.0359948,0.050007
-292.405,170.886,0.036246,0.0508601
-288.608,170.886,0.0364886,0.0517245
-284.81,170.886,0.0367233,0.0525986
-281.013,170.886,0.036951,0.053481
-277.215,170.886,0.0371724,0.0543706
-273.418,170.886,0.0373885,0.0552664
-269.62,170.886,0.0376,0.0561678
-265.823,170.886,0.0378079,0.0570741
-262.025,170.886,0.0380131,0.0579853
-258.228,170.886,0.0382163,0.0589011
-254.43,170.886,0.0384184,0.0598219
-250.633,170.886,0.0386201,0.0607479
-246.835,170.886,0.038822,0.0616795
-243.038,170.886,0.0390249,0.0626174
-239.241,170.886,0.0392292,0.0635623
-235.443,170.886,0.0394355,0.0645149
-231.646,170.886,0.039644,0.0654759
-227.848,170.886,0.0398551,0.0664462
-224.051,170.886,0.0400689,0.0674265
-220.253,170.886,0.0402855,0.0684174
-216.456,170.886,0.040505,0.0694195
-212.658,170.886,0.0407273,0.0704333
-208.861,170.886,0.0409521,0.0714591
-205.063,170.886,0.0411793,0.072497
-201.266,170.886,0.0414086,0.0735471
-197.468,170.886,0.0416395,0.0746093
-193.671,170.886,0.0418716,0.0756831
-189.873,170.886,0.0421046,0.0767683
-186.076,170.886,0.0423378,0.077864
-182.278,170.886,0.0425708,0.0789697
-178.481,170.886,0.0428031,0.0800845
-174.684,170.886,0.0430341,0.0812074
-170.886,170.886,0.0432633,0.0823376
-167.089,170.886,0.0434902,0.083474
-163.291,170.886,0.0437143,0.0846156
-159.494,170.886,0.0439353,0.0857617
-155.696,170.886,0.0441526,0.0869114
-151.899,170.886,0.044366,0.088064
-148.101,170.886,0.044575,0.0892189
-144.304,170.886,0.0447795,0.0903758
-140.506,170.886,0.0449791,0.0915345
-136.709,170.886,0.0451738,0.0926949
-132.911,170.886,0.0453632,0.0938573
-129.114,170.886,0.0455473,0.0950221
-125.316,170.886,0.0457259,0.0961899
-121.519,170.886,0.045899,0.0973615
-117.722,170.886,0.0460664,0.0985377
-113.924,170.886,0.0462281,0.0997198
-110.127,170.886,0.0463839,0.100909
-106.329,170.886,0.0465336,0.102106
-102.532,170.886,0.0466772,0.103312
-98.7342,170.886,0.0468143,0.104528
-94.9367,170.886,0.0469447,0.105756
-91.1392,170.886,0.047068,0.106995
-87.3418,170.886,0.0471838,0.108247
-83.5443,170.886,0.0472916,0.109512
-79.7468,170.886,0.0473909,0.110789
-75.9494,170.886,0.047481,0.112077
-72.1519,170.886,0.047561,0.113376
-68.3544,170.886,0.0476303,0.114684
-64.557,170.886,0.0476878,0.115998
-60.7595,170.886,0.0477326,0.117316
-56.962,170.886,0.0477635,0.118634
-53.1646,170.886,0.0477796,0.119948
-49.3671,170.886,0.0477795,0.121253
-45.5696,170.886,0.0477622,0.122544
-41.7722,170.886,0.0477263,0.123814
-37.9747,170.886,0.0476705,0.125058
-34.1772,170.886,0.0475938,0.126269
-30.3797,170.886,0.0474947,0.127438
-26.5823,170.886,0.0473723,0.128559
-22.7848,170.886,0.0472253,0.129623
-18.9873,170.886,0.0470527,0.130622
-15.1899,170.886,0.0468536,0.131548
-11.3924,170.886,0.0466271,0.132392
-7.59494,170.886,0.0463726,0.133147
-3.79747,170.886,0.0460895,0.133804
0,170.886,0.0457774,0.134357
-300,174.684,0.036271,0.050766
-296.203,174.684,0.0365333,0.0516053
-292.405,174.684,0.036786,0.0524577
-288.608,174.684,0.0370298,0.0533217
-284.81,174.684,0.0372655,0.0541958
-281.013,174.684,0.037494,0.0550787
-277.215,174.684,0.0377161,0.0559695
-273.418,174.684,0.0379328,0.0568673
-269.62,174.684,0.0381449,0.0577713
-265.823,174.684,0.0383533,0.0586813
-262.025,174.684,0.0385589,0.0595969
-258.228,174.684,0.0387627,0.0605182
-254.43,174.684,0.0389654,0.0614452
-250.633,174.684,0.0391677,0.0623782
-246.835,174.684,0.0393705,0.0633177
-243.038,174.684,0.0395742,0.064264
-239.241,174.684,0.0397796,0.065218
-235.443,174.684,0.0399869,0.06618
-231.646,174.684,0.0401967,0.0671508
-227.848,174.684,0.0404091,0.0681311
-224.051,174.684,0.0406243,0.0691213
-220.253,174.684,0.0408425,0.0701221
-216.456,174.684,0.0410636,0.0711338
-212.658,174.684,0.0412874,0.0721567
-208.861,174.684,0.0415139,0.073191
-205.063,174.684,0.0417428,0.0742368
-201.266,174.684,0.0419736,0.0752939
-197.468,174.684,0.042206,0.076362
-193.671,174.684,0.0424395,0.0774408
-189.873,174.684,0.0426737,0.0785297
-186.076,174.684,0.042908,0.0796279
-182.278,174.684,0.0431418,0.0807347
-178.481,174.684,0.0433747,0.0818493
-174.684,174.684,0.043606,0.0829706
-170.886,174.684,0.0438351,0.0840978
-167.089,174.684,0.0440616,0.0852298
-163.291,174.684,0.044285,0.0863659
-159.494,174.684,0.0445048,0.087505
-155.696,174.684,0.0447206,0.0886464
-151.899,174.684,0.044932,0.0897896
-148.101,174.684,0.0451386,0.0909341
-144.304,174.684,0.0453402,0.0920795
-140.506,174.684,0.0455365,0.0932258
-136.709,174.684,0.0457274,0.094373
-132.911,174.684,0.0459127,0.0955215
-129.114,174.684,0.0460922,0.0966717
-125.316,174.684,0.0462659,0.0978244
-121.519,174.684,0.0464337,0.0989804
-117.722,174.684,0.0465954,0.100141
-113.924,174.684,0.0467512,0.101306
-110.127,174.684,0.0469008,0.102479
-106.329,174.684,0.0470441,0.103659
-102.532,174.684,0.0471811,0.104848
-98.7342,174.684,0.0473115,0.106048
-94.9367,174.684,0.0474351,0.107258
-91.1392,174.684,0.0475516,0.10848
-87.3418,174.684,0.0476607,0.109715
-83.5443,174.684,0.0477618,0.110961
-79.7468,174.684,0.0478545,0.11222
-75.9494,174.684,0.0479382,0.113491
-72.1519,174.684,0.048012,0.114771
-68.3544,174.684,0.0480753,0.11606
-64.557,174.684,0.0481272,0.117355
-60.7595,174.684,0.0481666,0.118653
-56.962,174.684,0.0481926,0.119951
-53.1646,174.684,0.048204,0.121244
-49.3671,174.684,0.0481998,0.122527
-45.5696,174.684,0.0481786,0.123796
-41.7722,174.684,0.0481393,0.125044
-37.9747,174.684,0.0480806,0.126265
-34.1772,174.684,0.0480013,0.127451
-30.3797,174.684,0.0479002,0.128595
-26.5823,174.684,0.0477759,0.12969
-22.7848,174.684,0.0476275,0.130728
-18.9873,174.684,0.0474539,0.1317
-15.1899,174.684,0.047254,0.132598
-11.3924,174.684,0.0470271,0.133414
-7.59494,174.684,0.0467724,0.13414
-3.79747,174.684,0.0464892,0.134768
0,174.684,0.0461771,0.135291
-300,178.481,0.0368056,0.0523664
-296.203,178.481,0.0370694,0.0532044
-292.405,178.481,0.0373233,0.0540556
-288.608,178.481,0.037568,0.0549185
-284.81,178.481,0.0378045,0.0557918
-281.013,178.481,0.0380335,0.0566746
-277.215,178.481,0.0382561,0.0575657
-273.418,178.481,0.038473,0.0584644
-269.62,178.481,0.0386853,0.0593702
-265.823,178.481,0.0388939,0.0602827
-262.025,178.481,0.0390998,0.0612017
-258.228,178.481,0.0393038,0.0621272
-254.43,178.481,0.0395067,0.0630591
-250.633,178.481,0.0397094,0.0639979
-246.835,178.481,0.0399126,0.0649438
-243.038,178.481,0.0401169,0.0658973
-239.241,178.481,0.0403229,0.0668588
-235.443,178.481,0.040531,0.0678289
-231.646,178.481,0.0407417,0.068808
-227.848,178.481,0.0409551,0.0697967
-224.051,178.481,0.0411714,0.0707955
-220.253,178.481,0.0413908,0.0718046
-216.456,178.481,0.0416131,0.0728244
-212.658,178.481,0.0418383,0.073855
-208.861,178.481,0.0420661,0.0748964
-205.063,178.481,0.0422963,0.0759486
-201.266,178.481,0.0425284,0.0770112
-197.468,178.481,0.042762,0.078084
-193.671,178.481,0.0429966,0.0791664
-189.873,178.481,0.0432318,0.0802576
-186.076,178.481,0.0434668,0.0813571
-182.278,178.481,0.0437012,0.0824639
-178.481,178.481,0.0439344,0.0835771
-174.684,178.481,0.0441657,0.0846959
-170.886,178.481,0.0443946,0.0858191
-167.089,178.481,0.0446206,0.0869459
-163.291,178.481,0.044843,0.0880754
-159.494,178.481,0.0450615,0.0892068
-155.696,178.481,0.0452755,0.0903394
-151.899,178.481,0.0454848,0.0914727
-148.101,178.481,0.0456888,0.0926062
-144.304,178.481,0.0458875,0.0937398
-140.506,178.481,0.0460804,0.0948734
-136.709,178.481,0.0462675,0.0960072
-132.911,178.481,0.0464486,0.0971417
-129.114,178.481,0.0466236,0.0982774
-125.316,178.481,0.0467923,0.0994151
-121.519,178.481,0.0469549,0.100556
-117.722,178.481,0.0471111,0.101701
-113.924,178.481,0.047261,0.102851
-110.127,178.481,0.0474046,0.104007
-106.329,178.481,0.0475418,0.105171
-102.532,178.481,0.0476724,0.106344
-98.7342,178.481,0.0477964,0.107528
-94.9367,178.481,0.0479135,0.108722
-91.1392,178.481,0.0480236,0.109928
-87.3418,178.481,0.0481263,0.111146
-83.5443,178.481,0.0482211,0.112377
-79.7468,178.481,0.0483077,0.11362
-75.9494,178.481,0.0483854,0.114874
-72.1519,178.481,0.0484536,0.116138
-68.3544,178.481,0.0485115,0.11741
-64.557,178.481,0.0485582,0.118688
-60.7595,178.481,0.0485929,0.119968
-56.962,178.481,0.0486146,0.121248
-53.1646,178.481,0.0486221,0.122523
-49.3671,178.481,0.0486143,0.123788
-45.5696,178.481,0.04859,0.125038
-41.7722,178.481,0.048548,0.126265
-37.9747,178.481,0.048487,0.127465
-34.1772,178.481,0.0484059,0.12863
-30.3797,178.481,0.0483033,0.129753
-26.5823,178.481,0.048178,0.130825
-22.7848,178.481,0.0480289,0.13184
-18.9873,178.481,0.0478549,0.132787
-15.1899,178.481,0.047655,0.133661
-11.3924,178.481,0.0474282,0.134451
-7.59494,178.481,0.0471739,0.135151
-3.79747,178.481,0.0468912,0.135752
0,178.481,0.0465798,0.136247
-300,182.278,0.0373383,0.0539684
-296.203,182.278,0.0376034,0.0548047
-292.405,182.278,0.0378583,0.0556541
-288.608,182.278,0.0381038,0.0565154
-284.81,182.278,0.0383407,0.0573875
-281.013,182.278,0.0385701,0.0582692
-277.215,182.278,0.0387927,0.0591598
-273.418,182.278,0.0390097,0.0600587
-269.62,182.278,0.0392219,0.0609653
-265.823,182.278,0.0394304,0.0618793
-262.025,182.278,0.0396361,0.0628005
-258.228,182.278,0.03984,0.0637289
-254.43,182.278,0.0400429,0.0646646
-250.633,182.278,0.0402456,0.0656078
-246.835,182.278,0.0404489,0.0665587
-243.038,182.278,0.0406534,0.0675178
-239.241,182.278,0.0408597,0.0684855
-235.443,182.278,0.0410683,0.0694621
-231.646,182.278,0.0412794,0.070448
-227.848,182.278,0.0414935,0.0714436
-224.051,182.278,0.0417106,0.0724493
-220.253,182.278,0.0419308,0.0734652
-216.456,182.278,0.0421541,0.0744915
-212.658,182.278,0.0423802,0.0755282
-208.861,182.278,0.042609,0.0765752
-205.063,182.278,0.0428401,0.0776323
-201.266,182.278,0.0430731,0.078699
-197.468,182.278,0.0433076,0.079775
-193.671,182.278,0.0435431,0.0808595
-189.873,182.278,0.0437788,0.0819518
-186.076,182.278,0.0440144,0.0830512
-182.278,182.278,0.0442491,0.0841568
-178.481,182.278,0.0444823,0.0852675
-174.684,182.278,0.0447134,0.0863825
-170.886,182.278,0.0449418,0.0875008
-167.089,182.278,0.0451669,0.0886214
-163.291,182.278,0.0453882,0.0897436
-159.494,182.278,0.0456051,0.0908665
-155.696,182.278,0.0458173,0.0919895
-151.899,182.278,0.0460242,0.0931122
-148.101,182.278,0.0462256,0.0942343
-144.304,182.278,0.0464212,0.0953556
-140.506,182.278,0.0466107,0.0964762
-136.709,182.278,0.0467939,0.0975965
-132.911,182.278,0.0469708,0.0987169
-129.114,182.278,0.0471412,0.0998381
-125.316,182.278,0.0473051,0.100961
-121.519,182.278,0.0474624,0.102087
-117.722,182.278,0.0476132,0.103216
-113.924,182.278,0.0477575,0.104351
-110.127,182.278,0.0478952,0.105492
-106.329,182.278,0.0480264,0.106641
-102.532,182.278,0.0481509,0.107799
-98.7342,182.278,0.0482687,0.108968
-94.9367,182.278,0.0483797,0.110147
-91.1392,182.278,0.0484837,0.111338
-87.3418,182.278,0.0485803,0.112542
-83.5443,182.278,0.0486693,0.113758
-79.7468,182.278,0.0487502,0.114986
-75.9494,182.278,0.0488224,0.116226
-72.1519,182.278,0.0488854,0.117475
-68.3544,182.278,0.0489384,0.118732
-64.557,182.278,0.0489806,0.119995
-60.7595,182.278,0.0490112,0.121261
-56.962,182.278,0.0490291,0.122526
-53.1646,182.278,0.0490332,0.123785
-49.3671,182.278,0.0490225,0.125033
-45.5696,182.278,0.0489958,0.126266
-41.7722,182.278,0.0489518,0.127477
-37.9747,182.278,0.0488892,0.128659
-34.1772,182.278,0.0488069,0.129805
-30.3797,182.278,0.0487036,0.130909
-26.5823,182.278,0.0485779,0.131961
-22.7848,182.278,0.0484288,0.132955
-18.9873,182.278,0.0482551,0.133881
-15.1899,182.278,0.0480557,0.134732
-11.3924,182.278,0.0478298,0.1355
-7.59494,182.278,0.0475765,0.136176
-3.79747,182.278,0.047295,0.136753
0,182.278,0.0469848,0.137224
-300,186.076,0.0378697,0.0555722
-296.203,186.076,0.0381359,0.0564065
-292.405,186.076,0.0383916,0.0572538
-288.608,186.076,0.0386376,0.058113
-284.81,186.076,0.0388747,0.0589831
-281.013,186.076,0.0391041,0.0598632
-277.215,186.076,0.0393266,0.0607526
-273.418,186.076,0.0395433,0.0616507
-269.62,186.076,0.0397551,0.0625572
-265.823,186.076,0.0399632,0.0634716
-262.025,186.076,0.0401685,0.0643939
-258.228,186.076,0.040372,0.0653241
-254.43,186.076,0.0405745,0.0662623
-250.633,186.076,0.0407769,0.0672086
-246.835,186.076,0.0409799,0.0681632
-243.038,186.076,0.0411842,0.0691265
-239.241,186.076,0.0413905,0.0700988
-235.443,186.076,0.0415991,0.0710803
-231.646,186.076,0.0418105,0.0720715
-227.848,186.076,0.0420248,0.0730724
-224.051,186.076,0.0422423,0.0740834
-220.253,186.076,0.0424629,0.0751045
-216.456,186.076,0.0426867,0.0761357
-212.658,186.076,0.0429134,0.0771768
-208.861,186.076,0.0431429,0.0782278
-205.063,186.076,0.0433746,0.0792881
-201.266,186.076,0.0436082,0.0803574
-197.468,186.076,0.0438432,0.081435
-193.671,186.076,0.0440791,0.0825202
-189.873,186.076,0.0443152,0.0836122
-186.076,186.076,0.0445509,0.0847102
-182.278,186.076,0.0447855,0.0858132
-178.481,186.076,0.0450185,0.0869202
-174.684,186.076,0.0452491,0.0880303
-170.886,186.076,0.0454767,0.0891426
-167.089,186.076,0.0457008,0.090256
-163.291,186.076,0.0459207,0.0913699
-159.494,186.076,0.0461359,0.0924835
-155.696,186.076,0.0463459,0.0935963
-151.899,186.076,0.0465504,0.0947078
-148.101,186.076,0.046749,0.095818
-144.304,186.076,0.0469414,0.0969266
-140.506,186.076,0.0471273,0.098034
-136.709,186.076,0.0473066,0.0991405
-132.911,186.076,0.0474792,0.100247
-129.114,186.076,0.0476451,0.101353
-125.316,186.076,0.0478041,0.102462
-121.519,186.076,0.0479563,0.103573
-117.722,186.076,0.0481018,0.104687
-113.924,186.076,0.0482405,0.105807
-110.127,186.076,0.0483725,0.106934
-106.329,186.076,0.0484978,0.108069
-102.532,186.076,0.0486165,0.109213
-98.7342,186.076,0.0487284,0.110367
-94.9367,186.076,0.0488336,0.111532
-91.1392,186.076,0.0489317,0.11271
-87.3418,186.076,0.0490227,0.113901
-83.5443,186.076,0.0491062,0.115104
-79.7468,186.076,0.0491818,0.116319
-75.9494,186.076,0.0492491,0.117545
-72.1519,186.076,0.0493073,0.118782
-68.3544,186.076,0.049356,0.120027
-64.557,186.076,0.0493942,0.121277
-60.7595,186.076,0.0494212,0.12253
-56.962,186.076,0.0494359,0.123781
-53.1646,186.076,0.0494373,0.125027
-49.3671,186.076,0.0494243,0.126262
-45.5696,186.076,0.0493957,0.12748
-41.7722,186.076,0.0493503,0.128676
-37.9747,186.076,0.0492869,0.129843
-34.1772,186.076,0.049204,0.130974
-30.3797,186.076,0.0491005,0.132061
-26.5823,186.076,0.0489751,0.133096
-22.7848,186.076,0.0488266,0.134071
-18.9873,186.076,0.0486539,0.134979
-15.1899,186.076,0.0484557,0.135811
-11.3924,186.076,0.0482312,0.136558
-7.59494,186.076,0.0479794,0.137214
-3.79747,186.076,0.0476996,0.137769
0,186.076,0.0473912,0.138217
-300,189.873,0.0384001,0.0571777
-296.203,189.873,0.0386672,0.0580098
-292.405,189.873,0.0389235,0.0588547
-288.608,189.873,0.0391697,0.0597115
-284.81,189.873,0.0394069,0.0605792
-281.013,189.873,0.039636,0.0614571
-277.215,189.873,0.0398582,0.0623446
-273.418,189.873,0.0400743,0.0632412
-269.62,189.873,0.0402855,0.0641466
-265.823,189.873,0.0404929,0.0650605
-262.025,189.873,0.0406975,0.0659829
-258.228,189.873,0.0409002,0.0669137
-254.43,189.873,0.041102,0.0678531
-250.633,189.873,0.0413037,0.0688011
-246.835,189.873,0.0415061,0.069758
-243.038,189.873,0.04171,0.0707241
-239.241,189.873,0.0419158,0.0716995
-235.443,189.873,0.0421241,0.0726844
-231.646,189.873,0.0423352,0.0736792
-227.848,189.873,0.0425495,0.0746838
-224.051,189.873,0.0427669,0.0756985
-220.253,189.873,0.0429877,0.076723
-216.456,189.873,0.0432116,0.0777574
-212.658,189.873,0.0434385,0.0788014
-208.861,189.873,0.0436682,0.0798547
-205.063,189.873,0.0439001,0.0809167
-201.266,189.873,0.044134,0.0819869
-197.468,189.873,0.0443692,0.0830646
-193.671,189.873,0.0446051,0.084149
-189.873,189.873,0.0448411,0.0852392
-186.076,189.873,0.0450767,0.0863344
-182.278,189.873,0.045311,0.0874335
-178.481,189.873,0.0455434,0.0885356
-174.684,189.873,0.0457732,0.0896396
-170.886,189.873,0.0459997,0.0907447
-167.089,189.873,0.0462224,0.0918499
-163.291,189.873,0.0464407,0.0929546
-159.494,189.873,0.0466539,0.0940581
-155.696,189.873,0.0468617,0.0951599
-151.899,189.873,0.0470635,0.0962597
-148.101,189.873,0.0472591,0.0973573
-144.304,189.873,0.0474482,0.0984529
-140.506,189.873,0.0476304,0.0995467
-136.709,189.873,0.0478058,0.100639
-132.911,189.873,0.0479741,0.101731
-129.114,189.873,0.0481354,0.102824
-125.316,189.873,0.0482895,0.103917
-121.519,189.873,0.0484367,0.105014
-117.722,189.873,0.0485769,0.106114
-113.924,189.873,0.0487101,0.10722
-110.127,189.873,0.0488366,0.108333
-106.329,189.873,0.0489563,0.109453
-102.532,189.873,0.0490693,0.110584
-98.7342,189.873,0.0491756,0.111725
-94.9367,189.873,0.0492752,0.112878
-91.1392,189.873,0.0493679,0.114044
-87.3418,189.873,0.0494535,0.115222
-83.5443,189.873,0.0495319,0.116413
-79.7468,189.873,0.0496027,0.117617
-75.9494,189.873,0.0496653,0.118833
-72.1519,189.873,0.0497194,0.120058
-68.3544,189.873,0.0497642,0.121292
-64.557,189.873,0.0497989,0.122532
-60.7595,189.873,0.0498228,0.123774
-56.962,189.873,0.0498349,0.125014
-53.1646,189.873,0.0498342,0.126248
-49.3671,189.873,0.0498194,0.127472
-45.5696,189.873,0.0497896,0.128678
-41.7722,189.873,0.0497434,0.129862
-37.9747,189.873,0.0496796,0.131016
-34.1772,189.873,0.0495968,0.132134
-30.3797,189.873,0.0494938,0.133206
-26.5823,189.873,0.0493692,0.134227
-22.7848,189.873,0.0492219,0.135187
-18.9873,189.873,0.0490507,0.136079
-15.1899,189.873,0.0488542,0.136893
-11.3924,189.873,0.0486317,0.137623
-7.59494,189.873,0.048382,0.13826
-3.79747,189.873,0.0481044,0.138796
0,189.873,0.0477983,0.139224
-300,193.671,0.0389297,0.0587849
-296.203,193.671,0.0391977,0.0596147
-292.405,193.671,0.0394544,0.060457
-288.608,193.671,0.0397007,0.061311
-284.81,193.671,0.0399377,0.0621759
-281.013,193.671,0.0401664,0.0630511
-277.215,193.671,0.0403879,0.0639361
-273.418,193.671,0.0406033,0.0648305
-269.62,193.671,0.0408136,0.065734
-265.823,193.671,0.04102,0.0666466
-262.025,193.671,0.0412235,0.067568
-258.228,193.671,0.0414252,0.0684984
-254.43,193.671,0.0416259,0.0694377
-250.633,193.671,0.0418267,0.0703863
-246.835,193.671,0.0420282,0.0713441
-243.038,193.671,0.0422311,0.0723115
-239.241,193.671,0.0424362,0.0732885
-235.443,193.671,0.0426438,0.0742753
-231.646,193.671,0.0428544,0.0752721
-227.848,193.671,0.0430681,0.0762788
-224.051,193.671,0.0432852,0.0772954
-220.253,193.671,0.0435056,0.0783218
-216.456,193.671,0.0437293,0.0793578
-212.658,193.671,0.043956,0.0804029
-208.861,193.671,0.0441855,0.0814568
-205.063,193.671,0.0444173,0.0825188
-201.266,193.671,0.044651,0.0835883
-197.468,193.671,0.0448859,0.0846645
-193.671,193.671,0.0451216,0.0857466
-189.873,193.671,0.0453572,0.0868336
-186.076,193.671,0.0455922,0.0879245
-182.278,193.671,0.0458258,0.0890184
-178.481,193.671,0.0460573,0.0901142
-174.684,193.671,0.046286,0.091211
-170.886,193.671,0.0465112,0.0923078
-167.089,193.671,0.0467323,0.0934039
-163.291,193.671,0.0469486,0.0944985
-159.494,193.671,0.0471597,0.095591
-155.696,193.671,0.0473649,0.0966811
-151.899,193.671,0.0475639,0.0977685
-148.101,193.671,0.0477564,0.0988531
-144.304,193.671,0.047942,0.0999352
-140.506,193.671,0.0481205,0.101015
-136.709,193.671,0.0482918,0.102094
-132.911,193.671,0.0484558,0.103171
-129.114,193.671,0.0486124,0.104249
-125.316,193.671,0.0487618,0.105329
-121.519,193.671,0.0489039,0.106411
-117.722,193.671,0.0490389,0.107497
-113.924,193.671,0.0491668,0.108589
-110.127,193.671,0.0492879,0.109688
-106.329,193.671,0.0494021,0.110796
-102.532,193.671,0.0495097,0.111914
-98.7342,193.671,0.0496105,0.113043
-94.9367,193.671,0.0497048,0.114185
-91.1392,193.671,0.0497923,0.115339
-87.3418,193.671,0.049873,0.116507
-83.5443,193.671,0.0499467,0.117688
-79.7468,193.671,0.0500129,0.118882
-75.9494,193.671,0.0500715,0.120087
-72.1519,193.671,0.0501217,0.121304
-68.3544,193.671,0.0501631,0.122529
-64.557,193.671,0.0501948,0.123759
-60.7595,193.671,0.0502161,0.124992
-56.962,193.671,0.0502261,0.126223
-53.1646,193.671,0.0502237,0.127449
-49.3671,193.671,0.0502078,0.128663
-45.5696,193.671,0.0501772,0.12986
-41.7722,193.671,0.0501308,0.131034
-37.9747,193.671,0.0500671,0.132177
-34.1772,193.671,0.049985,0.133283
-30.3797,193.671,0.049883,0.134344
-26.5823,193.671,0.0497599,0.135353
-22.7848,193.671,0.0496143,0.1363
-18.9873,193.671,0.049445,0.137177
-15.1899,193.671,0.0492509,0.137977
-11.3924,193.671,0.0490308,0.138692
-7.59494,193.671,0.0487837,0.139312
-3.79747,193.671,0.0485088,0.139831
0,193.671,0.0482053,0.140241
-300,197.468,0.0394589,0.0603934
-296.203,197.468,0.0397276,0.061221
-292.405,197.468,0.0399845,0.0620606
-288.608,197.468,0.0402308,0.0629117
-284.81,197.468,0.0404675,0.0637735
-281.013,197.468,0.0406956,0.0646456
-277.215,197.468,0.0409163,0.0655275
-273.418,197.468,0.0411307,0.0664191
-269.62,197.468,0.0413399,0.0673201
-265.823,197.468,0.041545,0.0682303
-262.025,197.468,0.0417472,0.0691499
-258.228,197.468,0.0419476,0.0700787
-254.43,197.468,0.042147,0.071017
-250.633,197.468,0.0423464,0.0719648
-246.835,197.468,0.0425466,0.0729223
-243.038,197.468,0.0427484,0.0738895
-239.241,197.468,0.0429523,0.0748667
-235.443,197.468,0.0431589,0.0758539
-231.646,197.468,0.0433685,0.0768511
-227.848,197.468,0.0435813,0.0778583
-224.051,197.468,0.0437976,0.0788753
-220.253,197.468,0.0440174,0.0799019
-216.456,197.468,0.0442404,0.0809377
-212.658,197.468,0.0444665,0.0819823
-208.861,197.468,0.0446954,0.0830351
-205.063,197.468,0.0449267,0.0840955
-201.266,197.468,0.0451598,0.0851627
-197.468,197.468,0.0453941,0.0862359
-193.671,197.468,0.0456291,0.0873141
-189.873,197.468,0.045864,0.0883964
-186.076,197.468,0.0460981,0.0894816
-182.278,197.468,0.0463306,0.0905689
-178.481,197.468,0.0465609,0.0916573
-174.684,197.468,0.0467882,0.0927456
-170.886,197.468,0.0470117,0.0938331
-167.089,197.468,0.0472309,0.094919
-163.291,197.468,0.0474451,0.0960026
-159.494,197.468,0.0476537,0.0970834
-155.696,197.468,0.0478562,0.098161
-151.899,197.468,0.0480522,0.0992354
-148.101,197.468,0.0482413,0.100307
-144.304,197.468,0.0484233,0.101375
-140.506,197.468,0.0485979,0.102441
-136.709,197.468,0.0487651,0.103505
-132.911,197.468,0.0489247,0.104568
-129.114,197.468,0.0490767,0.105631
-125.316,197.468,0.0492212,0.106697
-121.519,197.468,0.0493584,0.107765
-117.722,197.468,0.0494882,0.108837
-113.924,197.468,0.0496109,0.109916
-110.127,197.468,0.0497267,0.111003
-106.329,197.468,0.0498357,0.112098
-102.532,197.468,0.049938,0.113204
-98.7342,197.468,0.0500337,0.114322
-94.9367,197.468,0.0501229,0.115453
-91.1392,197.468,0.0502055,0.116597
-87.3418,197.468,0.0502815,0.117755
-83.5443,197.468,0.0503508,0.118927
-79.7468,197.468,0.050413,0.120112
-75.9494,197.468,0.0504677,0.12131
-72.1519,197.468,0.0505146,0.122519
-68.3544,197.468,0.0505529,0.123736
-64.557,197.468,0.0505821,0.124959
-60.7595,197.468,0.0506013,0.126185
-56.962,197.468,0.0506096,0.127409
-53.1646,197.468,0.0506061,0.128627
-49.3671,197.468,0.0505895,0.129834
-45.5696,197.468,0.0505587,0.131023
-41.7722,197.468,0.0505125,0.132189
-37.9747,197.468,0.0504495,0.133324
-34.1772,197.468,0.0503685,0.134421
-30.3797,197.468,0.050268,0.135473
-26.5823,197.468,0.0501468,0.136471
-22.7848,197.468,0.0500034,0.137407
-18.9873,197.468,0.0498366,0.138273
-15.1899,197.468,0.0496452,0.13906
-11.3924,197.468,0.049428,0.139761
-7.59494,197.468,0.0491839,0.140367
-3.79747,197.468,0.0489121,0.140871
0,197.468,0.0486117,0.141264
-300,201.266,0.0399879,0.0620028
-296.203,201.266,0.0402571,0.0628282
-292.405,201.266,0.0405143,0.0636652
-288.608,201.266,0.0407605,0.0645133
-284.81,201.266,0.0409967,0.0653718
-281.013,201.266,0.041224,0.0662405
-277.215,201.266,0.0414437,0.067119
-273.418,201.266,0.0416569,0.0680072
-269.62,201.266,0.0418647,0.068905
-265.823,201.266,0.0420684,0.0698123
-262.025,201.266,0.0422691,0.0707291
-258.228,201.266,0.0424678,0.0716555
-254.43,201.266,0.0426656,0.0725916
-250.633,201.266,0.0428634,0.0735375
-246.835,201.266,0.0430621,0.0744933
-243.038,201.266,0.0432623,0.0754592
-239.241,201.266,0.0434647,0.0764352
-235.443,201.266,0.0436699,0.0774213
-231.646,201.266,0.0438782,0.0784174
-227.848,201.266,0.0440898,0.0794235
-224.051,201.266,0.0443049,0.0804392
-220.253,201.266,0.0445236,0.0814643
-216.456,201.266,0.0447456,0.0824984
-212.658,201.266,0.0449707,0.0835408
-208.861,201.266,0.0451987,0.084591
-205.063,201.266,0.045429,0.0856482
-201.266,201.266,0.0456611,0.0867116
-197.468,201.266,0.0458945,0.0877802
-193.671,201.266,0.0461284,0.088853
-189.873,201.266,0.0463621,0.0899291
-186.076,201.266,0.0465949,0.0910073
-182.278,201.266,0.0468261,0.0920868
-178.481,201.266,0.0470548,0.0931663
-174.684,201.266,0.0472803,0.0942451
-170.886,201.266,0.0475019,0.0953222
-167.089,201.266,0.0477189,0.0963969
-163.291,201.266,0.0479307,0.0974686
-159.494,201.266,0.0481366,0.0985369
-155.696,201.266,0.0483362,0.0996014
-151.899,201.266,0.048529,0.100662
-148.101,201.266,0.0487146,0.101719
-144.304,201.266,0.0488929,0.102773
-140.506,201.266,0.0490635,0.103825
-136.709,201.266,0.0492264,0.104874
-132.911,201.266,0.0493816,0.105923
-129.114,201.266,0.0495289,0.106972
-125.316,201.266,0.0496686,0.108023
-121.519,201.266,0.0498008,0.109078
-117.722,201.266,0.0499256,0.110137
-113.924,201.266,0.0500432,0.111203
-110.127,201.266,0.0501538,0.112277
-106.329,201.266,0.0502577,0.113361
-102.532,201.266,0.0503549,0.114456
-98.7342,201.266,0.0504456,0.115563
-94.9367,201.266,0.05053,0.116684
-91.1392,201.266,0.050608,0.117819
-87.3418,201.266,0.0506797,0.118969
-83.5443,201.266,0.0507448,0.120133
-79.7468,201.266,0.0508032,0.121311
-75.9494,201.266,0.0508546,0.122502
-72.1519,201.266,0.0508984,0.123704
-68.3544,201.266,0.0509342,0.124915
-64.557,201.266,0.0509612,0.126133
-60.7595,201.266,0.0509787,0.127353
-56.962,201.266,0.0509858,0.128571
-53.1646,201.266,0.0509815,0.129784
-49.3671,201.266,0.0509646,0.130985
-45.5696,201.266,0.0509341,0.132168
-41.7722,201.266,0.0508886,0.133328
-37.9747,201.266,0.0508267,0.134456
-34.1772,201.266,0.0507473,0.135546
-30.3797,201.266,0.0506487,0.13659
-26.5823,201.266,0.0505298,0.13758
-22.7848,201.266,0.050389,0.138507
-18.9873,201.266,0.0502251,0.139363
-15.1899,201.266,0.0500368,0.140139
-11.3924,201.266,0.0498229,0.140829
-7.59494,201.266,0.0495822,0.141422
-3.79747,201.266,0.0493137,0.141912
0,201.266,0.0490168,0.142292
-300,205.063,0.0405167,0.0636125
-296.203,205.063,0.0407865,0.064436
-292.405,205.063,0.0410438,0.0652705
-288.608,205.063,0.0412897,0.0661155
-284.81,205.063,0.0415254,0.0669707
-281.013,205.063,0.0417519,0.0678358
-277.215,205.063,0.0419704,0.0687106
-273.418,205.063,0.0421823,0.0695951
-269.62,205.063,0.0423886,0.0704891
-265.823,205.063,0.0425907,0.0713927
-262.025,205.063,0.0427896,0.072306
-258.228,205.063,0.0429865,0.0732291
-254.43,205.063,0.0431824,0.074162
-250.633,205.063,0.0433783,0.075105
-246.835,205.063,0.0435751,0.076058
-243.038,205.063,0.0437735,0.0770213
-239.241,205.063,0.0439741,0.0779947
-235.443,205.063,0.0441776,0.0789783
-231.646,205.063,0.0443842,0.079972
-227.848,205.063,0.0445942,0.0809754
-224.051,205.063,0.0448078,0.0819884
-220.253,205.063,0.045025,0.0830106
-216.456,205.063,0.0452455,0.0840413
-212.658,205.063,0.0454693,0.08508
-208.861,205.063,0.0456959,0.086126
-205.063,205.063,0.0459249,0.0871784
-201.266,205.063,0.0461557,0.0882364
-197.468,205.063,0.0463877,0.0892989
-193.671,205.063,0.0466201,0.0903649
-189.873,205.063,0.0468524,0.0914335
-186.076,205.063,0.0470836,0.0925034
-182.278,205.063,0.047313,0.0935737
-178.481,205.063,0.0475398,0.0946433
-174.684,205.063,0.0477633,0.0957114
-170.886,205.063,0.0479826,0.0967771
-167.089,205.063,0.0481972,0.0978397
-163.291,205.063,0.0484062,0.0988987
-159.494,205.063,0.0486092,0.0999537
-155.696,205.063,0.0488056,0.101004
-151.899,205.063,0.048995,0.102051
-148.101,205.063,0.0491771,0.103094
-144.304,205.063,0.0493514,0.104133
-140.506,205.063,0.049518,0.10517
-136.709,205.063,0.0496766,0.106205
-132.911,205.063,0.0498272,0.107239
-129.114,205.063,0.0499699,0.108274
-125.316,205.063,0.0501048,0.109311
-121.519,205.063,0.0502321,0.110352
-117.722,205.063,0.0503519,0.111398
-113.924,205.063,0.0504644,0.112452
-110.127,205.063,0.05057,0.113514
-106.329,205.063,0.0506689,0.114586
-102.532,205.063,0.0507612,0.115671
-98.7342,205.063,0.0508472,0.116769
-94.9367,205.063,0.050927,0.117881
-91.1392,205.063,0.0510006,0.119007
-87.3418,205.063,0.0510682,0.120149
-83.5443,205.063,0.0511295,0.121307
-79.7468,205.063,0.0511844,0.122478
-75.9494,205.063,0.0512327,0.123664
-72.1519,205.063,0.0512738,0.124861
-68.3544,205.063,0.0513073,0.126067
-64.557,205.063,0.0513326,0.12728
-60.7595,205.063,0.0513488,0.128496
-56.962,205.063,0.051355,0.12971
-53.1646,205.063,0.0513503,0.130919
-49.3671,205.063,0.0513336,0.132116
-45.5696,205.063,0.0513037,0.133295
-41.7722,205.063,0.0512592,0.13445
-37.9747,205.063,0.0511989,0.135573
-34.1772,205.063,0.0511214,0.136658
-30.3797,205.063,0.0510252,0.137695
-26.5823,205.063,0.0509089,0.138678
-22.7848,205.063,0.0507711,0.139598
-18.9873,205.063,0.0506104,0.140445
-15.1899,205.063,0.0504255,0.141213
-11.3924,205.063,0.0502151,0.141892
-7.59494,205.063,0.0499781,0.142475
-3.79747,205.063,0.0497134,0.142953
0,205.063,0.04942,0.14332
-300,208.861,0.0410454,0.0652218
-296.203,208.861,0.0413157,0.0660437
-292.405,208.861,0.0415732,0.0668758
-288.608,208.861,0.0418189,0.067718
-284.81,208.861,0.0420539,0.0685698
-281.013,208.861,0.0422794,0.0694312
-277.215,208.861,0.0424968,0.0703021
-273.418,208.861,0.0427072,0.0711825
-269.62,208.861,0.0429119,0.0720723
-265.823,208.861,0.0431121,0.0729718
-262.025,208.861,0.0433091,0.0738809
-258.228,208.861,0.0435039,0.0747999
-254.43,208.861,0.0436978,0.0757289
-250.633,208.861,0.0438916,0.0766679
-246.835,208.861,0.0440862,0.0776171
-243.038,208.861,0.0442825,0.0785766
-239.241,208.861,0.044481,0.0795463
-235.443,208.861,0.0446824,0.0805261
-231.646,208.861,0.044887,0.0815159
-227.848,208.861,0.0450951,0.0825154
-224.051,208.861,0.0453068,0.0835242
-220.253,208.861,0.0455222,0.0845419
-216.456,208.861,0.045741,0.0855678
-212.658,208.861,0.045963,0.0866013
-208.861,208.861,0.0461879,0.0876416
-205.063,208.861,0.0464152,0.0886878
-201.266,208.861,0.0466443,0.0897389
-197.468,208.861,0.0468745,0.090794
-193.671,208.861,0.0471052,0.0918519
-189.873,208.861,0.0473355,0.0929115
-186.076,208.861,0.0475648,0.0939719
-182.278,208.861,0.0477921,0.0950319
-178.481,208.861,0.0480167,0.0960905
-174.684,208.861,0.0482378,0.0971469
-170.886,208.861,0.0484546,0.0982002
-167.089,208.861,0.0486664,0.0992499
-163.291,208.861,0.0488726,0.100295
-159.494,208.861,0.0490724,0.101336
-155.696,208.861,0.0492655,0.102373
-151.899,208.861,0.0494513,0.103405
-148.101,208.861,0.0496295,0.104433
-144.304,208.861,0.0497999,0.105457
-140.506,208.861,0.0499623,0.106479
-136.709,208.861,0.0501165,0.107499
-132.911,208.861,0.0502626,0.108519
-129.114,208.861,0.0504006,0.109539
-125.316,208.861,0.0505307,0.110563
-121.519,208.861,0.0506531,0.11159
-117.722,208.861,0.0507679,0.112624
-113.924,208.861,0.0508755,0.113665
-110.127,208.861,0.0509762,0.114716
-106.329,208.861,0.0510702,0.115778
-102.532,208.861,0.0511578,0.116852
-98.7342,208.861,0.0512392,0.117941
-94.9367,208.861,0.0513146,0.119045
-91.1392,208.861,0.0513841,0.120164
-87.3418,208.861,0.0514478,0.121299
-83.5443,208.861,0.0515056,0.122451
-79.7468,208.861,0.0515573,0.123617
-75.9494,208.861,0.0516028,0.124798
-72.1519,208.861,0.0516416,0.12599
-68.3544,208.861,0.0516731,0.127193
-64.557,208.861,0.0516969,0.128403
-60.7595,208.861,0.0517121,0.129615
-56.962,208.861,0.0517178,0.130827
-53.1646,208.861,0.0517131,0.132033
-49.3671,208.861,0.0516968,0.133227
-45.5696,208.861,0.0516678,0.134403
-41.7722,208.861,0.0516247,0.135554
-37.9747,208.861,0.0515663,0.136674
-34.1772,208.861,0.051491,0.137754
-30.3797,208.861,0.0513974,0.138787
-26.5823,208.861,0.051284,0.139765
-22.7848,208.861,0.0511495,0.140678
-18.9873,208.861,0.0509923,0.141519
-15.1899,208.861,0.0508111,0.142279
-11.3924,208.861,0.0506045,0.14295
-7.59494,208.861,0.0503713,0.143523
-3.79747,208.861,0.0501105,0.143991
0,208.861,0.049821,0.144346
-300,212.658,0.0415738,0.0668295
-296.203,212.658,0.0418447,0.0676502
-292.405,212.658,0.0421024,0.0684804
-288.608,212.658,0.0423478,0.0693199
-284.81,212.658,0.0425822,0.0701686
-281.013,212.658,0.0428068,0.0710263
-277.215,212.658,0.0430229,0.0718932
-273.418,212.658,0.0432317,0.0727693
-269.62,212.658,0.0434347,0.0736547
-265.823,212.658,0.043633,0.0745495
-262.025,212.658,0.0438279,0.075454
-258.228,212.658,0.0440205,0.0763683
-254.43,212.658,0.0442121,0.0772925
-250.633,212.658,0.0444036,0.0782268
-246.835,212.658,0.0445958,0.0791712
-243.038,212.658,0.0447897,0.0801259
-239.241,212.658,0.044986,0.0810907
-235.443,212.658,0.045185,0.0820656
-231.646,212.658,0.0453873,0.0830503
-227.848,212.658,0.0455932,0.0840445
-224.051,212.658,0.0458027,0.0850478
-220.253,212.658,0.0460159,0.0860597
-216.456,212.658,0.0462326,0.0870795
-212.658,212.658,0.0464525,0.0881064
-208.861,212.658,0.0466754,0.0891396
-205.063,212.658,0.0469006,0.0901782
-201.266,212.658,0.0471276,0.0912212
-197.468,212.658,0.0473557,0.0922674
-193.671,212.658,0.0475843,0.0933159
-189.873,212.658,0.0478124,0.0943655
-186.076,212.658,0.0480394,0.0954151
-182.278,212.658,0.0482644,0.0964637
-178.481,212.658,0.0484865,0.0975103
-174.684,212.658,0.0487049,0.098554
-170.886,212.658,0.0489189,0.0995941
-167.089,212.658,0.0491277,0.10063
-163.291,212.658,0.0493307,0.101661
-159.494,212.658,0.0495272,0.102688
-155.696,212.658,0.0497167,0.103709
-151.899,212.658,0.0498988,0.104726
-148.101,212.658,0.0500731,0.105739
-144.304,212.658,0.0502393,0.106748
-140.506,212.658,0.0503974,0.107755
-136.709,212.658,0.0505472,0.10876
-132.911,212.658,0.0506887,0.109766
-129.114,212.658,0.050822,0.110772
-125.316,212.658,0.0509473,0.111782
-121.519,212.658,0.0510648,0.112796
-117.722,212.658,0.0511748,0.113817
-113.924,212.658,0.0512776,0.114847
-110.127,212.658,0.0513735,0.115886
-106.329,212.658,0.0514627,0.116938
-102.532,212.658,0.0515457,0.118003
-98.7342,212.658,0.0516227,0.119084
-94.9367,212.658,0.051694,0.120179
-91.1392,212.658,0.0517595,0.121292
-87.3418,212.658,0.0518196,0.122421
-83.5443,212.658,0.0518741,0.123567
-79.7468,212.658,0.0519229,0.124729
-75.9494,212.658,0.0519658,0.125906
-72.1519,212.658,0.0520024,0.127095
-68.3544,212.658,0.0520323,0.128295
-64.557,212.658,0.0520549,0.129502
-60.7595,212.658,0.0520693,0.130713
-56.962,212.658,0.0520748,0.131923
-53.1646,212.658,0.0520704,0.133126
-49.3671,212.658,0.0520548,0.134318
-45.5696,212.658,0.052027,0.135492
-41.7722,212.658,0.0519856,0.136642
-37.9747,212.658,0.0519291,0.137759
-34.1772,212.658,0.0518563,0.138836
-30.3797,212.658,0.0517656,0.139866
-26.5823,212.658,0.0516554,0.140839
-22.7848,212.658,0.0515243,0.141747
-18.9873,212.658,0.0513708,0.142582
-15.1899,212.658,0.0511934,0.143336
-11.3924,212.658,0.0509908,0.143999
-7.59494,212.658,0.0507616,0.144563
-3.79747,212.658,0.0505048,0.145022
0,212.658,0.0502193,0.145366
-300,216.456,0.0421018,0.0684345
-296.203,216.456,0.0423734,0.0692545
-292.405,216.456,0.0426313,0.0700832
-288.608,216.456,0.0428765,0.0709204
-284.81,216.456,0.0431103,0.0717661
-281.013,216.456,0.0433339,0.0726204
-277.215,216.456,0.0435487,0.0734833
-273.418,216.456,0.043756,0.0743551
-269.62,216.456,0.0439572,0.0752358
-265.823,216.456,0.0441535,0.0761258
-262.025,216.456,0.0443462,0.0770251
-258.228,216.456,0.0445365,0.0779342
-254.43,216.456,0.0447257,0.078853
-250.633,216.456,0.0449146,0.0797818
-246.835,216.456,0.0451044,0.0807207
-243.038,216.456,0.0452957,0.0816697
-239.241,216.456,0.0454893,0.0826287
-235.443,216.456,0.0456858,0.0835975
-231.646,216.456,0.0458856,0.0845761
-227.848,216.456,0.0460889,0.0855639
-224.051,216.456,0.046296,0.0865605
-220.253,216.456,0.0465067,0.0875653
-216.456,216.456,0.046721,0.0885776
-212.658,216.456,0.0469385,0.0895967
-208.861,216.456,0.047159,0.0906216
-205.063,216.456,0.0473818,0.0916514
-201.266,216.456,0.0476064,0.092685
-197.468,216.456,0.0478322,0.0937213
-193.671,216.456,0.0480582,0.0947592
-189.873,216.456,0.0482839,0.0957976
-186.076,216.456,0.0485083,0.0968355
-182.278,216.456,0.0487306,0.0978717
-178.481,216.456,0.0489499,0.0989054
-174.684,216.456,0.0491654,0.0999356
-170.886,216.456,0.0493763,0.100962
-167.089,216.456,0.0495819,0.101983
-163.291,216.456,0.0497815,0.103
-159.494,216.456,0.0499745,0.104011
-155.696,216.456,0.0501603,0.105018
-151.899,216.456,0.0503385,0.106019
-148.101,216.456,0.0505087,0.107016
-144.304,216.456,0.0506707,0.10801
-140.506,216.456,0.0508244,0.109002
-136.709,216.456,0.0509697,0.109992
-132.911,216.456,0.0511066,0.110983
-129.114,216.456,0.0512352,0.111975
-125.316,216.456,0.0513557,0.112971
-121.519,216.456,0.0514685,0.113973
-117.722,216.456,0.0515737,0.114982
-113.924,216.456,0.0516717,0.116
-110.127,216.456,0.0517628,0.117029
-106.329,216.456,0.0518475,0.118071
-102.532,216.456,0.0519261,0.119127
-98.7342,216.456,0.0519989,0.120199
-94.9367,216.456,0.0520661,0.121288
-91.1392,216.456,0.0521279,0.122394
-87.3418,216.456,0.0521845,0.123518
-83.5443,216.456,0.0522359,0.12466
-79.7468,216.456,0.052282,0.125818
-75.9494,216.456,0.0523226,0.126991
-72.1519,216.456,0.0523573,0.128178
-68.3544,216.456,0.0523858,0.129375
-64.557,216.456,0.0524073,0.130581
-60.7595,216.456,0.0524213,0.13179
-56.962,216.456,0.0524268,0.132999
-53.1646,216.456,0.0524227,0.134201
-49.3671,216.456,0.0524081,0.135392
-45.5696,216.456,0.0523817,0.136565
-41.7722,216.456,0.0523421,0.137713
-37.9747,216.456,0.0522879,0.138828
-34.1772,216.456,0.0522178,0.139903
-30.3797,216.456,0.05213,0.14093
-26.5823,216.456,0.0520231,0.141899
-22.7848,216.456,0.0518956,0.142804
-18.9873,216.456,0.0517458,0.143634
-15.1899,216.456,0.0515724,0.144382
-11.3924,216.456,0.0513738,0.145038
-7.59494,216.456,0.0511488,0.145595
-3.79747,216.456,0.0508961,0.146044
0,216.456,0.0506146,0.146379
-300,220.253,0.0426289,0.0700353
-296.203,220.253,0.0429014,0.0708554
-292.405,220.253,0.0431596,0.0716831
-288.608,220.253,0.0434047,0.0725184
-284.81,220.253,0.043638,0.0733615
-281.013,220.253,0.0438607,0.0742126
-277.215,220.253,0.0440742,0.0750717
-273.418,220.253,0.04428,0.0759391
-269.62,220.253,0.0444793,0.0768151
-265.823,220.253,0.0446736,0.0777
-262.025,220.253,0.0448641,0.078594
-258.228,220.253,0.045052,0.0794974
-254.43,220.253,0.0452387,0.0804104
-250.633,220.253,0.045425,0.0813332
-246.835,220.253,0.0456121,0.0822658
-243.038,220.253,0.0458007,0.0832083
-239.241,220.253,0.0459915,0.0841607
-235.443,220.253,0.0461853,0.0851227
-231.646,220.253,0.0463823,0.086094
-227.848,220.253,0.0465828,0.0870744
-224.051,220.253,0.0467871,0.0880632
-220.253,220.253,0.0469951,0.0890599
-216.456,220.253,0.0472067,0.0900638
-212.658,220.253,0.0474216,0.0910739
-208.861,220.253,0.0476394,0.0920894
-205.063,220.253,0.0478595,0.0931092
-201.266,220.253,0.0480815,0.0941324
-197.468,220.253,0.0483045,0.0951577
-193.671,220.253,0.0485278,0.096184
-189.873,220.253,0.0487507,0.0972103
-186.076,220.253,0.0489722,0.0982355
-182.278,220.253,0.0491915,0.0992585
-178.481,220.253,0.0494078,0.100278
-174.684,220.253,0.0496202,0.101295
-170.886,220.253,0.0498278,0.102306
-167.089,220.253,0.05003,0.103313
-163.291,220.253,0.050226,0.104314
-159.494,220.253,0.0504153,0.10531
-155.696,220.253,0.0505972,0.106301
-151.899,220.253,0.0507714,0.107286
-148.101,220.253,0.0509374,0.108268
-144.304,220.253,0.0510952,0.109247
-140.506,220.253,0.0512444,0.110223
-136.709,220.253,0.0513852,0.111198
-132.911,220.253,0.0515174,0.112175
-129.114,220.253,0.0516414,0.113153
-125.316,220.253,0.0517572,0.114136
-121.519,220.253,0.0518651,0.115125
-117.722,220.253,0.0519656,0.116121
-113.924,220.253,0.052059,0.117128
-110.127,220.253,0.0521455,0.118147
-106.329,220.253,0.0522258,0.11918
-102.532,220.253,0.0523001,0.120228
-98.7342,220.253,0.0523687,0.121292
-94.9367,220.253,0.0524321,0.122374
-91.1392,220.253,0.0524903,0.123475
-87.3418,220.253,0.0525437,0.124593
-83.5443,220.253,0.0525922,0.125731
-79.7468,220.253,0.0526357,0.126885
-75.9494,220.253,0.0526741,0.128056
-72.1519,220.253,0.0527072,0.12924
-68.3544,220.253,0.0527344,0.130436
-64.557,220.253,0.0527552,0.131641
-60.7595,220.253,0.0527688,0.132849
-56.962,220.253,0.0527744,0.134057
-53.1646,220.253,0.052771,0.135259
-49.3671,220.253,0.0527575,0.136449
-45.5696,220.253,0.0527325,0.137621
-41.7722,220.253,0.0526949,0.138768
-37.9747,220.253,0.0526431,0.139882
-34.1772,220.253,0.0525756,0.140955
-30.3797,220.253,0.0524909,0.14198
-26.5823,220.253,0.0523874,0.142946
-22.7848,220.253,0.0522635,0.143847
-18.9873,220.253,0.0521176,0.144673
-15.1899,220.253,0.0519481,0.145415
-11.3924,220.253,0.0517536,0.146065
-7.59494,220.253,0.0515327,0.146615
-3.79747,220.253,0.051284,0.147057
0,220.253,0.0510064,0.147382
-300,224.051,0.0431548,0.0716303
-296.203,224.051,0.0434283,0.0724511
-292.405,224.051,0.0436869,0.0732784
-288.608,224.051,0.043932,0.0741125
-284.81,224.051,0.0441649,0.0749535
-281.013,224.051,0.0443868,0.0758016
-277.215,224.051,0.0445992,0.0766572
-273.418,224.051,0.0448035,0.0775205
-269.62,224.051,0.045001,0.0783918
-265.823,224.051,0.0451933,0.0792716
-262.025,224.051,0.0453815,0.0801601
-258.228,224.051,0.0455671,0.0810577
-254.43,224.051,0.0457511,0.0819645
-250.633,224.051,0.0459348,0.0828808
-246.835,224.051,0.046119,0.0838066
-243.038,224.051,0.0463048,0.0847421
-239.241,224.051,0.0464928,0.085687
-235.443,224.051,0.0466835,0.0866414
-231.646,224.051,0.0468776,0.0876048
-227.848,224.051,0.0470752,0.0885769
-224.051,224.051,0.0472766,0.0895571
-220.253,224.051,0.0474816,0.0905448
-216.456,224.051,0.0476903,0.0915391
-212.658,224.051,0.0479022,0.0925394
-208.861,224.051,0.0481171,0.0935445
-205.063,224.051,0.0483343,0.0945535
-201.266,224.051,0.0485533,0.0955652
-197.468,224.051,0.0487734,0.0965786
-193.671,224.051,0.0489937,0.0975926
-189.873,224.051,0.0492135,0.098606
-186.076,224.051,0.0494319,0.0996177
-182.278,224.051,0.0496481,0.100627
-178.481,224.051,0.0498611,0.101632
-174.684,224.051,0.0500701,0.102634
-170.886,224.051,0.0502742,0.10363
-167.089,224.051,0.0504728,0.104621
-163.291,224.051,0.0506651,0.105607
-159.494,224.051,0.0508505,0.106587
-155.696,224.051,0.0510284,0.107562
-151.899,224.051,0.0511985,0.108532
-148.101,224.051,0.0513603,0.109498
-144.304,224.051,0.0515137,0.110461
-140.506,224.051,0.0516585,0.111422
-136.709,224.051,0.0517947,0.112383
-132.911,224.051,0.0519223,0.113345
-129.114,224.051,0.0520416,0.114309
-125.316,224.051,0.0521527,0.115279
-121.519,224.051,0.052256,0.116255
-117.722,224.051,0.0523519,0.11724
-113.924,224.051,0.0524406,0.118237
-110.127,224.051,0.0525227,0.119245
-106.329,224.051,0.0525986,0.120269
-102.532,224.051,0.0526688,0.121309
-98.7342,224.051,0.0527335,0.122366
-94.9367,224.051,0.0527931,0.123441
-91.1392,224.051,0.052848,0.124536
-87.3418,224.051,0.0528982,0.12565
-83.5443,224.051,0.0529439,0.126784
-79.7468,224.051,0.0529851,0.127935
-75.9494,224.051,0.0530216,0.129103
-72.1519,224.051,0.053053,0.130286
-68.3544,224.051,0.0530791,0.131481
-64.557,224.051,0.0530992,0.132684
-60.7595,224.051,0.0531126,0.133891
-56.962,224.051,0.0531185,0.135099
-53.1646,224.051,0.0531158,0.1363
-49.3671,224.051,0.0531034,0.13749
-45.5696,224.051,0.0530801,0.138662
-41.7722,224.051,0.0530445,0.139808
-37.9747,224.051,0.0529951,0.140921
-34.1772,224.051,0.0529304,0.141993
-30.3797,224.051,0.0528487,0.143015
-26.5823,224.051,0.0527486,0.143979
-22.7848,224.051,0.0526282,0.144876
-18.9873,224.051,0.0524861,0.145698
-15.1899,224.051,0.0523205,0.146435
-11.3924,224.051,0.05213,0.14708
-7.59494,224.051,0.051913,0.147622
-3.79747,224.051,0.0516683,0.148056
0,224.051,0.0513946,0.148373
-300,227.848,0.0436787,0.0732177
-296.203,227.848,0.0439533,0.0740399
-292.405,227.848,0.0442127,0.0748676
-288.608,227.848,0.044458,0.075701
-284.81,227.848,0.0446906,0.0765404
-281.013,227.848,0.0449118,0.0773861
-277.215,227.848,0.0451232,0.0782385
-273.418,227.848,0.0453261,0.079098
-269.62,227.848,0.045522,0.0799649
-265.823,227.848,0.0457122,0.0808396
-262.025,227.848,0.0458983,0.0817226
-258.228,227.848,0.0460814,0.0826142
-254.43,227.848,0.0462629,0.0835146
-250.633,227.848,0.0464438,0.0844241
-246.835,227.848,0.0466253,0.0853428
-243.038,227.848,0.0468081,0.0862708
-239.241,227.848,0.0469931,0.0872079
-235.443,227.848,0.0471808,0.088154
-231.646,227.848,0.0473718,0.0891088
-227.848,227.848,0.0475663,0.0900719
-224.051,227.848,0.0477645,0.0910427
-220.253,227.848,0.0479664,0.0920206
-216.456,227.848,0.048172,0.0930047
-212.658,227.848,0.0483808,0.0939943
-208.861,227.848,0.0485925,0.0949882
-205.063,227.848,0.0488066,0.0959856
-201.266,227.848,0.0490224,0.0969852
-197.468,227.848,0.0492393,0.097986
-193.671,227.848,0.0494565,0.0989869
-189.873,227.848,0.049673,0.0999867
-186.076,227.848,0.0498881,0.100984
-182.278,227.848,0.0501009,0.101979
-178.481,227.848,0.0503104,0.10297
-174.684,227.848,0.0505159,0.103956
-170.886,227.848,0.0507164,0.104937
-167.089,227.848,0.0509112,0.105912
-163.291,227.848,0.0510997,0.106882
-159.494,227.848,0.0512811,0.107846
-155.696,227.848,0.051455,0.108805
-151.899,227.848,0.0516208,0.10976
-148.101,227.848,0.0517784,0.11071
-144.304,227.848,0.0519274,0.111657
-140.506,227.848,0.0520677,0.112603
-136.709,227.848,0.0521993,0.113549
-132.911,227.848,0.0523224,0.114497
-129.114,227.848,0.052437,0.115448
-125.316,227.848,0.0525435,0.116405
-121.519,227.848,0.0526422,0.117369
-117.722,227.848,0.0527335,0.118343
-113.924,227.848,0.0528178,0.119328
-110.127,227.848,0.0528955,0.120328
-106.329,227.848,0.0529672,0.121342
-102.532,227.848,0.0530333,0.122374
-98.7342,227.848,0.0530942,0.123424
-94.9367,227.848,0.0531503,0.124494
-91.1392,227.848,0.0532019,0.125583
-87.3418,227.848,0.0532491,0.126693
-83.5443,227.848,0.0532922,0.127822
-79.7468,227.848,0.0533312,0.128971
-75.9494,227.848,0.0533658,0.130137
-72.1519,227.848,0.0533958,0.131318
-68.3544,227.848,0.0534209,0.132511
-64.557,227.848,0.0534404,0.133713
-60.7595,227.848,0.0534537,0.13492
-56.962,227.848,0.0534598,0.136127
-53.1646,227.848,0.0534579,0.137328
-49.3671,227.848,0.0534467,0.138518
-45.5696,227.848,0.053425,0.139689
-41.7722,227.848,0.0533913,0.140834
-37.9747,227.848,0.0533443,0.141946
-34.1772,227.848,0.0532823,0.143016
-30.3797,227.848,0.0532036,0.144036
-26.5823,227.848,0.0531068,0.144998
-22.7848,227.848,0.0529899,0.145891
-18.9873,227.848,0.0528514,0.146709
-15.1899,227.848,0.0526896,0.147441
-11.3924,227.848,0.0525029,0.148079
-7.59494,227.848,0.0522898,0.148615
-3.79747,227.848,0.0520488,0.149041
0,227.848,0.0517788,0.149349
-300,231.646,0.0441998,0.0747952
-296.203,231.646,0.0444759,0.0756196
-292.405,231.646,0.0447361,0.0764485
-288.608,231.646,0.0449818,0.077282
-284.81,231.646,0.0452144,0.0781204
-281.013,231.646,0.0454352,0.0789643
-277.215,231.646,0.0456456,0.079814
-273.418,231.646,0.0458473,0.08067
-269.62,231.646,0.0460416,0.0815328
-265.823,231.646,0.04623,0.0824028
-262.025,231.646,0.046414,0.0832804
-258.228,231.646,0.0465948,0.084166
-254.43,231.646,0.0467737,0.08506
-250.633,231.646,0.046952,0.0859626
-246.835,231.646,0.0471306,0.0868739
-243.038,231.646,0.0473104,0.087794
-239.241,231.646,0.0474923,0.0887229
-235.443,231.646,0.047677,0.0896604
-231.646,231.646,0.0478648,0.0906061
-227.848,231.646,0.0480561,0.0915597
-224.051,231.646,0.0482511,0.0925206
-220.253,231.646,0.0484497,0.0934881
-216.456,231.646,0.048652,0.0944614
-212.658,231.646,0.0488575,0.0954396
-208.861,231.646,0.049066,0.0964219
-205.063,231.646,0.0492767,0.097407
-201.266,231.646,0.0494893,0.0983939
-197.468,231.646,0.0497028,0.0993816
-193.671,231.646,0.0499165,0.100369
-189.873,231.646,0.0501297,0.101355
-186.076,231.646,0.0503413,0.102338
-182.278,231.646,0.0505505,0.103318
-178.481,231.646,0.0507564,0.104293
-174.684,231.646,0.0509582,0.105264
-170.886,231.646,0.051155,0.106229
-167.089,231.646,0.051346,0.107189
-163.291,231.646,0.0515304,0.108143
-159.494,231.646,0.0517078,0.109091
-155.696,231.646,0.0518776,0.110034
-151.899,231.646,0.0520392,0.110972
-148.101,231.646,0.0521924,0.111907
-144.304,231.646,0.052337,0.112839
-140.506,231.646,0.0524729,0.113771
-136.709,231.646,0.0526,0.114702
-132.911,231.646,0.0527185,0.115636
-129.114,231.646,0.0528286,0.116574
-125.316,231.646,0.0529306,0.117518
-121.519,231.646,0.0530247,0.11847
-117.722,231.646,0.0531115,0.119433
-113.924,231.646,0.0531915,0.120408
-110.127,231.646,0.053265,0.121398
-106.329,231.646,0.0533326,0.122404
-102.532,231.646,0.0533948,0.123428
-98.7342,231.646,0.053452,0.124471
-94.9367,231.646,0.0535047,0.125534
-91.1392,231.646,0.0535531,0.126619
-87.3418,231.646,0.0535975,0.127724
-83.5443,231.646,0.0536381,0.12885
-79.7468,231.646,0.0536749,0.129995
-75.9494,231.646,0.0537077,0.131159
-72.1519,231.646,0.0537364,0.132338
-68.3544,231.646,0.0537605,0.13353
-64.557,231.646,0.0537795,0.134731
-60.7595,231.646,0.0537926,0.135937
-56.962,231.646,0.0537991,0.137143
-53.1646,231.646,0.0537979,0.138344
-49.3671,231.646,0.0537879,0.139533
-45.5696,231.646,0.0537677,0.140703
-41.7722,231.646,0.0537359,0.141847
-37.9747,231.646,0.0536912,0.142957
-34.1772,231.646,0.0536317,0.144026
-30.3797,231.646,0.053556,0.145043
-26.5823,231.646,0.0534622,0.146002
-22.7848,231.646,0.0533486,0.146892
-18.9873,231.646,0.0532135,0.147704
-15.1899,231.646,0.0530553,0.148431
-11.3924,231.646,0.0528722,0.149063
-7.59494,231.646,0.0526627,0.149592
-3.79747,231.646,0.0524253,0.15001
0,231.646,0.0521587,0.150308
-300,235.443,0.0447172,0.0763603
-296.203,235.443,0.0449949,0.077188
-292.405,235.443,0.0452563,0.0780189
-288.608,235.443,0.0455027,0.0788532
-284.81,235.443,0.0457354,0.0796915
-281.013,235.443,0.0459559,0.0805342
-277.215,235.443,0.0461657,0.0813818
-273.418,235.443,0.0463664,0.0822349
-269.62,235.443,0.0465593,0.0830939
-265.823,235.443,0.046746,0.0839594
-262.025,235.443,0.046928,0.0848319
-258.228,235.443,0.0471066,0.0857117
-254.43,235.443,0.0472831,0.0865993
-250.633,235.443,0.0474587,0.087495
-246.835,235.443,0.0476345,0.0883989
-243.038,235.443,0.0478114,0.0893111
-239.241,235.443,0.0479903,0.0902316
-235.443,235.443,0.0481718,0.0911601
-231.646,235.443,0.0483564,0.0920965
-227.848,235.443,0.0485445,0.0930402
-224.051,235.443,0.0487361,0.0939908
-220.253,235.443,0.0489315,0.0949475
-216.456,235.443,0.0491304,0.0959096
-212.658,235.443,0.0493325,0.0968761
-208.861,235.443,0.0495375,0.0978461
-205.063,235.443,0.0497449,0.0988186
-201.266,235.443,0.0499539,0.0997925
-197.468,235.443,0.050164,0.100767
-193.671,235.443,0.0503742,0.10174
-189.873,235.443,0.0505838,0.102711
-186.076,235.443,0.0507918,0.10368
-182.278,235.443,0.0509974,0.104645
-178.481,235.443,0.0511996,0.105605
-174.684,235.443,0.0513976,0.10656
-170.886,235.443,0.0515905,0.10751
-167.089,235.443,0.0517775,0.108454
-163.291,235.443,0.051958,0.109392
-159.494,235.443,0.0521313,0.110324
-155.696,235.443,0.0522969,0.111251
-151.899,235.443,0.0524543,0.112174
-148.101,235.443,0.0526032,0.113093
-144.304,235.443,0.0527435,0.114011
-140.506,235.443,0.0528749,0.114927
-136.709,235.443,0.0529976,0.115844
-132.911,235.443,0.0531116,0.116765
-129.114,235.443,0.0532172,0.117689
-125.316,235.443,0.0533147,0.118621
-121.519,235.443,0.0534045,0.119562
-117.722,235.443,0.053487,0.120514
-113.924,235.443,0.0535627,0.121479
-110.127,235.443,0.0536321,0.122459
-106.329,235.443,0.0536957,0.123457
-102.532,235.443,0.0537541,0.124473
-98.7342,235.443,0.0538078,0.12551
-94.9367,235.443,0.0538572,0.126568
-91.1392,235.443,0.0539025,0.127647
-87.3418,235.443,0.0539442,0.128748
-83.5443,235.443,0.0539824,0.12987
-79.7468,235.443,0.0540171,0.131012
-75.9494,235.443,0.0540482,0.132173
-72.1519,235.443,0.0540756,0.13335
-68.3544,235.443,0.0540987,0.13454
-64.557,235.443,0.0541172,0.13574
-60.7595,235.443,0.0541302,0.136945
-56.962,235.443,0.054137,0.13815
-53.1646,235.443,0.0541364,0.139349
-49.3671,235.443,0.0541274,0.140537
-45.5696,235.443,0.0541087,0.141705
-41.7722,235.443,0.0540787,0.142848
-37.9747,235.443,0.054036,0.143956
-34.1772,235.443,0.053979,0.145022
-30.3797,235.443,0.0539058,0.146036
-26.5823,235.443,0.0538149,0.146991
-22.7848,235.443,0.0537044,0.147877
-18.9873,235.443,0.0535725,0.148684
-15.1899,235.443,0.0534175,0.149405
-11.3924,235.443,0.0532377,0.15003
-7.59494,235.443,0.0530315,0.150551
-3.79747,235.443,0.0527973,0.15096
0,235.443,0.0525338,0.151249
-300,239.241,0.0452296,0.0779106
-296.203,239.241,0.0455092,0.0787424
-292.405,239.241,0.0457721,0.0795761
-288.608,239.241,0.0460194,0.0804122
-284.81,239.241,0.0462526,0.0812511
-281.013,239.241,0.0464732,0.0820934
-277.215,239.241,0.0466826,0.0829395
-273.418,239.241,0.0468824,0.0837902
-269.62,239.241,0.0470742,0.0846461
-265.823,239.241,0.0472594,0.0855076
-262.025,239.241,0.0474396,0.0863753
-258.228,239.241,0.0476161,0.0872497
-254.43,239.241,0.0477903,0.0881312
-250.633,239.241,0.0479634,0.0890201
-246.835,239.241,0.0481365,0.0899166
-243.038,239.241,0.0483106,0.0908209
-239.241,239.241,0.0484865,0.0917329
-235.443,239.241,0.0486649,0.0926524
-231.646,239.241,0.0488463,0.0935793
-227.848,239.241,0.0490311,0.094513
-224.051,239.241,0.0492194,0.0954531
-220.253,239.241,0.0494114,0.0963988
-216.456,239.241,0.0496069,0.0973494
-212.658,239.241,0.0498056,0.098304
-208.861,239.241,0.0500071,0.0992616
-205.063,239.241,0.0502109,0.100221
-201.266,239.241,0.0504165,0.101182
-197.468,239.241,0.0506229,0.102142
-193.671,239.241,0.0508296,0.103101
-189.873,239.241,0.0510355,0.104058
-186.076,239.241,0.0512398,0.105012
-182.278,239.241,0.0514417,0.105962
-178.481,239.241,0.0516401,0.106907
-174.684,239.241,0.0518343,0.107847
-170.886,239.241,0.0520233,0.108781
-167.089,239.241,0.0522064,0.109709
-163.291,239.241,0.0523829,0.110631
-159.494,239.241,0.0525521,0.111548
-155.696,239.241,0.0527135,0.11246
-151.899,239.241,0.0528667,0.113367
-148.101,239.241,0.0530114,0.114272
-144.304,239.241,0.0531473,0.115174
-140.506,239.241,0.0532744,0.116076
-136.709,239.241,0.0533927,0.11698
-132.911,239.241,0.0535024,0.117887
-129.114,239.241,0.0536036,0.118799
-125.316,239.241,0.0536968,0.119719
-121.519,239.241,0.0537823,0.120648
-117.722,239.241,0.0538605,0.12159
-113.924,239.241,0.0539321,0.122545
-110.127,239.241,0.0539976,0.123517
-106.329,239.241,0.0540574,0.124506
-102.532,239.241,0.0541122,0.125515
-98.7342,239.241,0.0541624,0.126545
-94.9367,239.241,0.0542086,0.127596
-91.1392,239.241,0.054251,0.12867
-87.3418,239.241,0.05429,0.129767
-83.5443,239.241,0.0543259,0.130885
-79.7468,239.241,0.0543586,0.132024
-75.9494,239.241,0.054388,0.133182
-72.1519,239.241,0.054414,0.134356
-68.3544,239.241,0.0544363,0.135544
-64.557,239.241,0.0544541,0.136742
-60.7595,239.241,0.054467,0.137945
-56.962,239.241,0.0544739,0.139148
-53.1646,239.241,0.0544739,0.140345
-49.3671,239.241,0.0544658,0.141531
-45.5696,239.241,0.0544483,0.142697
-41.7722,239.241,0.0544199,0.143837
-37.9747,239.241,0.0543791,0.144943
-34.1772,239.241,0.0543241,0.146005
-30.3797,239.241,0.0542534,0.147015
-26.5823,239.241,0.054165,0.147965
-22.7848,239.241,0.0540572,0.148846
-18.9873,239.241,0.0539282,0.149647
-15.1899,239.241,0.0537761,0.150361
-11.3924,239.241,0.0535992,0.150978
-7.59494,239.241,0.0533959,0.151491
-3.79747,239.241,0.0531645,0.15189
0,239.241,0.0529037,0.152169
-300,243.038,0.0457356,0.0794429
-296.203,243.038,0.0460176,0.0802798
-292.405,243.038,0.0462822,0.0811174
-288.608,243.038,0.0465308,0.0819561
-284.81,243.038,0.0467648,0.0827965
-281.013,243.038,0.0469857,0.0836391
-277.215,243.038,0.047195,0.0844846
-273.418,243.038,0.0473943,0.0853337
-269.62,243.038,0.0475851,0.0861869
-265.823,243.038,0.0477691,0.087045
-262.025,243.038,0.0479477,0.0879084
-258.228,243.038,0.0481224,0.0887777
-254.43,243.038,0.0482945,0.0896535
-250.633,243.038,0.0484652,0.0905359
-246.835,243.038,0.0486358,0.0914253
-243.038,243.038,0.0488072,0.0923219
-239.241,243.038,0.0489802,0.0932255
-235.443,243.038,0.0491556,0.0941361
-231.646,243.038,0.0493339,0.0950535
-227.848,243.038,0.0495154,0.0959772
-224.051,243.038,0.0497005,0.0969067
-220.253,243.038,0.0498891,0.0978414
-216.456,243.038,0.0500811,0.0987804
-212.658,243.038,0.0502764,0.099723
-208.861,243.038,0.0504744,0.100668
-205.063,243.038,0.0506747,0.101615
-201.266,243.038,0.0508766,0.102562
-197.468,243.038,0.0510795,0.103509
-193.671,243.038,0.0512825,0.104454
-189.873,243.038,0.0514847,0.105397
-186.076,243.038,0.0516854,0.106336
-182.278,243.038,0.0518835,0.107271
-178.481,243.038,0.0520781,0.108201
-174.684,243.038,0.0522684,0.109125
-170.886,243.038,0.0524536,0.110044
-167.089,243.038,0.0526327,0.110956
-163.291,243.038,0.0528052,0.111863
-159.494,243.038,0.0529704,0.112765
-155.696,243.038,0.0531277,0.113662
-151.899,243.038,0.0532767,0.114554
-148.101,243.038,0.0534172,0.115444
-144.304,243.038,0.0535489,0.116333
-140.506,243.038,0.0536718,0.117221
-136.709,243.038,0.0537858,0.118111
-132.911,243.038,0.0538912,0.119005
-129.114,243.038,0.0539883,0.119906
-125.316,243.038,0.0540772,0.120814
-121.519,243.038,0.0541586,0.121732
-117.722,243.038,0.0542328,0.122664
-113.924,243.038,0.0543004,0.123609
-110.127,243.038,0.054362,0.124572
-106.329,243.038,0.0544182,0.125553
-102.532,243.038,0.0544695,0.126555
-98.7342,243.038,0.0545164,0.127578
-94.9367,243.038,0.0545595,0.128624
-91.1392,243.038,0.0545991,0.129693
-87.3418,243.038,0.0546356,0.130784
-83.5443,243.038,0.0546691,0.131898
-79.7468,243.038,0.0546998,0.133033
-75.9494,243.038,0.0547276,0.134187
-72.1519,243.038,0.0547523,0.135359
-68.3544,243.038,0.0547735,0.136544
-64.557,243.038,0.0547907,0.137739
-60.7595,243.038,0.0548033,0.138939
-56.962,243.038,0.0548103,0.140139
-53.1646,243.038,0.0548106,0.141334
-49.3671,243.038,0.0548033,0.142517
-45.5696,243.038,0.0547867,0.14368
-41.7722,243.038,0.0547597,0.144816
-37.9747,243.038,0.0547204,0.145917
-34.1772,243.038,0.0546673,0.146975
-30.3797,243.038,0.0545986,0.14798
-26.5823,243.038,0.0545124,0.148924
-22.7848,243.038,0.0544069,0.149798
-18.9873,243.038,0.0542803,0.150592
-15.1899,243.038,0.0541307,0.151298
-11.3924,243.038,0.0539563,0.151907
-7.59494,243.038,0.0537554,0.152409
-3.79747,243.038,0.0535264,0.152798
0,243.038,0.0532678,0.153066
-300,246.835,0.0462339,0.080954
-296.203,246.835,0.0465185,0.0817972
-292.405,246.835,0.0467852,0.0826396
-288.608,246.835,0.0470354,0.0834819
-284.81,246.835,0.0472705,0.0843246
-281.013,246.835,0.047492,0.0851685
-277.215,246.835,0.0477015,0.0860141
-273.418,246.835,0.0479006,0.0868623
-269.62,246.835,0.0480909,0.0877136
-265.823,246.835,0.0482739,0.0885689
-262.025,246.835,0.0484512,0.0894286
-258.228,246.835,0.0486243,0.0902935
-254.43,246.835,0.0487945,0.0911639
-250.633,246.835,0.0489631,0.0920403
-246.835,246.835,0.0491313,0.0929229
-243.038,246.835,0.0493001,0.093812
-239.241,246.835,0.0494704,0.0947076
-235.443,246.835,0.0496429,0.0956095
-231.646,246.835,0.0498182,0.0965176
-227.848,246.835,0.0499966,0.0974315
-224.051,246.835,0.0501785,0.0983506
-220.253,246.835,0.0503638,0.0992743
-216.456,246.835,0.0505525,0.100202
-212.658,246.835,0.0507443,0.101133
-208.861,246.835,0.0509388,0.102066
-205.063,246.835,0.0511356,0.103
-201.266,246.835,0.051334,0.103934
-197.468,246.835,0.0515333,0.104867
-193.671,246.835,0.0517326,0.105798
-189.873,246.835,0.0519312,0.106727
-186.076,246.835,0.0521282,0.107651
-182.278,246.835,0.0523225,0.108572
-178.481,246.835,0.0525134,0.109487
-174.684,246.835,0.0526999,0.110396
-170.886,246.835,0.0528812,0.1113
-167.089,246.835,0.0530565,0.112198
-163.291,246.835,0.053225,0.11309
-159.494,246.835,0.0533862,0.113977
-155.696,246.835,0.0535395,0.114859
-151.899,246.835,0.0536845,0.115738
-148.101,246.835,0.0538209,0.116613
-144.304,246.835,0.0539485,0.117488
-140.506,246.835,0.0540673,0.118363
-136.709,246.835,0.0541772,0.119241
-132.911,246.835,0.0542785,0.120123
-129.114,246.835,0.0543715,0.121011
-125.316,246.835,0.0544564,0.121908
-121.519,246.835,0.0545338,0.122817
-117.722,246.835,0.0546041,0.123738
-113.924,246.835,0.054668,0.124675
-110.127,246.835,0.0547259,0.125629
-106.329,246.835,0.0547786,0.126602
-102.532,246.835,0.0548265,0.127596
-98.7342,246.835,0.0548702,0.128613
-94.9367,246.835,0.0549103,0.129652
-91.1392,246.835,0.0549472,0.130715
-87.3418,246.835,0.0549811,0.131802
-83.5443,246.835,0.0550124,0.132911
-79.7468,246.835,0.0550412,0.134042
-75.9494,246.835,0.0550673,0.135192
-72.1519,246.835,0.0550906,0.136359
-68.3544,246.835,0.0551108,0.137541
-64.557,246.835,0.0551272,0.138732
-60.7595,246.835,0.0551393,0.139928
-56.962,246.835,0.0551462,0.141125
-53.1646,246.835,0.0551467,0.142316
-49.3671,246.835,0.0551398,0.143494
-45.5696,246.835,0.055124,0.144653
-41.7722,246.835,0.055098,0.145784
-37.9747,246.835,0.0550599,0.14688
-34.1772,246.835,0.0550083,0.147932
-30.3797,246.835,0.0549412,0.14893
-26.5823,246.835,0.0548568,0.149867
-22.7848,246.835,0.0547532,0.150733
-18.9873,246.835,0.0546285,0.151519
-15.1899,246.835,0.0544809,0.152215
-11.3924,246.835,0.0543085,0.152814
-7.59494,246.835,0.0541096,0.153305
-3.79747,246.835,0.0538825,0.153682
0,246.835,0.0536256,0.153937
-300,250.633,0.0467226,0.0824406
-296.203,250.633,0.0470102,0.0832909
-292.405,250.633,0.0472794,0.0841391
-288.608,250.633,0.0475316,0.084986
-284.81,250.633,0.0477682,0.085832
-281.013,250.633,0.0479907,0.086678
-277.215,250.633,0.0482007,0.0875247
-273.418,250.633,0.0484,0.0883728
-269.62,250.633,0.04859,0.089223
-265.823,250.633,0.0487723,0.0900762
-262.025,250.633,0.0489486,0.090933
-258.228,250.633,0.0491204,0.0917939
-254.43,250.633,0.049289,0.0926596
-250.633,250.633,0.0494557,0.0935305
-246.835,250.633,0.0496218,0.0944069
-243.038,250.633,0.0497883,0.095289
-239.241,250.633,0.049956,0.0961769
-235.443,250.633,0.0501258,0.0970705
-231.646,250.633,0.0502983,0.0979696
-227.848,250.633,0.0504737,0.098874
-224.051,250.633,0.0506525,0.099783
-220.253,250.633,0.0508346,0.100696
-216.456,250.633,0.05102,0.101613
-212.658,250.633,0.0512085,0.102532
-208.861,250.633,0.0513996,0.103453
-205.063,250.633,0.051593,0.104374
-201.266,250.633,0.0517879,0.105295
-197.468,250.633,0.0519836,0.106216
-193.671,250.633,0.0521794,0.107133
-189.873,250.633,0.0523744,0.108048
-186.076,250.633,0.0525677,0.108959
-182.278,250.633,0.0527584,0.109865
-178.481,250.633,0.0529455,0.110766
-174.684,250.633,0.0531283,0.111661
-170.886,250.633,0.0533058,0.112551
-167.089,250.633,0.0534773,0.113434
-163.291,250.633,0.053642,0.114312
-159.494,250.633,0.0537993,0.115185
-155.696,250.633,0.0539488,0.116053
-151.899,250.633,0.0540899,0.116918
-148.101,250.633,0.0542223,0.117781
-144.304,250.633,0.054346,0.118643
-140.506,250.633,0.0544608,0.119505
-136.709,250.633,0.0545669,0.120371
-132.911,250.633,0.0546643,0.121241
-129.114,250.633,0.0547533,0.122118
-125.316,250.633,0.0548344,0.123005
-121.519,250.633,0.054908,0.123903
-117.722,250.633,0.0549746,0.124815
-113.924,250.633,0.0550349,0.125743
-110.127,250.633,0.0550893,0.126688
-106.329,250.633,0.0551386,0.127654
-102.532,250.633,0.0551833,0.128641
-98.7342,250.633,0.0552239,0.129651
-94.9367,250.633,0.0552612,0.130684
-91.1392,250.633,0.0552954,0.131741
-87.3418,250.633,0.0553269,0.132822
-83.5443,250.633,0.055356,0.133926
-79.7468,250.633,0.0553827,0.135051
-75.9494,250.633,0.0554072,0.136197
-72.1519,250.633,0.055429,0.137359
-68.3544,250.633,0.055448,0.138536
-64.557,250.633,0.0554636,0.139722
-60.7595,250.633,0.0554751,0.140914
-56.962,250.633,0.0554816,0.142106
-53.1646,250.633,0.0554821,0.143291
-49.3671,250.633,0.0554753,0.144464
-45.5696,250.633,0.05546,0.145617
-41.7722,250.633,0.0554346,0.146742
-37.9747,250.633,0.0553974,0.14783
-34.1772,250.633,0.0553467,0.148874
-30.3797,250.633,0.0552808,0.149865
-26.5823,250.633,0.0551977,0.150793
-22.7848,250.633,0.0550955,0.151649
-18.9873,250.633,0.0549723,0.152425
-15.1899,250.633,0.0548262,0.15311
-11.3924,250.633,0.0546552,0.153697
-7.59494,250.633,0.0544577,0.154176
-3.79747,250.633,0.0542319,0.15454
0,250.633,0.0539761,0.154781
-300,254.43,0.0472,0.0838989
-296.203,254.43,0.047491,0.0847573
-292.405,254.43,0.047763,0.0856124
-288.608,254.43,0.0480175,0.0864647
-284.81,254.43,0.0482559,0.087315
-281.013,254.43,0.0484798,0.0881641
-277.215,254.43,0.0486908,0.0890127
-273.418,254.43,0.0488905,0.0898616
-269.62,254.43,0.0490806,0.0907116
-265.823,254.43,0.0492627,0.0915635
-262.025,254.43,0.0494383,0.092418
-258.228,254.43,0.0496091,0.0932758
-254.43,254.43,0.0497764,0.0941375
-250.633,254.43,0.0499415,0.0950035
-246.835,254.43,0.0501058,0.0958742
-243.038,254.43,0.0502702,0.0967499
-239.241,254.43,0.0504356,0.0976306
-235.443,254.43,0.050603,0.0985164
-231.646,254.43,0.0507727,0.0994071
-227.848,254.43,0.0509454,0.100302
-224.051,254.43,0.0511212,0.101202
-220.253,254.43,0.0513003,0.102105
-216.456,254.43,0.0514826,0.103011
-212.658,254.43,0.0516679,0.103919
-208.861,254.43,0.0518557,0.104828
-205.063,254.43,0.0520457,0.105738
-201.266,254.43,0.0522373,0.106647
-197.468,254.43,0.0524296,0.107554
-193.671,254.43,0.0526219,0.108459
-189.873,254.43,0.0528134,0.109361
-186.076,254.43,0.0530031,0.110258
-182.278,254.43,0.0531903,0.111151
-178.481,254.43,0.0533739,0.112038
-174.684,254.43,0.053553,0.11292
-170.886,254.43,0.0537269,0.113796
-167.089,254.43,0.0538947,0.114666
-163.291,254.43,0.0540557,0.11553
-159.494,254.43,0.0542093,0.11639
-155.696,254.43,0.054355,0.117245
-151.899,254.43,0.0544924,0.118097
-148.101,254.43,0.0546211,0.118947
-144.304,254.43,0.0547411,0.119797
-140.506,254.43,0.0548521,0.120647
-136.709,254.43,0.0549544,0.121502
-132.911,254.43,0.0550481,0.122361
-129.114,254.43,0.0551335,0.123228
-125.316,254.43,0.055211,0.124104
-121.519,254.43,0.055281,0.124993
-117.722,254.43,0.0553441,0.125895
-113.924,254.43,0.0554009,0.126815
-110.127,254.43,0.055452,0.127752
-106.329,254.43,0.0554981,0.12871
-102.532,254.43,0.0555397,0.12969
-98.7342,254.43,0.0555775,0.130693
-94.9367,254.43,0.0556119,0.131719
-91.1392,254.43,0.0556435,0.13277
-87.3418,254.43,0.0556726,0.133845
-83.5443,254.43,0.0556995,0.134943
-79.7468,254.43,0.0557243,0.136063
-75.9494,254.43,0.055747,0.137202
-72.1519,254.43,0.0557674,0.138359
-68.3544,254.43,0.0557851,0.13953
-64.557,254.43,0.0557996,0.140711
-60.7595,254.43,0.0558103,0.141896
-56.962,254.43,0.0558162,0.143082
-53.1646,254.43,0.0558164,0.14426
-49.3671,254.43,0.0558095,0.145426
-45.5696,254.43,0.0557942,0.146571
-41.7722,254.43,0.055769,0.147687
-37.9747,254.43,0.0557322,0.148767
-34.1772,254.43,0.0556822,0.149802
-30.3797,254.43,0.0556169,0.150783
-26.5823,254.43,0.0555346,0.1517
-22.7848,254.43,0.0554333,0.152545
-18.9873,254.43,0.055311,0.153309
-15.1899,254.43,0.0551657,0.153981
-11.3924,254.43,0.0549956,0.154555
-7.59494,254.43,0.0547989,0.15502
-3.79747,254.43,0.0545737,0.155369
0,254.43,0.0543186,0.155594
-300,258.228,0.047664,0.085325
-296.203,258.228,0.0479587,0.0861925
-292.405,258.228,0.0482339,0.0870553
-288.608,258.228,0.0484911,0.0879141
-284.81,258.228,0.0487318,0.0887697
-281.013,258.228,0.0489575,0.0896227
-277.215,258.228,0.0491698,0.0904742
-273.418,258.228,0.0493704,0.0913248
-269.62,258.228,0.049561,0.0921754
-265.823,258.228,0.0497431,0.0930269
-262.025,258.228,0.0499185,0.09388
-258.228,258.228,0.0500886,0.0947354
-254.43,258.228,0.0502549,0.0955938
-250.633,258.228,0.0504188,0.0964557
-246.835,258.228,0.0505815,0.0973214
-243.038,258.228,0.0507441,0.0981914
-239.241,258.228,0.0509075,0.0990656
-235.443,258.228,0.0510726,0.0999443
-231.646,258.228,0.05124,0.100827
-227.848,258.228,0.0514101,0.101714
-224.051,258.228,0.0515833,0.102604
-220.253,258.228,0.0517595,0.103498
-216.456,258.228,0.0519389,0.104394
-212.658,258.228,0.0521211,0.105291
-208.861,258.228,0.0523059,0.106189
-205.063,258.228,0.0524927,0.107088
-201.266,258.228,0.052681,0.107985
-197.468,258.228,0.05287,0.10888
-193.671,258.228,0.053059,0.109773
-189.873,258.228,0.0532471,0.110662
-186.076,258.228,0.0534335,0.111547
-182.278,258.228,0.0536172,0.112427
-178.481,258.228,0.0537973,0.113302
-174.684,258.228,0.053973,0.114171
-170.886,258.228,0.0541434,0.115034
-167.089,258.228,0.0543077,0.115891
-163.291,258.228,0.0544653,0.116743
-159.494,258.228,0.0546154,0.11759
-155.696,258.228,0.0547576,0.118433
-151.899,258.228,0.0548914,0.119274
-148.101,258.228,0.0550166,0.120112
-144.304,258.228,0.055133,0.12095
-140.506,258.228,0.0552405,0.12179
-136.709,258.228,0.0553393,0.122634
-132.911,258.228,0.0554296,0.123483
-129.114,258.228,0.0555115,0.12434
-125.316,258.228,0.0555856,0.125207
-121.519,258.228,0.0556522,0.126086
-117.722,258.228,0.055712,0.12698
-113.924,258.228,0.0557656,0.127891
-110.127,258.228,0.0558136,0.128821
-106.329,258.228,0.0558566,0.129771
-102.532,258.228,0.0558953,0.130744
-98.7342,258.228,0.0559303,0.131739
-94.9367,258.228,0.0559621,0.132759
-91.1392,258.228,0.0559912,0.133803
-87.3418,258.228,0.056018,0.134871
-83.5443,258.228,0.0560427,0.135963
-79.7468,258.228,0.0560655,0.137076
-75.9494,258.228,0.0560864,0.138209
-72.1519,258.228,0.0561051,0.139359
-68.3544,258.228,0.0561214,0.140523
-64.557,258.228,0.0561347,0.141696
-60.7595,258.228,0.0561444,0.142874
-56.962,258.228,0.0561494,0.144052
-53.1646,258.228,0.0561489,0.145222
-49.3671,258.228,0.0561415,0.146379
-45.5696,258.228,0.0561259,0.147514
-41.7722,258.228,0.0561006,0.148621
-37.9747,258.228,0.0560638,0.14969
-34.1772,258.228,0.0560138,0.150714
-30.3797,258.228,0.0559487,0.151682
-26.5823,258.228,0.0558666,0.152587
-22.7848,258.228,0.0557655,0.153419
-18.9873,258.228,0.0556435,0.154168
-15.1899,258.228,0.0554985,0.154826
-11.3924,258.228,0.0553287,0.155384
-7.59494,258.228,0.0551321,0.155833
-3.79747,258.228,0.054907,0.156166
0,258.228,0.0546518,0.156374
-300,262.025,0.0481125,0.0867147
-296.203,262.025,0.0484112,0.0875922
-292.405,262.025,0.0486901,0.0884637
-288.608,262.025,0.0489504,0.0893299
-284.81,262.025,0.0491937,0.0901916
-281.013,262.025,0.0494215,0.0910497
-277.215,262.025,0.0496356,0.0919049
-273.418,262.025,0.0498375,0.0927581
-269.62,262.025,0.0500289,0.0936103
-265.823,262.025,0.0502115,0.0944622
-262.025,262.025,0.050387,0.0953148
-258.228,262.025,0.0505568,0.0961687
-254.43,262.025,0.0507225,0.0970246
-250.633,262.025,0.0508855,0.0978831
-246.835,262.025,0.051047,0.0987447
-243.038,262.025,0.0512082,0.0996096
-239.241,262.025,0.0513699,0.100478
-235.443,262.025,0.0515331,0.10135
-231.646,262.025,0.0516983,0.102226
-227.848,262.025,0.0518662,0.103105
-224.051,262.025,0.0520368,0.103987
-220.253,262.025,0.0522105,0.104872
-216.456,262.025,0.0523871,0.105758
-212.658,262.025,0.0525665,0.106646
-208.861,262.025,0.0527484,0.107534
-205.063,262.025,0.0529322,0.108422
-201.266,262.025,0.0531175,0.109308
-197.468,262.025,0.0533034,0.110193
-193.671,262.025,0.0534893,0.111074
-189.873,262.025,0.0536742,0.111952
-186.076,262.025,0.0538574,0.112825
-182.278,262.025,0.0540379,0.113693
-178.481,262.025,0.0542148,0.114556
-174.684,262.025,0.0543872,0.115413
-170.886,262.025,0.0545543,0.116264
-167.089,262.025,0.0547153,0.11711
-163.291,262.025,0.0548696,0.117951
-159.494,262.025,0.0550164,0.118786
-155.696,262.025,0.0551553,0.119618
-151.899,262.025,0.0552858,0.120447
-148.101,262.025,0.0554077,0.121275
-144.304,262.025,0.0555208,0.122103
-140.506,262.025,0.0556251,0.122933
-136.709,262.025,0.0557207,0.123766
-132.911,262.025,0.0558077,0.124606
-129.114,262.025,0.0558864,0.125454
-125.316,262.025,0.0559573,0.126312
-121.519,262.025,0.0560209,0.127183
-117.722,262.025,0.0560776,0.128069
-113.924,262.025,0.0561282,0.128972
-110.127,262.025,0.0561733,0.129894
-106.329,262.025,0.0562135,0.130836
-102.532,262.025,0.0562494,0.131802
-98.7342,262.025,0.0562817,0.13279
-94.9367,262.025,0.056311,0.133803
-91.1392,262.025,0.0563377,0.134839
-87.3418,262.025,0.0563622,0.1359
-83.5443,262.025,0.0563847,0.136984
-79.7468,262.025,0.0564055,0.13809
-75.9494,262.025,0.0564245,0.139216
-72.1519,262.025,0.0564415,0.140358
-68.3544,262.025,0.0564562,0.141514
-64.557,262.025,0.0564681,0.142678
-60.7595,262.025,0.0564765,0.143847
-56.962,262.025,0.0564804,0.145015
-53.1646,262.025,0.0564789,0.146175
-49.3671,262.025,0.0564706,0.147321
-45.5696,262.025,0.0564543,0.148445
-41.7722,262.025,0.0564283,0.14954
-37.9747,262.025,0.056391,0.150596
-34.1772,262.025,0.0563405,0.151607
-30.3797,262.025,0.056275,0.152561
-26.5823,262.025,0.0561926,0.153451
-22.7848,262.025,0.0560912,0.154268
-18.9873,262.025,0.0559689,0.155001
-15.1899,262.025,0.0558235,0.155642
-11.3924,262.025,0.0556533,0.156183
-7.59494,262.025,0.0554562,0.156614
-3.79747,262.025,0.0552305,0.156928
0,262.025,0.0549745,0.157117
-300,265.823,0.0485431,0.0880637
-296.203,265.823,0.0488463,0.088952
-292.405,265.823,0.0491291,0.0898331
-288.608,265.823,0.049393,0.0907076
-284.81,265.823,0.0496393,0.0915764
-281.013,265.823,0.0498697,0.0924403
-277.215,265.823,0.0500859,0.0933002
-273.418,265.823,0.0502894,0.094157
-269.62,265.823,0.0504821,0.0950116
-265.823,265.823,0.0506657,0.095865
-262.025,265.823,0.0508416,0.0967179
-258.228,265.823,0.0510116,0.0975711
-254.43,265.823,0.0511771,0.0984254
-250.633,265.823,0.0513396,0.0992815
-246.835,265.823,0.0515002,0.10014
-243.038,265.823,0.0516602,0.101
-239.241,265.823,0.0518206,0.101864
-235.443,265.823,0.0519822,0.102731
-231.646,265.823,0.0521456,0.1036
-227.848,265.823,0.0523115,0.104472
-224.051,265.823,0.05248,0.105347
-220.253,265.823,0.0526513,0.106223
-216.456,265.823,0.0528255,0.107101
-212.658,265.823,0.0530023,0.10798
-208.861,265.823,0.0531815,0.108859
-205.063,265.823,0.0533626,0.109737
-201.266,265.823,0.053545,0.110613
-197.468,265.823,0.0537281,0.111487
-193.671,265.823,0.053911,0.112358
-189.873,265.823,0.054093,0.113226
-186.076,265.823,0.0542732,0.114088
-182.278,265.823,0.0544507,0.114946
-178.481,265.823,0.0546245,0.115798
-174.684,265.823,0.0547939,0.116644
-170.886,265.823,0.054958,0.117485
-167.089,265.823,0.055116,0.11832
-163.291,265.823,0.0552672,0.11915
-159.494,265.823,0.055411,0.119975
-155.696,265.823,0.0555468,0.120797
-151.899,265.823,0.0556743,0.121616
-148.101,265.823,0.0557932,0.122434
-144.304,265.823,0.0559033,0.123253
-140.506,265.823,0.0560046,0.124074
-136.709,265.823,0.0560972,0.124898
-132.911,265.823,0.0561812,0.125729
-129.114,265.823,0.0562571,0.126569
-125.316,265.823,0.0563251,0.127419
-121.519,265.823,0.0563858,0.128282
-117.722,265.823,0.0564398,0.12916
-113.924,265.823,0.0564876,0.130055
-110.127,265.823,0.0565299,0.130969
-106.329,265.823,0.0565675,0.131905
-102.532,265.823,0.0566008,0.132862
-98.7342,265.823,0.0566307,0.133843
-94.9367,265.823,0.0566575,0.134848
-91.1392,265.823,0.0566818,0.135878
-87.3418,265.823,0.0567041,0.136931
-83.5443,265.823,0.0567245,0.138007
-79.7468,265.823,0.0567432,0.139104
-75.9494,265.823,0.0567602,0.140221
-72.1519,265.823,0.0567754,0.141354
-68.3544,265.823,0.0567883,0.1425
-64.557,265.823,0.0567986,0.143654
-60.7595,265.823,0.0568054,0.144813
-56.962,265.823,0.0568079,0.145969
-53.1646,265.823,0.0568051,0.147117
-49.3671,265.823,0.0567956,0.14825
-45.5696,265.823,0.0567781,0.149361
-41.7722,265.823,0.056751,0.150442
-37.9747,265.823,0.0567126,0.151483
-34.1772,265.823,0.0566612,0.152478
-30.3797,265.823,0.0565947,0.153417
-26.5823,265.823,0.0565113,0.15429
-22.7848,265.823,0.056409,0.155088
-18.9873,265.823,0.0562856,0.155803
-15.1899,265.823,0.0561393,0.156426
-11.3924,265.823,0.0559679,0.156947
-7.59494,265.823,0.0557697,0.157358
-3.79747,265.823,0.0555427,0.157651
0,265.823,0.0552854,0.157819
-300,269.62,0.0489537,0.0893674
-296.203,269.62,0.0492616,0.0902674
-292.405,269.62,0.0495487,0.0911589
-288.608,269.62,0.0498164,0.0920426
-284.81,269.62,0.0500661,0.0929193
-281.013,269.62,0.0502995,0.09379
-277.215,269.62,0.0505182,0.0946554
-273.418,269.62,0.0507239,0.0955167
-269.62,269.62,0.0509183,0.0963746
-265.823,269.62,0.0511031,0.0972302
-262.025,269.62,0.05128,0.0980844
-258.228,269.62,0.0514505,0.0989379
-254.43,269.62,0.0516162,0.0997915
-250.633,269.62,0.0517785,0.100646
-246.835,269.62,0.0519387,0.101502
-243.038,269.62,0.052098,0.102359
-239.241,269.62,0.0522574,0.103219
-235.443,269.62,0.0524177,0.104081
-231.646,269.62,0.0525797,0.104945
-227.848,269.62,0.0527438,0.105811
-224.051,269.62,0.0529105,0.106679
-220.253,269.62,0.0530798,0.107548
-216.456,269.62,0.0532518,0.108418
-212.658,269.62,0.0534264,0.109289
-208.861,269.62,0.0536032,0.11016
-205.063,269.62,0.0537818,0.111029
-201.266,269.62,0.0539616,0.111896
-197.468,269.62,0.0541421,0.112761
-193.671,269.62,0.0543224,0.113623
-189.873,269.62,0.0545016,0.114481
-186.076,269.62,0.0546791,0.115334
-182.278,269.62,0.0548538,0.116182
-178.481,269.62,0.0550249,0.117024
-174.684,269.62,0.0551915,0.117861
-170.886,269.62,0.0553528,0.118692
-167.089,269.62,0.055508,0.119518
-163.291,269.62,0.0556564,0.120338
-159.494,269.62,0.0557974,0.121155
-155.696,269.62,0.0559305,0.121968
-151.899,269.62,0.0560553,0.122778
-148.101,269.62,0.0561714,0.123588
-144.304,269.62,0.0562789,0.124398
-140.506,269.62,0.0563775,0.12521
-136.709,269.62,0.0564674,0.126027
-132.911,269.62,0.0565488,0.12685
-129.114,269.62,0.056622,0.127682
-125.316,269.62,0.0566874,0.128525
-121.519,269.62,0.0567455,0.12938
-117.722,269.62,0.0567969,0.130251
-113.924,269.62,0.0568422,0.131139
-110.127,269.62,0.0568821,0.132046
-106.329,269.62,0.0569172,0.132974
-102.532,269.62,0.0569482,0.133924
-98.7342,269.62,0.0569756,0.134897
-94.9367,269.62,0.0570001,0.135894
-91.1392,269.62,0.0570222,0.136915
-87.3418,269.62,0.0570422,0.13796
-83.5443,269.62,0.0570605,0.139027
-79.7468,269.62,0.0570771,0.140115
-75.9494,269.62,0.0570921,0.141222
-72.1519,269.62,0.0571053,0.142344
-68.3544,269.62,0.0571164,0.143479
-64.557,269.62,0.0571248,0.144622
-60.7595,269.62,0.0571298,0.145768
-56.962,269.62,0.0571306,0.146911
-53.1646,269.62,0.057126,0.148045
-49.3671,269.62,0.0571149,0.149164
-45.5696,269.62,0.0570958,0.150259
-41.7722,269.62,0.0570671,0.151323
-37.9747,269.62,0.0570272,0.152348
-34.1772,269.62,0.0569742,0.153325
-30.3797,269.62,0.0569062,0.154245
-26.5823,269.62,0.0568212,0.155099
-22.7848,269.62,0.0567173,0.155878
-18.9873,269.62,0.0565923,0.156572
-15.1899,269.62,0.0564442,0.157174
-11.3924,269.62,0.0562711,0.157673
-7.59494,269.62,0.056071,0.158062
-3.79747,269.62,0.0558421,0.158333
0,269.62,0.0555827,0.158478
-300,273.418,0.0493416,0.0906214
-296.203,273.418,0.0496546,0.0915337
-292.405,273.418,0.0499464,0.0924363
-288.608,273.418,0.0502182,0.0933299
-284.81,273.418,0.0504718,0.0942154
-281.013,273.418,0.0507085,0.0950936
-277.215,273.418,0.0509301,0.0959655
-273.418,273.418,0.0511383,0.096832
-269.62,273.418,0.0513348,0.0976942
-265.823,273.418,0.0515213,0.098553
-262.025,273.418,0.0516995,0.0994092
-258.228,273.418,0.051871,0.100264
-254.43,273.418,0.0520373,0.101118
-250.633,273.418,0.0521999,0.101971
-246.835,273.418,0.05236,0.102826
-243.038,273.418,0.052519,0.103681
-239.241,273.418,0.0526777,0.104537
-235.443,273.418,0.0528372,0.105395
-231.646,273.418,0.052998,0.106255
-227.848,273.418,0.0531608,0.107116
-224.051,273.418,0.0533259,0.107978
-220.253,273.418,0.0534936,0.108841
-216.456,273.418,0.0536638,0.109705
-212.658,273.418,0.0538363,0.110569
-208.861,273.418,0.054011,0.111432
-205.063,273.418,0.0541875,0.112294
-201.266,273.418,0.054365,0.113153
-197.468,273.418,0.0545431,0.11401
-193.671,273.418,0.054721,0.114864
-189.873,273.418,0.0548979,0.115713
-186.076,273.418,0.0550728,0.116558
-182.278,273.418,0.0552451,0.117397
-178.481,273.418,0.0554137,0.118231
-174.684,273.418,0.0555778,0.11906
-170.886,273.418,0.0557366,0.119883
-167.089,273.418,0.0558893,0.1207
-163.291,273.418,0.0560352,0.121513
-159.494,273.418,0.0561738,0.122321
-155.696,273.418,0.0563044,0.123126
-151.899,273.418,0.0564268,0.123929
-148.101,273.418,0.0565405,0.124731
-144.304,273.418,0.0566455,0.125534
-140.506,273.418,0.0567418,0.126339
-136.709,273.418,0.0568293,0.127149
-132.911,273.418,0.0569084,0.127965
-129.114,273.418,0.0569792,0.12879
-125.316,273.418,0.0570424,0.129626
-121.519,273.418,0.0570982,0.130475
-117.722,273.418,0.0571473,0.131339
-113.924,273.418,0.0571904,0.13222
-110.127,273.418,0.057228,0.13312
-106.329,273.418,0.0572609,0.13404
-102.532,273.418,0.0572896,0.134983
-98.7342,273.418,0.0573149,0.135948
-94.9367,273.418,0.0573372,0.136937
-91.1392,273.418,0.0573571,0.137949
-87.3418,273.418,0.057375,0.138985
-83.5443,273.418,0.0573911,0.140042
-79.7468,273.418,0.0574056,0.14112
-75.9494,273.418,0.0574185,0.142215
-72.1519,273.418,0.0574296,0.143326
-68.3544,273.418,0.0574386,0.144448
-64.557,273.418,0.0574449,0.145578
-60.7595,273.418,0.0574479,0.146709
-56.962,273.418,0.0574466,0.147838
-53.1646,273.418,0.05744,0.148956
-49.3671,273.418,0.0574268,0.150058
-45.5696,273.418,0.0574056,0.151135
-41.7722,273.418,0.0573749,0.152181
-37.9747,273.418,0.0573328,0.153187
-34.1772,273.418,0.0572777,0.154144
-30.3797,273.418,0.0572076,0.155043
-26.5823,273.418,0.0571205,0.155875
-22.7848,273.418,0.0570143,0.156632
-18.9873,273.418,0.056887,0.157303
-15.1899,273.418,0.0567366,0.157881
-11.3924,273.418,0.0565611,0.158357
-7.59494,273.418,0.0563585,0.158721
-3.79747,273.418,0.0561269,0.158968
0,273.418,0.0558648,0.159088
-300,277.215,0.0497044,0.0918209
-296.203,277.215,0.0500227,0.0927461
-292.405,277.215,0.0503194,0.0936604
-288.608,277.215,0.0505959,0.0945646
-284.81,277.215,0.0508535,0.0954596
-281.013,277.215,0.051094,0.0963461
-277.215,277.215,0.0513189,0.0972252
-273.418,277.215,0.05153,0.0980978
-269.62,277.215,0.051729,0.0989651
-265.823,277.215,0.0519176,0.0998278
-262.025,277.215,0.0520975,0.100687
-258.228,277.215,0.0522704,0.101544
-254.43,277.215,0.0524377,0.102399
-250.633,277.215,0.0526009,0.103253
-246.835,277.215,0.0527615,0.104106
-243.038,277.215,0.0529204,0.10496
-239.241,277.215,0.053079,0.105814
-235.443,277.215,0.0532379,0.106669
-231.646,277.215,0.053398,0.107525
-227.848,277.215,0.0535598,0.108382
-224.051,277.215,0.0537238,0.10924
-220.253,277.215,0.0538901,0.110098
-216.456,277.215,0.0540587,0.110956
-212.658,277.215,0.0542297,0.111814
-208.861,277.215,0.0544026,0.112671
-205.063,277.215,0.0545771,0.113526
-201.266,277.215,0.0547527,0.114379
-197.468,277.215,0.0549288,0.115229
-193.671,277.215,0.0551046,0.116075
-189.873,277.215,0.0552793,0.116918
-186.076,277.215,0.0554521,0.117755
-182.278,277.215,0.0556221,0.118587
-178.481,277.215,0.0557886,0.119414
-174.684,277.215,0.0559505,0.120236
-170.886,277.215,0.0561071,0.121052
-167.089,277.215,0.0562576,0.121862
-163.291,277.215,0.0564014,0.122668
-159.494,277.215,0.0565378,0.12347
-155.696,277.215,0.0566663,0.124269
-151.899,277.215,0.0567865,0.125065
-148.101,277.215,0.0568982,0.125861
-144.304,277.215,0.0570012,0.126658
-140.506,277.215,0.0570954,0.127457
-136.709,277.215,0.0571809,0.128261
-132.911,277.215,0.0572579,0.129071
-129.114,277.215,0.0573268,0.12989
-125.316,277.215,0.0573879,0.130719
-121.519,277.215,0.0574417,0.131562
-117.722,277.215,0.0574889,0.132419
-113.924,277.215,0.05753,0.133294
-110.127,277.215,0.0575656,0.134187
-106.329,277.215,0.0575964,0.1351
-102.532,277.215,0.0576231,0.136035
-98.7342,277.215,0.0576464,0.136992
-94.9367,277.215,0.0576666,0.137972
-91.1392,277.215,0.0576845,0.138975
-87.3418,277.215,0.0577002,0.140001
-83.5443,277.215,0.0577142,0.141047
-79.7468,277.215,0.0577265,0.142113
-75.9494,277.215,0.0577372,0.143197
-72.1519,277.215,0.0577461,0.144295
-68.3544,277.215,0.0577529,0.145403
-64.557,277.215,0.0577569,0.146517
-60.7595,277.215,0.0577575,0.147633
-56.962,277.215,0.0577539,0.148744
-53.1646,277.215,0.0577449,0.149845
-49.3671,277.215,0.0577292,0.150928
-45.5696,277.215,0.0577056,0.151986
-41.7722,277.215,0.0576723,0.153011
-37.9747,277.215,0.0576276,0.153995
-34.1772,277.215,0.0575699,0.154929
-30.3797,277.215,0.057497,0.155805
-26.5823,277.215,0.0574071,0.156614
-22.7848,277.215,0.0572981,0.157345
-18.9873,277.215,0.0571679,0.157992
-15.1899,277.215,0.0570144,0.158544
-11.3924,277.215,0.0568358,0.158994
-7.59494,277.215,0.05663,0.159332
-3.79747,277.215,0.0563952,0.159551
0,277.215,0.0561296,0.159645
-300,281.013,0.0500395,0.0929612
-296.203,281.013,0.0503635,0.0938997
-292.405,281.013,0.0506654,0.0948263
-288.608,281.013,0.0509466,0.0957417
-284.81,281.013,0.0512087,0.0966467
-281.013,281.013,0.0514532,0.0975422
-277.215,281.013,0.0516818,0.0984292
-273.418,281.013,0.0518962,0.0993087
-269.62,281.013,0.0520981,0.100182
-265.823,281.013,0.0522892,0.101049
-262.025,281.013,0.0524713,0.101912
-258.228,281.013,0.0526459,0.102772
-254.43,281.013,0.0528146,0.103629
-250.633,281.013,0.052979,0.104484
-246.835,281.013,0.0531402,0.105338
-243.038,281.013,0.0532997,0.106191
-239.241,281.013,0.0534583,0.107044
-235.443,281.013,0.0536172,0.107897
-231.646,281.013,0.0537769,0.108751
-227.848,281.013,0.0539381,0.109605
-224.051,281.013,0.0541013,0.110459
-220.253,281.013,0.0542666,0.111313
-216.456,281.013,0.0544341,0.112167
-212.658,281.013,0.0546037,0.113019
-208.861,281.013,0.0547751,0.113871
-205.063,281.013,0.0549481,0.114721
-201.266,281.013,0.0551221,0.115568
-197.468,281.013,0.0552964,0.116413
-193.671,281.013,0.0554704,0.117253
-189.873,281.013,0.0556433,0.118089
-186.076,281.013,0.0558143,0.118921
-182.278,281.013,0.0559824,0.119747
-178.481,281.013,0.056147,0.120569
-174.684,281.013,0.056307,0.121384
-170.886,281.013,0.0564617,0.122194
-167.089,281.013,0.0566104,0.122999
-163.291,281.013,0.0567524,0.1238
-159.494,281.013,0.056887,0.124596
-155.696,281.013,0.0570137,0.125389
-151.899,281.013,0.0571322,0.126181
-148.101,281.013,0.0572421,0.126971
-144.304,281.013,0.0573433,0.127763
-140.506,281.013,0.0574358,0.128557
-136.709,281.013,0.0575196,0.129356
-132.911,281.013,0.057595,0.130161
-129.114,281.013,0.0576622,0.130975
-125.316,281.013,0.0577216,0.131799
-121.519,281.013,0.0577738,0.132636
-117.722,281.013,0.0578192,0.133487
-113.924,281.013,0.0578585,0.134355
-110.127,281.013,0.0578924,0.135242
-106.329,281.013,0.0579215,0.136148
-102.532,281.013,0.0579464,0.137075
-98.7342,281.013,0.0579677,0.138024
-94.9367,281.013,0.057986,0.138995
-91.1392,281.013,0.0580019,0.139988
-87.3418,281.013,0.0580156,0.141003
-83.5443,281.013,0.0580275,0.142038
-79.7468,281.013,0.0580376,0.143091
-75.9494,281.013,0.0580461,0.144161
-72.1519,281.013,0.0580526,0.145244
-68.3544,281.013,0.0580569,0.146337
-64.557,281.013,0.0580584,0.147435
-60.7595,281.013,0.0580565,0.148533
-56.962,281.013,0.0580502,0.149625
-53.1646,281.013,0.0580384,0.150706
-49.3671,281.013,0.0580199,0.151768
-45.5696,281.013,0.0579933,0.152804
-41.7722,281.013,0.057957,0.153806
-37.9747,281.013,0.0579093,0.154767
-34.1772,281.013,0.0578483,0.155676
-30.3797,281.013,0.0577722,0.156527
-26.5823,281.013,0.0576789,0.157309
-22.7848,281.013,0.0575664,0.158014
-18.9873,281.013,0.0574326,0.158633
-15.1899,281.013,0.0572755,0.159157
-11.3924,281.013,0.0570931,0.159579
-7.59494,281.013,0.0568835,0.159888
-3.79747,281.013,0.0566447,0.160079
0,281.013,0.0563752,0.160144
-300,284.81,0.0503445,0.0940376
-296.203,284.81,0.0506742,0.0949898
-292.405,284.81,0.0509815,0.095929
-288.608,284.81,0.0512679,0.096856
-284.81,284.81,0.0515347,0.0977716
-281.013,284.81,0.0517836,0.0986767
-277.215,284.81,0.0520162,0.0995722
-273.418,284.81,0.0522342,0.100459
-269.62,284.81,0.0524393,0.101339
-265.823,284.81,0.0526334,0.102212
-262.025,284.81,0.0528179,0.103079
-258.228,284.81,0.0529947,0.103943
-254.43,284.81,0.0531652,0.104802
-250.633,284.81,0.053331,0.105659
-246.835,284.81,0.0534935,0.106514
-243.038,284.81,0.0536537,0.107368
-239.241,284.81,0.0538129,0.108221
-235.443,284.81,0.053972,0.109073
-231.646,284.81,0.0541318,0.109925
-227.848,284.81,0.0542928,0.110777
-224.051,284.81,0.0544555,0.111628
-220.253,284.81,0.0546201,0.112479
-216.456,284.81,0.0547868,0.11333
-212.658,284.81,0.0549555,0.114179
-208.861,284.81,0.0551258,0.115027
-205.063,284.81,0.0552976,0.115872
-201.266,284.81,0.0554702,0.116715
-197.468,284.81,0.0556432,0.117555
-193.671,284.81,0.0558157,0.118391
-189.873,284.81,0.0559871,0.119222
-186.076,284.81,0.0561565,0.120049
-182.278,284.81,0.0563232,0.120871
-178.481,284.81,0.0564861,0.121688
-174.684,284.81,0.0566446,0.122499
-170.886,284.81,0.0567978,0.123305
-167.089,284.81,0.056945,0.124105
-163.291,284.81,0.0570854,0.124902
-159.494,284.81,0.0572185,0.125694
-155.696,284.81,0.0573438,0.126483
-151.899,284.81,0.0574609,0.12727
-148.101,284.81,0.0575694,0.128057
-144.304,284.81,0.0576693,0.128845
-140.506,284.81,0.0577604,0.129635
-136.709,284.81,0.0578429,0.13043
-132.911,284.81,0.0579169,0.13123
-129.114,284.81,0.0579827,0.13204
-125.316,284.81,0.0580408,0.132859
-121.519,284.81,0.0580916,0.133691
-117.722,284.81,0.0581356,0.134537
-113.924,284.81,0.0581735,0.135399
-110.127,284.81,0.0582058,0.136279
-106.329,284.81,0.0582333,0.137178
-102.532,284.81,0.0582566,0.138097
-98.7342,284.81,0.0582762,0.139037
-94.9367,284.81,0.0582928,0.139999
-91.1392,284.81,0.0583067,0.140981
-87.3418,284.81,0.0583185,0.141985
-83.5443,284.81,0.0583282,0.143007
-79.7468,284.81,0.0583362,0.144047
-75.9494,284.81,0.0583423,0.145103
-72.1519,284.81,0.0583464,0.14617
-68.3544,284.81,0.0583481,0.147245
-64.557,284.81,0.058347,0.148325
-60.7595,284.81,0.0583422,0.149404
-56.962,284.81,0.0583329,0.150475
-53.1646,284.81,0.0583181,0.151534
-49.3671,284.81,0.0582963,0.152573
-45.5696,284.81,0.0582664,0.153586
-41.7722,284.81,0.0582266,0.154563
-37.9747,284.81,0.0581753,0.155497
-34.1772,284.81,0.0581106,0.15638
-30.3797,284.81,0.0580306,0.157202
-26.5823,284.81,0.0579333,0.157956
-22.7848,284.81,0.0578168,0.158632
-18.9873,284.81,0.0576788,0.159221
-15.1899,284.81,0.0575175,0.159716
-11.3924,284.81,0.0573308,0.160106
-7.59494,284.81,0.0571167,0.160385
-3.79747,284.81,0.0568734,0.160546
0,284.81,0.0565993,0.16058
-300,288.608,0.0506167,0.0950454
-296.203,288.608,0.0509523,0.0960115
-292.405,288.608,0.0512653,0.0969636
-288.608,288.608,0.0515569,0.0979026
-284.81,288.608,0.0518287,0.0988291
-281.013,288.608,0.0520823,0.0997442
-277.215,288.608,0.0523192,0.100649
-273.418,288.608,0.0525411,0.101544
-269.62,288.608,0.0527499,0.10243
-265.823,288.608,0.0529471,0.10331
-262.025,288.608,0.0531346,0.104182
-258.228,288.608,0.0533139,0.10505
-254.43,288.608,0.0534866,0.105913
-250.633,288.608,0.0536543,0.106773
-246.835,288.608,0.0538182,0.10763
-243.038,288.608,0.0539797,0.108485
-239.241,288.608,0.0541398,0.109338
-235.443,288.608,0.0542996,0.11019
-231.646,288.608,0.0544597,0.111042
-227.848,288.608,0.0546209,0.111892
-224.051,288.608,0.0547835,0.112742
-220.253,288.608,0.0549479,0.113591
-216.456,288.608,0.0551141,0.114439
-212.658,288.608,0.0552821,0.115286
-208.861,288.608,0.0554517,0.116131
-205.063,288.608,0.0556226,0.116973
-201.266,288.608,0.0557942,0.117813
-197.468,288.608,0.0559661,0.118649
-193.671,288.608,0.0561375,0.119482
-189.873,288.608,0.0563077,0.12031
-186.076,288.608,0.0564759,0.121134
-182.278,288.608,0.0566413,0.121952
-178.481,288.608,0.0568031,0.122766
-174.684,288.608,0.0569604,0.123574
-170.886,288.608,0.0571124,0.124376
-167.089,288.608,0.0572583,0.125174
-163.291,288.608,0.0573976,0.125967
-159.494,288.608,0.0575296,0.126757
-155.696,288.608,0.0576538,0.127543
-151.899,288.608,0.0577698,0.128328
-148.101,288.608,0.0578773,0.129111
-144.304,288.608,0.0579761,0.129896
-140.506,288.608,0.0580662,0.130683
-136.709,288.608,0.0581477,0.131475
-132.911,288.608,0.0582207,0.132272
-129.114,288.608,0.0582855,0.133078
-125.316,288.608,0.0583425,0.133893
-121.519,288.608,0.0583922,0.13472
-117.722,288.608,0.0584351,0.135561
-113.924,288.608,0.0584718,0.136418
-110.127,288.608,0.058503,0.137291
-106.329,288.608,0.0585291,0.138183
-102.532,288.608,0.058551,0.139094
-98.7342,288.608,0.0585691,0.140025
-94.9367,288.608,0.058584,0.140977
-91.1392,288.608,0.0585961,0.141949
-87.3418,288.608,0.058606,0.14294
-83.5443,288.608,0.0586137,0.143949
-79.7468,288.608,0.0586194,0.144974
-75.9494,288.608,0.0586231,0.146014
-72.1519,288.608,0.0586247,0.147064
-68.3544,288.608,0.0586237,0.148121
-64.557,288.608,0.0586196,0.149181
-60.7595,288.608,0.0586118,0.150238
-56.962,288.608,0.0585993,0.151288
-53.1646,288.608,0.058581,0.152323
-49.3671,288.608,0.0585557,0.153337
-45.5696,288.608,0.058522,0.154323
-41.7722,288.608,0.0584783,0.155273
-37.9747,288.608,0.0584229,0.156179
-34.1772,288.608,0.058354,0.157033
-30.3797,288.608,0.0582697,0.157825
-26.5823,288.608,0.0581679,0.158548
-22.7848,288.608,0.0580467,0.159193
-18.9873,288.608,0.0579041,0.159751
-15.1899,288.608,0.0577379,0.160213
-11.3924,288.608,0.0575463,0.160571
-7.59494,288.608,0.0573272,0.160818
-3.79747,288.608,0.0570788,0.160945
0,288.608,0.0567996,0.160947
-300,292.405,0.0508538,0.09598
-296.203,292.405,0.0511954,0.0969601
-292.405,292.405,0.0515141,0.0979253
-288.608,292.405,0.0518113,0.0988764
-284.81,292.405,0.0520882,0.0998142
-281.013,292.405,0.0523466,0.100739
-277.215,292.405,0.0525881,0.101653
-273.418,292.405,0.0528143,0.102557
-269.62,292.405,0.0530269,0.103451
-265.823,292.405,0.0532277,0.104337
-262.025,292.405,0.0534184,0.105216
-258.228,292.405,0.0536005,0.106088
-254.43,292.405,0.0537758,0.106956
-250.633,292.405,0.0539457,0.107819
-246.835,292.405,0.0541115,0.108679
-243.038,292.405,0.0542746,0.109535
-239.241,292.405,0.054436,0.11039
-235.443,292.405,0.0545968,0.111243
-231.646,292.405,0.0547577,0.112095
-227.848,292.405,0.0549193,0.112945
-224.051,292.405,0.0550822,0.113795
-220.253,292.405,0.0552467,0.114643
-216.456,292.405,0.0554128,0.115489
-212.658,292.405,0.0555805,0.116334
-208.861,292.405,0.0557497,0.117177
-205.063,292.405,0.05592,0.118018
-201.266,292.405,0.056091,0.118856
-197.468,292.405,0.0562621,0.11969
-193.671,292.405,0.0564327,0.12052
-189.873,292.405,0.0566021,0.121346
-186.076,292.405,0.0567694,0.122168
-182.278,292.405,0.056934,0.122984
-178.481,292.405,0.0570948,0.123795
-174.684,292.405,0.0572512,0.124601
-170.886,292.405,0.0574023,0.125402
-167.089,292.405,0.0575474,0.126198
-163.291,292.405,0.0576859,0.12699
-159.494,292.405,0.0578171,0.127777
-155.696,292.405,0.0579405,0.128562
-151.899,292.405,0.0580558,0.129345
-148.101,292.405,0.0581626,0.130127
-144.304,292.405,0.0582607,0.13091
-140.506,292.405,0.0583502,0.131695
-136.709,292.405,0.058431,0.132484
-132.911,292.405,0.0585033,0.133279
-129.114,292.405,0.0585674,0.134081
-125.316,292.405,0.0586237,0.134893
-121.519,292.405,0.0586727,0.135717
-117.722,292.405,0.0587147,0.136553
-113.924,292.405,0.0587505,0.137404
-110.127,292.405,0.0587807,0.138271
-106.329,292.405,0.0588057,0.139156
-102.532,292.405,0.0588263,0.140059
-98.7342,292.405,0.0588431,0.140981
-94.9367,292.405,0.0588565,0.141922
-91.1392,292.405,0.058867,0.142882
-87.3418,292.405,0.058875,0.14386
-83.5443,292.405,0.0588806,0.144855
-79.7468,292.405,0.0588842,0.145865
-75.9494,292.405,0.0588855,0.146888
-72.1519,292.405,0.0588844,0.147919
-68.3544,292.405,0.0588805,0.148957
-64.557,292.405,0.0588734,0.149995
-60.7595,292.405,0.0588623,0.15103
-56.962,292.405,0.0588463,0.152055
-53.1646,292.405,0.0588243,0.153065
-49.3671,292.405,0.0587951,0.154052
-45.5696,292.405,0.0587573,0.15501
-41.7722,292.405,0.0587093,0.155931
-37.9747,292.405,0.0586494,0.156807
-34.1772,292.405,0.0585758,0.157629
-30.3797,292.405,0.0584866,0.15839
-26.5823,292.405,0.0583799,0.15908
-22.7848,292.405,0.0582536,0.159691
-18.9873,292.405,0.0581057,0.160215
-15.1899,292.405,0.0579342,0.160643
-11.3924,292.405,0.0577371,0.160967
-7.59494,292.405,0.0575125,0.161179
-3.79747,292.405,0.0572585,0.161272
0,292.405,0.0569737,0.161241
-300,296.203,0.0510533,0.0968372
-296.203,296.203,0.051401,0.0978311
-292.405,296.203,0.0517255,0.0988093
-288.608,296.203,0.0520283,0.0997726
-284.81,296.203,0.0523106,0.100722
-281.013,296.203,0.052574,0.101657
-277.215,296.203,0.0528202,0.102581
-273.418,296.203,0.0530509,0.103493
-269.62,296.203,0.0532677,0.104395
-265.823,296.203,0.0534723,0.105288
-262.025,296.203,0.0536665,0.106173
-258.228,296.203,0.0538518,0.107052
-254.43,296.203,0.05403,0.107924
-250.633,296.203,0.0542024,0.108791
-246.835,296.203,0.0543705,0.109654
-243.038,296.203,0.0545355,0.110514
-239.241,296.203,0.0546985,0.111371
-235.443,296.203,0.0548607,0.112225
-231.646,296.203,0.0550226,0.113078
-227.848,296.203,0.0551851,0.113929
-224.051,296.203,0.0553486,0.114779
-220.253,296.203,0.0555135,0.115626
-216.456,296.203,0.0556798,0.116473
-212.658,296.203,0.0558476,0.117317
-208.861,296.203,0.0560167,0.118159
-205.063,296.203,0.0561867,0.118999
-201.266,296.203,0.0563574,0.119836
-197.468,296.203,0.0565281,0.120669
-193.671,296.203,0.0566983,0.121498
-189.873,296.203,0.0568671,0.122323
-186.076,296.203,0.0570339,0.123144
-182.278,296.203,0.0571978,0.123959
-178.481,296.203,0.0573581,0.12477
-174.684,296.203,0.0575139,0.125575
-170.886,296.203,0.0576645,0.126375
-167.089,296.203,0.0578091,0.12717
-163.291,296.203,0.0579471,0.127961
-159.494,296.203,0.0580778,0.128748
-155.696,296.203,0.0582008,0.129533
-151.899,296.203,0.0583157,0.130315
-148.101,296.203,0.0584221,0.131096
-144.304,296.203,0.0585199,0.131878
-140.506,296.203,0.058609,0.132662
-136.709,296.203,0.0586895,0.13345
-132.911,296.203,0.0587615,0.134243
-129.114,296.203,0.0588252,0.135043
-125.316,296.203,0.0588811,0.135852
-121.519,296.203,0.0589296,0.136672
-117.722,296.203,0.0589711,0.137504
-113.924,296.203,0.0590063,0.138349
-110.127,296.203,0.0590357,0.139211
-106.329,296.203,0.0590599,0.140088
-102.532,296.203,0.0590795,0.140983
-98.7342,296.203,0.059095,0.141895
-94.9367,296.203,0.0591071,0.142826
-91.1392,296.203,0.059116,0.143774
-87.3418,296.203,0.0591222,0.144738
-83.5443,296.203,0.0591259,0.145718
-79.7468,296.203,0.0591272,0.146712
-75.9494,296.203,0.0591261,0.147716
-72.1519,296.203,0.0591223,0.148728
-68.3544,296.203,0.0591155,0.149744
-64.557,296.203,0.0591051,0.150759
-60.7595,296.203,0.0590905,0.15177
-56.962,296.203,0.0590708,0.152769
-53.1646,296.203,0.0590448,0.153752
-49.3671,296.203,0.0590114,0.15471
-45.5696,296.203,0.0589691,0.155638
-41.7722,296.203,0.0589164,0.156528
-37.9747,296.203,0.0588517,0.157372
-34.1772,296.203,0.058773,0.158161
-30.3797,296.203,0.0586785,0.158887
-26.5823,296.203,0.0585664,0.159543
-22.7848,296.203,0.0584345,0.160119
-18.9873,296.203,0.0582809,0.160607
-15.1899,296.203,0.0581035,0.160999
-11.3924,296.203,0.0579005,0.161287
-7.59494,296.203,0.0576699,0.161463
-3.79747,296.203,0.05741,0.161521
0,296.203,0.0571191,0.161454
-300,300,0.051213,0.0976127
-296.203,300,0.0515668,0.0986201
-292.405,300,0.0518972,0.0996111
-288.608,300,0.0522055,0.100586
-284.81,300,0.0524933,0.101547
-281.013,300,0.0527619,0.102493
-277.215,300,0.0530131,0.103426
-273.418,300,0.0532484,0.104348
-269.62,300,0.0534695,0.105258
-265.823,300,0.0536782,0.106158
-262.025,300,0.0538761,0.10705
-258.228,300,0.054065,0.107934
-254.43,300,0.0542463,0.108812
-250.633,300,0.0544215,0.109683
-246.835,300,0.0545921,0.11055
-243.038,300,0.0547594,0.111413
-239.241,300,0.0549244,0.112273
-235.443,300,0.0550882,0.11313
-231.646,300,0.0552516,0.113985
-227.848,300,0.0554153,0.114837
-224.051,300,0.0555797,0.115688
-220.253,300,0.0557453,0.116536
-216.456,300,0.0559121,0.117383
-212.658,300,0.0560802,0.118228
-208.861,300,0.0562495,0.11907
-205.063,300,0.0564197,0.11991
-201.266,300,0.0565904,0.120747
-197.468,300,0.056761,0.12158
-193.671,300,0.0569309,0.122409
-189.873,300,0.0570995,0.123234
-186.076,300,0.0572661,0.124055
-182.278,300,0.0574297,0.124871
-178.481,300,0.0575897,0.125681
-174.684,300,0.0577453,0.126487
-170.886,300,0.0578956,0.127287
-167.089,300,0.05804,0.128083
-163.291,300,0.0581778,0.128875
-159.494,300,0.0583084,0.129662
-155.696,300,0.0584314,0.130447
-151.899,300,0.0585461,0.131229
-148.101,300,0.0586525,0.132011
-144.304,300,0.0587503,0.132793
-140.506,300,0.0588394,0.133577
-136.709,300,0.0589199,0.134364
-132.911,300,0.0589919,0.135156
-129.114,300,0.0590556,0.135954
-125.316,300,0.0591114,0.13676
-121.519,300,0.0591597,0.137577
-117.722,300,0.0592009,0.138405
-113.924,300,0.0592357,0.139246
-110.127,300,0.0592646,0.140101
-106.329,300,0.0592881,0.140971
-102.532,300,0.0593069,0.141857
-98.7342,300,0.0593215,0.14276
-94.9367,300,0.0593323,0.143679
-91.1392,300,0.0593398,0.144615
-87.3418,300,0.0593443,0.145565
-83.5443,300,0.0593461,0.146529
-79.7468,300,0.0593452,0.147505
-75.9494,300,0.0593415,0.14849
-72.1519,300,0.059335,0.149481
-68.3544,300,0.0593251,0.150475
-64.557,300,0.0593115,0.151466
-60.7595,300,0.0592932,0.152451
-56.962,300,0.0592696,0.153423
-53.1646,300,0.0592394,0.154376
-49.3671,300,0.0592015,0.155305
-45.5696,300,0.0591545,0.156201
-41.7722,300,0.0590968,0.157058
-37.9747,300,0.0590267,0.157867
-34.1772,300,0.0589426,0.158621
-30.3797,300,0.0588425,0.159312
-26.5823,300,0.0587245,0.159931
-22.7848,300,0.0585866,0.16047
-18.9873,300,0.0584269,0.160921
-15.1899,300,0.0582433,0.161275
-11.3924,300,0.058034,0.161525
-7.59494,300,0.057797,0.161664
-3.79747,300,0.0575307,0.161685
0,300,0.0572333,0.161581
